Date,Open,High,Low,Close,Adj Close,Volume
2002-07-01,112.69999694824219,112.69999694824219,108.25,111.44999694824219,82.64422607421875,10577
2002-07-02,112.9000015258789,118.69999694824219,112.5,115.0,85.27667999267578,35075
2002-07-03,112.9000015258789,116.4000015258789,112.9000015258789,115.4000015258789,85.57330322265625,27253
2002-07-04,116.94999694824219,123.8499984741211,115.94999694824219,121.05000305175781,89.76298522949219,66061
2002-07-05,124.8499984741211,124.8499984741211,119.0999984741211,120.4000015258789,89.2809829711914,27051
2002-07-08,124.0,127.0,122.1500015258789,124.75,92.50667572021484,36495
2002-07-09,126.5,143.0,124.25,140.3000030517578,104.03755187988281,212415
2002-07-10,139.8000030517578,140.0,128.10000610351562,130.9499969482422,97.10417938232422,60838
2002-07-11,129.5,139.0,125.30000305175781,133.10000610351562,98.698486328125,58978
2002-07-12,134.89999389648438,142.6999969482422,133.5,139.75,103.62970733642578,94003
2002-07-15,143.89999389648438,144.0,133.60000610351562,134.5,99.73664855957031,66883
2002-07-16,135.0,147.35000610351562,132.5,142.5500030517578,105.70602416992188,222811
2002-07-17,140.64999389648438,143.5,136.5,139.8000030517578,103.66679382324219,85987
2002-07-18,138.89999389648438,142.89999389648438,132.5,134.14999389648438,99.47710418701172,312499
2002-07-19,132.35000610351562,134.60000610351562,130.0,131.0500030517578,100.94056701660156,77955
2002-07-22,127.0999984741211,129.5,122.0,123.0,94.7400894165039,23711
2002-07-23,125.0,126.5,120.25,125.5,96.66571044921875,19705
2002-07-24,123.3499984741211,126.5,120.0999984741211,120.80000305175781,93.04556274414062,17909
2002-07-25,122.0,125.0,118.1500015258789,119.6500015258789,92.15977478027344,12150
2002-07-26,119.0,120.5,117.0,118.19999694824219,91.04293060302734,24523
2002-07-29,119.0,120.0,113.5,116.5,89.73350524902344,32130
2002-07-30,119.5,119.5,113.8499984741211,115.0,88.57813262939453,20854
2002-07-31,112.9000015258789,113.69999694824219,109.0,112.1500015258789,86.38294982910156,12571
2002-08-01,112.5,115.44999694824219,108.19999694824219,109.4000015258789,84.26477813720703,7192
2002-08-02,108.0999984741211,110.0,105.1500015258789,107.5999984741211,82.87832641601562,14033
2002-08-05,111.25,114.0,109.0,112.55000305175781,86.69102478027344,4725
2002-08-06,113.0,116.0,113.0,114.3499984741211,88.07747650146484,8296
2002-08-07,115.0999984741211,117.9000015258789,115.0999984741211,116.30000305175781,89.57946014404297,2420
2002-08-08,119.5999984741211,119.5999984741211,111.0,112.69999694824219,86.80657196044922,5778
2002-08-09,115.9000015258789,115.9000015258789,112.5,114.1500015258789,87.92344665527344,4291
2002-08-12,114.9000015258789,114.9000015258789,113.05000305175781,113.5999984741211,87.49980163574219,1248
2002-08-13,115.0,115.19999694824219,114.0,114.69999694824219,88.3470687866211,4645
2002-08-14,115.0,115.19999694824219,109.4000015258789,113.30000305175781,87.26871490478516,4516
2002-08-15,113.30000305175781,113.30000305175781,113.30000305175781,113.30000305175781,87.26871490478516,0
2002-08-16,113.5,113.55000305175781,112.25,112.6500015258789,86.76806640625,2505
2002-08-19,114.0,114.0,111.0999984741211,112.6500015258789,86.76806640625,2320
2002-08-20,113.30000305175781,114.0,112.30000305175781,112.94999694824219,86.99913024902344,3497
2002-08-21,114.0,114.4000015258789,113.19999694824219,114.0999984741211,87.8849105834961,4252
2002-08-22,114.0,118.4000015258789,113.1500015258789,117.44999694824219,90.46524810791016,8176
2002-08-23,117.5999984741211,123.9000015258789,117.5999984741211,120.75,93.00704193115234,57236
2002-08-26,122.0,122.3499984741211,119.75,121.0999984741211,93.2766342163086,11196
2002-08-27,121.0,121.0,114.5,115.05000305175781,88.6166763305664,6618
2002-08-28,115.0999984741211,115.3499984741211,114.05000305175781,114.69999694824219,88.3470687866211,16164
2002-08-29,116.5,116.5,114.19999694824219,115.0999984741211,88.65516662597656,1536
2002-08-30,115.0,115.9000015258789,114.75,115.5,88.96326446533203,732
2002-09-02,116.75,116.9000015258789,115.1500015258789,115.5999984741211,89.040283203125,1419
2002-09-03,115.0,115.0,113.0999984741211,113.94999694824219,87.7693862915039,5549
2002-09-04,113.25,114.5,112.6500015258789,113.5,87.42279052734375,2948
2002-09-05,114.0,115.5999984741211,113.0,113.55000305175781,87.46128845214844,5336
2002-09-06,113.05000305175781,113.69999694824219,111.80000305175781,112.1500015258789,86.38294982910156,2025
2002-09-09,112.5999984741211,112.80000305175781,110.0999984741211,111.80000305175781,86.11334991455078,2599
2002-09-10,111.80000305175781,111.80000305175781,111.80000305175781,111.80000305175781,86.11334991455078,0
2002-09-11,109.6500015258789,112.4000015258789,109.0,111.5,85.88229370117188,8709
2002-09-12,110.6500015258789,111.94999694824219,110.5,111.05000305175781,85.53567504882812,1890
2002-09-13,111.25,111.5,110.6500015258789,110.9000015258789,85.42013549804688,643
2002-09-16,110.5999984741211,112.25,108.55000305175781,109.19999694824219,84.1107177734375,3007
2002-09-17,110.9000015258789,111.25,108.0,108.9000015258789,83.87964630126953,5153
2002-09-18,108.5,110.55000305175781,107.1500015258789,109.30000305175781,84.18775177001953,1396
2002-09-19,108.5,108.94999694824219,107.0,107.94999694824219,83.14791107177734,1076
2002-09-20,107.0,107.94999694824219,104.5,104.94999694824219,80.83717346191406,12355
2002-09-23,105.0,105.5999984741211,103.4000015258789,104.44999694824219,80.45205688476562,3228
2002-09-24,103.5,103.5999984741211,102.30000305175781,102.69999694824219,79.10411834716797,5618
2002-09-25,102.9000015258789,104.75,101.3499984741211,104.6500015258789,80.60611724853516,8246
2002-09-26,103.0999984741211,103.75,102.55000305175781,102.5999984741211,79.02710723876953,4480
2002-09-27,103.1500015258789,103.94999694824219,102.1500015258789,102.94999694824219,79.29669189453125,2531
2002-09-30,102.0,102.05000305175781,100.0999984741211,101.5999984741211,78.25686645507812,3542
2002-10-01,100.94999694824219,102.0,100.19999694824219,100.30000305175781,77.25555419921875,4702
2002-10-02,100.30000305175781,100.30000305175781,100.30000305175781,100.30000305175781,77.25555419921875,0
2002-10-03,104.3499984741211,104.3499984741211,99.6500015258789,99.80000305175781,76.87044525146484,1814
2002-10-04,101.25,101.25,99.30000305175781,100.4000015258789,77.33257293701172,2159
2002-10-07,102.0,102.0,100.05000305175781,101.25,77.9872817993164,2406
2002-10-08,101.94999694824219,101.94999694824219,101.0,101.0,77.79472351074219,646
2002-10-09,102.0,102.0,99.5999984741211,100.1500015258789,77.1400146484375,1351
2002-10-10,100.80000305175781,101.30000305175781,99.80000305175781,100.05000305175781,77.06298828125,2584
2002-10-11,101.0,101.0,98.5,99.5,76.63935089111328,1799
2002-10-14,100.0999984741211,101.94999694824219,98.5,99.19999694824219,76.40827941894531,2609
2002-10-15,99.19999694824219,99.19999694824219,99.19999694824219,99.19999694824219,76.40827941894531,0
2002-10-16,99.25,99.94999694824219,97.5,97.9000015258789,75.40696716308594,891
2002-10-17,102.0,102.0,98.0999984741211,100.0,77.02448272705078,3523
2002-10-18,100.0,100.0,98.55000305175781,98.8499984741211,76.13868713378906,4025
2002-10-21,111.0,111.0,99.3499984741211,99.44999694824219,76.600830078125,5623
2002-10-22,100.0,100.0,98.55000305175781,98.55000305175781,75.90760803222656,1750
2002-10-23,93.0,99.9000015258789,93.0,97.8499984741211,75.36846923828125,2691
2002-10-24,98.3499984741211,98.80000305175781,96.0,96.5,74.32861328125,1911
2002-10-25,96.0,96.5,95.0,96.05000305175781,73.98200225830078,2128
2002-10-28,95.5,96.19999694824219,94.3499984741211,95.55000305175781,73.59689331054688,1503
2002-10-29,95.0,95.05000305175781,93.0999984741211,94.44999694824219,72.7496109008789,3402
2002-10-30,95.94999694824219,95.94999694824219,92.9000015258789,93.0,71.63275909423828,3092
2002-10-31,100.0,100.0,93.25,94.25,72.5955810546875,1586
2002-11-01,96.0,96.0,94.0,94.0,72.40301513671875,1886
2002-11-04,95.0,97.94999694824219,94.75,97.0,74.71373748779297,1853
2002-11-05,97.5,97.8499984741211,95.19999694824219,96.5,74.32861328125,2537
2002-11-06,96.5,96.5,96.5,96.5,74.32861328125,0
2002-11-07,97.5,99.5,97.30000305175781,98.94999694824219,76.21573638916016,4694
2002-11-08,99.5,100.94999694824219,98.80000305175781,99.80000305175781,76.87044525146484,1728
2002-11-11,100.5,102.0,98.05000305175781,99.6500015258789,76.75489807128906,2427
2002-11-12,98.8499984741211,99.3499984741211,97.30000305175781,98.5,75.8691177368164,715
2002-11-13,97.6500015258789,99.75,96.0999984741211,97.0999984741211,74.79075622558594,835
2002-11-14,96.0,99.0,96.0,98.3499984741211,75.75357818603516,10450
2002-11-15,97.0,100.0,97.0,99.75,76.83191680908203,18790
2002-11-18,101.0,103.0,100.30000305175781,101.44999694824219,78.14131927490234,28089
2002-11-19,101.44999694824219,101.44999694824219,101.44999694824219,101.44999694824219,78.14131927490234,0
2002-11-20,107.0,108.4000015258789,103.05000305175781,103.94999694824219,80.06693267822266,97693
2002-11-21,104.80000305175781,105.75,103.4000015258789,104.0999984741211,80.18247985839844,13032
2002-11-22,105.05000305175781,105.5,103.0,104.25,80.29800415039062,12483
2002-11-25,104.5,104.5,102.4000015258789,102.6500015258789,79.06561279296875,4551
2002-11-26,104.0,104.0,102.0,102.75,79.14265441894531,4748
2002-11-27,101.1500015258789,106.75,101.1500015258789,103.4000015258789,79.64330291748047,16116
2002-11-28,105.0999984741211,106.5,102.6500015258789,103.44999694824219,79.68181610107422,6390
2002-11-29,103.5,104.55000305175781,102.5999984741211,103.94999694824219,80.06693267822266,6607
2002-12-02,103.80000305175781,106.5,103.80000305175781,105.3499984741211,81.14527130126953,9158
2002-12-03,105.1500015258789,109.44999694824219,105.0,105.4000015258789,81.18380737304688,20362
2002-12-04,105.05000305175781,106.0999984741211,104.0,104.9000015258789,80.79867553710938,4496
2002-12-05,105.0,106.19999694824219,103.5,104.30000305175781,80.3365249633789,4018
2002-12-06,104.8499984741211,105.94999694824219,103.55000305175781,103.94999694824219,80.06693267822266,3301
2002-12-09,104.5999984741211,106.0,103.80000305175781,104.25,80.29800415039062,10086
2002-12-10,104.05000305175781,104.25,102.5,102.9000015258789,79.2581787109375,5616
2002-12-11,104.0,104.30000305175781,102.05000305175781,102.25,78.75752258300781,4956
2002-12-12,99.8499984741211,104.44999694824219,99.8499984741211,103.0999984741211,79.41223907470703,31264
2002-12-13,104.6500015258789,107.0,103.69999694824219,106.0999984741211,81.72297668457031,9690
2002-12-16,107.30000305175781,109.80000305175781,106.5,108.5,83.57154083251953,44071
2002-12-17,108.75,115.4000015258789,108.0,113.4000015258789,87.34576416015625,110439
2002-12-18,114.0,119.4000015258789,113.4000015258789,116.5999984741211,89.810546875,84212
2002-12-19,118.0,121.0,114.1500015258789,114.80000305175781,88.42410278320312,18032
2002-12-20,116.0,116.25,113.0,115.30000305175781,88.80923461914062,20905
2002-12-23,116.75,117.0,112.5,113.1500015258789,87.15319061279297,10382
2002-12-24,114.0,117.4000015258789,107.19999694824219,112.30000305175781,86.49848175048828,8759
2002-12-25,112.30000305175781,112.30000305175781,112.30000305175781,112.30000305175781,86.49848175048828,0
2002-12-26,113.05000305175781,114.5,113.0,113.25,87.23023223876953,4899
2002-12-27,114.0,114.5,112.0,112.8499984741211,86.92211151123047,5651
2002-12-30,113.4000015258789,113.4000015258789,109.5999984741211,112.19999694824219,86.42147064208984,9654
2002-12-31,118.4000015258789,118.4000015258789,111.05000305175781,111.4000015258789,85.80525207519531,10608
2003-01-01,112.0,113.69999694824219,111.5999984741211,112.55000305175781,86.69102478027344,2828
2003-01-02,114.5,115.5,112.69999694824219,113.25,87.23023223876953,6931
2003-01-03,115.0,115.0,110.5999984741211,111.80000305175781,86.11334991455078,5543
2003-01-06,111.80000305175781,112.30000305175781,108.5,109.0,83.9566650390625,7550
2003-01-07,109.5,110.80000305175781,107.1500015258789,110.0,84.72692108154297,4225
2003-01-08,111.0,115.4000015258789,110.0,114.94999694824219,88.53961944580078,21305
2003-01-09,115.05000305175781,123.19999694824219,115.0,118.9000015258789,91.58209991455078,103307
2003-01-10,119.5,120.44999694824219,116.0,116.30000305175781,89.57946014404297,21191
2003-01-13,115.5,119.5,115.0,116.55000305175781,89.77202606201172,11178
2003-01-14,116.0,118.4000015258789,116.0,116.8499984741211,90.00309753417969,3375
2003-01-15,118.0,118.4000015258789,117.0,118.0,90.88887786865234,9916
2003-01-16,118.8499984741211,120.0,116.4000015258789,117.4000015258789,90.4267349243164,11462
2003-01-17,117.0,118.0,115.0999984741211,116.0,89.348388671875,7463
2003-01-20,116.9000015258789,117.0,113.25,114.5999984741211,88.2700424194336,6353
2003-01-21,113.9000015258789,114.5,111.5,112.30000305175781,86.49848175048828,5652
2003-01-22,114.0,115.0,112.19999694824219,114.9000015258789,88.50113677978516,5169
2003-01-23,114.0,123.9000015258789,114.0,117.69999694824219,90.65779876708984,32251
2003-01-24,118.94999694824219,120.44999694824219,113.6500015258789,114.05000305175781,87.84642028808594,12484
2003-01-27,119.75,119.75,101.0999984741211,103.55000305175781,79.75882720947266,29867
2003-01-28,101.0,103.30000305175781,101.0,102.5,78.95008850097656,9185
2003-01-29,104.0,106.0,102.0,103.69999694824219,79.8743667602539,4376
2003-01-30,103.5,104.94999694824219,103.0999984741211,104.0999984741211,80.18247985839844,4551
2003-01-31,103.25,104.94999694824219,103.25,104.30000305175781,80.3365249633789,5683
2003-02-03,105.0,107.1500015258789,104.0,107.0,82.41619110107422,9669
2003-02-04,107.30000305175781,108.44999694824219,106.0999984741211,107.94999694824219,83.14791107177734,4557
2003-02-05,110.0,110.0,105.25,105.44999694824219,81.2223129272461,8012
2003-02-06,105.3499984741211,107.44999694824219,105.30000305175781,107.0999984741211,82.49320983886719,5781
2003-02-07,107.0,107.5,106.4000015258789,107.1500015258789,82.53173828125,9897
2003-02-10,104.19999694824219,106.5,104.0,106.30000305175781,81.87702178955078,3587
2003-02-11,105.3499984741211,107.5999984741211,105.3499984741211,107.0,82.41619110107422,2828
2003-02-12,107.0,107.5,106.5,107.0999984741211,82.49320983886719,2682
2003-02-13,107.0999984741211,107.0999984741211,107.0999984741211,107.0999984741211,82.49320983886719,0
2003-02-14,106.0,107.0,105.9000015258789,106.75,82.22361755371094,6622
2003-02-17,107.5,107.5,106.25,107.0,82.41619110107422,9103
2003-02-18,109.9000015258789,109.9000015258789,105.5999984741211,106.44999694824219,81.99256134033203,3363
2003-02-19,107.5,107.5,105.69999694824219,106.0,81.64595031738281,6297
2003-02-20,98.0,107.0,98.0,105.9000015258789,81.56890869140625,5953
2003-02-21,106.0,107.5,105.6500015258789,106.8499984741211,82.30064392089844,7095
2003-02-24,106.5,106.5,105.25,105.80000305175781,81.49187469482422,4361
2003-02-25,104.19999694824219,105.80000305175781,102.69999694824219,103.3499984741211,79.60480499267578,12413
2003-02-26,103.9000015258789,105.0,103.0,103.0,79.33518981933594,1689
2003-02-27,103.0,105.9000015258789,102.19999694824219,104.9000015258789,80.79867553710938,4944
2003-02-28,96.5,105.0,96.5,103.6500015258789,79.83586883544922,3568
2003-03-03,104.0,105.5999984741211,103.0999984741211,103.1500015258789,79.45073699951172,1741
2003-03-04,103.19999694824219,103.75,102.3499984741211,103.0999984741211,79.41223907470703,3155
2003-03-05,101.8499984741211,102.75,100.0,101.19999694824219,77.94876098632812,4914
2003-03-06,101.0,101.69999694824219,100.0,100.19999694824219,77.17852783203125,8094
2003-03-07,100.0,100.25,97.80000305175781,99.8499984741211,76.90892028808594,7072
2003-03-10,99.1500015258789,99.25,97.5999984741211,98.0999984741211,75.56100463867188,2637
2003-03-11,98.5,100.8499984741211,97.5,100.44999694824219,77.37108612060547,6231
2003-03-12,99.0999984741211,101.30000305175781,98.8499984741211,99.9000015258789,76.94744873046875,6548
2003-03-13,98.44999694824219,100.25,98.44999694824219,100.25,77.217041015625,2112
2003-03-14,100.25,100.25,100.25,100.25,77.217041015625,0
2003-03-17,98.0,100.5,98.0,100.0999984741211,77.10150146484375,2989
2003-03-18,100.0999984741211,100.0999984741211,100.0999984741211,100.0999984741211,77.10150146484375,0
2003-03-19,101.19999694824219,101.25,98.0,98.3499984741211,75.75357818603516,4564
2003-03-20,99.5,100.44999694824219,99.44999694824219,100.0,77.02448272705078,5444
2003-03-21,99.1500015258789,100.44999694824219,99.0999984741211,99.9000015258789,76.94744873046875,6194
2003-03-24,97.55000305175781,100.69999694824219,97.55000305175781,99.30000305175781,76.48529815673828,12939
2003-03-25,97.1500015258789,99.0,97.0,97.44999694824219,75.06034088134766,7865
2003-03-26,98.0,98.19999694824219,92.55000305175781,93.9000015258789,72.32597351074219,13825
2003-03-27,94.25,94.6500015258789,92.5999984741211,93.5,72.01789093017578,3921
2003-03-28,94.5,94.5,92.69999694824219,93.30000305175781,71.86383819580078,1535
2003-03-31,91.1500015258789,93.5,90.0,90.80000305175781,69.93821716308594,3814
2003-04-01,91.5,94.0,90.80000305175781,92.75,71.44020080566406,5119
2003-04-02,93.0,94.1500015258789,93.0,93.55000305175781,72.05638885498047,1294
2003-04-03,95.9000015258789,96.0,93.25,93.75,72.21044921875,4270
2003-04-04,94.05000305175781,95.44999694824219,93.0,94.94999694824219,73.13473510742188,5012
2003-04-07,95.0,98.69999694824219,95.0,98.0,75.48397064208984,3202
2003-04-08,97.6500015258789,98.69999694824219,97.0999984741211,97.5,75.09886169433594,3030
2003-04-09,97.25,97.9000015258789,95.25,95.6500015258789,73.67391204833984,2297
2003-04-10,95.1500015258789,95.94999694824219,93.0999984741211,94.05000305175781,72.44153594970703,3793
2003-04-11,94.0,95.0999984741211,92.8499984741211,93.44999694824219,71.97936248779297,3341
2003-04-15,95.0,95.25,93.05000305175781,94.69999694824219,72.94218444824219,2051
2003-04-16,94.55000305175781,94.55000305175781,92.0,92.25,71.05508422851562,3415
2003-04-17,94.8499984741211,95.4000015258789,94.0,94.80000305175781,73.01919555664062,2000
2003-04-18,94.80000305175781,94.80000305175781,94.80000305175781,94.80000305175781,73.01919555664062,0
2003-04-21,95.5999984741211,95.5999984741211,91.6500015258789,92.0,70.8625259399414,4683
2003-04-22,94.75,94.75,91.75,92.1500015258789,70.97806549072266,4340
2003-04-23,93.8499984741211,93.8499984741211,92.0,92.1500015258789,70.97806549072266,3513
2003-04-24,89.0,93.75,89.0,92.0999984741211,70.93954467773438,3667
2003-04-25,93.0,93.0,91.5999984741211,92.0,70.8625259399414,3190
2003-04-28,93.9000015258789,93.9000015258789,91.0,91.69999694824219,70.63143920898438,5173
2003-04-29,92.30000305175781,93.3499984741211,91.80000305175781,92.3499984741211,71.13209533691406,15504
2003-04-30,93.9000015258789,94.4000015258789,92.55000305175781,93.05000305175781,71.67127227783203,11241
2003-05-01,93.05000305175781,93.05000305175781,93.05000305175781,93.05000305175781,71.67127227783203,0
2003-05-02,94.0,94.55000305175781,93.30000305175781,93.8499984741211,72.28746032714844,13545
2003-05-05,94.5,97.0,94.0,96.19999694824219,74.09752655029297,19755
2003-05-06,97.5,98.0,95.0999984741211,95.5999984741211,73.63539123535156,14696
2003-05-07,97.5,97.5,95.5999984741211,95.8499984741211,73.82794952392578,4336
2003-05-08,95.3499984741211,96.0,95.0,95.5,73.55836486816406,7039
2003-05-09,95.05000305175781,96.94999694824219,94.5999984741211,96.3499984741211,74.21308135986328,2640
2003-05-12,96.0,97.44999694824219,95.55000305175781,96.80000305175781,74.55970001220703,3330
2003-05-13,97.5,101.9000015258789,97.5,99.55000305175781,76.6778564453125,21724
2003-05-14,100.94999694824219,102.69999694824219,98.0,98.75,76.06167602539062,32729
2003-05-15,99.69999694824219,101.44999694824219,99.19999694824219,100.5999984741211,77.48660278320312,43256
2003-05-16,102.0999984741211,105.75,102.0999984741211,104.0999984741211,80.18247985839844,41169
2003-05-19,105.55000305175781,109.9000015258789,105.55000305175781,106.5999984741211,82.10808563232422,68040
2003-05-20,105.0,106.80000305175781,104.25,105.05000305175781,80.91419982910156,18329
2003-05-21,105.75,108.94999694824219,105.75,106.8499984741211,82.30064392089844,33000
2003-05-22,108.0,111.4000015258789,106.55000305175781,110.75,85.3045883178711,62606
2003-05-23,112.69999694824219,112.9000015258789,108.0,109.3499984741211,84.22626495361328,21831
2003-05-26,110.0,111.3499984741211,109.0,110.9000015258789,85.42013549804688,24905
2003-05-27,111.05000305175781,112.0,108.44999694824219,108.8499984741211,83.84113311767578,28643
2003-05-28,110.0,110.8499984741211,108.0,108.6500015258789,83.68708801269531,13367
2003-05-29,109.19999694824219,109.19999694824219,106.0,107.19999694824219,82.57024383544922,18343
2003-05-30,106.4000015258789,111.0,104.1500015258789,110.30000305175781,84.95799255371094,45143
2003-06-02,111.9000015258789,112.0,110.0,110.4000015258789,85.03502655029297,35003
2003-06-03,111.0,111.5,108.5,108.75,83.76409149169922,13939
2003-06-04,108.6500015258789,110.94999694824219,108.5999984741211,109.5999984741211,84.41881561279297,21120
2003-06-05,110.5,111.5,109.5999984741211,109.8499984741211,84.61138916015625,21419
2003-06-06,110.75,110.9000015258789,108.25,108.80000305175781,83.80264282226562,25685
2003-06-09,110.0,110.30000305175781,109.0,109.19999694824219,84.1107177734375,11538
2003-06-10,119.0,119.0,111.0,112.19999694824219,86.42147064208984,69732
2003-06-11,114.75,118.4000015258789,113.5,115.8499984741211,89.23284149169922,85325
2003-06-12,117.44999694824219,118.0,101.0999984741211,113.8499984741211,87.69235229492188,37195
2003-06-13,114.0,115.75,111.0,112.0,86.26740264892578,23820
2003-06-16,112.5,113.75,110.0,112.44999694824219,86.61402130126953,14996
2003-06-17,113.0999984741211,115.0,113.0999984741211,113.69999694824219,87.57681274414062,26545
2003-06-18,114.0999984741211,118.0,113.0,116.30000305175781,89.57946014404297,46386
2003-06-19,117.05000305175781,120.9000015258789,114.3499984741211,115.30000305175781,88.80923461914062,70550
2003-06-20,115.9000015258789,116.44999694824219,114.19999694824219,114.5999984741211,88.2700424194336,19764
2003-06-23,115.9000015258789,116.5999984741211,113.80000305175781,114.0,87.80790710449219,27275
2003-06-24,115.0,117.4000015258789,112.0,112.8499984741211,86.92211151123047,24114
2003-06-25,113.1500015258789,116.9000015258789,113.0999984741211,114.44999694824219,88.15451049804688,50412
2003-06-26,118.0,118.0,114.0,114.5,88.19302368164062,19393
2003-06-27,112.0,119.3499984741211,112.0,117.5,90.50376892089844,81143
2003-06-30,118.9000015258789,127.25,118.5,123.0,94.7400894165039,203098
2003-07-01,124.44999694824219,126.0,121.4000015258789,123.0,94.7400894165039,77140
2003-07-02,124.25,127.4000015258789,123.25,125.9000015258789,96.97380828857422,90226
2003-07-03,127.1500015258789,128.39999389648438,124.0,125.0,96.2806167602539,66698
2003-07-04,125.0,125.75,122.6500015258789,123.05000305175781,94.77860260009766,33783
2003-07-07,124.75,125.80000305175781,122.55000305175781,123.3499984741211,95.00967407226562,29930
2003-07-08,125.44999694824219,132.0,125.0,126.3499984741211,97.32042694091797,96833
2003-07-09,126.94999694824219,127.0,121.05000305175781,121.80000305175781,93.81581115722656,41906
2003-07-10,121.0,123.0,120.44999694824219,121.55000305175781,93.62325286865234,28273
2003-07-11,122.0,124.69999694824219,122.0,122.6500015258789,94.47052001953125,20544
2003-07-14,124.0,132.0,122.8499984741211,130.1999969482422,100.28585815429688,112543
2003-07-15,132.4499969482422,132.4499969482422,125.0,125.75,96.85829162597656,64034
2003-07-16,125.5999984741211,134.64999389648438,125.5999984741211,133.75,103.02023315429688,127090
2003-07-17,135.0,137.0,132.5500030517578,134.0500030517578,103.2513198852539,121688
2003-07-18,133.0,134.3000030517578,128.5,129.6999969482422,99.9007339477539,35243
2003-07-21,130.1999969482422,131.9499969482422,126.0,126.9000015258789,97.74405670166016,20841
2003-07-22,126.0,128.4499969482422,123.69999694824219,125.1500015258789,96.3961181640625,22828
2003-07-23,126.5,127.75,124.9000015258789,125.80000305175781,96.89678192138672,27273
2003-07-24,127.75,130.5,126.5999984741211,130.0500030517578,100.17033386230469,84025
2003-07-25,127.5,127.5,124.3499984741211,126.25,101.13157653808594,35545
2003-07-28,127.5,128.25,127.0,127.44999694824219,102.09281921386719,47309
2003-07-29,126.0999984741211,131.8000030517578,126.05000305175781,130.1999969482422,104.29568481445312,102078
2003-07-30,131.0,132.89999389648438,128.0,129.35000610351562,103.61481475830078,48291
2003-07-31,130.39999389648438,131.6999969482422,120.80000305175781,121.80000305175781,97.56693267822266,156453
2003-08-01,122.0,123.25,116.30000305175781,117.3499984741211,94.00228881835938,43511
2003-08-04,117.0,120.0,114.5,119.19999694824219,95.48422241210938,52238
2003-08-05,121.69999694824219,124.4000015258789,119.55000305175781,120.9000015258789,96.84600067138672,46781
2003-08-06,115.5,123.5,115.5,121.3499984741211,97.20647430419922,19566
2003-08-07,123.0,126.25,122.25,125.8499984741211,100.81114959716797,47348
2003-08-08,126.0,128.0,125.0,126.6500015258789,101.4520034790039,59154
2003-08-11,126.69999694824219,127.0,125.0,126.19999694824219,101.0915298461914,22999
2003-08-12,126.5,127.4000015258789,125.0,126.0,100.93130493164062,41364
2003-08-13,126.3499984741211,127.5,125.0,126.75,101.5320816040039,30572
2003-08-14,109.0,127.5,109.0,125.30000305175781,100.37059020996094,29931
2003-08-15,125.30000305175781,125.30000305175781,125.30000305175781,125.30000305175781,100.37059020996094,0
2003-08-18,130.0,136.0,128.10000610351562,133.3000030517578,106.7789306640625,135140
2003-08-19,135.8000030517578,137.0,130.60000610351562,131.85000610351562,105.61741638183594,62252
2003-08-20,130.25,133.89999389648438,126.0,129.25,103.5346908569336,37841
2003-08-21,128.10000610351562,130.5,128.0,128.10000610351562,102.61351776123047,20932
2003-08-22,128.25,131.0,127.0999984741211,129.14999389648438,103.45457458496094,59718
2003-08-25,130.85000610351562,139.5,130.25,132.5500030517578,106.17814636230469,240344
2003-08-26,133.0,140.0,133.0,139.0,111.34486389160156,136784
2003-08-27,140.85000610351562,143.75,137.0,138.85000610351562,111.22472381591797,79348
2003-08-28,139.75,139.75,133.14999389648438,134.4499969482422,107.70011138916016,41516
2003-08-29,134.0,139.39999389648438,134.0,138.89999389648438,111.26476287841797,73231
2003-09-01,141.0,149.0,141.0,148.35000610351562,118.8346176147461,207937
2003-09-02,150.0,150.6999969482422,140.1999969482422,141.6999969482422,113.50767517089844,65329
2003-09-03,144.85000610351562,146.60000610351562,140.1999969482422,141.0500030517578,112.98700714111328,73857
2003-09-04,143.0,144.89999389648438,139.10000610351562,139.8000030517578,111.98570251464844,62032
2003-09-05,141.3000030517578,144.89999389648438,139.25,140.4499969482422,112.50638580322266,39274
2003-09-08,142.0,147.8000030517578,141.60000610351562,145.85000610351562,116.8320083618164,106037
2003-09-09,148.35000610351562,149.0,142.5,143.0,114.54903411865234,87529
2003-09-10,142.0500030517578,144.0,140.10000610351562,141.25,113.14723205566406,39965
2003-09-11,141.25,142.85000610351562,139.5,139.8000030517578,111.98570251464844,38521
2003-09-12,140.0,141.8000030517578,135.10000610351562,136.75,109.54249572753906,25456
2003-09-15,137.0,137.0,134.0,134.5,107.74018096923828,19381
2003-09-16,133.0,137.10000610351562,130.0,134.0500030517578,107.37971496582031,22926
2003-09-17,137.0,137.75,134.5500030517578,135.39999389648438,108.4610824584961,14650
2003-09-18,135.0,137.0,131.25,131.64999389648438,105.45721435546875,20295
2003-09-19,131.0,132.1999969482422,128.1999969482422,129.14999389648438,103.45457458496094,21443
2003-09-22,131.0,133.8000030517578,131.0,131.60000610351562,105.41716003417969,20418
2003-09-23,132.0,132.89999389648438,129.10000610351562,132.39999389648438,106.05797576904297,10467
2003-09-24,136.0,140.0,132.5,134.89999389648438,108.06060028076172,39675
2003-09-25,131.8000030517578,135.5,131.8000030517578,133.3000030517578,106.7789306640625,11420
2003-09-26,134.64999389648438,135.9499969482422,134.0,134.75,107.9404296875,12788
2003-09-29,135.0,142.0,135.0,135.89999389648438,108.86161804199219,42323
2003-09-30,132.0500030517578,137.0,132.0,135.5,108.54122924804688,32398
2003-10-01,136.0,136.0,134.14999389648438,134.85000610351562,108.02052307128906,11362
2003-10-02,134.85000610351562,134.85000610351562,134.85000610351562,134.85000610351562,108.02052307128906,0
2003-10-03,137.0,139.6999969482422,135.0500030517578,137.14999389648438,109.86294555664062,42052
2003-10-06,142.25,142.89999389648438,137.64999389648438,137.8000030517578,110.38360595703125,71496
2003-10-07,137.5,138.4499969482422,134.5,134.89999389648438,108.06060028076172,70265
2003-10-08,136.0,137.5,134.25,135.0,108.14069366455078,38068
2003-10-09,136.0,136.89999389648438,134.5,135.85000610351562,108.82157897949219,37309
2003-10-10,137.60000610351562,137.60000610351562,134.25,134.5,107.74018096923828,48265
2003-10-13,124.0999984741211,139.0,121.1500015258789,134.85000610351562,108.02052307128906,56120
2003-10-14,136.89999389648438,143.3000030517578,132.60000610351562,140.10000610351562,112.22602844238281,197556
2003-10-15,142.85000610351562,147.64999389648438,140.14999389648438,143.64999389648438,115.0696792602539,268107
2003-10-16,145.39999389648438,158.85000610351562,144.89999389648438,156.8000030517578,125.60343170166016,434088
2003-10-17,156.39999389648438,162.0,156.0,158.0500030517578,126.60474395751953,219958
2003-10-20,160.0,160.0,154.10000610351562,155.89999389648438,124.88250732421875,136086
2003-10-21,158.0,161.0,152.64999389648438,155.10000610351562,124.24164581298828,154613
2003-10-22,156.8000030517578,156.89999389648438,148.14999389648438,149.3000030517578,119.59559631347656,54534
2003-10-23,149.39999389648438,152.0,147.5,149.35000610351562,119.63566589355469,62350
2003-10-24,151.89999389648438,151.89999389648438,144.64999389648438,147.64999389648438,118.27384948730469,33414
2003-10-27,150.0,151.5,143.8000030517578,144.89999389648438,116.07099914550781,25671
2003-10-28,143.25,147.5,143.0,145.14999389648438,116.2712631225586,14042
2003-10-29,146.85000610351562,152.4499969482422,145.0,150.89999389648438,120.87725067138672,37892
2003-10-30,151.0,152.9499969482422,148.1999969482422,149.1999969482422,119.51548767089844,18935
2003-10-31,151.25,155.85000610351562,147.39999389648438,149.64999389648438,119.8759765625,99800
2003-11-03,150.0,154.39999389648438,148.75,150.60000610351562,120.63695526123047,64728
2003-11-04,151.60000610351562,152.75,148.14999389648438,149.0,119.35528564453125,44606
2003-11-05,148.9499969482422,148.9499969482422,146.3000030517578,147.35000610351562,118.0335693359375,36094
2003-11-06,149.9499969482422,153.5,149.0,151.89999389648438,121.67831420898438,65937
2003-11-07,152.0,156.0,152.0,155.25,124.3617935180664,75929
2003-11-10,155.25,168.0,155.0,163.35000610351562,130.85025024414062,73409
2003-11-11,165.0,168.6999969482422,157.0,158.8000030517578,127.20549011230469,89877
2003-11-12,160.5,162.35000610351562,156.0,157.64999389648438,126.28424835205078,42963
2003-11-13,161.89999389648438,161.89999389648438,153.0,154.25,123.56076049804688,33207
2003-11-14,154.0,156.8000030517578,150.5500030517578,151.4499969482422,121.31784057617188,29520
2003-11-17,152.60000610351562,155.0,150.0,150.75,120.75711822509766,31990
2003-11-18,151.75,155.0,151.75,153.25,122.75972747802734,27156
2003-11-19,156.89999389648438,156.89999389648438,148.0,149.14999389648438,119.4754638671875,51186
2003-11-20,150.0,151.39999389648438,143.0500030517578,144.14999389648438,115.47023010253906,31646
2003-11-21,145.5,148.5,144.5,147.75,118.35395812988281,23352
2003-11-24,148.0,149.89999389648438,147.0,147.5,118.15372467041016,16435
2003-11-25,149.0,149.8000030517578,146.85000610351562,147.89999389648438,118.4741439819336,17802
2003-11-26,147.89999389648438,147.89999389648438,147.89999389648438,147.89999389648438,118.4741439819336,0
2003-11-27,146.10000610351562,150.1999969482422,146.0,149.3000030517578,119.59559631347656,20584
2003-11-28,150.1999969482422,153.0,149.3000030517578,149.9499969482422,120.11624908447266,36540
2003-12-01,153.39999389648438,153.8000030517578,150.39999389648438,152.75,122.35919189453125,125267
2003-12-02,155.85000610351562,155.89999389648438,152.5,153.60000610351562,123.04009246826172,36727
2003-12-03,154.0,164.8000030517578,153.1999969482422,163.25,130.77011108398438,141746
2003-12-04,164.5,168.8000030517578,162.10000610351562,165.89999389648438,132.8928985595703,138683
2003-12-05,165.1999969482422,168.0,160.0,160.5500030517578,128.60731506347656,72633
2003-12-08,160.0,161.9499969482422,153.5,160.6999969482422,128.72747802734375,31196
2003-12-09,161.89999389648438,165.8000030517578,161.89999389648438,164.5,131.77142333984375,54774
2003-12-10,165.0,165.6999969482422,160.1999969482422,161.60000610351562,129.4484405517578,43174
2003-12-11,162.0500030517578,162.6999969482422,159.0,159.64999389648438,127.88639068603516,38100
2003-12-12,162.0,163.39999389648438,160.0,162.39999389648438,130.08924865722656,32269
2003-12-15,163.75,174.3000030517578,162.10000610351562,170.85000610351562,136.8580780029297,136884
2003-12-16,173.0,182.0,171.0,176.9499969482422,141.74436950683594,258699
2003-12-17,178.5,180.0,176.0,177.1999969482422,141.94467163085938,76521
2003-12-18,179.5,185.9499969482422,177.5,184.5500030517578,147.83233642578125,152418
2003-12-19,186.6999969482422,188.8000030517578,181.60000610351562,182.8000030517578,146.43048095703125,101312
2003-12-22,184.89999389648438,190.9499969482422,183.0,186.85000610351562,149.6747589111328,105376
2003-12-23,188.85000610351562,188.85000610351562,180.10000610351562,181.5,145.38916015625,41049
2003-12-24,186.6999969482422,186.6999969482422,180.5500030517578,182.3000030517578,146.03001403808594,23317
2003-12-25,182.3000030517578,182.3000030517578,182.3000030517578,182.3000030517578,146.03001403808594,0
2003-12-26,183.0,185.0,181.5,182.89999389648438,146.5106201171875,23715
2003-12-29,190.0,190.0,182.75,184.3000030517578,147.63209533691406,54072
2003-12-30,187.0,188.0,178.10000610351562,179.75,143.98736572265625,36934
2003-12-31,181.75,186.8000030517578,176.0,177.75,142.38522338867188,52417
2004-01-01,180.8000030517578,182.5,178.0,178.9499969482422,143.34649658203125,23432
2004-01-02,180.9499969482422,181.75,178.0,179.14999389648438,143.5067138671875,36235
2004-01-05,180.0,182.0,176.0,176.3000030517578,141.22373962402344,40072
2004-01-06,179.4499969482422,179.4499969482422,170.10000610351562,172.0,137.7792510986328,33806
2004-01-07,173.10000610351562,173.10000610351562,165.8000030517578,168.0500030517578,134.61517333984375,34124
2004-01-08,169.10000610351562,174.64999389648438,169.0,173.5500030517578,139.02085876464844,28841
2004-01-09,172.64999389648438,176.5,168.0,170.0500030517578,136.21722412109375,28739
2004-01-12,168.0,178.0500030517578,168.0,174.9499969482422,140.142333984375,65831
2004-01-13,172.6999969482422,176.0,168.0,169.5500030517578,135.8167266845703,23801
2004-01-14,164.10000610351562,173.8000030517578,164.10000610351562,171.64999389648438,137.49887084960938,16657
2004-01-15,174.60000610351562,174.60000610351562,168.6999969482422,169.6999969482422,135.93687438964844,21395
2004-01-16,169.0500030517578,171.0,167.0,169.35000610351562,135.656494140625,37592
2004-01-19,170.0,170.0,163.10000610351562,163.9499969482422,131.33084106445312,32073
2004-01-20,166.0,167.0,161.3000030517578,162.9499969482422,130.52980041503906,13006
2004-01-21,158.3000030517578,160.0,145.0,149.1999969482422,119.51548767089844,35072
2004-01-22,154.9499969482422,154.9499969482422,140.10000610351562,141.0500030517578,112.98700714111328,35974
2004-01-23,143.0,154.0,141.85000610351562,152.8000030517578,122.39924621582031,50107
2004-01-26,152.8000030517578,152.8000030517578,152.8000030517578,152.8000030517578,122.39924621582031,0
2004-01-27,160.0,161.0,156.0,158.5500030517578,127.00521087646484,40329
2004-01-28,159.39999389648438,160.0,153.1999969482422,154.60000610351562,123.84111785888672,19291
2004-01-29,154.0,156.9499969482422,150.3000030517578,151.8000030517578,121.59819030761719,12408
2004-01-30,153.89999389648438,153.9499969482422,148.0,148.35000610351562,118.8346176147461,9748
2004-02-02,148.35000610351562,148.35000610351562,148.35000610351562,148.35000610351562,118.8346176147461,0
2004-02-03,139.0,148.0,139.0,141.0500030517578,112.98700714111328,18588
2004-02-04,138.14999389648438,145.0,138.0,141.60000610351562,113.42755889892578,16507
2004-02-05,143.5500030517578,145.0,140.60000610351562,141.10000610351562,113.02703857421875,22122
2004-02-06,140.64999389648438,143.0,140.0,141.3000030517578,113.1872787475586,7048
2004-02-09,145.0,145.0,140.5,142.10000610351562,113.82810974121094,17323
2004-02-10,143.0,144.85000610351562,141.5,142.64999389648438,114.2686767578125,13233
2004-02-11,143.0,145.89999389648438,142.25,143.0,114.54903411865234,17160
2004-02-12,142.5,144.5,141.75,142.1999969482422,113.90819549560547,8366
2004-02-13,143.14999389648438,146.85000610351562,141.5,145.85000610351562,116.8320083618164,24786
2004-02-16,146.0,149.0,144.60000610351562,145.14999389648438,116.2712631225586,25246
2004-02-17,146.5,147.5,144.25,144.8000030517578,115.99089813232422,17607
2004-02-18,145.5,146.39999389648438,145.0,145.60000610351562,116.63174438476562,10732
2004-02-19,145.8000030517578,145.85000610351562,138.3000030517578,139.3000030517578,111.58514404296875,32270
2004-02-20,137.4499969482422,142.5,137.25,140.89999389648438,112.86686706542969,25025
2004-02-23,140.25,142.0,136.0,136.60000610351562,109.4223861694336,17897
2004-02-24,136.0,137.89999389648438,133.0,135.25,108.3409652709961,14094
2004-02-25,135.0,135.9499969482422,132.0,132.3000030517578,105.97789001464844,10396
2004-02-26,136.0,139.89999389648438,130.14999389648438,131.14999389648438,105.05667877197266,11069
2004-02-27,135.5,135.9499969482422,127.30000305175781,128.60000610351562,103.01402282714844,22403
2004-03-01,131.89999389648438,132.89999389648438,130.0500030517578,131.75,105.53731536865234,15941
2004-03-02,131.75,131.75,131.75,131.75,105.53731536865234,0
2004-03-03,134.5,134.5,130.0,130.5,104.5360107421875,12201
2004-03-04,130.60000610351562,133.8000030517578,129.10000610351562,129.75,103.93521118164062,11978
2004-03-05,130.5,130.89999389648438,127.5,129.0500030517578,103.37449645996094,17177
2004-03-08,129.0,131.5,128.25,129.25,103.5346908569336,19820
2004-03-09,130.1999969482422,130.25,127.0,127.55000305175781,102.17293548583984,12962
2004-03-10,125.5999984741211,129.0,125.5999984741211,127.1500015258789,101.8525161743164,13515
2004-03-11,127.0,128.6999969482422,125.0,125.44999694824219,100.4907455444336,10427
2004-03-12,125.5999984741211,127.0,123.5,125.8499984741211,100.81114959716797,11494
2004-03-15,125.5999984741211,129.0,125.5999984741211,126.19999694824219,101.0915298461914,18105
2004-03-16,127.75,128.0,123.0,123.6500015258789,99.04885864257812,19188
2004-03-17,123.30000305175781,123.5,121.0,121.5999984741211,97.40673065185547,8333
2004-03-18,122.3499984741211,124.0,118.0,118.4000015258789,94.8434066772461,12150
2004-03-19,118.25,121.0,115.69999694824219,119.9000015258789,96.04496765136719,53922
2004-03-22,121.0,121.0,112.0999984741211,112.5999984741211,90.19735717773438,79275
2004-03-23,113.80000305175781,114.0,108.55000305175781,111.25,89.1159439086914,38604
2004-03-24,110.19999694824219,111.0,108.5999984741211,109.6500015258789,87.83426666259766,35823
2004-03-25,111.69999694824219,112.0,109.0,109.4000015258789,87.63401794433594,39350
2004-03-26,111.0,114.0,109.25,110.69999694824219,88.67536163330078,44811
2004-03-29,111.5,116.9000015258789,111.5,114.9000015258789,92.03976440429688,44797
2004-03-30,117.0,122.4000015258789,116.5,118.75,95.1237564086914,32503
2004-03-31,119.69999694824219,122.0,119.0,120.3499984741211,96.40542602539062,25971
2004-04-01,122.0,125.0,119.30000305175781,120.0999984741211,96.20516204833984,36980
2004-04-02,123.69999694824219,124.44999694824219,120.0,123.19999694824219,98.68840026855469,28717
2004-04-05,125.0,129.0,124.30000305175781,127.1500015258789,101.8525161743164,29922
2004-04-06,127.75,127.9000015258789,124.5,126.5999984741211,101.41194915771484,24213
2004-04-07,127.5,129.0,125.0999984741211,128.1999969482422,102.69359588623047,16146
2004-04-08,129.8000030517578,131.0,127.05000305175781,128.5,102.9339370727539,16045
2004-04-09,128.5,128.5,128.5,128.5,102.9339370727539,0
2004-04-12,130.85000610351562,134.64999389648438,130.5500030517578,131.75,105.53731536865234,20658
2004-04-13,131.89999389648438,135.8000030517578,128.3000030517578,134.9499969482422,108.10064697265625,38822
2004-04-14,134.9499969482422,134.9499969482422,134.9499969482422,134.9499969482422,108.10064697265625,0
2004-04-15,135.5,137.0,133.0500030517578,134.6999969482422,107.90038299560547,16754
2004-04-16,134.5,136.89999389648438,133.0,133.6999969482422,107.0993423461914,42194
2004-04-19,131.39999389648438,134.25,128.0,130.3000030517578,104.37579345703125,31780
2004-04-20,126.25,130.0,126.1500015258789,127.55000305175781,102.17293548583984,22459
2004-04-21,126.5999984741211,133.75,126.5999984741211,133.3000030517578,106.7789306640625,34836
2004-04-22,133.0500030517578,135.5,133.0500030517578,135.0500030517578,108.1807632446289,20429
2004-04-23,135.0,136.9499969482422,134.6999969482422,134.85000610351562,108.02052307128906,15928
2004-04-27,130.10000610351562,132.0,129.0,130.89999389648438,104.85639953613281,13692
2004-04-28,127.0999984741211,133.5,127.0999984741211,132.64999389648438,106.25823974609375,6924
2004-04-29,132.75,135.85000610351562,131.5,135.5500030517578,108.58126068115234,25056
2004-04-30,136.60000610351562,136.60000610351562,132.5,135.0,108.14069366455078,13135
2004-05-03,134.75,134.75,129.0,129.9499969482422,104.09542083740234,11634
2004-05-04,131.0,133.0,130.5,130.89999389648438,104.85639953613281,7862
2004-05-05,131.75,134.0,131.6999969482422,133.6999969482422,107.0993423461914,5838
2004-05-06,135.0,135.75,133.5,133.85000610351562,107.21949768066406,8279
2004-05-07,133.10000610351562,133.60000610351562,131.1999969482422,132.64999389648438,106.25823974609375,5971
2004-05-10,131.25,132.64999389648438,129.0,129.60000610351562,103.81507873535156,8658
2004-05-11,128.0,130.0,126.0,126.3499984741211,101.21168518066406,9244
2004-05-12,127.0,128.85000610351562,125.3499984741211,126.1500015258789,101.05146789550781,8273
2004-05-13,125.0999984741211,129.0,124.0,125.9000015258789,100.85121154785156,13802
2004-05-14,125.5999984741211,128.0,118.69999694824219,121.19999694824219,97.08631896972656,12974
2004-05-17,110.5,115.0,97.0,105.3499984741211,84.38978576660156,16935
2004-05-18,110.05000305175781,120.0,110.0,116.05000305175781,92.96094512939453,12432
2004-05-19,120.0,124.0,119.19999694824219,122.94999694824219,98.48812866210938,14742
2004-05-20,121.25,122.5,120.5,121.05000305175781,96.96614837646484,7675
2004-05-21,119.0,120.44999694824219,117.05000305175781,119.4000015258789,95.64444732666016,4541
2004-05-24,120.0,125.0,120.0,123.75,99.12896728515625,5381
2004-05-25,123.0,129.39999389648438,123.0,127.80000305175781,102.37318420410156,17470
2004-05-26,127.94999694824219,129.60000610351562,125.80000305175781,126.1500015258789,101.05146789550781,8997
2004-05-27,126.5,126.5,125.0,125.25,100.33053588867188,5354
2004-05-28,125.0,125.0,116.25,117.55000305175781,94.16251373291016,8788
2004-05-31,115.0,116.6500015258789,111.0,112.94999694824219,90.47770690917969,19522
2004-06-01,117.25,117.5,115.0,116.0,92.92089080810547,3475
2004-06-02,117.5,117.5,114.0,115.25,92.32011413574219,6860
2004-06-03,115.5,116.25,113.05000305175781,113.94999694824219,91.27876281738281,14730
2004-06-04,111.0999984741211,115.9000015258789,111.0999984741211,114.30000305175781,91.55912780761719,3372
2004-06-07,115.0999984741211,116.0,114.0,114.80000305175781,91.95964050292969,11128
2004-06-08,114.05000305175781,114.94999694824219,113.55000305175781,114.44999694824219,91.67927551269531,9616
2004-06-09,114.05000305175781,117.0,113.19999694824219,114.5999984741211,91.79943084716797,8409
2004-06-10,117.0,117.0,114.5,114.75,91.9195785522461,24780
2004-06-11,115.5,116.5,113.8499984741211,114.19999694824219,91.47899627685547,8319
2004-06-14,113.0,113.5999984741211,112.05000305175781,113.0999984741211,90.59785461425781,5361
2004-06-15,113.30000305175781,114.69999694824219,112.5,113.9000015258789,91.23869323730469,3899
2004-06-16,114.0,114.9000015258789,111.0,112.9000015258789,90.43766784667969,13904
2004-06-17,111.55000305175781,114.94999694824219,111.55000305175781,113.75,91.11854553222656,3015
2004-06-18,113.1500015258789,115.25,113.0999984741211,114.05000305175781,91.3588638305664,5112
2004-06-21,114.5999984741211,117.0,114.5,115.5,92.52037048339844,16557
2004-06-22,116.0,119.80000305175781,115.0,116.5999984741211,93.40152740478516,43214
2004-06-23,117.1500015258789,117.9000015258789,114.30000305175781,114.69999694824219,91.87953186035156,16228
2004-06-24,111.0,115.69999694824219,111.0,115.0,92.11984252929688,5525
2004-06-25,115.44999694824219,116.0,114.8499984741211,115.55000305175781,92.56044006347656,6631
2004-06-28,116.1500015258789,119.80000305175781,116.1500015258789,118.0999984741211,94.60307312011719,5409
2004-06-29,118.0999984741211,119.44999694824219,117.0,117.94999694824219,94.4829330444336,7848
2004-06-30,119.5,119.5,116.5,118.30000305175781,94.76327514648438,5738
2004-07-01,119.0999984741211,126.0,119.0999984741211,123.30000305175781,98.76849365234375,38051
2004-07-02,123.9000015258789,124.44999694824219,122.0999984741211,122.4000015258789,98.04757690429688,10508
2004-07-05,123.80000305175781,123.80000305175781,122.05000305175781,122.6500015258789,98.24781799316406,7218
2004-07-06,123.80000305175781,126.9000015258789,122.25,126.19999694824219,101.0915298461914,25025
2004-07-07,127.4000015258789,129.35000610351562,123.55000305175781,124.4000015258789,99.64964294433594,29019
2004-07-08,125.94999694824219,126.5,120.0,121.55000305175781,97.3666763305664,26614
2004-07-09,126.0,126.0,121.0,123.19999694824219,98.68840026855469,8472
2004-07-12,124.9000015258789,126.05000305175781,122.1500015258789,124.30000305175781,99.5695571899414,7665
2004-07-13,125.9000015258789,127.5,123.69999694824219,125.6500015258789,100.65094757080078,13516
2004-07-14,124.0,125.0,121.19999694824219,122.19999694824219,97.8873519897461,20383
2004-07-15,124.0,126.0,123.19999694824219,125.44999694824219,100.4907455444336,8765
2004-07-16,125.94999694824219,131.0,125.5,129.9499969482422,104.09542083740234,33131
2004-07-19,132.0,134.5,130.10000610351562,130.9499969482422,104.89646911621094,31913
2004-07-20,131.85000610351562,131.85000610351562,129.39999389648438,129.9499969482422,104.09542083740234,30710
2004-07-21,129.0,132.5,129.0,129.85000610351562,104.01535034179688,32840
2004-07-22,131.9499969482422,133.89999389648438,131.10000610351562,133.10000610351562,106.61869812011719,59068
2004-07-23,129.8000030517578,129.8000030517578,125.1500015258789,125.6500015258789,105.40237426757812,31617
2004-07-26,126.94999694824219,128.0,121.25,124.4000015258789,104.35379791259766,10508
2004-07-27,125.5,125.75,119.0,119.3499984741211,100.1175765991211,13415
2004-07-28,119.94999694824219,120.0,115.55000305175781,116.6500015258789,97.8526611328125,13263
2004-07-29,118.9000015258789,120.0,116.1500015258789,119.5,100.24339294433594,9824
2004-07-30,125.80000305175781,126.94999694824219,118.30000305175781,118.9000015258789,99.74009704589844,10160
2004-08-02,123.9000015258789,124.69999694824219,121.5,122.5999984741211,102.84385681152344,20805
2004-08-03,123.0,124.5,121.0,122.5,102.75997161865234,11418
2004-08-04,122.69999694824219,123.69999694824219,122.0,123.0,103.17939758300781,5551
2004-08-05,124.0,125.0,122.25,123.9000015258789,103.93436431884766,16920
2004-08-06,124.4000015258789,124.69999694824219,122.55000305175781,122.75,102.96966552734375,9616
2004-08-09,123.0,123.8499984741211,120.0999984741211,120.55000305175781,101.12420654296875,10675
2004-08-10,121.80000305175781,123.30000305175781,120.5999984741211,120.8499984741211,101.37584686279297,8923
2004-08-11,120.5999984741211,122.0,118.5999984741211,119.3499984741211,100.1175765991211,9908
2004-08-12,118.5999984741211,119.9000015258789,118.0,118.8499984741211,99.69815063476562,10203
2004-08-13,116.0999984741211,119.9000015258789,116.0999984741211,119.1500015258789,99.94979858398438,23729
2004-08-16,119.0,126.0,118.94999694824219,124.4000015258789,104.35379791259766,29244
2004-08-17,126.5,127.69999694824219,125.0,126.80000305175781,106.36705780029297,50076
2004-08-18,125.19999694824219,129.0,125.1500015258789,126.9000015258789,106.45093536376953,24578
2004-08-19,127.0999984741211,128.75,126.05000305175781,126.94999694824219,106.49288940429688,13271
2004-08-20,126.5999984741211,126.5999984741211,124.05000305175781,124.5,104.43769073486328,7400
2004-08-23,125.0,125.69999694824219,122.6500015258789,124.05000305175781,104.06019592285156,6936
2004-08-24,124.8499984741211,128.0,124.8499984741211,127.5999984741211,107.03815460205078,16343
2004-08-25,127.05000305175781,128.6999969482422,126.5,127.4000015258789,106.87036895751953,15202
2004-08-26,127.69999694824219,132.0,127.05000305175781,131.35000610351562,110.18387603759766,49280
2004-08-27,129.89999389648438,142.39999389648438,129.89999389648438,141.0500030517578,118.32077026367188,156542
2004-08-30,143.39999389648438,147.4499969482422,142.0,143.4499969482422,120.3340072631836,123660
2004-08-31,143.0,145.0,141.5500030517578,143.39999389648438,120.29206085205078,55930
2004-09-01,144.64999389648438,147.0,142.3000030517578,142.75,119.74681091308594,51237
2004-09-02,141.0500030517578,143.39999389648438,137.14999389648438,138.1999969482422,115.93000030517578,31200
2004-09-03,139.5,140.0,137.0,138.6999969482422,116.34944152832031,18643
2004-09-06,140.0,148.9499969482422,139.0,147.0500030517578,123.35391998291016,118091
2004-09-07,149.89999389648438,152.89999389648438,144.0500030517578,145.85000610351562,122.34728240966797,196950
2004-09-08,147.0,147.0,143.10000610351562,144.25,121.0051040649414,34178
2004-09-09,146.1999969482422,147.4499969482422,140.60000610351562,142.0500030517578,119.15962219238281,27750
2004-09-10,142.0,144.5,140.3000030517578,142.5500030517578,119.57907104492188,29627
2004-09-13,142.6999969482422,148.35000610351562,142.6999969482422,146.8000030517578,123.14417266845703,23498
2004-09-14,148.0,149.0,142.25,143.39999389648438,120.29206085205078,29636
2004-09-15,142.0500030517578,144.5,134.0,141.14999389648438,118.40460968017578,16034
2004-09-16,143.35000610351562,144.39999389648438,140.10000610351562,141.3000030517578,118.53050231933594,13444
2004-09-17,143.4499969482422,144.5,141.0,141.39999389648438,118.61437225341797,16591
2004-09-20,142.0,142.9499969482422,139.5,140.1999969482422,117.60771179199219,8619
2004-09-21,141.0,142.5500030517578,140.0500030517578,140.85000610351562,118.15299224853516,9668
2004-09-22,141.10000610351562,142.3000030517578,138.5,140.39999389648438,117.77548217773438,10199
2004-09-23,144.89999389648438,144.89999389648438,140.0500030517578,140.60000610351562,117.94326782226562,12132
2004-09-24,140.10000610351562,142.0,138.39999389648438,139.5,117.02056121826172,24475
2004-09-27,140.39999389648438,141.5,137.0,137.5500030517578,115.38477325439453,21173
2004-09-28,137.1999969482422,139.9499969482422,136.10000610351562,138.14999389648438,115.88807678222656,23976
2004-09-29,137.1999969482422,144.1999969482422,136.1999969482422,141.60000610351562,118.7821273803711,52069
2004-09-30,142.0,144.0,140.3000030517578,141.3000030517578,118.53050231933594,29348
2004-10-01,141.14999389648438,143.0,140.39999389648438,140.9499969482422,118.23685455322266,26055
2004-10-04,141.25,144.0,140.5,140.6999969482422,118.02716827392578,25004
2004-10-05,141.25,143.75,139.0500030517578,139.4499969482422,116.97860717773438,34372
2004-10-06,140.1999969482422,142.0,139.10000610351562,139.5,117.02056121826172,26752
2004-10-07,141.0,141.39999389648438,138.5,139.0500030517578,116.6430435180664,15681
2004-10-08,140.89999389648438,142.0,138.5,139.10000610351562,116.68498992919922,47231
2004-10-11,142.5,149.75,142.25,144.4499969482422,121.1728744506836,138120
2004-10-12,146.8000030517578,146.8000030517578,143.60000610351562,144.5500030517578,121.25678253173828,63082
2004-10-14,144.14999389648438,145.9499969482422,141.10000610351562,143.85000610351562,120.66957092285156,24868
2004-10-15,144.25,147.75,143.3000030517578,144.14999389648438,120.92122650146484,68993
2004-10-18,148.89999389648438,151.0,145.10000610351562,145.85000610351562,122.34728240966797,94209
2004-10-19,147.3000030517578,149.0,146.10000610351562,146.85000610351562,123.18612670898438,39110
2004-10-20,147.5,147.5,144.60000610351562,144.64999389648438,121.34062957763672,19820
2004-10-21,144.10000610351562,145.89999389648438,143.60000610351562,145.35000610351562,121.92784881591797,20529
2004-10-22,145.35000610351562,145.35000610351562,145.35000610351562,145.35000610351562,121.92784881591797,0
2004-10-25,147.6999969482422,148.39999389648438,144.5500030517578,144.6999969482422,121.3825912475586,61053
2004-10-26,145.5,146.39999389648438,144.60000610351562,144.6999969482422,121.3825912475586,12925
2004-10-27,145.0,152.39999389648438,145.0,150.25,126.03823852539062,106025
2004-10-28,151.60000610351562,156.0,148.1999969482422,153.4499969482422,128.7225799560547,135979
2004-10-29,154.0,155.6999969482422,150.60000610351562,151.6999969482422,127.25458526611328,33430
2004-11-01,151.9499969482422,154.60000610351562,149.14999389648438,152.3000030517578,127.7579116821289,22145
2004-11-02,154.8000030517578,157.0,152.5,155.14999389648438,130.148681640625,57439
2004-11-03,155.0,164.8000030517578,154.0,161.10000610351562,135.13987731933594,107274
2004-11-04,163.0,169.35000610351562,162.0500030517578,166.35000610351562,139.5438232421875,210474
2004-11-05,166.6999969482422,167.5,163.10000610351562,164.5,137.991943359375,96169
2004-11-08,165.5,168.0,163.10000610351562,163.9499969482422,137.5305633544922,48573
2004-11-09,163.0,164.5,160.4499969482422,160.89999389648438,134.97207641601562,27757
2004-11-10,161.85000610351562,170.5,161.85000610351562,168.35000610351562,141.22157287597656,133266
2004-11-11,169.89999389648438,174.25,167.5,170.8000030517578,143.27674865722656,159148
2004-11-12,172.5,175.89999389648438,172.5,174.25,146.1708221435547,52750
2004-11-15,174.25,174.25,174.25,174.25,146.1708221435547,0
2004-11-16,174.5,175.5,168.10000610351562,172.5500030517578,144.74478149414062,83229
2004-11-17,173.0,177.6999969482422,172.10000610351562,174.89999389648438,146.716064453125,115546
2004-11-18,176.0,179.0,173.8000030517578,175.39999389648438,147.13548278808594,69697
2004-11-19,177.25,177.25,169.1999969482422,170.1999969482422,142.77345275878906,58286
2004-11-22,161.3000030517578,174.5,161.3000030517578,172.5500030517578,144.74478149414062,38664
2004-11-23,173.0500030517578,176.6999969482422,172.0,173.10000610351562,145.20611572265625,37196
2004-11-24,174.0,174.0,169.60000610351562,170.4499969482422,142.983154296875,36358
2004-11-25,171.0,174.8000030517578,170.0,171.3000030517578,143.69619750976562,39526
2004-11-26,171.3000030517578,171.3000030517578,171.3000030517578,171.3000030517578,143.69619750976562,0
2004-11-29,170.60000610351562,173.0,170.0,171.0,143.44451904296875,36993
2004-11-30,171.0,173.89999389648438,162.10000610351562,164.1999969482422,137.7403106689453,50014
2004-12-01,166.5,168.0,161.0,165.75,139.04052734375,26663
2004-12-02,165.0,167.75,165.0,166.14999389648438,139.37606811523438,17630
2004-12-03,165.5500030517578,166.9499969482422,162.25,163.25,136.94337463378906,28500
2004-12-06,161.0500030517578,167.75,161.0500030517578,166.1999969482422,139.41802978515625,18862
2004-12-07,165.0,169.1999969482422,165.0,166.1999969482422,139.41802978515625,18674
2004-12-08,168.0,168.0500030517578,164.5500030517578,165.0,138.41134643554688,17157
2004-12-09,160.8000030517578,166.5,160.8000030517578,164.75,138.20167541503906,10996
2004-12-10,165.0500030517578,167.8000030517578,164.0,166.0500030517578,139.29222106933594,20800
2004-12-13,165.10000610351562,171.0,163.0,170.25,142.81536865234375,34694
2004-12-14,172.0,177.0,172.0,174.9499969482422,146.75802612304688,81669
2004-12-15,178.9499969482422,179.0,171.1999969482422,172.14999389648438,144.4092254638672,55695
2004-12-16,173.14999389648438,175.0,170.10000610351562,170.75,143.23483276367188,25188
2004-12-17,170.0,173.25,168.85000610351562,169.8000030517578,142.43789672851562,23550
2004-12-20,169.3000030517578,172.0,168.10000610351562,168.5500030517578,141.3893280029297,21230
2004-12-21,169.1999969482422,172.39999389648438,169.0,170.1999969482422,142.77345275878906,35795
2004-12-22,170.6999969482422,172.39999389648438,169.0,169.14999389648438,141.8926544189453,28996
2004-12-23,171.6999969482422,177.75,169.0,174.60000610351562,146.46441650390625,67954
2004-12-24,172.8000030517578,178.4499969482422,172.8000030517578,174.1999969482422,146.12887573242188,56543
2004-12-27,172.0500030517578,175.89999389648438,172.0500030517578,173.9499969482422,145.9191436767578,28813
2004-12-28,174.8000030517578,174.8000030517578,172.0,173.39999389648438,145.457763671875,26872
2004-12-29,172.1999969482422,173.9499969482422,168.10000610351562,169.5,142.18626403808594,27024
2004-12-30,171.0,171.8000030517578,167.10000610351562,167.60000610351562,140.5924072265625,27763
2004-12-31,168.10000610351562,170.8000030517578,167.0,168.14999389648438,141.05377197265625,22395
2005-01-03,170.0,184.39999389648438,170.0,181.3000030517578,152.08473205566406,137589
2005-01-04,184.5,191.35000610351562,182.0,187.3000030517578,157.11790466308594,182729
2005-01-05,182.5500030517578,187.0,172.0,178.1999969482422,149.48428344726562,82113
2005-01-06,175.0,179.0,174.0,176.10000610351562,147.7227020263672,43578
2005-01-07,176.10000610351562,181.0,175.0,178.0500030517578,149.35845947265625,24427
2005-01-10,180.0,181.8000030517578,174.0,175.5500030517578,147.2613525390625,23864
2005-01-11,175.0,176.5,170.0,170.6999969482422,143.19288635253906,15818
2005-01-12,170.5,171.3000030517578,161.25,167.10000610351562,140.17300415039062,34904
2005-01-13,170.0,174.89999389648438,170.0,173.64999389648438,145.66748046875,29223
2005-01-14,175.4499969482422,175.4499969482422,171.0,173.0500030517578,145.16419982910156,24425
2005-01-17,174.0,174.0,166.0,167.25,140.29881286621094,12079
2005-01-18,170.89999389648438,171.0,168.5,169.5,142.18626403808594,7120
2005-01-19,170.0,173.4499969482422,170.0,171.85000610351562,144.1575469970703,12498
2005-01-20,170.0,173.0,168.3000030517578,170.14999389648438,142.73150634765625,19792
2005-01-24,172.0,175.0,170.5,173.35000610351562,145.4158477783203,22308
2005-01-25,173.35000610351562,176.5,172.10000610351562,176.10000610351562,147.7227020263672,26380
2005-01-27,176.10000610351562,180.4499969482422,175.10000610351562,179.8000030517578,150.82647705078125,40623
2005-01-28,180.0,182.6999969482422,178.0,181.75,152.46221923828125,55015
2005-01-31,182.0,186.39999389648438,180.25,184.5500030517578,154.81103515625,61272
2005-02-01,185.0,187.0,181.0,184.10000610351562,154.43357849121094,37343
2005-02-02,181.64999389648438,186.1999969482422,181.64999389648438,183.0,153.5107879638672,21753
2005-02-03,187.0,191.39999389648438,181.60000610351562,189.10000610351562,158.62782287597656,71223
2005-02-04,184.5500030517578,202.5,184.35000610351562,201.5500030517578,169.07159423828125,204325
2005-02-07,203.89999389648438,205.0,193.0,194.39999389648438,163.0738067626953,49797
2005-02-08,194.6999969482422,199.5,192.25,193.35000610351562,162.19296264648438,34363
2005-02-09,194.89999389648438,202.0,194.89999389648438,201.35000610351562,168.9038543701172,37708
2005-02-10,203.25,203.25,196.5,197.5500030517578,165.71617126464844,26452
2005-02-11,199.6999969482422,203.0,198.0,201.85000610351562,169.32327270507812,51355
2005-02-14,203.0,210.0,200.0,202.10000610351562,169.53298950195312,114604
2005-02-15,203.5,207.0,195.0,196.3000030517578,164.66761779785156,28953
2005-02-16,198.0,200.0,190.10000610351562,192.35000610351562,161.35415649414062,32063
2005-02-17,191.9499969482422,196.4499969482422,191.9499969482422,195.5500030517578,164.03851318359375,22405
2005-02-18,197.0,199.4499969482422,193.1999969482422,193.5500030517578,162.36074829101562,10444
2005-02-21,193.10000610351562,197.4499969482422,193.10000610351562,196.1999969482422,164.58370971679688,28932
2005-02-22,195.89999389648438,198.0,195.5,196.75,165.0450897216797,16642
2005-02-23,197.0,197.85000610351562,196.0,197.0500030517578,165.29673767089844,12328
2005-02-24,197.9499969482422,198.75,197.60000610351562,198.0,166.09365844726562,18407
2005-02-25,198.89999389648438,202.0,196.0,196.75,165.0450897216797,32389
2005-02-28,197.60000610351562,201.89999389648438,179.0,197.60000610351562,165.7581329345703,12224
2005-03-01,195.3000030517578,197.35000610351562,191.5500030517578,195.0,163.57708740234375,18092
2005-03-02,196.0,198.0,195.8000030517578,196.89999389648438,165.17091369628906,7027
2005-03-03,199.0,199.89999389648438,197.0,198.64999389648438,166.638916015625,11610
2005-03-04,200.0,200.0,197.0,199.14999389648438,167.058349609375,19539
2005-03-07,200.0,210.0,198.0,202.4499969482422,169.8265380859375,44347
2005-03-08,203.0,209.60000610351562,203.0,205.5500030517578,172.42706298828125,29063
2005-03-09,206.89999389648438,207.0,200.0,201.9499969482422,169.4071502685547,34068
2005-03-10,204.4499969482422,204.6999969482422,200.10000610351562,200.6999969482422,168.3585968017578,15238
2005-03-11,203.10000610351562,221.0,201.0,211.6999969482422,177.58596801757812,122583
2005-03-14,215.89999389648438,226.5,210.5,212.1999969482422,178.00546264648438,66912
2005-03-15,213.5,215.4499969482422,204.0,207.10000610351562,173.72723388671875,26475
2005-03-16,210.0,211.39999389648438,205.1999969482422,205.89999389648438,172.72064208984375,15077
2005-03-17,206.75,207.85000610351562,205.0,205.0500030517578,172.00759887695312,24527
2005-03-18,203.6999969482422,204.0,198.0,200.25,167.98109436035156,12845
2005-03-21,201.25,202.39999389648438,196.0500030517578,197.9499969482422,166.05172729492188,6846
2005-03-22,197.0,198.0,191.5,192.6999969482422,161.64772033691406,7404
2005-03-23,190.0,194.0,175.35000610351562,192.3000030517578,161.3121795654297,17501
2005-03-24,192.0,195.0,185.0,186.0500030517578,156.06935119628906,7769
2005-03-28,188.0,192.0,186.0,190.5500030517578,159.8441619873047,12837
2005-03-29,186.8000030517578,192.0,185.0,189.3000030517578,158.79562377929688,9685
2005-03-30,188.8000030517578,191.5,187.0,188.4499969482422,158.08258056640625,6625
2005-03-31,190.0,199.6999969482422,190.0,197.4499969482422,165.63229370117188,8683
2005-04-01,195.0,199.6999969482422,195.0,195.8000030517578,164.24819946289062,5036
2005-04-04,196.0,198.9499969482422,193.0,195.1999969482422,163.74488830566406,8838
2005-04-05,195.0,197.9499969482422,188.10000610351562,191.60000610351562,160.72499084472656,18144
2005-04-06,192.0,194.25,189.5,192.14999389648438,161.1863250732422,28291
2005-04-07,193.9499969482422,194.0,190.0,190.14999389648438,159.50863647460938,4476
2005-04-08,192.0,193.89999389648438,190.0,190.0500030517578,159.42477416992188,6622
2005-04-11,185.5,192.10000610351562,185.5,191.1999969482422,160.38941955566406,3296
2005-04-12,192.5,199.0,192.5,193.10000610351562,161.9832763671875,15370
2005-04-13,193.1999969482422,195.0,188.3000030517578,191.14999389648438,160.3474884033203,11576
2005-04-15,188.0500030517578,193.25,186.0,188.0500030517578,157.7470245361328,5734
2005-04-18,182.25,188.0,182.25,187.9499969482422,157.6631622314453,9999
2005-04-19,191.10000610351562,192.0,185.0,186.25,156.23709106445312,9291
2005-04-20,187.10000610351562,191.0,183.0,188.89999389648438,158.46005249023438,11270
2005-04-21,188.14999389648438,192.4499969482422,187.14999389648438,190.8000030517578,160.05389404296875,3493
2005-04-22,192.0,205.0,192.0,200.5500030517578,168.23277282714844,168994
2005-04-25,197.64999389648438,201.0,196.0,196.5,164.83534240722656,15680
2005-04-26,201.0,201.0,195.0,198.10000610351562,166.1775665283203,25355
2005-04-27,195.0,200.8000030517578,187.35000610351562,196.5500030517578,164.8772735595703,17390
2005-04-28,195.6999969482422,199.0,194.60000610351562,197.0500030517578,165.29673767089844,14634
2005-04-29,194.75,196.4499969482422,189.64999389648438,191.14999389648438,160.3474884033203,10793
2005-05-02,190.0,199.9499969482422,186.1999969482422,187.35000610351562,157.1598663330078,7017
2005-05-03,190.0,192.0,186.0,191.0500030517578,160.26358032226562,3921
2005-05-04,190.6999969482422,195.0,190.6999969482422,192.89999389648438,161.8154754638672,4927
2005-05-05,197.89999389648438,198.0,194.0,195.75,164.20628356933594,7271
2005-05-06,195.0,197.8000030517578,191.5,195.39999389648438,163.91259765625,7737
2005-05-09,197.0,198.0,195.0,196.8000030517578,165.08705139160156,8408
2005-05-10,199.5,199.60000610351562,197.0,198.25,166.30340576171875,10237
2005-05-11,197.6999969482422,209.9499969482422,196.25,206.14999389648438,172.9303436279297,78150
2005-05-12,207.25,212.5,207.10000610351562,208.9499969482422,175.2791748046875,44443
2005-05-13,208.9499969482422,211.5,208.0,210.39999389648438,176.49549865722656,28461
2005-05-16,209.9499969482422,215.5,209.9499969482422,212.3000030517578,178.0893096923828,53491
2005-05-17,214.0,217.0,209.0,210.85000610351562,176.87298583984375,46990
2005-05-18,209.5,215.89999389648438,207.0,213.5500030517578,179.13790893554688,39582
2005-05-19,214.14999389648438,215.6999969482422,212.0,214.75,180.14454650878906,21912
2005-05-20,214.14999389648438,215.0500030517578,211.64999389648438,212.4499969482422,178.21514892578125,8507
2005-05-23,205.0,214.0,205.0,211.60000610351562,177.50209045410156,7592
2005-05-24,212.0,212.0,209.0,209.85000610351562,176.0341339111328,4297
2005-05-25,210.0,211.9499969482422,208.10000610351562,209.3000030517578,175.57273864746094,4619
2005-05-26,200.0,209.9499969482422,200.0,207.10000610351562,173.72723388671875,5185
2005-05-27,207.0,215.0,207.0,208.64999389648438,175.02749633789062,32889
2005-05-30,209.0,216.89999389648438,205.0,206.3000030517578,173.05616760253906,8327
2005-05-31,207.0,207.0,204.1999969482422,205.1999969482422,172.1334228515625,4299
2005-06-01,209.0,209.0,205.0,205.4499969482422,172.34315490722656,6158
2005-06-02,208.4499969482422,208.4499969482422,202.4499969482422,203.64999389648438,170.83322143554688,7894
2005-06-03,202.35000610351562,205.75,201.5,204.14999389648438,171.25259399414062,10265
2005-06-06,208.0,210.0,206.0,207.25,173.85305786132812,18105
2005-06-07,207.0500030517578,209.4499969482422,204.0,208.14999389648438,174.6080322265625,9591
2005-06-08,208.0,226.0,208.0,223.35000610351562,187.3586883544922,207837
2005-06-09,225.0,225.9499969482422,215.1999969482422,217.25,182.24168395996094,66907
2005-06-10,218.0,223.0,215.0500030517578,217.75,182.66110229492188,55871
2005-06-13,218.0,219.5,214.0500030517578,217.75,182.66110229492188,18508
2005-06-14,221.0,221.0,216.0,216.39999389648438,181.5286102294922,21969
2005-06-15,218.0,219.4499969482422,212.1999969482422,213.8000030517578,179.3476104736328,13790
2005-06-16,215.8000030517578,215.8000030517578,207.35000610351562,208.25,174.6919403076172,11208
2005-06-17,206.10000610351562,209.39999389648438,202.25,203.39999389648438,170.62350463867188,16755
2005-06-20,208.6999969482422,208.89999389648438,201.0,202.25,169.65879821777344,8836
2005-06-21,201.0,207.0,200.0,205.4499969482422,172.34315490722656,21258
2005-06-22,206.39999389648438,209.8000030517578,204.10000610351562,207.10000610351562,173.72723388671875,22883
2005-06-23,205.0,211.0,203.0,209.6999969482422,175.9083251953125,25182
2005-06-24,207.0,211.0,207.0,209.0,175.3210906982422,15470
2005-06-27,215.0,215.0,201.0500030517578,202.1999969482422,169.6168670654297,88147
2005-06-28,203.0,205.0,196.0,197.35000610351562,165.54843139648438,25304
2005-06-29,198.6999969482422,200.0,194.6999969482422,197.85000610351562,165.9678192138672,10238
2005-06-30,198.89999389648438,203.5,197.5,201.9499969482422,169.4071502685547,11480
2005-07-01,198.0,204.9499969482422,198.0,202.85000610351562,170.162109375,14920
2005-07-04,202.0,205.4499969482422,202.0,202.5,169.86851501464844,14223
2005-07-05,204.39999389648438,205.0,202.0,203.3000030517578,170.5396270751953,18695
2005-07-06,202.0,206.0,200.85000610351562,204.4499969482422,171.50428771972656,12221
2005-07-07,205.75,205.75,200.1999969482422,201.1999969482422,168.77796936035156,12689
2005-07-08,203.9499969482422,205.0,201.0,203.89999389648438,171.0429229736328,12097
2005-07-11,204.0,205.0,202.3000030517578,203.4499969482422,170.66542053222656,10660
2005-07-12,203.3000030517578,207.0,202.60000610351562,206.0500030517578,172.84645080566406,16919
2005-07-13,206.0,211.89999389648438,206.0,210.89999389648438,176.91493225097656,20826
2005-07-14,211.0,214.25,208.0,209.1999969482422,175.48886108398438,27850
2005-07-15,207.9499969482422,213.89999389648438,207.9499969482422,210.39999389648438,176.49549865722656,22676
2005-07-18,214.0,215.85000610351562,212.0,214.5500030517578,179.9767608642578,35563
2005-07-19,216.8000030517578,216.8000030517578,210.0,211.0500030517578,177.04075622558594,24816
2005-07-20,212.75,212.89999389648438,209.5500030517578,210.1999969482422,176.32774353027344,24128
2005-07-21,212.0,214.5,209.0,210.35000610351562,176.4535675048828,28668
2005-07-22,194.60000610351562,207.0,194.60000610351562,198.0,170.97039794921875,59783
2005-07-25,203.8000030517578,209.0,195.14999389648438,195.9499969482422,169.2002410888672,52871
2005-07-26,200.89999389648438,200.89999389648438,196.0,196.60000610351562,169.76153564453125,14419
2005-07-27,197.0,198.5,196.0,197.5,170.53866577148438,7147
2005-07-28,197.5,197.5,197.5,197.5,170.53866577148438,0
2005-07-29,194.10000610351562,199.75,193.5,194.14999389648438,167.64596557617188,21022
2005-08-01,198.4499969482422,198.4499969482422,192.10000610351562,194.5,167.94821166992188,13985
2005-08-02,196.8000030517578,197.10000610351562,193.64999389648438,195.8000030517578,169.0707244873047,17083
2005-08-03,199.89999389648438,200.10000610351562,194.39999389648438,195.89999389648438,169.15704345703125,8296
2005-08-04,198.0,199.0,196.0,197.5500030517578,170.5818328857422,14723
2005-08-05,198.89999389648438,198.9499969482422,196.0,197.39999389648438,170.4523162841797,12157
2005-08-08,198.8000030517578,199.0,192.4499969482422,193.60000610351562,167.1710662841797,11135
2005-08-09,193.10000610351562,194.89999389648438,189.5,189.89999389648438,163.97613525390625,19559
2005-08-10,197.39999389648438,199.25,190.3000030517578,191.0,164.92599487304688,21089
2005-08-11,192.60000610351562,197.5,192.25,196.89999389648438,170.0205535888672,25698
2005-08-12,195.0,199.0,194.6999969482422,196.35000610351562,169.54562377929688,13310
2005-08-16,197.25,206.89999389648438,197.0,203.60000610351562,175.80593872070312,53166
2005-08-17,205.0,219.64999389648438,205.0,216.1999969482422,186.68588256835938,150292
2005-08-18,217.10000610351562,233.89999389648438,217.10000610351562,219.1999969482422,189.27630615234375,157661
2005-08-19,219.0,225.39999389648438,218.0,219.6999969482422,189.70806884765625,45452
2005-08-22,221.5,221.5,213.5,214.3000030517578,185.0452423095703,24815
2005-08-23,211.0,213.5500030517578,206.10000610351562,208.9499969482422,180.4255828857422,21168
2005-08-24,205.75,209.64999389648438,203.0,205.25,177.23069763183594,16735
2005-08-25,206.0,208.6999969482422,205.5500030517578,207.39999389648438,179.087158203125,9353
2005-08-26,210.9499969482422,211.60000610351562,208.0,210.5500030517578,181.8071746826172,16776
2005-08-29,210.0,219.39999389648438,205.0500030517578,216.4499969482422,186.9017333984375,41647
2005-08-30,220.0,225.0,218.0,220.14999389648438,190.09661865234375,55280
2005-08-31,221.0,221.0,216.5,220.39999389648438,190.3125,24395
2005-09-01,223.0,223.0,218.0,218.89999389648438,189.01727294921875,29291
2005-09-02,224.0,224.89999389648438,216.0500030517578,217.1999969482422,187.54931640625,16342
2005-09-05,215.10000610351562,221.25,215.10000610351562,220.4499969482422,190.35568237304688,43507
2005-09-06,222.89999389648438,224.89999389648438,220.0,223.4499969482422,192.94613647460938,41459
2005-09-08,228.8000030517578,228.8000030517578,223.0,225.6999969482422,194.88897705078125,79816
2005-09-09,224.5,229.0,221.0,224.25,193.63690185546875,47181
2005-09-12,224.9499969482422,233.9499969482422,224.9499969482422,227.4499969482422,196.40005493164062,69422
2005-09-13,229.9499969482422,231.0,222.5500030517578,224.1999969482422,193.59373474121094,43070
2005-09-14,227.0,231.5,222.25,224.9499969482422,194.24139404296875,62252
2005-09-15,225.0500030517578,228.9499969482422,225.0,225.5500030517578,194.7594451904297,21182
2005-09-16,228.0,228.89999389648438,224.0500030517578,225.0500030517578,194.3277130126953,25730
2005-09-19,229.8000030517578,230.0,225.89999389648438,229.4499969482422,198.12705993652344,39593
2005-09-20,234.0,243.5,228.0,235.89999389648438,203.69654846191406,175392
2005-09-21,236.0,254.75,232.0,241.0,208.100341796875,201577
2005-09-22,242.0,249.85000610351562,222.1999969482422,226.75,195.795654296875,172304
2005-09-23,225.0,232.89999389648438,220.0,224.5,193.85279846191406,49743
2005-09-26,226.9499969482422,232.85000610351562,224.5,229.89999389648438,198.515625,34006
2005-09-27,232.89999389648438,232.89999389648438,225.0500030517578,229.9499969482422,198.5587921142578,158259
2005-09-28,232.9499969482422,247.0,232.9499969482422,240.6999969482422,207.84130859375,162105
2005-09-29,241.5,244.0,238.0,239.5,206.8051300048828,68010
2005-09-30,237.0,239.0,228.6999969482422,236.3000030517578,204.04196166992188,18326
2005-10-03,236.89999389648438,240.5,233.0,234.9499969482422,202.87623596191406,23870
2005-10-04,234.9499969482422,237.9499969482422,231.14999389648438,236.10000610351562,203.86927795410156,37397
2005-10-05,236.6999969482422,247.0,233.6999969482422,245.1999969482422,211.72698974609375,84239
2005-10-06,244.39999389648438,255.0,240.0,245.5500030517578,212.02919006347656,123173
2005-10-07,246.0,253.0,240.0,242.8000030517578,209.6546630859375,55078
2005-10-10,244.0,249.9499969482422,232.35000610351562,234.64999389648438,202.61721801757812,26980
2005-10-11,233.10000610351562,236.9499969482422,227.5,235.1999969482422,203.09213256835938,19188
2005-10-13,229.0,236.5,229.0,229.6999969482422,198.3429412841797,15694
2005-10-14,230.0,231.89999389648438,227.60000610351562,229.75,198.38609313964844,18668
2005-10-17,232.0,232.0,222.0,225.10000610351562,194.37088012695312,10374
2005-10-18,226.0,229.0,225.0,225.0500030517578,194.3277130126953,9135
2005-10-19,220.3000030517578,232.5,218.0,221.1999969482422,191.00332641601562,46718
2005-10-20,229.5,232.0,209.0,213.3000030517578,184.18177795410156,15809
2005-10-21,210.1999969482422,217.6999969482422,206.0,215.60000610351562,186.1677703857422,21062
2005-10-24,216.0,222.25,216.0,220.35000610351562,190.2693328857422,8073
2005-10-25,219.9499969482422,221.75,214.10000610351562,218.64999389648438,188.80142211914062,5081
2005-10-26,218.6999969482422,222.0,216.8000030517578,220.14999389648438,190.09661865234375,7474
2005-10-27,222.5,224.4499969482422,217.10000610351562,217.75,188.02426147460938,8944
2005-10-28,218.0,225.60000610351562,218.0,220.10000610351562,190.05345153808594,36914
2005-10-31,217.10000610351562,227.0,217.0,225.85000610351562,195.0184783935547,12053
2005-11-02,220.25,232.0,220.25,223.89999389648438,193.33468627929688,25745
2005-11-04,223.89999389648438,223.89999389648438,223.89999389648438,223.89999389648438,193.33468627929688,0
2005-11-07,224.0,230.0,224.0,228.35000610351562,197.17724609375,8490
2005-11-08,228.6999969482422,232.0,225.10000610351562,226.64999389648438,195.7092742919922,14578
2005-11-09,226.0,230.9499969482422,226.0,229.35000610351562,198.04071044921875,41835
2005-11-10,228.10000610351562,234.0,228.10000610351562,232.5500030517578,200.80384826660156,15027
2005-11-11,231.0500030517578,241.0,231.0500030517578,239.14999389648438,206.50289916992188,24147
2005-11-14,235.10000610351562,240.6999969482422,235.0,235.4499969482422,203.30796813964844,14575
2005-11-16,237.0,239.4499969482422,235.10000610351562,236.35000610351562,204.0851287841797,9042
2005-11-17,235.25,237.39999389648438,231.0,231.5,199.89720153808594,10251
2005-11-18,232.0,239.0,232.0,235.39999389648438,203.2648162841797,28275
2005-11-21,233.0,235.5,225.14999389648438,229.64999389648438,198.29974365234375,17507
2005-11-22,231.8000030517578,237.0,226.1999969482422,233.64999389648438,201.753662109375,20010
2005-11-23,230.0,234.8000030517578,230.0,233.0,201.19241333007812,3363
2005-11-24,235.9499969482422,241.9499969482422,235.0500030517578,236.10000610351562,203.86927795410156,26297
2005-11-25,239.0,246.9499969482422,236.60000610351562,243.0,209.8273162841797,46394
2005-11-28,254.0,260.8500061035156,251.89999389648438,254.6999969482422,219.93014526367188,78011
2005-11-29,251.0,255.89999389648438,249.10000610351562,250.0500030517578,215.91488647460938,33252
2005-11-30,253.39999389648438,256.0,248.0,249.25,215.22410583496094,38802
2005-12-01,249.0500030517578,253.0,246.5,250.0500030517578,215.91488647460938,28114
2005-12-02,251.4499969482422,254.0,249.0,250.9499969482422,216.69203186035156,45671
2005-12-05,250.0500030517578,253.0,246.5500030517578,247.8000030517578,213.97206115722656,12186
2005-12-06,249.85000610351562,251.9499969482422,245.60000610351562,246.64999389648438,212.9790496826172,9837
2005-12-07,247.0,250.89999389648438,245.0500030517578,245.64999389648438,212.11553955078125,15002
2005-12-08,247.9499969482422,249.35000610351562,246.14999389648438,246.8000030517578,213.10855102539062,12572
2005-12-09,247.0,248.75,246.60000610351562,248.0,214.14474487304688,7439
2005-12-12,252.0,263.0,252.0,253.9499969482422,219.28250122070312,35002
2005-12-13,255.0,257.6499938964844,252.0,254.0500030517578,219.3688507080078,27777
2005-12-14,254.0500030517578,255.60000610351562,248.1999969482422,250.14999389648438,216.00123596191406,14888
2005-12-15,253.6999969482422,253.6999969482422,243.5500030517578,245.10000610351562,211.64064025878906,18269
2005-12-16,249.6999969482422,251.39999389648438,244.0,249.8000030517578,215.6990509033203,6361
2005-12-19,243.25,252.0,243.25,248.89999389648438,214.92190551757812,11593
2005-12-20,249.1999969482422,250.0,246.5,247.85000610351562,214.01522827148438,11144
2005-12-21,248.5500030517578,255.5,248.5500030517578,249.8000030517578,215.6990509033203,28131
2005-12-22,251.75,262.5,248.25,252.85000610351562,218.33267211914062,66568
2005-12-23,254.0,257.0,246.5500030517578,247.4499969482422,213.66983032226562,21171
2005-12-26,247.0,268.0,240.3000030517578,259.75,224.2906951904297,141055
2005-12-27,263.3999938964844,269.8999938964844,255.5,257.45001220703125,222.3046875,130759
2005-12-28,258.0,266.8500061035156,257.0,264.1000061035156,228.04689025878906,47186
2005-12-29,265.0,275.0,265.0,270.6499938964844,233.70272827148438,101740
2005-12-30,271.0,276.8999938964844,267.79998779296875,271.3999938964844,234.350341796875,57673
2006-01-02,274.0,275.0,271.1000061035156,272.6499938964844,235.4296875,30682
2006-01-03,272.6000061035156,278.0,270.04998779296875,274.20001220703125,236.76815795898438,51003
2006-01-04,278.70001220703125,278.70001220703125,269.0,270.29998779296875,233.40048217773438,22213
2006-01-05,275.0,275.5,268.0,269.5,232.709716796875,22238
2006-01-06,271.95001220703125,274.5,264.04998779296875,266.95001220703125,230.50787353515625,29691
2006-01-09,268.0,268.0,262.54998779296875,264.75,228.60816955566406,39088
2006-01-10,263.79998779296875,267.0,262.29998779296875,264.1000061035156,228.04689025878906,24191
2006-01-12,263.8999938964844,264.0,259.0,260.29998779296875,224.76564025878906,19698
2006-01-13,260.0,262.04998779296875,257.1000061035156,257.70001220703125,222.5205841064453,38907
2006-01-16,259.0,260.0,255.5500030517578,257.6499938964844,222.47738647460938,16668
2006-01-17,257.0,257.0,251.0,252.0500030517578,217.64190673828125,27268
2006-01-18,250.0,250.0,231.8000030517578,247.75,213.92884826660156,18568
2006-01-19,248.9499969482422,251.4499969482422,246.3000030517578,247.89999389648438,214.0583953857422,63507
2006-01-20,250.0,251.5,245.60000610351562,246.8000030517578,213.10855102539062,34462
2006-01-23,247.0,250.0,235.5,237.14999389648438,204.77589416503906,76350
2006-01-24,238.0,244.0,236.0500030517578,240.6999969482422,207.84130859375,56423
2006-01-25,242.0,254.0,242.0,248.3000030517578,214.40377807617188,57159
2006-01-27,252.8000030517578,253.9499969482422,245.0,245.64999389648438,212.11553955078125,31913
2006-01-30,245.0500030517578,247.89999389648438,239.14999389648438,240.3000030517578,207.49588012695312,18016
2006-01-31,242.64999389648438,242.6999969482422,240.0500030517578,241.1999969482422,208.27301025390625,18803
2006-02-01,239.0,242.0,232.9499969482422,234.3000030517578,202.3149871826172,19247
2006-02-02,236.9499969482422,238.0,225.1999969482422,228.64999389648438,197.436279296875,37665
2006-02-03,231.9499969482422,241.0,230.0,239.0500030517578,206.41653442382812,42600
2006-02-06,240.9499969482422,247.89999389648438,231.5500030517578,237.89999389648438,205.4235076904297,27738
2006-02-07,240.9499969482422,241.9499969482422,235.0,236.60000610351562,204.30096435546875,15970
2006-02-08,237.9499969482422,237.9499969482422,231.0,233.14999389648438,201.32196044921875,16044
2006-02-10,234.0,236.6999969482422,231.0,231.85000610351562,200.1994171142578,25526
2006-02-13,233.0,239.0,232.0,236.60000610351562,204.30096435546875,21743
2006-02-14,242.0,242.0,235.5,236.10000610351562,203.86927795410156,35528
2006-02-15,235.0,238.89999389648438,235.0,235.60000610351562,203.43753051757812,12358
2006-02-16,237.0,237.8000030517578,235.0,235.1999969482422,203.09213256835938,8438
2006-02-17,237.9499969482422,238.0,229.0,230.5500030517578,199.07691955566406,50176
2006-02-20,230.0,232.89999389648438,225.25,230.10000610351562,198.68833923339844,21371
2006-02-21,231.0,234.89999389648438,230.0,231.0,199.46548461914062,16172
2006-02-22,228.5,244.0,228.5,234.3000030517578,202.3149871826172,46525
2006-02-23,235.0,238.75,233.0,234.89999389648438,202.83302307128906,21099
2006-02-24,239.5,239.5,231.75,234.64999389648438,202.61721801757812,11659
2006-02-27,236.8000030517578,241.0,233.0,239.6999969482422,206.97779846191406,28047
2006-02-28,240.8000030517578,241.0,230.0500030517578,231.10000610351562,199.55181884765625,17609
2006-03-01,233.0,236.89999389648438,230.0500030517578,231.9499969482422,200.28578186035156,17563
2006-03-02,233.9499969482422,245.0,233.9499969482422,237.89999389648438,205.4235076904297,53936
2006-03-03,235.0,241.75,235.0,238.89999389648438,206.2870330810547,20193
2006-03-06,241.89999389648438,245.0,239.0,239.8000030517578,207.0641632080078,33792
2006-03-07,240.0,240.85000610351562,237.10000610351562,238.14999389648438,205.63938903808594,13973
2006-03-08,238.0,239.4499969482422,235.5,236.75,204.43052673339844,20139
2006-03-09,237.5,237.5,231.0,231.89999389648438,200.24261474609375,13074
2006-03-10,233.0,235.0,230.14999389648438,231.6999969482422,200.0699462890625,16759
2006-03-13,235.0,240.0,230.0,232.14999389648438,200.45846557617188,22649
2006-03-14,232.0500030517578,238.75,232.0,234.5,202.4876708984375,24915
2006-03-16,237.89999389648438,246.0,232.10000610351562,239.85000610351562,207.1073455810547,75071
2006-03-17,242.75,242.75,233.0,233.9499969482422,202.01275634765625,21128
2006-03-20,236.9499969482422,238.9499969482422,231.0,232.0500030517578,200.3721466064453,38179
2006-03-21,233.89999389648438,235.0,230.1999969482422,230.39999389648438,198.94740295410156,21818
2006-03-22,230.0,231.0,226.5,227.5500030517578,196.48646545410156,28415
2006-03-23,228.9499969482422,230.0,225.0,227.85000610351562,196.74549865722656,31103
2006-03-24,227.85000610351562,230.64999389648438,224.5500030517578,225.85000610351562,195.0184783935547,34681
2006-03-27,234.9499969482422,234.9499969482422,221.0,222.60000610351562,192.21218872070312,65629
2006-03-28,224.0,225.0,219.5,220.60000610351562,190.48521423339844,40790
2006-03-29,222.5,222.5,216.5,218.89999389648438,189.01727294921875,36845
2006-03-30,220.0,225.0,218.0,219.85000610351562,189.83761596679688,43876
2006-03-31,224.0,224.0,219.0,220.0500030517578,190.01028442382812,43636
2006-04-03,221.9499969482422,234.0,221.9499969482422,231.0500030517578,199.50863647460938,81031
2006-04-04,235.64999389648438,239.9499969482422,230.1999969482422,234.39999389648438,202.4012908935547,101730
2006-04-05,244.39999389648438,281.29998779296875,236.10000610351562,248.35000610351562,214.4469757080078,249912
2006-04-07,252.8000030517578,265.45001220703125,250.0,254.3000030517578,219.58470153808594,228403
2006-04-10,255.0,260.0,250.0,254.5500030517578,219.80056762695312,52404
2006-04-12,254.0,257.3999938964844,243.0,244.9499969482422,211.51112365722656,36629
2006-04-13,231.89999389648438,246.39999389648438,231.89999389648438,239.39999389648438,206.71873474121094,37740
2006-04-17,287.29998779296875,287.29998779296875,241.14999389648438,245.75,212.20191955566406,23637
2006-04-18,249.4499969482422,258.0,244.0,252.14999389648438,217.7282257080078,71046
2006-04-19,254.0,257.8500061035156,247.10000610351562,248.8000030517578,214.8355255126953,25161
2006-04-20,235.25,252.0,235.25,249.9499969482422,215.82855224609375,15495
2006-04-21,250.0,254.39999389648438,245.5500030517578,247.4499969482422,213.66983032226562,22415
2006-04-24,246.10000610351562,254.4499969482422,245.0,246.64999389648438,212.9790496826172,30431
2006-04-25,243.10000610351562,248.75,243.10000610351562,244.89999389648438,211.46792602539062,16754
2006-04-26,240.64999389648438,249.39999389648438,240.64999389648438,246.0500030517578,212.46095275878906,31261
2006-04-27,247.0,247.85000610351562,240.14999389648438,243.1999969482422,209.99996948242188,26755
2006-04-28,240.0,247.0,220.0,241.35000610351562,208.40257263183594,37400
2006-05-02,254.4499969482422,257.0,245.25,247.85000610351562,214.01522827148438,84020
2006-05-03,249.9499969482422,252.39999389648438,240.0,245.8000030517578,212.24510192871094,42908
2006-05-04,249.9499969482422,249.9499969482422,240.0,242.3000030517578,209.22286987304688,37785
2006-05-05,243.0,244.9499969482422,241.0,242.89999389648438,209.74095153808594,16845
2006-05-08,243.9499969482422,245.10000610351562,241.0,242.0500030517578,209.00701904296875,20000
2006-05-09,243.0,244.89999389648438,241.0500030517578,241.85000610351562,208.83428955078125,22821
2006-05-10,244.8000030517578,268.0,241.0,258.70001220703125,223.3840789794922,225385
2006-05-11,261.45001220703125,261.45001220703125,250.0500030517578,251.1999969482422,216.9079132080078,54766
2006-05-12,248.0,254.6999969482422,248.0,249.5500030517578,215.48316955566406,35322
2006-05-15,249.0,251.6999969482422,241.1999969482422,242.1999969482422,209.13653564453125,19159
2006-05-16,243.5,243.9499969482422,230.0,236.5500030517578,204.2578125,24914
2006-05-17,236.60000610351562,245.0,236.10000610351562,237.85000610351562,205.38037109375,25047
2006-05-18,235.10000610351562,238.8000030517578,226.0,227.3000030517578,196.27059936523438,37288
2006-05-19,230.0,233.9499969482422,215.0,219.85000610351562,189.83761596679688,18548
2006-05-22,225.0,225.0,200.0,208.85000610351562,180.3392333984375,25730
2006-05-23,208.0,234.0,208.0,230.5,199.03370666503906,37846
2006-05-24,237.5,238.0,222.0500030517578,224.85000610351562,194.15505981445312,14634
2006-05-25,222.0,225.0,219.3000030517578,223.60000610351562,193.07568359375,7595
2006-05-26,226.9499969482422,229.0,221.0,224.1999969482422,193.59373474121094,7649
2006-05-29,224.0,228.0,221.14999389648438,223.39999389648438,192.9029998779297,5636
2006-05-30,224.85000610351562,227.9499969482422,221.10000610351562,221.6999969482422,191.43502807617188,3777
2006-05-31,218.0500030517578,219.0,212.8000030517578,215.1999969482422,185.82235717773438,9861
2006-06-01,217.39999389648438,218.9499969482422,205.0,208.5,180.03701782226562,7988
2006-06-02,210.0,210.0,196.1999969482422,201.0500030517578,173.6040496826172,28993
2006-06-05,198.10000610351562,211.0,198.10000610351562,201.5500030517578,174.03575134277344,12887
2006-06-06,202.89999389648438,202.89999389648438,185.89999389648438,194.39999389648438,167.86184692382812,11726
2006-06-07,194.9499969482422,199.89999389648438,179.0,181.35000610351562,156.59336853027344,20392
2006-06-08,182.10000610351562,184.0,163.0,171.10000610351562,147.74258422851562,39005
2006-06-09,172.0,176.85000610351562,172.0,175.60000610351562,151.6282958984375,69896
2006-06-12,177.9499969482422,184.4499969482422,172.1999969482422,178.25,153.91650390625,12653
2006-06-13,178.0,178.0,172.0,173.25,149.59909057617188,13443
2006-06-14,175.0,179.0,161.5,166.64999389648438,143.9000701904297,11192
2006-06-15,165.89999389648438,175.0,165.89999389648438,172.0500030517578,148.5629119873047,12196
2006-06-16,177.89999389648438,186.5,174.10000610351562,184.0500030517578,158.9247589111328,21192
2006-06-19,187.9499969482422,189.0,179.8000030517578,181.64999389648438,156.85238647460938,30486
2006-06-20,180.0,186.8000030517578,180.0,184.8000030517578,159.57237243652344,9146
2006-06-21,185.0,189.0,184.14999389648438,188.39999389648438,162.68092346191406,7658
2006-06-22,188.39999389648438,196.0,188.0,189.64999389648438,163.76031494140625,17567
2006-06-23,187.10000610351562,195.0,185.0,189.5,163.63075256347656,17560
2006-06-26,191.0,192.64999389648438,185.0,186.3000030517578,160.8675994873047,12975
2006-06-27,189.8000030517578,189.9499969482422,184.0,188.8000030517578,163.02630615234375,7031
2006-06-28,185.0,187.10000610351562,182.60000610351562,183.35000610351562,158.32032775878906,6442
2006-06-29,187.4499969482422,191.0,184.0,187.4499969482422,161.860595703125,13758
2006-06-30,190.0,192.0,187.5500030517578,189.10000610351562,163.285400390625,17990
2006-07-03,197.0,197.0,188.0,188.75,162.98313903808594,4700
2006-07-04,188.75,192.89999389648438,188.0,190.64999389648438,164.623779296875,5811
2006-07-05,191.64999389648438,192.9499969482422,190.0,191.89999389648438,165.703125,7094
2006-07-06,189.0,194.0,189.0,193.25,166.86880493164062,10331
2006-07-07,189.0,198.0,184.0,185.5,160.1768035888672,19459
2006-07-10,187.35000610351562,190.0,183.0,184.9499969482422,159.701904296875,13875
2006-07-11,189.0,218.0,187.60000610351562,214.75,185.43382263183594,710179
2006-07-12,213.3000030517578,214.0,203.10000610351562,205.85000610351562,177.74879455566406,365580
2006-07-13,204.89999389648438,208.14999389648438,199.1999969482422,202.1999969482422,174.59707641601562,99980
2006-07-14,198.0,212.0,198.0,208.25,179.82113647460938,78108
2006-07-17,208.89999389648438,212.5,201.0500030517578,203.3000030517578,175.54690551757812,51425
2006-07-18,202.0,204.39999389648438,199.5500030517578,200.60000610351562,173.21546936035156,21782
2006-07-19,204.39999389648438,204.39999389648438,195.10000610351562,196.85000610351562,169.97740173339844,17959
2006-07-20,201.5,202.0,198.0,199.0500030517578,171.87705993652344,23887
2006-07-21,198.0,198.0,195.0,195.4499969482422,168.76852416992188,9316
2006-07-24,194.6999969482422,194.85000610351562,189.0500030517578,194.25,167.73231506347656,24919
2006-07-25,196.5,198.6999969482422,194.5,195.85000610351562,169.1139373779297,14546
2006-07-26,196.39999389648438,204.64999389648438,196.0,203.0500030517578,175.3310089111328,20007
2006-07-27,204.0,208.64999389648438,203.0,206.39999389648438,178.2236785888672,27481
2006-07-28,203.0,203.0,198.0,201.0500030517578,173.6040496826172,17757
2006-07-31,204.4499969482422,204.4499969482422,196.75,198.10000610351562,171.0567626953125,4616
2006-08-01,197.10000610351562,198.0,194.0500030517578,195.8000030517578,169.0707244873047,8184
2006-08-02,197.0,200.0,194.60000610351562,198.3000030517578,171.22946166992188,11565
2006-08-03,200.9499969482422,201.0,196.35000610351562,197.0500030517578,170.15008544921875,11303
2006-08-04,196.3000030517578,211.89999389648438,196.0,203.60000610351562,175.80593872070312,129012
2006-08-07,208.0,208.0,200.10000610351562,202.0500030517578,174.46754455566406,46112
2006-08-08,204.4499969482422,211.0,203.5500030517578,206.10000610351562,177.96466064453125,52977
2006-08-09,205.0,209.89999389648438,205.0,208.64999389648438,180.1665496826172,30092
2006-08-10,207.0,220.9499969482422,206.5,220.1999969482422,190.1398162841797,112096
2006-08-11,224.64999389648438,235.0,222.60000610351562,227.14999389648438,196.14102172851562,100062
2006-08-14,228.9499969482422,232.0,223.35000610351562,227.39999389648438,196.35691833496094,42558
2006-08-16,227.0,229.85000610351562,224.0,225.39999389648438,194.62994384765625,20428
2006-08-17,230.0,230.0,217.5,219.0500030517578,189.14682006835938,27053
2006-08-18,220.89999389648438,229.5,218.9499969482422,222.0,191.69407653808594,50440
2006-08-21,221.89999389648438,231.0,219.0,228.64999389648438,197.436279296875,23466
2006-08-22,231.0,234.0,222.0,224.64999389648438,193.98233032226562,42386
2006-08-23,223.10000610351562,227.0,220.10000610351562,221.14999389648438,190.96011352539062,9222
2006-08-24,221.0,224.0,218.10000610351562,222.8000030517578,192.3848876953125,8855
2006-08-25,224.89999389648438,224.89999389648438,220.0500030517578,221.0,190.83059692382812,7655
2006-08-28,224.89999389648438,224.89999389648438,220.10000610351562,220.75,190.6147003173828,9501
2006-08-29,223.9499969482422,224.9499969482422,218.10000610351562,219.75,189.7512664794922,10232
2006-08-30,220.1999969482422,223.5,219.10000610351562,220.60000610351562,190.48521423339844,8722
2006-08-31,221.0,221.0,217.0,217.4499969482422,187.7652130126953,8342
2006-09-01,216.39999389648438,218.5,216.39999389648438,217.4499969482422,187.7652130126953,2830
2006-09-04,219.75,220.0,212.60000610351562,215.35000610351562,185.95191955566406,14668
2006-09-05,216.0,216.89999389648438,215.10000610351562,215.9499969482422,186.47003173828125,9454
2006-09-06,217.0,218.75,215.10000610351562,215.5,186.0814666748047,20244
2006-09-07,215.0,223.25,211.5,213.9499969482422,184.7429962158203,45002
2006-09-08,215.0,216.5,213.39999389648438,215.35000610351562,185.95191955566406,44160
2006-09-11,218.0,221.89999389648438,214.64999389648438,215.1999969482422,185.82235717773438,61952
2006-09-12,216.4499969482422,218.9499969482422,212.5,215.9499969482422,186.47003173828125,12421
2006-09-13,218.89999389648438,218.89999389648438,215.0500030517578,217.39999389648438,187.72207641601562,12532
2006-09-14,219.0,224.8000030517578,218.3000030517578,219.9499969482422,189.92393493652344,35205
2006-09-15,219.8000030517578,221.89999389648438,217.4499969482422,220.4499969482422,190.35568237304688,15760
2006-09-18,230.0,234.8000030517578,226.0,227.14999389648438,196.14102172851562,153036
2006-09-19,231.39999389648438,239.0,230.0,233.14999389648438,201.32196044921875,188227
2006-09-20,232.0,234.1999969482422,226.10000610351562,231.35000610351562,199.76771545410156,29288
2006-09-21,235.5,235.8000030517578,229.0,230.10000610351562,198.68833923339844,47458
2006-09-22,232.0,232.75,228.0,228.60000610351562,197.39308166503906,19580
2006-09-25,239.0,242.0,234.8000030517578,235.5,203.35116577148438,128348
2006-09-26,237.9499969482422,238.0,233.10000610351562,234.8000030517578,202.74673461914062,32069
2006-09-27,238.0,238.8000030517578,234.0,234.60000610351562,202.57400512695312,26135
2006-09-28,236.9499969482422,236.9499969482422,232.64999389648438,233.35000610351562,201.49465942382812,16387
2006-09-29,236.0,236.1999969482422,233.5500030517578,234.14999389648438,202.18545532226562,16562
2006-10-03,238.89999389648438,238.89999389648438,227.0,233.5,201.62420654296875,22537
2006-10-04,234.0,235.89999389648438,230.0500030517578,231.8000030517578,200.15625,15072
2006-10-05,235.85000610351562,239.89999389648438,233.0500030517578,235.9499969482422,203.73974609375,35960
2006-10-06,237.0,244.0,237.0,238.64999389648438,206.07113647460938,66950
2006-10-09,238.64999389648438,245.89999389648438,238.5,242.10000610351562,209.05018615722656,53267
2006-10-10,245.0,245.9499969482422,239.0,239.85000610351562,207.1073455810547,69353
2006-10-11,243.60000610351562,249.0,229.5,232.0500030517578,200.3721466064453,225826
2006-10-12,235.9499969482422,238.0,232.14999389648438,236.10000610351562,203.86927795410156,44335
2006-10-13,239.89999389648438,241.5,235.5,236.35000610351562,204.0851287841797,32764
2006-10-16,240.89999389648438,241.39999389648438,234.10000610351562,236.5500030517578,204.2578125,56930
2006-10-17,236.0,236.0,232.5,233.0500030517578,201.235595703125,20412
2006-10-18,233.0,234.6999969482422,232.10000610351562,233.60000610351562,201.71054077148438,17321
2006-10-19,233.0,237.0,232.10000610351562,233.39999389648438,201.53782653808594,16755
2006-10-20,233.0,234.64999389648438,232.0,232.4499969482422,200.71754455566406,22692
2006-10-23,237.64999389648438,246.35000610351562,236.0500030517578,242.6999969482422,209.56826782226562,87848
2006-10-26,243.0,245.9499969482422,240.25,242.60000610351562,209.48193359375,34518
2006-10-27,241.25,243.0,238.10000610351562,240.0500030517578,207.28004455566406,18824
2006-10-30,241.89999389648438,243.0,238.10000610351562,239.8000030517578,207.0641632080078,23897
2006-10-31,240.5,241.35000610351562,233.3000030517578,234.39999389648438,202.4012908935547,56400
2006-11-01,235.0,237.0,234.0,234.25,202.2718048095703,10815
2006-11-02,234.5,235.0,231.6999969482422,233.89999389648438,201.96958923339844,16780
2006-11-03,233.0,239.0,233.0,237.8000030517578,205.33717346191406,28561
2006-11-06,238.9499969482422,240.85000610351562,234.1999969482422,235.0,202.91941833496094,18106
2006-11-07,237.4499969482422,237.4499969482422,232.39999389648438,233.1999969482422,201.36517333984375,22701
2006-11-08,233.0,234.60000610351562,229.5500030517578,230.0,198.6020050048828,20998
2006-11-09,232.8000030517578,233.0,229.5500030517578,230.4499969482422,198.99057006835938,11154
2006-11-10,230.9499969482422,244.64999389648438,229.0,231.14999389648438,199.59498596191406,42074
2006-11-13,232.0,238.64999389648438,231.39999389648438,237.75,205.29400634765625,54704
2006-11-14,236.0,237.0,230.5,230.89999389648438,199.37911987304688,24693
2006-11-15,233.6999969482422,233.6999969482422,229.39999389648438,229.85000610351562,198.4724578857422,18771
2006-11-16,230.5500030517578,230.9499969482422,227.0500030517578,228.25,197.09085083007812,22177
2006-11-17,230.0500030517578,230.0500030517578,222.0,223.10000610351562,192.64393615722656,19501
2006-11-20,220.4499969482422,232.9499969482422,216.0,226.5,195.5797882080078,39577
2006-11-21,226.5,230.8000030517578,226.14999389648438,226.89999389648438,195.9251708984375,13576
2006-11-22,230.0,230.0,225.0,225.1999969482422,194.45724487304688,15143
2006-11-23,227.5,231.89999389648438,225.8000030517578,230.0500030517578,198.64515686035156,21784
2006-11-24,229.5,234.89999389648438,227.5,230.4499969482422,198.99057006835938,22539
2006-11-27,233.75,242.0,230.5,240.1999969482422,207.40953063964844,75018
2006-11-28,246.0,246.0,234.0,234.5,202.4876708984375,23554
2006-11-29,237.0,237.60000610351562,231.0500030517578,232.1999969482422,200.50164794921875,22600
2006-11-30,232.3000030517578,234.35000610351562,229.0,229.39999389648438,198.08389282226562,20870
2006-12-01,233.85000610351562,233.85000610351562,227.5,228.5500030517578,197.34991455078125,22643
2006-12-04,223.10000610351562,233.85000610351562,223.10000610351562,227.4499969482422,196.40005493164062,19648
2006-12-05,227.0,233.0,227.0,227.6999969482422,196.61595153808594,11779
2006-12-06,226.9499969482422,234.3000030517578,226.9499969482422,231.14999389648438,199.59498596191406,21073
2006-12-07,227.0500030517578,232.0,227.0500030517578,229.14999389648438,197.86802673339844,12020
2006-12-08,231.0,231.75,227.10000610351562,228.0500030517578,196.91818237304688,25123
2006-12-11,230.9499969482422,230.9499969482422,221.0,222.60000610351562,192.21218872070312,16585
2006-12-12,222.5,224.85000610351562,215.0,216.0500030517578,186.5563201904297,24048
2006-12-13,215.0,220.9499969482422,212.75,219.8000030517578,189.79443359375,17520
2006-12-14,230.0,230.0,220.0,224.8000030517578,194.11184692382812,11418
2006-12-15,230.0,230.0,223.5,225.9499969482422,195.10487365722656,8354
2006-12-18,228.89999389648438,228.89999389648438,224.0,227.14999389648438,196.14102172851562,7372
2006-12-19,226.0,226.0,221.3000030517578,222.10000610351562,191.7804412841797,6759
2006-12-20,228.9499969482422,228.9499969482422,220.0500030517578,220.64999389648438,190.5283660888672,8159
2006-12-21,221.0,227.5,219.0,225.75,194.9322052001953,19244
2006-12-22,228.75,228.75,225.0,226.25,195.36392211914062,13529
2006-12-26,230.0,230.0,222.25,226.0,195.1480255126953,7224
2006-12-27,226.0,232.0,226.0,231.39999389648438,199.8108673095703,20235
2006-12-28,224.0,232.0,224.0,230.25,198.81788635253906,12389
2006-12-29,230.9499969482422,232.0,230.0,230.10000610351562,198.68833923339844,9592
2007-01-02,232.5,234.89999389648438,226.25,230.6999969482422,199.20643615722656,25468
2007-01-03,231.0,234.0,229.5,232.75,200.97659301757812,41210
2007-01-04,233.0500030517578,235.75,233.0500030517578,235.35000610351562,203.22164916992188,20405
2007-01-05,238.8000030517578,249.0,234.14999389648438,241.3000030517578,208.35939025878906,94480
2007-01-08,242.0,254.0,242.0,252.39999389648438,217.94407653808594,181814
2007-01-09,257.0,258.0,247.0500030517578,250.5500030517578,216.34666442871094,118931
2007-01-10,253.0,253.0,230.0,231.39999389648438,199.8108673095703,226999
2007-01-11,228.0,232.0,226.0,230.5500030517578,199.07691955566406,92994
2007-01-12,230.0500030517578,233.0,229.14999389648438,232.0500030517578,200.3721466064453,46960
2007-01-15,233.89999389648438,235.0,229.0,232.35000610351562,200.6311798095703,23659
2007-01-16,230.10000610351562,233.8000030517578,230.10000610351562,232.35000610351562,200.6311798095703,18395
2007-01-17,230.10000610351562,231.85000610351562,229.25,231.0500030517578,199.50863647460938,30631
2007-01-18,230.14999389648438,233.5,230.14999389648438,232.0,200.3289794921875,19278
2007-01-19,232.0500030517578,232.0500030517578,223.1999969482422,225.4499969482422,194.67308044433594,15730
2007-01-22,224.0,228.39999389648438,221.0,221.9499969482422,191.65093994140625,16483
2007-01-23,222.89999389648438,224.4499969482422,221.0,222.4499969482422,192.0826416015625,5506
2007-01-24,229.89999389648438,229.89999389648438,218.1999969482422,221.25,191.0464630126953,9649
2007-01-25,221.0,224.0,220.0500030517578,221.0,190.83059692382812,10766
2007-01-29,222.0,222.0,219.14999389648438,220.35000610351562,190.2693328857422,7427
2007-01-31,218.3000030517578,220.75,217.25,217.60000610351562,187.89476013183594,12253
2007-02-01,216.35000610351562,221.75,216.0,220.0,189.9671173095703,9028
2007-02-02,216.0,221.39999389648438,215.25,216.1999969482422,186.68588256835938,22175
2007-02-05,219.8000030517578,219.8000030517578,215.5,216.14999389648438,186.64266967773438,8640
2007-02-06,215.0500030517578,222.39999389648438,215.0,220.25,190.1829833984375,10462
2007-02-07,220.25,222.0,218.8000030517578,220.5500030517578,190.44204711914062,5965
2007-02-08,220.0,220.0,216.1999969482422,217.5500030517578,187.85157775878906,10311
2007-02-09,218.10000610351562,219.75,214.5,216.1999969482422,186.68588256835938,5647
2007-02-12,215.0,217.89999389648438,209.0,210.64999389648438,181.89349365234375,9042
2007-02-13,211.0,214.5,210.35000610351562,211.25,182.41162109375,10666
2007-02-14,208.0,219.89999389648438,205.0,208.85000610351562,180.3392333984375,13905
2007-02-15,213.0,214.0,209.1999969482422,211.4499969482422,182.58428955078125,7963
2007-02-19,210.0,213.89999389648438,210.0,211.89999389648438,182.97286987304688,8054
2007-02-20,216.0,216.8000030517578,210.10000610351562,210.8000030517578,182.02304077148438,4186
2007-02-21,209.5,211.89999389648438,208.0,209.9499969482422,181.28909301757812,8162
2007-02-22,210.0,212.0,207.8000030517578,209.75,181.1163787841797,8182
2007-02-23,211.0,211.0,204.0,204.85000610351562,176.88531494140625,10037
2007-02-26,206.9499969482422,208.9499969482422,203.89999389648438,207.5500030517578,179.2167205810547,10244
2007-02-27,213.5,213.5,205.25,205.8000030517578,177.70559692382812,5149
2007-02-28,203.5500030517578,208.0,194.0,205.25,177.23069763183594,10488
2007-03-01,204.0,208.0,203.0,204.10000610351562,176.23765563964844,6959
2007-03-02,205.0,207.0,202.0,202.5,174.85610961914062,3274
2007-03-05,191.0,201.75,191.0,191.8000030517578,165.61676025390625,6911
2007-03-06,198.0,199.10000610351562,193.8000030517578,196.0500030517578,169.28663635253906,8120
2007-03-07,195.0,199.89999389648438,189.0,189.85000610351562,163.93299865722656,5506
2007-03-08,191.0,195.0,188.0,194.3000030517578,167.77552795410156,24029
2007-03-09,193.5,195.0,190.14999389648438,190.64999389648438,164.623779296875,7318
2007-03-12,200.0,200.0,192.39999389648438,193.60000610351562,167.1710662841797,3329
2007-03-13,197.0,197.0,191.1999969482422,192.0500030517578,165.83265686035156,3002
2007-03-14,191.0,194.0,191.0,192.14999389648438,165.91900634765625,2426
2007-03-15,192.0,198.9499969482422,191.0,191.0500030517578,164.96914672851562,4495
2007-03-16,191.75,192.6999969482422,187.1999969482422,188.3000030517578,162.59458923339844,3946
2007-03-19,190.5,190.9499969482422,188.5,189.9499969482422,164.01934814453125,4175
2007-03-20,191.4499969482422,193.0,190.4499969482422,191.14999389648438,165.05551147460938,4286
2007-03-21,192.0,192.0,188.9499969482422,190.10000610351562,164.14883422851562,9187
2007-03-22,192.0,193.0,189.25,190.14999389648438,164.1920166015625,13915
2007-03-23,190.14999389648438,190.9499969482422,188.1999969482422,189.10000610351562,163.285400390625,10004
2007-03-26,188.5,190.0,187.0,187.5,161.90377807617188,12418
2007-03-28,186.6999969482422,188.6999969482422,186.0,186.6999969482422,161.2130126953125,7079
2007-03-29,199.89999389648438,199.89999389648438,185.0,187.5,161.90377807617188,5338
2007-03-30,188.10000610351562,193.8000030517578,188.10000610351562,191.0,164.92599487304688,5412
2007-04-02,187.4499969482422,193.0,185.0,185.89999389648438,160.52220153808594,11516
2007-04-03,184.14999389648438,188.10000610351562,184.14999389648438,185.0,159.74508666992188,3113
2007-04-04,184.10000610351562,187.75,184.10000610351562,187.10000610351562,161.55836486816406,1881
2007-04-05,187.5,188.8000030517578,185.5,188.4499969482422,162.72412109375,1932
2007-04-09,191.60000610351562,195.0,187.64999389648438,192.39999389648438,166.13487243652344,6034
2007-04-10,195.0,200.0,193.0500030517578,194.60000610351562,168.0345916748047,24353
2007-04-11,193.0500030517578,196.89999389648438,193.0500030517578,194.60000610351562,168.0345916748047,4916
2007-04-12,190.14999389648438,196.4499969482422,190.14999389648438,194.3000030517578,167.77552795410156,1200
2007-04-13,196.0,196.0,191.0,191.85000610351562,165.65997314453125,7756
2007-04-16,195.89999389648438,198.0,194.0,197.1999969482422,170.2796173095703,5833
2007-04-17,196.10000610351562,202.0,196.0,200.14999389648438,172.82693481445312,15333
2007-04-18,200.0,237.5,195.10000610351562,220.89999389648438,190.74427795410156,167791
2007-04-19,200.0,226.6999969482422,200.0,223.0,192.5575714111328,68117
2007-04-20,225.85000610351562,231.85000610351562,221.25,222.0500030517578,191.7372589111328,37740
2007-04-23,225.0,230.89999389648438,220.39999389648438,229.4499969482422,198.12705993652344,54478
2007-04-24,229.0,229.60000610351562,225.0,225.39999389648438,194.62994384765625,21839
2007-04-25,223.5,230.0,221.5500030517578,225.14999389648438,194.41409301757812,10200
2007-04-26,226.25,228.5,225.0,225.0500030517578,194.3277130126953,26250
2007-04-27,225.5,227.0,216.5,225.14999389648438,194.41409301757812,17224
2007-04-30,224.0,236.39999389648438,221.5,227.1999969482422,196.18423461914062,31727
2007-05-03,232.89999389648438,234.0,228.14999389648438,228.8000030517578,197.56582641601562,18252
2007-05-04,236.0,236.0,226.0,228.60000610351562,197.39308166503906,18738
2007-05-07,229.9499969482422,232.4499969482422,221.0,222.60000610351562,192.21218872070312,45042
2007-05-08,225.39999389648438,231.8000030517578,224.9499969482422,229.75,198.38609313964844,24819
2007-05-09,234.6999969482422,234.6999969482422,227.0,228.0,196.87496948242188,28015
2007-05-10,230.0,253.0,230.0,246.5500030517578,212.89271545410156,217078
2007-05-11,240.0,252.0,240.0,242.75,209.61148071289062,100986
2007-05-14,242.25,249.0,242.25,245.3000030517578,211.81333923339844,31626
2007-05-15,247.0,262.8500061035156,245.14999389648438,259.5,224.0748291015625,185367
2007-05-16,260.54998779296875,267.0,254.0,257.25,222.1320037841797,103777
2007-05-17,261.5,261.5,251.0,254.4499969482422,219.7142333984375,152232
2007-05-18,255.0,255.0,248.0,251.10000610351562,216.8216094970703,61085
2007-05-21,251.5,264.8999938964844,250.5,260.3500061035156,224.808837890625,134809
2007-05-22,265.0,270.0,258.0,264.0,227.9605255126953,82086
2007-05-23,267.0,276.04998779296875,253.10000610351562,258.0,222.7796173095703,151698
2007-05-24,257.0,265.0,255.10000610351562,260.29998779296875,224.76564025878906,45206
2007-05-25,254.0500030517578,271.3999938964844,254.0500030517578,267.95001220703125,231.37132263183594,92190
2007-05-28,271.8999938964844,283.70001220703125,262.0,275.75,238.10650634765625,160856
2007-05-29,275.1000061035156,279.0,269.0,270.6499938964844,233.70272827148438,44518
2007-05-30,271.0,275.0,265.0,266.45001220703125,230.07606506347656,26545
2007-05-31,267.1000061035156,277.3999938964844,263.0,265.3500061035156,229.1262664794922,39955
2007-06-01,265.1000061035156,273.0,265.1000061035156,268.29998779296875,231.6735382080078,44946
2007-06-04,251.0,272.95001220703125,251.0,265.3500061035156,229.1262664794922,25783
2007-06-05,268.5,275.0,262.3999938964844,273.70001220703125,236.33636474609375,81887
2007-06-06,278.3999938964844,278.3999938964844,250.10000610351562,253.39999389648438,218.8075714111328,151373
2007-06-07,251.0500030517578,262.3999938964844,248.0,258.1000061035156,222.865966796875,143086
2007-06-08,253.0,277.0,251.64999389648438,268.04998779296875,231.4576416015625,256467
2007-06-11,274.8999938964844,275.0,260.5,263.29998779296875,227.35609436035156,42250
2007-06-12,266.0,267.3999938964844,251.8000030517578,255.3000030517578,220.44821166992188,33476
2007-06-13,255.1999969482422,268.0,255.1999969482422,258.8500061035156,223.51358032226562,83726
2007-06-14,266.0,274.3500061035156,261.0,271.95001220703125,234.82528686523438,141150
2007-06-15,277.0,278.70001220703125,267.04998779296875,269.5,232.709716796875,124680
2007-06-18,265.0,274.5,265.0,267.29998779296875,230.80999755859375,44279
2007-06-19,268.0,271.0,265.29998779296875,266.70001220703125,230.29193115234375,24851
2007-06-20,269.70001220703125,273.0,266.5,268.1000061035156,231.5008544921875,57202
2007-06-21,269.0,272.5,267.1000061035156,268.20001220703125,231.58718872070312,17954
2007-06-22,269.75,269.75,263.1000061035156,264.3500061035156,228.26278686523438,27732
2007-06-25,272.0,272.0,261.1499938964844,261.6499938964844,225.93133544921875,13549
2007-06-26,262.0,264.70001220703125,260.3999938964844,261.6000061035156,225.88818359375,9258
2007-06-27,259.0,261.45001220703125,257.0,258.5,223.21133422851562,10923
2007-06-28,257.0,265.0,257.0,259.1499938964844,223.7726287841797,21580
2007-06-29,262.70001220703125,269.0,262.3500061035156,264.3999938964844,228.30593872070312,25522
2007-07-02,268.0,268.0,259.5,260.79998779296875,225.19737243652344,7645
2007-07-03,261.1499938964844,267.70001220703125,261.1499938964844,264.79998779296875,228.65127563476562,15457
2007-07-04,262.0,266.3500061035156,262.0,264.1000061035156,228.04689025878906,11813
2007-07-05,255.10000610351562,266.0,255.10000610351562,259.0,223.6431121826172,23851
2007-07-06,259.5,273.75,257.1499938964844,269.1000061035156,232.36434936523438,40888
2007-07-09,272.8500061035156,274.0,266.04998779296875,268.5,231.84622192382812,37973
2007-07-10,268.95001220703125,272.1000061035156,262.0,263.25,227.31292724609375,23236
2007-07-11,263.25,265.0,260.0,263.1499938964844,227.2265625,43563
2007-07-12,264.0,270.0,261.1000061035156,266.20001220703125,229.86021423339844,59819
2007-07-13,270.0,274.0,263.0,270.25,233.35733032226562,69606
2007-07-16,275.95001220703125,280.0,271.1000061035156,275.6499938964844,238.0201873779297,148127
2007-07-17,279.0,286.0,277.1000061035156,280.6499938964844,242.33758544921875,127248
2007-07-18,277.0,293.3500061035156,274.0,290.0,256.8167419433594,208906
2007-07-19,295.6000061035156,295.6000061035156,285.3500061035156,287.8500061035156,254.91275024414062,126456
2007-07-20,290.0,292.0,270.1499938964844,273.95001220703125,242.6033172607422,92617
2007-07-23,270.04998779296875,279.0,270.04998779296875,272.29998779296875,241.14202880859375,63085
2007-07-24,276.95001220703125,276.95001220703125,269.04998779296875,270.70001220703125,239.7251434326172,49249
2007-07-25,273.8500061035156,279.0,266.5,277.6499938964844,245.8798370361328,61251
2007-07-26,276.0,282.5,276.0,281.0,248.84658813476562,57660
2007-07-27,262.1499938964844,275.04998779296875,262.1499938964844,274.0,242.64752197265625,45051
2007-07-30,280.0,285.95001220703125,271.0,278.04998779296875,246.23406982421875,50306
2007-07-31,281.0,285.0,278.6000061035156,281.1499938964844,248.97946166992188,16553
2007-08-01,283.95001220703125,283.95001220703125,275.25,277.1000061035156,245.39285278320312,29686
2007-08-02,273.5,279.0,273.5,276.5,244.86148071289062,9390
2007-08-03,278.0,281.95001220703125,272.04998779296875,275.0,243.5331268310547,16653
2007-08-06,265.0,287.0,265.0,280.0,247.96095275878906,43522
2007-08-07,283.95001220703125,288.0,279.0,281.25,249.0679168701172,22583
2007-08-08,281.25,288.0,279.04998779296875,280.3999938964844,248.31515502929688,44392
2007-08-09,282.0,288.0,278.0,279.29998779296875,247.3411102294922,48875
2007-08-10,275.20001220703125,279.0,272.0,277.04998779296875,245.3485565185547,22025
2007-08-13,279.79998779296875,283.0,274.25,279.1499938964844,247.20826721191406,24102
2007-08-14,279.0,285.8999938964844,274.20001220703125,274.8500061035156,243.40028381347656,31256
2007-08-16,265.1000061035156,272.45001220703125,265.0,270.45001220703125,239.50375366210938,46327
2007-08-17,269.0,269.3999938964844,259.1000061035156,265.29998779296875,234.9430389404297,20224
2007-08-20,265.29998779296875,271.75,259.6000061035156,260.8500061035156,231.0022430419922,15878
2007-08-21,260.8500061035156,264.0,254.0,256.1499938964844,226.84002685546875,15742
2007-08-22,253.5500030517578,260.6000061035156,252.0,256.3999938964844,227.0614013671875,15874
2007-08-23,250.10000610351562,264.0,250.10000610351562,261.3999938964844,231.48931884765625,42394
2007-08-24,258.25,261.95001220703125,257.54998779296875,259.95001220703125,230.20523071289062,8985
2007-08-27,262.0,264.0,260.25,262.0,232.0206298828125,4872
2007-08-28,261.0,266.79998779296875,261.0,264.70001220703125,234.41171264648438,4437
2007-08-29,259.1000061035156,264.8999938964844,259.1000061035156,262.20001220703125,232.19776916503906,5944
2007-08-30,265.8999938964844,266.70001220703125,261.04998779296875,264.6000061035156,234.3231201171875,7119
2007-08-31,283.0,283.0,263.54998779296875,267.04998779296875,236.49281311035156,12051
2007-09-03,268.0,273.95001220703125,265.1499938964844,271.1499938964844,240.12367248535156,20951
2007-09-04,270.0,275.95001220703125,268.0,272.20001220703125,241.05352783203125,63141
2007-09-05,269.0,273.8500061035156,268.25,269.6499938964844,238.79525756835938,8903
2007-09-06,260.1000061035156,270.0,260.1000061035156,263.3500061035156,233.2161865234375,6189
2007-09-07,265.25,267.8500061035156,259.6000061035156,260.1499938964844,230.38238525390625,11246
2007-09-10,260.0,264.0,258.04998779296875,261.8999938964844,231.93206787109375,15683
2007-09-11,265.0,265.0,258.0,263.8999938964844,233.70323181152344,13733
2007-09-12,261.79998779296875,265.0,254.1999969482422,256.45001220703125,227.10572814941406,9720
2007-09-13,258.0,261.0,257.0,258.3500061035156,228.78831481933594,7772
2007-09-14,256.6000061035156,262.75,253.10000610351562,253.6999969482422,224.67037963867188,20435
2007-09-17,284.1499938964844,284.1499938964844,251.1999969482422,253.0500030517578,224.0947723388672,13423
2007-09-18,257.5,264.0,252.5,260.5,230.69229125976562,17580
2007-09-19,262.0,263.0,259.0,260.25,230.47085571289062,17689
2007-09-20,260.0,263.0,257.25,260.45001220703125,230.64801025390625,30493
2007-09-21,260.1000061035156,263.75,260.0,260.0,230.24949645996094,7346
2007-09-24,250.0,274.8999938964844,250.0,259.0,229.36392211914062,9264
2007-09-25,256.04998779296875,262.79998779296875,251.10000610351562,261.6499938964844,231.71066284179688,15266
2007-09-26,261.6499938964844,273.29998779296875,258.25,266.0,235.56298828125,72948
2007-09-27,272.0,272.95001220703125,261.8500061035156,262.25,232.24203491210938,21409
2007-09-28,262.0,265.0,260.1000061035156,260.6499938964844,230.8251190185547,5031
2007-10-01,260.6499938964844,266.79998779296875,257.1499938964844,264.1000061035156,233.88034057617188,20795
2007-10-03,263.0,266.0,254.0,258.54998779296875,228.96539306640625,30995
2007-10-04,259.1499938964844,262.0,250.0,253.60000610351562,224.58180236816406,31726
2007-10-05,252.5,260.0,251.25,256.04998779296875,226.7514190673828,60422
2007-10-08,255.5,255.5,244.14999389648438,245.39999389648438,217.32009887695312,16536
2007-10-09,250.0,250.0,244.75,249.10000610351562,220.59674072265625,10232
2007-10-10,249.0,251.9499969482422,235.0,240.3000030517578,212.80368041992188,22637
2007-10-11,244.9499969482422,247.0,243.0,245.10000610351562,217.05447387695312,4725
2007-10-12,242.0,250.89999389648438,232.85000610351562,245.6999969482422,217.58575439453125,10207
2007-10-15,243.1999969482422,249.9499969482422,243.1999969482422,245.0500030517578,217.0101318359375,8587
2007-10-16,242.60000610351562,251.85000610351562,225.4499969482422,250.0,221.3937530517578,21970
2007-10-17,233.0500030517578,245.0,233.0500030517578,243.0500030517578,215.239013671875,8337
2007-10-18,244.0,249.0,236.0500030517578,239.5500030517578,212.1394805908203,17091
2007-10-19,238.0,239.5,232.35000610351562,233.89999389648438,207.13600158691406,6149
2007-10-22,254.89999389648438,254.89999389648438,232.10000610351562,234.0,207.22454833984375,3839
2007-10-23,234.0,250.0,234.0,248.89999389648438,220.4196014404297,29074
2007-10-24,255.0,256.8999938964844,245.0,245.9499969482422,217.80714416503906,16209
2007-10-25,249.75,251.89999389648438,241.1999969482422,242.5,214.751953125,8309
2007-10-26,246.0,246.9499969482422,241.10000610351562,242.10000610351562,214.397705078125,9113
2007-10-29,250.0,259.0,242.5,245.25,217.18727111816406,43668
2007-10-30,250.0,250.0,242.0500030517578,245.89999389648438,217.76287841796875,136031
2007-10-31,250.0,255.0,247.3000030517578,248.8000030517578,220.33103942871094,20484
2007-11-01,245.0,294.0,245.0,254.60000610351562,225.4674072265625,46519
2007-11-02,254.0,258.0,248.0,249.25,220.72955322265625,18142
2007-11-05,250.0,250.0,242.64999389648438,244.0,216.08030700683594,7741
2007-11-06,250.0,250.0,242.5,247.10000610351562,218.82557678222656,34620
2007-11-07,250.1999969482422,250.1999969482422,241.10000610351562,247.8000030517578,219.44546508789062,16092
2007-11-08,241.5,247.0,241.5,245.75,217.6300811767578,11105
2007-11-12,245.0,248.39999389648438,240.0500030517578,245.8000030517578,217.6743621826172,3230
2007-11-13,245.0,257.5,241.0500030517578,249.8000030517578,221.21664428710938,39962
2007-11-14,252.25,256.6000061035156,245.0500030517578,247.9499969482422,219.57833862304688,11572
2007-11-15,248.0,250.5,246.10000610351562,249.6999969482422,221.12808227539062,9076
2007-11-16,255.0,265.0,250.0,259.1499938964844,229.49673461914062,41909
2007-11-19,279.0,288.0,262.0,265.1000061035156,234.76588439941406,36008
2007-11-20,274.0,274.0,255.0,259.0,229.36392211914062,28222
2007-11-21,262.0,264.0,247.0,249.64999389648438,221.08377075195312,10691
2007-11-22,250.0,251.0,242.9499969482422,247.0,218.73704528808594,13260
2007-11-23,255.5,255.5,243.0,245.0500030517578,217.0101318359375,4487
2007-11-26,247.14999389648438,254.60000610351562,246.10000610351562,252.0,223.16490173339844,5814
2007-11-27,249.0,251.0,245.60000610351562,250.6999969482422,222.0136260986328,9287
2007-11-28,248.0,253.9499969482422,247.0,251.25,222.50071716308594,18733
2007-11-29,253.0,255.0,248.1999969482422,254.0500030517578,224.98031616210938,30410
2007-11-30,255.0,258.0,252.10000610351562,255.5,226.26443481445312,21265
2007-12-03,252.0,257.8999938964844,248.14999389648438,255.1999969482422,225.9987335205078,8749
2007-12-04,251.10000610351562,254.0,248.0,252.35000610351562,223.47488403320312,12957
2007-12-05,254.9499969482422,274.0,251.35000610351562,268.6499938964844,237.90972900390625,49419
2007-12-06,270.29998779296875,275.0,262.5,265.20001220703125,234.8545379638672,24471
2007-12-07,263.0,266.0,251.0,257.8999938964844,228.3897705078125,8849
2007-12-10,264.0,270.0,259.0,260.0,230.24949645996094,12980
2007-12-11,262.5,267.0,258.6000061035156,261.75,231.7992706298828,33779
2007-12-12,264.8999938964844,268.0,260.0,266.6000061035156,236.09426879882812,30860
2007-12-13,263.0,271.45001220703125,263.0,268.54998779296875,237.8211669921875,50616
2007-12-14,269.0,284.0,265.0,276.0,244.41873168945312,66111
2007-12-17,317.0,317.0,266.0,269.54998779296875,238.7067108154297,55857
2007-12-18,271.1499938964844,275.8999938964844,267.0,272.0,240.87635803222656,14091
2007-12-19,275.0,276.45001220703125,266.0,268.0,237.33409118652344,10688
2007-12-20,273.79998779296875,274.0,265.0,265.3500061035156,234.98733520507812,15751
2007-12-24,270.04998779296875,273.8999938964844,265.0,266.0,235.56298828125,11682
2007-12-26,266.0,274.5,266.0,269.54998779296875,238.7067108154297,21955
2007-12-27,273.0,275.0,268.1499938964844,269.29998779296875,238.4853973388672,12322
2007-12-28,265.8999938964844,321.8999938964844,265.8999938964844,314.25,278.2919006347656,373190
2007-12-31,318.6000061035156,329.0,310.1000061035156,319.79998779296875,283.20684814453125,232916
2008-01-01,326.0,327.0,315.0,317.79998779296875,281.43572998046875,88642
2008-01-02,317.5,324.8999938964844,309.1499938964844,315.8500061035156,279.7088623046875,44106
2008-01-03,315.0,341.5,310.04998779296875,325.04998779296875,287.85614013671875,145479
2008-01-04,330.79998779296875,341.0,325.5,329.3999938964844,291.7084045410156,82293
2008-01-07,321.0,325.0,312.0,314.45001220703125,278.468994140625,28145
2008-01-08,321.0,324.3500061035156,297.8999938964844,306.04998779296875,271.0302429199219,41893
2008-01-09,307.0,329.75,297.0,306.6000061035156,271.5173034667969,66615
2008-01-10,307.0,312.5,282.0,289.95001220703125,256.7724914550781,21711
2008-01-11,298.0,298.0,282.0,286.5,253.7172393798828,18116
2008-01-14,289.0,305.70001220703125,286.0,302.6499938964844,268.019287109375,21731
2008-01-15,315.0,325.0,290.0,293.95001220703125,260.3147888183594,47084
2008-01-16,290.0,292.8999938964844,280.20001220703125,285.75,253.05303955078125,12437
2008-01-17,288.20001220703125,309.79998779296875,288.20001220703125,299.8999938964844,265.5838928222656,21543
2008-01-18,295.0,298.5,275.0,279.0,247.0753631591797,11927
2008-01-21,275.0,275.0,235.0,243.60000610351562,215.72607421875,22742
2008-01-22,223.0,241.5,202.0,220.14999389648438,194.95933532714844,12235
2008-01-23,230.0,245.1999969482422,226.0,241.8000030517578,214.1320343017578,8425
2008-01-24,263.70001220703125,263.70001220703125,235.10000610351562,240.5500030517578,213.0250701904297,21607
2008-01-25,245.0,250.0,240.0,247.0,218.73704528808594,6959
2008-01-28,250.0,250.0,231.1999969482422,237.6999969482422,210.5011749267578,1993
2008-01-29,244.89999389648438,247.0,236.0,239.89999389648438,212.44944763183594,6873
2008-01-30,244.0,246.10000610351562,236.0,244.35000610351562,216.39022827148438,13509
2008-01-31,243.0,243.0,230.0,239.9499969482422,212.49371337890625,15228
2008-02-01,236.0500030517578,243.9499969482422,232.5,235.75,208.77430725097656,4190
2008-02-04,243.9499969482422,248.0,241.25,245.35000610351562,217.2758331298828,9915
2008-02-05,247.0,247.5,240.85000610351562,242.8000030517578,215.01760864257812,2123
2008-02-06,222.0,246.0,222.0,240.3000030517578,212.80368041992188,4615
2008-02-07,242.39999389648438,246.0,236.10000610351562,238.10000610351562,210.85537719726562,4092
2008-02-08,237.0,242.0,228.10000610351562,231.0,204.5678253173828,6498
2008-02-11,230.0,236.4499969482422,213.10000610351562,218.3000030517578,193.32102966308594,10998
2008-02-12,217.0,224.75,215.0,217.25,192.39117431640625,7550
2008-02-13,207.0,227.0,207.0,220.14999389648438,194.95933532714844,7460
2008-02-14,229.9499969482422,233.6999969482422,223.0,231.5,205.0105743408203,8293
2008-02-15,235.4499969482422,239.9499969482422,228.0,230.60000610351562,204.21363830566406,4952
2008-02-18,230.0,235.75,226.0,228.85000610351562,202.66384887695312,5591
2008-02-19,230.0,236.0,228.14999389648438,230.1999969482422,203.859375,2763
2008-02-20,233.0,235.0,225.5,227.35000610351562,201.33546447753906,2032
2008-02-21,230.0,233.9499969482422,226.39999389648438,230.25,203.9036407470703,1477
2008-02-22,234.9499969482422,234.9499969482422,227.0500030517578,228.6999969482422,202.531005859375,2343
2008-02-25,225.0500030517578,232.0,223.0,225.14999389648438,199.38723754882812,4275
2008-02-26,229.0,232.0,225.35000610351562,228.5500030517578,202.39816284179688,3373
2008-02-27,230.0,233.10000610351562,228.0,229.25,203.01808166503906,3930
2008-02-28,229.75,234.89999389648438,229.1999969482422,232.4499969482422,205.85189819335938,2109
2008-02-29,236.0,237.0,224.14999389648438,235.0,208.11013793945312,3226
2008-03-03,228.0,230.10000610351562,221.0,227.0,201.02552795410156,6516
2008-03-04,225.0,228.1999969482422,217.0500030517578,222.3000030517578,196.8633270263672,8857
2008-03-05,218.14999389648438,223.5,217.0,218.89999389648438,193.8523406982422,3330
2008-03-07,215.0,217.0,210.5,211.4499969482422,187.25479125976562,11761
2008-03-10,204.0,215.0,203.25,213.14999389648438,188.7603302001953,9386
2008-03-11,214.0,220.89999389648438,210.8000030517578,212.5,188.18467712402344,9562
2008-03-12,219.0,223.0,211.10000610351562,212.39999389648438,188.09609985351562,6447
2008-03-13,213.0,213.4499969482422,202.0,204.0500030517578,180.70155334472656,8579
2008-03-14,203.0500030517578,209.0,199.0,203.0500030517578,179.81600952148438,8723
2008-03-17,203.0,203.0,189.14999389648438,190.60000610351562,168.7906036376953,11151
2008-03-18,187.60000610351562,195.0,185.0,185.4499969482422,164.2298583984375,11485
2008-03-19,200.0,200.0,180.10000610351562,182.35000610351562,161.48458862304688,9139
2008-03-24,185.0500030517578,185.0500030517578,164.14999389648438,165.1999969482422,146.29701232910156,37892
2008-03-25,170.0,185.0,167.0,180.0,159.40350341796875,15920
2008-03-26,178.10000610351562,185.9499969482422,175.0500030517578,175.60000610351562,155.50698852539062,27191
2008-03-27,176.0,184.89999389648438,174.5500030517578,181.64999389648438,160.8647003173828,11198
2008-03-28,184.0,194.89999389648438,181.35000610351562,191.0,169.1448516845703,11094
2008-03-31,189.0,196.85000610351562,188.0,194.1999969482422,171.97866821289062,10489
2008-04-01,199.85000610351562,199.85000610351562,191.60000610351562,194.60000610351562,172.33290100097656,20949
2008-04-02,195.5,197.0,189.0,193.10000610351562,171.00453186035156,6815
2008-04-03,195.0,195.0,189.0,189.8000030517578,168.08213806152344,4400
2008-04-04,190.0500030517578,192.5,184.75,186.14999389648438,164.8497772216797,5695
2008-04-07,191.75,191.75,185.5500030517578,186.39999389648438,165.07115173339844,5318
2008-04-08,187.0,188.0,183.60000610351562,184.35000610351562,163.25576782226562,8339
2008-04-09,188.0,188.89999389648438,184.0,188.0500030517578,166.5324249267578,5332
2008-04-10,188.0,211.60000610351562,186.1999969482422,198.3000030517578,175.6094970703125,71664
2008-04-11,209.0,209.0,200.25,204.4499969482422,181.0557861328125,26295
2008-04-15,204.0,206.0,202.0500030517578,203.9499969482422,180.61302185058594,17495
2008-04-16,209.0,214.4499969482422,206.0,210.14999389648438,186.1035614013672,34286
2008-04-17,211.0,214.9499969482422,209.0,210.64999389648438,186.5463409423828,24887
2008-04-21,214.89999389648438,218.0,211.0,215.4499969482422,190.79714965820312,11613
2008-04-22,220.0,222.0,213.60000610351562,214.3000030517578,189.77874755859375,9862
2008-04-23,215.8000030517578,218.0,212.64999389648438,214.10000610351562,189.6016082763672,14153
2008-04-24,216.75,218.0,211.0,212.60000610351562,188.2732696533203,6582
2008-04-25,216.0,221.8000030517578,211.35000610351562,212.5,188.18467712402344,19753
2008-04-28,216.8000030517578,216.8000030517578,208.0,208.5500030517578,184.6866912841797,10148
2008-04-29,211.0,214.0,208.0,213.0500030517578,188.6717529296875,3844
2008-04-30,216.0,219.89999389648438,211.0,212.0500030517578,187.78616333007812,10634
2008-05-02,218.6999969482422,218.6999969482422,211.5,212.4499969482422,188.1404266357422,9939
2008-05-05,212.0,215.89999389648438,210.25,211.89999389648438,187.65335083007812,6023
2008-05-06,210.0500030517578,216.0,209.75,213.5,189.07025146484375,7565
2008-05-07,211.0,215.9499969482422,211.0,211.85000610351562,187.60906982421875,7330
2008-05-08,211.5,212.0,207.0,209.5,185.52793884277344,8309
2008-05-09,212.0,239.5,208.1999969482422,225.3000030517578,199.5200653076172,941460
2008-05-12,240.0,256.8999938964844,228.35000610351562,253.14999389648438,224.1833038330078,828928
2008-05-13,255.0,258.0,238.35000610351562,247.8000030517578,219.44546508789062,385963
2008-05-14,246.0,251.0,239.0500030517578,241.35000610351562,213.73355102539062,169468
2008-05-15,250.0500030517578,261.0,242.0,245.1999969482422,217.14300537109375,544881
2008-05-16,253.0,253.0,246.10000610351562,250.0,221.3937530517578,219950
2008-05-20,250.0500030517578,258.1499938964844,248.25,256.8500061035156,227.45993041992188,123989
2008-05-21,256.8500061035156,258.8999938964844,255.0,256.8999938964844,227.5041961669922,38489
2008-05-22,255.0,261.1000061035156,254.9499969482422,256.1000061035156,226.79576110839844,41189
2008-05-23,260.8500061035156,260.8500061035156,255.14999389648438,255.4499969482422,226.22015380859375,39206
2008-05-26,250.5,258.79998779296875,250.5,255.10000610351562,225.91017150878906,28932
2008-05-27,253.5500030517578,256.3999938964844,251.5,253.60000610351562,224.58180236816406,32026
2008-05-28,251.0,254.4499969482422,251.0,253.85000610351562,224.80320739746094,10623
2008-05-29,252.0500030517578,256.6000061035156,252.0500030517578,254.8000030517578,225.6444854736328,9284
2008-05-30,253.14999389648438,257.79998779296875,253.14999389648438,255.0,225.8216094970703,36668
2008-06-02,255.0,257.0,252.5500030517578,253.5,224.4932403564453,84458
2008-06-03,252.0,254.89999389648438,250.3000030517578,251.0500030517578,222.32359313964844,139897
2008-06-04,252.0,253.0,250.5,251.10000610351562,222.36790466308594,83864
2008-06-05,251.10000610351562,253.0,251.10000610351562,251.89999389648438,223.07632446289062,25500
2008-06-06,251.5,253.6999969482422,251.3000030517578,252.25,223.38629150390625,7562
2008-06-09,248.75,252.89999389648438,248.75,252.39999389648438,223.51914978027344,29963
2008-06-10,253.0,253.60000610351562,251.1999969482422,253.10000610351562,224.1390380859375,22996
2008-06-11,253.14999389648438,254.89999389648438,252.35000610351562,252.64999389648438,223.74050903320312,37917
2008-06-12,252.39999389648438,254.39999389648438,251.5,253.10000610351562,224.1390380859375,21713
2008-06-13,253.10000610351562,254.8000030517578,252.35000610351562,253.0500030517578,224.0947723388672,20376
2008-06-16,253.14999389648438,254.4499969482422,253.0500030517578,253.35000610351562,224.36044311523438,13651
2008-06-17,254.10000610351562,265.29998779296875,254.10000610351562,259.95001220703125,230.20523071289062,199306
2008-06-18,264.0,265.5,260.1000061035156,261.95001220703125,231.9763641357422,51649
2008-06-19,261.04998779296875,266.5,261.04998779296875,262.75,232.684814453125,91121
2008-06-20,262.75,264.0,259.70001220703125,260.5,230.69229125976562,95302
2008-06-23,258.1000061035156,263.8999938964844,258.1000061035156,260.25,230.47085571289062,74699
2008-06-24,262.0,262.0,259.04998779296875,260.6000061035156,230.78085327148438,27771
2008-06-25,259.1499938964844,264.0,259.1499938964844,262.8999938964844,232.81764221191406,15386
2008-06-26,264.0,264.70001220703125,261.5,263.8999938964844,233.70323181152344,31915
2008-06-27,262.0,264.8999938964844,262.0,263.3999938964844,233.2604522705078,54516
2008-06-30,264.8999938964844,265.0,263.1000061035156,263.70001220703125,233.52613830566406,29735
2008-07-01,263.1499938964844,264.8500061035156,262.5,263.1499938964844,233.03903198242188,31811
2008-07-02,264.0,264.04998779296875,262.0,263.0,232.90621948242188,112049
2008-07-03,263.0,263.45001220703125,261.1000061035156,262.45001220703125,232.419189453125,89510
2008-07-04,261.25,264.54998779296875,260.54998779296875,262.54998779296875,232.50767517089844,34877
2008-07-07,263.0,268.6000061035156,263.0,267.1000061035156,236.53709411621094,66533
2008-07-08,269.0,277.95001220703125,268.75,277.3500061035156,245.6142120361328,392845
2008-07-09,279.25,279.5,276.0,277.29998779296875,245.5699462890625,68281
2008-07-10,278.0,279.5,276.0,278.95001220703125,247.03115844726562,110350
2008-07-11,277.0,278.79998779296875,276.25,276.3999938964844,244.7729034423828,52747
2008-07-14,276.0,286.0,276.0,282.1000061035156,249.8207550048828,245481
2008-07-15,281.0,285.8999938964844,275.3999938964844,276.54998779296875,244.90574645996094,214741
2008-07-16,276.6000061035156,280.0,275.1000061035156,276.75,245.0828857421875,74517
2008-07-17,290.0,297.5,284.5,285.54998779296875,252.87594604492188,892549
2008-07-18,285.1000061035156,286.1499938964844,282.1499938964844,284.8999938964844,252.3002471923828,202109
2008-07-21,285.0,285.8999938964844,282.8500061035156,283.1499938964844,250.75057983398438,95921
2008-07-22,282.1000061035156,287.8999938964844,279.95001220703125,286.6000061035156,253.8057861328125,69417
2008-07-23,290.0,290.0,284.8500061035156,286.75,253.93865966796875,84412
2008-07-24,287.5,293.0,283.8999938964844,289.3999938964844,256.285400390625,65322
2008-07-25,285.0,285.0,282.25,283.1000061035156,250.7062530517578,14289
2008-07-28,287.8999938964844,288.0,279.20001220703125,280.54998779296875,248.4480438232422,12437
2008-07-29,281.5,283.75,276.6499938964844,282.1499938964844,249.86497497558594,3883
2008-07-30,284.0,285.1499938964844,280.6000061035156,284.6000061035156,252.03457641601562,3621
2008-07-31,280.0,280.0,268.25,270.75,245.81553649902344,4647
2008-08-01,268.25,286.8500061035156,268.25,278.25,252.624755859375,16006
2008-08-04,280.0,285.79998779296875,278.0,281.54998779296875,255.62088012695312,14074
2008-08-05,281.1499938964844,282.0,277.5,281.04998779296875,255.16690063476562,2299
2008-08-06,283.5,283.8500061035156,279.8999938964844,282.1499938964844,256.16558837890625,5662
2008-08-07,280.04998779296875,284.75,278.0,278.8999938964844,253.21490478515625,2349
2008-08-08,278.04998779296875,284.0,278.0,279.1499938964844,253.44186401367188,2463
2008-08-11,280.6000061035156,285.0,279.0,280.70001220703125,254.84915161132812,7816
2008-08-12,287.8999938964844,289.0,283.75,285.20001220703125,258.93475341796875,6439
2008-08-13,289.5,289.5,285.1000061035156,286.25,259.88800048828125,1601
2008-08-14,292.0,292.0,283.20001220703125,284.1000061035156,257.9360046386719,1521
2008-08-18,285.0,287.0,282.0,282.79998779296875,256.7557373046875,1251
2008-08-19,282.25,284.6499938964844,281.0,282.1000061035156,256.1202392578125,794
2008-08-20,281.1000061035156,284.0,281.1000061035156,282.5,256.48333740234375,2104
2008-08-21,286.8999938964844,286.8999938964844,278.1499938964844,280.5,254.66754150390625,1488
2008-08-22,280.0,280.0,277.0,278.3999938964844,252.76097106933594,2950
2008-08-25,281.0,283.5,274.45001220703125,279.29998779296875,253.57806396484375,3124
2008-08-26,279.0,280.0,276.45001220703125,279.5,253.7596893310547,956
2008-08-27,280.0,280.54998779296875,276.0,279.3999938964844,253.6688995361328,1452
2008-08-28,280.0,280.0,278.0,278.0,252.3977813720703,3575
2008-08-29,277.1499938964844,281.20001220703125,277.1499938964844,277.8500061035156,252.2616424560547,1636
2008-09-01,279.8999938964844,279.8999938964844,274.29998779296875,274.6000061035156,249.3109588623047,2429
2008-09-02,274.0,277.1000061035156,271.8500061035156,272.70001220703125,247.58587646484375,2581
2008-09-04,272.5,275.95001220703125,271.0,274.70001220703125,249.4017333984375,2940
2008-09-05,272.75,275.5,272.0,275.3500061035156,249.99188232421875,1835
2008-09-08,275.5,278.0,270.0,271.25,246.26943969726562,2043
2008-09-09,276.8999938964844,276.8999938964844,261.0,263.6499938964844,239.3693084716797,5060
2008-09-10,264.8999938964844,274.3999938964844,262.3999938964844,273.54998779296875,248.35763549804688,21147
2008-09-11,268.04998779296875,271.20001220703125,268.0,269.75,244.9075927734375,3984
2008-09-12,266.25,276.0,266.25,270.3999938964844,245.49766540527344,949
2008-09-15,274.0,274.0,262.04998779296875,263.0,238.77923583984375,6126
2008-09-16,259.0,264.1000061035156,258.0,260.04998779296875,236.10089111328125,2778
2008-09-17,261.1000061035156,262.0,257.0,258.8999938964844,235.0567626953125,2356
2008-09-18,260.0,260.0,250.0500030517578,257.25,233.55877685546875,2223
2008-09-19,264.0,264.0,260.0,262.54998779296875,238.3706512451172,878
2008-09-22,253.0,263.8999938964844,245.4499969482422,258.25,234.46664428710938,577
2008-09-23,254.3000030517578,273.0,254.25,266.04998779296875,241.54827880859375,2517
2008-09-24,266.1499938964844,270.0,263.0,265.0,240.5950164794922,741
2008-09-25,265.0,265.0,262.0,262.04998779296875,237.91673278808594,395
2008-09-26,263.0,263.0,258.0,258.0,234.2396697998047,999
2008-09-29,262.45001220703125,262.45001220703125,245.0,248.0,225.16061401367188,1338
2008-09-30,240.10000610351562,240.5,229.0,239.0,216.98944091796875,8614
2008-10-01,235.75,247.0,235.75,243.60000610351562,221.1658477783203,2101
2008-10-03,254.0,254.0,232.10000610351562,233.3000030517578,211.81443786621094,1630
2008-10-06,230.0,236.5,222.0,233.60000610351562,212.08676147460938,2332
2008-10-07,244.89999389648438,244.89999389648438,221.0,224.1999969482422,203.552490234375,2117
2008-10-08,215.0500030517578,222.39999389648438,210.25,219.0,198.83135986328125,3013
2008-10-10,215.0,218.6999969482422,205.0,208.75,189.52532958984375,3010
2008-10-13,210.0,235.0,206.9499969482422,219.1999969482422,199.01295471191406,5357
2008-10-14,218.0,234.14999389648438,218.0,223.75,203.1439208984375,3422
2008-10-15,228.0,228.0,220.0,220.3000030517578,200.01165771484375,1877
2008-10-16,215.0,225.0,212.0500030517578,222.89999389648438,202.3721923828125,1115
2008-10-17,230.0,232.9499969482422,220.3000030517578,223.5,202.9169158935547,1612
2008-10-20,222.0,234.8000030517578,213.0,228.39999389648438,207.3656463623047,3331
2008-10-21,227.0,229.0,215.0500030517578,221.35000610351562,200.96495056152344,974
2008-10-22,222.0,228.9499969482422,222.0,224.1999969482422,203.552490234375,4517
2008-10-23,202.10000610351562,233.6999969482422,202.0500030517578,217.75,197.69650268554688,2211
2008-10-24,229.0,230.0,212.14999389648438,219.0,198.83135986328125,2941
2008-10-27,225.0,225.0,190.10000610351562,200.0500030517578,181.62652587890625,3549
2008-10-29,207.64999389648438,221.0,207.25,214.4499969482422,194.70040893554688,1428
2008-10-31,205.0500030517578,220.0,205.0500030517578,218.85000610351562,198.6951904296875,3397
2008-11-03,219.0,225.75,212.14999389648438,222.25,201.7820587158203,1367
2008-11-04,250.0,250.0,211.0500030517578,225.10000610351562,204.36959838867188,2069
2008-11-05,229.0,234.89999389648438,223.25,225.10000610351562,204.36959838867188,2673
2008-11-06,220.0,233.75,212.10000610351562,230.25,209.04530334472656,1569
2008-11-07,230.0,230.0,222.0,224.6999969482422,204.0063934326172,614
2008-11-10,232.0,234.85000610351562,222.0,230.39999389648438,209.18148803710938,1455
2008-11-11,233.0,233.0,224.0,227.89999389648438,206.9117431640625,1607
2008-11-12,221.60000610351562,228.0,220.25,221.89999389648438,201.46429443359375,1432
2008-11-14,229.75,229.75,217.14999389648438,224.1999969482422,203.552490234375,765
2008-11-17,225.0,227.9499969482422,220.0,224.0500030517578,203.41627502441406,4977
2008-11-18,223.0,228.0,217.0,224.25,203.59788513183594,1201
2008-11-19,224.0,225.0,217.6999969482422,224.85000610351562,204.14259338378906,713
2008-11-20,211.1999969482422,220.0,205.60000610351562,213.8000030517578,194.11026000976562,9645
2008-11-21,214.0,228.0,208.0500030517578,221.14999389648438,200.78334045410156,5606
2008-11-24,221.0,230.0,211.0,226.64999389648438,205.77685546875,887
2008-11-25,267.45001220703125,267.45001220703125,217.0,224.3000030517578,203.64328002929688,1915
2008-11-26,224.10000610351562,227.4499969482422,215.14999389648438,224.9499969482422,204.2333984375,1520
2008-11-27,224.9499969482422,224.9499969482422,224.9499969482422,224.9499969482422,204.2333984375,0
2008-11-28,225.0,225.0,217.0,222.0,201.55506896972656,515
2008-12-01,222.0,228.89999389648438,220.0,225.0,204.27880859375,733
2008-12-02,227.8000030517578,227.8000030517578,215.0500030517578,224.3000030517578,203.64328002929688,594
2008-12-03,224.3000030517578,224.89999389648438,220.0500030517578,224.75,204.05178833007812,966
2008-12-04,224.0,230.8000030517578,224.0,224.35000610351562,203.6886444091797,1767
2008-12-05,220.4499969482422,228.75,220.4499969482422,227.4499969482422,206.503173828125,526
2008-12-08,217.60000610351562,231.5,217.60000610351562,224.1999969482422,203.552490234375,870
2008-12-10,225.0,229.75,221.39999389648438,224.0,203.370849609375,1359
2008-12-11,234.0,234.0,218.8000030517578,224.14999389648438,203.50704956054688,681
2008-12-12,232.0,232.0,217.10000610351562,221.5,201.10113525390625,1137
2008-12-15,223.0,240.75,200.4499969482422,237.0,215.17367553710938,5679
2008-12-16,239.5,239.5,232.60000610351562,233.3000030517578,211.81443786621094,824
2008-12-17,232.64999389648438,236.9499969482422,220.0500030517578,223.1999969482422,202.64456176757812,1022
2008-12-18,225.0,230.75,222.9499969482422,229.75,208.5913543701172,1214
2008-12-19,227.0,227.0,222.8000030517578,224.25,203.59788513183594,3509
2008-12-22,225.0,225.0,221.75,224.14999389648438,203.50704956054688,532
2008-12-23,220.64999389648438,228.0,220.64999389648438,224.60000610351562,203.91563415527344,482
2008-12-24,221.0,229.0,221.0,224.39999389648438,203.73403930664062,500
2008-12-26,221.0,247.35000610351562,220.25,234.1999969482422,212.6315155029297,4809
2008-12-29,230.0,230.0,225.0,226.6999969482422,205.82225036621094,1326
2008-12-30,222.0500030517578,228.8000030517578,222.0500030517578,224.6999969482422,204.0063934326172,716
2008-12-31,226.5,232.8000030517578,225.0,227.60000610351562,206.6393585205078,1407
2009-01-02,229.35000610351562,229.35000610351562,221.25,223.0,202.46298217773438,792
2009-01-05,214.0,234.0,202.0,226.0,205.1867218017578,3483
2009-01-06,227.0,227.0,224.35000610351562,224.35000610351562,203.6886444091797,845
2009-01-07,225.0,231.9499969482422,218.0500030517578,225.60000610351562,204.82354736328125,2265
2009-01-09,222.0,222.0,215.10000610351562,217.3000030517578,197.28794860839844,1292
2009-01-12,222.0,244.75,215.0,219.75,199.51226806640625,1582
2009-01-13,217.0,225.0,216.9499969482422,218.3000030517578,198.19581604003906,779
2009-01-14,216.0,222.0,215.25,217.9499969482422,197.8780517578125,1138
2009-01-15,201.25,218.75,201.25,218.3000030517578,198.19581604003906,744
2009-01-16,213.0,222.0,211.9499969482422,213.4499969482422,193.79249572753906,3353
2009-01-19,220.0,221.89999389648438,191.60000610351562,208.9499969482422,189.7069091796875,142412
2009-01-20,197.5,213.0,197.5,209.5500030517578,190.25164794921875,4315
2009-01-21,198.10000610351562,210.9499969482422,198.10000610351562,206.1999969482422,187.2101593017578,2614
2009-01-22,203.0500030517578,206.0,193.9499969482422,198.64999389648438,180.35548400878906,2973
2009-01-23,194.0500030517578,201.0,193.9499969482422,195.39999389648438,177.40480041503906,1207
2009-01-27,194.0,194.4499969482422,180.0,190.25,172.72903442382812,1734
2009-01-28,191.0,191.0,186.25,188.8000030517578,171.41262817382812,1377
2009-01-29,186.3000030517578,192.89999389648438,186.3000030517578,188.10000610351562,170.777099609375,666
2009-01-30,185.0500030517578,194.9499969482422,182.0500030517578,183.89999389648438,166.9638671875,4560
2009-02-02,185.0,187.9499969482422,185.0,187.35000610351562,170.09613037109375,773
2009-02-03,185.0,189.8000030517578,181.10000610351562,182.4499969482422,165.6473846435547,1173
2009-02-04,181.0,187.9499969482422,181.0,184.8000030517578,167.781005859375,693
2009-02-05,182.0,188.85000610351562,182.0,182.14999389648438,165.37503051757812,1043
2009-02-06,183.0,188.0,181.9499969482422,183.0,166.14674377441406,3604
2009-02-09,185.0,190.0,180.5500030517578,182.39999389648438,165.60202026367188,1087
2009-02-10,182.0,189.5,180.1999969482422,184.5,167.50860595703125,1536
2009-02-11,181.25,188.0,181.25,182.0500030517578,165.28424072265625,420
2009-02-12,182.10000610351562,188.9499969482422,182.0,182.14999389648438,165.37503051757812,733
2009-02-13,178.6999969482422,187.0,178.6999969482422,184.5,167.50860595703125,396
2009-02-16,186.0,187.0,181.8000030517578,182.1999969482422,165.42044067382812,241
2009-02-17,182.0,183.3000030517578,179.0,179.5500030517578,163.01449584960938,910
2009-02-18,177.0,180.0,176.0,177.10000610351562,160.7901153564453,87
2009-02-19,173.60000610351562,182.0,173.60000610351562,177.9499969482422,161.5618133544922,302
2009-02-20,177.0500030517578,178.89999389648438,175.5,175.5,159.3374481201172,1093
2009-02-24,178.0,178.0,172.0,173.14999389648438,157.20387268066406,373
2009-02-25,175.0,175.0,170.0500030517578,172.10000610351562,156.25057983398438,758
2009-02-26,166.0500030517578,174.0,166.0,172.4499969482422,156.56834411621094,429
2009-02-27,171.0,171.9499969482422,169.14999389648438,171.0,155.2519073486328,1584
2009-03-02,170.0,171.0,167.0,169.0,153.43605041503906,828
2009-03-03,168.9499969482422,170.0,167.0,168.0500030517578,152.57357788085938,499
2009-03-04,166.0,172.0,166.0,169.8000030517578,154.1623992919922,1948
2009-03-05,170.8000030517578,170.8000030517578,166.0,166.1999969482422,150.89395141601562,943
2009-03-06,165.0,169.0,163.0500030517578,167.89999389648438,152.4373779296875,1951
2009-03-09,167.10000610351562,170.85000610351562,166.14999389648438,168.89999389648438,153.3452911376953,453
2009-03-12,170.0,170.3000030517578,166.0,166.0500030517578,150.75775146484375,834
2009-03-13,167.0,169.9499969482422,163.5,165.8000030517578,150.53077697753906,2601
2009-03-16,165.14999389648438,183.3000030517578,165.14999389648438,175.5,159.3374481201172,1221
2009-03-17,177.0,184.0,177.0,178.10000610351562,161.69802856445312,960
2009-03-18,176.0,181.35000610351562,174.0500030517578,174.14999389648438,158.11175537109375,4590
2009-03-19,175.0,178.9499969482422,173.1999969482422,173.5500030517578,157.56703186035156,8523
2009-03-20,175.0,176.0,171.39999389648438,173.1999969482422,157.24928283691406,1296
2009-03-23,172.0,184.89999389648438,172.0,183.14999389648438,166.2829132080078,1748
2009-03-24,185.0,185.0,176.5500030517578,176.6999969482422,160.42694091796875,988
2009-03-25,178.0,181.89999389648438,175.0500030517578,180.0,163.4230499267578,396
2009-03-26,180.0,180.0,177.0,178.75,162.2881622314453,1708
2009-03-27,178.0,187.89999389648438,178.0,178.5500030517578,162.10658264160156,12561
2009-03-30,180.0,180.0,175.5500030517578,176.89999389648438,160.60853576660156,1376
2009-03-31,176.25,182.0,176.25,179.1999969482422,162.69668579101562,961
2009-04-01,180.0,187.64999389648438,180.0,183.9499969482422,167.00927734375,1417
2009-04-02,184.89999389648438,192.0,182.39999389648438,188.89999389648438,171.50340270996094,2709
2009-04-06,198.0,199.75,190.0,191.3000030517578,173.68234252929688,3007
2009-04-08,203.75,203.75,191.0500030517578,192.5,174.7718505859375,1078
2009-04-09,192.0,202.0,190.0,199.1999969482422,180.85482788085938,4135
2009-04-13,200.0,207.0,194.0,204.39999389648438,185.575927734375,3508
2009-04-15,197.0500030517578,245.3000030517578,197.0,230.25,209.04530334472656,52468
2009-04-16,238.89999389648438,249.89999389648438,215.14999389648438,221.64999389648438,201.23731994628906,12262
2009-04-17,228.9499969482422,228.9499969482422,217.0,218.3000030517578,198.19581604003906,9325
2009-04-20,218.5,221.8000030517578,212.0,213.85000610351562,194.1556854248047,3268
2009-04-21,215.0,215.5500030517578,209.5500030517578,210.9499969482422,191.52273559570312,2302
2009-04-22,209.1999969482422,220.0,209.0,209.25,189.97927856445312,3286
2009-04-23,214.9499969482422,214.9499969482422,205.0500030517578,206.10000610351562,187.11940002441406,2537
2009-04-24,207.25,209.8000030517578,205.25,206.6999969482422,187.66409301757812,2263
2009-04-27,208.5,219.0,196.10000610351562,208.25,189.0713653564453,2567
2009-04-28,207.0500030517578,218.0,205.25,207.25,188.16346740722656,2319
2009-04-29,208.10000610351562,223.0,205.1999969482422,208.1999969482422,189.02597045898438,6392
2009-04-30,209.85000610351562,209.85000610351562,209.85000610351562,209.85000610351562,190.52403259277344,0
2009-05-04,200.25,232.0,200.25,220.0,199.7392578125,21643
2009-05-05,211.6999969482422,221.89999389648438,211.6999969482422,219.39999389648438,199.1945037841797,6104
2009-05-06,223.9499969482422,223.9499969482422,211.0,215.0,195.19973754882812,4958
2009-05-07,215.0,219.9499969482422,212.0500030517578,214.6999969482422,194.9273223876953,1266
2009-05-08,221.5,221.8000030517578,212.0,214.10000610351562,194.38262939453125,3342
2009-05-11,215.25,219.64999389648438,212.75,215.6999969482422,195.83523559570312,4643
2009-05-12,211.10000610351562,245.3000030517578,211.10000610351562,220.89999389648438,200.55638122558594,37642
2009-05-13,217.3000030517578,226.85000610351562,217.3000030517578,221.10000610351562,200.7379608154297,4780
2009-05-14,212.39999389648438,225.8000030517578,211.10000610351562,220.6999969482422,200.3748016357422,6123
2009-05-15,221.0,225.0,219.0,221.5,201.10113525390625,1566
2009-05-18,221.5,221.5,221.5,221.5,201.10113525390625,0
2009-05-19,239.8000030517578,239.8000030517578,221.0,225.1999969482422,204.4603729248047,8668
2009-05-20,225.0,245.60000610351562,224.10000610351562,233.35000610351562,211.8597869873047,55745
2009-05-21,244.0,245.0,235.0,235.85000610351562,214.12960815429688,12373
2009-05-22,240.0,249.1999969482422,236.10000610351562,239.89999389648438,217.80661010742188,43868
2009-05-25,244.9499969482422,246.89999389648438,241.5,244.8000030517578,222.25535583496094,9972
2009-05-26,249.8000030517578,288.0,247.3000030517578,265.1499938964844,240.73117065429688,80320
2009-05-27,274.0,274.0,257.5,260.1499938964844,236.1916961669922,16107
2009-05-28,267.8500061035156,267.8500061035156,255.0,256.8500061035156,233.19557189941406,9234
2009-05-29,265.0,265.0,252.10000610351562,257.29998779296875,233.60414123535156,13825
2009-06-01,257.29998779296875,270.0,253.0500030517578,258.45001220703125,234.64825439453125,6683
2009-06-02,260.0,269.6499938964844,256.0,258.70001220703125,234.875244140625,4438
2009-06-03,265.0,305.79998779296875,258.04998779296875,301.1499938964844,273.41583251953125,117619
2009-06-04,304.0,320.0,290.3500061035156,306.79998779296875,278.5455017089844,143963
2009-06-05,309.79998779296875,316.0,292.3500061035156,299.79998779296875,272.19012451171875,23910
2009-06-08,303.0,303.0,275.1000061035156,282.6000061035156,256.5741882324219,11148
2009-06-09,269.0,283.0,267.8500061035156,274.0,248.76617431640625,8711
2009-06-10,275.1000061035156,286.0,269.0,274.29998779296875,249.03857421875,16430
2009-06-11,279.0,279.0,260.1000061035156,268.20001220703125,243.50030517578125,12051
2009-06-12,269.95001220703125,273.95001220703125,262.0,263.6499938964844,239.3693084716797,12923
2009-06-15,283.0,284.0,261.0,280.0,254.213623046875,20291
2009-06-16,276.0,276.0,262.1000061035156,272.3500061035156,247.26817321777344,11630
2009-06-17,275.0,278.79998779296875,271.5,273.5,248.31224060058594,7046
2009-06-18,274.95001220703125,275.0,259.5,260.3999938964844,236.41867065429688,10198
2009-06-19,269.0,269.0,261.1000061035156,263.1000061035156,238.8699951171875,3966
2009-06-22,265.0,265.0,260.0,260.6000061035156,236.60025024414062,3548
2009-06-23,260.0,260.29998779296875,254.0,256.1499938964844,232.56005859375,4194
2009-06-24,256.25,261.54998779296875,252.25,260.79998779296875,236.78175354003906,6834
2009-06-25,261.0,264.8500061035156,256.1000061035156,257.0,233.33175659179688,2650
2009-06-26,258.20001220703125,265.0,257.75,260.75,236.73641967773438,3621
2009-06-29,261.1000061035156,261.8500061035156,257.1000061035156,258.0,234.2396697998047,4233
2009-06-30,258.0,260.0,254.0,255.4499969482422,231.92453002929688,2452
2009-07-01,253.14999389648438,260.0,253.10000610351562,255.35000610351562,231.833740234375,5427
2009-07-02,255.0,270.0,254.5500030517578,258.95001220703125,235.10220336914062,2463
2009-07-03,257.0,259.5,250.0,258.1000061035156,234.3304901123047,6811
2009-07-06,258.0,259.8999938964844,249.10000610351562,250.25,227.20339965820312,2598
2009-07-07,252.14999389648438,253.0,245.0,247.0500030517578,224.298095703125,10656
2009-07-08,250.0,250.0,238.10000610351562,241.64999389648438,219.39540100097656,4998
2009-07-09,244.35000610351562,246.89999389648438,241.3000030517578,245.39999389648438,222.80006408691406,12665
2009-07-10,243.14999389648438,246.0,241.85000610351562,243.39999389648438,220.98423767089844,7174
2009-07-13,240.0,240.0,235.0,236.89999389648438,215.0828857421875,3065
2009-07-14,236.0,243.85000610351562,230.10000610351562,240.3000030517578,218.16976928710938,6879
2009-07-15,241.0,248.89999389648438,240.0,241.1999969482422,218.9868927001953,7802
2009-07-16,255.0,259.0,242.14999389648438,246.60000610351562,223.8895721435547,7253
2009-07-17,252.89999389648438,252.89999389648438,246.0,247.8000030517578,224.9790496826172,9524
2009-07-20,255.0,283.6499938964844,252.10000610351562,272.6499938964844,247.54054260253906,101658
2009-07-21,275.0,280.0,265.25,269.6499938964844,244.81675720214844,23789
2009-07-22,271.0,272.45001220703125,251.5,255.60000610351562,232.06072998046875,24048
2009-07-23,248.0,265.95001220703125,248.0,264.20001220703125,239.86874389648438,10009
2009-07-24,269.8999938964844,269.8999938964844,261.20001220703125,266.3500061035156,241.82066345214844,7048
2009-07-27,265.1000061035156,279.0,265.0,276.25,250.8089599609375,8241
2009-07-28,274.25,280.04998779296875,274.25,276.1000061035156,250.6728057861328,12720
2009-07-29,280.0,280.8999938964844,274.04998779296875,278.79998779296875,253.12413024902344,7523
2009-07-30,278.0,292.3999938964844,278.0,291.70001220703125,264.8361511230469,12079
2009-07-31,292.0,299.79998779296875,284.0,287.1499938964844,260.70513916015625,17185
2009-08-03,281.0,299.0,281.0,296.5,269.1939697265625,14804
2009-08-04,294.5,301.0,292.04998779296875,294.3500061035156,267.2420349121094,8426
2009-08-05,297.8500061035156,297.8500061035156,292.25,296.5,269.1939697265625,4929
2009-08-06,296.0,297.0,286.0,288.25,261.703857421875,8805
2009-08-07,285.0,293.0,283.0,288.0,261.47686767578125,7458
2009-08-10,287.3999938964844,287.3999938964844,279.6499938964844,284.75,264.96630859375,11837
2009-08-11,285.79998779296875,285.8999938964844,278.0,285.20001220703125,265.38507080078125,3946
2009-08-12,283.0,285.0,283.0,284.79998779296875,265.0127868652344,1779
2009-08-13,287.0,287.0,281.0,285.25,265.4315490722656,3842
2009-08-14,283.3500061035156,287.95001220703125,283.3500061035156,285.29998779296875,265.4781188964844,2569
2009-08-17,282.0,285.6000061035156,281.8999938964844,285.0,265.19891357421875,3941
2009-08-18,282.0,285.3500061035156,281.95001220703125,282.25,262.6400451660156,2917
2009-08-19,283.5,283.5,273.1499938964844,273.95001220703125,254.91661071777344,2329
2009-08-20,277.0,280.0,275.0,279.70001220703125,260.26715087890625,634
2009-08-21,277.0,280.0,276.1000061035156,278.29998779296875,258.9643859863281,691
2009-08-24,275.0,304.0,275.0,295.3999938964844,274.8763732910156,58259
2009-08-25,288.0,303.0,287.3500061035156,290.8500061035156,270.6424865722656,18279
2009-08-26,292.0,297.0,287.0,290.0,269.8515930175781,8722
2009-08-27,280.0,293.0,280.0,290.1499938964844,269.99114990234375,7738
2009-08-28,291.0,294.70001220703125,290.0,290.3500061035156,270.17724609375,3143
2009-08-31,299.0,299.0,290.0,291.1000061035156,270.8751525878906,2872
2009-09-01,291.0,296.8999938964844,290.0,290.1000061035156,269.94464111328125,5236
2009-09-02,294.0,294.8999938964844,290.0,290.1000061035156,269.94464111328125,9377
2009-09-03,299.8999938964844,299.8999938964844,289.6000061035156,291.1499938964844,270.9216613769531,4694
2009-09-04,288.0,296.0,285.0,292.95001220703125,272.5966491699219,5406
2009-09-07,297.0,297.0,288.0,290.1499938964844,269.99114990234375,46680
2009-09-08,294.0,299.8999938964844,290.0,293.95001220703125,273.5271301269531,13969
2009-09-09,286.04998779296875,298.95001220703125,286.04998779296875,293.95001220703125,273.5271301269531,3930
2009-09-10,298.0,299.0,292.0,293.6000061035156,273.20147705078125,6237
2009-09-11,305.0,305.0,291.3999938964844,292.5,272.17791748046875,3293
2009-09-14,275.0,337.70001220703125,275.0,311.1000061035156,289.485595703125,169472
2009-09-15,314.8500061035156,314.8500061035156,295.20001220703125,297.5,276.8304748535156,28697
2009-09-16,300.0,307.79998779296875,296.1000061035156,297.8500061035156,277.15618896484375,16896
2009-09-17,299.95001220703125,323.5,295.0,304.54998779296875,283.3905944824219,34901
2009-09-18,303.75,310.95001220703125,296.70001220703125,300.45001220703125,279.5754699707031,7912
2009-09-22,300.0,306.0,296.1000061035156,299.3999938964844,278.5984802246094,9227
2009-09-23,299.3999938964844,315.8999938964844,297.0,300.79998779296875,279.90118408203125,22734
2009-09-24,298.20001220703125,309.79998779296875,296.3500061035156,299.20001220703125,278.4124450683594,9797
2009-09-25,300.0,304.8999938964844,298.5,301.6499938964844,280.6922302246094,7771
2009-09-29,302.0,314.0,300.3999938964844,302.29998779296875,281.2969970703125,14675
2009-09-30,302.29998779296875,311.0,302.29998779296875,307.8999938964844,286.50787353515625,12751
2009-10-01,303.6499938964844,308.0,303.0,304.6499938964844,283.48370361328125,5500
2009-10-05,303.1000061035156,307.79998779296875,299.0,301.04998779296875,280.1338195800781,8988
2009-10-06,303.0,303.0,297.45001220703125,298.25,277.5283508300781,4137
2009-10-07,308.6000061035156,330.0,298.1000061035156,315.6000061035156,293.6728820800781,120431
2009-10-08,317.25,351.0,313.0,346.75,322.6588134765625,262796
2009-10-09,351.29998779296875,363.5,340.0,343.29998779296875,319.44842529296875,151207
2009-10-12,348.3999938964844,353.95001220703125,338.1000061035156,341.75,318.00616455078125,26816
2009-10-13,341.3500061035156,341.3500061035156,341.3500061035156,341.3500061035156,317.6339111328125,0
2009-10-14,339.0,345.8500061035156,333.25,334.3500061035156,311.1202087402344,14133
2009-10-15,340.0,375.0,337.0,358.70001220703125,333.77850341796875,102844
2009-10-16,363.8999938964844,417.0,361.3999938964844,408.8999938964844,380.49072265625,1010020
2009-10-20,402.1000061035156,404.79998779296875,375.20001220703125,376.79998779296875,350.62091064453125,70494
2009-10-21,356.3500061035156,400.0,356.3500061035156,373.79998779296875,347.8293762207031,58960
2009-10-22,376.0,382.6000061035156,358.1499938964844,360.1499938964844,335.1277160644531,47201
2009-10-23,362.3500061035156,375.0,350.1000061035156,357.6000061035156,332.7549133300781,30982
2009-10-26,359.0,386.20001220703125,355.1000061035156,362.8500061035156,337.6401672363281,100908
2009-10-27,361.95001220703125,369.0,342.0,343.70001220703125,319.8205871582031,51865
2009-10-28,338.1000061035156,349.0,334.6000061035156,341.0,317.3082580566406,16539
2009-10-29,332.0,353.8999938964844,332.0,341.1499938964844,317.44781494140625,18474
2009-10-30,349.75,352.0,325.70001220703125,331.8999938964844,308.8404541015625,24009
2009-11-03,327.1499938964844,336.8999938964844,318.1499938964844,321.8999938964844,299.53521728515625,12344
2009-11-04,321.0,337.0,321.0,329.0,306.1419982910156,14744
2009-11-05,325.0,342.8999938964844,321.04998779296875,341.1499938964844,317.44781494140625,21154
2009-11-06,343.0,348.8999938964844,335.25,345.1000061035156,321.1233825683594,9178
2009-11-09,348.8500061035156,370.70001220703125,348.8500061035156,356.04998779296875,331.31256103515625,63577
2009-11-10,359.6000061035156,360.0,339.04998779296875,343.1000061035156,319.2623291015625,17911
2009-11-11,347.8999938964844,353.0,342.6000061035156,346.25,322.1934509277344,8458
2009-11-12,348.04998779296875,349.79998779296875,336.5,341.54998779296875,317.8200378417969,14566
2009-11-13,341.1499938964844,350.0,340.1000061035156,341.45001220703125,317.72698974609375,5518
2009-11-16,341.25,347.95001220703125,340.6000061035156,341.95001220703125,318.1922607421875,6352
2009-11-17,342.0,346.0,340.6000061035156,345.45001220703125,321.4490966796875,5403
2009-11-18,347.95001220703125,357.3500061035156,341.6499938964844,349.6499938964844,325.3572692871094,13742
2009-11-19,353.79998779296875,365.0,351.0,352.5,328.00927734375,25066
2009-11-20,365.0,365.0,349.1499938964844,356.29998779296875,331.5451965332031,7198
2009-11-23,346.29998779296875,363.0,346.29998779296875,353.5,328.9398193359375,12631
2009-11-24,355.0,355.0,345.0,351.04998779296875,326.6599426269531,7881
2009-11-25,351.1000061035156,358.0,348.1499938964844,349.70001220703125,325.4037780761719,3978
2009-11-26,350.0,350.0,317.20001220703125,344.1000061035156,320.1929016113281,8121
2009-11-27,340.0,344.0,338.0,342.8500061035156,319.0296936035156,7461
2009-11-30,368.8999938964844,368.8999938964844,340.0,346.95001220703125,322.8449401855469,3865
2009-12-01,352.8999938964844,352.95001220703125,340.0,346.95001220703125,322.8449401855469,8183
2009-12-02,343.25,374.3500061035156,343.25,363.3999938964844,338.1519775390625,42693
2009-12-03,367.8500061035156,371.0,360.1499938964844,364.70001220703125,339.36163330078125,20381
2009-12-04,360.0,370.0,358.5,363.3999938964844,338.1519775390625,8928
2009-12-07,364.0,436.1000061035156,360.1499938964844,420.5,391.2847595214844,1488348
2009-12-08,380.0,461.45001220703125,380.0,439.25,408.73211669921875,2024188
2009-12-09,440.0,452.3999938964844,432.1000061035156,436.6499938964844,406.3126525878906,384923
2009-12-10,440.0,442.0,413.1000061035156,415.75,386.8647766113281,108803
2009-12-11,427.0,448.8999938964844,403.3500061035156,420.79998779296875,391.5639343261719,495000
2009-12-14,418.79998779296875,438.8999938964844,416.3500061035156,421.54998779296875,392.2618408203125,188101
2009-12-15,422.0,430.0,408.3500061035156,410.6499938964844,382.119140625,75142
2009-12-16,414.8999938964844,437.04998779296875,410.6499938964844,424.8500061035156,395.3325500488281,333747
2009-12-17,429.8500061035156,439.8999938964844,418.25,421.1000061035156,391.8431091308594,102774
2009-12-18,421.0,425.0,411.0,413.6499938964844,384.9107360839844,65467
2009-12-21,419.0,431.0,413.20001220703125,414.70001220703125,385.88775634765625,92191
2009-12-22,417.0,424.0,408.25,412.95001220703125,384.25933837890625,157956
2009-12-23,416.0,418.0,411.5,413.70001220703125,384.95721435546875,45138
2009-12-24,418.3999938964844,418.3999938964844,410.1499938964844,412.0,383.37530517578125,38978
2009-12-29,416.8500061035156,416.8500061035156,407.20001220703125,408.75,380.35113525390625,29991
2009-12-30,411.95001220703125,431.79998779296875,407.0,415.29998779296875,386.44610595703125,154286
2009-12-31,418.0,428.95001220703125,412.0,413.70001220703125,384.95721435546875,57459
2010-01-04,416.3500061035156,427.0,416.3500061035156,419.54998779296875,390.4007873535156,58234
2010-01-05,428.8999938964844,433.95001220703125,413.6000061035156,415.1499938964844,386.3065185546875,52004
2010-01-06,417.0,423.3999938964844,415.0,416.04998779296875,387.14398193359375,36132
2010-01-07,419.8500061035156,422.20001220703125,413.25,415.95001220703125,387.0509338378906,28347
2010-01-08,422.0,428.79998779296875,415.0,416.75,387.79534912109375,71037
2010-01-11,424.0,441.0,417.0,431.3999938964844,401.4274597167969,388829
2010-01-12,432.1499938964844,438.0,420.04998779296875,421.1000061035156,391.8431091308594,61596
2010-01-13,421.5,425.0,416.1000061035156,423.3999938964844,393.9832763671875,37807
2010-01-14,425.25,426.95001220703125,418.20001220703125,420.0,390.8195495605469,23993
2010-01-15,418.1000061035156,461.54998779296875,418.1000061035156,441.1000061035156,410.45355224609375,624389
2010-01-18,443.04998779296875,456.95001220703125,435.5,439.1000061035156,408.5924987792969,195929
2010-01-19,444.6000061035156,456.0,427.0,432.0,401.9857482910156,303835
2010-01-20,434.0,443.5,424.29998779296875,426.5,396.8678894042969,83099
2010-01-21,415.0,425.0,402.5,407.54998779296875,379.23443603515625,67723
2010-01-22,405.0,405.0,385.0,393.95001220703125,366.5794372558594,57834
2010-01-25,390.0,408.0,390.0,392.75,365.4627685546875,30852
2010-01-27,389.70001220703125,394.8999938964844,365.0,370.6499938964844,344.898193359375,41153
2010-01-28,384.8999938964844,384.8999938964844,358.0,360.70001220703125,335.6396179199219,25198
2010-01-29,355.0,370.0,342.3500061035156,361.0,335.918701171875,39001
2010-02-01,360.0,374.0,357.0,371.20001220703125,345.4100341796875,28827
2010-02-02,377.0,382.5,365.0,368.1000061035156,342.525390625,24765
2010-02-03,370.0,379.0,362.0,371.8500061035156,346.0149230957031,21904
2010-02-04,370.1000061035156,402.8999938964844,366.04998779296875,390.95001220703125,363.7878723144531,231330
2010-02-05,384.75,388.0,372.0,374.25,348.2481384277344,48222
2010-02-08,379.95001220703125,387.0,375.0,376.6000061035156,350.434814453125,17762
2010-02-09,376.1000061035156,394.5,375.1000061035156,379.3500061035156,352.99371337890625,45009
2010-02-10,383.79998779296875,388.0,376.45001220703125,377.25,351.0396728515625,15191
2010-02-11,377.20001220703125,382.0,373.95001220703125,375.29998779296875,349.2251281738281,19421
2010-02-15,383.8999938964844,383.8999938964844,372.0,374.0,348.0155029296875,8613
2010-02-16,372.6499938964844,378.3500061035156,369.5,371.20001220703125,345.4100341796875,8584
2010-02-17,373.20001220703125,383.29998779296875,372.70001220703125,374.6499938964844,348.6203308105469,15712
2010-02-18,366.75,395.8500061035156,366.75,377.29998779296875,351.086181640625,72961
2010-02-19,370.0,383.5,364.0,374.04998779296875,348.0619812011719,13533
2010-02-22,383.0,383.95001220703125,366.0,369.8500061035156,344.1537780761719,15719
2010-02-23,366.0,374.0,366.0,368.54998779296875,342.94415283203125,10038
2010-02-24,365.54998779296875,373.0,365.54998779296875,368.25,342.6650085449219,7598
2010-02-25,372.0,376.0,364.0,366.0,340.5712890625,15907
2010-02-26,370.0,373.0,365.0,365.8999938964844,340.4782409667969,13592
2010-03-02,369.79998779296875,371.95001220703125,365.3999938964844,366.6499938964844,341.1761169433594,9126
2010-03-03,370.0,382.0,367.3500061035156,374.54998779296875,348.5273132324219,28745
2010-03-04,376.1000061035156,382.45001220703125,372.1499938964844,378.04998779296875,351.78411865234375,16856
2010-03-05,379.8999938964844,382.0,376.0,377.5,351.2723083496094,14308
2010-03-08,382.95001220703125,385.0,376.5,378.20001220703125,351.9236755371094,18013
2010-03-09,379.0,382.5,376.0,380.3500061035156,353.9242858886719,10207
2010-03-10,377.79998779296875,395.29998779296875,377.79998779296875,384.29998779296875,357.5998840332031,78047
2010-03-11,389.0,389.0,367.1000061035156,377.8999938964844,351.6445007324219,8225
2010-03-12,384.8999938964844,384.8999938964844,372.20001220703125,375.3500061035156,349.2716979980469,5134
2010-03-15,385.0,385.0,368.1000061035156,370.1000061035156,344.38641357421875,5400
2010-03-16,369.1000061035156,376.8999938964844,369.1000061035156,373.04998779296875,347.1315002441406,10444
2010-03-17,375.0,384.5,373.0,378.5,352.202880859375,18346
2010-03-18,384.0,384.0,374.0,375.04998779296875,348.99249267578125,11064
2010-03-19,377.0,380.0,370.0,372.6000061035156,346.7127685546875,10398
2010-03-22,377.8999938964844,377.8999938964844,369.0,373.1499938964844,347.2245788574219,4772
2010-03-23,373.04998779296875,375.8500061035156,368.3999938964844,370.1499938964844,344.43292236328125,6926
2010-03-25,370.04998779296875,375.0,368.04998779296875,371.6000061035156,345.78228759765625,4760
2010-03-26,368.20001220703125,371.79998779296875,363.1000061035156,364.70001220703125,339.36163330078125,13349
2010-03-29,364.75,367.8500061035156,356.04998779296875,357.95001220703125,333.0805969238281,14805
2010-03-30,360.20001220703125,364.8500061035156,353.0,354.3500061035156,329.730712890625,12010
2010-03-31,352.6499938964844,363.6499938964844,352.6499938964844,354.0,329.4049987792969,9600
2010-04-01,359.0,371.0,358.0,368.1499938964844,342.57196044921875,28931
2010-04-05,370.0,375.95001220703125,368.0,370.04998779296875,344.3398742675781,18709
2010-04-06,362.1499938964844,380.8999938964844,362.1499938964844,374.70001220703125,348.6669006347656,21408
2010-04-07,374.04998779296875,399.0,374.04998779296875,386.6499938964844,359.7865905761719,70728
2010-04-08,388.0,405.0,388.0,402.5,374.535400390625,117741
2010-04-09,406.8999938964844,407.3500061035156,400.0,400.25,372.44171142578125,18524
2010-04-12,404.3999938964844,415.3999938964844,400.0,408.8500061035156,380.4442138671875,75223
2010-04-13,409.79998779296875,412.8999938964844,401.1499938964844,402.45001220703125,374.4888610839844,26058
2010-04-15,404.54998779296875,414.79998779296875,397.1499938964844,399.70001220703125,371.9299621582031,61197
2010-04-16,400.0,405.0,390.04998779296875,392.75,365.4627685546875,16459
2010-04-19,396.3500061035156,396.3500061035156,384.0,389.0,361.973388671875,9993
2010-04-20,385.1000061035156,397.0,385.1000061035156,389.5,362.4385681152344,12404
2010-04-21,392.0,405.3500061035156,390.0,399.1000061035156,371.3716125488281,23234
2010-04-22,396.0,406.0,396.0,399.8999938964844,372.115966796875,25214
2010-04-23,402.8500061035156,404.8999938964844,398.0,401.25,373.3722839355469,9788
2010-04-26,398.0,404.70001220703125,398.0,401.04998779296875,373.18609619140625,13783
2010-04-27,395.25,407.0,395.25,400.54998779296875,372.7208251953125,14626
2010-04-28,393.1499938964844,422.5,393.1499938964844,403.8999938964844,375.8381042480469,186373
2010-04-29,408.79998779296875,415.45001220703125,400.25,410.1000061035156,381.6073303222656,68455
2010-04-30,408.0,415.5,407.04998779296875,412.79998779296875,384.1197509765625,32070
2010-05-03,421.0,430.0,414.0,423.95001220703125,394.4950866699219,70615
2010-05-04,424.0,433.79998779296875,417.3999938964844,419.54998779296875,390.4007873535156,43276
2010-05-05,419.54998779296875,429.0,405.0,427.6000061035156,397.8915100097656,39527
2010-05-06,427.0,429.0,420.0,426.1000061035156,396.4957275390625,28313
2010-05-07,412.25,419.8500061035156,408.1000061035156,411.8999938964844,383.2822570800781,21529
2010-05-10,428.0,428.75,421.5,423.95001220703125,394.4950866699219,14081
2010-05-11,425.8999938964844,425.8999938964844,415.04998779296875,418.29998779296875,389.2376403808594,9190
2010-05-12,412.3500061035156,421.0,412.3500061035156,417.6499938964844,388.6328430175781,10639
2010-05-13,419.0,427.0,418.5,425.54998779296875,395.98388671875,15064
2010-05-14,420.29998779296875,430.0,420.0,421.1499938964844,391.88958740234375,11415
2010-05-17,421.25,429.8999938964844,418.6000061035156,426.29998779296875,396.68182373046875,31536
2010-05-18,430.0,438.79998779296875,428.1499938964844,429.8999938964844,400.03167724609375,35964
2010-05-19,430.0,439.0,418.0,423.1499938964844,393.75067138671875,32891
2010-05-20,415.6000061035156,426.04998779296875,415.6000061035156,420.29998779296875,391.0987548828125,13285
2010-05-21,411.04998779296875,421.0,411.04998779296875,417.20001220703125,388.214111328125,12918
2010-05-24,418.04998779296875,432.0,418.04998779296875,426.79998779296875,397.1470947265625,38295
2010-05-25,416.0,426.3500061035156,407.0,409.1000061035156,380.67681884765625,16096
2010-05-26,409.0,427.8999938964844,409.0,416.95001220703125,387.9814147949219,18868
2010-05-27,439.0,439.0,411.0,419.04998779296875,389.9354553222656,7126
2010-05-28,416.0,424.0,413.29998779296875,416.25,387.330078125,8730
2010-05-31,416.0,420.0,409.0,416.8999938964844,387.9349365234375,9087
2010-06-01,417.04998779296875,426.95001220703125,411.1000061035156,412.6499938964844,383.98028564453125,18612
2010-06-02,415.0,418.0,405.54998779296875,407.45001220703125,379.1414489746094,11851
2010-06-03,411.04998779296875,415.8999938964844,408.54998779296875,409.6000061035156,381.1420593261719,13029
2010-06-04,409.1000061035156,412.95001220703125,409.0,410.1000061035156,381.6073303222656,7106
2010-06-07,402.0,409.0,402.0,404.8500061035156,376.72210693359375,17082
2010-06-08,407.95001220703125,409.0,402.0,402.95001220703125,374.9541320800781,9542
2010-06-09,405.29998779296875,407.8999938964844,403.04998779296875,404.5,376.3963928222656,3420
2010-06-10,400.1000061035156,406.8999938964844,400.0,405.3999938964844,377.23388671875,4369
2010-06-11,403.3500061035156,411.0,403.3500061035156,406.70001220703125,378.443603515625,13527
2010-06-14,403.54998779296875,411.95001220703125,403.54998779296875,408.8500061035156,380.4442138671875,12075
2010-06-15,409.8999938964844,425.0,408.04998779296875,415.95001220703125,387.0509338378906,41116
2010-06-16,416.0,424.5,415.1499938964844,418.75,389.6563720703125,20203
2010-06-17,420.0,424.0,417.54998779296875,418.70001220703125,389.6097717285156,14694
2010-06-18,419.8999938964844,428.70001220703125,407.5,412.70001220703125,384.0267028808594,27461
2010-06-21,418.5,421.0,411.1499938964844,414.3500061035156,385.56201171875,15522
2010-06-22,414.8999938964844,419.5,410.04998779296875,415.5,386.6322021484375,7478
2010-06-23,411.1499938964844,427.8999938964844,411.1499938964844,423.70001220703125,394.26251220703125,38781
2010-06-24,427.3500061035156,431.8500061035156,423.20001220703125,424.1000061035156,394.63470458984375,18344
2010-06-25,420.1499938964844,428.8999938964844,420.1499938964844,422.5,393.1457824707031,10224
2010-06-28,425.70001220703125,425.70001220703125,420.04998779296875,421.1499938964844,391.88958740234375,10985
2010-06-29,416.45001220703125,439.0,416.45001220703125,423.8500061035156,394.4020080566406,61885
2010-06-30,417.20001220703125,428.3999938964844,414.5,416.29998779296875,387.3765563964844,27634
2010-07-01,417.0,424.3999938964844,417.0,422.54998779296875,393.1924133300781,9375
2010-07-02,422.54998779296875,427.0,417.04998779296875,423.5,394.0763244628906,8093
2010-07-05,412.54998779296875,425.8999938964844,412.54998779296875,424.3999938964844,394.9138488769531,4862
2010-07-06,424.3999938964844,430.0,424.3999938964844,426.1499938964844,396.542236328125,12270
2010-07-07,424.54998779296875,429.0,420.45001220703125,421.6000061035156,392.3083190917969,14136
2010-07-08,429.0,429.0,418.04998779296875,420.29998779296875,391.0987548828125,14571
2010-07-09,427.0,433.0,422.0,428.04998779296875,398.3102722167969,28961
2010-07-12,420.6000061035156,434.0,420.6000061035156,431.25,401.2879638671875,17604
2010-07-13,421.1000061035156,476.0,421.1000061035156,460.70001220703125,428.6918029785156,805370
2010-07-14,463.5,468.0,450.5,456.75,425.0162353515625,191251
2010-07-15,459.95001220703125,468.5,455.0,458.25,426.4119873046875,100107
2010-07-16,458.25,479.29998779296875,455.3500061035156,460.3999938964844,428.4126281738281,487899
2010-07-19,462.8999938964844,464.6000061035156,452.3500061035156,454.8500061035156,423.2481994628906,53913
2010-07-20,450.0,456.3999938964844,445.1000061035156,446.5,415.4783630371094,40242
2010-07-21,449.95001220703125,464.0,442.3500061035156,460.5,428.5057067871094,106117
2010-07-22,460.04998779296875,466.3999938964844,456.0,458.3500061035156,426.5050354003906,33937
2010-07-23,458.0,465.95001220703125,458.0,461.8999938964844,429.8084411621094,38362
2010-07-26,460.0,465.70001220703125,455.0,462.95001220703125,430.785400390625,25834
2010-07-27,464.75,478.70001220703125,461.3500061035156,467.79998779296875,435.29852294921875,119039
2010-07-28,467.0,477.0,462.29998779296875,468.75,436.1824951171875,63515
2010-07-29,465.8999938964844,465.8999938964844,452.79998779296875,455.8999938964844,431.5911560058594,20332
2010-07-30,455.8999938964844,484.95001220703125,455.8999938964844,471.3500061035156,446.2172546386719,151799
2010-08-02,476.79998779296875,483.0,470.54998779296875,473.6000061035156,448.34735107421875,63610
2010-08-03,477.70001220703125,483.6499938964844,473.6000061035156,479.6499938964844,454.07470703125,80783
2010-08-04,482.0,499.0,466.70001220703125,496.3999938964844,469.9316101074219,259934
2010-08-05,498.0,503.8999938964844,486.0,489.25,463.162841796875,197059
2010-08-06,491.70001220703125,498.5,485.0,485.79998779296875,459.8968200683594,45365
2010-08-09,487.0,495.0,485.29998779296875,487.25,461.2695007324219,25379
2010-08-10,490.1000061035156,494.0,485.0,489.6499938964844,463.5415344238281,24220
2010-08-11,492.0,493.95001220703125,490.0,492.1000061035156,465.86090087890625,41093
2010-08-12,482.0,505.29998779296875,482.0,491.8999938964844,465.6716003417969,87784
2010-08-13,488.0,494.0,485.0,490.20001220703125,464.062255859375,36757
2010-08-16,490.5,501.5,486.20001220703125,492.8999938964844,466.6181945800781,48688
2010-08-17,490.0,493.8999938964844,489.5,491.70001220703125,465.4822082519531,13593
2010-08-18,490.5,502.0,490.5,495.29998779296875,468.8902587890625,54262
2010-08-19,500.8999938964844,502.0,492.70001220703125,495.25,468.84295654296875,28183
2010-08-20,491.54998779296875,501.79998779296875,491.54998779296875,495.0,468.6062927246094,23021
2010-08-23,496.0,514.7999877929688,496.0,503.8999938964844,477.0317077636719,93946
2010-08-24,504.0,529.0,499.0,513.2000122070312,485.83587646484375,67377
2010-08-25,516.7999877929688,545.0,511.0,526.7999877929688,498.71063232421875,212484
2010-08-26,535.9500122070312,542.7999877929688,524.0,528.4000244140625,500.2253723144531,59882
2010-08-27,540.0,540.0,509.25,513.3499755859375,485.9777526855469,23585
2010-08-30,515.0,522.9000244140625,510.45001220703125,515.4000244140625,487.9185485839844,20739
2010-08-31,513.0,513.9000244140625,493.0,507.79998779296875,480.7237243652344,20468
2010-09-01,510.0,521.0,507.0,513.0499877929688,485.6938171386719,14701
2010-09-02,518.9500122070312,533.75,513.4000244140625,529.2999877929688,501.07733154296875,35697
2010-09-03,534.7000122070312,535.0,521.0,523.9000244140625,495.96539306640625,18345
2010-09-06,525.0,538.0,515.0999755859375,535.5,506.9467468261719,24208
2010-09-07,530.0,537.0,530.0,531.7999877929688,503.4440002441406,9940
2010-09-08,531.0,564.0,529.0499877929688,556.2999877929688,526.6375732421875,92083
2010-09-09,574.4000244140625,632.0,571.3499755859375,612.0,579.36767578125,1182734
2010-09-13,618.4000244140625,663.2999877929688,580.4000244140625,652.0,617.2349243164062,1083014
2010-09-14,657.25,676.4500122070312,641.0,643.9000244140625,609.5667114257812,432993
2010-09-15,644.0999755859375,646.8499755859375,622.5,627.9500122070312,594.46728515625,120248
2010-09-16,627.9500122070312,632.0,607.0,611.0,578.4210815429688,61185
2010-09-17,612.0,620.25,611.0,611.6500244140625,579.036376953125,27187
2010-09-20,611.0999755859375,634.7000122070312,611.0999755859375,618.5999755859375,585.6157836914062,63731
2010-09-21,620.0,632.0,610.0499877929688,614.5999755859375,581.8289794921875,37898
2010-09-22,612.5,657.7000122070312,608.25,634.7999877929688,600.9520263671875,180243
2010-09-23,640.9500122070312,640.9500122070312,625.0,628.5,594.9879150390625,49169
2010-09-24,632.0,670.0,632.0,660.25,625.0450439453125,168408
2010-09-27,665.7999877929688,681.7000122070312,652.5999755859375,658.5999755859375,623.4830322265625,120148
2010-09-28,661.0,673.9000244140625,641.0,652.1500244140625,617.3768310546875,68517
2010-09-29,652.0999755859375,673.5,646.5999755859375,667.9000244140625,632.2871704101562,70310
2010-09-30,670.0499877929688,688.0,659.0,668.4000244140625,632.760498046875,85477
2010-10-01,669.0,694.0,669.0,686.9000244140625,650.2740478515625,110824
2010-10-04,690.4500122070312,701.0,672.0,682.4500122070312,646.061279296875,60042
2010-10-05,687.0,689.0,677.0,683.0999755859375,646.6766357421875,28247
2010-10-06,685.0499877929688,687.0,665.0,673.9000244140625,637.96728515625,19337
2010-10-07,676.9000244140625,684.0,661.0,665.3499755859375,629.8729858398438,13399
2010-10-08,661.2999877929688,677.75,651.0,653.7000122070312,618.8442993164062,18209
2010-10-11,656.0,677.7000122070312,651.0,653.0499877929688,618.2289428710938,12286
2010-10-12,654.0,673.0,646.0,662.7999877929688,627.4590454101562,24652
2010-10-13,704.0,704.0,656.0,676.8499755859375,640.7598876953125,33744
2010-10-14,675.0,688.7999877929688,670.0499877929688,680.0999755859375,643.8365478515625,24952
2010-10-15,675.0,686.0,665.25,668.0,632.3818359375,10638
2010-10-18,670.0,670.0,656.0,665.0999755859375,629.6363525390625,8492
2010-10-19,658.0,684.0,657.0499877929688,672.75,636.8785400390625,19676
2010-10-20,665.25,684.0,656.3499755859375,673.5,637.5885620117188,15476
2010-10-21,670.0,697.0,670.0,683.25,646.8186645507812,157238
2010-10-22,690.0999755859375,693.7999877929688,680.0499877929688,682.7000122070312,646.2979125976562,25142
2010-10-25,686.0,690.0,665.0,672.0499877929688,636.2158813476562,12549
2010-10-26,689.5,689.5,665.0,670.7000122070312,634.9378662109375,7744
2010-10-27,665.0,685.0,664.0,668.0999755859375,632.4764404296875,28316
2010-10-28,675.0,681.0,661.0,678.0,641.8486328125,16758
2010-10-29,680.0,682.9000244140625,659.0499877929688,669.9500122070312,634.2278442382812,8554
2010-11-01,673.0,680.0,660.0,662.4000244140625,627.080322265625,8084
2010-11-02,663.0999755859375,715.4000244140625,663.0999755859375,687.7999877929688,651.1260986328125,39485
2010-11-03,692.0,715.0,688.0,697.0999755859375,659.9300537109375,32643
2010-11-04,709.0,715.0,682.0,688.5499877929688,651.8359985351562,10850
2010-11-08,707.7999877929688,707.7999877929688,688.0499877929688,700.5499877929688,663.1962280273438,6472
2010-11-09,698.0,725.0,690.0499877929688,717.8499755859375,679.5737915039062,41128
2010-11-10,712.0499877929688,719.75,706.0,712.1500244140625,674.1776733398438,10065
2010-11-11,705.3499755859375,720.0,705.3499755859375,714.4500122070312,676.3550415039062,8863
2010-11-12,710.0,718.9500122070312,690.0499877929688,699.9000244140625,662.5808715820312,12998
2010-11-15,693.0,700.0499877929688,682.2999877929688,689.5499877929688,652.78271484375,4427
2010-11-16,690.0,697.0,665.0,667.4000244140625,631.8138427734375,10054
2010-11-18,678.0,680.0499877929688,624.7000122070312,661.5,626.228271484375,12367
2010-11-19,655.0999755859375,669.0,638.0,646.2000122070312,611.744140625,66965
2010-11-22,646.0,663.5,629.2000122070312,653.6500244140625,618.796875,9302
2010-11-23,647.0,651.0,630.0,637.9500122070312,603.93408203125,10196
2010-11-24,638.0,650.0,632.0,636.5499877929688,602.608642578125,3651
2010-11-25,638.0,644.0,632.9000244140625,634.5499877929688,600.7152099609375,4976
2010-11-26,653.0,653.0,575.0,588.3499755859375,556.978759765625,18507
2010-11-29,590.0,593.9500122070312,571.4000244140625,590.5,559.0140991210938,12465
2010-11-30,590.0,620.0,590.0,615.0999755859375,582.302490234375,10360
2010-12-01,615.0999755859375,634.7999877929688,615.0999755859375,627.5,594.041259765625,67329
2010-12-02,632.0,642.0,628.0,636.9500122070312,602.9873657226562,7850
2010-12-03,630.9000244140625,639.5,627.0,634.2999877929688,600.4786376953125,4273
2010-12-06,628.0,643.0,628.0,635.4500122070312,601.5672607421875,53901
2010-12-07,628.0,639.0,621.3499755859375,629.2999877929688,595.7453002929688,27542
2010-12-08,623.0,639.9000244140625,600.0,610.0999755859375,577.5691528320312,4650
2010-12-09,629.0,693.2000122070312,560.0499877929688,576.8499755859375,546.0918579101562,237600
2010-12-10,595.4500122070312,609.0,581.25,595.9500122070312,564.1734619140625,6350
2010-12-13,613.0,613.0,600.0,605.9000244140625,573.5929565429688,5197
2010-12-14,619.8499755859375,624.9000244140625,610.0,621.25,588.1244506835938,4584
2010-12-15,621.9500122070312,622.0,605.0,607.75,575.3443603515625,3788
2010-12-16,600.2999877929688,614.0,600.25,606.4500122070312,574.1137084960938,2595
2010-12-20,606.0,613.0,589.5,603.1500244140625,570.9896240234375,3505
2010-12-21,597.0,617.9000244140625,595.0,614.0,581.2610473632812,3136
2010-12-22,616.0,623.0,610.0,619.7000122070312,586.6571655273438,2160
2010-12-23,630.0,634.0,617.7000122070312,618.5999755859375,585.6157836914062,3858
2010-12-24,623.0,624.0,610.1500244140625,612.75,580.07763671875,3738
2010-12-27,612.1500244140625,632.2000122070312,612.1500244140625,622.9000244140625,589.6864624023438,5854
2010-12-28,619.4000244140625,633.0,619.4000244140625,630.0499877929688,596.4552001953125,5197
2010-12-29,630.0,636.9000244140625,627.7000122070312,630.7999877929688,597.1652221679688,3923
2010-12-30,632.0,653.7999877929688,631.0,641.9000244140625,607.67333984375,11482
2010-12-31,642.5,649.7000122070312,630.0499877929688,634.0499877929688,600.2420654296875,7920
2011-01-03,635.0,644.7999877929688,632.0,640.0999755859375,605.9692993164062,6050
2011-01-04,633.1500244140625,667.7999877929688,633.1500244140625,648.0,613.4481811523438,18433
2011-01-05,652.0,656.0,640.0,640.8499755859375,606.6793212890625,5032
2011-01-06,640.0,643.7000122070312,635.3499755859375,637.2000122070312,603.2239990234375,3467
2011-01-07,643.0,643.0,620.0,622.9000244140625,589.6864624023438,4032
2011-01-10,624.0499877929688,627.9500122070312,602.9000244140625,608.9000244140625,576.4329833984375,5878
2011-01-11,615.0,615.0,595.0,601.2999877929688,569.2382202148438,4104
2011-01-12,609.0,609.0,593.0,602.9500122070312,570.8002319335938,3251
2011-01-13,597.0,609.0,592.0,598.1500244140625,566.25634765625,2163
2011-01-14,592.0,609.0,591.0499877929688,598.2000122070312,566.3035278320312,3960
2011-01-17,592.0,602.9000244140625,586.0999755859375,591.2999877929688,559.7714233398438,2639
2011-01-18,585.0,597.7000122070312,570.25,577.7999877929688,546.9912719726562,5478
2011-01-19,561.3499755859375,595.0,561.3499755859375,589.9500122070312,558.4933471679688,1949
2011-01-20,580.0,594.9500122070312,580.0,589.4500122070312,558.0201416015625,1375
2011-01-21,581.25,591.0,580.2999877929688,585.2999877929688,554.09130859375,3349
2011-01-24,581.0,598.0,581.0,596.5,564.694091796875,1243
2011-01-25,598.0,608.7999877929688,594.0,596.4000244140625,564.5994262695312,4394
2011-01-27,597.0,597.9500122070312,586.0499877929688,587.2999877929688,555.984619140625,726
2011-01-28,590.8499755859375,590.8499755859375,575.0499877929688,581.5,550.4939575195312,5224
2011-01-31,573.0,589.0,551.5999755859375,572.5499877929688,542.0211181640625,7878
2011-02-01,572.0,592.5,565.0499877929688,570.3499755859375,539.9384155273438,9251
2011-02-02,571.0,582.9500122070312,571.0,576.0499877929688,545.3346557617188,4075
2011-02-03,571.0499877929688,586.0,565.0999755859375,573.0,542.447265625,6732
2011-02-04,570.0,586.0,566.25,569.0999755859375,538.755126953125,4578
2011-02-07,581.0,586.0,570.0,576.0499877929688,545.3346557617188,4330
2011-02-08,577.0,595.0,570.0499877929688,585.2000122070312,553.996826171875,14083
2011-02-09,577.0,605.0499877929688,480.0,515.7000122070312,488.2025146484375,138888
2011-02-10,511.1000061035156,537.0,485.0,499.8999938964844,473.24505615234375,16590
2011-02-11,513.0,513.0,495.0,499.45001220703125,472.81903076171875,9338
2011-02-14,495.0,509.0,493.5,503.8500061035156,476.984375,252667
2011-02-15,508.5,512.0,496.0,500.1000061035156,473.434326171875,38095
2011-02-16,501.0,504.6000061035156,485.79998779296875,488.0,461.97955322265625,11619
2011-02-17,497.0,498.0,479.0,481.6000061035156,455.9207763671875,31568
2011-02-18,488.25,496.79998779296875,482.1000061035156,487.20001220703125,461.2221984863281,6787
2011-02-21,485.04998779296875,491.45001220703125,472.20001220703125,480.0,454.4060363769531,10886
2011-02-22,478.0,486.8500061035156,473.20001220703125,479.8500061035156,454.2640380859375,9057
2011-02-23,470.0,489.0,469.95001220703125,479.25,453.6960754394531,11598
2011-02-24,494.0,494.0,471.0,475.0,449.6727294921875,10123
2011-02-25,480.0,486.70001220703125,476.0,480.1000061035156,454.50067138671875,64338
2011-02-28,480.0,484.20001220703125,471.29998779296875,475.54998779296875,450.1933898925781,2996
2011-03-01,542.1500244140625,542.1500244140625,472.04998779296875,479.8500061035156,454.2640380859375,10958
2011-03-03,480.0,483.8999938964844,472.0,474.79998779296875,449.48333740234375,7820
2011-03-04,473.0,502.79998779296875,473.0,495.8999938964844,469.4582824707031,39199
2011-03-07,483.20001220703125,508.8500061035156,480.25,502.3999938964844,475.6116638183594,68203
2011-03-08,504.5,509.8999938964844,486.5,494.25,467.8962707519531,50203
2011-03-09,498.95001220703125,503.0,493.6000061035156,495.5,469.07958984375,4578
2011-03-10,505.0,505.0,491.0,491.79998779296875,465.57684326171875,2877
2011-03-11,493.0,496.3500061035156,484.5,486.25,460.3228454589844,5577
2011-03-14,489.0,498.0,481.1000061035156,483.8500061035156,458.0508117675781,11457
2011-03-15,481.0,482.8999938964844,473.04998779296875,478.45001220703125,452.938720703125,6893
2011-03-16,479.0,483.95001220703125,475.0,475.6000061035156,450.24066162109375,8554
2011-03-17,474.0,484.79998779296875,471.0,472.95001220703125,447.7320251464844,9248
2011-03-18,468.0,485.0,468.0,480.29998779296875,454.6900329589844,6324
2011-03-21,483.0,505.0,480.04998779296875,493.45001220703125,467.138916015625,22251
2011-03-22,503.0,514.4000244140625,488.0,504.0,477.1264343261719,32925
2011-03-23,501.3999938964844,518.9500122070312,501.3999938964844,508.70001220703125,481.5758361816406,14337
2011-03-24,515.0,521.0499877929688,497.70001220703125,503.8500061035156,476.984375,22661
2011-03-25,510.0,525.0,505.0,520.2999877929688,492.5572814941406,31120
2011-03-28,525.0,525.0,513.0,516.5999755859375,489.0545654296875,9601
2011-03-29,513.0999755859375,574.0,507.0,558.0999755859375,528.341796875,59543
2011-03-30,559.9000244140625,588.0,555.0,577.2000122070312,546.4232788085938,48784
2011-03-31,578.0,617.0,565.0,594.2000122070312,562.5167846679688,65154
2011-04-01,596.0499877929688,637.0,579.25,621.4500122070312,588.313720703125,31979
2011-04-04,630.0,634.9000244140625,622.0,631.0499877929688,597.4019165039062,6910
2011-04-05,625.0,629.0,610.0,615.5,582.6810302734375,7975
2011-04-06,624.8499755859375,624.8499755859375,615.0499877929688,617.0499877929688,584.1484375,5760
2011-04-07,615.75,642.0,615.75,622.9000244140625,589.6864624023438,61876
2011-04-08,623.0,634.9500122070312,620.0,620.2000122070312,587.1304931640625,8171
2011-04-11,620.0,640.2000122070312,615.5499877929688,633.75,599.9579467773438,16372
2011-04-13,635.9500122070312,650.0,635.9500122070312,641.9500122070312,607.7208862304688,15622
2011-04-15,643.0999755859375,652.7000122070312,640.0,648.7999877929688,614.2055053710938,11570
2011-04-18,650.0,678.7999877929688,650.0,655.4000244140625,620.4535522460938,13867
2011-04-19,658.0,667.7999877929688,650.0,654.7000122070312,619.7908935546875,5144
2011-04-20,663.0,679.8499755859375,652.0,673.1500244140625,637.2572021484375,16019
2011-04-21,689.0,689.0,665.0,668.5999755859375,632.9498291015625,5710
2011-04-25,675.0,688.0,662.0,679.3499755859375,643.1265869140625,12074
2011-04-26,680.0,682.0,670.5499877929688,676.5,640.4285278320312,6335
2011-04-27,664.25,679.9500122070312,664.1500244140625,668.2999877929688,632.665771484375,4080
2011-04-28,670.0,674.9500122070312,641.7999877929688,645.4500122070312,611.0342407226562,44609
2011-04-29,670.0,670.0,612.0999755859375,621.5,588.3612060546875,14099
2011-05-02,626.9500122070312,629.7999877929688,608.0999755859375,611.3499755859375,578.7522583007812,7190
2011-05-03,613.0,617.5,600.0,603.0,570.8475952148438,3356
2011-05-04,597.5,606.9500122070312,591.3499755859375,596.5,564.694091796875,5032
2011-05-05,598.0,612.0,582.3499755859375,585.2999877929688,554.09130859375,3883
2011-05-06,588.0,598.0,582.0,588.0,556.6474609375,3671
2011-05-09,607.9500122070312,607.9500122070312,590.0,601.0999755859375,569.048828125,3355
2011-05-10,602.0,609.9000244140625,597.4500122070312,604.8499755859375,572.5989379882812,2409
2011-05-11,604.0,628.4000244140625,600.0499877929688,625.25,591.9111938476562,7598
2011-05-12,626.0499877929688,634.8499755859375,605.0999755859375,606.1500244140625,573.8297119140625,5232
2011-05-13,622.9500122070312,622.9500122070312,606.0,609.2999877929688,576.8116455078125,2720
2011-05-16,622.9500122070312,622.9500122070312,602.0499877929688,611.75,579.131103515625,3256
2011-05-17,611.0,616.0,603.5499877929688,606.25,573.92431640625,1406
2011-05-18,606.0,607.7000122070312,583.0,586.2000122070312,554.943359375,4160
2011-05-19,600.0,604.0,585.5,598.2999877929688,566.3982543945312,5151
2011-05-20,600.0,603.7999877929688,591.2000122070312,594.75,563.0374755859375,1598
2011-05-23,603.0,603.0,578.1500244140625,581.7000122070312,550.6832885742188,1884
2011-05-24,580.3499755859375,589.9500122070312,575.7999877929688,578.4500122070312,547.6066284179688,3201
2011-05-25,588.0,588.0,577.5,579.0,548.1272583007812,2086
2011-05-26,579.0,585.9500122070312,577.0,582.5,551.440673828125,968
2011-05-27,593.7999877929688,593.7999877929688,565.0499877929688,568.7999877929688,538.4712524414062,7711
2011-05-30,586.9000244140625,586.9000244140625,565.0,569.2999877929688,538.9444580078125,1592
2011-05-31,586.0,586.0,571.0,581.0,550.0205688476562,2146
2011-06-01,590.0,638.9000244140625,572.0999755859375,602.9000244140625,570.7528686523438,8535
2011-06-02,596.0,602.9500122070312,585.0,594.9000244140625,563.1795043945312,1839
2011-06-03,597.0,600.0,586.0,599.1500244140625,567.2029418945312,1261
2011-06-06,604.5999755859375,604.5999755859375,580.1500244140625,594.75,563.0374755859375,1224
2011-06-07,593.0499877929688,597.9000244140625,582.75,584.8499755859375,553.665283203125,3373
2011-06-08,583.0,599.0,583.0,590.4500122070312,558.966796875,4889
2011-06-09,595.0,616.0,595.0,602.2999877929688,570.1848754882812,7614
2011-06-10,600.0,614.0,586.5,588.2999877929688,556.931396484375,5466
2011-06-13,600.0,671.3499755859375,582.5,636.9000244140625,602.940185546875,261106
2011-06-14,642.9500122070312,653.0,628.6500244140625,637.5,603.508056640625,74890
2011-06-15,620.0,640.0,610.0,612.4000244140625,579.7463989257812,22233
2011-06-16,608.4000244140625,623.7999877929688,606.4000244140625,613.2999877929688,580.598388671875,10876
2011-06-17,607.0,622.0,596.0,599.5999755859375,567.62890625,14498
2011-06-20,609.9000244140625,609.9000244140625,570.0,575.7999877929688,545.0980224609375,16817
2011-06-21,571.0,592.0,571.0,587.6500244140625,556.3160400390625,5795
2011-06-22,588.0999755859375,593.0,578.5,580.3499755859375,549.4053344726562,2357
2011-06-23,582.0,585.7999877929688,571.0,572.5499877929688,542.0211181640625,3435
2011-06-24,581.0,590.0,576.0499877929688,587.5499877929688,556.2213745117188,8942
2011-06-27,578.0,595.0,578.0,580.75,549.783935546875,5714
2011-06-28,582.0,624.0,578.0,601.7000122070312,569.6170043945312,32980
2011-06-29,610.0,621.0,596.0,599.5999755859375,567.62890625,13561
2011-06-30,604.0,613.9500122070312,597.0,598.3499755859375,566.4454956054688,6955
2011-07-01,597.5499877929688,624.9500122070312,597.5499877929688,621.9500122070312,588.7872314453125,23931
2011-07-04,623.0,625.9000244140625,617.25,620.75,587.6512451171875,4106
2011-07-05,623.0,648.5999755859375,620.0,633.2000122070312,599.4373779296875,25200
2011-07-06,632.0,659.75,632.0,648.7999877929688,614.2055053710938,29233
2011-07-07,655.0,678.0,652.0,663.5,628.1217041015625,49018
2011-07-08,669.9500122070312,674.0,642.25,646.4000244140625,611.9335327148438,8477
2011-07-11,646.7999877929688,655.0,644.0999755859375,648.7999877929688,614.2055053710938,4855
2011-07-12,645.0,706.4000244140625,641.5,670.0999755859375,634.3697509765625,150074
2011-07-13,677.0,696.8499755859375,670.0,672.8499755859375,636.97314453125,71316
2011-07-14,680.0,690.0,664.0,671.0,635.2217407226562,27170
2011-07-15,676.0,689.0499877929688,656.0999755859375,681.75,645.3986206054688,34276
2011-07-18,688.9000244140625,694.7999877929688,672.0,676.25,640.1918334960938,91508
2011-07-19,679.2999877929688,690.0,666.0999755859375,670.2000122070312,634.4645385742188,22073
2011-07-20,670.25,678.7000122070312,660.0999755859375,662.3499755859375,627.0330810546875,10697
2011-07-21,660.5499877929688,667.4500122070312,657.5999755859375,661.9000244140625,626.6070556640625,5783
2011-07-22,663.4000244140625,669.7999877929688,657.0,665.9500122070312,630.4411010742188,6073
2011-07-25,659.0999755859375,669.0,659.0999755859375,664.8499755859375,629.399658203125,3974
2011-07-26,660.0999755859375,680.0,660.0999755859375,670.0499877929688,634.322509765625,8951
2011-07-27,679.0,679.7999877929688,664.25,667.2000122070312,631.6243896484375,5311
2011-07-28,668.0,678.0,660.5499877929688,666.3499755859375,630.8197631835938,9419
2011-07-29,665.0999755859375,670.0,659.0999755859375,660.9500122070312,625.707763671875,5308
2011-08-01,665.0,669.9000244140625,643.0999755859375,645.4000244140625,610.98681640625,9563
2011-08-02,643.0,647.0,629.5,631.7000122070312,598.0172729492188,13613
2011-08-03,629.0,630.0,610.0999755859375,623.4000244140625,590.1598510742188,10746
2011-08-04,633.9000244140625,639.0,616.0499877929688,621.9000244140625,588.7398681640625,8063
2011-08-05,615.0,618.9500122070312,595.0499877929688,604.5499877929688,572.31494140625,21886
2011-08-08,595.0,604.5,584.0,596.0499877929688,564.2681274414062,8808
2011-08-09,590.0,602.0,576.0,579.1500244140625,548.269287109375,11259
2011-08-10,599.0,599.0,585.0,587.0999755859375,555.7953491210938,7943
2011-08-11,585.0,595.8499755859375,582.5,587.9500122070312,556.6000366210938,5645
2011-08-12,585.0,593.9000244140625,585.0,592.8499755859375,561.23876953125,5442
2011-08-16,591.75,608.0,590.0,603.2999877929688,571.1317749023438,6903
2011-08-17,607.1500244140625,607.1500244140625,594.0,596.9000244140625,572.6665649414062,3603
2011-08-18,596.0,597.8499755859375,589.0999755859375,593.2000122070312,569.1167602539062,8078
2011-08-19,594.0,594.0,574.0,581.0999755859375,557.508056640625,8428
2011-08-22,591.0,591.0,575.0,581.9500122070312,558.3236694335938,2556
2011-08-23,592.9500122070312,596.0,585.0,593.75,569.6444091796875,1335
2011-08-24,598.7999877929688,598.7999877929688,582.7000122070312,585.4000244140625,561.6336059570312,2047
2011-08-25,593.9500122070312,593.9500122070312,579.0999755859375,580.1500244140625,556.5968017578125,1648
2011-08-26,580.0,589.75,575.0,585.5999755859375,561.825439453125,4227
2011-08-29,585.75,595.5,582.0,593.25,569.1649780273438,5561
2011-08-30,596.0,603.7999877929688,592.0499877929688,595.2999877929688,571.131591796875,3622
2011-09-02,605.0,605.0,593.3499755859375,598.0,573.721923828125,4356
2011-09-05,602.0,604.6500244140625,596.0,599.6500244140625,575.3049926757812,4464
2011-09-06,601.0,603.9500122070312,596.0,599.2000122070312,574.8733520507812,1702
2011-09-07,600.0,618.9000244140625,600.0,608.8499755859375,584.1314086914062,5700
2011-09-08,610.0,610.0,603.0,603.8499755859375,579.3343505859375,1670
2011-09-09,603.0,613.0,596.0,600.75,576.3603515625,2675
2011-09-12,600.0,600.0,585.0,587.9000244140625,564.0321044921875,1444
2011-09-13,590.0,599.0,590.0,595.7999877929688,571.6112670898438,1422
2011-09-14,595.0,598.0,588.5,590.75,566.7662963867188,887
2011-09-15,595.0,598.0,591.0,591.7999877929688,567.7737426757812,1100
2011-09-16,591.0,605.0,590.0,602.2000122070312,577.75146484375,3172
2011-09-19,604.9500122070312,642.0,601.0,613.2999877929688,588.40087890625,59898
2011-09-20,615.9500122070312,631.7999877929688,608.25,627.0,601.5446166992188,14283
2011-09-21,631.0,634.0,619.7999877929688,623.9000244140625,598.5704345703125,6193
2011-09-22,621.7000122070312,630.0,615.5999755859375,620.1500244140625,594.9727172851562,10010
2011-09-23,617.0,617.7000122070312,603.0499877929688,611.9000244140625,587.0577392578125,3681
2011-09-26,610.0,611.9000244140625,593.6500244140625,607.1500244140625,582.5005493164062,4439
2011-09-27,615.0,620.0,601.0999755859375,604.0499877929688,579.5263061523438,2667
2011-09-28,605.0,609.9000244140625,594.0,595.8499755859375,571.6593017578125,1524
2011-09-29,596.0,604.7999877929688,590.0499877929688,602.5499877929688,578.087158203125,2082
2011-09-30,603.0,611.7999877929688,602.0,604.7000122070312,580.1500244140625,5108
2011-10-03,606.0,611.7999877929688,594.0,607.0999755859375,582.4525146484375,4041
2011-10-04,608.0,610.0,597.0,600.5999755859375,576.2163696289062,8816
2011-10-05,605.0,607.0,593.0,596.2000122070312,571.9950561523438,2565
2011-10-07,609.9000244140625,609.9000244140625,598.0,600.9000244140625,576.5042114257812,2964
2011-10-10,609.0,615.7999877929688,600.0,614.8499755859375,589.8880615234375,4819
2011-10-11,620.0,620.0,612.0499877929688,613.8499755859375,588.9283447265625,1367
2011-10-12,610.25,618.0,610.0,613.0999755859375,588.2090454101562,1812
2011-10-13,616.0,618.9500122070312,609.25,611.3499755859375,586.5299072265625,2760
2011-10-14,619.0,619.0,605.0499877929688,608.4000244140625,583.6998291015625,1571
2011-10-17,625.0,625.0,607.0499877929688,614.5,589.5520629882812,5054
2011-10-18,610.0,618.4500122070312,608.0,613.2999877929688,588.40087890625,2133
2011-10-19,605.0,617.7000122070312,605.0,614.5,589.5520629882812,961
2011-10-20,605.5,617.0,605.5,615.4500122070312,590.4635009765625,3293
2011-10-21,614.0,618.75,611.0,614.5499877929688,589.6000366210938,2100
2011-10-24,619.6500244140625,629.75,610.0,613.2999877929688,588.40087890625,6783
2011-10-25,613.2999877929688,621.9000244140625,608.2999877929688,611.7999877929688,586.9617309570312,4235
2011-10-28,607.7999877929688,607.8499755859375,586.5,592.4500122070312,568.3973388671875,10271
2011-10-31,605.0,605.0,588.5,598.9500122070312,574.6333618164062,5853
2011-11-01,593.0,602.0,593.0,596.5999755859375,572.3788452148438,2437
2011-11-02,596.0,609.75,592.0,599.0,574.681396484375,6340
2011-11-03,609.0,609.0,593.0,601.0,576.6001586914062,4990
2011-11-04,609.7999877929688,612.5,598.0,602.7000122070312,578.2311401367188,5663
2011-11-08,608.9500122070312,625.0,599.0999755859375,616.7999877929688,591.7586669921875,6505
2011-11-09,616.0499877929688,620.0,600.0999755859375,602.1500244140625,577.7035522460938,6430
2011-11-11,609.0,609.0,596.0,596.2000122070312,571.9950561523438,4164
2011-11-14,592.0,608.5,581.0499877929688,587.1500244140625,563.3124389648438,6993
2011-11-15,590.0,592.6500244140625,573.0499877929688,576.8499755859375,553.4305419921875,3606
2011-11-16,580.0,580.0999755859375,571.2000122070312,574.9500122070312,551.6077880859375,1683
2011-11-17,575.0,585.4500122070312,570.0,573.4500122070312,550.1687622070312,1518
2011-11-18,583.4500122070312,595.0,562.1500244140625,583.8499755859375,560.1465454101562,7197
2011-11-21,589.0,589.0,570.0499877929688,572.6500244140625,549.4012451171875,1179
2011-11-22,572.4000244140625,580.0,554.0499877929688,558.7999877929688,536.1134033203125,5098
2011-11-23,556.3499755859375,565.9000244140625,543.0,546.25,524.072998046875,2950
2011-11-24,549.0,552.0,533.0499877929688,537.75,515.9180908203125,2104
2011-11-25,536.0,544.4000244140625,536.0,538.9000244140625,517.0213623046875,1484
2011-11-28,549.4500122070312,555.9500122070312,541.2999877929688,549.7999877929688,527.4789428710938,2104
2011-11-29,545.0,561.75,542.7999877929688,550.8499755859375,528.4861450195312,1541
2011-11-30,546.0499877929688,550.0,528.0499877929688,534.2999877929688,512.608154296875,2236
2011-12-01,546.0,549.2000122070312,536.7000122070312,538.5499877929688,516.6856079101562,2084
2011-12-02,529.0,547.5,523.5999755859375,544.5499877929688,522.442138671875,2431
2011-12-05,542.0999755859375,549.0,538.0,540.0,518.0767211914062,1319
2011-12-07,539.0,547.9500122070312,539.0,541.1500244140625,519.1801147460938,999
2011-12-08,539.0,542.5,539.0,541.2999877929688,519.3240356445312,956
2011-12-09,527.0499877929688,547.0,526.7000122070312,527.9000244140625,506.468017578125,2158
2011-12-12,526.7000122070312,531.9000244140625,506.0,510.04998779296875,489.3426818847656,5498
2011-12-13,511.0,511.0,483.0,497.6499938964844,477.4461364746094,9350
2011-12-14,507.8999938964844,510.0,495.1499938964844,499.20001220703125,478.9332580566406,3010
2011-12-15,499.20001220703125,499.20001220703125,474.8999938964844,481.25,461.7118835449219,7655
2011-12-16,477.04998779296875,495.8999938964844,472.0,480.3500061035156,460.84844970703125,6344
2011-12-19,480.0,494.95001220703125,459.0,461.54998779296875,442.8117370605469,6024
2011-12-20,473.0,476.0,446.1000061035156,448.29998779296875,430.0995788574219,11779
2011-12-21,450.3500061035156,458.95001220703125,432.6000061035156,437.45001220703125,419.690185546875,13435
2011-12-22,443.0,443.0,426.0,429.45001220703125,412.0149841308594,10389
2011-12-23,426.0,444.0,421.5,437.3500061035156,419.5942077636719,7951
2011-12-26,454.95001220703125,454.95001220703125,441.75,452.5,434.1291198730469,1991
2011-12-27,457.0,463.0,454.1000061035156,456.1000061035156,437.5829772949219,1850
2011-12-28,454.0,454.0,443.04998779296875,445.29998779296875,427.2214660644531,2576
2011-12-29,457.5,457.5,446.0,447.70001220703125,429.52398681640625,1549
2011-12-30,443.54998779296875,453.8999938964844,441.54998779296875,447.8500061035156,429.66790771484375,2461
2012-01-02,455.0,476.20001220703125,450.0,455.54998779296875,437.0553283691406,7641
2012-01-03,468.5,468.5,450.0,455.04998779296875,436.5755920410156,3169
2012-01-04,442.0,459.0,442.0,453.8999938964844,435.4723205566406,611
2012-01-05,458.0,459.8500061035156,451.1000061035156,453.1000061035156,434.70477294921875,2290
2012-01-06,454.0,473.0,451.0,461.79998779296875,443.05157470703125,5019
2012-01-09,468.95001220703125,468.95001220703125,454.0,457.3500061035156,438.7822570800781,1452
2012-01-10,465.95001220703125,483.75,459.0,475.8999938964844,456.5791320800781,10861
2012-01-11,490.0,494.95001220703125,475.0,490.04998779296875,470.15460205078125,4405
2012-01-12,490.0,509.0,490.0,499.5,479.2209777832031,11895
2012-01-13,488.20001220703125,508.95001220703125,488.20001220703125,503.1499938964844,482.7227783203125,3406
2012-01-16,502.0,509.0,493.25,496.5,476.3428039550781,2268
2012-01-17,504.70001220703125,504.75,485.1499938964844,494.29998779296875,474.2320861816406,3155
2012-01-18,495.0,514.0999755859375,495.0,503.29998779296875,482.8667297363281,4152
2012-01-19,512.0,598.0,504.1000061035156,508.45001220703125,487.8076477050781,2313
2012-01-20,508.0,512.9500122070312,493.5,503.79998779296875,483.346435546875,3647
2012-01-23,504.0,509.0,498.0,498.8999938964844,478.6453552246094,2037
2012-01-24,507.0,508.0,493.6499938964844,499.29998779296875,479.0290832519531,1381
2012-01-25,514.9500122070312,519.9000244140625,495.0,518.8499755859375,497.785400390625,6398
2012-01-27,520.2000122070312,533.9500122070312,512.0499877929688,524.5499877929688,503.25396728515625,6420
2012-01-30,526.0,535.0,519.0,520.0,498.8887023925781,1921
2012-01-31,519.0,529.0,422.0,504.1000061035156,483.6341857910156,19550
2012-02-01,500.0,503.0,489.25,491.25,471.305908203125,10696
2012-02-02,490.0,504.3999938964844,490.0,495.20001220703125,475.0955810546875,3613
2012-02-03,497.0,501.3999938964844,490.0,497.3500061035156,477.1582946777344,3028
2012-02-06,500.0,512.0,500.0,503.04998779296875,482.62689208984375,6046
2012-02-07,509.95001220703125,509.95001220703125,500.04998779296875,504.5,484.01800537109375,2048
2012-02-08,500.04998779296875,507.5,500.04998779296875,503.20001220703125,482.77081298828125,3358
2012-02-09,501.04998779296875,511.0,501.04998779296875,506.6000061035156,486.03271484375,2321
2012-02-10,502.0,526.5,502.0,509.6499938964844,488.9588928222656,7146
2012-02-13,510.0,517.9500122070312,505.0,511.1499938964844,490.3980407714844,2560
2012-02-14,511.0,516.0,510.04998779296875,512.4000244140625,491.5973205566406,1205
2012-02-15,519.0,523.0,512.0,513.7999877929688,492.9403381347656,4787
2012-02-16,510.04998779296875,518.9500122070312,510.04998779296875,512.25,491.4533386230469,3891
2012-02-17,519.0,519.0,499.0,501.5,481.1398010253906,7791
2012-02-21,515.0,515.0,499.1000061035156,501.25,480.8999328613281,5688
2012-02-22,503.0,508.95001220703125,499.0,500.29998779296875,479.988525390625,3152
2012-02-23,499.0,500.5,495.5,496.20001220703125,476.0549011230469,2068
2012-02-24,500.0,521.9500122070312,489.1000061035156,503.6000061035156,483.1545715332031,12231
2012-02-27,502.0,505.95001220703125,488.0,491.20001220703125,471.25799560546875,6967
2012-02-28,493.8999938964844,509.8999938964844,490.0,491.6499938964844,471.689697265625,10024
2012-02-29,502.8500061035156,504.0,495.04998779296875,501.20001220703125,480.8519287109375,3631
2012-03-01,495.1000061035156,502.0,495.0,498.79998779296875,478.5494384765625,1817
2012-03-02,498.0,500.0,494.0,495.0,474.9037170410156,1964
2012-03-05,499.0,518.5999755859375,493.04998779296875,499.54998779296875,479.26898193359375,13701
2012-03-06,501.20001220703125,506.0,492.1000061035156,494.75,474.663818359375,6238
2012-03-07,501.0,501.0,490.1000061035156,491.6499938964844,471.689697265625,1453
2012-03-09,499.0,499.95001220703125,490.0,492.04998779296875,472.0733947753906,2444
2012-03-12,500.0,500.0,490.0,494.95001220703125,474.855712890625,1378
2012-03-13,498.5,505.0,492.0,500.25,479.9405212402344,2433
2012-03-14,500.0,528.0,498.1499938964844,519.9000244140625,498.79278564453125,34722
2012-03-15,518.25,522.0,511.0,512.75,491.9330749511719,13457
2012-03-16,519.9000244140625,521.25,510.0,513.0999755859375,492.268798828125,10147
2012-03-19,512.0,527.0,512.0,520.25,499.128662109375,16033
2012-03-20,530.0,530.0,516.0,524.0499877929688,502.7742919921875,5688
2012-03-21,526.7999877929688,530.5499877929688,520.0,522.7999877929688,501.5751037597656,9188
2012-03-22,510.0,525.5,510.0,515.1500244140625,494.2356262207031,2331
2012-03-23,514.4000244140625,518.5,506.3999938964844,511.6000061035156,490.8298034667969,1764
2012-03-26,521.0,521.0,496.0,497.45001220703125,477.2542419433594,3548
2012-03-27,507.95001220703125,507.95001220703125,493.04998779296875,495.6000061035156,475.4793395996094,1837
2012-03-28,499.95001220703125,499.95001220703125,485.0,490.29998779296875,470.3945007324219,8861
2012-03-29,498.0,499.95001220703125,492.0,498.75,478.50146484375,1746
2012-03-30,508.5,512.7999877929688,497.5,503.54998779296875,483.1065368652344,5876
2012-04-02,505.0,516.0,500.0,513.2000122070312,492.36480712890625,3576
2012-04-03,516.0,523.0,510.0,515.9000244140625,494.9552307128906,2848
2012-04-04,516.0499877929688,519.9500122070312,511.04998779296875,516.7000122070312,495.72271728515625,2621
2012-04-09,511.0,518.75,510.5,516.4500122070312,495.48291015625,1480
2012-04-10,510.04998779296875,514.9500122070312,504.0,508.5,487.85565185546875,3967
2012-04-11,515.9000244140625,533.4000244140625,504.0,517.0999755859375,496.1064758300781,7856
2012-04-12,524.75,553.8499755859375,524.0999755859375,547.0999755859375,524.888427734375,33879
2012-04-13,553.9500122070312,636.8499755859375,551.0499877929688,617.7000122070312,592.6221923828125,508890
2012-04-16,617.7000122070312,666.0,610.0499877929688,650.7000122070312,624.2824096679688,364522
2012-04-17,657.5999755859375,666.2000122070312,622.2000122070312,626.4500122070312,601.0169677734375,126106
2012-04-18,631.9500122070312,662.7999877929688,625.0,641.0999755859375,615.0720825195312,136148
2012-04-19,648.4000244140625,648.4500122070312,621.6500244140625,625.5,600.10546875,29915
2012-04-20,626.0999755859375,645.0,625.5999755859375,629.0499877929688,603.5115356445312,50412
2012-04-23,634.9000244140625,657.2999877929688,624.0,628.75,603.2234497070312,42387
2012-04-24,635.0,640.7999877929688,627.0,631.75,606.1018676757812,14041
2012-04-25,633.75,640.5,596.0,613.0999755859375,588.2090454101562,75100
2012-04-26,605.0,620.0,582.0,583.8499755859375,560.1465454101562,40994
2012-04-27,589.9500122070312,594.6500244140625,576.0,582.7000122070312,559.0430908203125,9932
2012-04-30,576.0499877929688,632.0,575.0,617.0,591.9505615234375,70388
2012-05-02,615.0,629.0,602.0499877929688,606.6500244140625,582.0209350585938,19978
2012-05-03,605.0999755859375,609.7999877929688,583.1500244140625,586.25,562.4490356445312,13686
2012-05-04,580.0,596.0,574.0,581.0499877929688,557.4601440429688,12701
2012-05-07,585.75,598.7999877929688,563.0,588.7000122070312,564.799560546875,15902
2012-05-08,583.5,595.9000244140625,570.0999755859375,574.5499877929688,551.2240600585938,6208
2012-05-09,580.0,580.0,555.5999755859375,563.5999755859375,540.7186279296875,9164
2012-05-10,567.0,569.8499755859375,557.4000244140625,560.4500122070312,537.6964111328125,7428
2012-05-11,550.2000122070312,565.0,550.0999755859375,561.2999877929688,538.511962890625,6400
2012-05-14,565.0,570.0,550.0499877929688,551.7999877929688,529.3977661132812,5300
2012-05-15,551.5,564.0,551.0499877929688,555.9000244140625,533.3312377929688,5097
2012-05-16,555.0,559.9500122070312,550.0499877929688,556.5499877929688,533.9547119140625,4182
2012-05-17,556.5499877929688,567.0,550.0499877929688,562.2000122070312,539.3754272460938,3446
2012-05-18,550.0499877929688,561.9000244140625,550.0499877929688,554.2999877929688,531.7960205078125,4100
2012-05-21,553.5999755859375,579.0499877929688,553.5,572.0999755859375,548.8734741210938,7229
2012-05-22,572.7000122070312,581.7000122070312,565.0499877929688,569.9000244140625,546.7628173828125,7659
2012-05-23,568.0499877929688,578.5,568.0499877929688,575.2999877929688,551.9436645507812,4357
2012-05-24,564.5499877929688,588.8499755859375,564.5499877929688,577.7000122070312,554.2461547851562,9189
2012-05-25,577.9000244140625,587.0,570.5499877929688,574.75,551.416015625,6924
2012-05-28,582.0,584.9000244140625,575.25,582.7000122070312,559.0430908203125,4011
2012-05-29,582.0999755859375,600.0,577.0,592.7999877929688,568.7330322265625,4339
2012-05-30,594.0,598.9500122070312,580.0,581.8499755859375,558.2276000976562,2612
2012-05-31,591.0,591.0,575.0,575.6500244140625,552.2794189453125,751
2012-06-01,573.2000122070312,580.9000244140625,564.4500122070312,568.0,544.93994140625,5215
2012-06-04,558.0499877929688,575.0,558.0499877929688,569.2999877929688,546.1870727539062,2484
2012-06-05,575.0,588.0,571.4500122070312,574.7999877929688,551.4636840820312,12803
2012-06-06,574.0499877929688,590.0,574.0499877929688,585.25,561.4896240234375,4339
2012-06-07,583.0,595.5499877929688,579.0,589.2000122070312,565.279296875,7769
2012-06-08,588.0,589.9000244140625,581.7999877929688,583.1500244140625,559.4749145507812,1023
2012-06-11,581.0,586.9500122070312,576.0499877929688,578.75,555.2535400390625,8092
2012-06-12,576.0,585.0,573.5999755859375,575.7999877929688,552.4234008789062,1240
2012-06-13,571.5999755859375,581.8499755859375,571.5999755859375,579.2000122070312,555.6852416992188,1920
2012-06-14,582.1500244140625,585.0,573.2999877929688,576.7999877929688,553.3826293945312,2642
2012-06-15,579.0,584.8499755859375,577.0,578.9000244140625,555.3974609375,1343
2012-06-18,580.0,582.8499755859375,570.25,573.2000122070312,549.928955078125,3787
2012-06-19,578.9500122070312,578.9500122070312,565.25,571.7000122070312,548.48974609375,1980
2012-06-20,568.0499877929688,578.9000244140625,568.0499877929688,571.75,548.5376586914062,2773
2012-06-21,565.2999877929688,589.75,565.2999877929688,584.1500244140625,560.434326171875,35741
2012-06-22,576.0,594.0,575.2999877929688,577.0499877929688,553.6224365234375,29729
2012-06-25,571.0,585.9000244140625,571.0,573.5,550.2166748046875,1192
2012-06-26,568.0,585.0,568.0,577.5,554.0543212890625,2208
2012-06-27,588.75,588.75,571.0,573.25,549.976806640625,2567
2012-06-28,575.0,575.9500122070312,571.2999877929688,572.6500244140625,549.4012451171875,1353
2012-06-29,578.0,581.0499877929688,570.0,573.0499877929688,549.7849731445312,28912
2012-07-02,574.0,578.0,570.7000122070312,573.4000244140625,550.1207275390625,2537
2012-07-03,566.5,585.0,566.5,574.8499755859375,551.5117797851562,6492
2012-07-04,580.0,585.0,577.0999755859375,582.2999877929688,558.6593017578125,6845
2012-07-05,586.5,611.0,586.5,608.8499755859375,584.1314086914062,53953
2012-07-06,612.0,623.0,610.0499877929688,612.7999877929688,587.921142578125,12366
2012-07-09,621.5,621.5,591.25,593.25,569.1649780273438,4189
2012-07-10,609.9000244140625,609.9000244140625,585.0,590.5999755859375,566.6224365234375,7799
2012-07-11,587.0499877929688,592.9500122070312,581.25,584.2999877929688,560.5783081054688,2164
2012-07-12,586.0,589.25,580.0499877929688,582.0999755859375,558.467529296875,2404
2012-07-13,587.0,588.5,576.0,578.4500122070312,554.9656372070312,3428
2012-07-16,593.4500122070312,593.5,573.0,573.5999755859375,550.3126220703125,10699
2012-07-17,572.6500244140625,583.9000244140625,564.0,565.5499877929688,542.5894775390625,12584
2012-07-18,563.0,568.0999755859375,560.7000122070312,564.0,541.1024169921875,1760
2012-07-19,559.5,570.0,559.5,564.8499755859375,541.9178466796875,4285
2012-07-20,571.9000244140625,584.9000244140625,565.0,566.7999877929688,543.78857421875,4672
2012-07-23,564.0,568.0,560.0,561.8499755859375,539.0396118164062,2844
2012-07-24,567.0,567.0,557.0999755859375,558.25,535.5858154296875,1694
2012-07-25,551.1500244140625,561.0,551.1500244140625,556.5,533.9067993164062,2805
2012-07-26,559.9000244140625,559.9500122070312,550.0,551.7999877929688,529.3977661132812,5545
2012-07-27,556.0,564.6500244140625,550.0,551.5,529.1098022460938,3845
2012-07-30,546.0,560.0,545.0,550.9500122070312,528.5820922851562,4404
2012-07-31,561.75,568.9500122070312,554.0,559.5499877929688,536.8329467773438,2915
2012-08-01,560.0499877929688,648.9000244140625,550.25,631.2999877929688,605.6701049804688,751736
2012-08-02,635.5,635.5,605.25,608.2999877929688,583.603759765625,139248
2012-08-03,607.7999877929688,628.9500122070312,602.25,610.25,585.474609375,76624
2012-08-06,614.9000244140625,619.8499755859375,607.0,612.25,587.3934326171875,30142
2012-08-07,612.0999755859375,625.7000122070312,612.0499877929688,615.1500244140625,590.17578125,31278
2012-08-08,619.5,634.2000122070312,610.5,620.9500122070312,595.740234375,52327
2012-08-09,620.0,631.0499877929688,617.0499877929688,622.2999877929688,597.035400390625,28202
2012-08-10,619.0999755859375,625.2000122070312,615.0,617.9000244140625,592.8141479492188,14810
2012-08-13,622.0,638.5499877929688,621.7999877929688,623.4500122070312,598.1387329101562,30057
2012-08-14,626.0499877929688,629.7999877929688,622.5999755859375,625.9500122070312,600.5371704101562,5827
2012-08-16,625.0,637.7999877929688,621.0,629.5499877929688,607.8756103515625,42282
2012-08-17,632.0,659.9000244140625,631.9500122070312,640.2999877929688,618.2555541992188,108932
2012-08-21,649.2000122070312,671.1500244140625,639.9500122070312,656.0999755859375,633.511474609375,101271
2012-08-22,654.9000244140625,672.5,654.0,657.4500122070312,634.8151245117188,59059
2012-08-23,659.9000244140625,669.0,656.0999755859375,658.4000244140625,635.7323608398438,47872
2012-08-24,658.4500122070312,660.0,638.2000122070312,642.2000122070312,620.0902099609375,20513
2012-08-27,640.0,645.7000122070312,625.25,628.5499877929688,606.909912109375,18215
2012-08-28,627.5499877929688,635.0,623.25,626.3499755859375,604.7857666015625,11187
2012-08-29,619.75,634.8499755859375,616.7999877929688,620.9000244140625,599.5234375,19686
2012-08-30,624.9500122070312,650.0,617.0999755859375,636.4500122070312,614.5380249023438,44349
2012-08-31,640.0,640.0,621.1500244140625,624.2000122070312,602.7097778320312,14865
2012-09-03,632.4000244140625,633.0,625.0,628.75,607.10302734375,7789
2012-09-04,630.0,651.0,630.0,633.0,611.2068481445312,37236
2012-09-05,635.0499877929688,648.0,633.0,637.25,615.310546875,18511
2012-09-06,639.9500122070312,647.0,636.0,645.4500122070312,623.2282104492188,18551
2012-09-07,648.9500122070312,672.5999755859375,645.2999877929688,664.3499755859375,641.4774169921875,50742
2012-09-10,677.4000244140625,691.8499755859375,665.0499877929688,674.2000122070312,650.9884033203125,43038
2012-09-11,680.1500244140625,680.1500244140625,667.9500122070312,671.25,648.139892578125,12092
2012-09-12,674.9500122070312,676.0,660.0999755859375,663.2000122070312,640.3672485351562,12190
2012-09-13,669.4000244140625,673.5,660.0,664.3499755859375,641.4774169921875,20773
2012-09-14,673.0,673.0,645.25,649.2000122070312,626.8490600585938,25891
2012-09-17,655.5,663.5,650.2000122070312,652.5,630.0355224609375,19426
2012-09-18,658.7000122070312,662.5,653.0,653.9500122070312,631.435546875,28336
2012-09-20,658.4000244140625,666.0499877929688,651.9000244140625,653.2000122070312,630.7113647460938,9146
2012-09-21,657.9000244140625,657.9000244140625,640.0,642.0,619.8970336914062,34207
2012-09-24,642.0,659.0,642.0,654.2000122070312,631.6770629882812,16933
2012-09-25,645.5999755859375,657.0,645.5499877929688,653.0999755859375,630.6148071289062,4067
2012-09-26,655.0499877929688,660.0,643.6500244140625,648.0999755859375,625.7869873046875,8492
2012-09-27,648.0,654.0499877929688,645.0,648.5499877929688,626.221435546875,8438
2012-09-28,648.0499877929688,660.0,644.5,651.9500122070312,629.50439453125,10835
2012-10-01,658.5,669.9000244140625,656.0,657.9000244140625,635.2496337890625,16366
2012-10-03,659.2999877929688,674.0,650.0499877929688,669.1500244140625,646.1122436523438,19563
2012-10-04,668.9500122070312,683.6500244140625,667.0,670.6500244140625,647.5606689453125,27100
2012-10-05,680.0,680.0,653.3499755859375,660.5499877929688,637.808349609375,9221
2012-10-08,657.0,669.9000244140625,656.0,658.3499755859375,635.68408203125,5509
2012-10-09,667.0,668.0,656.0,659.0499877929688,636.3599853515625,6117
2012-10-10,660.0,660.0,645.0,646.8499755859375,624.5800170898438,12133
2012-10-11,647.0,676.0,647.0,666.5499877929688,643.6017456054688,79907
2012-10-12,661.5,668.9500122070312,655.0,657.5499877929688,634.91162109375,13113
2012-10-15,660.1500244140625,687.4000244140625,660.0,676.75,653.4505615234375,38455
2012-10-16,672.3499755859375,697.9000244140625,672.3499755859375,678.0999755859375,654.7540283203125,64863
2012-10-17,681.5999755859375,688.7999877929688,668.9500122070312,671.75,648.622802734375,14292
2012-10-18,676.0,680.0,672.2999877929688,677.9500122070312,654.6091918945312,6695
2012-10-19,683.5,707.4000244140625,682.0999755859375,701.9000244140625,677.7347412109375,80605
2012-10-22,702.25,732.4000244140625,679.0,680.8499755859375,657.4093017578125,218864
2012-10-23,681.0,688.0,672.0,676.75,653.4505615234375,25202
2012-10-25,676.0,681.4500122070312,658.2999877929688,664.7000122070312,641.8154907226562,30970
2012-10-29,669.0,669.0,650.2000122070312,653.5,631.0009765625,6941
2012-10-30,654.9500122070312,663.9500122070312,650.5999755859375,652.1500244140625,629.697509765625,7837
2012-10-31,653.9500122070312,655.0,647.1500244140625,652.2000122070312,629.745849609375,8411
2012-11-01,646.0,670.0,646.0,665.2000122070312,642.29833984375,17228
2012-11-02,667.9000244140625,679.4000244140625,667.2999877929688,673.2999877929688,650.119384765625,20143
2012-11-05,675.0,686.3499755859375,672.1500244140625,673.75,650.5540161132812,13494
2012-11-06,675.0,692.7000122070312,666.5499877929688,686.25,662.6236572265625,18345
2012-11-07,688.0499877929688,690.0,674.0,677.7000122070312,654.3677978515625,9560
2012-11-08,675.0,684.0999755859375,668.0,672.4500122070312,649.2986450195312,7628
2012-11-09,674.9500122070312,688.7000122070312,671.0999755859375,675.1500244140625,651.9057006835938,13480
2012-11-12,676.0,680.0,657.0499877929688,671.5499877929688,648.4296264648438,9755
2012-11-15,678.0,678.0,660.4000244140625,673.75,650.5540161132812,6497
2012-11-16,675.0,679.9500122070312,670.0,671.5999755859375,648.4778442382812,8578
2012-11-19,679.0,679.0,668.0,670.0999755859375,647.029541015625,6563
2012-11-20,674.0499877929688,674.0499877929688,660.75,661.7000122070312,638.9188232421875,7732
2012-11-21,658.25,674.9000244140625,658.25,665.3499755859375,642.4429931640625,5060
2012-11-22,667.0,676.5,665.0999755859375,670.0999755859375,647.029541015625,5626
2012-11-23,669.9500122070312,673.0,664.0,670.25,647.1743774414062,6837
2012-11-26,670.0,671.9500122070312,664.8499755859375,669.5,646.4503173828125,5750
2012-11-27,669.5999755859375,677.0499877929688,665.5999755859375,669.25,646.208740234375,7202
2012-11-29,663.0,729.0,661.0999755859375,715.1500244140625,690.5286865234375,56435
2012-11-30,715.0,749.0,712.2000122070312,730.4500122070312,705.3017578125,47116
2012-12-03,749.0,751.6500244140625,735.0,735.9000244140625,710.564208984375,20622
2012-12-04,735.0,739.7999877929688,721.0,722.8499755859375,697.9634399414062,12994
2012-12-05,729.75,737.0,722.0,725.9000244140625,700.9083862304688,9761
2012-12-06,739.0,739.0,715.0,716.4500122070312,691.7837524414062,16677
2012-12-07,728.9500122070312,728.9500122070312,713.1500244140625,715.9000244140625,691.2527465820312,8838
2012-12-10,720.8499755859375,726.5999755859375,713.0999755859375,715.6500244140625,691.0112915039062,8267
2012-12-11,715.0499877929688,734.9500122070312,715.0499877929688,718.0,693.2803955078125,18408
2012-12-12,781.0,781.0,720.25,724.75,699.7979736328125,23938
2012-12-13,730.0,730.0,704.0999755859375,707.5999755859375,683.2384033203125,6460
2012-12-14,714.25,719.7000122070312,702.0,706.5499877929688,682.224609375,5490
2012-12-17,706.0,713.4000244140625,702.3499755859375,707.8499755859375,683.4797973632812,3404
2012-12-18,715.0,724.3499755859375,707.0,722.4500122070312,697.5772705078125,26125
2012-12-19,719.0499877929688,768.0,711.0,750.4500122070312,724.6132202148438,34450
2012-12-20,755.0499877929688,774.9000244140625,745.1500244140625,749.2999877929688,723.5028076171875,24199
2012-12-21,767.0,767.0,728.0,734.0,708.7296752929688,29505
2012-12-24,730.5,741.9500122070312,726.4000244140625,732.0,706.7985229492188,11687
2012-12-26,746.4500122070312,746.4500122070312,726.0499877929688,728.2999877929688,703.2257080078125,6285
2012-12-27,728.0,732.5999755859375,722.6500244140625,726.5499877929688,701.5360717773438,5187
2012-12-28,720.9000244140625,736.6500244140625,720.0,723.7000122070312,698.7841796875,7054
2012-12-31,723.0,735.0,723.0,727.0499877929688,702.0188598632812,4886
2013-01-01,721.5499877929688,735.0,721.5499877929688,724.6500244140625,699.7014770507812,8800
2013-01-02,724.5499877929688,730.0,723.0999755859375,725.0,700.0393676757812,4589
2013-01-03,724.0499877929688,728.5499877929688,720.0,721.2999877929688,696.4669799804688,6767
2013-01-04,722.0499877929688,728.0,715.5,723.25,698.3496704101562,39355
2013-01-07,723.25,731.5999755859375,715.0999755859375,720.0999755859375,695.3081665039062,5032
2013-01-08,720.0,724.4000244140625,716.0999755859375,719.0499877929688,694.2943115234375,3224
2013-01-09,735.0,735.0,719.0,719.7999877929688,695.0185546875,6912
2013-01-10,726.9500122070312,726.9500122070312,712.0999755859375,713.7999877929688,689.2250366210938,4160
2013-01-11,714.25,717.0499877929688,705.0,707.0499877929688,682.7073364257812,29961
2013-01-14,700.0499877929688,715.4500122070312,700.0,701.6500244140625,677.493408203125,5796
2013-01-15,705.0499877929688,706.9500122070312,701.0,702.3499755859375,678.169189453125,4944
2013-01-16,707.9500122070312,707.9500122070312,696.0999755859375,698.6500244140625,674.5966186523438,28400
2013-01-17,697.0499877929688,701.9500122070312,696.5,699.0499877929688,674.9829711914062,7451
2013-01-18,699.0499877929688,712.0,692.0,706.5499877929688,682.224609375,8026
2013-01-21,739.7999877929688,739.7999877929688,707.0999755859375,709.5499877929688,685.121337890625,7088
2013-01-22,718.9500122070312,719.25,698.4000244140625,705.1500244140625,680.872802734375,18576
2013-01-23,705.5,705.5,687.0,689.75,666.0029296875,20482
2013-01-24,691.0,691.0,666.4000244140625,672.4500122070312,649.2986450195312,9333
2013-01-25,670.0,688.0,651.0,662.75,639.9326171875,36215
2013-01-28,666.0,670.0499877929688,644.0,650.5499877929688,628.152587890625,14463
2013-01-29,664.7000122070312,664.7000122070312,648.0,651.5999755859375,629.1663818359375,6337
2013-01-30,655.0,656.9500122070312,642.0,650.0999755859375,627.7182006835938,7948
2013-01-31,645.25,654.8499755859375,641.0,649.5499877929688,627.1870727539062,5503
2013-02-01,650.0,652.9000244140625,642.0,644.6500244140625,622.4557495117188,3285
2013-02-04,646.2000122070312,660.0,645.0,648.4000244140625,626.0767211914062,5076
2013-02-05,645.0,659.0,645.0,654.3499755859375,631.8217163085938,3082
2013-02-06,648.0,655.0,645.0499877929688,652.5,630.0355224609375,5653
2013-02-07,652.0499877929688,656.9500122070312,645.0499877929688,650.2000122070312,627.8147583007812,3907
2013-02-08,650.75,653.0,642.5,648.5999755859375,626.2697143554688,3659
2013-02-11,645.0499877929688,649.9000244140625,639.0,640.4500122070312,618.4003295898438,2741
2013-02-12,648.0999755859375,649.0,643.0999755859375,645.0999755859375,622.8901977539062,4309
2013-02-13,645.0,652.0,645.0,650.1500244140625,627.7664794921875,4690
2013-02-14,650.0,651.9500122070312,636.9000244140625,645.0,622.7938232421875,23615
2013-02-15,644.0,644.0,621.0,622.8499755859375,601.4063720703125,9047
2013-02-18,632.2999877929688,632.2999877929688,624.0,625.2000122070312,603.6753540039062,1819
2013-02-19,630.0,631.9000244140625,628.0,628.7999877929688,607.1513671875,855
2013-02-20,629.0,631.9500122070312,622.0499877929688,628.9000244140625,607.2481689453125,3147
2013-02-21,624.0,628.9500122070312,622.0,624.9000244140625,603.3858032226562,2961
2013-02-22,631.9500122070312,632.0,625.0,627.9000244140625,606.282470703125,4028
2013-02-25,628.4500122070312,629.0499877929688,612.25,617.4000244140625,596.1439208984375,3097
2013-02-26,617.9500122070312,621.9500122070312,597.5,600.4500122070312,579.7774047851562,8280
2013-02-27,599.0,611.9000244140625,597.4500122070312,606.5999755859375,585.7158203125,6105
2013-02-28,600.0499877929688,621.4000244140625,593.0,596.9000244140625,576.3496704101562,5477
2013-03-01,598.0,606.0,585.0,589.7999877929688,569.494140625,2527
2013-03-04,591.0499877929688,609.0,582.0,585.2000122070312,565.0525512695312,4794
2013-03-05,586.0499877929688,594.0,560.5499877929688,582.9500122070312,562.8800048828125,3876
2013-03-06,595.5499877929688,621.4000244140625,583.5499877929688,591.4500122070312,571.0873413085938,7714
2013-03-07,592.0,598.9500122070312,581.0999755859375,594.8499755859375,574.3703002929688,13602
2013-03-08,600.0,602.7999877929688,591.7999877929688,596.2000122070312,575.673828125,12203
2013-03-11,593.0499877929688,606.8499755859375,593.0,597.9000244140625,577.3153076171875,4259
2013-03-12,597.0,601.3499755859375,594.0,594.8499755859375,574.3703002929688,1652
2013-03-13,598.0499877929688,602.0,585.0,589.8499755859375,569.5424194335938,4990
2013-03-14,589.9500122070312,600.0,583.0999755859375,589.2999877929688,569.0115356445312,3316
2013-03-15,586.0,609.7000122070312,582.7000122070312,601.0,580.3086547851562,4232
2013-03-18,600.0499877929688,600.0499877929688,590.0,592.8499755859375,572.4392700195312,1660
2013-03-19,593.9500122070312,615.0,580.0,598.4000244140625,577.798095703125,4671
2013-03-20,598.0499877929688,605.0,581.7000122070312,597.5999755859375,577.0255737304688,5001
2013-03-21,597.9500122070312,604.9000244140625,585.0999755859375,597.25,576.6878051757812,6048
2013-03-22,601.9500122070312,607.0,583.2999877929688,588.0,567.7561645507812,67476
2013-03-25,590.0,599.9500122070312,569.2000122070312,583.1500244140625,563.0730590820312,20903
2013-03-26,581.9500122070312,595.0,575.0499877929688,585.5,565.3421630859375,11199
2013-03-28,583.25,593.8499755859375,576.0,578.7999877929688,558.8728637695312,5450
2013-04-01,590.0,590.0,577.0,583.2999877929688,563.2177734375,1553
2013-04-02,585.0,598.0,582.75,594.25,573.7909545898438,2391
2013-04-03,586.25,609.0,586.25,600.7999877929688,580.1155395507812,2581
2013-04-04,600.0,605.0,583.0,588.6500244140625,568.3837890625,3012
2013-04-05,593.4000244140625,593.4000244140625,578.5999755859375,579.9500122070312,559.9833374023438,2157
2013-04-08,580.0,583.5,568.0,573.5499877929688,553.8035278320312,2468
2013-04-09,575.0,588.7000122070312,561.0999755859375,576.4000244140625,556.5554809570312,4339
2013-04-10,578.2000122070312,578.2000122070312,567.0999755859375,570.4000244140625,550.761962890625,3767
2013-04-11,583.9500122070312,583.9500122070312,562.0,564.6500244140625,545.2100830078125,1867
2013-04-12,562.0999755859375,574.9500122070312,562.0999755859375,568.4500122070312,548.8792724609375,2538
2013-04-15,563.0499877929688,580.0,559.9500122070312,562.9500122070312,543.5685424804688,2922
2013-04-16,561.0,575.0,561.0,570.9500122070312,551.2932739257812,1751
2013-04-17,573.1500244140625,579.9500122070312,562.9500122070312,564.5499877929688,545.113525390625,3385
2013-04-18,563.0,570.0,563.0,566.3499755859375,546.851318359375,5241
2013-04-22,588.0,588.0,563.0999755859375,567.0,547.4791259765625,6066
2013-04-23,572.0499877929688,572.0999755859375,560.0,567.25,547.7203979492188,6571
2013-04-25,571.75,579.0,563.3499755859375,574.9500122070312,555.1554565429688,12693
2013-04-26,575.9500122070312,576.0,565.25,566.9500122070312,547.4308471679688,4227
2013-04-29,560.0,573.6500244140625,550.25,562.0999755859375,542.7477416992188,8478
2013-04-30,569.7999877929688,616.0,566.0,581.75,561.72119140625,187284
2013-05-02,588.9500122070312,601.1500244140625,581.75,594.5,574.0322265625,24256
2013-05-03,597.8499755859375,597.8499755859375,582.2000122070312,585.6500244140625,565.487060546875,6277
2013-05-06,590.0499877929688,606.7000122070312,585.0,592.3499755859375,571.956298828125,13465
2013-05-07,591.0,615.9500122070312,591.0,601.9500122070312,581.225830078125,57079
2013-05-08,612.0,612.0,592.5999755859375,596.2000122070312,575.673828125,8454
2013-05-09,595.0499877929688,599.8499755859375,585.0499877929688,587.8499755859375,567.6112060546875,29743
2013-05-10,595.4000244140625,595.4000244140625,583.5499877929688,587.25,567.031982421875,9240
2013-05-13,587.0499877929688,597.0,587.0,589.7000122070312,569.3976440429688,8347
2013-05-14,590.0499877929688,601.0,587.0,590.5999755859375,570.2666015625,8289
2013-05-15,591.25,602.9500122070312,590.0999755859375,599.25,578.618896484375,11891
2013-05-16,595.0999755859375,603.9000244140625,590.0499877929688,590.4500122070312,570.1217651367188,10762
2013-05-17,598.9500122070312,598.9500122070312,588.0,589.5999755859375,569.301025390625,9425
2013-05-20,590.2000122070312,594.9500122070312,586.0,587.0,566.79052734375,7678
2013-05-21,587.5499877929688,590.9500122070312,584.0,585.7000122070312,565.5352172851562,5032
2013-05-22,585.0499877929688,595.0,585.0499877929688,589.9000244140625,569.5907592773438,7812
2013-05-23,591.0499877929688,593.0499877929688,571.0,575.9000244140625,556.0728149414062,15696
2013-05-24,575.0499877929688,588.7000122070312,572.0499877929688,582.8499755859375,562.783447265625,3415
2013-05-27,580.0,617.9000244140625,580.0,606.75,585.8605346679688,54273
2013-05-28,611.0,617.9000244140625,604.5,609.4000244140625,588.4193115234375,12525
2013-05-29,605.1500244140625,614.0,595.4000244140625,601.25,580.5499267578125,3501
2013-05-30,607.9000244140625,611.0,595.0,603.2999877929688,582.5293579101562,15253
2013-05-31,605.2000122070312,627.6500244140625,596.0499877929688,604.1500244140625,583.35009765625,66314
2013-06-03,607.0,614.0,582.0999755859375,584.5499877929688,564.4248657226562,16693
2013-06-04,586.5499877929688,603.0,586.5499877929688,591.2999877929688,570.9425659179688,10179
2013-06-05,598.5,598.5999755859375,590.0499877929688,594.3499755859375,573.8875122070312,4506
2013-06-06,595.8499755859375,597.2000122070312,586.0999755859375,589.0,568.7217407226562,10266
2013-06-07,589.9500122070312,590.0,580.25,582.9500122070312,562.8800048828125,3100
2013-06-10,585.5499877929688,591.75,571.9500122070312,580.7000122070312,560.70751953125,10389
2013-06-11,581.0,595.0499877929688,574.9500122070312,579.4000244140625,559.4522705078125,2331
2013-06-12,587.75,587.75,577.2000122070312,579.3499755859375,559.4039306640625,954
2013-06-13,588.0499877929688,588.7999877929688,574.0999755859375,580.6500244140625,560.6591796875,2102
2013-06-14,577.0,584.8499755859375,575.0,578.9000244140625,558.969482421875,2261
2013-06-17,578.1500244140625,589.0,572.5,574.0999755859375,554.3345336914062,3227
2013-06-18,577.75,583.5,573.0499877929688,574.9000244140625,555.107177734375,4052
2013-06-19,576.75,581.9500122070312,572.0499877929688,573.9000244140625,554.1416625976562,5340
2013-06-20,567.0499877929688,574.9000244140625,562.9500122070312,568.4500122070312,548.8792724609375,56843
2013-06-21,571.0499877929688,571.0499877929688,555.1500244140625,558.7999877929688,539.5613403320312,6224
2013-06-24,575.0,575.0,551.3499755859375,556.7999877929688,537.6301879882812,2711
2013-06-25,562.0,562.9000244140625,550.1500244140625,552.0499877929688,533.0438232421875,4256
2013-06-26,551.0499877929688,552.0499877929688,538.0,543.0999755859375,524.40185546875,3640
2013-06-27,549.9000244140625,550.75,540.0,543.0499877929688,524.3536987304688,2399
2013-06-28,559.9500122070312,565.9500122070312,542.5,551.75,532.7542114257812,11628
2013-07-01,555.2000122070312,555.5,543.0,554.4000244140625,535.31298828125,8041
2013-07-02,553.0,564.6500244140625,540.9500122070312,544.9000244140625,526.1400146484375,9104
2013-07-03,545.5499877929688,555.0,540.0999755859375,548.5999755859375,529.712646484375,4213
2013-07-04,549.0,554.0,532.4000244140625,549.4000244140625,530.485107421875,5950
2013-07-05,553.0,557.0,540.25,549.6500244140625,530.7264404296875,4300
2013-07-08,549.0499877929688,553.4000244140625,541.5,549.5,530.58154296875,2671
2013-07-09,543.5499877929688,549.5,539.0499877929688,543.7999877929688,525.077880859375,3471
2013-07-10,544.9500122070312,545.0,536.5999755859375,538.7000122070312,520.1534423828125,2705
2013-07-11,544.7999877929688,552.7999877929688,537.75,541.1500244140625,522.5191650390625,27362
2013-07-12,542.9500122070312,555.9000244140625,541.25,544.9500122070312,526.1882934570312,17944
2013-07-15,553.2000122070312,553.2000122070312,541.2999877929688,550.2999877929688,531.3540649414062,7839
2013-07-16,549.4500122070312,559.9500122070312,543.0,553.9500122070312,534.8783569335938,13469
2013-07-17,553.0,565.0,545.1500244140625,552.0499877929688,533.0438232421875,26618
2013-07-18,550.5499877929688,556.9500122070312,544.5,545.4500122070312,526.671142578125,8116
2013-07-19,547.9500122070312,555.0499877929688,546.9500122070312,552.7999877929688,533.7680053710938,6545
2013-07-22,552.0,555.0,547.0,547.2000122070312,528.3607788085938,7245
2013-07-23,549.7999877929688,555.0,542.0,544.25,525.5123291015625,7273
2013-07-24,559.9500122070312,559.9500122070312,533.5499877929688,535.2999877929688,516.8704833984375,4384
2013-07-25,543.9500122070312,543.9500122070312,534.2000122070312,537.8499755859375,519.3325805664062,13459
2013-07-26,540.0,542.0,530.2999877929688,535.0,516.5808715820312,5440
2013-07-29,550.0,550.0,522.5,527.2999877929688,509.14581298828125,69852
2013-07-30,530.0,536.5499877929688,496.5,508.8999938964844,491.3793640136719,42481
2013-07-31,501.0,519.4000244140625,492.1000061035156,512.2000122070312,494.5657958984375,14021
2013-08-01,511.95001220703125,521.0,506.70001220703125,513.2000122070312,495.5314025878906,9659
2013-08-02,533.7999877929688,533.7999877929688,501.3999938964844,507.8500061035156,490.36553955078125,5999
2013-08-05,516.9500122070312,520.0499877929688,501.1000061035156,504.0,486.64813232421875,109405
2013-08-06,499.95001220703125,503.54998779296875,496.0,498.45001220703125,481.2891540527344,6569
2013-08-07,499.1000061035156,507.0,490.5,505.3500061035156,487.95166015625,24098
2013-08-08,508.5,524.4500122070312,503.0,515.2000122070312,497.4625244140625,2506
2013-08-12,521.5499877929688,535.0,517.0,524.1500244140625,506.10430908203125,5652
2013-08-13,522.5,532.9500122070312,522.5,526.2000122070312,508.0838623046875,4589
2013-08-14,531.0,531.3499755859375,521.75,524.0499877929688,506.0077819824219,2416
2013-08-16,511.25,535.0,510.29998779296875,515.0,497.2693786621094,3123
2013-08-19,527.0,535.0,512.5499877929688,530.0,511.7529602050781,13748
2013-08-20,525.0,530.0,520.7999877929688,522.7000122070312,504.7043762207031,2774
2013-08-21,521.1500244140625,533.9500122070312,521.1500244140625,532.7000122070312,514.3599243164062,11142
2013-08-22,527.9000244140625,528.0,507.1000061035156,509.8999938964844,496.0699157714844,7589
2013-08-23,511.04998779296875,527.5,511.0,519.5499877929688,505.4580993652344,2295
2013-08-26,526.9500122070312,538.4000244140625,508.04998779296875,529.9500122070312,515.576171875,29295
2013-08-27,532.1500244140625,534.8499755859375,517.1500244140625,527.25,512.9494018554688,7016
2013-08-28,516.0,527.0,506.1000061035156,509.54998779296875,495.72943115234375,5555
2013-08-29,515.1500244140625,519.0,509.1000061035156,511.70001220703125,497.8211669921875,1915
2013-08-30,505.0,523.0,505.0,511.8500061035156,497.967041015625,9091
2013-09-02,513.0499877929688,523.25,509.0,510.3999938964844,496.5563659667969,7159
2013-09-03,517.1500244140625,517.1500244140625,500.0,501.45001220703125,487.84912109375,3724
2013-09-04,500.0,516.9500122070312,497.3999938964844,500.1000061035156,486.5357666015625,3367
2013-09-05,502.5,517.9000244140625,502.0,505.1000061035156,491.400146484375,4116
2013-09-06,518.9000244140625,518.9000244140625,502.6499938964844,505.20001220703125,491.49749755859375,5347
2013-09-10,516.0,516.0,509.0,512.0999755859375,498.2102355957031,8012
2013-09-11,511.0,532.9000244140625,511.0,529.1500244140625,514.7977905273438,15612
2013-09-12,534.0,552.0,526.3499755859375,540.1500244140625,525.49951171875,27830
2013-09-13,540.1500244140625,549.0,535.0,542.0499877929688,527.3478393554688,8681
2013-09-16,542.7999877929688,542.9500122070312,510.04998779296875,524.6500244140625,510.41986083984375,9468
2013-09-17,525.5,529.0,518.5,520.75,506.62567138671875,3353
2013-09-18,533.5999755859375,534.0,518.0,521.3499755859375,507.2093811035156,2471
2013-09-19,534.0499877929688,534.0499877929688,521.25,523.9000244140625,509.690185546875,6183
2013-09-20,529.4000244140625,532.25,512.5,514.2999877929688,500.3505554199219,5444
2013-09-23,520.0,520.5999755859375,515.0,517.5999755859375,503.56109619140625,1317
2013-09-24,519.2999877929688,520.0,511.25,515.0999755859375,501.12884521484375,4619
2013-09-25,515.0,518.8499755859375,512.4500122070312,514.5,500.5451354980469,4181
2013-09-26,514.5499877929688,519.0,511.0,515.7999877929688,501.8099060058594,1135
2013-09-27,515.8499755859375,533.0,513.0,520.2000122070312,506.0904846191406,9102
2013-09-30,520.0499877929688,538.7999877929688,518.5,534.75,520.2459716796875,12537
2013-10-01,535.0999755859375,548.0,527.6500244140625,529.4000244140625,515.0411376953125,2936
2013-10-03,529.4000244140625,559.0,529.4000244140625,551.25,536.29833984375,18394
2013-10-04,549.9500122070312,564.9500122070312,547.0499877929688,547.2999877929688,532.45556640625,10117
2013-10-07,559.9500122070312,559.9500122070312,543.7999877929688,548.5,533.6229858398438,9491
2013-10-08,554.0,554.0,523.4000244140625,537.7999877929688,523.2131958007812,6516
2013-10-09,534.9500122070312,545.9500122070312,533.0,534.5499877929688,520.05126953125,3611
2013-10-10,553.9500122070312,587.0,502.6000061035156,548.5,533.6229858398438,25819
2013-10-11,548.5,563.9000244140625,545.4000244140625,551.6500244140625,536.6874389648438,11700
2013-10-14,554.1500244140625,564.9500122070312,551.5,553.0,538.0009765625,5588
2013-10-15,554.2999877929688,556.5499877929688,536.0999755859375,542.4000244140625,527.6884765625,4496
2013-10-17,548.7999877929688,548.7999877929688,541.25,545.6500244140625,530.850341796875,1822
2013-10-18,553.0,553.0,541.5999755859375,546.5999755859375,531.7744750976562,5815
2013-10-21,547.2000122070312,559.9000244140625,546.0,554.75,539.7035522460938,10961
2013-10-22,552.75,564.0,547.0999755859375,548.2000122070312,533.3311767578125,12378
2013-10-23,550.6500244140625,562.0,542.25,556.9000244140625,541.7951049804688,22760
2013-10-24,561.0,575.0,556.0,558.0499877929688,542.9140014648438,12610
2013-10-25,566.25,566.25,547.2999877929688,554.5999755859375,539.5575561523438,3617
2013-10-28,560.0,560.0,545.5,550.25,535.3253784179688,3201
2013-10-29,545.3499755859375,569.9000244140625,545.0,556.2000122070312,541.1140747070312,15378
2013-10-30,558.0,578.0,556.7999877929688,572.2999877929688,556.7774658203125,27859
2013-10-31,575.0,598.0,567.4500122070312,589.0,573.0244140625,22653
2013-11-01,599.2999877929688,599.2999877929688,576.2000122070312,587.2000122070312,571.2733154296875,7771
2013-11-05,590.0,614.0,581.0999755859375,600.0999755859375,583.8233642578125,19880
2013-11-06,610.9500122070312,620.0,605.5999755859375,608.7999877929688,592.2874755859375,20863
2013-11-07,606.0499877929688,616.8499755859375,595.0,599.3499755859375,583.0938110351562,12202
2013-11-08,606.7000122070312,606.7000122070312,591.0,597.6500244140625,581.4398803710938,5572
2013-11-11,587.5499877929688,606.0999755859375,581.0,585.4000244140625,569.5221557617188,13255
2013-11-12,580.0499877929688,607.9500122070312,567.9500122070312,595.2000122070312,579.0563354492188,24387
2013-11-13,585.75,598.4500122070312,578.1500244140625,589.25,573.2676391601562,19811
2013-11-14,588.0,593.5499877929688,575.0,587.4500122070312,571.5164794921875,4285
2013-11-18,596.0,600.0,590.0,592.7999877929688,576.7213745117188,3915
2013-11-19,597.9500122070312,597.9500122070312,582.0,586.2999877929688,570.397705078125,2429
2013-11-20,565.1500244140625,592.3499755859375,565.1500244140625,586.4500122070312,570.5436401367188,6080
2013-11-21,590.0,590.0,572.5,575.9000244140625,560.2798461914062,3762
2013-11-22,585.9500122070312,585.9500122070312,570.0,574.5499877929688,558.9664306640625,2495
2013-11-25,573.5999755859375,587.9000244140625,570.0499877929688,578.2000122070312,562.5174560546875,3877
2013-11-26,578.5,592.5,578.5,589.0499877929688,573.0731201171875,6934
2013-11-27,579.2000122070312,647.0,579.2000122070312,625.2999877929688,608.33984375,124932
2013-11-28,629.0,647.7999877929688,625.0,637.2000122070312,619.9171752929688,54799
2013-11-29,637.9500122070312,643.6500244140625,625.2999877929688,628.5999755859375,611.5503540039062,11901
2013-12-02,630.0,633.4500122070312,600.0,624.0,607.0752563476562,9535
2013-12-03,629.9500122070312,647.6500244140625,624.0,641.2000122070312,623.8086547851562,16020
2013-12-04,641.2000122070312,650.0,636.0499877929688,644.8499755859375,627.3596801757812,14706
2013-12-05,646.8499755859375,657.7000122070312,627.75,629.8499755859375,612.7665405273438,13023
2013-12-06,639.0,639.0,618.4000244140625,627.4500122070312,610.4315795898438,5190
2013-12-09,639.0,647.9500122070312,622.0999755859375,624.9000244140625,607.9508666992188,10460
2013-12-10,627.7000122070312,633.0,621.5999755859375,624.4000244140625,607.46435546875,3884
2013-12-11,620.0,633.0,616.5,620.75,603.9133911132812,3556
2013-12-12,616.7999877929688,634.5999755859375,613.0499877929688,616.5999755859375,599.8758544921875,5822
2013-12-13,620.0,628.0,615.0,620.7000122070312,603.86474609375,6534
2013-12-16,620.5,644.9000244140625,619.0999755859375,631.0499877929688,613.9339599609375,7108
2013-12-17,633.0,645.7000122070312,632.0499877929688,640.4000244140625,623.0303344726562,15858
2013-12-18,639.7000122070312,650.0,623.1500244140625,640.7000122070312,623.3222045898438,11414
2013-12-19,640.0,666.2999877929688,640.0,659.5499877929688,641.660888671875,36248
2013-12-20,661.0,672.9000244140625,654.7999877929688,665.9500122070312,647.8873901367188,20365
2013-12-23,672.9000244140625,672.9000244140625,661.5,664.75,646.7198486328125,9885
2013-12-24,660.4500122070312,668.4500122070312,650.2999877929688,658.1500244140625,640.2990112304688,5058
2013-12-26,655.0499877929688,671.9000244140625,651.0999755859375,663.9000244140625,645.8930053710938,8075
2013-12-27,674.7000122070312,681.9000244140625,662.25,664.75,646.7198486328125,12032
2013-12-30,662.0,667.0,651.0499877929688,653.0999755859375,635.3858642578125,5213
2013-12-31,660.0,660.0,646.0999755859375,650.2000122070312,632.5646362304688,8040
2014-01-01,650.0,653.0,644.0,646.7999877929688,629.2567138671875,4504
2014-01-02,664.7000122070312,664.7000122070312,640.0,641.9000244140625,624.4896850585938,6344
2014-01-03,641.0,645.0,634.9500122070312,638.8499755859375,621.5223999023438,6820
2014-01-06,638.9000244140625,641.0999755859375,632.0499877929688,633.5999755859375,616.4147338867188,3404
2014-01-07,638.0,638.0,625.0,635.0,617.7767944335938,7758
2014-01-08,655.0,655.4000244140625,630.25,649.0499877929688,631.4456176757812,35958
2014-01-09,672.0,674.0,648.0,654.4000244140625,636.6506958007812,37859
2014-01-10,664.9000244140625,664.9000244140625,646.0,649.9000244140625,632.2727661132812,42850
2014-01-13,620.0,656.9000244140625,620.0,646.9500122070312,629.4027099609375,7877
2014-01-14,650.0,650.0,639.0,641.8499755859375,624.4411010742188,1983
2014-01-15,658.0,658.0,630.2999877929688,636.5,619.236083984375,8252
2014-01-16,636.0,640.0,611.9000244140625,618.7000122070312,601.9190063476562,15652
2014-01-17,616.0,616.0,589.5999755859375,592.9000244140625,576.8187866210938,31645
2014-01-20,595.0,617.0,588.0,613.0499877929688,596.422119140625,12527
2014-01-21,614.0,619.25,600.0999755859375,617.2999877929688,600.5569458007812,10476
2014-01-22,623.5,623.5,601.8499755859375,611.75,595.157470703125,5145
2014-01-23,619.9500122070312,619.9500122070312,608.5999755859375,616.3499755859375,599.6326293945312,5195
2014-01-24,615.5,642.0,551.1500244140625,610.9000244140625,594.3304443359375,28170
2014-01-27,605.0,621.0,594.9000244140625,602.4000244140625,586.0610961914062,9819
2014-01-28,590.0,605.0,588.0,596.3499755859375,580.1751708984375,2587
2014-01-29,609.9500122070312,609.9500122070312,592.5,595.4500122070312,579.299560546875,3804
2014-01-30,589.0,602.9500122070312,583.25,587.1500244140625,571.2246704101562,6850
2014-01-31,596.0,596.0,581.6500244140625,587.9500122070312,572.0029907226562,7036
2014-02-03,591.5,603.9000244140625,587.4000244140625,595.1500244140625,579.0077514648438,9128
2014-02-04,589.0,611.9000244140625,589.0,610.0999755859375,593.5521850585938,11783
2014-02-05,610.1500244140625,618.0,602.3499755859375,615.6500244140625,598.95166015625,7608
2014-02-06,617.9500122070312,619.4000244140625,610.0,614.75,598.0759887695312,8811
2014-02-07,629.0499877929688,629.0499877929688,610.0,612.7999877929688,596.1788940429688,2481
2014-02-10,613.4000244140625,620.0,610.9000244140625,616.4500122070312,599.7300415039062,4659
2014-02-11,613.5999755859375,617.9000244140625,609.3499755859375,610.0,593.4549560546875,2651
2014-02-12,617.9500122070312,617.9500122070312,609.1500244140625,610.0,593.4549560546875,12856
2014-02-13,610.0,619.0,601.0,615.0999755859375,598.4166259765625,3389
2014-02-14,608.4000244140625,619.7999877929688,608.4000244140625,610.75,594.1845092773438,3260
2014-02-17,610.0,614.7000122070312,606.0,610.9000244140625,594.3304443359375,2422
2014-02-18,608.5,628.5,608.5,617.2000122070312,600.4595947265625,7500
2014-02-19,610.0499877929688,620.0,610.0,612.6500244140625,596.0330200195312,2532
2014-02-20,611.0,615.0,610.0,611.1500244140625,594.57373046875,1579
2014-02-21,614.2999877929688,616.0,610.0,615.4500122070312,598.757080078125,2296
2014-02-24,609.2999877929688,634.5,609.2999877929688,628.5999755859375,611.5503540039062,12184
2014-02-25,631.0499877929688,638.0,621.0,634.4500122070312,617.2417602539062,31551
2014-02-26,630.0,664.0,630.0,652.5999755859375,634.8994140625,31483
2014-02-28,660.0999755859375,707.5,658.0,689.0999755859375,670.4093627929688,113388
2014-03-03,690.0,738.0,690.0,707.1500244140625,687.9699096679688,102760
2014-03-04,714.4000244140625,809.0,707.0,783.5,762.2490844726562,299812
2014-03-05,785.5,798.0,761.6500244140625,766.9000244140625,746.099365234375,87977
2014-03-06,769.7999877929688,780.0,746.5,761.3499755859375,740.6998901367188,51369
2014-03-07,759.4500122070312,762.25,740.0,753.4000244140625,732.9655151367188,35043
2014-03-10,754.2999877929688,757.9500122070312,741.0,745.4000244140625,725.1826171875,17615
2014-03-11,746.0,750.0,721.1500244140625,725.3499755859375,705.6762084960938,88853
2014-03-12,719.1500244140625,776.0,717.0999755859375,745.4500122070312,725.2310791015625,104643
2014-03-13,746.0499877929688,773.4000244140625,733.0,748.5,728.1982421875,50164
2014-03-14,745.0,752.7999877929688,736.7000122070312,741.0999755859375,720.9990234375,15319
2014-03-18,748.9000244140625,748.9000244140625,733.0,735.9000244140625,715.9400634765625,7459
2014-03-19,732.2999877929688,767.9500122070312,730.5,761.5,740.8456420898438,27814
2014-03-20,760.0,774.0,745.7000122070312,764.5499877929688,743.8130493164062,22747
2014-03-21,765.0,804.1500244140625,765.0,796.9000244140625,775.2855834960938,55457
2014-03-24,808.5,842.0,802.5,829.7999877929688,807.293212890625,75762
2014-03-25,820.0,843.0,819.3499755859375,838.25,815.5140991210938,27557
2014-03-26,838.25,850.0,809.1500244140625,839.0499877929688,816.2924194335938,54913
2014-03-27,844.9500122070312,850.0,827.5999755859375,837.1500244140625,814.4440307617188,70035
2014-03-28,834.0499877929688,864.0,825.5,856.5999755859375,833.3663330078125,39855
2014-03-31,856.9500122070312,869.0,845.0999755859375,858.9000244140625,835.60400390625,23140
2014-04-01,867.25,867.25,830.5,835.9000244140625,813.2278442382812,18472
2014-04-02,847.7999877929688,861.5,833.0,841.75,818.9190673828125,15759
2014-04-03,854.0,854.0,832.0999755859375,841.7000122070312,818.8704833984375,12630
2014-04-04,840.0,844.9500122070312,817.0,825.5499877929688,803.1585693359375,10285
2014-04-07,822.9500122070312,831.5,816.0,818.5999755859375,796.3970947265625,6968
2014-04-09,822.7999877929688,839.75,813.5499877929688,816.6500244140625,794.5000610351562,10444
2014-04-10,823.75,824.4500122070312,804.9500122070312,809.7000122070312,787.7384643554688,10715
2014-04-11,814.0499877929688,818.8499755859375,792.0,797.2999877929688,775.6746826171875,17720
2014-04-15,799.9500122070312,800.0,779.0,790.7000122070312,769.25390625,10163
2014-04-16,798.7999877929688,810.0,775.0,795.6500244140625,774.0695190429688,15934
2014-04-17,809.0499877929688,810.9500122070312,790.2999877929688,794.6500244140625,773.0966186523438,9876
2014-04-21,795.0499877929688,802.9500122070312,789.9500122070312,791.25,769.7887573242188,9358
2014-04-22,794.4500122070312,800.0,782.5499877929688,797.9000244140625,776.258544921875,15786
2014-04-23,790.0,805.0,785.0,790.9000244140625,769.448486328125,10251
2014-04-24,790.9000244140625,790.9000244140625,790.9000244140625,790.9000244140625,769.448486328125,0
2014-04-25,783.0,802.0,783.0,793.4000244140625,771.8805541992188,5277
2014-04-28,796.0999755859375,796.2999877929688,776.1500244140625,781.0,759.8168334960938,8207
2014-04-29,781.0,795.75,778.0999755859375,784.8499755859375,763.5623779296875,11294
2014-04-30,775.0,775.0,738.1500244140625,748.4500122070312,728.1497192382812,25189
2014-05-02,750.0,758.9500122070312,721.0,726.4000244140625,706.6978149414062,12122
2014-05-05,730.5,750.0,727.5499877929688,739.5999755859375,719.5397338867188,16206
2014-05-06,730.0499877929688,756.9000244140625,730.0499877929688,735.7999877929688,715.8427734375,5550
2014-05-07,730.5499877929688,747.9500122070312,721.0,725.5,705.8220825195312,5090
2014-05-08,720.0499877929688,748.4000244140625,714.0,738.5999755859375,718.5668334960938,10193
2014-05-09,726.6500244140625,745.0,725.1500244140625,728.0,708.25439453125,10191
2014-05-12,724.0,739.6500244140625,707.0,711.25,691.958740234375,14332
2014-05-13,727.0,738.7999877929688,707.0,720.7000122070312,701.1524658203125,12367
2014-05-14,725.0,737.9500122070312,710.2999877929688,716.9500122070312,697.5040893554688,7420
2014-05-15,715.0,729.9500122070312,706.0999755859375,707.7000122070312,688.505126953125,7114
2014-05-16,724.0,725.0,703.5,707.8499755859375,688.6508178710938,17965
2014-05-19,710.0,722.0,705.6500244140625,709.7000122070312,690.45068359375,16368
2014-05-20,725.0,725.0,707.0999755859375,709.0,689.7697143554688,22173
2014-05-21,704.0999755859375,739.9500122070312,704.0999755859375,708.9500122070312,689.7210083007812,32695
2014-05-22,719.5499877929688,759.0,713.5499877929688,734.6500244140625,714.7239990234375,62281
2014-05-23,734.6500244140625,800.9000244140625,726.5999755859375,790.2000122070312,768.7673950195312,299733
2014-05-26,793.7000122070312,818.9000244140625,781.0,809.25,787.3005981445312,74600
2014-05-27,800.0,804.5,776.0,783.9000244140625,762.6382446289062,16342
2014-05-28,798.7999877929688,798.8499755859375,772.0499877929688,783.0999755859375,761.85986328125,11762
2014-05-29,778.0,797.2000122070312,766.5999755859375,789.7999877929688,768.3782348632812,9326
2014-05-30,789.7999877929688,799.4500122070312,781.0,791.0,769.5455932617188,10050
2014-06-02,819.9000244140625,845.9000244140625,813.5,835.2000122070312,812.5467529296875,43577
2014-06-03,835.2000122070312,856.0499877929688,820.0999755859375,830.0499877929688,807.5364990234375,17219
2014-06-04,835.9000244140625,845.3499755859375,823.3499755859375,832.7000122070312,810.1146240234375,11971
2014-06-05,825.3499755859375,850.0,825.3499755859375,842.5,819.6487426757812,8002
2014-06-06,843.0,855.0,834.2000122070312,843.6500244140625,820.767578125,10079
2014-06-09,843.6500244140625,883.0,836.7999877929688,872.7999877929688,849.1268920898438,26542
2014-06-10,870.0,878.4000244140625,840.0,851.3499755859375,828.2587890625,13802
2014-06-11,842.8499755859375,863.4500122070312,824.0,834.9500122070312,812.3035888671875,8249
2014-06-12,821.1500244140625,908.0,821.1500244140625,882.8499755859375,858.9043579101562,81417
2014-06-13,885.2999877929688,905.0,850.0,861.4500122070312,838.0848999023438,21166
2014-06-16,861.4500122070312,865.0,835.0,848.9000244140625,825.8753051757812,7090
2014-06-17,842.3499755859375,876.7000122070312,842.3499755859375,858.1500244140625,834.8743286132812,10100
2014-06-18,865.0,874.0,848.0,852.25,829.1344604492188,8626
2014-06-19,854.9500122070312,876.7999877929688,850.2999877929688,866.75,843.2410278320312,11265
2014-06-20,855.1500244140625,913.4500122070312,855.1500244140625,885.2000122070312,861.190673828125,37725
2014-06-23,885.2000122070312,892.0,860.0,874.8499755859375,851.121337890625,10507
2014-06-24,874.8499755859375,882.0,865.0,866.9500122070312,843.4354858398438,7033
2014-06-25,879.9000244140625,879.9000244140625,862.0999755859375,875.1500244140625,851.4131469726562,7265
2014-06-26,879.9000244140625,882.0499877929688,865.0999755859375,867.25,843.7276000976562,8799
2014-06-27,878.3499755859375,884.0,864.5999755859375,879.2000122070312,855.3533935546875,11703
2014-06-30,880.0,904.0,868.0,871.5,847.8623657226562,14905
2014-07-01,888.5,898.0,872.0,875.5499877929688,851.8023681640625,11714
2014-07-02,883.5,904.9500122070312,875.0499877929688,889.9000244140625,865.7632446289062,34110
2014-07-03,895.25,904.5,876.5999755859375,881.2999877929688,857.3963623046875,19869
2014-07-04,874.2999877929688,900.1500244140625,874.2999877929688,892.0999755859375,867.9033813476562,13008
2014-07-07,898.4000244140625,898.4500122070312,862.2000122070312,890.2000122070312,866.0550537109375,11328
2014-07-08,890.0,896.0,852.0,863.0499877929688,839.6414184570312,6758
2014-07-09,854.1500244140625,877.25,848.25,851.5499877929688,828.4533081054688,4757
2014-07-10,849.7000122070312,877.0,840.0,858.0,834.7283325195312,6301
2014-07-11,862.9500122070312,870.0,823.8499755859375,833.5499877929688,810.9415893554688,16915
2014-07-14,844.0,844.0,809.0,827.9000244140625,805.4448852539062,4512
2014-07-15,823.0,848.9000244140625,823.0,831.9500122070312,809.3849487304688,7910
2014-07-16,837.9500122070312,861.75,828.0499877929688,842.7000122070312,819.8433837890625,8115
2014-07-17,849.9500122070312,865.0,843.7000122070312,859.8499755859375,836.5282592773438,7478
2014-07-18,842.1500244140625,860.0,842.1500244140625,853.7999877929688,830.6422729492188,2347
2014-07-21,856.0499877929688,871.7000122070312,838.0,858.8499755859375,835.5552368164062,5511
2014-07-22,866.2999877929688,888.9500122070312,860.0499877929688,868.9000244140625,845.3326416015625,12943
2014-07-23,879.0,886.8499755859375,848.0,865.0,841.5384521484375,108734
2014-07-24,866.0,879.5,853.0,861.0999755859375,837.7443237304688,6105
2014-07-25,859.0,871.9000244140625,848.0499877929688,854.2999877929688,831.1287841796875,57202
2014-07-28,843.0,868.0,843.0,861.8499755859375,838.4738159179688,5864
2014-07-30,861.8499755859375,874.0,850.0999755859375,865.3499755859375,841.8789672851562,16820
2014-07-31,873.9000244140625,877.1500244140625,815.5,835.2999877929688,812.6441040039062,34181
2014-08-01,839.9500122070312,845.7000122070312,808.0,830.5999755859375,808.0715942382812,16172
2014-08-04,820.0499877929688,900.0,820.0,836.1500244140625,813.4710083007812,23795
2014-08-05,827.4000244140625,848.7000122070312,827.4000244140625,840.1500244140625,817.362548828125,13214
2014-08-06,842.0,860.0,837.4000244140625,842.9000244140625,820.0379638671875,8809
2014-08-07,844.5,851.9000244140625,835.6500244140625,839.0999755859375,816.3410034179688,6723
2014-08-08,830.7000122070312,835.0,821.0499877929688,824.0999755859375,801.7477416992188,85302
2014-08-11,825.0,848.9500122070312,825.0,840.5,817.7030639648438,7380
2014-08-12,833.0,869.9000244140625,833.0,863.6500244140625,840.2252197265625,14584
2014-08-13,855.0,882.0,850.0,874.7999877929688,855.03271484375,16043
2014-08-14,874.0,947.8499755859375,861.1500244140625,925.25,908.4969482421875,106253
2014-08-18,934.5499877929688,998.0,934.5499877929688,983.0,965.2012939453125,65761
2014-08-19,991.9000244140625,1005.0,960.1500244140625,976.5999755859375,958.9170532226562,30625
2014-08-20,976.5,1052.0,974.2999877929688,1045.4000244140625,1026.47119140625,116574
2014-08-21,1050.0,1123.0,1050.0,1109.800048828125,1089.7054443359375,93933
2014-08-22,1119.699951171875,1295.0,1117.0,1262.0999755859375,1239.2476806640625,446138
2014-08-25,1260.0,1269.0,1168.0,1202.949951171875,1181.168701171875,189406
2014-08-26,1200.0,1230.0,1160.0999755859375,1177.75,1156.425048828125,50879
2014-08-27,1179.0,1202.0,1125.050048828125,1133.0,1112.4852294921875,49751
2014-08-28,1135.0,1221.800048828125,1103.0,1190.75,1169.189453125,174599
2014-09-01,1209.0,1248.9000244140625,1192.050048828125,1221.550048828125,1199.431884765625,83186
2014-09-02,1231.0,1259.0,1200.0,1227.0999755859375,1204.881591796875,58589
2014-09-03,1235.0,1289.0,1218.0,1255.4000244140625,1232.6690673828125,89586
2014-09-04,1255.5,1275.0,1220.0999755859375,1247.0999755859375,1224.5191650390625,40192
2014-09-05,1249.9000244140625,1313.9000244140625,1242.3499755859375,1263.199951171875,1240.32763671875,72672
2014-09-08,1274.0,1274.699951171875,1244.0,1250.3499755859375,1227.7103271484375,31021
2014-09-09,1238.0,1256.3499755859375,1211.0,1218.300048828125,1196.24072265625,38801
2014-09-10,1205.5,1245.0,1200.0,1203.199951171875,1181.4140625,29916
2014-09-11,1211.949951171875,1235.0,1200.050048828125,1209.5999755859375,1187.6982421875,21144
2014-09-12,1202.0,1235.0,1202.0,1214.449951171875,1192.4603271484375,20454
2014-09-15,1224.0,1229.699951171875,1200.0,1209.4000244140625,1187.501953125,19058
2014-09-16,1198.5,1222.0999755859375,1168.0,1170.8499755859375,1149.6497802734375,22418
2014-09-17,1170.050048828125,1190.0,1140.0,1163.9000244140625,1142.82568359375,20894
2014-09-18,1153.449951171875,1226.9000244140625,1153.449951171875,1208.0999755859375,1186.225341796875,26331
2014-09-19,1221.0,1249.0,1221.0,1234.300048828125,1211.950927734375,37718
2014-09-22,1222.0,1265.0,1222.0,1233.699951171875,1211.36181640625,19326
2014-09-23,1221.4000244140625,1248.0,1214.0,1227.8499755859375,1205.6177978515625,23012
2014-09-24,1215.5999755859375,1246.0,1198.699951171875,1232.800048828125,1210.4783935546875,21281
2014-09-25,1224.0,1272.0,1213.0,1220.199951171875,1198.1064453125,37357
2014-09-26,1221.0,1234.0,1211.0,1216.300048828125,1194.2772216796875,9846
2014-09-29,1219.949951171875,1370.0,1219.949951171875,1329.0,1304.9365234375,151099
2014-09-30,1344.199951171875,1389.0,1305.0,1321.699951171875,1297.7685546875,92142
2014-10-01,1329.699951171875,1358.6500244140625,1305.0,1311.25,1287.5079345703125,24983
2014-10-07,1311.0,1387.4000244140625,1302.0,1318.9000244140625,1295.019287109375,35498
2014-10-08,1332.9000244140625,1346.25,1292.0999755859375,1297.449951171875,1273.9576416015625,14760
2014-10-09,1302.1500244140625,1326.8499755859375,1275.0999755859375,1289.300048828125,1265.9549560546875,16195
2014-10-10,1285.0,1324.949951171875,1271.75,1284.0999755859375,1260.8494873046875,26232
2014-10-13,1271.4000244140625,1301.0999755859375,1247.0,1278.300048828125,1255.154541015625,9640
2014-10-14,1265.5,1326.8499755859375,1265.449951171875,1300.75,1277.19775390625,25028
2014-10-15,1300.75,1300.75,1300.75,1300.75,1277.19775390625,0
2014-10-16,1287.699951171875,1345.0,1232.949951171875,1244.5,1221.96630859375,82689
2014-10-17,1233.5,1284.4000244140625,1225.199951171875,1236.1500244140625,1213.767578125,17753
2014-10-20,1245.25,1269.0,1234.0,1243.199951171875,1220.689697265625,9169
2014-10-21,1252.5,1280.449951171875,1240.550048828125,1244.050048828125,1221.524658203125,22148
2014-10-22,1208.0,1230.0,1184.0999755859375,1205.199951171875,1183.3778076171875,68496
2014-10-27,1232.0,1237.050048828125,1197.0,1203.4000244140625,1181.61083984375,6360
2014-10-28,1192.0,1224.949951171875,1185.0,1193.5999755859375,1171.988037109375,11211
2014-10-29,1199.949951171875,1208.9000244140625,1170.1500244140625,1177.699951171875,1156.3756103515625,12204
2014-10-30,1189.949951171875,1212.0,1187.0,1199.800048828125,1178.0755615234375,22211
2014-10-31,1213.0,1227.25,1199.0,1217.0999755859375,1195.0623779296875,16803
2014-11-03,1206.0,1242.0,1200.0,1223.449951171875,1201.297607421875,8145
2014-11-05,1242.0,1242.0,1201.0,1207.699951171875,1185.83251953125,5303
2014-11-07,1224.0,1224.0,1195.0,1198.1500244140625,1176.455810546875,5958
2014-11-10,1197.0,1217.6500244140625,1182.25,1188.0999755859375,1166.5875244140625,7396
2014-11-11,1196.949951171875,1218.6500244140625,1186.0,1198.9000244140625,1177.192138671875,11340
2014-11-12,1200.0,1284.0,1196.050048828125,1266.699951171875,1243.7642822265625,59637
2014-11-13,1267.0,1314.949951171875,1220.0,1305.3499755859375,1281.714599609375,55410
2014-11-14,1319.4000244140625,1359.5,1306.0,1324.3499755859375,1300.370361328125,35939
2014-11-17,1336.0,1339.0,1280.0,1293.9000244140625,1270.471923828125,18038
2014-11-18,1305.0,1342.300048828125,1298.0,1309.6500244140625,1285.9365234375,26032
2014-11-19,1308.0999755859375,1322.4000244140625,1261.0,1267.5999755859375,1244.64794921875,20768
2014-11-20,1277.0,1292.5,1245.0,1252.6500244140625,1229.9688720703125,15930
2014-11-21,1245.050048828125,1310.0,1231.25,1291.449951171875,1268.06640625,21160
2014-11-24,1300.0,1300.0,1251.0,1271.4000244140625,1248.37939453125,13645
2014-11-25,1275.050048828125,1291.0,1230.0,1265.5999755859375,1242.6844482421875,15423
2014-11-26,1256.0,1289.0,1252.25,1265.25,1242.340576171875,8639
2014-11-27,1270.0,1278.0,1251.199951171875,1261.550048828125,1238.7076416015625,7947
2014-11-28,1255.0,1289.0,1255.0,1267.949951171875,1244.9918212890625,7508
2014-12-01,1257.0,1314.0,1256.0,1272.0999755859375,1249.0665283203125,14180
2014-12-02,1276.0,1307.0,1240.0,1280.050048828125,1256.872802734375,16566
2014-12-03,1284.0,1303.800048828125,1272.25,1289.5999755859375,1266.2498779296875,12251
2014-12-04,1310.0,1345.0,1290.300048828125,1334.199951171875,1310.042236328125,45790
2014-12-05,1347.9000244140625,1364.9000244140625,1300.25,1309.3499755859375,1285.64208984375,34387
2014-12-08,1315.3499755859375,1337.0,1270.300048828125,1281.0999755859375,1257.903564453125,14197
2014-12-09,1285.0,1290.0,1260.0,1272.5999755859375,1249.557373046875,7785
2014-12-10,1270.0,1323.699951171875,1263.050048828125,1300.0999755859375,1276.5596923828125,15785
2014-12-11,1315.0,1315.0,1271.0999755859375,1277.5999755859375,1254.467041015625,5916
2014-12-12,1270.0,1300.0,1249.9000244140625,1253.800048828125,1231.097900390625,9354
2014-12-15,1270.0,1275.0,1250.050048828125,1253.699951171875,1231.0,5349
2014-12-16,1256.800048828125,1256.8499755859375,1175.0,1182.0,1160.59814453125,25237
2014-12-17,1193.050048828125,1193.050048828125,1135.0,1149.300048828125,1128.4901123046875,21902
2014-12-18,1145.0,1200.0,1145.0,1155.050048828125,1134.1361083984375,17738
2014-12-19,1147.050048828125,1215.0,1147.050048828125,1159.550048828125,1138.5545654296875,19309
2014-12-22,1164.0,1385.0,1007.6500244140625,1168.949951171875,1147.7841796875,30669
2014-12-23,1174.949951171875,1197.0,1161.0999755859375,1189.0999755859375,1167.5693359375,7480
2014-12-24,1196.949951171875,1217.949951171875,1170.25,1204.8499755859375,1183.0343017578125,12202
2014-12-26,1204.8499755859375,1205.0,1175.0,1200.6500244140625,1178.9105224609375,10580
2014-12-29,1193.0,1240.0,1188.6500244140625,1213.3499755859375,1191.38037109375,12538
2014-12-30,1211.0,1268.0,1211.0,1250.800048828125,1228.1524658203125,21481
2014-12-31,1243.0,1299.0,1237.5,1287.5,1264.18798828125,33402
2015-01-01,1285.0,1295.5,1264.0,1289.949951171875,1266.593017578125,7094
2015-01-02,1294.949951171875,1312.0,1266.5,1272.8499755859375,1249.802978515625,15311
2015-01-05,1273.0,1308.949951171875,1273.0,1298.3499755859375,1274.841552734375,10368
2015-01-06,1296.0,1296.0,1251.050048828125,1262.550048828125,1239.689697265625,8830
2015-01-07,1260.0,1286.550048828125,1243.0999755859375,1268.8499755859375,1245.8758544921875,7996
2015-01-08,1282.0,1292.4000244140625,1260.0,1270.8499755859375,1247.83935546875,9740
2015-01-09,1281.6500244140625,1282.949951171875,1265.0,1267.4000244140625,1244.4517822265625,6924
2015-01-12,1245.5,1292.0,1245.5,1274.050048828125,1250.9814453125,9083
2015-01-13,1283.800048828125,1285.0,1261.550048828125,1263.699951171875,1240.8187255859375,6314
2015-01-14,1265.0,1321.9000244140625,1265.0,1286.6500244140625,1263.353271484375,23993
2015-01-15,1286.6500244140625,1306.0,1286.6500244140625,1295.449951171875,1271.993896484375,17133
2015-01-16,1297.050048828125,1387.0,1297.0,1322.3499755859375,1298.40673828125,87728
2015-01-19,1334.0,1459.199951171875,1330.050048828125,1441.8499755859375,1415.7430419921875,173366
2015-01-20,1459.449951171875,1499.699951171875,1351.0999755859375,1365.25,1340.530029296875,219158
2015-01-21,1357.800048828125,1359.0,1279.0,1293.0999755859375,1269.6865234375,69718
2015-01-22,1270.0,1332.699951171875,1270.0,1306.75,1283.089111328125,33717
2015-01-23,1311.0,1340.0,1300.0,1306.550048828125,1282.892822265625,20640
2015-01-27,1311.0,1311.050048828125,1227.8499755859375,1236.0999755859375,1213.7183837890625,36590
2015-01-28,1240.0,1274.0,1227.0,1241.4000244140625,1218.92236328125,20572
2015-01-29,1241.449951171875,1248.0,1225.0,1233.800048828125,1211.460205078125,7749
2015-01-30,1237.550048828125,1245.5,1215.0999755859375,1233.800048828125,1211.460205078125,16757
2015-02-02,1234.050048828125,1272.0,1221.050048828125,1232.0,1209.6927490234375,18566
2015-02-03,1236.0,1244.9000244140625,1226.0,1233.6500244140625,1211.3128662109375,11022
2015-02-04,1238.0,1245.050048828125,1220.0,1224.199951171875,1202.0338134765625,10199
2015-02-05,1221.8499755859375,1259.699951171875,1204.9000244140625,1212.3499755859375,1190.3983154296875,83374
2015-02-06,1216.0,1234.0,1208.0,1214.1500244140625,1192.166015625,9972
2015-02-09,1214.050048828125,1233.699951171875,1195.0,1202.699951171875,1180.923095703125,17483
2015-02-10,1199.0,1220.0,1191.5999755859375,1204.199951171875,1182.39599609375,9723
2015-02-11,1207.949951171875,1218.75,1200.050048828125,1207.4000244140625,1185.5382080078125,9744
2015-02-12,1212.0,1222.0,1200.0,1219.449951171875,1197.369873046875,12054
2015-02-13,1225.949951171875,1229.75,1188.0,1193.0,1171.3988037109375,13625
2015-02-16,1192.0,1218.0,1192.0,1204.8499755859375,1183.0343017578125,8534
2015-02-18,1209.0,1210.0,1178.8499755859375,1186.75,1165.2620849609375,16436
2015-02-19,1185.0,1206.0,1162.0,1168.699951171875,1147.5389404296875,15702
2015-02-20,1172.949951171875,1188.0,1154.050048828125,1158.800048828125,1137.8182373046875,13585
2015-02-23,1163.0,1175.0,1143.0,1159.3499755859375,1138.3580322265625,11448
2015-02-24,1163.0,1163.0,1137.75,1145.0,1124.26806640625,8442
2015-02-25,1149.0,1170.0,1135.0,1148.1500244140625,1127.3609619140625,13819
2015-02-26,1151.0,1159.0,1125.0,1136.1500244140625,1115.5784912109375,5938
2015-02-27,1139.449951171875,1165.0,1134.0,1148.050048828125,1127.262939453125,5199
2015-03-02,1139.949951171875,1154.4000244140625,1110.0,1122.9000244140625,1102.5682373046875,20524
2015-03-03,1126.75,1177.0,1116.0,1173.0999755859375,1151.8590087890625,29148
2015-03-04,1177.0,1177.0,1142.0,1146.4000244140625,1125.642578125,11959
2015-03-05,1150.0,1173.5999755859375,1142.199951171875,1167.0,1145.8697509765625,6473
2015-03-09,1164.0,1167.0,1140.0,1146.9000244140625,1126.1337890625,5686
2015-03-10,1151.0,1160.0,1135.0,1141.3499755859375,1120.6839599609375,11168
2015-03-11,1145.0,1174.25,1139.4000244140625,1158.6500244140625,1137.6707763671875,10463
2015-03-12,1163.0,1173.0,1142.0999755859375,1170.0,1148.8154296875,16677
2015-03-13,1174.0,1243.75,1167.0,1174.0999755859375,1152.8411865234375,60598
2015-03-16,1177.0,1221.800048828125,1157.0,1174.300048828125,1153.0374755859375,35163
2015-03-17,1181.050048828125,1205.0,1166.6500244140625,1179.0999755859375,1157.7506103515625,12166
2015-03-18,1166.1500244140625,1190.050048828125,1142.1500244140625,1157.3499755859375,1136.394287109375,10655
2015-03-19,1151.050048828125,1180.0,1121.1500244140625,1131.050048828125,1110.5706787109375,9891
2015-03-20,1139.0,1145.0,1115.0,1120.4000244140625,1100.1134033203125,8854
2015-03-23,1138.0,1138.0,1063.0,1070.0,1050.6258544921875,19059
2015-03-24,1063.0,1080.199951171875,1027.4000244140625,1054.199951171875,1035.112060546875,12780
2015-03-25,1043.0,1058.9000244140625,1001.8499755859375,1014.9500122070312,996.5726928710938,15712
2015-03-26,1014.9500122070312,1056.0,1005.0,1018.7999877929688,1000.3529663085938,23638
2015-03-27,1038.0,1072.25,1009.0,1044.949951171875,1026.029541015625,22209
2015-03-30,1070.0,1099.0,1051.0,1088.050048828125,1068.34912109375,19682
2015-03-31,1108.0,1129.9000244140625,1069.0,1120.75,1100.4571533203125,17661
2015-04-01,1115.0,1142.0,1115.0,1124.6500244140625,1104.28662109375,14009
2015-04-06,1133.449951171875,1139.4000244140625,1093.0,1126.5999755859375,1106.2010498046875,13975
2015-04-07,1138.949951171875,1141.199951171875,1093.0,1100.8499755859375,1080.9176025390625,26544
2015-04-08,1108.949951171875,1118.300048828125,1072.949951171875,1081.25,1061.67236328125,28232
2015-04-09,1091.0,1158.0,1091.0,1140.3499755859375,1119.7021484375,56143
2015-04-10,1145.0999755859375,1181.1500244140625,1123.199951171875,1165.3499755859375,1144.2496337890625,27929
2015-04-13,1165.800048828125,1219.0,1161.0999755859375,1203.300048828125,1181.5125732421875,50033
2015-04-15,1203.300048828125,1338.0,1203.300048828125,1272.050048828125,1249.017578125,147123
2015-04-16,1285.0,1325.0,1252.25,1288.550048828125,1265.218994140625,35378
2015-04-17,1285.0999755859375,1308.0,1238.0999755859375,1250.8499755859375,1228.2012939453125,27517
2015-04-20,1249.0,1249.0,1180.0999755859375,1195.050048828125,1173.4117431640625,15662
2015-04-21,1222.0,1224.0,1182.0,1189.5,1167.962158203125,9029
2015-04-22,1180.25,1238.0,1180.25,1190.449951171875,1168.8951416015625,18985
2015-04-23,1211.949951171875,1233.0,1189.949951171875,1215.25,1193.245849609375,15790
2015-04-24,1218.050048828125,1220.699951171875,1114.550048828125,1122.300048828125,1101.9788818359375,26507
2015-04-27,1159.75,1159.75,1030.300048828125,1043.449951171875,1024.556884765625,30074
2015-04-28,1044.0,1098.0,1020.0,1085.300048828125,1065.6490478515625,24805
2015-04-29,1081.0,1133.0,1081.0,1099.0,1079.100830078125,19785
2015-04-30,1099.0,1138.5,1085.0999755859375,1113.0999755859375,1092.9454345703125,16198
2015-05-04,1118.050048828125,1155.0,1085.0999755859375,1147.5999755859375,1126.82080078125,14915
2015-05-05,1150.0,1161.550048828125,1130.0,1139.9000244140625,1119.2603759765625,9321
2015-05-06,1134.050048828125,1147.800048828125,1095.0,1110.550048828125,1090.4417724609375,20832
2015-05-07,1121.1500244140625,1125.050048828125,1040.0,1051.25,1032.215576171875,36497
2015-05-08,1019.0,1045.0,970.0999755859375,1009.5999755859375,991.319580078125,73348
2015-05-11,1038.0,1044.550048828125,1004.2000122070312,1036.0,1017.2415161132812,15508
2015-05-12,1019.0,1044.949951171875,1016.4000244140625,1024.0,1005.4588623046875,14287
2015-05-13,1029.6500244140625,1048.949951171875,1025.0,1031.949951171875,1013.264892578125,12742
2015-05-14,1029.550048828125,1074.5,1023.0999755859375,1050.8499755859375,1031.8228759765625,15898
2015-05-15,1060.449951171875,1066.050048828125,1048.0,1060.5999755859375,1041.39599609375,5452
2015-05-18,1064.949951171875,1069.0,1050.0,1057.6500244140625,1038.49951171875,8259
2015-05-19,1058.1500244140625,1084.800048828125,1057.1500244140625,1075.699951171875,1056.2225341796875,9217
2015-05-20,1073.949951171875,1073.949951171875,1050.0999755859375,1054.9000244140625,1035.79931640625,5782
2015-05-21,1060.0,1139.9000244140625,1057.050048828125,1123.4000244140625,1103.05908203125,50022
2015-05-22,1116.0,1139.9000244140625,1090.050048828125,1102.6500244140625,1082.6845703125,12234
2015-05-25,1106.0,1125.0,1069.75,1074.949951171875,1055.486328125,6911
2015-05-26,1103.0,1103.0,1060.0999755859375,1076.449951171875,1056.9591064453125,4462
2015-05-27,1070.0,1095.0,1067.0,1076.300048828125,1056.8116455078125,5487
2015-05-28,1080.25,1090.9000244140625,1055.699951171875,1066.0,1046.6983642578125,7004
2015-05-29,1068.3499755859375,1101.8499755859375,1066.300048828125,1081.550048828125,1061.9669189453125,9197
2015-06-01,1099.0,1099.0,1030.0,1082.050048828125,1062.4578857421875,7964
2015-06-02,1095.0,1095.0,1065.199951171875,1069.699951171875,1050.3311767578125,4571
2015-06-03,1072.550048828125,1088.0,1030.0,1050.0999755859375,1031.0863037109375,8522
2015-06-04,1054.949951171875,1120.0,1038.0,1099.9000244140625,1079.9847412109375,16696
2015-06-05,1096.75,1129.800048828125,1091.0,1098.75,1078.8555908203125,9466
2015-06-08,1095.0,1099.0,1055.0,1079.4000244140625,1059.8558349609375,8895
2015-06-09,1068.0999755859375,1077.949951171875,1033.800048828125,1040.9000244140625,1022.0528564453125,12308
2015-06-10,1049.949951171875,1075.5,1042.199951171875,1053.1500244140625,1034.0811767578125,5801
2015-06-11,1068.699951171875,1068.699951171875,1033.0,1041.25,1022.396484375,4792
2015-06-12,1040.6500244140625,1073.9000244140625,1032.0,1045.75,1026.8150634765625,10295
2015-06-15,1063.0,1075.0,1045.050048828125,1065.1500244140625,1045.864013671875,4832
2015-06-16,1070.0,1076.9000244140625,1049.75,1070.25,1050.8714599609375,6590
2015-06-17,1071.4000244140625,1101.300048828125,1065.199951171875,1091.949951171875,1072.178466796875,6472
2015-06-18,1103.0,1105.0,1080.0,1086.0,1066.3360595703125,3542
2015-06-19,1102.0,1139.9000244140625,1078.0,1121.0,1100.7025146484375,17829
2015-06-22,1139.9000244140625,1139.9000244140625,1108.0,1123.050048828125,1102.715576171875,6140
2015-06-23,1136.0,1182.0,1126.800048828125,1155.3499755859375,1134.430419921875,22345
2015-06-24,1169.949951171875,1206.9000244140625,1151.050048828125,1175.699951171875,1154.412109375,34460
2015-06-25,1191.949951171875,1230.0,1183.0,1192.6500244140625,1171.0550537109375,28697
2015-06-26,1185.050048828125,1207.949951171875,1180.0,1186.75,1165.2620849609375,6672
2015-06-29,1157.0999755859375,1219.8499755859375,1140.0999755859375,1204.550048828125,1182.7398681640625,14524
2015-06-30,1200.0,1212.0,1182.0,1201.449951171875,1179.6959228515625,13663
2015-07-01,1247.0,1247.0,1190.0,1195.9000244140625,1174.246337890625,17321
2015-07-02,1214.800048828125,1214.800048828125,1165.0,1172.6500244140625,1151.4173583984375,6176
2015-07-03,1174.0,1190.0,1168.0999755859375,1178.699951171875,1157.3577880859375,8577
2015-07-06,1193.0,1197.8499755859375,1170.5,1194.0999755859375,1172.47900390625,4495
2015-07-07,1194.0,1199.9000244140625,1177.050048828125,1184.300048828125,1162.8564453125,6523
2015-07-08,1176.0,1189.0,1150.0,1168.6500244140625,1147.489990234375,8867
2015-07-09,1187.949951171875,1187.949951171875,1155.0,1160.199951171875,1139.1927490234375,3540
2015-07-10,1178.0,1182.0,1139.8499755859375,1146.8499755859375,1126.084716796875,9712
2015-07-13,1169.75,1170.0,1143.0,1167.0,1145.8697509765625,4134
2015-07-14,1173.949951171875,1173.949951171875,1148.8499755859375,1157.4000244140625,1136.4434814453125,5614
2015-07-15,1169.949951171875,1169.949951171875,1130.0,1135.699951171875,1115.1363525390625,11660
2015-07-16,1126.0,1150.0,1126.0,1145.5999755859375,1124.85693359375,9758
2015-07-17,1160.0,1174.699951171875,1140.0,1147.25,1126.47705078125,9919
2015-07-20,1160.0,1176.5,1140.0,1155.75,1134.8232421875,13108
2015-07-21,1167.0,1167.0,1135.0,1141.550048828125,1120.880615234375,8795
2015-07-22,1141.0,1160.0,1130.0,1152.449951171875,1131.5830078125,7928
2015-07-23,1168.0,1206.5,1148.050048828125,1187.25,1165.7530517578125,20840
2015-07-24,1188.699951171875,1249.0,1186.0,1203.5,1181.708740234375,41455
2015-07-27,1208.050048828125,1220.0,1165.0999755859375,1173.9000244140625,1152.644775390625,13257
2015-07-28,1178.75,1201.800048828125,1140.0,1158.199951171875,1137.228759765625,17066
2015-07-29,1191.0,1213.0,1150.0999755859375,1158.0,1137.032470703125,53136
2015-07-30,1173.949951171875,1205.449951171875,1173.949951171875,1195.3499755859375,1173.7061767578125,18486
2015-07-31,1204.0,1214.050048828125,1184.0,1191.5999755859375,1170.024169921875,10517
2015-08-03,1202.949951171875,1210.0,1183.550048828125,1201.1500244140625,1179.4013671875,16743
2015-08-04,1209.9000244140625,1245.0,1195.4000244140625,1235.699951171875,1213.32568359375,47036
2015-08-05,1245.0,1309.0,1240.0,1281.300048828125,1258.1002197265625,74878
2015-08-06,1292.9000244140625,1399.0,1288.0,1341.75,1321.581298828125,168490
2015-08-07,1354.0,1385.0,1341.5,1360.8499755859375,1340.3941650390625,39676
2015-08-10,1361.0,1419.0,1327.050048828125,1333.5,1313.455322265625,49067
2015-08-11,1359.0,1388.4000244140625,1320.0,1329.5999755859375,1309.614013671875,29880
2015-08-12,1347.800048828125,1347.800048828125,1275.0,1292.050048828125,1276.468505859375,20845
2015-08-13,1300.050048828125,1320.0,1254.699951171875,1263.300048828125,1248.0653076171875,13895
2015-08-14,1279.0,1310.0,1230.5,1247.050048828125,1232.0113525390625,18332
2015-08-17,1284.0,1300.0,1242.0,1272.25,1256.9072265625,10924
2015-08-18,1280.25,1344.0,1280.0,1313.75,1297.90673828125,34418
2015-08-19,1325.0,1340.0,1301.0,1334.5999755859375,1318.5054931640625,14202
2015-08-20,1343.9000244140625,1343.9000244140625,1275.0,1288.6500244140625,1273.1094970703125,17551
2015-08-21,1274.0,1347.449951171875,1251.0,1333.199951171875,1317.1221923828125,18272
2015-08-24,1317.949951171875,1317.949951171875,1165.0,1185.9000244140625,1171.5987548828125,30033
2015-08-25,1186.0,1218.0,1048.0,1130.199951171875,1116.5704345703125,75842
2015-08-26,1142.1500244140625,1179.9000244140625,1110.0,1136.800048828125,1123.0908203125,14074
2015-08-27,1145.0999755859375,1250.0,1135.0,1244.300048828125,1229.2943115234375,111964
2015-08-28,1259.9000244140625,1290.0,1181.699951171875,1203.800048828125,1189.282958984375,55428
2015-08-31,1219.9000244140625,1232.0999755859375,1170.800048828125,1196.050048828125,1181.6263427734375,14011
2015-09-01,1195.0,1199.9000244140625,1125.4000244140625,1147.300048828125,1133.464111328125,29613
2015-09-02,1150.0,1169.0,1092.0,1100.800048828125,1087.5250244140625,25442
2015-09-03,1110.0,1130.0,1105.0,1119.9000244140625,1106.3946533203125,14673
2015-09-04,1127.75,1127.75,1064.0,1083.949951171875,1070.8780517578125,18333
2015-09-07,1100.0,1100.0,1050.0,1054.75,1042.030029296875,9065
2015-09-08,1053.0,1074.699951171875,1020.0999755859375,1059.800048828125,1047.0194091796875,13729
2015-09-09,1080.0,1092.5,1061.75,1088.4000244140625,1075.274658203125,9127
2015-09-10,1080.0,1100.0,1034.0,1086.449951171875,1073.347900390625,11237
2015-09-11,1119.0,1119.0,1050.0,1085.550048828125,1072.4588623046875,12381
2015-09-14,1097.1500244140625,1100.0,1065.0,1084.6500244140625,1071.569580078125,8080
2015-09-15,1084.050048828125,1094.4000244140625,1067.4000244140625,1073.0,1060.06005859375,4367
2015-09-16,1078.949951171875,1095.0,1076.9000244140625,1082.5999755859375,1069.5443115234375,8916
2015-09-18,1099.949951171875,1118.5999755859375,1075.449951171875,1082.949951171875,1069.8900146484375,15741
2015-09-21,1093.0,1110.0,1075.0,1086.300048828125,1073.199951171875,12018
2015-09-22,1087.0,1109.0,1062.300048828125,1071.050048828125,1058.1337890625,5601
2015-09-23,1055.0,1078.0,1055.0,1068.1500244140625,1055.2686767578125,5090
2015-09-24,1080.8499755859375,1097.949951171875,1070.0,1076.25,1063.27099609375,7337
2015-09-28,1079.0999755859375,1095.050048828125,1059.0,1063.75,1050.9217529296875,4708
2015-09-29,1074.0,1081.5999755859375,1042.0999755859375,1069.75,1056.849365234375,5201
2015-09-30,1095.0,1095.0,1072.0,1083.550048828125,1070.4830322265625,3912
2015-10-01,1111.800048828125,1115.949951171875,1032.050048828125,1040.300048828125,1027.7545166015625,39587
2015-10-05,1051.0,1090.0,1051.0,1087.1500244140625,1074.039306640625,16493
2015-10-06,1099.699951171875,1112.4000244140625,1087.050048828125,1108.3499755859375,1094.9837646484375,15483
2015-10-07,1117.949951171875,1118.0,1085.0,1099.25,1085.99365234375,5229
2015-10-08,1110.550048828125,1110.550048828125,1085.5,1090.3499755859375,1077.2008056640625,3641
2015-10-09,1099.0,1106.0,1080.0,1087.3499755859375,1074.2371826171875,5334
2015-10-12,1108.0,1108.0,1070.050048828125,1073.949951171875,1060.99853515625,14177
2015-10-13,1091.0,1096.699951171875,1048.949951171875,1056.0,1043.26513671875,9845
2015-10-14,1055.1500244140625,1073.4000244140625,1044.0999755859375,1049.5,1036.843505859375,14677
2015-10-15,1055.0,1063.0999755859375,1043.0,1045.699951171875,1033.08935546875,12593
2015-10-16,1057.9000244140625,1059.050048828125,1039.550048828125,1048.449951171875,1035.80615234375,23476
2015-10-19,1054.0,1060.0,1039.9000244140625,1043.75,1031.162841796875,19406
2015-10-20,1050.0,1069.699951171875,925.25,948.4000244140625,936.9627685546875,312002
2015-10-21,951.0,974.0,938.0,946.6500244140625,935.23388671875,87505
2015-10-23,968.0,968.0,940.0999755859375,953.2999877929688,941.8036499023438,17896
2015-10-26,958.9000244140625,973.0499877929688,942.9000244140625,946.75,935.3325805664062,32719
2015-10-27,961.9500122070312,962.0,945.2000122070312,948.9000244140625,937.456787109375,11196
2015-10-28,943.1500244140625,957.2999877929688,935.0,939.2000122070312,927.8736572265625,26511
2015-10-29,949.7999877929688,949.7999877929688,931.0,934.7999877929688,923.5267944335938,7652
2015-10-30,934.0499877929688,947.9500122070312,888.6500244140625,900.5499877929688,889.6897583007812,33212
2015-11-02,900.0,914.9500122070312,900.0,911.2000122070312,900.2115478515625,15088
2015-11-03,913.0499877929688,922.0999755859375,909.5999755859375,910.4000244140625,899.4210205078125,6756
2015-11-04,912.0499877929688,924.0,901.0,905.5,894.5801391601562,8255
2015-11-05,906.7999877929688,910.0999755859375,891.1500244140625,897.8499755859375,887.0223388671875,12441
2015-11-06,914.0,915.0,876.0,893.3499755859375,882.5767211914062,22966
2015-11-09,875.2999877929688,905.0,875.2999877929688,887.6500244140625,876.9454345703125,9972
2015-11-10,888.0999755859375,896.0,888.0,891.9000244140625,881.1441650390625,8562
2015-11-13,908.7000122070312,908.7000122070312,877.0999755859375,892.9000244140625,882.132080078125,11933
2015-11-16,898.9500122070312,907.4000244140625,879.0,901.0499877929688,890.1837768554688,30212
2015-11-17,888.5499877929688,923.75,888.1500244140625,896.25,885.4417114257812,11160
2015-11-18,901.7000122070312,915.0,890.0,894.1500244140625,883.3670654296875,6305
2015-11-19,895.5499877929688,905.75,885.0,889.1500244140625,878.42724609375,6687
2015-11-20,897.9500122070312,900.0,882.0,892.4500122070312,881.6874389648438,12507
2015-11-23,890.0499877929688,903.9000244140625,880.5,885.0,874.3272705078125,29478
2015-11-24,895.9000244140625,895.9000244140625,863.0,872.0999755859375,861.5828857421875,19299
2015-11-26,872.0499877929688,887.2999877929688,861.0999755859375,883.2999877929688,872.6478881835938,9174
2015-11-27,886.9500122070312,901.9500122070312,883.2999877929688,888.75,878.0321044921875,16054
2015-11-30,889.0,903.0,878.0,880.5999755859375,869.9804077148438,17764
2015-12-01,886.0,886.0,875.0,880.0,869.3876953125,7880
2015-12-02,884.7999877929688,884.7999877929688,871.25,879.0499877929688,868.4490966796875,4619
2015-12-03,883.9500122070312,961.9000244140625,875.0,926.2999877929688,915.1292724609375,90794
2015-12-04,911.0,925.9000244140625,905.5999755859375,908.9000244140625,897.9391479492188,17955
2015-12-07,914.75,930.0,905.0,911.4500122070312,900.45849609375,11602
2015-12-08,907.5999755859375,921.4000244140625,882.0,891.8499755859375,881.0947265625,9101
2015-12-09,891.0499877929688,899.9500122070312,870.0499877929688,877.7000122070312,867.1153564453125,10086
2015-12-10,898.9000244140625,899.0,880.0999755859375,894.7000122070312,883.9103393554688,11744
2015-12-11,898.7000122070312,907.7000122070312,885.25,892.4000244140625,881.6380615234375,7163
2015-12-14,875.0,900.0,875.0,888.8499755859375,878.1309204101562,6307
2015-12-15,891.0,896.8499755859375,878.5,888.6500244140625,877.933349609375,5088
2015-12-16,894.0999755859375,908.0499877929688,886.6500244140625,888.4000244140625,877.6864013671875,8562
2015-12-17,895.9000244140625,900.9500122070312,888.0,897.5999755859375,886.775390625,15373
2015-12-18,907.0,911.0,897.0,907.5499877929688,896.6053466796875,28464
2015-12-21,910.0,954.5,910.0,928.7000122070312,917.5003662109375,115818
2015-12-22,936.9000244140625,940.0,922.0,927.6500244140625,916.4629516601562,28241
2015-12-23,937.5,937.5,925.4000244140625,930.1500244140625,918.9329223632812,10635
2015-12-24,930.0,968.0,930.0,947.4500122070312,936.0242309570312,63613
2015-12-28,955.0,955.0,930.0999755859375,933.0,921.7484130859375,16772
2015-12-29,939.6500244140625,949.0,914.9000244140625,917.9000244140625,906.8306274414062,16271
2015-12-30,928.0,954.9000244140625,920.0,946.25,934.8386840820312,34569
2015-12-31,946.0499877929688,963.0,937.0,951.25,939.7783813476562,20952
2016-01-01,951.0499877929688,951.0499877929688,921.0,925.7000122070312,914.5364379882812,26472
2016-01-04,925.0,939.0,920.0,931.3499755859375,920.1183471679688,15052
2016-01-05,925.9500122070312,945.0,923.0,931.9000244140625,920.6617431640625,8013
2016-01-06,932.4000244140625,944.75,927.0,931.7000122070312,920.4641723632812,7008
2016-01-07,932.6500244140625,932.6500244140625,908.0999755859375,912.5,901.4956665039062,15937
2016-01-08,917.0499877929688,925.0,904.7999877929688,911.3499755859375,900.3594970703125,6848
2016-01-11,916.9000244140625,919.0,901.1500244140625,913.0499877929688,902.0390625,6044
2016-01-12,912.1500244140625,919.0,875.0,881.7000122070312,871.067138671875,20468
2016-01-13,892.2999877929688,897.7999877929688,855.0499877929688,887.7999877929688,877.093505859375,72400
2016-01-14,880.0,888.0,863.0,877.9000244140625,867.3130493164062,9019
2016-01-15,877.0,877.0,855.0999755859375,868.25,857.779296875,18959
2016-01-18,865.0,868.0,828.2999877929688,834.4500122070312,824.3870239257812,15373
2016-01-19,830.0999755859375,849.4000244140625,830.0,842.4500122070312,832.2904663085938,13313
2016-01-20,801.0,815.4000244140625,782.0,802.2000122070312,792.52587890625,67740
2016-01-21,800.2000122070312,809.9500122070312,770.0,777.4500122070312,768.0743408203125,20913
2016-01-22,779.0,803.0,775.0,799.0999755859375,789.4631958007812,16088
2016-01-25,802.5999755859375,813.7000122070312,788.1500244140625,793.7000122070312,784.1283569335938,14803
2016-01-27,799.4000244140625,809.0,794.0,797.0,787.3884887695312,24389
2016-01-28,797.0499877929688,815.0,780.0499877929688,788.2999877929688,778.7935180664062,9205
2016-01-29,792.0,800.0499877929688,787.9000244140625,794.1500244140625,784.5730590820312,4998
2016-02-01,793.25,810.0,780.25,794.3499755859375,784.7706298828125,6880
2016-02-02,790.9500122070312,799.5,782.0999755859375,793.5999755859375,784.0296630859375,9203
2016-02-03,789.0,789.0,736.25,745.5999755859375,736.6083374023438,31850
2016-02-04,746.0,812.7000122070312,735.0,744.9000244140625,735.9169311523438,40838
2016-02-05,745.25,757.0,730.0999755859375,740.4500122070312,731.5206298828125,20593
2016-02-08,761.9000244140625,761.9000244140625,726.0,727.2000122070312,718.4303588867188,9681
2016-02-09,727.0,765.1500244140625,723.5499877929688,758.3499755859375,749.2046508789062,40151
2016-02-10,758.7999877929688,758.7999877929688,729.0,740.3499755859375,731.4217529296875,17477
2016-02-11,739.9000244140625,748.0,711.0,734.9000244140625,726.0375366210938,21971
2016-02-12,735.0499877929688,749.9500122070312,697.5,715.0999755859375,706.4761962890625,28588
2016-02-15,765.0,765.0,700.5499877929688,744.8499755859375,735.867431640625,5206
2016-02-16,744.0,744.0,711.0,724.7000122070312,715.9605102539062,5209
2016-02-17,716.9500122070312,779.5999755859375,701.0499877929688,751.75,742.6842651367188,58022
2016-02-18,760.0,779.4000244140625,747.0499877929688,761.75,752.5636596679688,21138
2016-02-19,761.8499755859375,795.0,750.0999755859375,791.9500122070312,782.3995361328125,29956
2016-02-22,791.9500122070312,795.0,770.0499877929688,774.0499877929688,764.7153930664062,7707
2016-02-23,775.0499877929688,783.8499755859375,747.7999877929688,751.2000122070312,742.1409301757812,8501
2016-02-24,751.0499877929688,776.8499755859375,738.0499877929688,766.1500244140625,756.91064453125,8083
2016-02-25,765.9500122070312,783.4000244140625,755.0,777.3499755859375,767.9755859375,5411
2016-02-26,777.0,785.0,761.0,778.3499755859375,768.9635620117188,9038
2016-02-29,780.0,795.0,751.0,786.0,776.5213012695312,10694
2016-03-01,800.0,800.0,775.2000122070312,781.8499755859375,772.4212646484375,6453
2016-03-02,787.4000244140625,800.0,783.0,797.9000244140625,788.2777709960938,10909
2016-03-03,800.0,805.0,785.0,794.5499877929688,784.9681396484375,10175
2016-03-04,791.0499877929688,795.0,780.5,791.0,781.4608764648438,6479
2016-03-08,805.0,805.0,773.4000244140625,777.9500122070312,768.568359375,6192
2016-03-09,777.0499877929688,798.0,772.5499877929688,781.4000244140625,771.9767456054688,21116
2016-03-10,781.0,785.0,769.0,771.5999755859375,762.294921875,7119
2016-03-11,785.0,785.0,772.1500244140625,774.6500244140625,765.3081665039062,7855
2016-03-14,773.0,782.0499877929688,746.0,760.7000122070312,751.5263671875,14809
2016-03-15,778.0,780.0,763.5499877929688,769.5,760.22021484375,7614
2016-03-16,769.2000122070312,780.0,765.0,776.9000244140625,767.531005859375,6396
2016-03-17,783.0,783.0,754.0,772.5,763.18408203125,8764
2016-03-18,772.0,795.0,759.0,786.1500244140625,776.66943359375,10772
2016-03-21,784.0,810.0,775.5999755859375,799.0499877929688,789.413818359375,18637
2016-03-22,799.0,850.0,799.0,841.8499755859375,831.69775390625,31713
2016-03-23,826.0,881.6500244140625,825.0,869.2000122070312,858.7178955078125,38343
2016-03-28,869.5,900.0,844.2000122070312,890.0,879.2670288085938,31538
2016-03-29,889.3499755859375,899.0,872.0,894.3499755859375,883.5645751953125,22293
2016-03-30,894.0,900.0,857.0999755859375,863.3499755859375,852.9383544921875,20241
2016-03-31,864.0499877929688,885.0,853.0,877.5,866.9177856445312,21432
2016-04-01,879.0,879.0,856.0,859.4500122070312,849.0855102539062,10613
2016-04-04,868.4000244140625,869.8499755859375,827.5,841.5999755859375,831.4508056640625,16994
2016-04-05,842.0499877929688,851.0,827.5,833.5,823.4484252929688,6863
2016-04-06,833.2000122070312,843.0,826.5,831.5499877929688,821.52197265625,9196
2016-04-07,837.1500244140625,875.5,831.0499877929688,850.3499755859375,840.0951538085938,20882
2016-04-08,850.0,862.5499877929688,836.0,839.7000122070312,829.5736694335938,8964
2016-04-11,855.0,857.0,835.5999755859375,851.9500122070312,841.6759033203125,8687
2016-04-12,852.0999755859375,895.0,852.0999755859375,884.4000244140625,873.734619140625,27574
2016-04-13,884.0,932.3499755859375,884.0,911.75,900.7547607421875,35752
2016-04-18,911.0,918.7000122070312,900.0,903.2999877929688,892.4066162109375,7859
2016-04-20,903.2999877929688,915.0,895.5,902.7999877929688,891.9127197265625,5622
2016-04-21,908.75,915.9500122070312,902.0,903.75,892.8511962890625,24989
2016-04-22,908.9500122070312,908.9500122070312,885.0,887.2999877929688,876.5995483398438,4115
2016-04-25,895.9000244140625,899.0,880.2999877929688,889.9500122070312,879.2177124023438,6265
2016-04-26,889.0,934.0,875.7000122070312,921.5999755859375,910.4859008789062,19878
2016-04-27,922.0,940.0,907.0,923.4500122070312,912.3136596679688,16480
2016-04-28,923.0,923.0,903.0,909.0999755859375,898.13671875,11460
2016-04-29,919.0,919.0,900.0,906.4000244140625,895.4692993164062,7044
2016-05-02,921.0,922.0,900.0,910.0499877929688,899.0752563476562,9399
2016-05-03,910.0,945.0,910.0,926.4000244140625,915.2281494140625,20004
2016-05-04,995.9500122070312,1010.0,950.25,966.2999877929688,954.6468505859375,343307
2016-05-05,965.0,968.0499877929688,935.0,943.6500244140625,932.2700805664062,39726
2016-05-06,943.0,958.0,935.0,937.25,925.9472045898438,22881
2016-05-09,937.0,948.0,929.9500122070312,933.8499755859375,922.5881958007812,13385
2016-05-10,935.9500122070312,943.9500122070312,933.0,934.7999877929688,923.5267944335938,10627
2016-05-11,926.0,964.5,926.0,954.5999755859375,943.0880126953125,34316
2016-05-12,954.0,1042.800048828125,953.9500122070312,1017.7000122070312,1005.4271850585938,188284
2016-05-13,1008.0,1029.9000244140625,983.5499877929688,997.9500122070312,985.9152221679688,39309
2016-05-16,1005.8499755859375,1025.949951171875,974.0,1005.0999755859375,992.9788818359375,30069
2016-05-17,1005.0999755859375,1019.0,995.9500122070312,1004.2000122070312,992.08984375,12646
2016-05-18,1003.7999877929688,1003.7999877929688,980.0,992.9500122070312,980.9754638671875,8451
2016-05-19,992.9000244140625,1027.0,980.0999755859375,992.3499755859375,980.3826904296875,35537
2016-05-20,992.0,1002.0,956.0,960.5999755859375,949.015625,22206
2016-05-23,970.0,970.0,938.4000244140625,942.3499755859375,930.9857177734375,11300
2016-05-24,942.25,942.25,917.0,921.2999877929688,910.1895751953125,16762
2016-05-25,921.0,967.9500122070312,921.0,964.5499877929688,952.91796875,12335
2016-05-26,965.0,972.5,940.6500244140625,958.4500122070312,946.8916015625,5643
2016-05-27,964.0,984.0499877929688,958.0499877929688,965.2000122070312,953.5602416992188,30327
2016-05-30,975.0,975.0,955.0,959.2000122070312,947.6326293945312,6358
2016-05-31,966.9500122070312,999.0,959.0999755859375,990.9500122070312,978.999755859375,21640
2016-06-01,990.9500122070312,1015.0,986.0,998.7000122070312,986.6560668945312,41041
2016-06-02,1002.4500122070312,1004.0,982.2999877929688,989.8499755859375,977.912841796875,3899
2016-06-03,991.5,996.4500122070312,970.0,974.2999877929688,962.5503540039062,8655
2016-06-06,979.9000244140625,1007.0,970.0,987.0499877929688,975.1466674804688,10977
2016-06-07,991.75,1004.9000244140625,978.0,987.75,975.8383178710938,22161
2016-06-08,987.75,1004.0,981.7000122070312,998.8499755859375,986.804443359375,10651
2016-06-09,999.0,999.0,976.1500244140625,989.3499755859375,977.4188842773438,9860
2016-06-10,990.0,1020.0,978.0,1009.3499755859375,997.1776123046875,49923
2016-06-13,1005.0,1012.9500122070312,989.0,993.25,981.27197265625,13379
2016-06-14,993.0499877929688,1000.0499877929688,982.0,984.8499755859375,972.9732055664062,5937
2016-06-15,985.0499877929688,1047.0,980.0499877929688,1023.0,1010.6631469726562,46526
2016-06-16,1023.0,1049.800048828125,1019.0499877929688,1027.949951171875,1015.5532836914062,28384
2016-06-17,1020.2000122070312,1061.8499755859375,1020.2000122070312,1030.199951171875,1017.776123046875,34935
2016-06-20,1022.0499877929688,1037.949951171875,1009.0,1018.2000122070312,1005.9210205078125,25197
2016-06-21,1018.0,1033.0,1013.0499877929688,1016.6500244140625,1004.3897705078125,8227
2016-06-22,1033.0,1065.0,1015.7999877929688,1029.0999755859375,1016.6896362304688,46624
2016-06-23,1029.0,1031.949951171875,1011.0,1015.75,1003.50048828125,4913
2016-06-24,997.7000122070312,1035.0,975.0,1021.7999877929688,1009.4775390625,30033
2016-06-27,1021.0,1049.699951171875,1019.7000122070312,1028.4000244140625,1015.9981079101562,19842
2016-06-28,1038.8499755859375,1077.0,1022.0,1060.449951171875,1047.6614990234375,36021
2016-06-29,1075.0,1105.0,1041.0,1092.1500244140625,1078.9793701171875,50074
2016-06-30,1090.0,1144.0,1075.0,1132.449951171875,1118.793212890625,48692
2016-07-01,1130.0,1166.6500244140625,1128.0999755859375,1136.1500244140625,1122.44873046875,20584
2016-07-04,1144.949951171875,1153.75,1110.0999755859375,1114.5,1101.0596923828125,18769
2016-07-05,1114.0,1122.0999755859375,1087.9000244140625,1114.0,1100.5655517578125,7324
2016-07-07,1114.0,1150.0,1104.050048828125,1144.0,1130.203857421875,15498
2016-07-08,1149.9000244140625,1149.949951171875,1126.0999755859375,1135.699951171875,1122.00390625,6389
2016-07-11,1116.0,1185.0,1116.0,1168.0,1153.91455078125,35135
2016-07-12,1172.0,1180.050048828125,1150.0,1157.8499755859375,1143.886962890625,12007
2016-07-13,1157.8499755859375,1160.0,1135.0,1137.8499755859375,1124.1280517578125,11823
2016-07-14,1137.800048828125,1149.3499755859375,1131.0,1138.550048828125,1124.819580078125,4086
2016-07-15,1144.949951171875,1155.0999755859375,1125.5,1127.5,1113.90283203125,7648
2016-07-18,1128.550048828125,1142.4000244140625,1118.0,1121.550048828125,1108.024658203125,5120
2016-07-19,1122.050048828125,1124.949951171875,1091.9000244140625,1098.050048828125,1084.8079833984375,8504
2016-07-20,1103.0,1120.0,1098.050048828125,1108.1500244140625,1094.786376953125,6444
2016-07-21,1107.050048828125,1118.0,1094.199951171875,1100.5,1087.2283935546875,7372
2016-07-22,1105.0,1109.75,1091.0,1098.300048828125,1085.05517578125,8237
2016-07-25,1105.699951171875,1112.699951171875,1092.0,1096.449951171875,1083.2274169921875,8520
2016-07-26,1096.0,1110.0,1080.0,1083.699951171875,1070.6309814453125,5233
2016-07-27,1087.0,1091.0,1050.0,1060.449951171875,1047.6614990234375,10375
2016-07-28,1061.0,1095.0,1010.0,1081.800048828125,1068.754150390625,17692
2016-07-29,1099.699951171875,1099.699951171875,1059.0,1061.050048828125,1048.25439453125,12329
2016-08-01,1061.050048828125,1068.0,1042.0,1046.0999755859375,1033.4847412109375,16110
2016-08-02,1046.0,1069.0,1022.7000122070312,1031.5,1020.0357666015625,12676
2016-08-03,1039.8499755859375,1039.8499755859375,1020.0,1028.4000244140625,1017.95703125,9184
2016-08-04,1035.0,1125.0,990.0999755859375,1106.4000244140625,1095.1649169921875,250260
2016-08-05,1111.050048828125,1118.0,1080.0,1108.199951171875,1096.9466552734375,51007
2016-08-08,1108.0,1118.0,1082.300048828125,1101.8499755859375,1090.6611328125,20313
2016-08-09,1101.0,1125.0,1094.9000244140625,1107.75,1096.5013427734375,31088
2016-08-10,1106.949951171875,1123.0,1072.5999755859375,1117.550048828125,1106.2017822265625,31664
2016-08-11,1117.0,1117.0,1101.25,1104.3499755859375,1093.1356201171875,5332
2016-08-12,1107.5999755859375,1111.0,1085.0,1088.5,1077.44677734375,6129
2016-08-16,1088.0,1090.0,1073.050048828125,1079.199951171875,1068.2412109375,2497
2016-08-17,1079.0,1090.0,1066.0,1073.5,1062.5989990234375,4620
2016-08-18,1073.050048828125,1082.050048828125,1064.949951171875,1074.0999755859375,1063.1929931640625,3520
2016-08-19,1077.5,1080.0,1067.0,1072.5,1061.609375,3252
2016-08-22,1100.0,1107.0,1081.0,1096.449951171875,1085.3157958984375,19097
2016-08-23,1099.949951171875,1119.949951171875,1094.9000244140625,1106.4000244140625,1095.1649169921875,10543
2016-08-24,1106.4000244140625,1134.949951171875,1102.0,1114.699951171875,1103.3807373046875,22382
2016-08-25,1121.949951171875,1124.0,1111.5,1121.0,1109.61669921875,16507
2016-08-26,1121.0,1130.5999755859375,1112.050048828125,1121.699951171875,1110.3095703125,11782
2016-08-29,1121.699951171875,1124.0,1111.0,1119.25,1107.884521484375,8028
2016-08-30,1124.550048828125,1147.0,1112.199951171875,1138.1500244140625,1126.5926513671875,16144
2016-08-31,1138.0,1143.949951171875,1116.5999755859375,1136.300048828125,1124.761474609375,12385
2016-09-01,1125.0,1141.6500244140625,1115.0,1120.449951171875,1109.072265625,16705
2016-09-02,1120.0,1134.75,1113.0,1127.199951171875,1115.7537841796875,6647
2016-09-06,1127.449951171875,1145.0,1115.5,1139.300048828125,1127.73095703125,20985
2016-09-07,1131.25,1135.050048828125,1107.0,1112.1500244140625,1100.8568115234375,7037
2016-09-08,1117.9000244140625,1118.0,1103.4000244140625,1109.5,1098.233642578125,12075
2016-09-09,1110.050048828125,1135.0,1087.0,1129.0,1117.5355224609375,11390
2016-09-12,1109.0,1119.0,1099.050048828125,1107.1500244140625,1095.9075927734375,11885
2016-09-14,1107.0,1182.0,1097.449951171875,1157.1500244140625,1145.399658203125,57762
2016-09-15,1146.0,1198.949951171875,1146.0,1173.1500244140625,1161.2373046875,25854
2016-09-16,1175.050048828125,1195.0,1160.0,1166.3499755859375,1154.5062255859375,16981
2016-09-19,1171.949951171875,1182.0,1143.949951171875,1147.550048828125,1135.897216796875,4789
2016-09-20,1148.0,1165.0,1135.0,1141.949951171875,1130.353759765625,8795
2016-09-21,1141.0,1152.9000244140625,1121.0,1126.6500244140625,1115.20947265625,7791
2016-09-22,1131.300048828125,1184.0,1131.300048828125,1163.449951171875,1151.635498046875,140266
2016-09-23,1170.0,1184.0,1156.1500244140625,1161.4000244140625,1149.606689453125,10464
2016-09-26,1161.4000244140625,1190.0,1136.0,1167.550048828125,1155.694091796875,29594
2016-09-27,1153.9000244140625,1194.9000244140625,1153.8499755859375,1185.300048828125,1173.263916015625,31106
2016-09-28,1184.050048828125,1241.949951171875,1179.5,1234.3499755859375,1221.815673828125,70521
2016-09-29,1249.949951171875,1259.949951171875,1145.0999755859375,1196.300048828125,1184.1522216796875,36343
2016-09-30,1185.0,1234.949951171875,1170.0,1209.449951171875,1197.16845703125,27039
2016-10-03,1220.0,1249.0,1215.0,1243.949951171875,1231.3179931640625,13053
2016-10-04,1242.800048828125,1251.0,1218.0,1227.550048828125,1215.0848388671875,4589
2016-10-05,1227.5,1233.699951171875,1208.0999755859375,1218.050048828125,1205.6812744140625,7776
2016-10-06,1218.050048828125,1226.0,1206.0,1211.449951171875,1199.148193359375,5743
2016-10-07,1212.0999755859375,1232.0,1201.050048828125,1224.4000244140625,1211.9669189453125,38253
2016-10-10,1224.050048828125,1227.0,1200.0,1205.4000244140625,1193.1597900390625,4549
2016-10-13,1209.0,1209.0,1166.0,1184.75,1172.719482421875,8905
2016-10-14,1184.300048828125,1221.0,1166.300048828125,1210.050048828125,1197.7625732421875,62541
2016-10-17,1226.0,1226.0,1191.0,1203.75,1191.5264892578125,10333
2016-10-18,1203.0,1220.8499755859375,1195.0,1205.25,1193.0113525390625,57170
2016-10-19,1210.949951171875,1211.0,1170.0,1176.300048828125,1164.355224609375,8968
2016-10-20,1170.949951171875,1228.0,1170.949951171875,1212.8499755859375,1200.5340576171875,22946
2016-10-21,1212.0,1272.0,1191.3499755859375,1259.8499755859375,1247.0567626953125,41022
2016-10-24,1272.0,1289.699951171875,1245.0,1252.449951171875,1239.7318115234375,14652
2016-10-25,1252.0,1269.800048828125,1233.800048828125,1240.0,1227.4083251953125,4422
2016-10-26,1240.0,1256.0,1218.0999755859375,1230.199951171875,1217.707763671875,8587
2016-10-27,1195.0,1225.050048828125,1195.0,1209.800048828125,1197.51513671875,4348
2016-10-28,1209.800048828125,1237.699951171875,1197.550048828125,1204.25,1192.0213623046875,4389
2016-11-01,1242.050048828125,1264.0,1240.0,1243.050048828125,1230.4273681640625,8529
2016-11-02,1221.1500244140625,1245.0,1203.0999755859375,1233.6500244140625,1221.122802734375,11916
2016-11-03,1233.0,1273.0,1216.300048828125,1239.550048828125,1226.962890625,25662
2016-11-04,1235.0,1245.5999755859375,1175.5999755859375,1223.4000244140625,1210.9769287109375,20814
2016-11-07,1224.050048828125,1259.8499755859375,1224.050048828125,1231.0999755859375,1218.5987548828125,13476
2016-11-08,1240.050048828125,1249.800048828125,1205.0,1208.5999755859375,1196.3271484375,4349
2016-11-09,1147.9000244140625,1190.0,1105.1500244140625,1177.449951171875,1165.4935302734375,18921
2016-11-10,1203.9000244140625,1217.949951171875,1185.0,1195.8499755859375,1183.706787109375,8981
2016-11-11,1164.0999755859375,1184.5,1126.0,1131.5999755859375,1120.1090087890625,14632
2016-11-15,1165.0,1165.0,1069.050048828125,1072.6500244140625,1061.7578125,15714
2016-11-16,1098.0,1098.0,1058.050048828125,1071.4000244140625,1060.520263671875,6781
2016-11-17,1080.050048828125,1086.5999755859375,1015.0999755859375,1023.1500244140625,1012.7603759765625,11276
2016-11-18,1020.4500122070312,1038.0,1005.5,1028.4000244140625,1017.95703125,6939
2016-11-21,1010.0,1058.0,990.0,1034.699951171875,1024.1929931640625,12819
2016-11-22,1023.0,1057.949951171875,1005.0,1033.800048828125,1023.30224609375,12904
2016-11-23,1020.0499877929688,1066.9000244140625,1020.0,1030.8499755859375,1020.3822021484375,8161
2016-11-24,1013.5499877929688,1050.0,1013.5,1043.5,1032.9036865234375,3410
2016-11-25,1026.800048828125,1054.9000244140625,1026.75,1038.800048828125,1028.25146484375,3803
2016-11-28,1027.699951171875,1064.0,1027.6500244140625,1055.1500244140625,1044.4354248046875,4705
2016-11-29,1041.949951171875,1057.0,1031.050048828125,1038.5,1027.9544677734375,4607
2016-11-30,1039.449951171875,1050.0,1037.050048828125,1049.550048828125,1038.8924560546875,7888
2016-12-01,1031.050048828125,1062.0,1031.0,1052.6500244140625,1041.9608154296875,4540
2016-12-02,1033.550048828125,1048.0,1017.0,1024.8499755859375,1014.4430541992188,4362
2016-12-05,1018.6500244140625,1035.75,1018.5999755859375,1025.0999755859375,1014.6905517578125,1434
2016-12-06,1015.6500244140625,1036.5,1015.5999755859375,1027.6500244140625,1017.2147827148438,2384
2016-12-07,1058.0,1058.0,1020.0,1025.800048828125,1015.383544921875,1853
2016-12-08,1025.800048828125,1120.0,1025.800048828125,1095.25,1084.1282958984375,57341
2016-12-09,1095.0,1127.0,1070.449951171875,1114.949951171875,1103.628173828125,17771
2016-12-12,1123.949951171875,1123.949951171875,1060.0,1068.9000244140625,1058.0457763671875,16076
2016-12-13,1068.9000244140625,1078.550048828125,1055.0999755859375,1062.0999755859375,1051.3148193359375,2789
2016-12-14,1065.050048828125,1120.0,1038.050048828125,1102.300048828125,1091.1065673828125,15686
2016-12-15,1095.0,1148.0,1088.0,1140.300048828125,1128.720947265625,23951
2016-12-16,1140.0,1148.0,1115.0,1122.550048828125,1111.15087890625,5765
2016-12-19,1100.1500244140625,1117.949951171875,1076.0,1084.3499755859375,1073.3387451171875,7110
2016-12-20,1098.699951171875,1098.699951171875,1064.949951171875,1068.300048828125,1057.451904296875,3965
2016-12-21,1055.25,1124.699951171875,1055.199951171875,1111.0999755859375,1099.8172607421875,13580
2016-12-22,1099.699951171875,1104.800048828125,1081.5999755859375,1085.300048828125,1074.279296875,3968
2016-12-23,1096.0,1104.949951171875,1066.050048828125,1082.0,1071.0125732421875,7980
2016-12-26,1064.050048828125,1085.0,1051.050048828125,1076.5,1065.568603515625,22058
2016-12-27,1070.0,1091.5,1062.949951171875,1075.1500244140625,1064.232421875,4808
2016-12-28,1065.4000244140625,1098.0,1065.4000244140625,1089.949951171875,1078.8818359375,6205
2016-12-29,1079.050048828125,1135.0,1071.550048828125,1124.5,1113.0811767578125,20601
2016-12-30,1129.949951171875,1170.0,1119.0,1159.5,1147.725830078125,20849
2017-01-02,1180.0,1188.0,1136.0,1155.699951171875,1143.9642333984375,13219
2017-01-03,1155.0,1171.0,1145.0,1156.199951171875,1144.4593505859375,3205
2017-01-04,1155.5999755859375,1168.0,1145.0,1148.699951171875,1137.035400390625,2877
2017-01-05,1155.949951171875,1158.949951171875,1137.0,1145.550048828125,1133.91748046875,4106
2017-01-06,1138.0999755859375,1143.0,1120.0,1123.5999755859375,1112.1903076171875,4204
2017-01-09,1123.699951171875,1152.0,1120.0,1145.699951171875,1134.06591796875,3008
2017-01-10,1153.9000244140625,1158.0,1136.0,1145.300048828125,1133.670166015625,2706
2017-01-11,1150.050048828125,1190.050048828125,1140.199951171875,1165.949951171875,1154.110107421875,10689
2017-01-12,1175.75,1175.75,1150.199951171875,1155.25,1143.51904296875,1756
2017-01-13,1159.3499755859375,1159.3499755859375,1135.0,1139.6500244140625,1128.0772705078125,2946
2017-01-16,1140.0,1149.949951171875,1130.050048828125,1136.25,1124.7117919921875,4097
2017-01-17,1126.550048828125,1159.949951171875,1126.550048828125,1146.050048828125,1134.412353515625,4721
2017-01-18,1154.949951171875,1154.949951171875,1127.0,1135.449951171875,1123.919921875,3562
2017-01-19,1131.5,1154.949951171875,1131.300048828125,1135.25,1123.721923828125,5228
2017-01-20,1141.050048828125,1159.0,1131.199951171875,1152.0999755859375,1140.40087890625,8581
2017-01-23,1149.949951171875,1165.0,1136.0,1155.800048828125,1144.0635986328125,8740
2017-01-24,1146.4000244140625,1199.0,1146.0,1185.199951171875,1173.164794921875,29100
2017-01-25,1187.949951171875,1300.0,1168.0,1255.199951171875,1242.4537353515625,63894
2017-01-27,1261.0,1313.0,1241.0999755859375,1290.699951171875,1277.5933837890625,58299
2017-01-30,1285.300048828125,1348.0,1275.25,1331.449951171875,1317.9296875,69385
2017-01-31,1331.449951171875,1339.0,1292.0,1306.0,1292.7381591796875,15498
2017-02-01,1299.8499755859375,1319.5,1272.0999755859375,1290.5999755859375,1277.4945068359375,17807
2017-02-02,1262.0,1269.0,1230.0,1248.449951171875,1235.7724609375,35781
2017-02-03,1242.0999755859375,1253.0,1206.800048828125,1211.6500244140625,1199.34619140625,223122
2017-02-06,1211.6500244140625,1221.050048828125,1182.0,1189.9000244140625,1177.817138671875,14488
2017-02-07,1194.949951171875,1205.0,1166.0,1171.9000244140625,1159.9998779296875,6193
2017-02-08,1187.8499755859375,1187.9000244140625,1140.0,1142.3499755859375,1130.749755859375,56884
2017-02-09,1133.050048828125,1157.8499755859375,1133.0,1151.699951171875,1140.0050048828125,4919
2017-02-10,1162.0,1162.0,1136.699951171875,1153.75,1142.0341796875,14207
2017-02-13,1157.9000244140625,1196.800048828125,1146.3499755859375,1172.25,1160.3463134765625,13402
2017-02-14,1179.0,1179.0,1139.5999755859375,1144.5,1132.878173828125,4681
2017-02-15,1146.1500244140625,1199.0,1121.5999755859375,1188.5,1176.431396484375,22039
2017-02-16,1195.0,1209.800048828125,1170.1500244140625,1203.9000244140625,1191.6749267578125,10294
2017-02-17,1193.699951171875,1205.050048828125,1180.0999755859375,1184.699951171875,1172.669921875,2729
2017-02-20,1174.4000244140625,1198.0,1170.0,1175.800048828125,1163.8604736328125,6655
2017-02-21,1192.0,1192.0,1146.0999755859375,1176.6500244140625,1164.7015380859375,16991
2017-02-22,1167.4000244140625,1170.949951171875,1148.6500244140625,1164.5,1152.6749267578125,17613
2017-02-23,1159.949951171875,1172.800048828125,1152.0,1162.8499755859375,1151.041748046875,6261
2017-02-27,1152.1500244140625,1160.8499755859375,1136.5999755859375,1142.949951171875,1131.34375,6538
2017-02-28,1136.0999755859375,1175.0,1136.0999755859375,1170.199951171875,1158.317138671875,8740
2017-03-01,1173.9000244140625,1188.0,1147.0,1177.9000244140625,1165.93896484375,11252
2017-03-02,1187.800048828125,1188.4000244140625,1163.3499755859375,1182.0999755859375,1170.09619140625,8822
2017-03-03,1170.3499755859375,1233.3499755859375,1170.3499755859375,1222.199951171875,1209.7889404296875,24885
2017-03-06,1225.0999755859375,1256.0,1211.25,1238.0,1225.4287109375,16890
2017-03-07,1220.199951171875,1250.0,1211.0999755859375,1221.5999755859375,1209.195068359375,8628
2017-03-08,1209.8499755859375,1234.0,1200.0,1221.5,1209.09619140625,10299
2017-03-09,1215.0999755859375,1225.0,1200.0,1209.5,1197.2181396484375,2958
2017-03-10,1209.0999755859375,1211.0,1192.199951171875,1202.300048828125,1190.0911865234375,3396
2017-03-14,1215.1500244140625,1220.0,1162.4000244140625,1209.550048828125,1197.267578125,14501
2017-03-15,1214.9000244140625,1220.050048828125,1201.0999755859375,1216.300048828125,1203.9490966796875,7516
2017-03-16,1216.0,1230.949951171875,1204.0,1222.4000244140625,1209.987060546875,9159
2017-03-17,1234.800048828125,1234.800048828125,1201.0,1205.9000244140625,1193.6546630859375,7790
2017-03-20,1218.050048828125,1223.800048828125,1183.0,1195.5999755859375,1183.459228515625,23512
2017-03-21,1195.949951171875,1220.0,1185.0999755859375,1212.9000244140625,1200.5836181640625,8286
2017-03-22,1191.0999755859375,1220.0,1191.0999755859375,1215.5999755859375,1203.256103515625,16799
2017-03-23,1205.0999755859375,1274.5,1200.300048828125,1221.5999755859375,1209.195068359375,55128
2017-03-24,1214.5,1242.0,1214.5,1231.8499755859375,1219.341064453125,15686
2017-03-27,1224.949951171875,1239.9000244140625,1215.0,1230.8499755859375,1218.3511962890625,20727
2017-03-28,1238.949951171875,1257.6500244140625,1222.0999755859375,1247.8499755859375,1235.1785888671875,20638
2017-03-29,1245.0999755859375,1325.0,1231.25,1293.949951171875,1280.8104248046875,43349
2017-03-30,1298.0,1348.9000244140625,1271.0,1328.6500244140625,1315.1580810546875,53695
2017-03-31,1335.550048828125,1398.5,1313.050048828125,1370.8499755859375,1356.929443359375,62192
2017-04-03,1372.0,1392.050048828125,1340.0,1351.5,1337.7762451171875,37291
2017-04-05,1325.6500244140625,1353.6500244140625,1324.0,1340.050048828125,1326.4425048828125,29183
2017-04-06,1330.199951171875,1340.0,1295.5,1303.550048828125,1290.3131103515625,11333
2017-04-07,1303.550048828125,1306.050048828125,1273.550048828125,1280.199951171875,1267.2001953125,10455
2017-04-10,1281.1500244140625,1326.949951171875,1262.1500244140625,1320.199951171875,1306.7938232421875,23667
2017-04-11,1321.050048828125,1365.0,1321.0,1347.25,1333.5692138671875,31383
2017-04-12,1341.3499755859375,1345.949951171875,1301.6500244140625,1314.9000244140625,1301.5477294921875,9994
2017-04-13,1317.449951171875,1350.0,1315.0,1345.25,1331.5894775390625,11743
2017-04-17,1337.800048828125,1340.0,1311.0999755859375,1318.949951171875,1305.5567626953125,4862
2017-04-18,1309.0,1334.699951171875,1293.0,1301.050048828125,1287.83837890625,6831
2017-04-19,1305.25,1317.949951171875,1282.0,1302.300048828125,1289.07568359375,12388
2017-04-20,1305.0,1322.0,1294.949951171875,1314.5,1301.15185546875,6066
2017-04-21,1305.0,1327.949951171875,1287.0,1292.199951171875,1279.0780029296875,7371
2017-04-24,1300.0,1314.9000244140625,1284.050048828125,1305.199951171875,1291.9461669921875,11952
2017-04-25,1310.050048828125,1310.050048828125,1292.0,1298.6500244140625,1285.4627685546875,12509
2017-04-26,1309.949951171875,1346.0,1288.4000244140625,1332.699951171875,1319.1671142578125,27384
2017-04-27,1336.0,1348.0,1292.75,1304.9000244140625,1291.6492919921875,10240
2017-04-28,1315.9000244140625,1334.800048828125,1292.300048828125,1312.699951171875,1299.3699951171875,8384
2017-05-02,1302.0999755859375,1322.0,1296.0,1304.949951171875,1291.69873046875,5755
2017-05-03,1312.5,1339.9000244140625,1295.1500244140625,1326.8499755859375,1313.37646484375,15663
2017-05-04,1328.0,1390.0,1306.4000244140625,1375.3499755859375,1361.3837890625,143761
2017-05-05,1370.0,1390.0,1320.0,1373.5999755859375,1359.6517333984375,41840
2017-05-08,1341.0,1364.9000244140625,1315.0999755859375,1328.4000244140625,1314.9107666015625,19155
2017-05-09,1334.75,1360.0,1321.0,1338.949951171875,1325.3536376953125,14703
2017-05-10,1336.949951171875,1370.0,1330.1500244140625,1346.25,1332.5794677734375,13065
2017-05-11,1343.75,1367.449951171875,1330.050048828125,1336.949951171875,1323.373779296875,4758
2017-05-12,1337.1500244140625,1337.1500244140625,1315.0999755859375,1322.5,1309.0706787109375,5453
2017-05-15,1325.800048828125,1355.0,1320.0,1327.1500244140625,1313.6734619140625,10880
2017-05-16,1329.0,1380.0,1322.1500244140625,1368.9000244140625,1354.99951171875,35279
2017-05-17,1352.050048828125,1375.0,1331.199951171875,1369.949951171875,1356.0386962890625,15902
2017-05-18,1355.949951171875,1371.0,1352.550048828125,1368.0999755859375,1354.2076416015625,10540
2017-05-19,1352.3499755859375,1380.0,1335.0,1346.5,1332.8270263671875,27411
2017-05-22,1349.949951171875,1350.0,1323.0,1330.800048828125,1317.2861328125,11815
2017-05-23,1316.1500244140625,1341.5999755859375,1285.0,1309.8499755859375,1296.549072265625,25141
2017-05-24,1314.800048828125,1331.949951171875,1288.050048828125,1301.1500244140625,1287.9375,19649
2017-05-25,1300.0,1340.0,1300.0,1326.449951171875,1312.98046875,7648
2017-05-26,1335.0,1337.9000244140625,1301.0999755859375,1310.25,1296.9449462890625,7909
2017-05-29,1322.050048828125,1329.800048828125,1308.3499755859375,1312.449951171875,1299.1226806640625,7717
2017-05-30,1303.449951171875,1310.0,1280.050048828125,1300.300048828125,1287.095947265625,12242
2017-05-31,1308.050048828125,1380.0,1299.75,1375.5999755859375,1361.63134765625,37853
2017-06-01,1370.0,1410.0,1363.8499755859375,1382.550048828125,1368.5108642578125,32113
2017-06-02,1391.8499755859375,1399.0,1361.0,1366.75,1352.8712158203125,11245
2017-06-05,1360.050048828125,1388.0,1343.0,1355.449951171875,1341.68603515625,6328
2017-06-06,1350.699951171875,1375.0,1337.550048828125,1360.550048828125,1346.734375,10026
2017-06-07,1360.0,1371.0,1340.949951171875,1361.550048828125,1347.7242431640625,7392
2017-06-08,1370.0,1385.699951171875,1355.0999755859375,1375.3499755859375,1361.3837890625,7605
2017-06-09,1375.3499755859375,1450.0,1358.5999755859375,1439.0999755859375,1424.486572265625,42329
2017-06-12,1435.949951171875,1466.9000244140625,1422.800048828125,1454.5,1439.7301025390625,20527
2017-06-13,1454.5,1494.0,1450.050048828125,1460.050048828125,1445.2239990234375,30231
2017-06-14,1474.6500244140625,1480.0,1451.050048828125,1453.5999755859375,1438.8392333984375,14059
2017-06-15,1453.5999755859375,1539.0,1450.0,1528.8499755859375,1513.3253173828125,70407
2017-06-16,1532.0,1649.949951171875,1530.050048828125,1637.0,1620.376953125,93327
2017-06-19,1636.800048828125,1729.800048828125,1632.0,1705.550048828125,1688.2308349609375,92877
2017-06-20,1700.0,1705.050048828125,1620.0,1635.0999755859375,1618.496337890625,31385
2017-06-21,1644.0,1695.0,1609.550048828125,1684.449951171875,1667.3450927734375,52656
2017-06-22,1685.0,1704.800048828125,1620.0,1631.5999755859375,1615.03173828125,21316
2017-06-23,1631.050048828125,1634.550048828125,1561.25,1609.6500244140625,1593.3046875,46232
2017-06-27,1610.0,1618.0,1554.050048828125,1563.449951171875,1547.57373046875,14107
2017-06-28,1560.0,1619.0,1556.0,1600.6500244140625,1584.396240234375,20518
2017-06-29,1617.25,1665.4000244140625,1605.0,1651.550048828125,1634.7794189453125,22265
2017-06-30,1624.0,1812.4000244140625,1620.25,1783.199951171875,1765.0921630859375,150318
2017-07-03,1783.0,1800.0,1740.0,1762.300048828125,1744.4046630859375,47465
2017-07-04,1759.0,1777.800048828125,1727.75,1742.050048828125,1724.3602294921875,25073
2017-07-05,1725.0,1775.0,1720.0,1731.800048828125,1714.21435546875,19713
2017-07-06,1732.199951171875,1754.5999755859375,1690.5,1705.5,1688.181396484375,12397
2017-07-07,1704.0,1733.0,1686.25,1696.25,1679.025390625,22641
2017-07-10,1798.0,1798.0,1695.0,1699.699951171875,1682.440185546875,1215
2017-07-11,1695.0,1738.9000244140625,1684.949951171875,1697.699951171875,1680.4605712890625,16704
2017-07-12,1715.550048828125,1715.5999755859375,1674.050048828125,1686.1500244140625,1669.02783203125,9249
2017-07-13,1696.0,1707.449951171875,1630.0,1640.9000244140625,1624.2374267578125,17659
2017-07-14,1641.5,1650.0,1592.0999755859375,1599.8499755859375,1583.604248046875,19382
2017-07-17,1612.8499755859375,1630.0,1586.300048828125,1603.949951171875,1587.66259765625,12627
2017-07-18,1604.0,1666.199951171875,1580.5999755859375,1640.050048828125,1623.3961181640625,18386
2017-07-19,1618.3499755859375,1690.0,1618.3499755859375,1670.949951171875,1653.9822998046875,9186
2017-07-20,1680.0,1680.0,1615.300048828125,1625.5,1608.9937744140625,7281
2017-07-21,1615.4000244140625,1655.25,1598.449951171875,1617.0999755859375,1600.678955078125,10186
2017-07-24,1622.699951171875,1627.949951171875,1582.25,1593.0999755859375,1576.922607421875,8299
2017-07-25,1583.449951171875,1618.699951171875,1557.550048828125,1574.3499755859375,1558.36328125,23875
2017-07-26,1574.3499755859375,1599.0,1536.0,1543.25,1527.5789794921875,22361
2017-07-27,1554.050048828125,1571.949951171875,1530.5,1541.0,1525.351806640625,20183
2017-07-28,1550.0,1550.0,1492.5,1509.5,1494.1717529296875,27940
2017-07-31,1524.1500244140625,1548.0,1461.1500244140625,1480.5,1465.4661865234375,39765
2017-08-01,1480.050048828125,1480.050048828125,1423.4000244140625,1430.550048828125,1416.0234375,32848
2017-08-02,1430.0,1449.699951171875,1410.0,1415.050048828125,1400.680908203125,14572
2017-08-03,1419.949951171875,1500.0,1416.0,1451.050048828125,1436.3154296875,46796
2017-08-04,1457.949951171875,1475.0,1425.300048828125,1432.8499755859375,1418.300048828125,18298
2017-08-07,1430.0999755859375,1484.699951171875,1430.0999755859375,1462.3499755859375,1447.5003662109375,8729
2017-08-08,1461.800048828125,1461.800048828125,1429.8499755859375,1432.449951171875,1417.904052734375,4654
2017-08-09,1440.0999755859375,1465.0,1420.0,1427.949951171875,1413.44970703125,16504
2017-08-10,1435.0,1435.0,1383.6500244140625,1404.949951171875,1390.6832275390625,24823
2017-08-11,1360.0,1405.050048828125,1360.0,1393.300048828125,1379.1517333984375,7528
2017-08-14,1402.5999755859375,1439.9000244140625,1379.0999755859375,1422.5,1408.0552978515625,4131
2017-08-16,1449.949951171875,1449.949951171875,1405.0,1410.199951171875,1395.8800048828125,7838
2017-08-17,1452.449951171875,1452.449951171875,1412.0,1443.449951171875,1428.7923583984375,6301
2017-08-18,1438.8499755859375,1464.0,1418.800048828125,1458.0,1443.194580078125,7473
2017-08-21,1463.949951171875,1463.949951171875,1425.199951171875,1436.699951171875,1422.1109619140625,5394
2017-08-22,1437.050048828125,1440.050048828125,1415.050048828125,1424.3499755859375,1409.886474609375,3602
2017-08-23,1415.050048828125,1445.0,1413.0,1435.449951171875,1420.87353515625,9445
2017-08-24,1437.1500244140625,1437.5,1415.0,1430.199951171875,1415.677001953125,6610
2017-08-28,1450.0,1520.0,1430.050048828125,1485.699951171875,1470.6134033203125,30279
2017-08-29,1508.0,1510.0,1467.5,1488.8499755859375,1473.7314453125,8605
2017-08-30,1511.199951171875,1511.199951171875,1490.0,1495.4000244140625,1480.21484375,6223
2017-08-31,1509.949951171875,1519.6500244140625,1490.0,1512.9000244140625,1497.537109375,18349
2017-09-01,1516.800048828125,1536.0,1503.0,1524.3499755859375,1508.870849609375,11272
2017-09-04,1550.0,1550.0,1488.0,1494.550048828125,1479.37353515625,9535
2017-09-05,1506.1500244140625,1506.199951171875,1480.0,1485.449951171875,1470.3658447265625,3567
2017-09-06,1490.0,1501.0,1473.0,1477.0999755859375,1462.1007080078125,4456
2017-09-07,1481.0,1490.0,1438.0,1446.050048828125,1431.3662109375,48218
2017-09-08,1454.9000244140625,1466.9000244140625,1442.550048828125,1451.949951171875,1437.2059326171875,9662
2017-09-11,1462.75,1465.949951171875,1440.0999755859375,1450.699951171875,1435.9686279296875,6575
2017-09-12,1450.0,1476.0,1441.0,1452.0999755859375,1437.3546142578125,7445
2017-09-13,1441.0,1463.699951171875,1441.0,1445.4000244140625,1430.72265625,15225
2017-09-14,1459.949951171875,1470.0,1436.050048828125,1465.050048828125,1450.1732177734375,5300
2017-09-15,1452.5999755859375,1506.5999755859375,1438.699951171875,1496.699951171875,1481.501708984375,12614
2017-09-18,1500.0,1555.050048828125,1497.1500244140625,1537.199951171875,1521.590576171875,21899
2017-09-19,1539.0,1575.0,1519.949951171875,1564.699951171875,1548.8111572265625,21945
2017-09-20,1571.0,1617.449951171875,1530.0,1543.6500244140625,1528.9520263671875,30357
2017-09-21,1554.449951171875,1563.9000244140625,1505.0,1555.800048828125,1540.9864501953125,15321
2017-09-22,1540.4000244140625,1549.0,1445.300048828125,1471.949951171875,1457.934814453125,23444
2017-09-25,1492.0,1492.0,1425.5,1437.449951171875,1423.7630615234375,16651
2017-09-26,1437.449951171875,1450.0,1416.0,1429.0,1415.393798828125,13018
2017-09-27,1443.300048828125,1443.300048828125,1385.050048828125,1410.300048828125,1396.8717041015625,14750
2017-09-28,1410.0,1530.0,1389.0999755859375,1482.8499755859375,1468.7308349609375,19130
2017-09-29,1494.699951171875,1519.949951171875,1454.1500244140625,1501.25,1486.9556884765625,14293
2017-10-03,1501.300048828125,1538.6500244140625,1495.0,1506.6500244140625,1492.3043212890625,6928
2017-10-04,1510.050048828125,1535.0,1495.0999755859375,1509.699951171875,1495.3253173828125,4113
2017-10-05,1524.949951171875,1524.949951171875,1461.5999755859375,1469.3499755859375,1455.359375,11134
2017-10-06,1530.0,1763.199951171875,1530.0,1763.199951171875,1746.41162109375,628791
2017-10-09,1799.0,1811.699951171875,1715.0,1734.1500244140625,1717.63818359375,219865
2017-10-10,1733.0,1785.699951171875,1671.050048828125,1763.800048828125,1747.005859375,133073
2017-10-11,1763.0,1785.0,1685.0,1706.550048828125,1690.3009033203125,53559
2017-10-12,1706.0,1735.0,1674.550048828125,1687.9000244140625,1671.82861328125,21401
2017-10-13,1701.4000244140625,1775.0,1675.0,1706.199951171875,1689.9542236328125,88516
2017-10-16,1719.0,1735.0,1696.0,1724.300048828125,1707.8818359375,24054
2017-10-17,1725.0,1869.9000244140625,1711.550048828125,1738.300048828125,1721.7486572265625,397909
2017-10-18,1745.0999755859375,1784.0,1720.0,1746.5,1729.87060546875,44771
2017-10-19,1749.9000244140625,1759.8499755859375,1720.050048828125,1734.949951171875,1718.4306640625,12172
2017-10-23,1740.0,1752.0,1680.050048828125,1688.0,1671.927734375,29475
2017-10-24,1706.550048828125,1721.949951171875,1675.25,1684.8499755859375,1668.8076171875,18393
2017-10-25,1695.0,1704.8499755859375,1662.0,1679.0999755859375,1663.1123046875,15587
2017-10-26,1674.050048828125,1686.0,1645.8499755859375,1662.75,1646.91796875,12098
2017-10-27,1666.699951171875,1770.0,1656.300048828125,1709.800048828125,1693.52001953125,252052
2017-10-30,1711.3499755859375,1745.0,1702.0,1710.0,1693.718017578125,12525
2017-10-31,1720.0,1749.0,1684.4000244140625,1739.300048828125,1722.739013671875,36592
2017-11-01,1731.550048828125,1770.0,1724.050048828125,1730.050048828125,1713.577392578125,15033
2017-11-02,1736.0,1779.0,1710.0,1751.8499755859375,1735.1695556640625,22951
2017-11-03,1765.0,1769.75,1710.0,1750.300048828125,1733.6343994140625,14190
2017-11-06,1762.25,1780.0,1730.0,1740.3499755859375,1723.7789306640625,10896
2017-11-07,1758.449951171875,1769.699951171875,1704.050048828125,1714.050048828125,1697.7296142578125,15854
2017-11-08,1700.300048828125,1724.0,1683.0999755859375,1691.800048828125,1675.69140625,12067
2017-11-09,1699.9000244140625,1709.0,1689.050048828125,1694.5999755859375,1678.4647216796875,6188
2017-11-10,1695.0,1738.949951171875,1686.0,1727.4000244140625,1710.9525146484375,18487
2017-11-13,1730.0,1769.75,1712.199951171875,1734.699951171875,1718.182861328125,88906
2017-11-14,1744.5999755859375,1968.0,1730.0999755859375,1836.449951171875,1818.9639892578125,326818
2017-11-15,1842.8499755859375,1955.0,1812.0,1923.199951171875,1904.8880615234375,187118
2017-11-16,1923.199951171875,1980.0,1869.1500244140625,1953.5,1934.8995361328125,114569
2017-11-17,1969.9000244140625,1969.9000244140625,1873.25,1946.050048828125,1927.5206298828125,56053
2017-11-20,1946.4000244140625,2013.800048828125,1920.0999755859375,1972.949951171875,1954.164306640625,57771
2017-11-21,1958.8499755859375,2069.75,1958.8499755859375,2022.3499755859375,2003.09423828125,67639
2017-11-22,2030.0,2079.949951171875,1993.4000244140625,2005.0,1985.9091796875,34013
2017-11-23,2018.199951171875,2018.199951171875,1947.550048828125,1961.550048828125,1942.873046875,16049
2017-11-24,1976.0,1995.0,1960.0,1967.75,1949.0140380859375,40545
2017-11-27,1980.0,2028.949951171875,1970.0,1990.949951171875,1971.9930419921875,15072
2017-11-28,1973.9000244140625,2014.949951171875,1970.5,1975.3499755859375,1956.54150390625,10986
2017-11-29,1987.949951171875,2020.0,1964.0,1976.300048828125,1957.4825439453125,24432
2017-11-30,1976.300048828125,2031.0,1932.050048828125,1986.0,1967.0902099609375,41972
2017-12-01,1980.0,2064.0,1979.949951171875,2045.800048828125,2026.32080078125,41541
2017-12-04,2037.5,2055.550048828125,2008.5,2021.9000244140625,2002.6483154296875,7390
2017-12-05,2047.949951171875,2047.949951171875,1972.9000244140625,1993.8499755859375,1974.865478515625,9683
2017-12-06,1990.0,2005.199951171875,1960.0,1969.199951171875,1950.4501953125,8017
2017-12-07,1950.0,2030.0,1950.0,2012.800048828125,1993.6351318359375,10568
2017-12-08,2012.949951171875,2045.0,1982.5,1993.550048828125,1974.568359375,15103
2017-12-11,2000.0,2035.0,1990.199951171875,1999.8499755859375,1980.808349609375,13835
2017-12-12,2028.5,2028.5,2000.0,2000.0999755859375,1981.0557861328125,11163
2017-12-13,2024.0,2024.0,1988.0,2000.199951171875,1981.155029296875,8367
2017-12-14,2009.0,2009.0,1980.0,1986.449951171875,1967.5357666015625,8199
2017-12-15,2007.800048828125,2025.0,1990.050048828125,2010.8499755859375,1991.7034912109375,12362
2017-12-18,2015.0,2034.949951171875,1970.0,2000.199951171875,1981.155029296875,7417
2017-12-19,2001.25,2168.0,1990.0,2121.0,2100.804443359375,36539
2017-12-20,2132.10009765625,2220.0,2130.0,2184.75,2163.94775390625,59532
2017-12-21,2194.0,2274.0,2159.949951171875,2182.64990234375,2161.867431640625,46528
2017-12-22,2208.0,2275.0,2172.0,2234.89990234375,2213.6201171875,25546
2017-12-26,2250.0,2275.0,2240.14990234375,2251.5,2230.062255859375,17005
2017-12-27,2255.0,2255.0,2172.550048828125,2194.5,2173.60498046875,13625
2017-12-28,2219.85009765625,2219.85009765625,2121.300048828125,2137.10009765625,2116.751708984375,15891
2017-12-29,2136.0,2195.0,2131.64990234375,2141.85009765625,2121.456298828125,12941
2018-01-01,2158.699951171875,2186.949951171875,2130.0,2135.60009765625,2115.265625,7202
2018-01-02,2122.0,2151.39990234375,2081.199951171875,2094.199951171875,2074.260009765625,23591
2018-01-03,2125.550048828125,2139.0,2103.85009765625,2119.449951171875,2099.269287109375,5189
2018-01-04,2125.0,2174.949951171875,2064.39990234375,2142.5,2122.10009765625,11546
2018-01-05,2164.0,2164.0,2115.64990234375,2132.14990234375,2111.8486328125,13711
2018-01-08,2149.949951171875,2429.89990234375,2133.0,2350.35009765625,2327.970947265625,124009
2018-01-09,2373.949951171875,2373.949951171875,2256.14990234375,2282.949951171875,2261.212646484375,17440
2018-01-10,2297.800048828125,2348.800048828125,2251.0,2258.10009765625,2236.599365234375,11608
2018-01-11,2258.199951171875,2264.0,2233.0,2244.699951171875,2223.3271484375,88976
2018-01-12,2260.0,2260.0,2200.5,2241.85009765625,2220.504150390625,21241
2018-01-15,2255.0,2335.949951171875,2245.0,2260.199951171875,2238.67919921875,38965
2018-01-16,2260.14990234375,2298.0,2200.0,2207.949951171875,2186.927001953125,27028
2018-01-17,2212.0,2234.89990234375,2158.10009765625,2181.85009765625,2161.075439453125,9752
2018-01-18,2179.85009765625,2222.0,2179.85009765625,2201.39990234375,2180.439208984375,62363
2018-01-19,2210.0,2249.0,2195.050048828125,2219.300048828125,2198.1689453125,12135
2018-01-22,2214.949951171875,2229.85009765625,2192.89990234375,2200.60009765625,2179.64697265625,9050
2018-01-23,2222.0,2239.949951171875,2183.300048828125,2199.550048828125,2178.60693359375,50625
2018-01-24,2206.85009765625,2239.0,2170.0,2209.5,2188.462158203125,8069
2018-01-25,2213.0,2213.0,2170.0,2183.199951171875,2162.41259765625,6895
2018-01-29,2185.10009765625,2209.949951171875,2151.0,2167.0,2146.36669921875,7943
2018-01-30,2160.050048828125,2197.699951171875,2122.0,2136.300048828125,2115.959228515625,10270
2018-01-31,2120.0,2155.949951171875,2116.0,2128.35009765625,2108.08447265625,10798
2018-02-01,2128.0,2225.0,2045.050048828125,2062.25,2042.6141357421875,40921
2018-02-02,2050.10009765625,2159.89990234375,1969.0,2005.050048828125,1985.958740234375,29616
2018-02-05,1900.0,2088.0,1900.0,2043.75,2024.290283203125,25910
2018-02-06,1930.0,2040.0,1921.0,1971.5999755859375,1952.8271484375,42762
2018-02-07,1985.0,2041.9000244140625,1985.0,2003.25,1984.176025390625,12046
2018-02-08,2006.9000244140625,2149.0,2006.5,2080.89990234375,2061.08642578125,23524
2018-02-09,2000.0,2150.0,2000.0,2121.64990234375,2101.448486328125,20653
2018-02-12,2148.0,2267.0,2148.0,2226.050048828125,2204.854736328125,25419
2018-02-14,2202.449951171875,2257.89990234375,2165.0,2177.300048828125,2156.568603515625,7689
2018-02-15,2184.449951171875,2209.89990234375,2065.0,2082.39990234375,2062.572265625,44102
2018-02-16,2091.0,2108.699951171875,1972.199951171875,1991.8499755859375,1972.8843994140625,13828
2018-02-19,2000.0,2010.0,1964.0,2002.300048828125,1983.23486328125,6080
2018-02-20,2004.199951171875,2055.0,2004.199951171875,2027.800048828125,2008.492431640625,6818
2018-02-21,2034.800048828125,2054.449951171875,1994.449951171875,2002.699951171875,1983.631103515625,7715
2018-02-22,2006.550048828125,2032.0,1995.0,2014.9000244140625,1995.7149658203125,5149
2018-02-23,2005.0,2052.5,2004.1500244140625,2026.6500244140625,2007.35302734375,5794
2018-02-26,2049.949951171875,2098.300048828125,2030.300048828125,2056.300048828125,2036.7208251953125,5284
2018-02-27,2065.60009765625,2079.0,2030.0,2044.4000244140625,2024.9342041015625,5520
2018-02-28,2048.449951171875,2065.0,2011.3499755859375,2037.0,2017.6046142578125,5238
2018-03-01,2026.0,2061.85009765625,2012.300048828125,2046.199951171875,2026.7169189453125,12631
2018-03-05,2040.0,2106.0,2015.0,2080.39990234375,2060.59130859375,20310
2018-03-06,2108.0,2134.949951171875,2005.5,2036.199951171875,2016.8121337890625,8479
2018-03-07,2013.0,2065.0,1987.0,1994.25,1975.26171875,7253
2018-03-08,2020.0,2080.0,1971.0999755859375,2052.64990234375,2033.10546875,28109
2018-03-09,2071.10009765625,2149.0,2036.0999755859375,2060.5,2040.8807373046875,24003
2018-03-12,2082.0,2099.949951171875,2059.800048828125,2083.89990234375,2064.057861328125,6023
2018-03-13,2092.199951171875,2092.199951171875,2036.0,2040.6500244140625,2021.2198486328125,8700
2018-03-14,2040.0,2079.0,2021.300048828125,2065.800048828125,2046.1304931640625,6056
2018-03-15,2050.5,2080.0,2033.0,2042.8499755859375,2023.39892578125,2538
2018-03-16,2043.0,2070.800048828125,2006.0,2016.5,1997.2996826171875,10146
2018-03-19,2021.550048828125,2039.75,1976.199951171875,1992.4000244140625,1973.42919921875,10500
2018-03-20,2010.0,2010.0,1975.25,1982.699951171875,1963.8216552734375,6043
2018-03-21,1989.8499755859375,2009.25,1961.800048828125,1985.4000244140625,1966.495849609375,12644
2018-03-22,1975.449951171875,1999.800048828125,1955.3499755859375,1981.9000244140625,1963.029296875,15858
2018-03-23,1950.0,1984.9000244140625,1925.0,1962.5999755859375,1943.9129638671875,12770
2018-03-26,1960.0,1960.0,1900.0,1919.5999755859375,1901.322509765625,13778
2018-03-27,1938.6500244140625,1999.0,1907.550048828125,1974.800048828125,1955.9969482421875,27887
2018-03-28,1992.5,1992.5,1911.199951171875,1923.3499755859375,1905.0367431640625,22742
2018-04-02,1946.0,1955.0,1917.6500244140625,1947.3499755859375,1928.80810546875,11051
2018-04-03,1947.3499755859375,2000.0,1934.5,1992.6500244140625,1973.6768798828125,15761
2018-04-04,1991.449951171875,2027.800048828125,1950.5999755859375,1963.0,1944.30908203125,9879
2018-04-05,1988.0,2055.0,1988.0,2022.4000244140625,2003.1436767578125,14445
2018-04-06,2030.0,2040.0,2002.0,2028.699951171875,2009.3834228515625,3667
2018-04-09,2018.1500244140625,2044.0,1991.050048828125,1997.949951171875,1978.926513671875,5336
2018-04-10,2010.4000244140625,2015.0,1975.0,1985.6500244140625,1966.7435302734375,4741
2018-04-11,1990.0,1995.0,1974.0,1983.9000244140625,1965.01025390625,3000
2018-04-12,1984.0,2014.300048828125,1977.8499755859375,1989.6500244140625,1970.7054443359375,4454
2018-04-13,1988.050048828125,2023.949951171875,1965.5,1994.550048828125,1975.5587158203125,11130
2018-04-16,1994.550048828125,2049.0,1993.699951171875,2007.8499755859375,1988.7320556640625,7517
2018-04-17,2014.1500244140625,2047.75,2008.0,2038.5,2019.0902099609375,4135
2018-04-18,2046.300048828125,2049.0,2001.0,2014.4000244140625,1995.2197265625,3746
2018-04-19,2014.449951171875,2149.5,2012.0,2097.10009765625,2077.13232421875,28775
2018-04-20,2110.199951171875,2155.949951171875,2069.39990234375,2084.60009765625,2064.75146484375,8364
2018-04-23,2088.60009765625,2143.0,2053.449951171875,2067.550048828125,2047.8636474609375,5386
2018-04-24,2092.0,2092.0,2040.050048828125,2049.550048828125,2030.03515625,3686
2018-04-25,2054.60009765625,2062.800048828125,1955.5,1975.199951171875,1956.39306640625,11151
2018-04-26,1976.0,2016.5,1960.0,1979.3499755859375,1960.50341796875,6097
2018-04-27,2002.4000244140625,2081.699951171875,1985.0,2057.300048828125,2037.7115478515625,21947
2018-04-30,2118.0,2145.0,2076.550048828125,2137.050048828125,2116.701904296875,16279
2018-05-02,2178.0,2214.89990234375,2137.050048828125,2170.550048828125,2149.8828125,18355
2018-05-03,2179.199951171875,2200.0,2121.10009765625,2131.75,2111.4521484375,8990
2018-05-04,2141.14990234375,2209.699951171875,2135.0,2178.949951171875,2158.202880859375,26870
2018-05-07,2052.0,2182.0,2011.0,2129.35009765625,2109.0751953125,41387
2018-05-08,2139.0,2181.300048828125,2090.0,2117.550048828125,2097.387451171875,10826
2018-05-09,2082.5,2129.800048828125,2056.449951171875,2077.300048828125,2057.520751953125,8469
2018-05-10,2077.300048828125,2079.949951171875,1992.050048828125,1999.9000244140625,1980.8577880859375,7046
2018-05-11,2029.0,2035.0,1960.0,1970.699951171875,1951.935791015625,17204
2018-05-14,2017.0,2017.0,1931.0,1948.6500244140625,1930.0958251953125,9963
2018-05-15,1950.0,1994.800048828125,1890.0,1898.199951171875,1880.126220703125,12477
2018-05-16,1907.199951171875,1985.0,1899.050048828125,1972.3499755859375,1953.5701904296875,15862
2018-05-17,1980.0,2055.60009765625,1975.0,2044.949951171875,2025.4788818359375,19230
2018-05-18,2042.0,2085.199951171875,2025.0,2043.25,2023.795166015625,5822
2018-05-21,2040.050048828125,2062.550048828125,1991.0,2044.449951171875,2024.9835205078125,8981
2018-05-22,2040.6500244140625,2040.6500244140625,1968.0,1976.550048828125,1957.7301025390625,9165
2018-05-23,1969.949951171875,2004.0,1936.1500244140625,1950.300048828125,1931.7301025390625,4500
2018-05-24,1957.8499755859375,1999.699951171875,1942.1500244140625,1981.949951171875,1963.0787353515625,4552
2018-05-25,1998.050048828125,2020.949951171875,1981.0999755859375,2003.5,1984.4234619140625,5865
2018-05-28,1993.800048828125,2004.449951171875,1990.550048828125,1995.9000244140625,1976.89599609375,23300
2018-05-29,2019.0,2050.0,1996.1500244140625,2018.75,1999.5283203125,10653
2018-05-30,2014.949951171875,2040.0,1972.0999755859375,1981.449951171875,1962.58349609375,6815
2018-05-31,1996.5999755859375,2058.550048828125,1981.0,2027.199951171875,2007.897705078125,11351
2018-06-01,2050.0,2050.0,1996.9000244140625,2007.0999755859375,1987.9891357421875,4952
2018-06-04,2032.199951171875,2032.199951171875,1981.0,1992.300048828125,1973.330322265625,2655
2018-06-05,1963.9000244140625,1992.300048828125,1915.0,1925.800048828125,1907.4635009765625,6775
2018-06-06,1915.0,1953.5999755859375,1915.0,1920.9000244140625,1902.6099853515625,13264
2018-06-07,1937.0,2018.0,1933.9000244140625,2003.25,1984.176025390625,71167
2018-06-08,2025.0,2035.0,2004.0,2012.550048828125,1993.387451171875,2940
2018-06-11,2028.949951171875,2054.35009765625,2016.0,2043.800048828125,2024.33984375,5118
2018-06-12,2043.8499755859375,2045.0,2000.0,2012.300048828125,1993.1397705078125,7184
2018-06-13,2033.0,2049.0,2001.0,2020.300048828125,2001.063720703125,57996
2018-06-14,2021.050048828125,2024.5999755859375,1990.5999755859375,2000.449951171875,1981.4024658203125,3127
2018-06-15,2027.699951171875,2034.0,2004.4000244140625,2028.6500244140625,2009.3341064453125,2342
2018-06-18,2028.75,2047.1500244140625,1987.0,2001.75,1982.690185546875,4896
2018-06-19,2007.0,2031.0,1978.199951171875,2014.6500244140625,1995.467529296875,4955
2018-06-20,2025.0,2025.0,1970.199951171875,1979.050048828125,1960.206298828125,2447
2018-06-21,1979.199951171875,1993.8499755859375,1949.050048828125,1957.5,1938.861572265625,2844
2018-06-22,1973.1500244140625,1974.0,1942.0,1961.8499755859375,1943.1700439453125,2212
2018-06-25,1959.25,1987.9000244140625,1901.0,1938.6500244140625,1920.19091796875,157202
2018-06-26,1942.5,1967.0,1940.0999755859375,1960.4000244140625,1941.7340087890625,5220
2018-06-27,1957.4000244140625,1962.699951171875,1891.050048828125,1907.0,1888.8424072265625,10899
2018-06-28,1907.050048828125,1907.050048828125,1860.0,1869.449951171875,1851.64990234375,3781
2018-06-29,1886.25,1974.0,1847.0,1948.300048828125,1929.749267578125,28488
2018-07-02,1948.199951171875,1948.25,1901.0,1907.800048828125,1889.6348876953125,2099
2018-07-03,1923.0,1923.199951171875,1882.0,1892.0,1873.9852294921875,2425
2018-07-04,1891.949951171875,1960.0,1891.949951171875,1942.75,1924.251953125,19085
2018-07-05,1958.0,1959.550048828125,1900.0,1903.949951171875,1885.8212890625,3395
2018-07-06,1916.6500244140625,1928.199951171875,1894.550048828125,1910.8499755859375,1892.6556396484375,2398
2018-07-09,1941.0,1941.0,1885.0,1894.25,1876.2138671875,5177
2018-07-10,1892.1500244140625,1928.0,1892.0999755859375,1908.699951171875,1890.5262451171875,2864
2018-07-11,1906.0,1920.0,1885.0,1890.449951171875,1872.4498291015625,1508
2018-07-12,1909.0,1910.0,1890.050048828125,1899.3499755859375,1881.26513671875,1610
2018-07-13,1917.949951171875,1917.949951171875,1868.0,1878.449951171875,1860.564208984375,3806
2018-07-16,1906.5,1906.5,1852.449951171875,1880.5,1862.5947265625,5241
2018-07-17,1855.0999755859375,1906.949951171875,1855.050048828125,1888.8499755859375,1870.865234375,2474
2018-07-18,1890.0999755859375,1905.0,1852.25,1859.0999755859375,1841.3984375,2376
2018-07-19,1856.050048828125,1863.9000244140625,1818.0999755859375,1827.449951171875,1810.0498046875,2550
2018-07-20,1801.050048828125,1844.5999755859375,1745.0,1762.050048828125,1745.2725830078125,8176
2018-07-23,1788.449951171875,1800.0,1742.25,1748.3499755859375,1731.702880859375,3313
2018-07-24,1750.050048828125,1794.0,1729.050048828125,1734.3499755859375,1717.836181640625,9190
2018-07-25,1753.0,1753.0,1710.3499755859375,1732.1500244140625,1715.6572265625,4092
2018-07-26,1732.25,1747.699951171875,1718.0,1731.800048828125,1718.2864990234375,7572
2018-07-27,1735.449951171875,1809.75,1735.449951171875,1798.0999755859375,1784.0692138671875,12064
2018-07-30,1809.0,1840.0,1746.1500244140625,1757.3499755859375,1743.63720703125,9397
2018-07-31,1764.949951171875,1985.0,1764.949951171875,1937.75,1922.62939453125,86689
2018-08-01,1930.0,1935.0,1872.25,1895.25,1880.4610595703125,42292
2018-08-02,1881.25,1988.0,1860.0,1951.25,1936.024169921875,34726
2018-08-03,1951.25,1975.949951171875,1938.0,1950.3499755859375,1935.131103515625,7713
2018-08-06,1992.0,1992.0,1940.0999755859375,1950.5999755859375,1935.3792724609375,5778
2018-08-07,1945.0,2135.0,1942.449951171875,2029.0,2013.16748046875,49332
2018-08-08,2031.1500244140625,2103.949951171875,2019.199951171875,2040.0,2024.08154296875,12538
2018-08-09,2051.800048828125,2075.199951171875,2038.0,2044.449951171875,2028.4967041015625,7121
2018-08-10,2058.60009765625,2058.60009765625,1957.25,1968.050048828125,1952.6929931640625,7549
2018-08-13,1968.050048828125,1980.0,1925.6500244140625,1945.1500244140625,1929.971923828125,13264
2018-08-14,1945.1500244140625,2013.949951171875,1939.949951171875,1956.199951171875,1940.935546875,10900
2018-08-16,1964.949951171875,1971.8499755859375,1935.0,1947.0999755859375,1931.906494140625,12075
2018-08-17,1974.800048828125,2023.0,1945.8499755859375,1969.199951171875,1953.833984375,10076
2018-08-20,1972.0,2011.800048828125,1961.199951171875,1971.3499755859375,1955.9671630859375,4056
2018-08-21,1971.3499755859375,1985.050048828125,1948.0999755859375,1950.5999755859375,1935.3792724609375,6714
2018-08-23,1976.0,2010.0,1945.8499755859375,1973.949951171875,1958.5469970703125,6732
2018-08-24,1972.3499755859375,2045.0,1962.25,1978.699951171875,1963.259765625,14246
2018-08-27,1998.0,2028.949951171875,1946.449951171875,1960.050048828125,1944.7554931640625,5707
2018-08-28,1981.6500244140625,2019.0,1910.550048828125,1932.5,1917.42041015625,22704
2018-08-29,1932.0,1970.0,1925.0,1958.8499755859375,1943.5648193359375,6786
2018-08-30,1955.0999755859375,1970.0,1940.0,1964.25,1948.9227294921875,3360
2018-08-31,1960.050048828125,1998.0,1938.0,1963.25,1947.930419921875,12800
2018-09-03,1963.25,1986.0,1930.0,1947.3499755859375,1932.154541015625,5223
2018-09-04,1947.3499755859375,1955.0,1901.6500244140625,1947.25,1932.0552978515625,22276
2018-09-05,1947.25,1960.0,1930.5999755859375,1955.3499755859375,1940.092041015625,8850
2018-09-06,1952.4000244140625,1972.0,1931.050048828125,1953.699951171875,1938.455078125,7264
2018-09-07,1948.550048828125,1966.199951171875,1919.0,1930.25,1915.18798828125,2940
2018-09-10,1920.0,1949.5999755859375,1890.0999755859375,1930.4000244140625,1915.3367919921875,12442
2018-09-11,1935.050048828125,1954.0,1880.9000244140625,1894.8499755859375,1880.064208984375,4165
2018-09-12,1895.0,1930.25,1871.1500244140625,1881.6500244140625,1866.96728515625,8363
2018-09-14,1885.0,1921.949951171875,1885.0,1914.550048828125,1899.610595703125,5056
2018-09-17,1915.0999755859375,1932.5,1866.800048828125,1881.699951171875,1867.016845703125,5618
2018-09-18,1862.550048828125,1909.0,1842.8499755859375,1849.9000244140625,1835.4649658203125,2816
2018-09-19,1864.949951171875,1897.800048828125,1852.550048828125,1856.3499755859375,1841.8646240234375,5682
2018-09-21,1877.9000244140625,1877.9000244140625,1779.800048828125,1829.5,1815.22412109375,7971
2018-09-24,1802.6500244140625,1861.75,1800.0,1805.449951171875,1791.3616943359375,5135
2018-09-25,1800.0,1839.949951171875,1787.6500244140625,1791.050048828125,1777.0743408203125,6140
2018-09-26,1809.0,1835.300048828125,1772.199951171875,1785.949951171875,1772.0140380859375,3442
2018-09-27,1790.0999755859375,1814.0,1762.199951171875,1782.25,1768.3428955078125,5826
2018-09-28,1770.300048828125,1899.0,1763.4000244140625,1868.0999755859375,1853.52294921875,25378
2018-10-01,1853.800048828125,1875.0,1788.75,1828.8499755859375,1814.5792236328125,7916
2018-10-03,1805.8499755859375,1849.0,1790.0,1807.75,1793.6439208984375,2766
2018-10-04,1780.0,1798.949951171875,1725.0,1743.0,1729.3990478515625,6812
2018-10-05,1743.0,1744.949951171875,1650.0,1663.949951171875,1650.9659423828125,7528
2018-10-08,1667.0,1681.0,1600.0,1613.199951171875,1600.6119384765625,7009
2018-10-09,1620.0,1640.0,1592.050048828125,1630.800048828125,1618.07470703125,3763
2018-10-10,1625.0,1708.0,1609.3499755859375,1669.6500244140625,1656.6214599609375,13237
2018-10-11,1644.6500244140625,1705.050048828125,1616.0,1663.0999755859375,1650.12255859375,2980
2018-10-12,1696.949951171875,1709.0,1654.449951171875,1699.800048828125,1686.5362548828125,17652
2018-10-15,1740.0,1740.050048828125,1676.199951171875,1690.449951171875,1677.2591552734375,3190
2018-10-16,1710.0999755859375,1729.949951171875,1671.0,1687.75,1674.580322265625,2192
2018-10-17,1720.0,1720.0,1658.0,1665.449951171875,1652.4542236328125,11518
2018-10-19,1655.050048828125,1698.0,1620.0,1690.300048828125,1677.1103515625,4798
2018-10-22,1697.8499755859375,1697.8499755859375,1637.4000244140625,1649.449951171875,1636.5791015625,2926
2018-10-23,1649.9000244140625,1649.9000244140625,1610.0,1625.3499755859375,1612.6671142578125,2168
2018-10-24,1624.25,1678.0,1624.25,1669.3499755859375,1656.3238525390625,1488
2018-10-25,1666.949951171875,1669.800048828125,1629.0999755859375,1635.300048828125,1622.5396728515625,2269
2018-10-26,1627.5,1746.75,1621.0,1672.9000244140625,1659.84619140625,6401
2018-10-29,1602.300048828125,1667.949951171875,1602.300048828125,1642.75,1629.9312744140625,5438
2018-10-30,1655.0,1725.0,1590.0999755859375,1656.0,1643.077880859375,51782
2018-10-31,1667.0,1690.0,1650.0,1664.5,1651.51171875,7534
2018-11-01,1653.3499755859375,1699.0,1650.0,1650.5999755859375,1637.72021484375,3594
2018-11-02,1660.050048828125,1690.0,1582.199951171875,1601.0,1588.5072021484375,16738
2018-11-05,1645.0,1645.0,1600.0,1618.550048828125,1605.9202880859375,3539
2018-11-06,1629.550048828125,1641.800048828125,1567.949951171875,1585.3499755859375,1572.979248046875,4941
2018-11-07,1629.0,1629.0,1601.0,1615.0999755859375,1602.4971923828125,1623
2018-11-09,1639.0,1639.0,1611.0,1619.449951171875,1606.8131103515625,32340
2018-11-12,1628.9000244140625,1639.0,1590.0,1597.5,1585.034423828125,3462
2018-11-13,1621.0,1621.0,1587.0,1595.800048828125,1583.34765625,2865
2018-11-14,1595.800048828125,1603.9000244140625,1585.0,1591.5,1579.081298828125,2464
2018-11-15,1590.949951171875,1604.0,1544.0,1557.25,1545.0986328125,5188
2018-11-16,1560.0,1576.699951171875,1525.050048828125,1534.699951171875,1522.724609375,9297
2018-11-19,1534.949951171875,1562.3499755859375,1534.949951171875,1554.5999755859375,1542.46923828125,4846
2018-11-20,1554.550048828125,1584.949951171875,1548.0999755859375,1562.949951171875,1550.7540283203125,4742
2018-11-21,1564.800048828125,1580.0,1538.0,1548.5999755859375,1536.51611328125,2062
2018-11-22,1556.949951171875,1561.25,1525.0,1529.199951171875,1517.267333984375,2643
2018-11-26,1536.8499755859375,1568.0,1518.0,1553.050048828125,1540.931396484375,5564
2018-11-27,1553.050048828125,1559.0,1500.0999755859375,1537.4000244140625,1525.403564453125,9572
2018-11-28,1555.0,1558.0,1517.4000244140625,1526.25,1514.3404541015625,3606
2018-11-29,1525.0,1640.0,1525.0,1609.8499755859375,1597.2880859375,9791
2018-11-30,1612.0,1630.0,1565.050048828125,1588.4000244140625,1576.0054931640625,14678
2018-12-03,1593.449951171875,1611.1500244140625,1553.0,1578.75,1566.4307861328125,4060
2018-12-04,1585.050048828125,1595.0,1525.0,1536.6500244140625,1524.6593017578125,11006
2018-12-05,1525.5,1548.0,1510.300048828125,1523.3499755859375,1511.4630126953125,4926
2018-12-06,1516.0,1575.0,1511.5,1564.199951171875,1551.9942626953125,7407
2018-12-07,1564.199951171875,1564.199951171875,1520.0,1531.550048828125,1519.5992431640625,5183
2018-12-10,1503.4000244140625,1540.8499755859375,1503.4000244140625,1534.699951171875,1522.724609375,8581
2018-12-11,1531.75,1564.75,1512.1500244140625,1543.1500244140625,1531.1085205078125,1760
2018-12-12,1558.949951171875,1600.0,1535.5,1589.449951171875,1577.0472412109375,5444
2018-12-13,1590.050048828125,1608.0,1570.0,1597.8499755859375,1585.3817138671875,5956
2018-12-14,1606.6500244140625,1606.949951171875,1564.5,1588.199951171875,1575.8070068359375,6661
2018-12-17,1564.449951171875,1609.5,1561.0,1568.699951171875,1556.459228515625,2115
2018-12-18,1568.9000244140625,1605.0,1555.050048828125,1589.199951171875,1576.79931640625,4919
2018-12-19,1578.0,1602.050048828125,1571.5,1587.9000244140625,1575.5093994140625,14237
2018-12-20,1581.6500244140625,1603.550048828125,1576.0,1589.6500244140625,1577.2457275390625,8814
2018-12-21,1584.25,1600.0,1562.050048828125,1595.550048828125,1583.0997314453125,12265
2018-12-24,1564.0,1600.0,1564.0,1586.5,1574.120361328125,6589
2018-12-26,1602.9000244140625,1602.9000244140625,1551.1500244140625,1585.4000244140625,1573.0289306640625,7021
2018-12-27,1575.050048828125,1603.0,1543.0,1566.3499755859375,1554.12744140625,15928
2018-12-28,1579.699951171875,1624.0,1555.0,1601.550048828125,1589.052978515625,16582
2018-12-31,1578.0,1603.699951171875,1520.5,1539.449951171875,1527.4373779296875,35478
2019-01-01,1540.0,1568.0,1526.300048828125,1550.300048828125,1538.2027587890625,7328
2019-01-02,1547.3499755859375,1549.75,1525.0,1534.4000244140625,1522.4267578125,7273
2019-01-03,1534.0,1564.5,1515.0999755859375,1556.949951171875,1544.8006591796875,13056
2019-01-04,1550.0,1556.949951171875,1530.050048828125,1543.800048828125,1531.7535400390625,6428
2019-01-07,1540.050048828125,1549.0,1530.0,1535.449951171875,1523.468505859375,2263
2019-01-08,1531.0,1545.1500244140625,1515.0999755859375,1519.550048828125,1507.6927490234375,10543
2019-01-09,1538.949951171875,1539.0,1515.0,1517.3499755859375,1505.5098876953125,3529
2019-01-10,1517.0,1530.0,1517.0,1518.550048828125,1506.7005615234375,2562
2019-01-11,1520.050048828125,1527.699951171875,1500.0,1503.449951171875,1491.71826171875,4472
2019-01-14,1518.949951171875,1525.949951171875,1500.0,1500.199951171875,1488.49365234375,54025
2019-01-15,1501.4000244140625,1523.699951171875,1501.4000244140625,1509.8499755859375,1498.0684814453125,5808
2019-01-16,1516.800048828125,1556.0,1513.75,1547.4000244140625,1535.3253173828125,11752
2019-01-17,1546.949951171875,1555.0,1505.300048828125,1513.050048828125,1501.243408203125,12300
2019-01-18,1525.0,1544.0,1507.0,1512.9000244140625,1501.0946044921875,4207
2019-01-21,1539.0,1539.0,1501.0,1506.949951171875,1495.19091796875,4625
2019-01-22,1508.050048828125,1529.25,1499.1500244140625,1523.3499755859375,1511.4630126953125,6782
2019-01-23,1523.3499755859375,1539.0,1448.0,1470.1500244140625,1458.67822265625,59730
2019-01-24,1465.0,1465.050048828125,1391.5,1407.9000244140625,1396.9139404296875,18573
2019-01-25,1412.9000244140625,1424.699951171875,1360.0999755859375,1370.1500244140625,1359.45849609375,8434
2019-01-28,1390.0,1394.0,1334.9000244140625,1351.800048828125,1341.2518310546875,31347
2019-01-29,1350.0,1372.4000244140625,1332.050048828125,1340.949951171875,1330.486328125,3974
2019-01-30,1339.1500244140625,1369.800048828125,1335.25,1355.5999755859375,1345.02197265625,5801
2019-01-31,1335.449951171875,1379.0,1332.0999755859375,1352.699951171875,1342.14453125,12835
2019-02-01,1343.050048828125,1365.0,1340.0,1347.5999755859375,1337.08447265625,3474
2019-02-04,1357.0,1380.0,1345.699951171875,1365.550048828125,1354.8944091796875,4961
2019-02-05,1370.050048828125,1380.1500244140625,1320.0,1327.0999755859375,1316.7445068359375,7217
2019-02-06,1327.050048828125,1349.699951171875,1300.0,1311.9000244140625,1301.6632080078125,8198
2019-02-07,1318.949951171875,1343.75,1315.699951171875,1338.75,1328.303466796875,9786
2019-02-08,1343.699951171875,1349.050048828125,1325.050048828125,1339.1500244140625,1328.7003173828125,2014
2019-02-11,1360.0,1360.0,1285.0999755859375,1291.8499755859375,1281.76953125,4756
2019-02-12,1309.0,1310.949951171875,1261.0,1272.699951171875,1262.7689208984375,7690
2019-02-14,1260.9000244140625,1285.0,1238.5999755859375,1261.4000244140625,1251.55712890625,7440
2019-02-15,1242.75,1264.550048828125,1197.550048828125,1206.6500244140625,1197.234375,15452
2019-02-18,1208.0,1249.8499755859375,1188.0,1221.0999755859375,1211.571533203125,12342
2019-02-19,1219.949951171875,1244.0,1194.199951171875,1198.8499755859375,1189.4951171875,5654
2019-02-20,1224.9000244140625,1224.9000244140625,1176.050048828125,1199.6500244140625,1190.2889404296875,11453
2019-02-21,1199.6500244140625,1299.0,1199.6500244140625,1284.1500244140625,1274.129638671875,28091
2019-02-22,1296.800048828125,1341.0,1267.0,1317.5,1307.219482421875,9883
2019-02-25,1336.9000244140625,1340.0,1290.0999755859375,1305.699951171875,1295.5113525390625,6122
2019-02-26,1292.0,1304.0,1268.300048828125,1281.3499755859375,1271.351318359375,11379
2019-02-27,1281.699951171875,1310.0,1263.8499755859375,1295.5,1285.390869140625,7550
2019-02-28,1298.800048828125,1349.0,1298.800048828125,1319.199951171875,1308.9061279296875,27847
2019-03-01,1325.0,1355.0,1305.75,1331.25,1320.8621826171875,17486
2019-03-05,1351.199951171875,1419.949951171875,1329.0999755859375,1389.550048828125,1378.7071533203125,12887
2019-03-06,1403.0,1433.4000244140625,1400.0,1411.3499755859375,1400.3369140625,7657
2019-03-07,1425.5,1463.0,1390.0999755859375,1425.699951171875,1414.574951171875,8082
2019-03-08,1411.0,1443.1500244140625,1352.5999755859375,1384.0,1373.2003173828125,14007
2019-03-11,1395.0,1448.5,1375.0,1428.199951171875,1417.055419921875,10049
2019-03-12,1440.4000244140625,1445.75,1414.949951171875,1431.25,1420.081787109375,8451
2019-03-13,1437.0,1481.0999755859375,1427.550048828125,1472.6500244140625,1461.15869140625,12058
2019-03-14,1482.199951171875,1486.0,1420.0,1431.550048828125,1420.37939453125,7536
2019-03-15,1432.050048828125,1432.800048828125,1374.050048828125,1390.800048828125,1379.947509765625,64976
2019-03-18,1395.050048828125,1425.0,1359.949951171875,1379.5999755859375,1368.834716796875,10490
2019-03-19,1379.0999755859375,1403.25,1360.0,1364.3499755859375,1353.7037353515625,7037
2019-03-20,1373.5999755859375,1375.0,1344.949951171875,1350.6500244140625,1340.11083984375,6506
2019-03-22,1370.0,1426.0,1344.300048828125,1404.0999755859375,1393.1436767578125,10692
2019-03-25,1388.0999755859375,1468.0,1388.0999755859375,1452.5,1441.166015625,33039
2019-03-26,1460.0,1500.0,1432.25,1462.1500244140625,1450.74072265625,18297
2019-03-27,1470.0,1473.8499755859375,1398.75,1441.550048828125,1430.3013916015625,41955
2019-03-28,1448.0,1499.0,1420.300048828125,1481.75,1470.187744140625,12331
2019-04-01,1494.050048828125,1494.050048828125,1425.0,1431.75,1420.5777587890625,16763
2019-04-02,1435.0999755859375,1446.199951171875,1426.0,1433.949951171875,1422.7607421875,5380
2019-04-03,1439.0,1448.75,1401.0999755859375,1408.5999755859375,1397.6085205078125,4485
2019-04-04,1410.0,1429.6500244140625,1375.0,1413.5999755859375,1402.5694580078125,11647
2019-04-05,1419.449951171875,1421.0,1388.0,1411.550048828125,1400.5355224609375,14402
2019-04-08,1433.0,1433.0,1372.25,1379.25,1368.487548828125,8970
2019-04-09,1398.0,1415.0,1356.3499755859375,1395.050048828125,1384.1641845703125,9910
2019-04-10,1392.0999755859375,1415.5999755859375,1391.0,1398.9000244140625,1387.9842529296875,10114
2019-04-11,1395.8499755859375,1400.0,1377.050048828125,1389.3499755859375,1378.5086669921875,12013
2019-04-12,1388.949951171875,1403.0,1375.050048828125,1395.8499755859375,1384.9580078125,12890
2019-04-15,1382.050048828125,1405.0,1376.199951171875,1385.25,1374.440673828125,10781
2019-04-16,1385.3499755859375,1395.699951171875,1375.5999755859375,1382.9000244140625,1372.1090087890625,3552
2019-04-18,1378.8499755859375,1391.0,1368.0,1373.1500244140625,1362.4351806640625,8576
2019-04-22,1387.949951171875,1400.0,1361.6500244140625,1393.1500244140625,1382.2789306640625,21752
2019-04-23,1406.0,1406.0,1379.25,1385.75,1374.9368896484375,7445
2019-04-24,1389.949951171875,1392.0,1365.0999755859375,1369.699951171875,1359.011962890625,8944
2019-04-25,1365.0999755859375,1379.0999755859375,1345.5999755859375,1351.949951171875,1341.4005126953125,5574
2019-04-26,1359.949951171875,1364.199951171875,1322.0999755859375,1328.699951171875,1318.3319091796875,5089
2019-04-30,1308.25,1389.949951171875,1308.25,1363.5,1352.8603515625,47544
2019-05-02,1360.050048828125,1383.0,1344.050048828125,1378.8499755859375,1368.0906982421875,14083
2019-05-03,1372.5999755859375,1375.699951171875,1345.0,1352.199951171875,1341.6485595703125,91379
2019-05-06,1350.0,1364.75,1306.0,1313.199951171875,1302.952880859375,3916
2019-05-07,1321.0,1331.8499755859375,1283.4000244140625,1292.949951171875,1282.86083984375,5891
2019-05-08,1300.0,1300.050048828125,1242.0,1256.0999755859375,1246.29833984375,5053
2019-05-09,1260.0,1268.199951171875,1242.0,1253.5999755859375,1243.8179931640625,2500
2019-05-10,1241.0,1265.800048828125,1241.0,1251.1500244140625,1241.38720703125,2617
2019-05-13,1244.699951171875,1284.1500244140625,1221.3499755859375,1245.449951171875,1235.7314453125,3062
2019-05-14,1232.449951171875,1260.0,1210.0,1221.0,1211.4722900390625,4381
2019-05-15,1221.0,1225.3499755859375,1183.300048828125,1191.3499755859375,1182.0537109375,6956
2019-05-16,1191.3499755859375,1235.699951171875,1191.3499755859375,1226.8499755859375,1217.2764892578125,3180
2019-05-17,1244.8499755859375,1248.949951171875,1223.8499755859375,1238.699951171875,1229.0341796875,3163
2019-05-20,1250.0,1349.300048828125,1238.0,1309.199951171875,1298.9840087890625,13757
2019-05-21,1332.949951171875,1332.949951171875,1270.0,1278.6500244140625,1268.672607421875,6354
2019-05-22,1260.0,1323.0,1260.0,1312.699951171875,1302.456787109375,4478
2019-05-23,1312.6500244140625,1340.0999755859375,1291.1500244140625,1315.25,1304.9869384765625,9978
2019-05-24,1329.8499755859375,1334.0,1310.0,1323.199951171875,1312.8748779296875,3450
2019-05-27,1330.0,1370.0,1330.0,1356.550048828125,1345.964599609375,3732
2019-05-28,1365.0999755859375,1421.0,1355.0,1403.300048828125,1392.349853515625,37286
2019-05-29,1410.0,1410.0,1386.8499755859375,1393.4000244140625,1382.527099609375,3983
2019-05-30,1404.0,1407.699951171875,1390.0,1393.300048828125,1382.427978515625,11488
2019-05-31,1399.949951171875,1408.0,1380.0,1383.300048828125,1372.5059814453125,9734
2019-06-03,1375.0,1390.0,1360.0,1373.4000244140625,1362.6832275390625,5356
2019-06-04,1387.3499755859375,1387.3499755859375,1360.0,1362.4000244140625,1351.76904296875,2501
2019-06-06,1378.25,1378.300048828125,1315.0,1323.550048828125,1313.2222900390625,3151
2019-06-07,1340.0,1340.0,1301.5,1329.5999755859375,1319.224853515625,3012
2019-06-10,1335.199951171875,1350.8499755859375,1318.0,1340.8499755859375,1330.38720703125,2706
2019-06-11,1340.8499755859375,1407.5,1338.8499755859375,1385.3499755859375,1374.5399169921875,22332
2019-06-12,1392.0,1472.949951171875,1390.0999755859375,1404.8499755859375,1393.8876953125,47386
2019-06-13,1429.949951171875,1429.949951171875,1377.9000244140625,1389.75,1378.9056396484375,5816
2019-06-14,1372.0,1400.949951171875,1348.9000244140625,1360.050048828125,1349.4373779296875,12608
2019-06-17,1365.0999755859375,1383.8499755859375,1343.300048828125,1358.25,1347.6513671875,4282
2019-06-18,1357.949951171875,1373.0,1331.0,1339.0,1328.5516357421875,4364
2019-06-19,1338.949951171875,1368.0,1310.0,1318.1500244140625,1307.8643798828125,10436
2019-06-20,1321.1500244140625,1340.0,1301.0,1313.550048828125,1303.30029296875,18256
2019-06-21,1311.050048828125,1347.0,1310.0,1336.4000244140625,1325.971923828125,6057
2019-06-24,1376.0,1376.0,1320.0,1332.3499755859375,1321.9534912109375,3575
2019-06-25,1335.5999755859375,1346.0,1311.0,1317.6500244140625,1307.3681640625,4831
2019-06-26,1301.0,1334.1500244140625,1301.0,1318.449951171875,1308.161865234375,3736
2019-06-27,1312.0,1330.0,1304.0,1323.75,1313.420654296875,9659
2019-06-28,1323.800048828125,1356.0,1310.0999755859375,1345.3499755859375,1334.8519287109375,9924
2019-07-01,1340.1500244140625,1347.9000244140625,1310.0,1316.550048828125,1306.27685546875,5211
2019-07-02,1329.0,1329.0,1311.6500244140625,1316.699951171875,1306.425537109375,2179
2019-07-03,1327.949951171875,1330.0,1306.75,1314.949951171875,1304.6893310546875,4835
2019-07-04,1310.0,1325.0,1301.0,1305.199951171875,1296.988037109375,2881
2019-07-05,1318.0,1323.0,1280.0,1289.449951171875,1281.3370361328125,7269
2019-07-08,1290.050048828125,1290.050048828125,1211.300048828125,1244.9000244140625,1237.0675048828125,10454
2019-07-09,1259.5999755859375,1263.8499755859375,1215.0,1239.6500244140625,1231.8505859375,8382
2019-07-10,1232.3499755859375,1242.699951171875,1185.050048828125,1191.050048828125,1183.5562744140625,6197
2019-07-11,1205.300048828125,1205.3499755859375,1184.75,1196.6500244140625,1189.1209716796875,8576
2019-07-12,1196.6500244140625,1204.0,1170.0,1174.75,1167.3587646484375,5188
2019-07-15,1188.699951171875,1188.699951171875,1123.0999755859375,1135.1500244140625,1128.008056640625,10968
2019-07-16,1138.800048828125,1145.0,1126.9000244140625,1136.6500244140625,1129.49853515625,2790
2019-07-17,1130.0,1168.25,1130.0,1154.9000244140625,1147.6336669921875,9754
2019-07-18,1167.9000244140625,1168.75,1125.0,1127.4000244140625,1120.3067626953125,4100
2019-07-19,1132.550048828125,1152.949951171875,1115.0,1122.199951171875,1115.139404296875,11605
2019-07-22,1120.050048828125,1120.050048828125,1079.0,1082.6500244140625,1075.8382568359375,7382
2019-07-23,1095.300048828125,1106.0,1075.0,1083.8499755859375,1077.0306396484375,2952
2019-07-24,1080.25,1088.949951171875,1050.0,1055.6500244140625,1049.0081787109375,4726
2019-07-25,1059.0,1109.9000244140625,1058.0,1076.699951171875,1069.92578125,7320
2019-07-26,1080.0999755859375,1100.0,1080.0,1096.0,1089.104248046875,4279
2019-07-29,1096.0,1104.199951171875,1078.0999755859375,1083.0,1076.1861572265625,3045
2019-07-30,1082.0999755859375,1102.0,1060.0,1064.050048828125,1057.355224609375,3542
2019-07-31,1065.050048828125,1068.0,1013.7999877929688,1022.75,1016.3151245117188,8458
2019-08-01,1022.75,1038.0,1002.0,1031.1500244140625,1024.662353515625,4480
2019-08-02,1036.949951171875,1081.0,1023.5499877929688,1065.0,1058.29931640625,5276
2019-08-05,1070.0999755859375,1070.1500244140625,1024.0,1029.6500244140625,1023.1716918945312,3394
2019-08-06,1039.949951171875,1138.050048828125,1039.949951171875,1062.0,1055.3182373046875,87295
2019-08-07,1049.8499755859375,1049.8499755859375,1019.4500122070312,1040.1500244140625,1033.6058349609375,15173
2019-08-08,1040.0,1048.75,1000.0,1006.5999755859375,1000.2667236328125,10103
2019-08-09,1010.0,1050.0,1008.0,1045.5,1038.9219970703125,14731
2019-08-13,1050.1500244140625,1056.449951171875,996.2000122070312,1004.9500122070312,998.6271362304688,13703
2019-08-14,1016.0,1020.0,997.0999755859375,1007.5999755859375,1001.2604370117188,3558
2019-08-16,1027.949951171875,1027.949951171875,995.0,1001.9500122070312,995.64599609375,3644
2019-08-19,998.0,1035.0,998.0,1020.5,1014.0792846679688,16097
2019-08-20,1013.2000122070312,1030.0,1010.0,1020.75,1014.3276977539062,4796
2019-08-21,1016.75,1028.5,975.0499877929688,983.4000244140625,977.2127075195312,6220
2019-08-22,983.5,994.9500122070312,975.0,985.3499755859375,979.150390625,3870
2019-08-23,985.3499755859375,1027.699951171875,976.4000244140625,1024.75,1018.3025512695312,3412
2019-08-26,1043.25,1055.0,1035.6500244140625,1042.199951171875,1035.6427001953125,4011
2019-08-27,1042.199951171875,1055.949951171875,1011.25,1023.5999755859375,1017.1597290039062,5287
2019-08-28,1024.8499755859375,1039.0,1017.9000244140625,1019.7000122070312,1013.2843627929688,2107
2019-08-29,1036.0,1036.199951171875,1007.1500244140625,1022.5999755859375,1016.1660766601562,1696
2019-08-30,1029.550048828125,1080.949951171875,985.5999755859375,1054.300048828125,1047.6666259765625,11482
2019-09-03,1054.5,1090.0,988.7000122070312,1000.8499755859375,994.5529174804688,15319
2019-09-04,1005.0,1027.949951171875,1004.5999755859375,1020.2999877929688,1013.8805541992188,3370
2019-09-05,1012.0999755859375,1029.0999755859375,1012.0999755859375,1014.9500122070312,1008.5642700195312,1181
2019-09-06,1014.9500122070312,1027.3499755859375,1007.0,1010.0,1003.6453857421875,3687
2019-09-09,1023.0,1030.0,1003.9500122070312,1021.4500122070312,1015.0233764648438,3714
2019-09-11,1027.3499755859375,1035.050048828125,1008.5,1020.0999755859375,1013.6818237304688,13258
2019-09-12,1023.0499877929688,1058.3499755859375,1011.2999877929688,1018.7999877929688,1012.3899536132812,8155
2019-09-13,1031.0999755859375,1031.699951171875,1012.5499877929688,1016.7999877929688,1010.4025268554688,5241
2019-09-16,1015.0499877929688,1039.9000244140625,1008.0,1019.8499755859375,1013.433349609375,11160
2019-09-17,1060.0,1060.0,995.5,999.4500122070312,993.1618041992188,15116
2019-09-18,1014.0,1017.7999877929688,995.2000122070312,1005.6500244140625,999.32275390625,4042
2019-09-19,1006.2000122070312,1014.0,978.0,980.1500244140625,973.9832153320312,8114
2019-09-20,975.0499877929688,1048.0,975.0499877929688,1021.9500122070312,1015.5201416015625,17663
2019-09-23,1022.0,1062.050048828125,1020.0,1025.8499755859375,1019.3956298828125,23610
2019-09-24,1030.0,1141.0,1030.0,1051.8499755859375,1045.23193359375,80599
2019-09-25,1061.0,1062.050048828125,1020.0,1023.1500244140625,1016.712646484375,17948
2019-09-26,1031.0,1045.449951171875,1011.0,1024.199951171875,1017.7559814453125,29066
2019-09-27,1034.0,1034.0,1011.7000122070312,1019.25,1012.837158203125,10965
2019-09-30,1031.75,1031.800048828125,1000.0,1001.9000244140625,995.5963134765625,6159
2019-10-01,1005.2999877929688,1010.9500122070312,974.0999755859375,979.0999755859375,972.9397583007812,13402
2019-10-03,980.0,1006.9000244140625,979.0999755859375,989.6500244140625,983.4234008789062,5748
2019-10-04,999.0,1000.2000122070312,976.0999755859375,982.9000244140625,976.7158813476562,5171
2019-10-07,1010.0,1010.0,980.0,985.8499755859375,979.6472778320312,2464
2019-10-09,1000.0,1021.9000244140625,984.5,999.1500244140625,992.8636474609375,37187
2019-10-10,987.8499755859375,1000.0,975.0,976.7000122070312,970.5548706054688,4734
2019-10-11,980.4500122070312,999.7000122070312,955.5999755859375,974.1500244140625,968.0209350585938,30141
2019-10-14,958.0999755859375,975.0,950.0,951.9000244140625,945.910888671875,28463
2019-10-15,956.0,960.9500122070312,930.0,931.7000122070312,925.8380737304688,8245
2019-10-16,930.9000244140625,995.0,920.0,959.2000122070312,953.1650390625,28221
2019-10-17,960.0,970.0,940.0,945.7000122070312,939.7499389648438,11887
2019-10-18,980.0,994.9000244140625,961.0,964.0,957.934814453125,35438
2019-10-22,977.7999877929688,986.0,951.0999755859375,956.4500122070312,950.4323120117188,17231
2019-10-23,970.0499877929688,989.7999877929688,961.0,967.5,961.4127807617188,17182
2019-10-24,977.4000244140625,977.4500122070312,958.0,961.4000244140625,955.3511352539062,3657
2019-10-25,968.7000122070312,968.7000122070312,951.0499877929688,954.4500122070312,948.4448852539062,5738
2019-10-27,960.0,978.0,959.0499877929688,968.0999755859375,962.0089721679688,4783
2019-10-29,970.0499877929688,999.0,968.0999755859375,982.8499755859375,976.6661987304688,13749
2019-10-30,985.0,1029.0,985.0,1001.3499755859375,995.0497436523438,31656
2019-10-31,1001.3499755859375,1023.75,1001.0,1004.0,997.68310546875,16597
2019-11-01,1013.0,1020.7999877929688,990.0,996.2999877929688,990.0315551757812,17704
2019-11-04,1000.0,1019.25,990.25,995.75,989.4850463867188,12385
2019-11-05,1000.0,1040.0,997.5,1009.5,1003.1485595703125,35558
2019-11-06,1018.9500122070312,1029.0,1000.0,1003.7000122070312,997.385009765625,21565
2019-11-07,1012.25,1020.0,950.0,962.8499755859375,956.7920532226562,116227
2019-11-08,963.0499877929688,993.9500122070312,941.9000244140625,985.7000122070312,979.498291015625,23068
2019-11-11,988.0,995.0,964.0499877929688,990.3499755859375,984.1189575195312,10186
2019-11-13,992.4500122070312,1016.0999755859375,992.4500122070312,997.3499755859375,991.0748901367188,29022
2019-11-14,1000.0499877929688,1000.0499877929688,960.0,964.0499877929688,957.9844360351562,16429
2019-11-15,965.0,974.7000122070312,943.0,946.4500122070312,940.4951782226562,14362
2019-11-18,947.0,955.8499755859375,946.0,949.25,943.277587890625,8708
2019-11-19,955.0499877929688,961.4500122070312,946.5499877929688,956.5,950.48193359375,5477
2019-11-20,957.1500244140625,964.0,940.7000122070312,945.75,939.7996215820312,12508
2019-11-21,940.7000122070312,965.0,936.5,945.7000122070312,939.7499389648438,111121
2019-11-22,947.0,965.0,947.0,951.2000122070312,945.21533203125,11100
2019-11-25,951.4000244140625,988.75,950.0,977.9000244140625,971.747314453125,19874
2019-11-26,980.0499877929688,998.0,950.0,990.1500244140625,983.9202880859375,32361
2019-11-27,996.0,1020.0,962.0,980.5999755859375,974.4303588867188,45769
2019-11-28,977.0,1000.0,963.0,988.0,981.7838134765625,18028
2019-11-29,992.9000244140625,1012.0,982.8499755859375,1000.3499755859375,994.0560302734375,18801
2019-12-02,1017.6500244140625,1017.6500244140625,990.25,997.0999755859375,990.826416015625,30118
2019-12-03,1004.9500122070312,1005.0499877929688,980.0,983.7999877929688,977.6102294921875,3976
2019-12-04,983.4000244140625,1005.0,980.0,999.7999877929688,993.509521484375,12141
2019-12-05,990.2999877929688,1001.0,985.0,990.5,984.2680053710938,5394
2019-12-06,999.0,999.0,970.0,971.7000122070312,965.5863647460938,5534
2019-12-09,971.2000122070312,983.0999755859375,959.9500122070312,968.6500244140625,962.5555419921875,4425
2019-12-10,966.7999877929688,971.7000122070312,951.0,958.5999755859375,952.5687255859375,9299
2019-12-11,958.0,960.5,951.0,954.0499877929688,948.0474243164062,2913
2019-12-12,953.0,973.5499877929688,952.4000244140625,965.0,958.928466796875,3195
2019-12-13,965.25,980.5,955.7000122070312,969.8499755859375,963.7479858398438,8046
2019-12-16,970.25,978.0,962.5,964.5,958.4315795898438,2966
2019-12-17,967.4500122070312,967.4500122070312,946.0,947.7999877929688,941.836669921875,15279
2019-12-18,962.25,962.25,941.0,946.0,940.0480346679688,17251
2019-12-19,941.0,962.0,941.0,949.7999877929688,943.8240966796875,15617
2019-12-20,950.0,965.75,949.8499755859375,958.75,952.7178344726562,7861
2019-12-23,945.0,1019.0,945.0,997.9500122070312,991.6712036132812,194195
2019-12-24,1009.4000244140625,1009.4000244140625,990.1500244140625,996.0999755859375,989.8328247070312,29964
2019-12-26,989.0,1005.0,987.6500244140625,1003.5499877929688,997.2359008789062,23833
2019-12-27,1004.7000122070312,1032.0,999.6500244140625,1014.0499877929688,1007.6698608398438,35222
2019-12-30,1019.75,1019.75,990.0,994.75,988.4912719726562,28914
2019-12-31,998.2000122070312,1009.7000122070312,985.0,988.25,982.0321655273438,38646
2020-01-01,985.0499877929688,1014.25,985.0,1008.0,1001.657958984375,11728
2020-01-02,1010.0,1010.0,997.0,1000.4500122070312,994.1553955078125,8085
2020-01-03,1009.0,1012.9500122070312,996.5499877929688,1007.2000122070312,1000.863037109375,12326
2020-01-06,980.0,994.5,975.25,981.5999755859375,975.4240112304688,16138
2020-01-07,994.0,997.0,981.5999755859375,984.6500244140625,978.4548950195312,7208
2020-01-08,979.9500122070312,990.0,974.5999755859375,976.5999755859375,970.4555053710938,6435
2020-01-09,982.4000244140625,1001.25,980.0,986.0499877929688,979.8460693359375,12117
2020-01-10,990.0,998.4000244140625,970.25,974.0,967.8718872070312,17574
2020-01-13,989.4000244140625,990.9000244140625,969.9500122070312,978.6500244140625,972.4926147460938,13165
2020-01-14,988.5999755859375,992.8499755859375,970.6500244140625,975.75,969.6109008789062,19454
2020-01-15,983.0,989.0,978.75,985.5,979.299560546875,13888
2020-01-16,991.0999755859375,1057.75,991.0999755859375,1039.550048828125,1033.0096435546875,267986
2020-01-17,1043.550048828125,1088.0,1040.0,1049.6500244140625,1043.0458984375,166391
2020-01-20,1054.9000244140625,1065.0,1035.0,1046.3499755859375,1039.7666015625,64876
2020-01-21,1031.0,1052.0,1005.5499877929688,1011.2999877929688,1004.9371948242188,37876
2020-01-22,1025.0,1029.0,1006.0,1013.0999755859375,1006.725830078125,46316
2020-01-23,1010.0,1028.0,1008.0,1017.7999877929688,1011.3963012695312,19997
2020-01-24,1020.0,1039.800048828125,999.7000122070312,1007.1500244140625,1000.8132934570312,35639
2020-01-27,1002.5,1051.0,1000.0,1014.4000244140625,1008.0177001953125,46767
2020-01-28,1019.4000244140625,1026.949951171875,1006.0,1009.0,1002.6516723632812,34557
2020-01-29,1010.0,1020.8499755859375,996.0,1001.9000244140625,995.5963134765625,26806
2020-01-30,1003.9500122070312,1010.0,984.0499877929688,989.0999755859375,982.8767700195312,15063
2020-01-31,993.9500122070312,1001.0,985.0,989.4000244140625,983.1749877929688,20247
2020-02-03,959.9000244140625,982.0,945.0,959.75,953.7115478515625,22443
2020-02-04,964.5,988.25,964.5,979.5499877929688,973.3869018554688,13921
2020-02-05,980.8499755859375,987.0,965.0999755859375,969.25,963.1517333984375,26083
2020-02-06,974.0999755859375,990.0,969.0499877929688,978.9000244140625,972.7410888671875,20488
2020-02-07,983.7000122070312,984.7999877929688,970.0499877929688,980.0,973.8341064453125,30646
2020-02-10,984.9000244140625,1016.9000244140625,972.5999755859375,989.7999877929688,983.5724487304688,169270
2020-02-11,994.7000122070312,1022.2999877929688,885.0,916.5,910.733642578125,387758
2020-02-12,914.9500122070312,924.0,888.0,892.1500244140625,886.536865234375,116348
2020-02-13,895.25,917.6500244140625,875.0,878.0999755859375,872.5751953125,69977
2020-02-14,895.0,895.0,870.0,873.6500244140625,868.1532592773438,40405
2020-02-17,880.0,882.9500122070312,862.0,863.8499755859375,858.4148559570312,21388
2020-02-18,865.0,871.5,832.4500122070312,848.2999877929688,842.9627075195312,34775
2020-02-19,853.0,858.7000122070312,840.25,852.0999755859375,846.73876953125,20311
2020-02-20,850.0,856.0499877929688,835.0999755859375,839.5,834.2180786132812,29010
2020-02-24,835.0499877929688,840.0,827.0,830.2000122070312,824.9766235351562,19512
2020-02-25,835.0,866.4000244140625,821.5,824.3499755859375,819.1634521484375,39400
2020-02-26,814.3499755859375,954.0,809.1500244140625,940.9500122070312,935.0298461914062,436542
2020-02-27,940.9000244140625,1112.0,925.0,1065.5,1058.796142578125,1964921
2020-02-28,1050.0,1115.0,982.0499877929688,1026.8499755859375,1020.3893432617188,941148
2020-03-02,1070.0,1110.0,1002.0,1010.5999755859375,1004.2415771484375,234996
2020-03-03,1030.0,1058.0999755859375,1006.0,1015.25,1008.8623657226562,110987
2020-03-04,1029.0,1169.0,1010.0,1146.300048828125,1139.087890625,1016545
2020-03-05,1175.0,1225.0,1135.699951171875,1206.199951171875,1198.61083984375,687076
2020-03-06,1149.050048828125,1198.699951171875,1129.75,1137.949951171875,1130.790283203125,224480
2020-03-09,1100.0,1172.5,1078.0,1098.800048828125,1091.8865966796875,228996
2020-03-11,1098.800048828125,1142.0,1050.0,1057.300048828125,1050.6478271484375,154942
2020-03-12,1012.5,1037.9000244140625,912.5999755859375,975.0999755859375,968.9649047851562,111179
2020-03-13,926.0,1112.0,903.25,1090.5,1083.638916015625,123960
2020-03-16,1022.25,1090.300048828125,988.0,1014.25,1007.8685913085938,59638
2020-03-17,1024.0999755859375,1069.4000244140625,985.75,994.6500244140625,988.3919677734375,51637
2020-03-18,1008.5999755859375,1030.0,961.0,985.0499877929688,978.852294921875,52388
2020-03-19,935.0,1107.949951171875,906.0,1071.699951171875,1064.9571533203125,149237
2020-03-20,1102.0,1154.4000244140625,1091.5,1127.4000244140625,1120.3067626953125,96409
2020-03-23,1100.0,1100.0,931.0,1053.1500244140625,1046.52392578125,54196
2020-03-24,1100.0,1122.1500244140625,1040.0,1064.550048828125,1057.8521728515625,24836
2020-03-25,1064.5,1120.0,1020.0,1091.9000244140625,1085.030029296875,17122
2020-03-26,1090.0,1176.800048828125,1081.0,1130.699951171875,1123.5858154296875,46732
2020-03-27,1180.0,1180.0,1076.0,1099.300048828125,1092.383544921875,18782
2020-03-30,1072.3499755859375,1160.0,1055.0,1121.699951171875,1114.6424560546875,24554
2020-03-31,1168.0,1168.0,1112.949951171875,1125.25,1118.1702880859375,25215
2020-04-01,1150.0,1150.0,1084.3499755859375,1096.8499755859375,1089.948974609375,12354
2020-04-03,1097.0,1150.0,1017.0,1101.0999755859375,1094.172119140625,43029
2020-04-07,1115.0,1145.0,1085.6500244140625,1138.25,1131.08837890625,37071
2020-04-08,1154.0,1154.0,1105.0,1119.949951171875,1112.9034423828125,26139
2020-04-09,1121.0,1152.0999755859375,1118.0,1122.949951171875,1115.8846435546875,28005
2020-04-13,1120.0,1194.9000244140625,1102.050048828125,1170.8499755859375,1163.4832763671875,79342
2020-04-15,1176.0,1234.9000244140625,1120.0,1127.800048828125,1120.704345703125,70690
2020-04-16,1127.800048828125,1153.050048828125,1103.25,1110.0999755859375,1103.115478515625,37427
2020-04-17,1135.0,1140.699951171875,1100.0,1112.4000244140625,1105.401123046875,25832
2020-04-20,1110.0,1118.4000244140625,1075.0,1082.4000244140625,1075.5899658203125,18943
2020-04-21,1057.0,1079.949951171875,1045.0,1060.050048828125,1053.38037109375,19903
2020-04-22,1079.9000244140625,1079.9000244140625,1035.0,1061.4000244140625,1054.7220458984375,17202
2020-04-23,1069.0,1129.75,1069.0,1087.1500244140625,1080.31005859375,63049
2020-04-24,1097.800048828125,1097.800048828125,1035.0,1042.550048828125,1035.9906005859375,20468
2020-04-27,1053.0999755859375,1075.0,1040.0,1052.3499755859375,1045.7288818359375,17589
2020-04-28,1071.0,1100.25,1050.0,1060.6500244140625,1053.9765625,62242
2020-04-29,1075.0,1075.0,1045.1500244140625,1052.5,1045.8779296875,13259
2020-04-30,1060.0999755859375,1076.0,1045.0,1054.050048828125,1047.4183349609375,19016
2020-05-04,1030.0,1038.949951171875,1005.0,1009.4000244140625,1003.0491943359375,14410
2020-05-05,1010.2999877929688,1027.0,995.0,996.4000244140625,990.1309814453125,11882
2020-05-06,1000.0,1019.0,985.0,999.5499877929688,993.2611083984375,8534
2020-05-07,992.5499877929688,1017.9500122070312,985.0,990.0499877929688,983.8208618164062,5895
2020-05-08,993.0,1007.9500122070312,972.2000122070312,1000.4500122070312,994.1553955078125,25341
2020-05-11,1005.4000244140625,1017.0499877929688,994.4500122070312,1004.5999755859375,998.2793579101562,12564
2020-05-12,1004.5999755859375,1005.0,985.0,999.1500244140625,992.8636474609375,6513
2020-05-13,1016.7999877929688,1025.0,988.0,991.0,984.764892578125,8628
2020-05-14,1010.0,1015.0,992.0,1008.4000244140625,1002.055419921875,9737
2020-05-15,1005.0,1014.0,995.0,1000.25,993.9566650390625,4023
2020-05-18,1000.0,1005.0999755859375,950.0,962.8499755859375,956.7920532226562,10010
2020-05-19,956.0,979.0,950.0,953.2000122070312,947.2027587890625,6522
2020-05-20,950.0999755859375,965.7999877929688,940.0,959.6500244140625,953.6121215820312,4422
2020-05-21,952.0999755859375,1033.0,952.0499877929688,1013.0499877929688,1006.6761474609375,28903
2020-05-22,1022.0,1065.0,1002.0,1054.1500244140625,1047.517578125,75530
2020-05-26,1082.0,1128.9000244140625,1065.699951171875,1083.050048828125,1076.23583984375,69827
2020-05-27,1083.050048828125,1125.0,1075.0,1111.75,1104.7552490234375,39489
2020-05-28,1110.0,1118.0,1076.25,1079.800048828125,1073.00634765625,26484
2020-05-29,1070.0,1114.0,1055.0,1086.75,1079.9124755859375,94829
2020-06-01,1087.1500244140625,1120.0,1078.9000244140625,1107.4000244140625,1100.4324951171875,36227
2020-06-02,1110.0,1217.699951171875,1110.0,1175.1500244140625,1167.7562255859375,239176
2020-06-03,1179.0,1187.0,1105.0,1119.25,1112.2080078125,77465
2020-06-04,1102.8499755859375,1124.699951171875,1093.449951171875,1113.6500244140625,1106.6431884765625,26972
2020-06-05,1115.0,1172.5,1113.0,1151.0,1143.75830078125,44628
2020-06-08,1153.0,1163.6500244140625,1120.0999755859375,1126.5,1119.412353515625,22620
2020-06-09,1120.0,1138.699951171875,1081.0999755859375,1091.800048828125,1084.9307861328125,24088
2020-06-10,1091.800048828125,1190.0,1091.800048828125,1128.3499755859375,1121.250732421875,63002
2020-06-11,1112.0999755859375,1140.0,1095.0,1098.8499755859375,1091.936279296875,30274
2020-06-12,1085.0,1099.0,1051.300048828125,1082.25,1075.440673828125,19373
2020-06-15,1089.949951171875,1095.550048828125,1070.25,1083.25,1076.4344482421875,21700
2020-06-16,1090.0,1110.0,1086.050048828125,1093.949951171875,1087.067138671875,31107
2020-06-17,1093.949951171875,1109.9000244140625,1065.0,1094.4000244140625,1087.514404296875,55506
2020-06-18,1094.4000244140625,1125.25,1078.8499755859375,1114.5999755859375,1107.5872802734375,38888
2020-06-19,1114.5999755859375,1140.0,1096.75,1130.1500244140625,1123.0394287109375,31345
2020-06-22,1139.0,1208.8499755859375,1118.800048828125,1171.800048828125,1164.4273681640625,112711
2020-06-23,1185.0,1205.0,1173.0,1188.550048828125,1181.0718994140625,42025
2020-06-24,1194.5,1199.0999755859375,1155.0,1171.3499755859375,1163.9801025390625,50458
2020-06-25,1171.0,1182.25,1160.0,1173.5999755859375,1166.2159423828125,42076
2020-06-26,1179.5,1197.4000244140625,1163.0,1172.949951171875,1165.570068359375,48339
2020-06-29,1170.0,1170.0,1120.75,1135.449951171875,1128.305908203125,23807
2020-06-30,1180.0,1180.0,1121.0,1137.800048828125,1130.6412353515625,17237
2020-07-01,1137.800048828125,1188.0,1134.0999755859375,1181.0999755859375,1173.6688232421875,76112
2020-07-02,1191.0,1280.0,1186.1500244140625,1237.449951171875,1229.6641845703125,358581
2020-07-03,1245.0,1260.0,1222.8499755859375,1241.050048828125,1233.24169921875,112485
2020-07-06,1254.0,1292.0,1248.050048828125,1265.050048828125,1257.0906982421875,100206
2020-07-07,1266.5999755859375,1277.199951171875,1240.0999755859375,1254.699951171875,1246.8057861328125,31214
2020-07-08,1270.0,1279.699951171875,1235.0,1243.050048828125,1235.2291259765625,30148
2020-07-09,1249.300048828125,1261.0,1214.449951171875,1221.199951171875,1213.5164794921875,34822
2020-07-10,1215.0,1217.75,1181.0,1192.8499755859375,1185.344970703125,61104
2020-07-13,1224.0,1344.300048828125,1202.550048828125,1325.8499755859375,1317.5081787109375,470920
2020-07-14,1344.0,1418.449951171875,1331.0,1346.949951171875,1338.4754638671875,683940
2020-07-15,1353.0,1354.0,1296.050048828125,1313.550048828125,1305.2855224609375,139112
2020-07-16,1302.0,1310.0,1263.0,1279.050048828125,1271.002685546875,117924
2020-07-17,1287.199951171875,1335.8499755859375,1287.199951171875,1307.3499755859375,1299.12451171875,85648
2020-07-20,1313.9000244140625,1349.0,1303.449951171875,1337.0999755859375,1328.687255859375,77781
2020-07-21,1376.0,1376.0,1341.4000244140625,1355.1500244140625,1346.623779296875,109308
2020-07-22,1355.0,1388.0,1325.0,1344.1500244140625,1338.656494140625,61564
2020-07-23,1344.1500244140625,1369.699951171875,1332.0,1347.5999755859375,1345.094482421875,29203
2020-07-24,1362.0,1364.949951171875,1330.0,1339.8499755859375,1337.35888671875,26657
2020-07-27,1339.8499755859375,1357.0,1312.0,1322.1500244140625,1319.6917724609375,61951
2020-07-28,1325.0,1351.699951171875,1321.0,1325.5,1323.0355224609375,34324
2020-07-29,1332.050048828125,1342.550048828125,1315.0,1318.75,1316.298095703125,27704
2020-07-30,1324.949951171875,1350.0,1315.199951171875,1321.9000244140625,1319.4422607421875,34594
2020-07-31,1316.050048828125,1340.0,1312.3499755859375,1332.8499755859375,1330.371826171875,25557
2020-08-03,1338.949951171875,1465.0,1332.0,1436.199951171875,1433.5296630859375,282484
2020-08-04,1453.0,1469.5,1421.0999755859375,1437.5999755859375,1434.9271240234375,152762
2020-08-05,1439.9000244140625,1450.0,1408.3499755859375,1415.949951171875,1413.3173828125,53712
2020-08-06,1423.75,1429.0,1324.1500244140625,1337.9000244140625,1335.41259765625,227661
2020-08-07,1327.5,1365.0,1310.25,1325.699951171875,1323.235107421875,108491
2020-08-10,1343.9000244140625,1343.9000244140625,1286.0,1293.300048828125,1290.8955078125,65822
2020-08-11,1288.0,1316.199951171875,1275.0999755859375,1279.800048828125,1277.4205322265625,66734
2020-08-12,1280.0,1332.0,1266.25,1314.5,1312.0560302734375,78128
2020-08-13,1324.0,1326.8499755859375,1286.5999755859375,1295.050048828125,1292.6422119140625,47145
2020-08-14,1297.0,1310.0,1276.6500244140625,1283.699951171875,1281.313232421875,58907
2020-08-17,1295.0,1307.0,1272.0,1279.6500244140625,1277.2708740234375,26907
2020-08-18,1281.0,1338.0,1280.0,1314.199951171875,1311.7564697265625,56082
2020-08-19,1338.0,1338.0,1303.550048828125,1316.25,1313.802734375,67089
2020-08-20,1315.0,1373.0,1292.0,1349.9000244140625,1347.3902587890625,117642
2020-08-21,1356.6500244140625,1619.8499755859375,1351.4000244140625,1619.8499755859375,1616.8382568359375,649229
2020-08-24,1694.0,1875.0,1600.0,1633.25,1630.21337890625,1435917
2020-08-25,1600.0999755859375,1700.0,1585.0,1667.699951171875,1664.5992431640625,289558
2020-08-26,1660.0,1678.0,1631.449951171875,1639.5999755859375,1636.551513671875,51239
2020-08-27,1640.0,1640.1500244140625,1591.0,1599.199951171875,1596.2266845703125,57086
2020-08-28,1600.0,1611.0,1550.0,1559.050048828125,1556.1513671875,48686
2020-08-31,1563.0,1613.5999755859375,1463.25,1477.050048828125,1474.3038330078125,82536
2020-09-01,1450.050048828125,1510.949951171875,1450.050048828125,1477.449951171875,1474.7030029296875,22148
2020-09-02,1480.0,1560.0,1469.300048828125,1522.1500244140625,1519.3199462890625,84234
2020-09-03,1525.0,1569.0,1518.050048828125,1527.9000244140625,1525.059326171875,84396
2020-09-04,1482.300048828125,1515.0999755859375,1475.0,1487.75,1484.98388671875,31984
2020-09-07,1497.75,1511.800048828125,1469.0,1477.949951171875,1475.2020263671875,26595
2020-09-08,1492.0,1507.550048828125,1450.0,1460.25,1457.5350341796875,44734
2020-09-09,1436.050048828125,1471.25,1411.0,1419.5,1416.86083984375,35513
2020-09-10,1439.0,1476.949951171875,1425.449951171875,1446.5999755859375,1443.910400390625,67669
2020-09-11,1463.6500244140625,1463.6500244140625,1422.449951171875,1450.1500244140625,1447.453857421875,32203
2020-09-14,1477.0,1585.0,1459.6500244140625,1543.0999755859375,1540.23095703125,519386
2020-09-15,1587.0,1600.0,1551.050048828125,1558.5,1555.6024169921875,106306
2020-09-16,1565.0,1571.8499755859375,1523.4000244140625,1539.8499755859375,1536.987060546875,41381
2020-09-17,1521.0,1562.050048828125,1508.0,1518.699951171875,1515.8763427734375,29305
2020-09-18,1505.25,1549.0,1501.800048828125,1512.3499755859375,1509.5380859375,24889
2020-09-21,1525.9000244140625,1548.300048828125,1450.0,1460.0,1457.2855224609375,38829
2020-09-22,1470.0,1481.9000244140625,1415.0,1454.3499755859375,1451.64599609375,32386
2020-09-23,1479.0,1485.0,1412.199951171875,1434.699951171875,1432.032470703125,25176
2020-09-24,1410.050048828125,1448.699951171875,1385.0,1387.550048828125,1384.97021484375,24918
2020-09-25,1428.0,1428.0,1380.050048828125,1396.9000244140625,1394.3028564453125,20300
2020-09-28,1423.6500244140625,1465.0,1406.0,1447.5999755859375,1444.9085693359375,26370
2020-09-29,1447.5999755859375,1458.8499755859375,1410.0,1421.25,1418.6075439453125,9993
2020-09-30,1423.0999755859375,1525.75,1412.199951171875,1511.550048828125,1508.73974609375,85350
2020-10-01,1527.0,1560.0,1481.5999755859375,1543.550048828125,1540.68017578125,79723
2020-10-05,1535.25,1557.6500244140625,1505.0,1513.4000244140625,1510.586181640625,23295
2020-10-06,1510.300048828125,1559.0,1504.300048828125,1518.300048828125,1515.4771728515625,26878
2020-10-07,1522.0999755859375,1529.0,1495.0,1502.800048828125,1500.0059814453125,14693
2020-10-08,1505.0,1512.9000244140625,1481.0,1488.0999755859375,1485.333251953125,10846
2020-10-09,1505.949951171875,1520.0,1488.0,1492.949951171875,1490.1741943359375,22872
2020-10-12,1493.0,1510.0,1456.0,1464.050048828125,1461.3280029296875,18104
2020-10-13,1450.300048828125,1480.050048828125,1436.0,1444.75,1442.0638427734375,14178
2020-10-14,1444.75,1447.0999755859375,1428.0,1431.5,1428.8385009765625,13106
2020-10-15,1430.0,1462.0,1410.0,1416.6500244140625,1414.01611328125,17059
2020-10-16,1410.0,1435.449951171875,1327.5,1412.6500244140625,1410.0235595703125,16866
2020-10-19,1401.0,1414.25,1348.9000244140625,1399.050048828125,1396.4488525390625,46308
2020-10-20,1428.449951171875,1428.449951171875,1400.0,1410.300048828125,1407.677978515625,13170
2020-10-21,1411.0999755859375,1423.800048828125,1389.0,1404.5999755859375,1401.988525390625,11370
2020-10-22,1416.949951171875,1438.0,1391.050048828125,1414.800048828125,1412.1695556640625,60757
2020-10-23,1428.0,1428.949951171875,1389.0,1399.300048828125,1396.6983642578125,9583
2020-10-26,1409.949951171875,1424.949951171875,1376.0,1386.6500244140625,1384.0718994140625,9112
2020-10-27,1385.0,1399.0999755859375,1370.0,1387.5999755859375,1385.0201416015625,5706
2020-10-28,1395.949951171875,1415.0999755859375,1380.0,1383.4000244140625,1380.827880859375,7938
2020-10-29,1379.8499755859375,1399.0,1335.800048828125,1358.75,1356.2237548828125,20430
2020-10-30,1370.0,1379.949951171875,1355.6500244140625,1362.800048828125,1360.2662353515625,9404
2020-11-02,1365.25,1381.6500244140625,1336.050048828125,1338.8499755859375,1336.3607177734375,13146
2020-11-03,1350.0,1354.800048828125,1320.050048828125,1323.4000244140625,1320.939453125,14572
2020-11-04,1334.6500244140625,1375.0,1326.550048828125,1351.1500244140625,1348.637939453125,18561
2020-11-05,1468.0,1557.449951171875,1455.0,1485.199951171875,1482.4385986328125,532697
2020-11-06,1489.9000244140625,1517.75,1472.0,1491.050048828125,1488.27783203125,65501
2020-11-09,1499.0,1520.0,1480.25,1492.8499755859375,1490.0743408203125,37728
2020-11-10,1500.0,1509.699951171875,1456.550048828125,1468.699951171875,1465.96923828125,44464
2020-11-11,1478.0,1555.0,1465.0,1484.300048828125,1481.5404052734375,88453
2020-11-12,1480.050048828125,1514.0,1480.050048828125,1500.949951171875,1498.1593017578125,24408
2020-11-13,1501.0,1534.699951171875,1492.449951171875,1506.550048828125,1503.7490234375,53695
2020-11-14,1531.949951171875,1531.949951171875,1511.050048828125,1518.4000244140625,1515.576904296875,10955
2020-11-17,1531.0,1534.75,1505.0,1510.5,1507.691650390625,31077
2020-11-18,1521.0,1527.8499755859375,1475.0,1494.550048828125,1491.7713623046875,23813
2020-11-19,1505.0,1515.0,1469.949951171875,1494.8499755859375,1492.0706787109375,23385
2020-11-20,1494.8499755859375,1574.0,1490.0999755859375,1543.550048828125,1540.68017578125,154777
2020-11-23,1560.0,1611.25,1532.1500244140625,1587.25,1584.2989501953125,115355
2020-11-24,1607.5,1660.0,1586.25,1631.699951171875,1628.666259765625,134149
2020-11-25,1650.199951171875,1651.0,1588.6500244140625,1595.949951171875,1592.982666015625,37595
2020-11-26,1605.0,1624.0,1589.949951171875,1597.800048828125,1594.829345703125,20907
2020-11-27,1588.699951171875,1684.0,1588.6500244140625,1656.1500244140625,1653.07080078125,80255
2020-12-01,1656.1500244140625,1695.0,1626.0,1668.5,1665.3978271484375,40539
2020-12-02,1661.300048828125,1674.75,1614.0,1625.949951171875,1622.9268798828125,24914
2020-12-03,1644.0,1656.050048828125,1618.0999755859375,1628.550048828125,1625.522216796875,23877
2020-12-04,1630.0,1658.8499755859375,1621.0,1633.0,1629.9638671875,17754
2020-12-07,1608.0,1659.5999755859375,1608.0,1636.25,1633.207763671875,24952
2020-12-08,1633.449951171875,1644.050048828125,1609.25,1618.300048828125,1615.291259765625,16134
2020-12-09,1624.9000244140625,1650.0,1619.8499755859375,1623.5999755859375,1620.581298828125,17045
2020-12-10,1623.6500244140625,1648.699951171875,1591.8499755859375,1602.9000244140625,1599.9197998046875,13080
2020-12-11,1604.0,1636.0,1591.9000244140625,1609.1500244140625,1606.158203125,30819
2020-12-14,1611.1500244140625,1627.0,1580.050048828125,1589.699951171875,1586.7442626953125,14876
2020-12-15,1582.050048828125,1648.0,1565.0,1635.300048828125,1632.2596435546875,53377
2020-12-16,1647.75,1673.0,1622.800048828125,1664.0999755859375,1661.0059814453125,69108
2020-12-17,1675.0,1699.0,1631.8499755859375,1641.9000244140625,1638.8472900390625,53145
2020-12-18,1660.0,1660.0,1620.0,1627.4000244140625,1624.374267578125,18354
2020-12-21,1625.0,1650.0,1487.550048828125,1518.5999755859375,1515.7764892578125,33676
2020-12-22,1547.0,1559.949951171875,1486.300048828125,1544.0999755859375,1541.2291259765625,37061
2020-12-23,1544.0,1578.0,1538.449951171875,1570.5999755859375,1567.6798095703125,12610
2020-12-24,1572.949951171875,1597.4000244140625,1544.949951171875,1584.3499755859375,1581.404296875,12251
2020-12-28,1540.0,1664.449951171875,1540.0,1630.5999755859375,1627.5682373046875,103944
2020-12-29,1645.5,1646.0,1616.9000244140625,1633.0999755859375,1630.0635986328125,39244
2020-12-30,1632.0,1660.0,1612.5,1641.6500244140625,1638.5977783203125,26175
2020-12-31,1651.5999755859375,1652.75,1620.0,1628.0999755859375,1625.0728759765625,17053
2021-01-01,1620.0,1635.0,1616.449951171875,1628.4000244140625,1625.3724365234375,12191
2021-01-04,1622.0,1645.0,1610.0,1614.949951171875,1611.9473876953125,30196
2021-01-05,1616.9000244140625,1663.5,1610.0,1653.1500244140625,1650.076416015625,45402
2021-01-06,1670.0,1773.949951171875,1670.0,1695.5999755859375,1692.4473876953125,306198
2021-01-07,1719.699951171875,1760.0,1710.0,1717.8499755859375,1714.6561279296875,85033
2021-01-08,1747.0,1747.0,1700.0,1708.5,1705.323486328125,37517
2021-01-11,1717.0,1721.0,1666.0,1683.949951171875,1680.819091796875,29039
2021-01-12,1683.949951171875,1744.0,1674.25,1690.550048828125,1687.4068603515625,41529
2021-01-13,1708.800048828125,1724.0,1645.0,1656.0999755859375,1653.0208740234375,35014
2021-01-14,1662.0,1699.449951171875,1657.0,1661.800048828125,1658.7103271484375,37958
2021-01-15,1664.0,1677.800048828125,1620.0,1627.199951171875,1624.174560546875,24102
2021-01-18,1627.0,1627.0,1568.8499755859375,1603.050048828125,1600.069580078125,40198
2021-01-19,1608.949951171875,1639.4000244140625,1605.550048828125,1617.050048828125,1614.0435791015625,14723
2021-01-20,1611.050048828125,1694.25,1603.6500244140625,1690.25,1687.107421875,63705
2021-01-21,1690.25,1690.25,1623.0,1669.699951171875,1666.5955810546875,49394
2021-01-22,1642.8499755859375,1678.050048828125,1620.0,1628.9000244140625,1625.8714599609375,24595
2021-01-25,1649.699951171875,1650.0,1602.0999755859375,1614.0,1610.9991455078125,11855
2021-01-27,1610.949951171875,1647.5,1590.0,1598.550048828125,1595.5780029296875,17053
2021-01-28,1604.0,1610.0,1572.949951171875,1577.1500244140625,1574.2176513671875,12974
2021-01-29,1610.0,1610.0,1550.0,1561.5,1558.5968017578125,13028
2021-02-01,1575.0,1607.949951171875,1552.8499755859375,1591.25,1588.29150390625,14301
2021-02-02,1599.1500244140625,1627.0,1560.0,1569.0999755859375,1566.1826171875,19340
2021-02-03,1600.0,1625.0,1581.0,1601.5,1598.5224609375,32527
2021-02-04,1614.0,1640.0,1599.6500244140625,1632.9000244140625,1629.864013671875,44700
2021-02-05,1654.949951171875,1655.0,1612.25,1625.949951171875,1622.9268798828125,17699
2021-02-08,1625.949951171875,1655.0,1623.699951171875,1639.300048828125,1636.252197265625,31721
2021-02-09,1648.0,1710.0,1628.5,1693.050048828125,1689.9022216796875,467257
2021-02-10,1717.0,1797.0,1701.0,1767.699951171875,1764.413330078125,359307
2021-02-11,1774.0,2002.4000244140625,1766.949951171875,1923.800048828125,1920.2232666015625,540403
2021-02-12,1929.0,2045.0,1882.6500244140625,1977.9000244140625,1974.22265625,314027
2021-02-15,1977.0,2074.0,1952.300048828125,2048.949951171875,2045.1405029296875,210809
2021-02-16,2055.89990234375,2059.199951171875,1963.5,1999.75,1996.031982421875,74500
2021-02-17,1995.0,2070.0,1966.199951171875,2057.25,2053.425048828125,98480
2021-02-18,2050.0,2120.0,2021.0,2106.050048828125,2102.13427734375,100824
2021-02-19,2110.0,2150.0,1997.0,2027.949951171875,2024.179443359375,100894
2021-02-22,2025.050048828125,2038.0999755859375,1955.050048828125,1976.800048828125,1973.1246337890625,49921
2021-02-23,1979.949951171875,2039.0,1960.8499755859375,1996.8499755859375,1993.1373291015625,34939
2021-02-24,1985.0,2015.0,1970.5,1994.4000244140625,1990.69189453125,19055
2021-02-25,2004.9000244140625,2025.0,1978.25,2005.8499755859375,2002.12060546875,20104
2021-02-26,1999.9000244140625,2020.0,1907.6500244140625,1926.75,1923.167724609375,45518
2021-03-01,1953.449951171875,1999.0,1863.25,1898.699951171875,1895.1697998046875,50898
2021-03-02,1919.0,2195.10009765625,1910.1500244140625,2105.050048828125,2101.13623046875,292271
2021-03-03,2110.0,2244.949951171875,2063.85009765625,2198.949951171875,2194.861572265625,156176
2021-03-04,2198.949951171875,2318.800048828125,2165.050048828125,2248.0,2243.8203125,126352
2021-03-05,2225.10009765625,2372.0,2200.0,2264.10009765625,2259.890625,118203
2021-03-08,2286.64990234375,2330.0,2186.199951171875,2228.35009765625,2224.20703125,59747
2021-03-09,2250.0,2366.0,2238.949951171875,2286.10009765625,2281.849609375,114307
2021-03-10,2308.699951171875,2327.0,2227.949951171875,2247.75,2243.57080078125,38093
2021-03-12,2270.0,2319.75,2232.550048828125,2252.800048828125,2248.611572265625,36737
2021-03-15,2269.949951171875,2269.949951171875,2209.800048828125,2227.949951171875,2223.8076171875,13924
2021-03-16,2227.949951171875,2260.050048828125,2190.0,2213.050048828125,2208.935546875,16271
2021-03-17,2213.0,2233.89990234375,2115.0,2141.89990234375,2137.91748046875,21045
2021-03-18,2170.0,2219.0,2060.0,2077.550048828125,2073.687255859375,32556
2021-03-19,2045.0,2094.0,2000.050048828125,2079.550048828125,2075.68359375,63578
2021-03-22,2055.050048828125,2117.800048828125,2052.25,2087.75,2083.868408203125,31548
2021-03-23,2068.14990234375,2123.0,2068.14990234375,2086.300048828125,2082.421142578125,13738
2021-03-24,2070.0,2090.949951171875,1994.1500244140625,2002.949951171875,1999.2259521484375,28338
2021-03-25,2050.0,2078.949951171875,1975.0,1985.5,1981.8084716796875,58676
2021-03-26,2008.949951171875,2020.0,1976.050048828125,2008.1500244140625,2004.4163818359375,27959
2021-03-30,2015.0,2040.050048828125,1981.949951171875,2030.300048828125,2026.5252685546875,27035
2021-03-31,2010.0,2098.0,2003.1500244140625,2069.75,2065.90185546875,32062
2021-04-01,2098.0,2160.0,2070.0,2136.89990234375,2132.9267578125,25528
2021-04-05,2085.0,2115.89990234375,2015.1500244140625,2034.949951171875,2031.16650390625,29139
2021-04-06,2045.699951171875,2132.0,2021.699951171875,2101.64990234375,2097.742431640625,38698
2021-04-07,2090.25,2140.050048828125,2068.14990234375,2094.949951171875,2091.054931640625,37749
2021-04-08,2102.35009765625,2145.0,2073.0,2094.64990234375,2090.75537109375,24972
2021-04-09,2106.0,2106.0,2062.64990234375,2068.800048828125,2064.95361328125,14587
2021-04-12,2044.550048828125,2044.550048828125,1922.25,1940.4000244140625,1936.7923583984375,35284
2021-04-13,1966.0,2159.949951171875,1953.0,2118.35009765625,2114.41162109375,106873
2021-04-15,2080.0,2128.699951171875,2052.25,2083.5,2079.626220703125,28952
2021-04-16,2084.0,2128.0,2079.0,2099.89990234375,2095.99560546875,18259
2021-04-19,2060.0,2096.64990234375,2005.0,2027.5999755859375,2023.8302001953125,119507
2021-04-20,2085.0,2085.0,2010.0,2020.1500244140625,2016.39404296875,22378
2021-04-22,2022.0,2065.5,2021.0,2033.0,2029.2200927734375,11211
2021-04-23,2044.949951171875,2063.35009765625,1955.199951171875,1969.6500244140625,1965.9879150390625,34386
2021-04-26,1999.0,2010.0,1972.0,1977.5,1973.8233642578125,16272
2021-04-27,2012.0,2035.0,1975.0,2014.800048828125,2011.0540771484375,25899
2021-04-28,2015.0,2122.0,2015.0,2051.14990234375,2047.3363037109375,71916
2021-04-29,2100.0,2109.0,2066.449951171875,2073.949951171875,2070.093994140625,24211
2021-04-30,2058.0,2270.0,2058.0,2228.75,2224.606201171875,245981
2021-05-03,2247.800048828125,2340.5,2211.10009765625,2282.89990234375,2278.655517578125,109278
2021-05-04,2297.949951171875,2393.0,2260.0,2281.550048828125,2277.30810546875,137705
2021-05-05,2302.10009765625,2380.0,2285.0,2320.699951171875,2316.38525390625,57043
2021-05-06,2349.949951171875,2360.0,2263.25,2294.89990234375,2290.633056640625,43855
2021-05-07,2314.89990234375,2518.0,2292.199951171875,2451.699951171875,2447.1416015625,530996
2021-05-10,2489.0,2609.0,2465.0,2480.449951171875,2475.838134765625,188338
2021-05-11,2472.25,2590.0,2460.14990234375,2493.60009765625,2488.9638671875,128539
2021-05-12,2450.0,2475.0,2350.25,2409.64990234375,2405.169677734375,274331
2021-05-14,2446.89990234375,2549.800048828125,2405.0,2471.14990234375,2466.555419921875,214333
2021-05-17,2492.0,2495.0,2379.0,2389.449951171875,2385.00732421875,64757
2021-05-18,2399.949951171875,2510.0,2349.699951171875,2497.550048828125,2492.906494140625,150205
2021-05-19,2513.699951171875,2513.699951171875,2446.0,2452.800048828125,2448.23974609375,27431
2021-05-20,2486.0,2542.699951171875,2458.0,2465.949951171875,2461.365234375,77945
2021-05-21,2495.0,2495.0,2430.0,2443.550048828125,2439.0068359375,30539
2021-05-24,2475.699951171875,2499.0,2388.0,2405.35009765625,2400.8779296875,38759
2021-05-25,2424.699951171875,2445.0,2392.0,2403.5,2399.03125,27565
2021-05-26,2415.5,2425.85009765625,2320.0,2340.050048828125,2335.69921875,54292
2021-05-27,2369.699951171875,2415.75,2325.0,2374.050048828125,2369.635986328125,58257
2021-05-28,2376.0,2421.0,2354.60009765625,2364.699951171875,2360.303466796875,33594
2021-05-31,2378.800048828125,2438.199951171875,2366.0,2424.300048828125,2419.792724609375,39257
2021-06-01,2438.199951171875,2479.0,2355.0,2459.60009765625,2455.027099609375,87078
2021-06-02,2450.0,2530.89990234375,2439.60009765625,2499.0,2494.353759765625,95743
2021-06-03,2511.5,2559.39990234375,2503.35009765625,2526.0,2521.303466796875,50648
2021-06-04,2530.0,2549.0,2495.0,2499.64990234375,2495.00244140625,33251
2021-06-07,2499.64990234375,2532.699951171875,2470.10009765625,2483.0,2478.383544921875,23368
2021-06-08,2509.949951171875,2530.0,2492.10009765625,2517.550048828125,2512.869384765625,30072
2021-06-09,2523.0,2587.39990234375,2480.0,2510.449951171875,2505.782470703125,63181
2021-06-10,2523.050048828125,2550.0,2498.0,2524.199951171875,2519.5068359375,45283
2021-06-11,2540.0,2544.949951171875,2501.0,2513.800048828125,2509.126220703125,13566
2021-06-14,2515.0,2549.800048828125,2477.0,2530.199951171875,2525.49560546875,25259
2021-06-15,2531.25,2598.0,2531.25,2549.800048828125,2545.059326171875,46933
2021-06-16,2581.39990234375,2865.0,2581.39990234375,2774.050048828125,2768.892333984375,929390
2021-06-17,2755.0,2779.449951171875,2672.5,2693.64990234375,2688.641845703125,105388
2021-06-18,2704.050048828125,2744.5,2559.85009765625,2645.39990234375,2640.4814453125,67986
2021-06-21,2625.0,2645.39990234375,2563.25,2576.14990234375,2571.360107421875,52094
2021-06-22,2604.35009765625,2695.0,2585.550048828125,2609.14990234375,2604.298828125,70586
2021-06-23,2611.0,2644.64990234375,2580.0,2597.14990234375,2592.321044921875,22865
2021-06-24,2612.0,2634.60009765625,2551.0,2566.25,2561.478759765625,34199
2021-06-25,2583.0,2650.550048828125,2575.10009765625,2595.550048828125,2590.724365234375,34767
2021-06-28,2620.0,2640.0,2551.0,2562.60009765625,2557.835693359375,24850
2021-06-29,2572.0,2650.0,2520.0,2532.199951171875,2527.491943359375,37266
2021-06-30,2535.0,2619.0,2535.0,2599.300048828125,2594.46728515625,33071
2021-07-01,2620.0,2638.0,2565.0,2584.699951171875,2579.894287109375,36970
2021-07-02,2608.199951171875,2634.64990234375,2592.10009765625,2626.14990234375,2621.267333984375,55938
2021-07-05,2648.949951171875,2688.0,2590.0,2602.39990234375,2597.561279296875,50086
2021-07-06,2620.89990234375,2637.85009765625,2595.0,2599.14990234375,2594.3173828125,22526
2021-07-07,2605.0,2682.0,2580.5,2632.35009765625,2627.455810546875,53950
2021-07-08,2646.35009765625,2650.0,2590.0,2603.5,2598.659423828125,23795
2021-07-09,2615.0,2615.0,2580.050048828125,2591.550048828125,2586.731689453125,11887
2021-07-12,2619.699951171875,2636.5,2600.0,2622.050048828125,2617.175048828125,19720
2021-07-13,2621.0,2672.550048828125,2603.75,2613.300048828125,2608.441162109375,33420
2021-07-14,2634.699951171875,2665.0,2622.10009765625,2640.800048828125,2635.89013671875,22491
2021-07-15,2650.0,2758.5,2650.0,2724.75,2719.68408203125,106419
2021-07-16,2747.449951171875,2780.0,2690.800048828125,2716.89990234375,2711.8486328125,35558
2021-07-19,2704.949951171875,2744.0,2691.14990234375,2718.699951171875,2713.645263671875,21273
2021-07-20,2730.0,2733.0,2650.0,2689.300048828125,2684.300048828125,20840
2021-07-22,2701.0,2760.0,2700.0,2705.64990234375,2705.64990234375,21637
2021-07-23,2714.85009765625,2779.699951171875,2704.75,2726.60009765625,2726.60009765625,23806
2021-07-26,2720.0,2873.0,2720.0,2818.050048828125,2818.050048828125,101610
2021-07-27,2850.0,2919.0,2802.199951171875,2815.39990234375,2815.39990234375,105766
2021-07-28,2835.0,2919.0,2791.0,2894.0,2894.0,58988
2021-07-29,2920.25,2934.699951171875,2806.050048828125,2826.35009765625,2826.35009765625,31553
2021-07-30,2853.300048828125,2925.64990234375,2841.949951171875,2876.199951171875,2876.199951171875,51907
2021-08-02,2900.0,2959.949951171875,2883.35009765625,2921.800048828125,2921.800048828125,53549
2021-08-03,2944.699951171875,2954.699951171875,2880.0,2887.949951171875,2887.949951171875,29967
2021-08-04,2902.39990234375,2913.0,2840.0,2874.949951171875,2874.949951171875,26066
2021-08-05,2899.0,2899.0,2816.699951171875,2864.949951171875,2864.949951171875,28808
2021-08-06,2875.0,3437.75,2871.60009765625,3375.800048828125,3375.800048828125,1044584
2021-08-09,3389.699951171875,3800.0,3282.64990234375,3669.89990234375,3669.89990234375,1593527
2021-08-10,3643.0,3885.300048828125,3555.0,3790.60009765625,3790.60009765625,1076267
2021-08-11,3750.0,3930.0,3729.5,3830.89990234375,3830.89990234375,882449
2021-08-12,3839.0,3865.5,3692.050048828125,3757.300048828125,3757.300048828125,112855
2021-08-13,3774.0,3782.85009765625,3645.0,3666.050048828125,3666.050048828125,60179
2021-08-16,3679.699951171875,3688.0,3526.0,3651.14990234375,3651.14990234375,60735
2021-08-17,3630.60009765625,3685.0,3550.0,3580.64990234375,3580.64990234375,29280
2021-08-18,3560.0,3639.35009765625,3480.0,3487.199951171875,3487.199951171875,37672
2021-08-20,3400.0,3577.89990234375,3390.0,3543.0,3543.0,52579
2021-08-23,3575.0,3577.0,3401.0,3433.64990234375,3433.64990234375,46322
2021-08-24,3459.0,3616.0,3439.0,3514.39990234375,3514.39990234375,137950
2021-08-25,3524.0,3574.550048828125,3450.050048828125,3475.89990234375,3475.89990234375,64836
2021-08-26,3499.89990234375,3592.0,3422.25,3440.0,3440.0,91426
2021-08-27,3459.699951171875,3494.89990234375,3417.0,3432.89990234375,3432.89990234375,41291
2021-08-30,3469.75,3649.0,3436.0,3600.949951171875,3600.949951171875,234774
2021-08-31,3636.949951171875,3690.0,3566.5,3586.89990234375,3586.89990234375,138250
2021-09-01,3608.0,3648.199951171875,3580.0,3587.75,3587.75,50954
2021-09-02,3615.050048828125,3790.0,3585.64990234375,3636.5,3636.5,220178
2021-09-03,3698.0,3710.0,3600.0,3621.35009765625,3621.35009765625,68058
2021-09-06,3654.699951171875,3657.14990234375,3574.0,3592.60009765625,3592.60009765625,38249
2021-09-07,3594.39990234375,3625.0,3492.0,3517.199951171875,3517.199951171875,58376
2021-09-08,3529.35009765625,3529.35009765625,3385.800048828125,3444.75,3444.75,155655
2021-09-09,3440.0,3470.0,3361.0,3411.85009765625,3411.85009765625,95547
2021-09-13,3433.14990234375,3480.0,3406.64990234375,3420.449951171875,3420.449951171875,47859
2021-09-14,3434.449951171875,3471.75,3400.0,3404.949951171875,3404.949951171875,47417
2021-09-15,3415.0,3532.0,3415.0,3477.550048828125,3477.550048828125,65379
2021-09-16,3489.89990234375,3520.0,3445.35009765625,3468.949951171875,3468.949951171875,33889
2021-09-17,3489.699951171875,3498.0,3402.050048828125,3425.35009765625,3425.35009765625,36802
2021-09-20,3410.0,3448.0,3352.25,3376.300048828125,3376.300048828125,35522
2021-09-21,3374.699951171875,3419.0,3330.89990234375,3345.60009765625,3345.60009765625,42834
2021-09-22,3369.39990234375,3455.699951171875,3360.0,3396.10009765625,3396.10009765625,45283
2021-09-23,3447.89990234375,3520.0,3401.300048828125,3431.699951171875,3431.699951171875,75840
2021-09-24,3468.39990234375,3470.0,3383.699951171875,3395.25,3395.25,22151
2021-09-27,3425.0,3437.699951171875,3355.0,3372.14990234375,3372.14990234375,16358
2021-09-28,3384.949951171875,3420.800048828125,3350.0,3363.39990234375,3363.39990234375,24014
2021-09-29,3355.0,3393.35009765625,3351.0,3368.449951171875,3368.449951171875,68439
2021-09-30,3268.0,3464.89990234375,3268.0,3427.75,3427.75,71428
2021-10-01,3435.0,3580.0,3420.0,3444.800048828125,3444.800048828125,133173
2021-10-04,3469.949951171875,3575.0,3455.0,3553.550048828125,3553.550048828125,61138
2021-10-05,3577.699951171875,3615.0,3538.85009765625,3578.550048828125,3578.550048828125,58771
2021-10-06,3588.39990234375,3620.0,3490.0,3528.10009765625,3528.10009765625,47712
2021-10-07,3573.35009765625,3573.35009765625,3480.89990234375,3499.550048828125,3499.550048828125,25846
2021-10-08,3500.0,3549.0,3482.0,3489.25,3489.25,21119
2021-10-11,3502.0,3529.0,3435.0,3479.949951171875,3479.949951171875,23251
2021-10-12,3480.0,3487.10009765625,3410.0,3432.949951171875,3432.949951171875,23992
2021-10-13,3432.64990234375,3470.949951171875,3415.0,3420.60009765625,3420.60009765625,26343
2021-10-14,3459.699951171875,3650.0,3390.10009765625,3587.75,3587.75,108078
2021-10-18,3669.0,3740.0,3617.050048828125,3636.199951171875,3636.199951171875,144978
2021-10-19,3694.699951171875,3699.0,3557.449951171875,3576.64990234375,3576.64990234375,50834
2021-10-20,3576.0,3576.0,3454.35009765625,3551.5,3551.5,44867
2021-10-21,3544.949951171875,3561.0,3402.0,3469.449951171875,3469.449951171875,29119
2021-10-22,3455.0,3460.050048828125,3301.0,3345.5,3345.5,38140
2021-10-25,3345.5,3349.64990234375,3175.0,3200.949951171875,3200.949951171875,45052
2021-10-26,3240.0,3328.89990234375,3222.35009765625,3304.050048828125,3304.050048828125,21890
2021-10-27,3304.050048828125,3390.0,3250.0,3300.35009765625,3300.35009765625,36077
2021-10-28,3316.0,3365.0,3200.35009765625,3246.699951171875,3246.699951171875,51320
2021-10-29,3244.0,3270.050048828125,3151.25,3240.64990234375,3240.64990234375,37684
2021-11-01,3288.699951171875,3288.699951171875,3175.199951171875,3222.550048828125,3222.550048828125,57412
2021-11-02,3223.0,3368.0,3066.0,3202.449951171875,3202.449951171875,178658
2021-11-03,3150.0,3237.89990234375,3150.0,3193.050048828125,3193.050048828125,41807
2021-11-04,3231.35009765625,3239.89990234375,3200.0,3229.60009765625,3229.60009765625,5646
2021-11-08,3244.699951171875,3245.0,3125.0,3159.39990234375,3159.39990234375,50868
2021-11-09,3175.0,3178.5,3123.5,3133.800048828125,3133.800048828125,26620
2021-11-10,3136.0,3142.449951171875,3022.60009765625,3033.699951171875,3033.699951171875,74862
2021-11-11,3046.0,3060.0,2963.0,3007.5,3007.5,58426
2021-11-12,3020.0,3040.0,2960.0,2977.199951171875,2977.199951171875,25010
2021-11-15,2995.0,3029.699951171875,2865.25,2879.14990234375,2879.14990234375,53729
2021-11-16,2902.0,2929.0,2875.5,2902.35009765625,2902.35009765625,46628
2021-11-17,2910.89990234375,2929.0,2875.0,2884.449951171875,2884.449951171875,23927
2021-11-18,2907.949951171875,2918.60009765625,2812.449951171875,2834.75,2834.75,20124
2021-11-22,2835.0,2849.85009765625,2732.0,2749.800048828125,2749.800048828125,28570
2021-11-23,2736.0,2829.0,2700.0,2790.10009765625,2790.10009765625,35792
2021-11-24,2790.0,2867.25,2775.0,2788.75,2788.75,28746
2021-11-25,2799.949951171875,2849.699951171875,2749.050048828125,2798.550048828125,2798.550048828125,24668
2021-11-26,2770.0,2804.300048828125,2703.0,2711.449951171875,2711.449951171875,28609
2021-11-29,2740.0,2740.0,2601.0,2718.75,2718.75,45263
2021-11-30,2701.0,2735.10009765625,2652.050048828125,2713.050048828125,2713.050048828125,49683
2021-12-01,2720.0,2750.0,2700.050048828125,2729.550048828125,2729.550048828125,14805
2021-12-02,2711.800048828125,2839.0,2711.699951171875,2815.449951171875,2815.449951171875,23354
2021-12-03,2834.699951171875,2910.0,2815.0,2894.35009765625,2894.35009765625,41378
2021-12-06,2905.0,2920.0,2838.800048828125,2842.85009765625,2842.85009765625,24099
2021-12-07,2857.10009765625,2911.0,2811.050048828125,2897.85009765625,2897.85009765625,19524
2021-12-08,2946.699951171875,2976.75,2901.10009765625,2909.550048828125,2909.550048828125,37980
2021-12-09,2924.10009765625,2944.0,2879.949951171875,2883.10009765625,2883.10009765625,14112
2021-12-10,2904.949951171875,2904.949951171875,2835.199951171875,2873.35009765625,2873.35009765625,21547
2021-12-13,2900.0,2923.89990234375,2870.0,2901.35009765625,2901.35009765625,21261
2021-12-14,2900.0,3030.0,2893.0,2910.39990234375,2910.39990234375,71345
2021-12-15,2923.949951171875,2939.85009765625,2851.39990234375,2862.10009765625,2862.10009765625,15192
2021-12-16,2880.0,2894.39990234375,2791.050048828125,2836.35009765625,2836.35009765625,24752
2021-12-17,2810.050048828125,2850.0,2794.35009765625,2802.199951171875,2802.199951171875,13555
2021-12-20,2814.0,2814.0,2705.0,2754.050048828125,2754.050048828125,22123
2021-12-21,2779.949951171875,2825.199951171875,2762.449951171875,2797.0,2797.0,32324
2021-12-22,2824.0,2842.0,2785.14990234375,2798.800048828125,2798.800048828125,9047
2021-12-23,2827.0,2827.0,2790.10009765625,2803.300048828125,2803.300048828125,7214
2021-12-24,2816.0,2818.0,2755.699951171875,2775.5,2775.5,10929
2021-12-27,2806.0,2840.0,2750.10009765625,2789.60009765625,2789.60009765625,16794
2021-12-28,2809.699951171875,2900.0,2787.35009765625,2878.300048828125,2878.300048828125,42001
2021-12-29,2880.0,3121.89990234375,2871.199951171875,3058.5,3058.5,207001
2021-12-30,3029.0,3050.0,2961.10009765625,2978.300048828125,2978.300048828125,41857
2021-12-31,2994.699951171875,3071.699951171875,2935.0,3031.10009765625,3031.10009765625,45524
2022-01-03,3030.0,3047.89990234375,2977.050048828125,3002.800048828125,3002.800048828125,40146
2022-01-04,3030.0,3031.949951171875,2965.0,2980.75,2980.75,21122
2022-01-05,2994.0,3024.699951171875,2926.85009765625,2945.25,2945.25,33610
2022-01-06,2941.0,2954.0,2901.10009765625,2944.199951171875,2944.199951171875,15513
2022-01-07,2903.0,2958.050048828125,2854.85009765625,2939.35009765625,2939.35009765625,33518
2022-01-10,2954.050048828125,2980.85009765625,2937.85009765625,2960.75,2960.75,23626
2022-01-11,2953.0,3219.0,2953.0,3178.699951171875,3178.699951171875,291104
2022-01-12,3199.0,3277.0,3180.10009765625,3210.85009765625,3210.85009765625,68106
2022-01-13,3255.0,3255.0,3129.10009765625,3139.550048828125,3139.550048828125,25068
2022-01-14,3129.0,3155.949951171875,3105.0,3144.949951171875,3144.949951171875,22744
2022-01-17,3170.0,3279.89990234375,3150.0,3195.550048828125,3195.550048828125,48084
2022-01-18,3220.0,3289.89990234375,3194.449951171875,3213.25,3213.25,47428
2022-01-19,3269.949951171875,3269.949951171875,3140.0,3172.949951171875,3172.949951171875,25986
2022-01-20,3150.0,3222.800048828125,3117.10009765625,3190.35009765625,3190.35009765625,10620
2022-01-21,3150.0,3244.39990234375,3127.39990234375,3225.699951171875,3225.699951171875,29548
2022-01-24,3220.0,3223.699951171875,2853.25,3017.14990234375,3017.14990234375,95144
2022-01-25,2961.050048828125,3085.0,2937.199951171875,3033.10009765625,3033.10009765625,28927
2022-01-27,3048.949951171875,3200.0,3010.0,3109.449951171875,3109.449951171875,47541
2022-01-28,3150.0,3176.050048828125,3093.800048828125,3111.449951171875,3111.449951171875,17823
2022-01-31,3127.050048828125,3169.699951171875,3022.0,3075.64990234375,3075.64990234375,28161
2022-02-01,3095.0,3119.699951171875,3032.0,3082.449951171875,3082.449951171875,11377
2022-02-02,3097.89990234375,3238.0,3095.449951171875,3186.300048828125,3186.300048828125,56541
2022-02-03,3189.699951171875,3214.85009765625,3113.25,3131.699951171875,3131.699951171875,13589
2022-02-04,3147.39990234375,3180.0,3114.89990234375,3159.64990234375,3159.64990234375,11050
2022-02-07,3175.0,3200.75,3089.0,3103.35009765625,3103.35009765625,13875
2022-02-08,3116.0,3166.0,3080.0,3151.449951171875,3151.449951171875,21254
2022-02-09,3199.89990234375,3220.0,2940.0,2958.14990234375,2958.14990234375,133404
2022-02-10,2941.949951171875,2942.0,2817.0,2858.25,2858.25,89322
2022-02-11,2800.0,2888.0,2800.0,2817.050048828125,2817.050048828125,26160
2022-02-14,2750.050048828125,2769.949951171875,2690.0,2711.550048828125,2711.550048828125,38546
2022-02-15,2704.0,2736.800048828125,2643.300048828125,2711.699951171875,2711.699951171875,30307
2022-02-16,2740.0,2849.0,2739.949951171875,2825.14990234375,2825.14990234375,36209
2022-02-17,2839.0,2847.949951171875,2795.5,2799.35009765625,2799.35009765625,17890
2022-02-18,2800.0,2805.800048828125,2741.75,2751.800048828125,2751.800048828125,17451
2022-02-21,2751.0,2810.89990234375,2712.89990234375,2742.89990234375,2742.89990234375,102201
2022-02-22,2699.949951171875,2785.949951171875,2690.0,2748.0,2748.0,59922
2022-02-23,2730.0,2849.300048828125,2730.0,2785.699951171875,2785.699951171875,65047
2022-02-24,2772.0,2788.449951171875,2645.0,2660.89990234375,2660.89990234375,61438
2022-02-25,2671.0,2819.800048828125,2671.0,2780.64990234375,2780.64990234375,54242
2022-02-28,2780.64990234375,2788.89990234375,2702.050048828125,2749.800048828125,2749.800048828125,35630
2022-03-02,2678.0,2791.199951171875,2678.0,2736.300048828125,2736.300048828125,36947
2022-03-03,2789.0,2830.0,2734.050048828125,2782.050048828125,2782.050048828125,56005
2022-03-04,2782.050048828125,2782.050048828125,2675.550048828125,2690.800048828125,2690.800048828125,39403
2022-03-07,2650.0,2684.25,2622.0,2629.300048828125,2629.300048828125,43852
2022-03-08,2649.0,2691.14990234375,2580.0,2642.35009765625,2642.35009765625,54287
2022-03-09,2633.0,2825.60009765625,2628.35009765625,2779.75,2779.75,49932
2022-03-10,2840.0,2870.85009765625,2791.949951171875,2845.550048828125,2845.550048828125,55346
2022-03-11,2845.0,2920.0,2841.14990234375,2897.25,2897.25,50759
2022-03-14,2900.0,3020.64990234375,2897.050048828125,2991.64990234375,2991.64990234375,92658
2022-03-15,2990.0,2990.949951171875,2832.35009765625,2860.75,2860.75,54808
2022-03-16,2876.35009765625,2895.5,2813.949951171875,2850.0,2850.0,64275
2022-03-17,2868.64990234375,2919.949951171875,2735.0,2874.449951171875,2874.449951171875,326005
2022-03-21,2840.10009765625,2919.0,2806.10009765625,2891.35009765625,2891.35009765625,34315
2022-03-22,2915.800048828125,2944.0,2866.64990234375,2919.800048828125,2919.800048828125,55570
2022-03-23,2919.949951171875,2986.0,2915.0,2951.800048828125,2951.800048828125,22221
2022-03-24,2921.14990234375,2990.0,2921.14990234375,2931.449951171875,2931.449951171875,42789
2022-03-25,2946.14990234375,2950.0,2895.0,2918.60009765625,2918.60009765625,50697
2022-03-28,2934.0,2999.0,2825.0,2955.050048828125,2955.050048828125,48071
2022-03-29,2969.699951171875,2999.0,2917.550048828125,2983.800048828125,2983.800048828125,27861
2022-03-30,2999.0,3130.0,2980.35009765625,3091.39990234375,3091.39990234375,103668
2022-03-31,3124.699951171875,3142.85009765625,3051.0,3092.89990234375,3092.89990234375,138885
2022-04-01,3106.0,3128.5,3013.300048828125,3031.0,3031.0,27041
2022-04-04,3069.0,3074.949951171875,2991.0,2997.800048828125,2997.800048828125,22070
2022-04-05,3013.60009765625,3049.0,2980.0,2997.64990234375,2997.64990234375,33127
2022-04-06,2993.0,3040.0,2984.35009765625,2992.89990234375,2992.89990234375,20540
2022-04-07,2987.0,2993.699951171875,2911.10009765625,2918.949951171875,2918.949951171875,30682
2022-04-08,2933.550048828125,2945.300048828125,2870.0,2887.050048828125,2887.050048828125,22541
2022-04-11,2880.0,2934.89990234375,2870.0,2875.699951171875,2875.699951171875,15354
2022-04-12,2890.800048828125,2890.89990234375,2801.10009765625,2803.0,2803.0,22791
2022-04-13,2830.0,2830.0,2783.050048828125,2799.85009765625,2799.85009765625,16065
2022-04-18,2798.699951171875,2798.699951171875,2684.5,2715.14990234375,2715.14990234375,24967
2022-04-19,2739.699951171875,2754.0,2691.0,2706.35009765625,2706.35009765625,14826
2022-04-20,2719.89990234375,2749.75,2665.0,2674.199951171875,2674.199951171875,24681
2022-04-21,2700.0,2719.0,2663.60009765625,2671.0,2671.0,16131
2022-04-22,2671.0,2740.0,2671.0,2687.35009765625,2687.35009765625,19485
2022-04-25,2694.39990234375,2710.0,2666.449951171875,2688.050048828125,2688.050048828125,11720
2022-04-26,2699.0,2737.300048828125,2699.0,2710.5,2710.5,12654
2022-04-27,2714.699951171875,2714.699951171875,2660.050048828125,2670.0,2670.0,11028
2022-04-28,2698.60009765625,2698.60009765625,2650.199951171875,2667.800048828125,2667.800048828125,8195
2022-04-29,2662.25,2725.0,2662.25,2694.5,2694.5,11306
2022-05-02,2693.39990234375,2693.39990234375,2631.10009765625,2653.0,2653.0,23609
2022-05-04,2655.0,2674.0,2601.199951171875,2622.199951171875,2622.199951171875,11943
2022-05-05,2649.0,2671.949951171875,2620.10009765625,2642.35009765625,2642.35009765625,6949
2022-05-06,2600.0,2629.89990234375,2551.0,2590.800048828125,2590.800048828125,12721
2022-05-09,2585.0,2869.0,2528.0,2808.550048828125,2808.550048828125,469761
2022-05-10,2813.0,2869.0,2559.199951171875,2668.5,2668.5,137263
2022-05-11,2658.0,2658.0,2475.0,2542.050048828125,2542.050048828125,59085
2022-05-12,2537.0,2537.0,2390.0,2404.0,2404.0,36710
2022-05-13,2474.699951171875,2474.699951171875,2377.0,2453.14990234375,2453.14990234375,40676
2022-05-16,2474.0,2479.199951171875,2391.10009765625,2413.60009765625,2413.60009765625,31196
2022-05-17,2425.699951171875,2474.89990234375,2401.0,2456.5,2456.5,27993
2022-05-18,2460.0,2541.85009765625,2459.89990234375,2520.60009765625,2520.60009765625,25934
2022-05-19,2425.25,2489.89990234375,2425.25,2458.39990234375,2458.39990234375,11728
2022-05-20,2493.0,2517.949951171875,2455.050048828125,2473.14990234375,2473.14990234375,10926
2022-05-23,2473.0,2500.0,2421.14990234375,2436.35009765625,2436.35009765625,13873
2022-05-24,2440.0,2484.35009765625,2430.050048828125,2455.449951171875,2455.449951171875,9909
2022-05-25,2442.199951171875,2470.0,2351.0,2386.0,2386.0,13416
2022-05-26,2397.699951171875,2438.60009765625,2355.0,2423.35009765625,2423.35009765625,10714
2022-05-27,2426.0,2461.0,2376.800048828125,2429.14990234375,2429.14990234375,11063
2022-05-30,2470.0,2619.0,2455.0,2558.800048828125,2558.800048828125,48846
2022-05-31,2551.050048828125,2573.0,2528.35009765625,2554.699951171875,2554.699951171875,28071
2022-06-01,2554.699951171875,2649.0,2540.0,2585.949951171875,2585.949951171875,31124
2022-06-02,2572.0,2795.0,2572.0,2676.75,2676.75,114774
2022-06-03,2678.0,2741.0,2652.050048828125,2697.699951171875,2697.699951171875,23219
2022-06-06,2638.0,2759.050048828125,2638.0,2712.550048828125,2712.550048828125,21689
2022-06-07,2723.449951171875,2723.449951171875,2651.050048828125,2665.0,2665.0,9269
2022-06-08,2650.050048828125,2678.199951171875,2580.0,2604.800048828125,2604.800048828125,12917
2022-06-09,2563.0,2615.89990234375,2563.0,2576.800048828125,2576.800048828125,8732
2022-06-10,2584.0,2584.0,2505.0,2520.60009765625,2520.60009765625,11161
2022-06-13,2519.699951171875,2520.0,2436.64990234375,2466.14990234375,2466.14990234375,10125
2022-06-14,2444.050048828125,2500.0,2435.050048828125,2470.75,2470.75,18926
2022-06-15,2483.14990234375,2535.699951171875,2465.0,2510.14990234375,2510.14990234375,16040
2022-06-16,2522.75,2569.25,2460.0,2526.39990234375,2526.39990234375,17061
2022-06-17,2526.39990234375,2534.699951171875,2473.050048828125,2497.89990234375,2497.89990234375,16138
2022-06-20,2495.050048828125,2495.050048828125,2371.0,2407.39990234375,2407.39990234375,50289
2022-06-21,2450.0,2563.85009765625,2376.5,2488.449951171875,2488.449951171875,80052
2022-06-22,2501.5,2561.199951171875,2485.050048828125,2535.25,2535.25,18815
2022-06-23,2520.050048828125,2520.050048828125,2447.35009765625,2471.35009765625,2471.35009765625,29705
2022-06-24,2496.0,2506.800048828125,2460.050048828125,2467.449951171875,2467.449951171875,8652
2022-06-27,2490.0,2580.0,2461.300048828125,2544.85009765625,2544.85009765625,19362
2022-06-28,2544.85009765625,2650.0,2521.75,2630.39990234375,2630.39990234375,19925
2022-06-29,2606.5,2699.0,2590.0,2676.449951171875,2676.449951171875,19016
2022-06-30,2653.699951171875,2748.75,2641.0,2728.550048828125,2728.550048828125,24396
2022-07-01,2727.0,2759.949951171875,2626.949951171875,2735.25,2735.25,19400
2022-07-04,2745.0,2754.75,2651.10009765625,2678.25,2678.25,21513
2022-07-05,2678.25,2694.89990234375,2601.0,2620.10009765625,2620.10009765625,11989
2022-07-06,2615.050048828125,2635.550048828125,2587.0,2609.85009765625,2609.85009765625,11980
2022-07-07,2622.89990234375,2710.0,2607.85009765625,2694.699951171875,2694.699951171875,20505
2022-07-08,2702.14990234375,2740.0,2661.0,2671.85009765625,2671.85009765625,12389
2022-07-11,2680.0,2697.699951171875,2645.0,2653.800048828125,2653.800048828125,8548
2022-07-12,2665.0,2699.0,2645.0,2654.10009765625,2654.10009765625,12188
2022-07-13,2654.10009765625,2836.0,2654.10009765625,2767.449951171875,2767.449951171875,165770
2022-07-14,2798.0,2804.0,2721.75,2744.35009765625,2744.35009765625,20192
2022-07-15,2761.0,2764.449951171875,2732.25,2738.89990234375,2738.89990234375,10748
2022-07-18,2759.0,2810.0,2745.050048828125,2781.699951171875,2781.699951171875,37328
2022-07-19,2770.0,2809.949951171875,2710.10009765625,2717.35009765625,2717.35009765625,43305
2022-07-20,2740.0,2754.35009765625,2660.0,2681.10009765625,2681.10009765625,21692
2022-07-21,2680.0,2707.949951171875,2668.699951171875,2678.39990234375,2678.39990234375,10640
2022-07-22,2692.5,2778.5,2675.0,2682.550048828125,2682.550048828125,50222
2022-07-25,2696.699951171875,2710.0,2655.0,2664.300048828125,2664.300048828125,16806
2022-07-26,2679.0,2744.0,2664.300048828125,2693.300048828125,2693.300048828125,20237
2022-07-27,2685.0,2713.449951171875,2664.35009765625,2675.449951171875,2675.449951171875,15986
2022-07-28,2689.0,2698.949951171875,2661.800048828125,2673.550048828125,2673.550048828125,11054
2022-07-29,2684.0,2698.949951171875,2670.35009765625,2691.89990234375,2691.89990234375,10239
2022-08-01,2699.0,2774.0,2695.199951171875,2758.699951171875,2758.699951171875,30226
2022-08-02,2751.0,2812.050048828125,2730.199951171875,2787.14990234375,2787.14990234375,32820
2022-08-03,2820.0,2910.0,2805.0,2869.39990234375,2869.39990234375,216349
2022-08-04,2901.0,2985.14990234375,2870.14990234375,2913.699951171875,2913.699951171875,120715
2022-08-05,2944.699951171875,2962.35009765625,2909.0,2929.60009765625,2929.60009765625,31569
2022-08-08,2929.0,3188.0,2905.14990234375,3089.10009765625,3089.10009765625,418122
2022-08-10,3110.050048828125,3175.0,3081.199951171875,3137.5,3137.5,60069
2022-08-11,3155.0,3167.75,3065.0,3111.5,3111.5,45676
2022-08-12,3145.0,3148.89990234375,3055.0,3071.699951171875,3071.699951171875,38499
2022-08-16,3099.300048828125,3297.699951171875,3069.949951171875,3268.699951171875,3268.699951171875,205168
2022-08-17,3288.0,3345.050048828125,3206.64990234375,3269.449951171875,3269.449951171875,79114
2022-08-18,3268.949951171875,3331.0,3222.89990234375,3287.0,3287.0,51538
2022-08-19,3265.0,3350.0,3265.0,3283.449951171875,3283.449951171875,45592
2022-08-22,3264.0,3334.0,3239.0,3245.25,3245.25,51395
2022-08-23,3245.25,3297.0,3202.300048828125,3217.699951171875,3217.699951171875,32572
2022-08-24,3230.0,3389.0,3217.0,3337.85009765625,3337.85009765625,56492
2022-08-25,3369.0,3526.10009765625,3350.0,3365.14990234375,3365.14990234375,136354
2022-08-26,3397.89990234375,3449.0,3333.300048828125,3362.89990234375,3362.89990234375,39464
2022-08-29,3299.64990234375,3372.0,3268.85009765625,3288.85009765625,3288.85009765625,31162
2022-08-30,3306.25,3361.550048828125,3260.0,3320.199951171875,3320.199951171875,40765
2022-09-01,3318.0,3345.300048828125,3271.0,3273.60009765625,3273.60009765625,19319
2022-09-02,3300.0,3314.0,3185.0,3210.25,3210.25,27943
2022-09-05,3225.0,3272.0,3174.0,3179.75,3179.75,22173
2022-09-06,3193.25,3232.64990234375,3182.550048828125,3196.25,3196.25,17490
2022-09-07,3208.0,3245.0,3149.949951171875,3231.949951171875,3231.949951171875,29344
2022-09-08,3250.0,3275.0,3185.0,3189.64990234375,3189.64990234375,19971
2022-09-09,3219.0,3219.0,3170.0,3179.300048828125,3179.300048828125,15831
2022-09-12,3195.199951171875,3209.199951171875,3157.550048828125,3168.60009765625,3168.60009765625,18391
2022-09-13,3184.449951171875,3265.0,3169.60009765625,3228.300048828125,3228.300048828125,56488
2022-09-14,3200.0,3243.949951171875,3163.25,3171.550048828125,3171.550048828125,27309
2022-09-15,3195.0,3202.050048828125,3135.0,3163.75,3163.75,18716
2022-09-16,3163.800048828125,3165.0,2981.0,2995.5,2995.5,48641
2022-09-19,3014.0,3072.0,2951.14990234375,2981.39990234375,2981.39990234375,36444
2022-09-20,3000.050048828125,3038.5,2971.35009765625,2983.550048828125,2983.550048828125,16584
2022-09-21,3000.0,3000.0,2921.14990234375,2933.25,2933.25,46691
2022-09-22,2906.0,2967.949951171875,2900.050048828125,2916.050048828125,2916.050048828125,36258
2022-09-23,2929.949951171875,2939.949951171875,2840.0,2854.800048828125,2854.800048828125,15772
2022-09-26,2846.0,2917.0,2781.25,2881.949951171875,2881.949951171875,35221
2022-09-27,2874.0,2923.949951171875,2833.25,2907.25,2907.25,20939
2022-09-28,2888.800048828125,2965.0,2870.050048828125,2937.35009765625,2937.35009765625,35243
2022-09-29,2952.050048828125,3009.300048828125,2950.050048828125,2990.35009765625,2990.35009765625,51225
2022-09-30,3019.0,3019.0,2957.0,2980.75,2980.75,16806
2022-10-03,3010.0,3010.0,2920.050048828125,2992.050048828125,2992.050048828125,12287
2022-10-04,3000.0,3015.0,2935.89990234375,2951.25,2951.25,27519
2022-10-06,2970.0,2995.300048828125,2955.0,2963.35009765625,2963.35009765625,10903
2022-10-07,2962.0,2967.39990234375,2942.60009765625,2945.0,2945.0,7274
2022-10-10,2911.0,2949.0,2907.050048828125,2917.199951171875,2917.199951171875,9721
2022-10-11,2930.89990234375,2930.89990234375,2845.14990234375,2853.699951171875,2853.699951171875,24620
2022-10-12,2853.800048828125,2886.800048828125,2845.5,2878.449951171875,2878.449951171875,7692
2022-10-13,2855.0,2885.550048828125,2845.449951171875,2874.5,2874.5,6603
2022-10-14,2890.0,2961.60009765625,2854.35009765625,2878.60009765625,2878.60009765625,18140
2022-10-17,2855.050048828125,2899.0,2850.0,2856.10009765625,2856.10009765625,15352
2022-10-18,2869.0,2899.60009765625,2865.800048828125,2884.300048828125,2884.300048828125,8215
2022-10-19,2874.35009765625,2894.89990234375,2845.39990234375,2847.800048828125,2847.800048828125,8113
2022-10-20,2855.0,2856.75,2794.0,2811.550048828125,2811.550048828125,20764
2022-10-21,2811.550048828125,2829.89990234375,2807.550048828125,2815.0,2815.0,4889
2022-10-24,2834.0,2890.300048828125,2815.0,2879.35009765625,2879.35009765625,5230
2022-10-25,2893.75,2893.75,2825.0,2833.60009765625,2833.60009765625,8988
2022-10-27,2875.0,2875.0,2803.050048828125,2813.800048828125,2813.800048828125,8965
2022-10-28,2815.0,2820.050048828125,2750.0,2758.89990234375,2758.89990234375,13916
2022-10-31,2772.699951171875,2894.89990234375,2766.39990234375,2868.800048828125,2868.800048828125,31921
2022-11-01,2880.0,3001.25,2825.64990234375,2943.550048828125,2943.550048828125,79730
2022-11-02,2935.0,2971.449951171875,2872.050048828125,2887.85009765625,2887.85009765625,22000
2022-11-03,2887.0,2909.60009765625,2836.60009765625,2846.800048828125,2846.800048828125,13865
2022-11-04,2855.0,2878.0,2735.0,2747.60009765625,2747.60009765625,48754
2022-11-07,2755.0,2789.550048828125,2720.0,2736.199951171875,2736.199951171875,29468
2022-11-09,2758.0,2800.0,2741.0,2781.449951171875,2781.449951171875,12390
2022-11-10,2787.0,2791.449951171875,2630.0,2655.14990234375,2655.14990234375,62857
2022-11-11,2651.0,2680.0,2635.0,2666.199951171875,2666.199951171875,79182
2022-11-14,2669.0,2705.949951171875,2655.0,2696.89990234375,2696.89990234375,11639
2022-11-15,2698.0,2699.949951171875,2627.050048828125,2654.39990234375,2654.39990234375,13618
2022-11-16,2659.89990234375,2669.0,2644.800048828125,2654.800048828125,2654.800048828125,7646
2022-11-17,2623.0,2659.39990234375,2590.0,2602.10009765625,2602.10009765625,20676
2022-11-18,2614.0,2642.85009765625,2602.10009765625,2636.85009765625,2636.85009765625,10167
2022-11-21,2665.949951171875,2742.0,2635.64990234375,2723.5,2723.5,43793
2022-11-22,2737.14990234375,2765.64990234375,2692.050048828125,2715.14990234375,2715.14990234375,28669
2022-11-23,2725.25,2727.0,2695.050048828125,2701.89990234375,2701.89990234375,7503
2022-11-24,2715.449951171875,2716.10009765625,2652.800048828125,2663.050048828125,2663.050048828125,25465
2022-11-25,2663.050048828125,2686.89990234375,2651.0,2658.60009765625,2658.60009765625,8494
2022-11-28,2665.0,2676.0,2635.800048828125,2639.949951171875,2639.949951171875,11753
2022-11-29,2650.0,2660.0,2616.0,2623.449951171875,2623.449951171875,15854
2022-11-30,2633.949951171875,2665.0,2631.550048828125,2661.25,2661.25,8615
2022-12-01,2674.60009765625,2675.0,2642.10009765625,2666.449951171875,2666.449951171875,10924
2022-12-02,2671.0,2701.449951171875,2639.949951171875,2664.0,2664.0,9004
2022-12-05,2666.0,2698.199951171875,2641.0,2651.75,2651.75,12663
2022-12-06,2665.0,2735.949951171875,2654.050048828125,2728.699951171875,2728.699951171875,30583
2022-12-07,2744.0,2759.949951171875,2705.0,2736.0,2736.0,11940
2022-12-08,2749.0,2749.699951171875,2700.0,2717.300048828125,2717.300048828125,10541
2022-12-09,2730.89990234375,2743.10009765625,2654.0,2670.75,2670.75,11871
2022-12-12,2684.75,2740.0,2650.0,2723.699951171875,2723.699951171875,12038
2022-12-13,2700.14990234375,2732.0,2700.0,2712.800048828125,2712.800048828125,9230
2022-12-14,2727.10009765625,2737.449951171875,2700.0,2707.300048828125,2707.300048828125,9268
2022-12-15,2720.0,2725.0,2679.0,2692.75,2692.75,7621
2022-12-16,2675.0,2714.949951171875,2670.0,2683.800048828125,2683.800048828125,6567
2022-12-19,2690.050048828125,2704.39990234375,2667.89990234375,2680.949951171875,2680.949951171875,5191
2022-12-20,2670.0,2698.0,2654.199951171875,2681.10009765625,2681.10009765625,25375
2022-12-21,2694.550048828125,2718.699951171875,2639.949951171875,2702.199951171875,2702.199951171875,33671
2022-12-22,2705.0,2731.0,2640.10009765625,2706.85009765625,2706.85009765625,24514
2022-12-23,2699.0,2700.0,2651.0,2693.75,2693.75,25228
2022-12-26,2693.89990234375,2718.0,2655.699951171875,2697.449951171875,2697.449951171875,25073
2022-12-27,2702.0,2748.300048828125,2674.0,2729.050048828125,2729.050048828125,15257
2022-12-28,2727.0,2799.0,2706.550048828125,2772.10009765625,2772.10009765625,23276
2022-12-29,2772.949951171875,2817.949951171875,2719.949951171875,2791.050048828125,2791.050048828125,22549
2022-12-30,2798.0,2832.75,2777.0,2819.699951171875,2819.699951171875,23417
2023-01-02,2834.5,2838.800048828125,2800.0,2805.449951171875,2805.449951171875,8775
2023-01-03,2800.25,2823.0,2775.0,2777.75,2777.75,7803
2023-01-04,2776.050048828125,2795.0,2765.89990234375,2782.800048828125,2782.800048828125,5993
2023-01-05,2789.0,2808.949951171875,2751.0,2791.39990234375,2791.39990234375,10119
2023-01-06,2793.050048828125,2793.050048828125,2727.0,2743.10009765625,2743.10009765625,12699
2023-01-09,2740.0,2768.0,2732.0,2747.800048828125,2747.800048828125,9323
2023-01-10,2762.25,2766.699951171875,2736.60009765625,2749.949951171875,2749.949951171875,7321
2023-01-11,2752.0,2777.949951171875,2735.300048828125,2754.550048828125,2754.550048828125,6056
2023-01-12,2768.699951171875,2792.949951171875,2733.0,2749.39990234375,2749.39990234375,8322
2023-01-13,2756.199951171875,2772.89990234375,2745.10009765625,2756.85009765625,2756.85009765625,8986
2023-01-16,2750.0,2767.0,2728.050048828125,2748.25,2748.25,6175
2023-01-17,2749.050048828125,2760.0,2700.050048828125,2713.60009765625,2713.60009765625,12468
2023-01-18,2723.0,2728.0,2654.0,2665.35009765625,2665.35009765625,14929
2023-01-19,2668.949951171875,2677.39990234375,2625.10009765625,2632.25,2632.25,15465
2023-01-20,2637.0,2640.0,2600.0,2609.199951171875,2609.199951171875,20239
2023-01-23,2622.0,2622.0,2598.050048828125,2614.699951171875,2614.699951171875,6346
2023-01-24,2609.0,2634.39990234375,2606.5,2627.949951171875,2627.949951171875,4396
2023-01-25,2627.5,2627.949951171875,2586.14990234375,2606.25,2606.25,9107
2023-01-27,2612.0,2621.949951171875,2570.0,2584.800048828125,2584.800048828125,8055
2023-01-30,2584.800048828125,2608.0,2555.0,2601.0,2601.0,5535
2023-01-31,2614.699951171875,2679.0,2399.949951171875,2439.35009765625,2439.35009765625,114636
2023-02-01,2439.35009765625,2494.0,2352.699951171875,2453.449951171875,2453.449951171875,58220
2023-02-02,2488.0,2499.39990234375,2415.0,2429.85009765625,2429.85009765625,20576
2023-02-03,2428.0,2428.0,2319.050048828125,2346.5,2346.5,30411
2023-02-06,2320.0,2355.14990234375,2305.0,2315.85009765625,2315.85009765625,20168
2023-02-07,2315.85009765625,2320.85009765625,2277.0,2287.10009765625,2287.10009765625,18254
2023-02-08,2305.300048828125,2360.0,2289.449951171875,2355.0,2355.0,15446
2023-02-09,2361.0,2367.39990234375,2325.60009765625,2336.550048828125,2336.550048828125,10162
2023-02-10,2336.550048828125,2353.800048828125,2310.39990234375,2318.800048828125,2318.800048828125,16363
2023-02-13,2349.0,2349.0,2289.449951171875,2300.10009765625,2300.10009765625,20283
2023-02-14,2304.0,2306.300048828125,2201.0,2235.5,2235.5,14925
2023-02-15,2233.699951171875,2235.0,2193.0,2212.550048828125,2212.550048828125,39020
2023-02-16,2198.050048828125,2324.89990234375,2198.050048828125,2287.800048828125,2287.800048828125,27110
2023-02-17,2299.25,2460.0,2287.14990234375,2374.75,2374.75,162191
2023-02-20,2375.89990234375,2390.0,2351.60009765625,2356.85009765625,2356.85009765625,10155
2023-02-21,2356.85009765625,2400.10009765625,2309.0,2358.60009765625,2358.60009765625,14495
2023-02-22,2369.449951171875,2369.449951171875,2311.0,2331.89990234375,2331.89990234375,37344
2023-02-23,2331.949951171875,2350.75,2322.0,2325.64990234375,2325.64990234375,5581
2023-02-24,2332.0,2389.949951171875,2321.0,2341.199951171875,2341.199951171875,23699
2023-02-27,2335.0,2335.0,2301.0,2305.300048828125,2305.300048828125,10006
2023-02-28,2302.0,2318.0,2286.050048828125,2301.050048828125,2301.050048828125,6223
2023-03-01,2302.0,2330.0,2292.050048828125,2320.199951171875,2320.199951171875,4194
2023-03-02,2328.0,2331.699951171875,2293.89990234375,2301.050048828125,2301.050048828125,7050
2023-03-03,2307.0,2320.0,2285.0,2295.64990234375,2295.64990234375,4846
2023-03-06,2310.0,2455.0,2266.60009765625,2424.050048828125,2424.050048828125,42817
2023-03-08,2424.050048828125,2429.10009765625,2400.0,2410.85009765625,2410.85009765625,8044
2023-03-09,2404.0,2467.0,2396.449951171875,2410.39990234375,2410.39990234375,11621
2023-03-10,2401.0,2402.25,2328.60009765625,2340.89990234375,2340.89990234375,13470
2023-03-13,2340.0,2345.75,2300.0,2306.050048828125,2306.050048828125,9057
2023-03-14,2317.60009765625,2317.60009765625,2280.0,2292.199951171875,2292.199951171875,8567
2023-03-15,2303.699951171875,2320.0,2270.0,2276.10009765625,2276.10009765625,7206
2023-03-16,2284.0,2289.0,2250.10009765625,2282.10009765625,2282.10009765625,18945
2023-03-17,2280.0,2289.449951171875,2250.0,2256.5,2256.5,10778
2023-03-20,2221.14990234375,2325.0,2218.550048828125,2251.39990234375,2251.39990234375,12870
2023-03-21,2255.0,2398.39990234375,2249.199951171875,2369.949951171875,2369.949951171875,28275
2023-03-22,2360.0,2369.949951171875,2334.050048828125,2337.699951171875,2337.699951171875,5674
2023-03-23,2335.0,2345.85009765625,2311.0,2321.39990234375,2321.39990234375,4233
2023-03-24,2322.050048828125,2325.949951171875,2275.10009765625,2283.89990234375,2283.89990234375,5460
2023-03-27,2289.0,2289.0,2244.050048828125,2265.449951171875,2265.449951171875,30497
2023-03-28,2265.5,2265.5,2222.0,2244.14990234375,2244.14990234375,11208
2023-03-29,2242.199951171875,2249.39990234375,2230.0,2236.85009765625,2236.85009765625,12868
2023-03-31,2248.0,2288.0,2239.14990234375,2275.60009765625,2275.60009765625,16672
2023-04-03,2275.60009765625,2315.0,2250.0,2274.300048828125,2274.300048828125,10355
2023-04-05,2271.0,2328.800048828125,2262.199951171875,2313.25,2313.25,8562
2023-04-06,2321.0,2369.89990234375,2307.800048828125,2348.449951171875,2348.449951171875,7707
2023-04-10,2359.949951171875,2368.449951171875,2304.10009765625,2323.5,2323.5,11598
2023-04-11,2326.0,2329.949951171875,2296.0,2318.800048828125,2318.800048828125,9957
2023-04-12,2319.550048828125,2348.050048828125,2316.14990234375,2337.60009765625,2337.60009765625,5756
2023-04-13,2348.949951171875,2454.800048828125,2340.050048828125,2394.949951171875,2394.949951171875,41946
2023-04-17,2390.0,2408.5,2380.0,2393.949951171875,2393.949951171875,7660
2023-04-18,2383.0,2402.0,2350.0,2364.050048828125,2364.050048828125,7720
2023-04-19,2364.050048828125,2389.699951171875,2351.0,2363.949951171875,2363.949951171875,3260
2023-04-20,2379.0,2396.949951171875,2325.0,2336.60009765625,2336.60009765625,16650
2023-04-21,2344.0,2352.949951171875,2314.0,2345.60009765625,2345.60009765625,4275
2023-04-24,2368.0,2368.0,2309.60009765625,2337.5,2337.5,6690
2023-04-25,2337.5,2350.0,2331.0,2343.199951171875,2343.199951171875,3670
2023-04-26,2340.0,2354.39990234375,2326.5,2334.64990234375,2334.64990234375,3741
2023-04-27,2340.800048828125,2357.0,2330.949951171875,2351.050048828125,2351.050048828125,3459
2023-04-28,2352.0,2395.0,2352.0,2373.14990234375,2373.14990234375,11451
2023-05-02,2373.25,2398.0,2365.0,2394.60009765625,2394.60009765625,10462
2023-05-03,2400.949951171875,2414.0,2373.050048828125,2387.5,2387.5,7326
2023-05-04,2387.0,2414.60009765625,2380.0,2390.050048828125,2390.050048828125,7339
2023-05-05,2414.949951171875,2476.0,2412.0,2428.35009765625,2428.35009765625,44923
2023-05-08,2439.0,2457.550048828125,2410.0,2415.85009765625,2415.85009765625,33635
2023-05-09,2398.10009765625,2450.0,2398.10009765625,2425.14990234375,2425.14990234375,9252
2023-05-10,2479.0,2479.0,2282.300048828125,2396.5,2396.5,138984
2023-05-11,2396.0,2414.39990234375,2370.0,2391.60009765625,2391.60009765625,15944
2023-05-12,2403.60009765625,2434.0,2389.35009765625,2415.35009765625,2415.35009765625,9300
2023-05-15,2415.39990234375,2433.5,2408.14990234375,2421.25,2421.25,9476
2023-05-16,2422.0,2494.0,2416.60009765625,2458.199951171875,2458.199951171875,16551
2023-05-17,2465.0,2537.25,2420.35009765625,2490.39990234375,2490.39990234375,35356
2023-05-18,2500.0,2524.39990234375,2462.0,2477.5,2477.5,9784
2023-05-19,2473.0,2498.949951171875,2416.550048828125,2445.300048828125,2445.300048828125,11583
2023-05-22,2445.300048828125,2461.75,2425.0,2449.39990234375,2449.39990234375,7797
2023-05-23,2440.0,2469.14990234375,2432.050048828125,2461.699951171875,2461.699951171875,7202
2023-05-24,2465.0,2479.949951171875,2448.25,2475.550048828125,2475.550048828125,6636
2023-05-25,2487.949951171875,2493.5,2450.10009765625,2486.60009765625,2486.60009765625,6993
2023-05-26,2486.60009765625,2499.949951171875,2464.0,2490.449951171875,2490.449951171875,48265
2023-05-29,2500.0,2524.0,2486.0,2502.60009765625,2502.60009765625,12719
2023-05-30,2515.14990234375,2569.0,2496.550048828125,2538.800048828125,2538.800048828125,14353
2023-05-31,2550.0,2555.0,2508.300048828125,2531.550048828125,2531.550048828125,38445
2023-06-01,2531.0,2559.550048828125,2506.0,2513.89990234375,2513.89990234375,23296
2023-06-02,2526.5,2557.199951171875,2515.10009765625,2541.449951171875,2541.449951171875,32100
2023-06-05,2541.449951171875,2559.949951171875,2490.0,2519.449951171875,2519.449951171875,20161
2023-06-06,2519.449951171875,2532.60009765625,2489.89990234375,2515.85009765625,2515.85009765625,10811
2023-06-07,2528.449951171875,2558.0,2512.75,2549.75,2549.75,25255
2023-06-08,2549.75,2609.89990234375,2542.60009765625,2573.39990234375,2573.39990234375,122608
2023-06-09,2598.0,2620.0,2551.64990234375,2558.60009765625,2558.60009765625,16237
2023-06-12,2557.0,2588.89990234375,2544.050048828125,2582.85009765625,2582.85009765625,38625
2023-06-13,2601.0,2618.0,2570.050048828125,2584.050048828125,2584.050048828125,9447
2023-06-14,2584.050048828125,2596.949951171875,2552.0,2574.5,2574.5,6384
2023-06-15,2572.0,2581.949951171875,2518.199951171875,2569.89990234375,2569.89990234375,19536
2023-06-16,2579.0,2595.0,2550.300048828125,2577.300048828125,2577.300048828125,14209
2023-06-19,2577.300048828125,2610.0,2554.0,2562.300048828125,2562.300048828125,22580
2023-06-20,2560.0,2604.949951171875,2552.300048828125,2599.64990234375,2599.64990234375,18443
2023-06-21,2605.0,2679.949951171875,2590.050048828125,2604.64990234375,2604.64990234375,27998
2023-06-22,2603.0,2618.39990234375,2571.25,2581.699951171875,2581.699951171875,19244
2023-06-23,2582.0,2583.0,2542.10009765625,2570.25,2570.25,8634
2023-06-26,2555.0,2605.60009765625,2551.5,2571.89990234375,2571.89990234375,28060
2023-06-27,2564.0,2609.949951171875,2557.14990234375,2595.64990234375,2595.64990234375,11732
2023-06-28,2590.0,2669.949951171875,2590.0,2619.5,2619.5,26402
2023-06-30,2633.0,2648.85009765625,2599.0,2623.39990234375,2623.39990234375,65287
2023-07-03,2639.64990234375,2664.89990234375,2616.35009765625,2621.949951171875,2621.949951171875,13630
2023-07-04,2621.0,2643.0,2610.050048828125,2624.89990234375,2624.89990234375,11454
2023-07-05,2609.10009765625,2643.5,2580.0,2593.050048828125,2593.050048828125,14353
2023-07-06,2587.0,2624.89990234375,2584.0,2600.699951171875,2600.699951171875,7970
2023-07-07,2612.699951171875,2612.699951171875,2559.800048828125,2587.25,2587.25,11437
2023-07-10,2587.25,2675.0,2560.0,2620.300048828125,2620.300048828125,27308
2023-07-11,2620.300048828125,2675.0,2579.5,2592.14990234375,2592.14990234375,16445
2023-07-12,2592.949951171875,2608.0,2560.0,2573.949951171875,2573.949951171875,11992
2023-07-13,2600.0,2600.0,2550.0,2584.699951171875,2584.699951171875,20960
2023-07-14,2578.949951171875,2587.0,2551.0,2565.050048828125,2565.050048828125,13686
2023-07-17,2565.050048828125,2609.89990234375,2555.10009765625,2601.14990234375,2601.14990234375,21793
2023-07-18,2625.0,2625.0,2580.0,2601.14990234375,2601.14990234375,19642
2023-07-19,2620.0,2644.949951171875,2595.10009765625,2637.949951171875,2637.949951171875,24705
2023-07-20,2646.0,2655.60009765625,2619.0,2645.699951171875,2645.699951171875,12435
2023-07-21,2645.0,2645.60009765625,2599.0,2610.949951171875,2610.949951171875,5448
2023-07-24,2610.0,2678.0,2577.050048828125,2664.300048828125,2664.300048828125,145514
2023-07-25,2660.0,2674.0,2601.050048828125,2652.14990234375,2652.14990234375,47924
2023-07-26,2652.60009765625,2670.89990234375,2636.0,2651.25,2651.25,8289
2023-07-27,2656.0,2711.0,2650.050048828125,2677.25,2677.25,34026
2023-07-28,2670.0,2767.89990234375,2667.050048828125,2740.050048828125,2740.050048828125,29181
2023-07-31,2740.050048828125,2769.39990234375,2726.050048828125,2740.0,2740.0,21304
2023-08-01,2761.60009765625,2790.0,2718.050048828125,2763.89990234375,2763.89990234375,23647
2023-08-02,2760.0,2768.199951171875,2670.10009765625,2695.0,2695.0,13680
2023-08-03,2699.0,2699.0,2628.0,2646.949951171875,2646.949951171875,10761
2023-08-04,2645.050048828125,2672.89990234375,2600.0,2619.39990234375,2619.39990234375,18609
2023-08-07,2619.39990234375,2643.949951171875,2575.0,2611.0,2611.0,20076
2023-08-08,2609.0,2628.0,2591.0,2601.550048828125,2601.550048828125,7900
2023-08-09,2599.64990234375,2612.199951171875,2580.050048828125,2588.699951171875,2588.699951171875,7781
2023-08-10,2588.0,2599.699951171875,2544.050048828125,2551.39990234375,2551.39990234375,51776
2023-08-11,2564.800048828125,2586.0,2538.0,2547.699951171875,2547.699951171875,15141
2023-08-14,2549.199951171875,2549.25,2486.14990234375,2494.25,2494.25,23327
2023-08-16,2495.0,2509.0,2486.0,2494.050048828125,2494.050048828125,5611
2023-08-17,2498.949951171875,2519.449951171875,2490.0,2501.64990234375,2501.64990234375,5778
2023-08-18,2501.64990234375,2537.300048828125,2501.64990234375,2528.0,2528.0,6245
2023-08-21,2535.949951171875,2535.949951171875,2491.0,2494.5,2494.5,9638
2023-08-22,2491.0,2509.0,2480.0,2491.5,2491.5,12254
2023-08-23,2509.0,2520.0,2485.0,2496.050048828125,2496.050048828125,8837
2023-08-24,2499.0,2516.0,2494.0,2507.550048828125,2507.550048828125,8321
2023-08-25,2507.550048828125,2526.85009765625,2490.39990234375,2495.14990234375,2495.14990234375,6725
2023-08-28,2500.0,2533.85009765625,2495.5,2517.64990234375,2517.64990234375,7203
2023-08-29,2517.64990234375,2598.0,2510.949951171875,2570.35009765625,2570.35009765625,16713
2023-08-30,2584.0,2619.0,2575.10009765625,2610.64990234375,2610.64990234375,13839
2023-08-31,2627.0,2650.0,2580.0,2632.14990234375,2632.14990234375,40527
2023-09-01,2660.0,2661.300048828125,2619.10009765625,2628.550048828125,2628.550048828125,9238
2023-09-04,2650.0,2679.89990234375,2648.25,2663.5,2663.5,14607
2023-09-05,2674.89990234375,2765.449951171875,2674.89990234375,2757.39990234375,2757.39990234375,27638
2023-09-06,2775.0,2829.0,2748.0,2819.10009765625,2819.10009765625,37164
2023-09-07,2819.0,2844.89990234375,2800.25,2811.550048828125,2811.550048828125,18651
2023-09-08,2815.0,2868.949951171875,2806.550048828125,2819.60009765625,2819.60009765625,28700
2023-09-11,2834.39990234375,2841.75,2760.050048828125,2804.89990234375,2804.89990234375,17441
2023-09-12,2847.949951171875,2847.949951171875,2714.0,2772.35009765625,2772.35009765625,23395
2023-09-13,2772.35009765625,2785.0,2700.050048828125,2753.10009765625,2753.10009765625,14122
2023-09-14,2749.0,2789.0,2728.14990234375,2776.39990234375,2776.39990234375,10208
2023-09-15,2766.0,2767.39990234375,2663.39990234375,2698.5,2698.5,38433
2023-09-18,2694.949951171875,2719.89990234375,2671.0,2698.699951171875,2698.699951171875,7865
2023-09-20,2698.0,2698.0,2662.050048828125,2674.10009765625,2674.10009765625,4267
2023-09-21,2669.35009765625,2669.35009765625,2602.0,2622.5,2622.5,8340
2023-09-22,2612.25,2629.449951171875,2571.0,2578.10009765625,2578.10009765625,16986
2023-09-25,2578.0,2578.0,2554.699951171875,2564.300048828125,2564.300048828125,5123
2023-09-26,2554.0,2576.39990234375,2540.0,2565.699951171875,2565.699951171875,22865
2023-09-27,2565.699951171875,2640.0,2525.0,2537.699951171875,2537.699951171875,32189
2023-09-28,2537.0,2643.89990234375,2508.050048828125,2532.25,2532.25,69447
2023-09-29,2531.0,2575.0,2526.199951171875,2554.699951171875,2554.699951171875,5906
2023-10-03,2554.699951171875,2593.050048828125,2546.0,2585.14990234375,2585.14990234375,7052
2023-10-04,2585.0,2596.0,2535.0,2542.25,2542.25,6924
2023-10-05,2555.0,2566.89990234375,2538.0,2546.050048828125,2546.050048828125,4324
2023-10-06,2550.0,2607.0,2470.0,2506.75,2506.75,39746
2023-10-09,2522.949951171875,2526.800048828125,2484.0,2520.050048828125,2520.050048828125,7712
2023-10-10,2525.0,2555.0,2505.10009765625,2544.25,2544.25,8666
2023-10-11,2548.0,2575.89990234375,2540.0,2558.949951171875,2558.949951171875,13116
2023-10-12,2558.949951171875,2598.0,2541.0,2586.800048828125,2586.800048828125,10187
2023-10-13,2584.699951171875,2607.0,2571.050048828125,2595.050048828125,2595.050048828125,7761
2023-10-16,2599.300048828125,2607.0,2575.5,2593.25,2593.25,5034
2023-10-17,2606.89990234375,2637.0,2587.0,2616.300048828125,2616.300048828125,8999
2023-10-18,2618.0,2624.699951171875,2560.050048828125,2595.35009765625,2595.35009765625,6952
2023-10-19,2579.0,2616.0,2540.10009765625,2606.0,2606.0,7950
2023-10-20,2614.5,2614.550048828125,2549.0,2561.85009765625,2561.85009765625,27015
2023-10-23,2574.0,2574.0,2430.0,2483.64990234375,2483.64990234375,30339
2023-10-25,2483.64990234375,2515.0,2476.550048828125,2508.800048828125,2508.800048828125,14251
2023-10-26,2505.0,2516.0,2448.949951171875,2499.449951171875,2499.449951171875,9722
2023-10-27,2512.0,2536.0,2476.0,2507.449951171875,2507.449951171875,8663
2023-10-30,2520.5,2535.699951171875,2490.449951171875,2510.449951171875,2510.449951171875,3750
2023-10-31,2523.699951171875,2553.0,2481.10009765625,2524.0,2524.0,29567
2023-11-01,2537.300048828125,2540.0,2488.10009765625,2517.800048828125,2517.800048828125,11059
2023-11-02,2518.050048828125,2547.0,2513.25,2537.550048828125,2537.550048828125,10146
2023-11-03,2550.0,2557.60009765625,2529.949951171875,2549.699951171875,2549.699951171875,3746
2023-11-06,2554.0,2599.0,2533.60009765625,2582.89990234375,2582.89990234375,9793
2023-11-07,2575.0,2639.0,2562.300048828125,2630.85009765625,2630.85009765625,12396
2023-11-08,2630.85009765625,2675.0,2627.0,2663.39990234375,2663.39990234375,12842
2023-11-09,2653.0,2900.0,2629.050048828125,2846.0,2846.0,223488
2023-11-10,2846.0,2852.0,2790.0,2845.050048828125,2845.050048828125,56529
2023-11-13,2845.050048828125,2950.0,2820.050048828125,2862.10009765625,2862.10009765625,56295
2023-11-15,2874.949951171875,2945.85009765625,2874.949951171875,2931.800048828125,2931.800048828125,31300
2023-11-16,2925.050048828125,2943.64990234375,2901.949951171875,2934.60009765625,2934.60009765625,17148
2023-11-17,2931.0,2978.550048828125,2908.39990234375,2934.199951171875,2934.199951171875,33315
2023-11-20,2933.699951171875,2955.0,2885.0,2941.550048828125,2941.550048828125,25438
2023-11-21,2941.550048828125,3178.0,2932.10009765625,3052.39990234375,3052.39990234375,248368
2023-11-22,3055.25,3070.0,2952.0,2964.14990234375,2964.14990234375,28486
2023-11-23,2964.0,2995.449951171875,2943.050048828125,2981.199951171875,2981.199951171875,17180
2023-11-24,2989.199951171875,3014.14990234375,2951.0,2988.60009765625,2988.60009765625,17271
2023-11-28,3099.89990234375,3099.89990234375,2933.10009765625,2945.10009765625,2945.10009765625,26785
2023-11-29,2950.0,2969.5,2936.0,2949.10009765625,2949.10009765625,10181
2023-11-30,2964.699951171875,2970.0,2900.0,2935.60009765625,2935.60009765625,65546
2023-12-01,2950.0,2990.0,2944.550048828125,2952.64990234375,2952.64990234375,9843
2023-12-04,2975.800048828125,3031.89990234375,2950.050048828125,2965.550048828125,2965.550048828125,21724
2023-12-05,2961.0,3020.0,2940.699951171875,3002.64990234375,3002.64990234375,18609
2023-12-06,3010.0,3031.0,2976.89990234375,3006.050048828125,3006.050048828125,18241
2023-12-07,3019.699951171875,3026.0,2980.050048828125,3010.35009765625,3010.35009765625,24909
2023-12-08,3010.35009765625,3045.0,2995.050048828125,3014.449951171875,3014.449951171875,15480
2023-12-11,3014.0,3020.0,2986.39990234375,2997.800048828125,2997.800048828125,6375
2023-12-12,3000.0,3033.0,2922.64990234375,2940.050048828125,2940.050048828125,22249
2023-12-13,2937.10009765625,2954.60009765625,2900.10009765625,2933.699951171875,2933.699951171875,13485
2023-12-14,2948.0,2974.0,2940.0,2956.699951171875,2956.699951171875,14270
2023-12-15,2974.0,3120.0,2962.35009765625,3082.5,3082.5,108903
2023-12-18,3100.0,3149.949951171875,3031.25,3053.550048828125,3053.550048828125,51391
2023-12-19,3052.89990234375,3125.0,3027.85009765625,3059.64990234375,3059.64990234375,41616
2023-12-20,3058.0,3099.0,2968.60009765625,2988.199951171875,2988.199951171875,32110
2023-12-21,2987.0,3107.0,2968.75,3035.300048828125,3035.300048828125,35902
2023-12-22,3039.89990234375,3118.949951171875,3003.949951171875,3027.5,3027.5,22824
2023-12-26,3024.050048828125,3095.0,3013.39990234375,3084.949951171875,3084.949951171875,24057
2023-12-27,3085.0,3187.949951171875,3032.199951171875,3071.199951171875,3071.199951171875,49066
2023-12-28,3080.0,3198.0,3064.050048828125,3073.5,3073.5,110819
2023-12-29,3090.0,3144.0,3054.25,3066.35009765625,3066.35009765625,33805
2024-01-01,3051.300048828125,3095.85009765625,3051.300048828125,3073.60009765625,3073.60009765625,11625
2024-01-02,3079.949951171875,3085.449951171875,3022.699951171875,3065.449951171875,3065.449951171875,13400
2024-01-03,3075.0,3095.0,3031.10009765625,3044.39990234375,3044.39990234375,14691
2024-01-04,3044.39990234375,3078.449951171875,3027.10009765625,3064.60009765625,3064.60009765625,14585
2024-01-05,3064.60009765625,3084.25,3040.0,3048.14990234375,3048.14990234375,19343
2024-01-08,3048.14990234375,3089.89990234375,2993.699951171875,3051.25,3051.25,21487
2024-01-09,3060.0,3064.800048828125,2997.10009765625,3056.60009765625,3056.60009765625,20233
2024-01-10,3056.60009765625,3060.0,3003.0,3053.949951171875,3053.949951171875,12157
2024-01-11,3053.0,3078.35009765625,3037.550048828125,3043.300048828125,3043.300048828125,10697
2024-01-12,3040.85009765625,3051.949951171875,2975.0,2988.699951171875,2988.699951171875,16739
2024-01-15,2988.699951171875,3019.800048828125,2955.050048828125,3000.89990234375,3000.89990234375,21383
2024-01-16,3029.949951171875,3036.199951171875,2933.949951171875,2962.699951171875,2962.699951171875,14262
2024-01-17,2964.0,3004.0,2939.89990234375,2950.0,2950.0,11803
2024-01-18,2922.0,2964.0,2868.0,2952.199951171875,2952.199951171875,8824
2024-01-19,2967.0,3047.0,2962.800048828125,3014.60009765625,3014.60009765625,17021
2024-01-23,3006.050048828125,3014.14990234375,2898.0,2961.60009765625,2961.60009765625,17582
2024-01-24,2960.0,3005.0,2920.10009765625,2968.0,2968.0,24331
2024-01-25,2968.0,2982.85009765625,2932.0,2968.800048828125,2968.800048828125,8243
2024-01-29,2970.0,2991.39990234375,2952.0,2975.14990234375,2975.14990234375,7670
2024-01-30,2965.0,2985.0,2926.25,2960.85009765625,2960.85009765625,11255
2024-01-31,2981.89990234375,3061.949951171875,2967.89990234375,3037.699951171875,3037.699951171875,17748
2024-02-01,3079.0,3079.0,3012.050048828125,3045.699951171875,3045.699951171875,8963
2024-02-02,3045.0,3067.89990234375,2997.800048828125,3054.550048828125,3054.550048828125,13843
2024-02-05,3006.0,3350.0,3006.0,3144.85009765625,3144.85009765625,37449
2024-02-06,3162.0,3235.0,3134.050048828125,3174.75,3174.75,33404
2024-02-07,3175.949951171875,3199.949951171875,3151.5,3174.25,3174.25,22018
2024-02-08,3174.25,3190.10009765625,3150.0,3173.75,3173.75,12144
2024-02-09,3172.949951171875,3264.949951171875,3125.0,3213.10009765625,3213.10009765625,41846
2024-02-12,3213.10009765625,3494.25,3146.60009765625,3392.85009765625,3392.85009765625,241832
2024-02-13,3304.85009765625,3399.0,3213.199951171875,3288.699951171875,3288.699951171875,73211
2024-02-14,3254.050048828125,3354.85009765625,3234.300048828125,3343.699951171875,3343.699951171875,28223
2024-02-15,3344.10009765625,3415.0,3334.800048828125,3369.800048828125,3369.800048828125,28489
2024-02-16,3370.0,3399.89990234375,3330.0,3367.050048828125,3367.050048828125,15593
2024-02-19,3370.0,3397.0,3298.0,3318.85009765625,3318.85009765625,13275
2024-02-20,3317.89990234375,3348.64990234375,3270.0,3324.300048828125,3324.300048828125,15087
2024-02-21,3348.64990234375,3348.64990234375,3212.050048828125,3260.39990234375,3260.39990234375,18945
2024-02-22,3255.0,3352.5,3212.0,3294.449951171875,3294.449951171875,20479
2024-02-23,3294.0,3324.14990234375,3242.5,3262.050048828125,3262.050048828125,9402
2024-02-26,3265.0,3338.0,3265.0,3319.5,3319.5,10699
2024-02-27,3320.0,3329.5,3282.0,3318.0,3318.0,6196
2024-02-28,3330.0,3343.050048828125,3240.0,3305.5,3305.5,15422
2024-02-29,3300.0,3309.949951171875,3260.0,3299.39990234375,3299.39990234375,15490
2024-03-01,3294.0,3349.5,3285.0,3315.449951171875,3315.449951171875,16627
2024-03-04,3305.0,3379.199951171875,3255.0,3263.14990234375,3263.14990234375,10115
2024-03-05,3263.14990234375,3279.39990234375,3211.35009765625,3222.199951171875,3222.199951171875,10225
2024-03-06,3222.050048828125,3222.050048828125,3111.60009765625,3192.550048828125,3192.550048828125,24181
2024-03-07,3172.300048828125,3284.0,3161.14990234375,3222.949951171875,3222.949951171875,24336
2024-03-11,3222.949951171875,3242.75,3175.0,3225.75,3225.75,17429
2024-03-12,3201.5,3284.89990234375,3182.10009765625,3262.35009765625,3262.35009765625,14518
2024-03-13,3278.35009765625,3280.0,3100.050048828125,3163.550048828125,3163.550048828125,26234
2024-03-14,3163.0,3235.0,3150.050048828125,3215.75,3215.75,8442
2024-03-15,3199.949951171875,3243.85009765625,3165.0,3221.699951171875,3221.699951171875,18714
2024-03-18,3221.699951171875,3329.949951171875,3200.0,3305.60009765625,3305.60009765625,24844
2024-03-19,3310.0,3350.0,3235.10009765625,3265.050048828125,3265.050048828125,21989
2024-03-20,3265.050048828125,3269.75,3150.0,3162.699951171875,3162.699951171875,13149
2024-03-21,3166.0,3235.0,3166.0,3203.10009765625,3203.10009765625,13487
2024-03-22,3201.0,3249.550048828125,3178.14990234375,3228.75,3228.75,8314
2024-03-26,3248.64990234375,3270.050048828125,3158.89990234375,3200.75,3200.75,14123
2024-03-27,3190.0,3266.550048828125,3155.0,3248.800048828125,3248.800048828125,13524
2024-03-28,3248.050048828125,3349.89990234375,3247.60009765625,3337.050048828125,3337.050048828125,22240
2024-04-01,3349.949951171875,3594.10009765625,3349.949951171875,3551.449951171875,3551.449951171875,115831
2024-04-02,3600.0,3644.5,3540.0,3602.39990234375,3602.39990234375,53900
2024-04-03,3553.35009765625,3639.449951171875,3541.449951171875,3554.25,3554.25,24386
2024-04-04,3561.199951171875,3622.949951171875,3530.0,3574.10009765625,3574.10009765625,19538
2024-04-05,3574.0,3645.0,3540.0,3627.5,3627.5,16643
2024-04-08,3640.0,3780.0,3595.050048828125,3620.64990234375,3620.64990234375,34697
2024-04-09,3653.89990234375,3811.0,3604.35009765625,3724.25,3724.25,239295
2024-04-10,3734.0,3846.85009765625,3707.25,3780.550048828125,3780.550048828125,44684
2024-04-12,3799.89990234375,3809.949951171875,3681.0,3706.699951171875,3706.699951171875,27729
2024-04-15,3720.0,3735.050048828125,3601.0,3623.89990234375,3623.89990234375,20999
2024-04-16,3629.699951171875,3726.449951171875,3601.5,3693.35009765625,3693.35009765625,17280
2024-04-18,3721.800048828125,3721.800048828125,3602.0,3614.39990234375,3614.39990234375,14373
2024-04-19,3600.0,3662.0,3531.0,3611.949951171875,3611.949951171875,18879
2024-04-22,3637.0,3718.949951171875,3601.0,3618.75,3618.75,24820
2024-04-23,3639.949951171875,3656.75,3550.0,3561.0,3561.0,18147
2024-04-24,3584.60009765625,3609.89990234375,3540.0,3572.64990234375,3572.64990234375,10021
2024-04-25,3571.0,3624.89990234375,3536.0,3616.35009765625,3616.35009765625,10204
2024-04-26,3616.35009765625,3715.0,3616.0,3706.050048828125,3706.050048828125,17321
2024-04-29,3742.39990234375,3787.5,3720.050048828125,3741.85009765625,3741.85009765625,18377
2024-04-30,3770.85009765625,3795.0,3712.39990234375,3736.64990234375,3736.64990234375,18306
2024-05-02,3780.0,4040.0,3725.75,4014.10009765625,4014.10009765625,132151
2024-05-03,4050.0,4100.0,3950.0,4062.5,4062.5,53387
2024-05-06,4062.5,4377.0,4016.050048828125,4271.25,4271.25,146527
2024-05-07,4260.0,4260.0,4100.0,4146.2001953125,4146.2001953125,30316
2024-05-08,4122.25,4320.0,4087.85009765625,4231.35009765625,4231.35009765625,40902
2024-05-09,4230.0498046875,4252.5498046875,4001.0,4020.199951171875,4020.199951171875,32875
2024-05-10,4014.89990234375,4250.0,3956.449951171875,4223.0,4223.0,40959
2024-05-13,4273.75,4273.7998046875,4025.0,4096.89990234375,4096.89990234375,25054
2024-05-14,4122.10009765625,4690.75,4070.10009765625,4617.4501953125,4617.4501953125,484556
2024-05-15,4650.0,4739.39990234375,4560.25,4574.7998046875,4574.7998046875,143354
2024-05-16,4610.0,4716.39990234375,4521.25,4622.5498046875,4622.5498046875,68347
2024-05-17,4617.0498046875,4694.5498046875,4586.0,4640.14990234375,4640.14990234375,29664
2024-05-21,4650.0,4650.0,4472.2998046875,4523.7998046875,4523.7998046875,37760
2024-05-22,4550.0,4643.7998046875,4323.25,4356.35009765625,4356.35009765625,64603
2024-05-23,4368.0498046875,4413.0498046875,4283.0,4327.75,4327.75,27055
2024-05-24,4355.64990234375,4448.2998046875,4281.0,4429.7001953125,4429.7001953125,42208
2024-05-27,4430.0,4489.89990234375,4352.0498046875,4450.2998046875,4450.2998046875,56501
2024-05-28,4450.2998046875,4470.0,4340.10009765625,4365.0498046875,4365.0498046875,33903
2024-05-29,4359.89990234375,4395.0,4302.25,4362.89990234375,4362.89990234375,20309
2024-05-30,4360.0,4388.9501953125,4213.25,4289.64990234375,4289.64990234375,33653
2024-05-31,4322.85009765625,4344.9501953125,4212.0,4271.2001953125,4271.2001953125,45007
2024-06-03,4350.0,4399.10009765625,4269.0,4347.85009765625,4347.85009765625,22781
2024-06-04,4347.85009765625,4347.85009765625,3742.949951171875,3914.60009765625,3914.60009765625,52915
2024-06-05,3935.0,4197.7001953125,3842.85009765625,4172.4501953125,4172.4501953125,38919
2024-06-06,4235.14990234375,4378.4501953125,4179.9501953125,4339.35009765625,4339.35009765625,31529
2024-06-07,4335.0,4385.60009765625,4300.0,4326.9501953125,4326.9501953125,11389
2024-06-10,4385.0,4661.9501953125,4326.9501953125,4558.5498046875,4558.5498046875,50932
2024-06-11,4600.0,4847.7001953125,4590.0,4782.14990234375,4782.14990234375,80160
