Date,Open,High,Low,Close,Adj Close,Volume
2002-07-01,3.809999942779541,4.0,3.7899999618530273,3.930000066757202,1.2087547779083252,37080
2002-07-02,4.0,4.380000114440918,3.9100000858306885,4.150000095367432,1.2764208316802979,350980
2002-07-03,3.75,4.599999904632568,3.75,4.46999979019165,1.3748430013656616,865140
2002-07-04,4.5,4.699999809265137,4.409999847412109,4.510000228881836,1.3871463537216187,1013200
2002-07-05,4.599999904632568,4.949999809265137,4.25,4.659999847412109,1.4332820177078247,993120
2002-07-08,4.949999809265137,5.239999771118164,4.949999809265137,5.0,1.5378564596176147,1224740
2002-07-09,5.150000095367432,5.150000095367432,4.75,4.800000190734863,1.4763422012329102,712980
2002-07-10,4.949999809265137,4.949999809265137,4.699999809265137,4.789999961853027,1.4732661247253418,320760
2002-07-11,4.699999809265137,4.75,4.610000133514404,4.630000114440918,1.4240546226501465,144600
2002-07-12,4.690000057220459,4.829999923706055,4.639999866485596,4.75,1.4609633684158325,175280
2002-07-15,4.75,4.75,4.5,4.519999980926514,1.3902217149734497,121560
2002-07-16,4.599999904632568,4.650000095367432,4.349999904632568,4.400000095367432,1.3533138036727905,121840
2002-07-17,5.269999980926514,5.269999980926514,4.25,4.389999866485596,1.3502376079559326,225160
2002-07-18,4.300000190734863,4.550000190734863,4.260000228881836,4.400000095367432,1.3533138036727905,153660
2002-07-19,4.400000095367432,4.460000038146973,4.289999961853027,4.309999942779541,1.3256322145462036,190220
2002-07-22,4.900000095367432,4.900000095367432,4.010000228881836,4.099999904632568,1.2610419988632202,120760
2002-07-23,4.300000190734863,4.300000190734863,4.059999942779541,4.190000057220459,1.2887238264083862,104480
2002-07-24,4.199999809265137,4.25,4.090000152587891,4.099999904632568,1.2610419988632202,39440
2002-07-25,4.150000095367432,4.179999828338623,4.050000190734863,4.079999923706055,1.2548905611038208,108840
2002-07-26,4.099999904632568,4.099999904632568,3.75,3.9000000953674316,1.1995278596878052,123240
2002-07-29,4.400000095367432,4.400000095367432,3.609999895095825,3.6700000762939453,1.1287866830825806,317780
2002-07-30,3.990000009536743,4.0,3.6500000953674316,3.690000057220459,1.1349372863769531,169420
2002-07-31,3.8399999141693115,3.8399999141693115,3.4000000953674316,3.6500000953674316,1.1226348876953125,113100
2002-08-01,4.25,4.25,3.5,3.5299999713897705,1.0857268571853638,166420
2002-08-02,3.990000009536743,3.990000009536743,3.4200000762939453,3.4800000190734863,1.0703480243682861,157580
2002-08-05,4.099999904632568,4.099999904632568,3.5199999809265137,3.5899999141693115,1.1041805744171143,108340
2002-08-06,3.6500000953674316,3.950000047683716,3.5299999713897705,3.7799999713897705,1.1626193523406982,139880
2002-08-07,3.8499999046325684,3.9000000953674316,3.700000047683716,3.759999990463257,1.1564679145812988,258980
2002-08-08,3.950000047683716,3.950000047683716,3.609999895095825,3.630000114440918,1.116483449935913,40760
2002-08-09,3.700000047683716,3.7699999809265137,3.609999895095825,3.700000047683716,1.1380137205123901,80260
2002-08-12,3.75,3.75,3.6600000858306885,3.690000057220459,1.1349372863769531,19760
2002-08-13,3.680000066757202,3.7899999618530273,3.680000066757202,3.759999990463257,1.1564679145812988,41800
2002-08-14,3.700000047683716,3.890000104904175,3.700000047683716,3.8299999237060547,1.1779979467391968,58720
2002-08-15,3.8299999237060547,3.8299999237060547,3.8299999237060547,3.8299999237060547,1.1779979467391968,0
2002-08-16,3.8399999141693115,3.9000000953674316,3.799999952316284,3.819999933242798,1.1749221086502075,43820
2002-08-19,3.880000114440918,4.050000190734863,3.859999895095825,3.9600000381469727,1.2179820537567139,97200
2002-08-20,3.950000047683716,4.289999961853027,3.950000047683716,4.25,1.3071776628494263,237280
2002-08-21,4.119999885559082,4.21999979019165,4.119999885559082,4.139999866485596,1.2733445167541504,78340
2002-08-22,4.159999847412109,4.210000038146973,4.059999942779541,4.090000152587891,1.2579662799835205,30560
2002-08-23,4.099999904632568,4.150000095367432,4.0,4.130000114440918,1.2702693939208984,39600
2002-08-26,4.019999980926514,4.139999866485596,4.019999980926514,4.099999904632568,1.2610419988632202,64480
2002-08-27,4.099999904632568,4.099999904632568,3.9600000381469727,3.9600000381469727,1.2179820537567139,82760
2002-08-28,3.9000000953674316,4.0,3.9000000953674316,3.950000047683716,1.2149063348770142,81520
2002-08-29,3.950000047683716,3.950000047683716,3.880000114440918,3.9000000953674316,1.1995278596878052,69080
2002-08-30,3.9700000286102295,3.9800000190734863,3.8299999237060547,3.859999895095825,1.1872247457504272,182980
2002-09-02,4.0,4.0,3.880000114440918,3.990000009536743,1.2272089719772339,54860
2002-09-03,3.9800000190734863,3.9800000190734863,3.8299999237060547,3.859999895095825,1.1872247457504272,67320
2002-09-04,3.9200000762939453,3.9200000762939453,3.809999942779541,3.819999933242798,1.1749221086502075,15520
2002-09-05,3.880000114440918,3.890000104904175,3.809999942779541,3.890000104904175,1.196452021598816,8400
2002-09-06,3.809999942779541,3.8499999046325684,3.7699999809265137,3.7799999713897705,1.1626193523406982,14900
2002-09-09,3.759999990463257,3.880000114440918,3.759999990463257,3.759999990463257,1.1564679145812988,25320
2002-09-10,3.759999990463257,3.759999990463257,3.759999990463257,3.759999990463257,1.1564679145812988,0
2002-09-11,3.7100000381469727,3.8499999046325684,3.6500000953674316,3.759999990463257,1.1564679145812988,10160
2002-09-12,3.7100000381469727,3.8499999046325684,3.7100000381469727,3.7799999713897705,1.1626193523406982,33820
2002-09-13,3.799999952316284,3.950000047683716,3.799999952316284,3.890000104904175,1.196452021598816,74360
2002-09-16,3.859999895095825,3.9000000953674316,3.8499999046325684,3.859999895095825,1.1872247457504272,22220
2002-09-17,3.930000066757202,3.930000066757202,3.8499999046325684,3.8499999046325684,1.1841490268707275,12220
2002-09-18,3.799999952316284,3.8499999046325684,3.799999952316284,3.809999942779541,1.1718462705612183,4640
2002-09-19,3.799999952316284,3.799999952316284,3.7300000190734863,3.740000009536743,1.1503164768218994,23200
2002-09-20,3.6600000858306885,3.740000009536743,3.6600000858306885,3.7300000190734863,1.147240400314331,20620
2002-09-23,3.7100000381469727,3.7100000381469727,3.609999895095825,3.640000104904175,1.119559645652771,16800
2002-09-24,3.6600000858306885,3.6700000762939453,3.569999933242798,3.6700000762939453,1.1287866830825806,100500
2002-09-25,3.630000114440918,3.680000066757202,3.630000114440918,3.630000114440918,1.116483449935913,19520
2002-09-26,3.740000009536743,3.740000009536743,3.640000104904175,3.6500000953674316,1.1226348876953125,5660
2002-09-27,3.6500000953674316,3.75,3.630000114440918,3.630000114440918,1.116483449935913,40360
2002-09-30,3.640000104904175,3.6600000858306885,3.5999999046325684,3.619999885559082,1.1134074926376343,44500
2002-10-01,3.619999885559082,3.75,3.619999885559082,3.7100000381469727,1.1410892009735107,77120
2002-10-02,3.7100000381469727,3.7100000381469727,3.7100000381469727,3.7100000381469727,1.1410892009735107,0
2002-10-03,3.7699999809265137,3.7699999809265137,3.6600000858306885,3.740000009536743,1.1503164768218994,37840
2002-10-04,3.8399999141693115,3.8399999141693115,3.5,3.7200000286102295,1.1441649198532104,41620
2002-10-07,3.759999990463257,3.799999952316284,3.7300000190734863,3.75,1.1533923149108887,37820
2002-10-08,3.8399999141693115,3.9000000953674316,3.7799999713897705,3.880000114440918,1.1933764219284058,57580
2002-10-09,3.9000000953674316,4.019999980926514,3.549999952316284,3.9100000858306885,1.2026033401489258,228500
2002-10-10,3.9800000190734863,3.9800000190734863,3.680000066757202,3.7100000381469727,1.1410892009735107,67940
2002-10-11,3.75,3.759999990463257,3.700000047683716,3.7200000286102295,1.1441649198532104,35280
2002-10-14,3.75,3.759999990463257,3.690000057220459,3.75,1.1533923149108887,43860
2002-10-15,3.75,3.75,3.75,3.75,1.1533923149108887,0
2002-10-16,3.7300000190734863,3.799999952316284,3.7300000190734863,3.7300000190734863,1.147240400314331,7660
2002-10-17,3.7300000190734863,3.75,3.700000047683716,3.7300000190734863,1.147240400314331,27300
2002-10-18,3.7300000190734863,3.759999990463257,3.7300000190734863,3.759999990463257,1.1564679145812988,17980
2002-10-21,3.8299999237060547,3.8499999046325684,3.809999942779541,3.809999942779541,1.1718462705612183,16000
2002-10-22,3.759999990463257,3.950000047683716,3.759999990463257,3.9100000858306885,1.2026033401489258,104220
2002-10-23,3.8299999237060547,4.099999904632568,3.809999942779541,4.059999942779541,1.248739242553711,273200
2002-10-24,4.059999942779541,4.059999942779541,3.950000047683716,4.0,1.2302849292755127,105500
2002-10-25,3.9800000190734863,3.990000009536743,3.8299999237060547,3.990000009536743,1.2272089719772339,100080
2002-10-28,3.950000047683716,4.039999961853027,3.75,4.0,1.2302849292755127,89560
2002-10-29,3.9600000381469727,4.099999904632568,3.9600000381469727,3.990000009536743,1.2272089719772339,42440
2002-10-30,4.050000190734863,4.150000095367432,3.9600000381469727,4.079999923706055,1.2548905611038208,83860
2002-10-31,3.799999952316284,4.150000095367432,3.799999952316284,4.130000114440918,1.2702693939208984,81240
2002-11-01,4.099999904632568,4.289999961853027,3.880000114440918,4.25,1.3071776628494263,63940
2002-11-04,4.25,4.25,4.139999866485596,4.190000057220459,1.2887238264083862,32400
2002-11-05,4.119999885559082,4.230000019073486,4.119999885559082,4.190000057220459,1.2887238264083862,44900
2002-11-06,4.190000057220459,4.190000057220459,4.190000057220459,4.190000057220459,1.2887238264083862,0
2002-11-07,4.059999942779541,4.25,4.059999942779541,4.230000019073486,1.3010263442993164,36520
2002-11-08,4.0,4.289999961853027,4.0,4.239999771118164,1.304101824760437,81440
2002-11-11,4.230000019073486,4.329999923706055,4.0,4.28000020980835,1.3164050579071045,124260
2002-11-12,4.099999904632568,4.380000114440918,4.099999904632568,4.340000152587891,1.334859013557434,75560
2002-11-13,4.380000114440918,4.380000114440918,4.300000190734863,4.349999904632568,1.3379347324371338,27640
2002-11-14,4.400000095367432,4.420000076293945,4.28000020980835,4.389999866485596,1.3502376079559326,126780
2002-11-15,4.349999904632568,4.449999809265137,4.300000190734863,4.440000057220459,1.3656160831451416,103220
2002-11-18,4.400000095367432,4.440000057220459,4.349999904632568,4.380000114440918,1.347161889076233,118000
2002-11-19,4.380000114440918,4.380000114440918,4.380000114440918,4.380000114440918,1.347161889076233,0
2002-11-20,4.5,4.5,4.28000020980835,4.420000076293945,1.3594651222229004,141120
2002-11-21,4.360000133514404,4.449999809265137,4.349999904632568,4.400000095367432,1.3533138036727905,99380
2002-11-22,4.300000190734863,4.480000019073486,4.300000190734863,4.460000038146973,1.3717674016952515,145340
2002-11-25,4.349999904632568,4.449999809265137,4.300000190734863,4.440000057220459,1.3656160831451416,85800
2002-11-26,4.320000171661377,4.5,4.320000171661377,4.449999809265137,1.3686918020248413,63460
2002-11-27,4.449999809265137,4.519999980926514,4.409999847412109,4.489999771118164,1.3809947967529297,95320
2002-11-28,4.550000190734863,4.550000190734863,4.449999809265137,4.489999771118164,1.3809947967529297,32780
2002-11-29,4.489999771118164,4.5,4.400000095367432,4.489999771118164,1.3809947967529297,90800
2002-12-02,4.5,4.5,4.420000076293945,4.449999809265137,1.3686918020248413,182900
2002-12-03,4.5,4.5,4.360000133514404,4.380000114440918,1.347161889076233,80220
2002-12-04,4.389999866485596,4.400000095367432,4.25,4.260000228881836,1.3102535009384155,79140
2002-12-05,4.25,4.550000190734863,4.210000038146973,4.269999980926514,1.3133293390274048,157640
2002-12-06,4.380000114440918,4.380000114440918,4.210000038146973,4.25,1.3071776628494263,68840
2002-12-09,4.309999942779541,4.349999904632568,4.25,4.260000228881836,1.3102535009384155,47120
2002-12-10,4.25,4.260000228881836,4.119999885559082,4.190000057220459,1.2887238264083862,21560
2002-12-11,4.25,4.25,4.150000095367432,4.159999847412109,1.279496192932129,40920
2002-12-12,4.199999809265137,4.25,4.179999828338623,4.190000057220459,1.2887238264083862,15220
2002-12-13,4.199999809265137,4.25,4.099999904632568,4.25,1.3071776628494263,79420
2002-12-16,4.25,4.28000020980835,4.199999809265137,4.260000228881836,1.3102535009384155,29640
2002-12-17,4.25,4.400000095367432,4.25,4.340000152587891,1.334859013557434,126740
2002-12-18,4.28000020980835,4.650000095367432,4.079999923706055,4.630000114440918,1.4240546226501465,542960
2002-12-19,4.710000038146973,4.840000152587891,4.599999904632568,4.650000095367432,1.4302057027816772,697640
2002-12-20,4.699999809265137,4.730000019073486,4.400000095367432,4.409999847412109,1.356389045715332,177340
2002-12-23,4.429999828338623,4.559999942779541,4.409999847412109,4.489999771118164,1.3809947967529297,118120
2002-12-24,4.420000076293945,4.599999904632568,4.420000076293945,4.510000228881836,1.3871463537216187,132400
2002-12-25,4.510000228881836,4.510000228881836,4.510000228881836,4.510000228881836,1.3871463537216187,0
2002-12-26,4.5,4.559999942779541,4.460000038146973,4.489999771118164,1.3809947967529297,86120
2002-12-27,4.449999809265137,4.510000228881836,4.449999809265137,4.5,1.3840703964233398,87820
2002-12-30,4.400000095367432,4.5,4.369999885559082,4.489999771118164,1.3809947967529297,61900
2002-12-31,4.449999809265137,4.5,4.449999809265137,4.489999771118164,1.3809947967529297,24760
2003-01-01,4.5,4.5,4.460000038146973,4.46999979019165,1.3748430013656616,27940
2003-01-02,4.5,4.53000020980835,4.46999979019165,4.5,1.3840703964233398,44560
2003-01-03,4.429999828338623,4.519999980926514,4.429999828338623,4.5,1.3840703964233398,34800
2003-01-06,4.480000019073486,4.519999980926514,4.480000019073486,4.5,1.3840703964233398,71560
2003-01-07,4.400000095367432,4.5,4.400000095367432,4.489999771118164,1.3809947967529297,89980
2003-01-08,4.429999828338623,4.5,4.429999828338623,4.5,1.3840703964233398,57580
2003-01-09,4.28000020980835,4.550000190734863,4.28000020980835,4.550000190734863,1.399449348449707,71580
2003-01-10,4.5,4.53000020980835,4.449999809265137,4.489999771118164,1.3809947967529297,76340
2003-01-13,4.480000019073486,4.5,4.46999979019165,4.489999771118164,1.3809947967529297,72020
2003-01-14,4.480000019073486,4.53000020980835,4.480000019073486,4.489999771118164,1.3809947967529297,16160
2003-01-15,4.150000095367432,4.5,4.150000095367432,4.489999771118164,1.3809947967529297,36640
2003-01-16,4.75,4.75,4.429999828338623,4.550000190734863,1.399449348449707,146660
2003-01-17,4.630000114440918,4.630000114440918,4.5,4.510000228881836,1.3871463537216187,50220
2003-01-20,4.510000228881836,4.550000190734863,4.5,4.5,1.3840703964233398,77560
2003-01-21,4.590000152587891,4.590000152587891,4.429999828338623,4.5,1.3840703964233398,58920
2003-01-22,4.400000095367432,4.53000020980835,4.400000095367432,4.5,1.3840703964233398,127460
2003-01-23,4.5,4.5,4.460000038146973,4.489999771118164,1.3809947967529297,90000
2003-01-24,4.429999828338623,4.900000095367432,4.429999828338623,4.610000133514404,1.4179035425186157,152400
2003-01-27,4.5,4.550000190734863,4.489999771118164,4.510000228881836,1.3871463537216187,102460
2003-01-28,4.480000019073486,4.539999961853027,4.440000057220459,4.510000228881836,1.3871463537216187,106280
2003-01-29,4.449999809265137,4.550000190734863,4.449999809265137,4.489999771118164,1.3809947967529297,65300
2003-01-30,4.420000076293945,4.5,4.420000076293945,4.489999771118164,1.3809947967529297,43380
2003-01-31,4.5,4.510000228881836,4.400000095367432,4.489999771118164,1.3809947967529297,127740
2003-02-03,4.46999979019165,4.489999771118164,4.449999809265137,4.449999809265137,1.3686918020248413,4760
2003-02-04,4.510000228881836,4.630000114440918,4.449999809265137,4.460000038146973,1.3717674016952515,123640
2003-02-05,4.429999828338623,4.489999771118164,4.429999828338623,4.440000057220459,1.3656160831451416,24320
2003-02-06,4.619999885559082,4.619999885559082,4.400000095367432,4.440000057220459,1.3656160831451416,17460
2003-02-07,4.5,4.5,4.400000095367432,4.449999809265137,1.3686918020248413,9040
2003-02-10,4.380000114440918,4.429999828338623,4.380000114440918,4.380000114440918,1.347161889076233,8020
2003-02-11,4.25,4.380000114440918,4.25,4.269999980926514,1.3133293390274048,46380
2003-02-12,4.25,4.25,4.150000095367432,4.170000076293945,1.282571792602539,41120
2003-02-13,4.170000076293945,4.170000076293945,4.170000076293945,4.170000076293945,1.282571792602539,0
2003-02-14,4.199999809265137,4.269999980926514,4.150000095367432,4.150000095367432,1.2764208316802979,77780
2003-02-17,4.150000095367432,4.309999942779541,4.150000095367432,4.210000038146973,1.2948747873306274,15780
2003-02-18,4.25,4.25,4.150000095367432,4.190000057220459,1.2887238264083862,34000
2003-02-19,4.179999828338623,4.25,4.179999828338623,4.230000019073486,1.3010263442993164,14980
2003-02-20,4.25,4.349999904632568,4.25,4.28000020980835,1.3164050579071045,20640
2003-02-21,4.25,4.25,4.25,4.25,1.3071776628494263,5100
2003-02-24,4.300000190734863,4.349999904632568,4.21999979019165,4.230000019073486,1.3010263442993164,10100
2003-02-25,4.230000019073486,4.230000019073486,4.190000057220459,4.199999809265137,1.2917989492416382,24880
2003-02-26,4.25,4.25,4.199999809265137,4.239999771118164,1.304101824760437,14500
2003-02-27,4.099999904632568,4.369999885559082,4.099999904632568,4.179999828338623,1.2856477499008179,30440
2003-02-28,4.300000190734863,4.320000171661377,4.150000095367432,4.159999847412109,1.279496192932129,29980
2003-03-03,4.150000095367432,4.25,4.150000095367432,4.210000038146973,1.2948747873306274,13320
2003-03-04,4.170000076293945,4.199999809265137,4.150000095367432,4.159999847412109,1.279496192932129,33020
2003-03-05,4.25,4.25,4.130000114440918,4.150000095367432,1.2764208316802979,81380
2003-03-06,4.079999923706055,4.170000076293945,4.079999923706055,4.139999866485596,1.2733445167541504,19620
2003-03-07,3.9800000190734863,4.300000190734863,3.9800000190734863,4.050000190734863,1.2456632852554321,28940
2003-03-10,4.099999904632568,4.119999885559082,3.9600000381469727,4.019999980926514,1.2364364862442017,56620
2003-03-11,4.050000190734863,4.239999771118164,3.8299999237060547,4.099999904632568,1.2610419988632202,99340
2003-03-12,4.139999866485596,4.139999866485596,4.0,4.059999942779541,1.248739242553711,16280
2003-03-13,4.0,4.019999980926514,4.0,4.019999980926514,1.2364364862442017,2080
2003-03-14,4.019999980926514,4.019999980926514,4.019999980926514,4.019999980926514,1.2364364862442017,0
2003-03-17,3.880000114440918,3.9600000381469727,3.880000114440918,3.9100000858306885,1.2026033401489258,98360
2003-03-18,3.9100000858306885,3.9100000858306885,3.9100000858306885,3.9100000858306885,1.2026033401489258,0
2003-03-19,3.940000057220459,3.940000057220459,3.8399999141693115,3.880000114440918,1.1933764219284058,68040
2003-03-20,3.9000000953674316,3.9700000286102295,3.8299999237060547,3.950000047683716,1.2149063348770142,93380
2003-03-21,4.03000020980835,4.03000020980835,3.950000047683716,3.9700000286102295,1.221057415008545,23820
2003-03-24,3.9000000953674316,4.03000020980835,3.9000000953674316,3.950000047683716,1.2149063348770142,31700
2003-03-25,3.890000104904175,3.930000066757202,3.880000114440918,3.9000000953674316,1.1995278596878052,12100
2003-03-26,3.950000047683716,3.990000009536743,3.869999885559082,3.9000000953674316,1.1995278596878052,39300
2003-03-27,3.869999885559082,3.950000047683716,3.869999885559082,3.9000000953674316,1.1995278596878052,7800
2003-03-28,4.25,4.25,3.8399999141693115,3.8399999141693115,1.1810734272003174,24700
2003-03-31,3.75,3.799999952316284,3.700000047683716,3.75,1.1533923149108887,35380
2003-04-01,3.75,3.7899999618530273,3.75,3.759999990463257,1.1564679145812988,7000
2003-04-02,3.7699999809265137,3.7699999809265137,3.75,3.7699999809265137,1.159543514251709,36440
2003-04-03,3.8499999046325684,3.950000047683716,3.8299999237060547,3.8399999141693115,1.1810734272003174,15600
2003-04-04,3.9000000953674316,3.950000047683716,3.859999895095825,3.950000047683716,1.2149063348770142,72220
2003-04-07,4.0,4.050000190734863,3.930000066757202,3.950000047683716,1.2149063348770142,73100
2003-04-08,4.0,4.0,3.890000104904175,3.890000104904175,1.196452021598816,39060
2003-04-09,3.9200000762939453,3.9200000762939453,3.809999942779541,3.890000104904175,1.196452021598816,34420
2003-04-10,3.859999895095825,3.859999895095825,3.799999952316284,3.8499999046325684,1.1841490268707275,29700
2003-04-11,3.9000000953674316,3.9000000953674316,3.809999942779541,3.869999885559082,1.1903005838394165,34700
2003-04-14,3.869999885559082,3.869999885559082,3.869999885559082,3.869999885559082,1.1903005838394165,0
2003-04-15,3.869999885559082,3.869999885559082,3.869999885559082,3.869999885559082,1.1903005838394165,0
2003-04-16,3.869999885559082,3.9700000286102295,3.7899999618530273,3.819999933242798,1.1749221086502075,81320
2003-04-17,3.890000104904175,3.890000104904175,3.7899999618530273,3.8399999141693115,1.1810734272003174,22300
2003-04-18,3.8399999141693115,3.8399999141693115,3.8399999141693115,3.8399999141693115,1.1810734272003174,0
2003-04-21,3.8399999141693115,3.950000047683716,3.8399999141693115,3.930000066757202,1.2087547779083252,13960
2003-04-22,3.9600000381469727,3.990000009536743,3.930000066757202,3.9600000381469727,1.2179820537567139,50700
2003-04-23,4.150000095367432,4.75,4.150000095367432,4.260000228881836,1.3102535009384155,380060
2003-04-24,4.329999923706055,4.329999923706055,4.199999809265137,4.260000228881836,1.3102535009384155,186720
2003-04-25,4.400000095367432,4.849999904632568,4.340000152587891,4.739999771118164,1.4578880071640015,8474840
2003-04-28,4.820000171661377,5.28000020980835,4.730000019073486,5.119999885559082,1.5747647285461426,5967380
2003-04-29,5.199999809265137,5.239999771118164,4.889999866485596,4.909999847412109,1.5101745128631592,1689020
2003-04-30,4.900000095367432,5.059999942779541,4.900000095367432,5.0,1.5378564596176147,633900
2003-05-01,5.0,5.0,5.0,5.0,1.5378564596176147,0
2003-05-02,5.130000114440918,5.130000114440918,4.960000038146973,5.0,1.5378564596176147,412500
2003-05-05,5.050000190734863,5.050000190734863,4.900000095367432,4.940000057220459,1.5194021463394165,409420
2003-05-06,5.070000171661377,5.079999923706055,4.860000133514404,4.920000076293945,1.5132502317428589,288520
2003-05-07,4.920000076293945,5.130000114440918,4.920000076293945,5.050000190734863,1.5532346963882446,448180
2003-05-08,5.070000171661377,5.320000171661377,4.989999771118164,5.239999771118164,1.6116726398468018,1117000
2003-05-09,5.289999961853027,5.5,5.159999847412109,5.46999979019165,1.6824144124984741,1816020
2003-05-12,5.599999904632568,5.739999771118164,5.510000228881836,5.579999923706055,1.7162479162216187,1188320
2003-05-13,5.639999866485596,5.849999904632568,5.579999923706055,5.820000171661377,1.7900644540786743,766020
2003-05-14,5.849999904632568,5.980000019073486,5.849999904632568,5.929999828338623,1.823897361755371,562660
2003-05-15,6.0,6.0,5.760000228881836,5.809999942779541,1.7869888544082642,351900
2003-05-16,5.760000228881836,5.849999904632568,5.650000095367432,5.739999771118164,1.7654588222503662,204680
2003-05-19,5.789999961853027,6.050000190734863,5.739999771118164,5.949999809265137,1.8300487995147705,854300
2003-05-20,6.0,6.0,5.889999866485596,5.96999979019165,1.8362001180648804,436400
2003-05-21,6.0,6.0,5.900000095367432,5.940000057220459,1.8269730806350708,217320
2003-05-22,5.989999771118164,6.650000095367432,5.949999809265137,6.409999847412109,1.9715313911437988,1504200
2003-05-23,6.670000076293945,6.670000076293945,6.210000038146973,6.630000114440918,2.0391972064971924,513520
2003-05-26,6.710000038146973,6.96999979019165,6.53000020980835,6.75,2.076105833053589,930540
2003-05-27,6.849999904632568,6.949999809265137,6.650000095367432,6.690000057220459,2.057651996612549,761560
2003-05-28,6.679999828338623,6.739999771118164,6.53000020980835,6.579999923706055,2.0238184928894043,154480
2003-05-29,7.0,7.0,6.460000038146973,6.53000020980835,2.0084400177001953,328180
2003-05-30,6.75,6.75,6.480000019073486,6.599999904632568,2.029970407485962,743520
2003-06-02,6.539999961853027,6.639999866485596,6.449999809265137,6.590000152587891,2.0268943309783936,467400
2003-06-03,6.579999923706055,6.739999771118164,6.5,6.610000133514404,2.033045768737793,664780
2003-06-04,6.639999866485596,6.650000095367432,6.480000019073486,6.510000228881836,2.002288579940796,501380
2003-06-05,5.75,6.599999904632568,5.75,6.400000095367432,1.9684559106826782,185880
2003-06-06,6.349999904632568,6.400000095367432,6.179999828338623,6.21999979019165,1.913093090057373,202680
2003-06-09,6.380000114440918,6.429999828338623,6.300000190734863,6.400000095367432,1.9684559106826782,169500
2003-06-10,6.329999923706055,6.5,6.059999942779541,6.239999771118164,1.9192442893981934,207820
2003-06-11,6.400000095367432,6.579999923706055,6.349999904632568,6.429999828338623,1.9776833057403564,513140
2003-06-12,6.489999771118164,6.800000190734863,6.429999828338623,6.679999828338623,2.0545766353607178,1817280
2003-06-13,6.75,7.199999809265137,6.75,7.03000020980835,2.1622257232666016,1868680
2003-06-16,7.300000190734863,7.5,7.099999904632568,7.170000076293945,2.2052857875823975,703040
2003-06-17,7.150000095367432,7.289999961853027,7.010000228881836,7.090000152587891,2.1806800365448,323740
2003-06-18,7.099999904632568,7.099999904632568,6.900000095367432,6.949999809265137,2.1376194953918457,279200
2003-06-19,7.010000228881836,7.230000019073486,6.800000190734863,6.869999885559082,2.1130144596099854,761540
2003-06-20,6.800000190734863,7.019999980926514,6.800000190734863,6.960000038146973,2.1406960487365723,362620
2003-06-23,7.0,7.050000190734863,6.849999904632568,6.949999809265137,2.1376194953918457,267800
2003-06-24,6.909999847412109,7.0,6.880000114440918,6.920000076293945,2.1283936500549316,159920
2003-06-25,6.949999809265137,7.019999980926514,6.909999847412109,6.989999771118164,2.1499221324920654,280660
2003-06-26,7.0,7.099999904632568,6.929999828338623,6.949999809265137,2.1376194953918457,179560
2003-06-27,6.909999847412109,7.039999961853027,6.900000095367432,6.920000076293945,2.1283936500549316,487640
2003-06-30,6.849999904632568,7.199999809265137,6.849999904632568,7.070000171661377,2.174529552459717,711500
2003-07-01,7.010000228881836,7.099999904632568,7.0,7.059999942779541,2.1714537143707275,617340
2003-07-02,7.230000019073486,7.570000171661377,7.130000114440918,7.53000020980835,2.316011667251587,1548380
2003-07-03,7.730000019073486,8.0,7.519999980926514,7.769999980926514,3.2541425228118896,446480
2003-07-04,8.0,8.569999694824219,7.900000095367432,8.25,3.4551706314086914,1023730
2003-07-07,8.359999656677246,8.569999694824219,8.300000190734863,8.4399995803833,3.5347437858581543,868610
2003-07-08,8.600000381469727,8.699999809265137,8.510000228881836,8.670000076293945,3.631070375442505,436880
2003-07-09,8.760000228881836,8.760000228881836,8.380000114440918,8.489999771118164,3.5556845664978027,414260
2003-07-10,8.399999618530273,8.489999771118164,8.199999809265137,8.40999984741211,3.5221803188323975,331930
2003-07-11,8.600000381469727,8.699999809265137,8.5,8.640000343322754,3.6185061931610107,362040
2003-07-14,9.100000381469727,9.300000190734863,8.850000381469727,8.989999771118164,3.765090227127075,1937230
2003-07-15,9.0,9.09000015258789,8.300000190734863,8.430000305175781,3.5305564403533936,1118150
2003-07-16,8.59000015258789,9.0,8.449999809265137,8.970000267028809,3.756714344024658,1127150
2003-07-17,8.890000343322754,9.199999809265137,8.8100004196167,8.890000343322754,3.72320818901062,566260
2003-07-18,8.850000381469727,9.180000305175781,8.65999984741211,9.039999961853027,3.7860288619995117,630230
2003-07-21,9.109999656677246,9.199999809265137,8.920000076293945,9.0,3.7692768573760986,314030
2003-07-22,9.0,9.170000076293945,8.5,8.800000190734863,3.685516595840454,267520
2003-07-23,8.899999618530273,9.069999694824219,8.779999732971191,9.039999961853027,3.7860288619995117,294130
2003-07-24,9.039999961853027,9.100000381469727,8.920000076293945,9.029999732971191,3.7818403244018555,475290
2003-07-25,9.199999809265137,9.289999961853027,8.800000190734863,9.029999732971191,3.7818403244018555,157860
2003-07-28,9.100000381469727,9.100000381469727,8.850000381469727,8.899999618530273,3.72739577293396,128420
2003-07-29,8.920000076293945,9.0,8.899999618530273,8.930000305175781,3.739959955215454,82410
2003-07-30,8.800000190734863,9.050000190734863,8.800000190734863,8.989999771118164,3.765090227127075,190580
2003-07-31,8.949999809265137,9.079999923706055,8.8100004196167,8.989999771118164,3.765090227127075,226200
2003-08-01,8.850000381469727,9.0,8.850000381469727,8.920000076293945,3.735771656036377,76600
2003-08-04,9.0,9.15999984741211,9.0,9.119999885559082,3.8195340633392334,166040
2003-08-05,9.25,9.350000381469727,9.0,9.029999732971191,3.7818403244018555,730320
2003-08-06,8.5,9.199999809265137,8.5,9.149999618530273,3.8320987224578857,189460
2003-08-07,8.800000190734863,9.300000190734863,8.5,9.260000228881836,3.878166913986206,427760
2003-08-08,9.300000190734863,9.5,9.260000228881836,9.319999694824219,3.9032962322235107,384630
2003-08-11,9.5,9.5,9.199999809265137,9.229999542236328,3.8656039237976074,174720
2003-08-12,9.399999618530273,9.40999984741211,9.100000381469727,9.199999809265137,3.8530383110046387,116150
2003-08-13,9.369999885559082,9.369999885559082,9.100000381469727,9.1899995803833,3.8488502502441406,112470
2003-08-14,9.300000190734863,9.399999618530273,9.0,9.100000381469727,3.8111586570739746,97970
2003-08-15,9.100000381469727,9.100000381469727,9.100000381469727,9.100000381469727,3.8111586570739746,0
2003-08-18,9.170000076293945,9.300000190734863,9.010000228881836,9.100000381469727,3.8111586570739746,190520
2003-08-19,9.029999732971191,9.279999732971191,9.029999732971191,9.069999694824219,3.7985947132110596,117040
2003-08-20,9.069999694824219,9.079999923706055,8.710000038146973,8.789999961853027,3.681328296661377,284210
2003-08-21,9.029999732971191,9.029999732971191,8.319999694824219,8.460000038146973,3.5431206226348877,524850
2003-08-22,8.59000015258789,8.600000381469727,8.15999984741211,8.319999694824219,3.4844868183135986,950640
2003-08-25,8.800000190734863,9.399999618530273,8.300000190734863,8.430000305175781,3.5305564403533936,1019240
2003-08-26,8.779999732971191,8.779999732971191,8.449999809265137,8.510000228881836,3.564061403274536,505440
2003-08-27,8.600000381469727,8.649999618530273,8.510000228881836,8.5600004196167,3.5850019454956055,274170
2003-08-28,8.600000381469727,8.680000305175781,8.399999618530273,8.460000038146973,3.5431206226348877,265450
2003-08-29,8.5,8.5,8.210000038146973,8.270000457763672,3.463547706604004,430390
2003-09-01,8.300000190734863,8.4399995803833,8.25,8.300000190734863,3.476111650466919,412970
2003-09-02,8.329999923706055,8.350000381469727,8.0,8.079999923706055,3.3839728832244873,412940
2003-09-03,8.149999618530273,8.399999618530273,8.0600004196167,8.25,3.4551706314086914,444470
2003-09-04,8.369999885559082,8.369999885559082,8.010000228881836,8.079999923706055,3.3839728832244873,475380
2003-09-05,8.199999809265137,8.199999809265137,8.029999732971191,8.09000015258789,3.3881609439849854,338350
2003-09-08,8.149999618530273,8.25,8.029999732971191,8.130000114440918,3.4049136638641357,718770
2003-09-09,8.130000114440918,8.220000267028809,8.0,8.039999961853027,3.3672213554382324,374010
2003-09-10,8.479999542236328,8.479999542236328,7.800000190734863,7.900000095367432,3.3085875511169434,261510
2003-09-11,7.860000133514404,8.5,7.800000190734863,8.050000190734863,3.371408224105835,1354330
2003-09-12,8.300000190734863,8.300000190734863,7.900000095367432,8.0,3.350468635559082,916430
2003-09-15,8.0,8.039999961853027,7.829999923706055,7.869999885559082,3.29602313041687,152590
2003-09-16,7.860000133514404,8.0,7.710000038146973,7.960000038146973,3.333716630935669,153510
2003-09-17,8.0,8.100000381469727,7.960000038146973,8.010000228881836,3.354656934738159,158290
2003-09-18,7.900000095367432,8.149999618530273,7.900000095367432,8.0,3.350468635559082,336810
2003-09-19,7.900000095367432,8.100000381469727,7.860000133514404,8.010000228881836,3.354656934738159,345460
2003-09-22,9.0,9.0,8.0,8.170000076293945,3.4216654300689697,414270
2003-09-23,8.199999809265137,8.300000190734863,8.100000381469727,8.210000038146973,3.438417673110962,270990
2003-09-24,8.229999542236328,8.25,8.130000114440918,8.220000267028809,3.4426069259643555,190230
2003-09-25,8.220000267028809,8.369999885559082,8.199999809265137,8.229999542236328,3.446794271469116,163470
2003-09-26,8.25,8.350000381469727,8.149999618530273,8.3100004196167,3.480299711227417,232860
2003-09-29,8.199999809265137,8.5,8.199999809265137,8.380000114440918,3.5096168518066406,378880
2003-09-30,8.880000114440918,8.970000267028809,8.369999885559082,8.470000267028809,3.547308921813965,275420
2003-10-01,8.529999732971191,8.680000305175781,8.460000038146973,8.609999656677246,3.6059417724609375,345460
2003-10-02,8.609999656677246,8.609999656677246,8.609999656677246,8.609999656677246,3.6059417724609375,0
2003-10-03,8.630000114440918,8.800000190734863,8.5600004196167,8.75,3.6645748615264893,479650
2003-10-06,8.800000190734863,9.199999809265137,8.800000190734863,8.90999984741211,3.731584072113037,881430
2003-10-07,9.100000381469727,9.5600004196167,9.0,9.130000114440918,3.8237223625183105,1223870
2003-10-08,9.130000114440918,9.489999771118164,9.100000381469727,9.239999771118164,3.869791030883789,560120
2003-10-09,9.380000114440918,9.380000114440918,9.149999618530273,9.199999809265137,3.8530383110046387,367710
2003-10-10,9.170000076293945,9.390000343322754,9.170000076293945,9.220000267028809,3.8614156246185303,382500
2003-10-13,9.300000190734863,9.75,9.300000190734863,9.680000305175781,4.0540666580200195,1257010
2003-10-14,9.829999923706055,10.390000343322754,9.710000038146973,9.899999618530273,4.146204948425293,3498050
2003-10-15,9.899999618530273,10.649999618530273,9.899999618530273,10.350000381469727,4.334669589996338,1926160
2003-10-16,10.699999809265137,11.279999732971191,10.470000267028809,10.930000305175781,4.577577114105225,3857190
2003-10-17,11.0600004196167,11.84000015258789,10.850000381469727,11.069999694824219,4.636211395263672,8127240
2003-10-20,11.300000190734863,11.550000190734863,11.100000381469727,11.15999984741211,4.673904895782471,2445610
2003-10-21,11.140000343322754,11.369999885559082,10.3100004196167,10.430000305175781,4.368172645568848,1317490
2003-10-22,10.630000114440918,10.6899995803833,9.850000381469727,9.979999542236328,4.179708957672119,1236070
2003-10-23,10.100000381469727,11.0,9.90999984741211,10.319999694824219,4.322103023529053,1321710
2003-10-24,10.199999809265137,10.890000343322754,10.199999809265137,10.720000267028809,4.489628791809082,720450
2003-10-27,11.279999732971191,11.279999732971191,10.5,10.609999656677246,4.443559169769287,482330
2003-10-28,10.609999656677246,10.699999809265137,10.25,10.479999542236328,4.3891119956970215,443420
2003-10-29,10.510000228881836,10.829999923706055,10.0,10.25,4.292787551879883,537150
2003-10-30,10.399999618530273,11.140000343322754,10.3100004196167,10.630000114440918,4.451935291290283,1081670
2003-10-31,10.75,11.600000381469727,10.609999656677246,11.4399995803833,4.7911696434021,1963030
2003-11-03,11.5600004196167,11.75,11.210000038146973,11.319999694824219,4.740912914276123,1123760
2003-11-04,11.399999618530273,11.5,10.720000267028809,10.800000190734863,4.523133277893066,1046300
2003-11-05,10.899999618530273,11.5,10.75,11.069999694824219,4.636211395263672,1075150
2003-11-06,11.300000190734863,11.300000190734863,10.819999694824219,10.960000038146973,4.590141296386719,892520
2003-11-07,11.010000228881836,11.300000190734863,10.829999923706055,10.979999542236328,4.598517417907715,614090
2003-11-10,10.949999809265137,12.1899995803833,10.800000190734863,12.010000228881836,5.029891490936279,2671390
2003-11-11,12.300000190734863,13.140000343322754,12.140000343322754,13.020000457763672,5.452887058258057,5284970
2003-11-12,13.1899995803833,13.350000381469727,12.829999923706055,13.109999656677246,5.4905805587768555,2568630
2003-11-13,13.319999694824219,13.399999618530273,12.859999656677246,13.010000228881836,5.448698997497559,1139190
2003-11-14,13.010000228881836,13.6899995803833,12.800000190734863,13.109999656677246,5.4905805587768555,1282520
2003-11-17,13.800000190734863,14.210000038146973,13.300000190734863,13.819999694824219,5.78793478012085,1403670
2003-11-18,13.989999771118164,14.289999961853027,13.5,13.65999984741211,5.7209248542785645,829240
2003-11-19,13.75,13.75,12.859999656677246,13.020000457763672,5.452887058258057,717900
2003-11-20,13.199999809265137,13.199999809265137,12.34000015258789,12.600000381469727,5.2769880294799805,684440
2003-11-21,12.899999618530273,12.899999618530273,12.109999656677246,12.510000228881836,5.239294528961182,500510
2003-11-24,13.199999809265137,13.979999542236328,12.75,13.520000457763672,5.662291049957275,769490
2003-11-25,13.789999961853027,13.789999961853027,13.100000381469727,13.180000305175781,5.519896507263184,417720
2003-11-26,13.180000305175781,13.180000305175781,13.180000305175781,13.180000305175781,5.519896507263184,0
2003-11-27,13.300000190734863,13.399999618530273,12.699999809265137,13.0,5.444510459899902,535740
2003-11-28,12.850000381469727,13.279999732971191,12.699999809265137,12.75,5.339808464050293,445050
2003-12-01,12.90999984741211,13.600000381469727,12.800000190734863,13.449999809265137,5.632974624633789,951530
2003-12-02,13.600000381469727,14.260000228881836,13.3100004196167,14.079999923706055,5.896824359893799,1557630
2003-12-03,14.479999542236328,14.779999732971191,14.180000305175781,14.390000343322754,6.0266547203063965,1215930
2003-12-04,14.789999961853027,14.789999961853027,14.050000190734863,14.319999694824219,5.997338771820068,489220
2003-12-05,14.5,14.75,13.5,14.039999961853027,5.880071640014648,498200
2003-12-08,14.210000038146973,14.800000190734863,13.899999618530273,14.020000457763672,5.871695518493652,736380
2003-12-09,14.399999618530273,14.649999618530273,14.300000190734863,14.470000267028809,6.060161590576172,841850
2003-12-10,14.600000381469727,14.600000381469727,14.100000381469727,14.140000343322754,5.921955585479736,380370
2003-12-11,14.5,14.699999809265137,13.930000305175781,14.130000114440918,5.9177656173706055,511020
2003-12-12,14.199999809265137,14.390000343322754,14.050000190734863,14.130000114440918,5.9177656173706055,615460
2003-12-15,14.100000381469727,14.399999618530273,14.039999961853027,14.109999656677246,5.909389019012451,511990
2003-12-16,14.119999885559082,14.399999618530273,14.0,14.239999771118164,5.963833332061768,396560
2003-12-17,14.300000190734863,14.5,13.699999809265137,13.880000114440918,5.8130621910095215,359940
2003-12-18,13.829999923706055,14.100000381469727,13.5,13.720000267028809,5.746053695678711,476220
2003-12-19,14.0,15.180000305175781,14.0,14.899999618530273,6.2402472496032715,1558860
2003-12-22,15.489999771118164,15.489999771118164,14.600000381469727,14.850000381469727,6.2193074226379395,885210
2003-12-23,15.0,15.069999694824219,14.399999618530273,14.529999732971191,6.085289001464844,358790
2003-12-24,14.399999618530273,14.699999809265137,14.300000190734863,14.5,6.072722911834717,435740
2003-12-25,14.5,14.5,14.5,14.5,6.072722911834717,0
2003-12-26,14.5,14.899999618530273,14.40999984741211,14.479999542236328,6.0643463134765625,258470
2003-12-29,15.0,15.0,14.199999809265137,14.420000076293945,6.039217948913574,411350
2003-12-30,14.199999809265137,14.800000190734863,14.100000381469727,14.229999542236328,5.959645748138428,316790
2003-12-31,14.350000381469727,14.600000381469727,13.899999618530273,14.020000457763672,5.871695518493652,608630
2004-01-01,14.319999694824219,14.5,14.149999618530273,14.220000267028809,5.955458641052246,219830
2004-01-02,14.210000038146973,14.649999618530273,14.199999809265137,14.609999656677246,6.118792533874512,700010
2004-01-05,14.779999732971191,15.199999809265137,14.630000114440918,14.9399995803833,6.256998062133789,1602400
2004-01-06,15.0,15.399999618530273,14.699999809265137,14.9399995803833,6.256998062133789,1046940
2004-01-07,14.819999694824219,14.850000381469727,13.5,14.510000228881836,6.076911449432373,449160
2004-01-08,14.510000228881836,15.100000381469727,14.399999618530273,14.600000381469727,6.114604473114014,527620
2004-01-09,14.899999618530273,14.989999771118164,14.449999809265137,14.720000267028809,6.164862155914307,847140
2004-01-12,14.699999809265137,14.960000038146973,14.569999694824219,14.800000190734863,6.198367595672607,848810
2004-01-13,14.800000190734863,14.970000267028809,14.430000305175781,14.619999885559082,6.122981071472168,422330
2004-01-14,14.760000228881836,15.479999542236328,14.75,15.239999771118164,6.3826422691345215,1186080
2004-01-15,15.319999694824219,15.880000114440918,14.800000190734863,14.890000343322754,6.23606014251709,717390
2004-01-16,15.199999809265137,15.199999809265137,14.550000190734863,14.90999984741211,6.244436740875244,599130
2004-01-19,14.800000190734863,14.899999618530273,14.100000381469727,14.539999961853027,6.089475631713867,508220
2004-01-20,14.600000381469727,14.800000190734863,14.399999618530273,14.600000381469727,6.114604473114014,484240
2004-01-21,14.399999618530273,14.600000381469727,14.010000228881836,14.380000114440918,6.022467613220215,783380
2004-01-22,14.399999618530273,14.600000381469727,13.399999618530273,13.869999885559082,5.808874130249023,393450
2004-01-23,13.90999984741211,13.90999984741211,13.0,13.380000114440918,5.603659629821777,355120
2004-01-26,13.380000114440918,13.380000114440918,13.380000114440918,13.380000114440918,5.603659629821777,0
2004-01-27,13.800000190734863,14.0,13.399999618530273,13.5600004196167,5.6790452003479,255390
2004-01-28,13.6899995803833,13.989999771118164,13.300000190734863,13.800000190734863,5.779558181762695,434360
2004-01-29,13.8100004196167,14.09000015258789,13.479999542236328,13.920000076293945,5.829815864562988,715180
2004-01-30,13.710000038146973,13.819999694824219,13.010000228881836,13.09000015258789,5.482203006744385,254070
2004-02-02,13.09000015258789,13.09000015258789,13.09000015258789,13.09000015258789,5.482203006744385,0
2004-02-03,13.0,13.149999618530273,12.300000190734863,12.710000038146973,5.323056221008301,407470
2004-02-04,12.800000190734863,13.199999809265137,12.569999694824219,13.020000457763672,5.452887058258057,201730
2004-02-05,13.199999809265137,13.399999618530273,12.899999618530273,13.149999618530273,5.507331848144531,218590
2004-02-06,13.039999961853027,13.5,13.0,13.279999732971191,5.561779022216797,86820
2004-02-09,13.020000457763672,13.699999809265137,13.020000457763672,13.539999961853027,5.670666217803955,714050
2004-02-10,13.550000190734863,13.550000190734863,13.199999809265137,13.289999961853027,5.56596565246582,169400
2004-02-11,13.300000190734863,13.989999771118164,13.300000190734863,13.670000076293945,5.725114345550537,233560
2004-02-12,13.649999618530273,13.869999885559082,13.600000381469727,13.649999618530273,5.716735363006592,240750
2004-02-13,14.09000015258789,14.09000015258789,13.5,13.640000343322754,5.712549686431885,156190
2004-02-16,13.619999885559082,13.800000190734863,13.199999809265137,13.65999984741211,5.7209248542785645,163610
2004-02-17,13.550000190734863,13.949999809265137,13.5,13.600000381469727,5.695797443389893,137880
2004-02-18,13.510000228881836,13.800000190734863,13.510000228881836,13.710000038146973,5.741866588592529,216740
2004-02-19,13.989999771118164,14.229999542236328,13.510000228881836,13.670000076293945,5.725114345550537,330270
2004-02-20,13.649999618530273,13.649999618530273,13.010000228881836,13.220000267028809,5.536649227142334,76170
2004-02-23,13.220000267028809,13.699999809265137,13.0,13.050000190734863,5.465451717376709,159070
2004-02-24,13.109999656677246,13.390000343322754,12.710000038146973,13.260000228881836,5.553401470184326,105980
2004-02-25,13.5,13.510000228881836,13.0,13.039999961853027,5.461263179779053,90190
2004-02-26,13.289999961853027,13.289999961853027,12.899999618530273,12.989999771118164,5.440321445465088,97010
2004-02-27,12.829999923706055,13.25,12.829999923706055,13.210000038146973,5.532461166381836,169100
2004-03-01,13.229999542236328,13.25,12.5,12.630000114440918,5.289552211761475,153690
2004-03-02,12.630000114440918,12.630000114440918,12.630000114440918,12.630000114440918,5.289552211761475,0
2004-03-03,13.0,13.0,12.5,12.84000015258789,5.377501010894775,310470
2004-03-04,13.100000381469727,13.399999618530273,13.100000381469727,13.180000305175781,5.519896507263184,216060
2004-03-05,13.199999809265137,13.479999542236328,12.899999618530273,13.140000343322754,5.503146171569824,90260
2004-03-08,13.010000228881836,13.170000076293945,12.75,12.789999961853027,5.356561660766602,119590
2004-03-09,12.800000190734863,13.010000228881836,12.800000190734863,12.819999694824219,5.3691253662109375,80360
2004-03-10,12.800000190734863,12.949999809265137,12.600000381469727,12.699999809265137,5.318870544433594,78570
2004-03-11,12.539999961853027,12.800000190734863,12.4399995803833,12.470000267028809,5.222542762756348,75530
2004-03-12,12.600000381469727,12.699999809265137,12.199999809265137,12.619999885559082,5.285362243652344,2612750
2004-03-15,12.420000076293945,12.800000190734863,11.90999984741211,12.109999656677246,5.071771621704102,115500
2004-03-16,12.100000381469727,12.100000381469727,11.210000038146973,11.550000190734863,4.837238788604736,225260
2004-03-17,11.930000305175781,11.930000305175781,11.399999618530273,11.800000190734863,4.941941738128662,123370
2004-03-18,12.0,12.199999809265137,11.800000190734863,11.899999618530273,4.983821868896484,165690
2004-03-19,12.199999809265137,12.399999618530273,11.5,12.319999694824219,5.159721374511719,91860
2004-03-22,11.829999923706055,12.399999618530273,11.829999923706055,12.3100004196167,5.155533313751221,62600
2004-03-23,12.010000228881836,12.34000015258789,11.850000381469727,12.210000038146973,5.11365270614624,76610
2004-03-24,12.489999771118164,12.600000381469727,12.130000114440918,12.5,5.235106468200684,125480
2004-03-25,12.210000038146973,12.880000114440918,12.210000038146973,12.579999923706055,5.268611431121826,64330
2004-03-26,12.600000381469727,12.850000381469727,12.399999618530273,12.5600004196167,5.2602362632751465,96150
2004-03-29,12.899999618530273,12.899999618530273,12.399999618530273,12.619999885559082,5.285362243652344,33830
2004-03-30,12.680000305175781,12.800000190734863,12.5,12.600000381469727,5.2769880294799805,58770
2004-03-31,12.890000343322754,13.0,12.510000228881836,12.920000076293945,5.411005973815918,81850
2004-04-01,13.1899995803833,14.0600004196167,13.0,14.0,5.863318920135498,1279510
2004-04-02,14.100000381469727,14.470000267028809,13.899999618530273,13.920000076293945,5.829815864562988,228070
2004-04-05,14.5,14.699999809265137,13.899999618530273,13.9399995803833,5.838191509246826,89260
2004-04-06,13.760000228881836,13.989999771118164,13.5,13.680000305175781,5.7293009757995605,74540
2004-04-07,13.850000381469727,14.0,13.65999984741211,13.859999656677246,5.804687023162842,72210
2004-04-08,13.710000038146973,13.899999618530273,13.510000228881836,13.640000343322754,5.712549686431885,76270
2004-04-09,13.640000343322754,13.640000343322754,13.640000343322754,13.640000343322754,5.712549686431885,0
2004-04-12,13.510000228881836,13.680000305175781,13.5,13.550000190734863,5.674856662750244,61960
2004-04-13,13.520000457763672,14.0,13.5,13.979999542236328,5.8549418449401855,176690
2004-04-14,13.979999542236328,13.979999542236328,13.979999542236328,13.979999542236328,5.8549418449401855,0
2004-04-15,14.100000381469727,14.300000190734863,14.010000228881836,14.220000267028809,5.955458641052246,138460
2004-04-16,14.130000114440918,14.600000381469727,14.130000114440918,14.539999961853027,6.089475631713867,192180
2004-04-19,14.899999618530273,17.299999237060547,14.829999923706055,14.949999809265137,6.2611870765686035,440130
2004-04-20,15.6899995803833,15.6899995803833,14.899999618530273,15.050000190734863,6.3030686378479,211390
2004-04-21,15.300000190734863,15.300000190734863,14.979999542236328,15.140000343322754,6.340763092041016,337240
2004-04-22,15.109999656677246,15.300000190734863,15.0,15.029999732971191,6.2946929931640625,372330
2004-04-23,15.010000228881836,15.5,15.010000228881836,15.369999885559082,6.437087535858154,618780
2004-04-26,15.369999885559082,15.369999885559082,15.369999885559082,15.369999885559082,6.437087535858154,0
2004-04-27,15.199999809265137,15.399999618530273,14.0,15.300000190734863,6.40777063369751,456910
2004-04-28,15.0600004196167,15.600000381469727,15.0,15.510000228881836,6.495721340179443,311510
2004-04-29,15.5,15.75,15.399999618530273,15.619999885559082,6.541790008544922,210610
2004-04-30,15.5,15.609999656677246,15.300000190734863,15.489999771118164,6.487344741821289,155530
2004-05-03,15.289999961853027,15.5,15.010000228881836,15.100000381469727,6.324009418487549,118180
2004-05-04,15.199999809265137,15.34000015258789,15.199999809265137,15.199999809265137,6.365890979766846,64700
2004-05-05,15.220000267028809,15.5,15.199999809265137,15.210000038146973,6.370077610015869,64460
2004-05-06,15.260000228881836,15.380000114440918,15.210000038146973,15.279999732971191,6.399394989013672,53690
2004-05-07,15.300000190734863,15.380000114440918,15.239999771118164,15.329999923706055,6.4203362464904785,87990
2004-05-10,15.199999809265137,15.300000190734863,14.609999656677246,15.050000190734863,6.3030686378479,54500
2004-05-11,14.8100004196167,14.8100004196167,13.630000114440918,13.770000457763672,5.766993999481201,62300
2004-05-12,13.899999618530273,13.979999542236328,13.210000038146973,13.800000190734863,5.779558181762695,145830
2004-05-13,13.100000381469727,14.5,13.100000381469727,13.970000267028809,5.850754261016846,64790
2004-05-14,14.100000381469727,14.100000381469727,12.0,12.609999656677246,5.281177043914795,182680
2004-05-17,12.5,13.300000190734863,10.5,11.699999809265137,4.900060176849365,62030
2004-05-18,11.029999732971191,12.699999809265137,11.029999732971191,12.369999885559082,5.180662631988525,89820
2004-05-19,13.199999809265137,13.300000190734863,12.5,13.130000114440918,5.49895715713501,65410
2004-05-20,13.300000190734863,13.600000381469727,13.210000038146973,13.25,5.5492143630981445,79290
2004-05-21,12.8100004196167,13.479999542236328,12.8100004196167,13.25,5.5492143630981445,83700
2004-05-24,13.390000343322754,13.6899995803833,13.199999809265137,13.569999694824219,5.683232307434082,38090
2004-05-25,13.270000457763672,13.699999809265137,13.260000228881836,13.579999923706055,5.687419414520264,104630
2004-05-26,13.880000114440918,14.300000190734863,13.869999885559082,14.15999984741211,5.9303297996521,143990
2004-05-27,14.369999885559082,14.369999885559082,14.0,14.210000038146973,5.951270580291748,40390
2004-05-28,14.15999984741211,14.25,13.5,13.699999809265137,5.737677574157715,74900
2004-05-31,13.239999771118164,13.6899995803833,11.0,12.470000267028809,5.222542762756348,146940
2004-06-01,12.550000190734863,13.0,10.100000381469727,11.899999618530273,4.983821868896484,177140
2004-06-02,12.199999809265137,12.600000381469727,12.199999809265137,12.350000381469727,5.172286033630371,60070
2004-06-03,11.609999656677246,12.640000343322754,11.600000381469727,12.130000114440918,5.080148696899414,38240
2004-06-04,12.300000190734863,12.399999618530273,11.800000190734863,12.0,5.025703430175781,57360
2004-06-07,12.369999885559082,12.380000114440918,11.699999809265137,11.800000190734863,4.941941738128662,59820
2004-06-08,12.09000015258789,12.199999809265137,11.899999618530273,12.119999885559082,5.075960159301758,108940
2004-06-09,12.25,12.300000190734863,11.899999618530273,11.949999809265137,5.004762649536133,55530
2004-06-10,11.729999542236328,12.149999618530273,11.729999542236328,12.0600004196167,5.050830364227295,16680
2004-06-11,11.899999618530273,12.25,11.720000267028809,11.800000190734863,4.941941738128662,39050
2004-06-14,11.600000381469727,11.600000381469727,11.25,11.430000305175781,4.786982536315918,44160
2004-06-15,11.5,12.0,11.359999656677246,11.609999656677246,4.862366676330566,33410
2004-06-16,11.630000114440918,11.680000305175781,11.020000457763672,11.119999885559082,4.6571502685546875,57590
2004-06-17,11.210000038146973,11.210000038146973,10.920000076293945,10.979999542236328,4.598517417907715,64670
2004-06-18,11.1899995803833,11.199999809265137,10.800000190734863,10.960000038146973,4.590141296386719,86950
2004-06-21,11.25,11.300000190734863,10.609999656677246,10.670000076293945,4.46868896484375,47170
2004-06-22,10.800000190734863,10.899999618530273,10.3100004196167,10.399999618530273,4.355608940124512,56430
2004-06-23,10.649999618530273,11.0,9.800000190734863,9.899999618530273,4.146204948425293,240490
2004-06-24,9.850000381469727,10.289999961853027,9.600000381469727,10.170000076293945,4.259283065795898,115470
2004-06-25,10.369999885559082,10.899999618530273,10.229999542236328,10.470000267028809,4.3849263191223145,142760
2004-06-28,10.550000190734863,11.199999809265137,10.529999732971191,11.180000305175781,4.682279586791992,130610
2004-06-29,11.199999809265137,11.5,11.199999809265137,11.359999656677246,4.757665157318115,131200
2004-06-30,11.699999809265137,11.800000190734863,11.010000228881836,11.210000038146973,4.694844722747803,187040
2004-07-01,11.399999618530273,12.149999618530273,11.199999809265137,11.680000305175781,4.891684532165527,157110
2004-07-02,12.0,12.75,11.859999656677246,12.550000190734863,5.256049156188965,339190
2004-07-05,12.600000381469727,12.600000381469727,12.0,12.109999656677246,7.444531440734863,133530
2004-07-06,12.5,12.5,11.699999809265137,11.779999732971191,7.2416672706604,69900
2004-07-07,12.09000015258789,12.100000381469727,11.699999809265137,11.729999542236328,7.210927963256836,87030
2004-07-08,11.699999809265137,12.0,11.199999809265137,11.369999885559082,6.989621639251709,109930
2004-07-09,10.949999809265137,12.199999809265137,9.699999809265137,11.890000343322754,7.3092875480651855,444550
2004-07-12,12.0,12.5,11.75,12.0,7.376908302307129,252390
2004-07-13,12.199999809265137,12.399999618530273,12.050000190734863,12.300000190734863,7.561331748962402,270910
2004-07-14,12.5,12.800000190734863,12.399999618530273,12.699999809265137,7.807229995727539,348660
2004-07-15,12.890000343322754,13.0,12.15999984741211,12.520000457763672,7.696577548980713,483200
2004-07-16,12.800000190734863,12.850000381469727,12.550000190734863,12.569999694824219,7.727309703826904,253690
2004-07-19,12.75,12.800000190734863,12.380000114440918,12.460000038146973,7.659689903259277,209670
2004-07-20,12.5,12.619999885559082,12.40999984741211,12.510000228881836,7.690429210662842,62970
2004-07-21,12.380000114440918,12.9399995803833,12.380000114440918,12.819999694824219,7.880998611450195,128170
2004-07-22,12.800000190734863,13.699999809265137,12.800000190734863,13.359999656677246,8.212959289550781,311570
2004-07-23,13.5,13.649999618530273,13.0,13.119999885559082,8.065420150756836,97800
2004-07-26,13.0,13.399999618530273,12.949999809265137,13.069999694824219,8.03468132019043,135270
2004-07-27,13.010000228881836,13.130000114440918,12.949999809265137,13.0,7.99165153503418,51170
2004-07-28,13.0,13.100000381469727,12.5,12.930000305175781,7.948622226715088,25290
2004-07-29,12.989999771118164,12.989999771118164,12.600000381469727,12.65999984741211,7.782639980316162,52180
2004-07-30,12.880000114440918,13.199999809265137,12.800000190734863,12.960000038146973,7.967063903808594,130430
2004-08-02,12.899999618530273,13.199999809265137,12.859999656677246,13.109999656677246,8.059274673461914,70620
2004-08-03,13.359999656677246,13.359999656677246,12.920000076293945,13.079999923706055,8.0408296585083,77920
2004-08-04,13.0,13.399999618530273,12.699999809265137,13.329999923706055,8.1945161819458,92080
2004-08-05,13.399999618530273,13.5,13.100000381469727,13.15999984741211,8.090008735656738,105420
2004-08-06,13.199999809265137,13.5600004196167,13.100000381469727,13.489999771118164,8.292875289916992,228730
2004-08-09,13.399999618530273,13.800000190734863,13.220000267028809,13.550000190734863,8.329758644104004,93010
2004-08-10,13.739999771118164,14.699999809265137,13.510000228881836,14.319999694824219,8.80311107635498,437670
2004-08-11,14.59000015258789,14.600000381469727,13.640000343322754,13.729999542236328,8.440412521362305,163120
2004-08-12,13.960000038146973,14.0,13.510000228881836,13.630000114440918,8.37894058227539,67230
2004-08-13,13.600000381469727,13.770000457763672,13.510000228881836,13.569999694824219,8.342053413391113,28580
2004-08-16,13.600000381469727,13.649999618530273,13.25,13.380000114440918,8.225255012512207,41330
2004-08-17,13.640000343322754,13.680000305175781,13.460000038146973,13.510000228881836,8.305170059204102,25800
2004-08-18,13.220000267028809,13.600000381469727,13.199999809265137,13.329999923706055,8.1945161819458,24510
2004-08-19,13.680000305175781,13.75,13.369999885559082,13.670000076293945,8.40353012084961,51590
2004-08-20,13.329999923706055,13.600000381469727,13.329999923706055,13.40999984741211,8.243698120117188,27840
2004-08-23,13.229999542236328,13.550000190734863,13.0,13.039999961853027,8.016241073608398,38850
2004-08-24,13.100000381469727,13.380000114440918,13.010000228881836,13.170000076293945,8.09615707397461,41580
2004-08-25,13.4399995803833,13.4399995803833,13.109999656677246,13.149999618530273,8.0838623046875,19430
2004-08-26,13.25,13.699999809265137,13.199999809265137,13.510000228881836,8.305170059204102,163920
2004-08-27,13.600000381469727,13.680000305175781,13.399999618530273,13.600000381469727,8.360498428344727,149080
2004-08-30,13.699999809265137,14.539999961853027,13.699999809265137,14.260000228881836,8.766228675842285,255040
2004-08-31,14.300000190734863,15.180000305175781,14.300000190734863,15.0,9.221137046813965,671200
2004-09-01,14.899999618530273,15.300000190734863,14.899999618530273,15.050000190734863,9.251873970031738,233830
2004-09-02,15.0,15.300000190734863,14.550000190734863,15.149999618530273,9.313345909118652,504730
2004-09-03,15.100000381469727,15.100000381469727,14.75,14.9399995803833,9.18425178527832,70400
2004-09-06,15.029999732971191,15.199999809265137,14.630000114440918,14.729999542236328,9.055154800415039,83220
2004-09-07,14.649999618530273,15.25,14.649999618530273,14.930000305175781,9.178105354309082,54960
2004-09-08,15.0,15.100000381469727,14.520000457763672,14.579999923706055,8.962944984436035,109520
2004-09-09,14.949999809265137,15.0,14.59000015258789,14.649999618530273,9.005974769592285,168560
2004-09-10,14.800000190734863,14.800000190734863,14.5600004196167,14.619999885559082,8.987534523010254,804330
2004-09-13,14.600000381469727,15.0,14.600000381469727,14.920000076293945,9.171956062316895,143930
2004-09-14,14.859999656677246,15.0,14.8100004196167,14.960000038146973,9.19654655456543,121960
2004-09-15,14.899999618530273,14.930000305175781,14.75,14.819999694824219,9.110485076904297,178070
2004-09-16,14.649999618530273,14.800000190734863,14.5,14.770000457763672,9.079747200012207,107100
2004-09-17,14.899999618530273,15.100000381469727,14.550000190734863,15.010000228881836,9.227282524108887,255980
2004-09-20,15.199999809265137,15.420000076293945,15.100000381469727,15.199999809265137,9.344084739685059,256350
2004-09-21,15.399999618530273,15.399999618530273,15.0,15.109999656677246,9.288759231567383,288840
2004-09-22,15.399999618530273,15.399999618530273,15.119999885559082,15.260000228881836,9.38097095489502,440010
2004-09-23,15.199999809265137,15.390000343322754,15.050000190734863,15.180000305175781,9.331789016723633,355040
2004-09-24,15.109999656677246,15.399999618530273,15.020000457763672,15.300000190734863,9.405558586120605,330720
2004-09-27,15.449999809265137,15.699999809265137,15.220000267028809,15.369999885559082,9.448589324951172,321850
2004-09-28,15.5,16.299999237060547,15.220000267028809,15.920000076293945,9.786700248718262,1354120
2004-09-29,16.290000915527344,16.290000915527344,15.529999732971191,15.710000038146973,9.657600402832031,242960
2004-09-30,15.760000228881836,16.059999465942383,15.40999984741211,15.5,9.528509140014648,87720
2004-10-01,15.0,15.59000015258789,15.0,15.390000343322754,9.46088981628418,167280
2004-10-04,15.5,15.770000457763672,15.34000015258789,15.550000190734863,9.559245109558105,338430
2004-10-05,15.34000015258789,15.869999885559082,15.270000457763672,15.670000076293945,9.633014678955078,297600
2004-10-06,15.569999694824219,15.699999809265137,15.40999984741211,15.460000038146973,9.503915786743164,85350
2004-10-07,15.319999694824219,15.9399995803833,15.3100004196167,15.850000381469727,9.743667602539062,137280
2004-10-08,15.829999923706055,15.930000305175781,15.5,15.550000190734863,9.559245109558105,51360
2004-10-11,15.510000228881836,15.819999694824219,15.380000114440918,15.449999809265137,9.497769355773926,107360
2004-10-12,15.470000267028809,15.600000381469727,15.0,15.119999885559082,9.294905662536621,54340
2004-10-13,15.119999885559082,15.119999885559082,15.119999885559082,15.119999885559082,9.294905662536621,0
2004-10-14,15.399999618530273,15.399999618530273,14.920000076293945,15.020000457763672,9.233430862426758,90910
2004-10-15,15.0,15.180000305175781,14.800000190734863,14.899999618530273,9.159662246704102,46490
2004-10-18,14.989999771118164,15.180000305175781,14.899999618530273,15.069999694824219,9.264167785644531,33300
2004-10-19,14.869999885559082,15.199999809265137,14.869999885559082,15.0,9.221137046813965,133850
2004-10-20,15.09000015258789,15.300000190734863,15.050000190734863,15.0600004196167,9.25802230834961,69590
2004-10-21,14.90999984741211,15.199999809265137,13.710000038146973,15.010000228881836,9.227282524108887,29060
2004-10-22,15.010000228881836,15.010000228881836,15.010000228881836,15.010000228881836,9.227282524108887,0
2004-10-25,15.0,15.0,14.8100004196167,14.920000076293945,9.171956062316895,110140
2004-10-26,14.829999923706055,15.170000076293945,14.800000190734863,14.989999771118164,9.214986801147461,61130
2004-10-27,15.5,15.680000305175781,14.300000190734863,14.489999771118164,8.907614707946777,453000
2004-10-28,14.989999771118164,15.199999809265137,14.5600004196167,15.079999923706055,9.270317077636719,334210
2004-10-29,14.880000114440918,14.970000267028809,14.510000228881836,14.6899995803833,9.030566215515137,207280
2004-11-01,14.520000457763672,14.800000190734863,14.399999618530273,14.6899995803833,9.030566215515137,242110
2004-11-02,14.789999961853027,14.880000114440918,14.550000190734863,14.649999618530273,9.005974769592285,89760
2004-11-03,14.800000190734863,14.84000015258789,14.630000114440918,14.680000305175781,9.024419784545898,71660
2004-11-04,14.800000190734863,14.859999656677246,14.600000381469727,14.640000343322754,8.999828338623047,180990
2004-11-05,14.899999618530273,15.0,14.850000381469727,14.899999618530273,9.159662246704102,264260
2004-11-08,15.300000190734863,15.300000190734863,14.600000381469727,14.640000343322754,8.999828338623047,56030
2004-11-09,14.800000190734863,14.800000190734863,14.0,14.229999542236328,8.747784614562988,316570
2004-11-10,14.399999618530273,14.789999961853027,14.399999618530273,14.520000457763672,8.926061630249023,350390
2004-11-11,14.5,14.680000305175781,14.5,14.600000381469727,8.975237846374512,753430
2004-11-12,14.600000381469727,14.770000457763672,14.5,14.569999694824219,8.956798553466797,31260
2004-11-15,14.569999694824219,14.569999694824219,14.569999694824219,14.569999694824219,8.956798553466797,0
2004-11-16,14.699999809265137,14.699999809265137,14.010000228881836,14.630000114440918,8.993681907653809,258060
2004-11-17,14.800000190734863,15.0,14.5,14.510000228881836,8.91991138458252,359730
2004-11-18,14.600000381469727,14.779999732971191,14.5,14.579999923706055,8.962944984436035,178540
2004-11-19,14.539999961853027,14.890000343322754,14.510000228881836,14.649999618530273,9.005974769592285,101620
2004-11-22,14.510000228881836,14.699999809265137,14.25,14.5,8.913764953613281,208100
2004-11-23,14.699999809265137,14.699999809265137,14.420000076293945,14.5,8.913764953613281,105040
2004-11-24,15.0,15.199999809265137,14.779999732971191,15.029999732971191,9.239578247070312,466260
2004-11-25,15.25,15.800000190734863,15.210000038146973,15.75,9.6821928024292,494210
2004-11-26,15.75,15.75,15.75,15.75,9.6821928024292,0
2004-11-29,15.899999618530273,16.549999237060547,15.899999618530273,16.049999237060547,9.866617202758789,453820
2004-11-30,16.100000381469727,16.25,15.449999809265137,15.619999885559082,9.602276802062988,258630
2004-12-01,15.699999809265137,15.699999809265137,15.210000038146973,15.369999885559082,9.448589324951172,73720
2004-12-02,15.399999618530273,15.699999809265137,15.010000228881836,15.09000015258789,9.276466369628906,152310
2004-12-03,15.390000343322754,15.399999618530273,14.699999809265137,14.930000305175781,9.178105354309082,264000
2004-12-06,14.899999618530273,15.25,14.8100004196167,14.960000038146973,9.19654655456543,159460
2004-12-07,15.09000015258789,16.700000762939453,15.09000015258789,15.789999961853027,9.706781387329102,2348730
2004-12-08,16.0,17.0,15.899999618530273,16.639999389648438,10.229313850402832,3467100
2004-12-09,16.899999618530273,16.899999618530273,16.360000610351562,16.489999771118164,10.137104034423828,1397100
2004-12-10,16.6299991607666,17.299999237060547,16.450000762939453,16.90999984741211,10.395293235778809,1301360
2004-12-13,17.06999969482422,17.299999237060547,16.65999984741211,17.219999313354492,10.58586311340332,1144860
2004-12-14,17.360000610351562,17.389999389648438,17.0,17.040000915527344,10.475210189819336,437400
2004-12-15,17.399999618530273,17.399999618530273,17.030000686645508,17.110000610351562,10.518241882324219,509560
2004-12-16,17.149999618530273,17.5,17.010000228881836,17.079999923706055,10.499799728393555,612360
2004-12-17,17.0,17.200000762939453,16.700000762939453,16.790000915527344,10.321525573730469,256270
2004-12-20,17.100000381469727,17.799999237060547,16.799999237060547,17.299999237060547,10.635042190551758,646000
2004-12-21,18.0,18.100000381469727,17.149999618530273,17.280000686645508,10.622749328613281,1034340
2004-12-22,17.649999618530273,17.649999618530273,16.809999465942383,16.899999618530273,10.389144897460938,601670
2004-12-23,17.25,17.299999237060547,16.700000762939453,16.90999984741211,10.395293235778809,336540
2004-12-24,18.0,18.0,16.5,16.709999084472656,10.272345542907715,380340
2004-12-27,17.0,17.049999237060547,16.600000381469727,16.739999771118164,10.290786743164062,342200
2004-12-28,16.6200008392334,17.100000381469727,16.5,16.610000610351562,10.210867881774902,379460
2004-12-29,16.43000030517578,16.850000381469727,16.43000030517578,16.579999923706055,10.19243049621582,165370
2004-12-30,17.0,17.100000381469727,16.5,16.520000457763672,10.155545234680176,172720
2004-12-31,16.690000534057617,16.75,16.450000762939453,16.510000228881836,10.149397850036621,238540
2005-01-03,16.850000381469727,16.989999771118164,16.600000381469727,16.639999389648438,10.229313850402832,246810
2005-01-04,16.899999618530273,17.200000762939453,16.709999084472656,16.81999969482422,10.33996868133545,479580
2005-01-05,16.649999618530273,17.049999237060547,15.699999809265137,16.200000762939453,9.958828926086426,467600
2005-01-06,16.690000534057617,16.690000534057617,15.0600004196167,15.75,9.6821928024292,354730
2005-01-07,16.200000762939453,16.600000381469727,15.520000457763672,15.859999656677246,9.74981689453125,296140
2005-01-10,16.0,16.389999389648438,15.609999656677246,16.1299991607666,9.915793418884277,854710
2005-01-11,16.100000381469727,16.3799991607666,15.8100004196167,15.920000076293945,9.786700248718262,450640
2005-01-12,15.8100004196167,16.190000534057617,15.100000381469727,15.279999732971191,9.393265724182129,424590
2005-01-13,15.899999618530273,15.989999771118164,15.449999809265137,15.600000381469727,9.589982032775879,531520
2005-01-14,15.800000190734863,15.800000190734863,14.010000228881836,14.609999656677246,8.981385231018066,468470
2005-01-17,15.170000076293945,15.170000076293945,14.300000190734863,14.539999961853027,8.938353538513184,320500
2005-01-18,14.800000190734863,14.899999618530273,14.600000381469727,14.699999809265137,9.036713600158691,335080
2005-01-19,14.710000038146973,15.15999984741211,14.699999809265137,14.890000343322754,9.15351390838623,269310
2005-01-20,14.890000343322754,14.890000343322754,14.1899995803833,14.239999771118164,8.75393009185791,160100
2005-01-24,14.520000457763672,14.800000190734863,14.40999984741211,14.699999809265137,9.036713600158691,141210
2005-01-25,14.699999809265137,14.800000190734863,14.430000305175781,14.550000190734863,8.944502830505371,339210
2005-01-27,14.899999618530273,15.029999732971191,14.699999809265137,14.930000305175781,9.178105354309082,268330
2005-01-28,15.0,15.210000038146973,14.949999809265137,15.130000114440918,9.301054000854492,195070
2005-01-31,15.479999542236328,15.569999694824219,15.0,15.119999885559082,9.294905662536621,178490
2005-02-01,15.300000190734863,15.390000343322754,15.100000381469727,15.180000305175781,9.331789016723633,166840
2005-02-02,15.199999809265137,15.5,15.109999656677246,15.279999732971191,9.393265724182129,166070
2005-02-03,15.220000267028809,15.5,15.210000038146973,15.279999732971191,9.393265724182129,206760
2005-02-04,15.449999809265137,15.5,15.239999771118164,15.40999984741211,9.47318172454834,128800
2005-02-07,15.399999618530273,15.399999618530273,15.210000038146973,15.260000228881836,9.38097095489502,191560
2005-02-08,15.300000190734863,15.40999984741211,15.130000114440918,15.289999961853027,9.399412155151367,117010
2005-02-09,18.0,18.0,15.399999618530273,15.899999618530273,9.774404525756836,425690
2005-02-10,15.100000381469727,16.399999618530273,14.529999732971191,15.979999542236328,9.823585510253906,270610
2005-02-11,16.200000762939453,16.299999237060547,15.510000228881836,15.539999961853027,9.553094863891602,152310
2005-02-14,15.489999771118164,18.0,15.399999618530273,15.489999771118164,9.522359848022461,111970
2005-02-15,15.899999618530273,15.979999542236328,15.010000228881836,15.199999809265137,9.344084739685059,191100
2005-02-16,15.140000343322754,15.350000381469727,15.0,15.010000228881836,9.227282524108887,209500
2005-02-17,15.0,15.34000015258789,14.899999618530273,15.010000228881836,9.227282524108887,328170
2005-02-18,15.010000228881836,15.130000114440918,14.930000305175781,14.970000267028809,9.202693939208984,148610
2005-02-21,14.8100004196167,15.289999961853027,14.399999618530273,14.510000228881836,8.91991138458252,165310
2005-02-22,14.550000190734863,14.949999809265137,14.529999732971191,14.670000076293945,9.018272399902344,455280
2005-02-23,14.970000267028809,14.970000267028809,14.510000228881836,14.65999984741211,9.012125968933105,647660
2005-02-24,14.869999885559082,14.899999618530273,14.460000038146973,14.640000343322754,8.999828338623047,498500
2005-02-25,14.699999809265137,14.869999885559082,14.399999618530273,14.5600004196167,8.950651168823242,270330
2005-02-28,14.65999984741211,16.899999618530273,14.5,16.350000381469727,10.051039695739746,1348160
2005-03-01,16.459999084472656,16.459999084472656,15.529999732971191,15.960000038146973,9.811286926269531,708110
2005-03-02,18.0,18.100000381469727,15.779999732971191,15.949999809265137,9.805140495300293,708680
2005-03-03,16.100000381469727,16.399999618530273,15.8100004196167,15.90999984741211,9.78055191040039,510820
2005-03-04,16.0,16.18000030517578,15.649999618530273,15.729999542236328,9.669899940490723,416590
2005-03-07,15.899999618530273,16.399999618530273,15.75,15.789999961853027,9.706781387329102,717260
2005-03-08,15.890000343322754,16.270000457763672,15.609999656677246,16.040000915527344,9.860469818115234,1133660
2005-03-09,16.200000762939453,16.299999237060547,15.5600004196167,15.75,9.6821928024292,306830
2005-03-10,15.670000076293945,15.829999923706055,15.399999618530273,15.5,9.528509140014648,318030
2005-03-11,15.619999885559082,15.770000457763672,15.300000190734863,15.399999618530273,9.467033386230469,217330
2005-03-14,15.399999618530273,15.899999618530273,15.100000381469727,15.130000114440918,9.301054000854492,263730
2005-03-15,15.479999542236328,15.489999771118164,15.140000343322754,15.260000228881836,9.38097095489502,224060
2005-03-16,15.210000038146973,15.5,15.109999656677246,15.4399995803833,9.491622924804688,540270
2005-03-17,15.170000076293945,15.479999542236328,15.130000114440918,15.239999771118164,9.368672370910645,266310
2005-03-18,15.199999809265137,15.199999809265137,14.619999885559082,14.779999732971191,9.085892677307129,219130
2005-03-21,15.1899995803833,15.1899995803833,14.699999809265137,14.829999923706055,9.116631507873535,317880
2005-03-22,14.890000343322754,14.890000343322754,14.09000015258789,14.239999771118164,8.75393009185791,388400
2005-03-23,14.5,14.789999961853027,13.5600004196167,13.850000381469727,8.514184951782227,679850
2005-03-24,13.949999809265137,14.100000381469727,13.369999885559082,13.649999618530273,8.391231536865234,241500
2005-03-28,13.680000305175781,13.899999618530273,13.5,13.59000015258789,8.354350090026855,226510
2005-03-29,13.630000114440918,13.699999809265137,13.109999656677246,13.470000267028809,8.2805814743042,424850
2005-03-30,13.329999923706055,14.350000381469727,13.329999923706055,13.960000038146973,8.58180046081543,421690
2005-03-31,14.380000114440918,14.600000381469727,14.130000114440918,14.399999618530273,8.852290153503418,347870
2005-04-01,14.199999809265137,15.029999732971191,14.0,14.8100004196167,9.104333877563477,793800
2005-04-04,14.84000015258789,15.100000381469727,14.510000228881836,14.720000267028809,9.049007415771484,339090
2005-04-05,14.699999809265137,14.899999618530273,14.239999771118164,14.670000076293945,9.018272399902344,874140
2005-04-06,14.5,14.640000343322754,14.399999618530273,14.59000015258789,8.969094276428223,158590
2005-04-07,14.529999732971191,14.800000190734863,14.4399995803833,14.5,8.913764953613281,43650
2005-04-08,14.529999732971191,14.600000381469727,14.15999984741211,14.279999732971191,8.778519630432129,143800
2005-04-11,14.300000190734863,14.3100004196167,13.979999542236328,14.0600004196167,8.643278121948242,82940
2005-04-12,14.100000381469727,14.270000457763672,13.949999809265137,14.149999618530273,8.698603630065918,132860
2005-04-13,14.229999542236328,14.279999732971191,13.949999809265137,14.0,8.606392860412598,195930
2005-04-15,14.010000228881836,14.119999885559082,13.899999618530273,14.0,8.606392860412598,213200
2005-04-18,13.649999618530273,14.4399995803833,13.600000381469727,14.220000267028809,8.741636276245117,209040
2005-04-19,14.3100004196167,14.739999771118164,14.109999656677246,14.529999732971191,8.932206153869629,956740
2005-04-20,14.449999809265137,14.699999809265137,14.40999984741211,14.630000114440918,8.993681907653809,1218290
2005-04-21,14.649999618530273,15.5,14.319999694824219,15.140000343322754,9.307202339172363,1502480
2005-04-22,15.199999809265137,15.739999771118164,14.850000381469727,15.0,9.221137046813965,247840
2005-04-25,15.149999618530273,15.199999809265137,14.800000190734863,14.829999923706055,9.116631507873535,57460
2005-04-26,14.899999618530273,14.899999618530273,14.550000190734863,14.710000038146973,9.042860984802246,83900
2005-04-27,14.699999809265137,14.779999732971191,14.399999618530273,14.460000038146973,8.889177322387695,71080
2005-04-28,14.6899995803833,14.6899995803833,14.029999732971191,14.109999656677246,8.674015998840332,178100
2005-04-29,14.210000038146973,14.220000267028809,14.0,14.100000381469727,8.667869567871094,102300
2005-05-02,14.109999656677246,14.850000381469727,14.050000190734863,14.319999694824219,8.80311107635498,121170
2005-05-03,14.220000267028809,14.579999923706055,14.220000267028809,14.520000457763672,8.926061630249023,54910
2005-05-04,14.5,14.680000305175781,14.399999618530273,14.579999923706055,8.962944984436035,181290
2005-05-05,14.630000114440918,14.770000457763672,14.600000381469727,14.699999809265137,9.036713600158691,86180
2005-05-06,14.699999809265137,15.270000457763672,14.600000381469727,14.819999694824219,9.110485076904297,289490
2005-05-09,14.800000190734863,16.270000457763672,14.800000190734863,16.0,9.8358793258667,1198260
2005-05-10,16.0,16.399999618530273,15.510000228881836,15.630000114440918,9.60842514038086,831060
2005-05-11,15.350000381469727,15.970000267028809,15.350000381469727,15.59000015258789,9.58383560180664,343130
2005-05-12,15.5600004196167,15.880000114440918,15.369999885559082,15.470000267028809,9.510065078735352,246350
2005-05-13,15.680000305175781,15.970000267028809,15.5,15.710000038146973,9.657600402832031,388120
2005-05-16,15.579999923706055,15.899999618530273,15.460000038146973,15.5600004196167,9.56539535522461,217510
2005-05-17,15.699999809265137,15.850000381469727,15.399999618530273,15.680000305175781,9.63916301727295,225720
2005-05-18,15.5600004196167,15.649999618530273,15.220000267028809,15.430000305175781,9.485475540161133,122720
2005-05-19,15.510000228881836,16.389999389648438,15.510000228881836,15.859999656677246,9.74981689453125,656260
2005-05-20,16.0,16.299999237060547,15.989999771118164,16.1200008392334,9.909648895263672,754100
2005-05-23,16.149999618530273,16.799999237060547,16.0,16.559999465942383,10.180132865905762,841930
2005-05-24,17.0,17.0,16.5,16.6200008392334,10.217018127441406,3922730
2005-05-25,16.600000381469727,16.799999237060547,16.510000228881836,16.600000381469727,10.204727172851562,290640
2005-05-26,16.75,16.799999237060547,16.5,16.600000381469727,10.204727172851562,463790
2005-05-27,16.510000228881836,16.799999237060547,16.299999237060547,16.5,10.14324951171875,1026430
2005-05-30,16.719999313354492,16.719999313354492,16.399999618530273,16.600000381469727,10.204727172851562,438710
2005-05-31,16.600000381469727,17.270000457763672,16.5,16.860000610351562,10.364556312561035,1159920
2005-06-01,16.799999237060547,16.989999771118164,16.639999389648438,16.700000762939453,10.266200065612793,220130
2005-06-02,16.65999984741211,16.899999618530273,16.6299991607666,16.850000381469727,10.358410835266113,312260
2005-06-03,16.709999084472656,17.06999969482422,16.700000762939453,16.889999389648438,10.382999420166016,219150
2005-06-06,17.040000915527344,17.43000030517578,17.020000457763672,17.280000686645508,10.622749328613281,698740
2005-06-07,17.280000686645508,17.700000762939453,17.149999618530273,17.530000686645508,10.776436805725098,824020
2005-06-08,17.5,17.8700008392334,17.31999969482422,17.639999389648438,10.844056129455566,647940
2005-06-09,17.600000381469727,17.799999237060547,17.489999771118164,17.649999618530273,10.850202560424805,241520
2005-06-10,17.649999618530273,17.899999618530273,17.030000686645508,17.280000686645508,10.622749328613281,451430
2005-06-13,17.469999313354492,17.479999542236328,16.530000686645508,17.149999618530273,10.542830467224121,182510
2005-06-14,17.010000228881836,17.149999618530273,16.860000610351562,17.059999465942383,10.487506866455078,119360
2005-06-15,17.100000381469727,17.75,16.899999618530273,17.3700008392334,10.678074836730957,473760
2005-06-16,17.0,17.600000381469727,16.799999237060547,17.459999084472656,10.733400344848633,451820
2005-06-17,17.299999237060547,17.520000457763672,16.5,17.209999084472656,10.579719543457031,329300
2005-06-20,17.489999771118164,17.489999771118164,16.899999618530273,17.309999465942383,10.641190528869629,360590
2005-06-21,17.299999237060547,17.299999237060547,16.760000228881836,17.0,10.450618743896484,453200
2005-06-22,17.200000762939453,17.299999237060547,16.530000686645508,17.190000534057617,10.567422866821289,236980
2005-06-23,17.149999618530273,17.5,16.8700008392334,17.1299991607666,10.530535697937012,752090
2005-06-24,17.100000381469727,17.469999313354492,16.850000381469727,17.31999969482422,10.647335052490234,852780
2005-06-27,17.31999969482422,17.489999771118164,17.0,17.170000076293945,10.55512809753418,428270
2005-06-28,17.43000030517578,17.43000030517578,16.860000610351562,17.049999237060547,10.481355667114258,744660
2005-06-29,17.75,17.799999237060547,17.010000228881836,17.309999465942383,10.641190528869629,582570
2005-06-30,17.350000381469727,17.399999618530273,16.81999969482422,16.93000030517578,10.40758991241455,243400
2005-07-01,17.290000915527344,17.299999237060547,16.979999542236328,17.15999984741211,10.548980712890625,318960
2005-07-04,17.280000686645508,17.450000762939453,17.010000228881836,17.350000381469727,10.665781021118164,317780
2005-07-05,17.25,17.350000381469727,17.040000915527344,17.299999237060547,10.635042190551758,560590
2005-07-06,17.09000015258789,17.350000381469727,17.0,17.100000381469727,10.51209831237793,564170
2005-07-07,17.1200008392334,17.350000381469727,17.0,17.110000610351562,10.518241882324219,264480
2005-07-08,17.06999969482422,17.489999771118164,16.829999923706055,17.34000015258789,10.65963363647461,486430
2005-07-11,17.110000610351562,17.600000381469727,17.110000610351562,17.56999969482422,10.801024436950684,421210
2005-07-12,17.31999969482422,17.600000381469727,17.31999969482422,17.440000534057617,10.721109390258789,350530
2005-07-13,17.43000030517578,17.639999389648438,17.290000915527344,17.530000686645508,10.776436805725098,256520
2005-07-14,17.549999237060547,17.700000762939453,17.219999313354492,17.530000686645508,10.776436805725098,293480
2005-07-15,17.59000015258789,18.5,17.530000686645508,18.329999923706055,11.26822566986084,356200
2005-07-18,18.5,19.0,18.399999618530273,18.850000381469727,11.58789348602295,1271030
2005-07-19,19.0,19.0,18.139999389648438,18.25,11.219047546386719,136060
2005-07-20,18.6299991607666,18.6299991607666,18.020000457763672,18.139999389648438,11.15142822265625,281690
2005-07-21,17.90999984741211,18.399999618530273,17.649999618530273,18.139999389648438,12.933943748474121,801290
2005-07-22,18.020000457763672,18.31999969482422,17.799999237060547,18.0,12.834124565124512,437420
2005-07-25,18.0,18.200000762939453,17.75,17.959999084472656,12.80560302734375,126970
2005-07-26,18.0,18.5,18.0,18.350000381469727,13.083677291870117,289500
2005-07-27,18.399999618530273,21.889999389648438,18.200000762939453,20.6299991607666,14.709331512451172,9703370
2005-07-28,20.6299991607666,20.6299991607666,20.6299991607666,20.6299991607666,14.709331512451172,0
2005-07-29,22.0,22.0,19.100000381469727,19.389999389648438,13.825200080871582,1711150
2005-08-01,19.489999771118164,19.780000686645508,19.100000381469727,19.239999771118164,13.71825122833252,706940
2005-08-02,19.479999542236328,19.979999542236328,19.389999389648438,19.600000381469727,13.974936485290527,644470
2005-08-03,19.600000381469727,19.670000076293945,19.0,19.190000534057617,13.682601928710938,3171300
2005-08-04,19.450000762939453,20.399999618530273,19.200000762939453,19.790000915527344,14.110406875610352,1311760
2005-08-05,19.799999237060547,20.450000762939453,19.229999542236328,19.450000762939453,13.867982864379883,580360
2005-08-08,19.670000076293945,19.670000076293945,18.600000381469727,19.3700008392334,13.810944557189941,687330
2005-08-09,19.360000610351562,19.450000762939453,19.170000076293945,19.350000381469727,13.796683311462402,150540
2005-08-10,19.489999771118164,19.489999771118164,19.149999618530273,19.229999542236328,13.711121559143066,409830
2005-08-11,19.489999771118164,19.700000762939453,19.239999771118164,19.420000076293945,13.846593856811523,365150
2005-08-12,19.5,19.700000762939453,19.010000228881836,19.239999771118164,13.71825122833252,215400
2005-08-16,19.399999618530273,19.399999618530273,18.899999618530273,18.989999771118164,13.539999961853027,223770
2005-08-17,19.0,19.399999618530273,19.0,19.229999542236328,13.711121559143066,440570
2005-08-18,19.75,19.75,18.799999237060547,19.06999969482422,13.597039222717285,299610
2005-08-19,19.389999389648438,20.100000381469727,18.899999618530273,19.559999465942383,13.946412086486816,841160
2005-08-22,19.809999465942383,19.84000015258789,19.010000228881836,19.100000381469727,13.618433952331543,454400
2005-08-23,19.010000228881836,19.3700008392334,19.0,19.100000381469727,13.618433952331543,757570
2005-08-24,19.0,19.200000762939453,19.0,19.1200008392334,13.632692337036133,242320
2005-08-25,19.149999618530273,19.299999237060547,19.040000915527344,19.200000762939453,13.689732551574707,263150
2005-08-26,19.489999771118164,19.489999771118164,18.959999084472656,19.100000381469727,13.618433952331543,245490
2005-08-29,19.049999237060547,19.299999237060547,18.899999618530273,19.079999923706055,13.60417366027832,344550
2005-08-30,19.079999923706055,19.540000915527344,19.010000228881836,19.100000381469727,13.618433952331543,177570
2005-08-31,19.110000610351562,19.5,19.079999923706055,19.360000610351562,13.803812026977539,197750
2005-09-01,19.299999237060547,19.690000534057617,19.299999237060547,19.610000610351562,13.982064247131348,251900
2005-09-02,19.700000762939453,19.899999618530273,19.190000534057617,19.65999984741211,14.017712593078613,192620
2005-09-05,19.1299991607666,19.899999618530273,19.1299991607666,19.719999313354492,14.06049633026123,278980
2005-09-06,19.899999618530273,23.65999984741211,19.700000762939453,23.040000915527344,16.427677154541016,8104230
2005-09-08,23.3700008392334,23.399999618530273,21.600000381469727,21.760000228881836,15.515026092529297,1640030
2005-09-09,21.799999237060547,21.809999465942383,20.81999969482422,20.950000762939453,14.937492370605469,949350
2005-09-12,21.209999084472656,21.670000076293945,20.8700008392334,21.31999969482422,15.201303482055664,1976940
2005-09-13,21.549999237060547,21.549999237060547,20.690000534057617,20.989999771118164,14.966014862060547,833830
2005-09-14,21.239999771118164,22.139999389648438,20.799999237060547,21.149999618530273,15.080093383789062,1340290
2005-09-15,21.350000381469727,21.899999618530273,21.110000610351562,21.350000381469727,15.222697257995605,623930
2005-09-16,21.010000228881836,21.979999542236328,21.010000228881836,21.760000228881836,15.515026092529297,650080
2005-09-19,21.309999465942383,21.979999542236328,21.299999237060547,21.6299991607666,15.422340393066406,467860
2005-09-20,21.5,21.600000381469727,21.020000457763672,21.09000015258789,15.037314414978027,280550
2005-09-21,21.200000762939453,21.290000915527344,19.5,20.18000030517578,14.388479232788086,407010
2005-09-22,19.65999984741211,20.299999237060547,19.100000381469727,19.139999389648438,13.646950721740723,476390
2005-09-23,19.200000762939453,20.600000381469727,19.059999465942383,19.90999984741211,14.195966720581055,282610
2005-09-26,20.200000762939453,20.600000381469727,19.600000381469727,20.389999389648438,14.5382080078125,251160
2005-09-27,20.56999969482422,21.399999618530273,20.25,21.06999969482422,15.023053169250488,414080
2005-09-28,21.0,21.489999771118164,20.6299991607666,21.049999237060547,15.008790969848633,312890
2005-09-29,21.100000381469727,21.309999465942383,20.399999618530273,20.549999237060547,14.652291297912598,276700
2005-09-30,20.610000610351562,21.209999084472656,20.489999771118164,21.09000015258789,15.037314414978027,445800
2005-10-03,20.600000381469727,22.100000381469727,20.5,21.1200008392334,15.058708190917969,462340
2005-10-04,21.200000762939453,22.299999237060547,21.200000762939453,22.020000457763672,15.70041561126709,3082380
2005-10-05,22.190000534057617,22.34000015258789,21.329999923706055,21.530000686645508,15.351037979125977,674870
2005-10-06,21.889999389648438,21.889999389648438,20.940000534057617,21.229999542236328,15.13713550567627,249770
2005-10-07,21.229999542236328,21.43000030517578,20.6299991607666,20.760000228881836,14.802023887634277,201690
2005-10-10,21.600000381469727,21.989999771118164,20.100000381469727,21.010000228881836,14.98027229309082,396960
2005-10-11,20.899999618530273,21.200000762939453,20.549999237060547,21.0,14.973146438598633,348350
2005-10-13,21.0,21.100000381469727,20.459999084472656,20.790000915527344,14.823412895202637,99690
2005-10-14,21.09000015258789,21.09000015258789,20.510000228881836,20.799999237060547,14.830547332763672,289720
2005-10-17,20.5,20.5,19.899999618530273,20.389999389648438,14.5382080078125,175440
2005-10-18,20.5,21.0,20.399999618530273,20.600000381469727,14.68794059753418,131620
2005-10-19,20.100000381469727,20.299999237060547,19.799999237060547,20.010000228881836,14.267267227172852,289150
2005-10-20,20.989999771118164,20.989999771118164,20.110000610351562,20.5,14.616640090942383,330120
2005-10-21,20.690000534057617,21.479999542236328,20.1299991607666,21.18000030517578,15.101486206054688,1121640
2005-10-24,21.0,21.639999389648438,20.399999618530273,20.59000015258789,14.680808067321777,169860
2005-10-25,20.799999237060547,21.209999084472656,20.549999237060547,21.170000076293945,15.09435749053955,86060
2005-10-26,21.18000030517578,21.799999237060547,20.850000381469727,21.5,15.329648971557617,257460
2005-10-27,21.200000762939453,21.350000381469727,20.700000762939453,20.860000610351562,14.873322486877441,77450
2005-10-28,20.709999084472656,21.299999237060547,20.700000762939453,21.049999237060547,15.008790969848633,95490
2005-10-31,20.770000457763672,21.200000762939453,20.770000457763672,21.06999969482422,15.023053169250488,43120
2005-11-02,21.5,21.5,21.15999984741211,21.350000381469727,15.222697257995605,46810
2005-11-04,21.350000381469727,21.350000381469727,21.350000381469727,21.350000381469727,15.222697257995605,0
2005-11-07,21.31999969482422,21.600000381469727,20.93000030517578,21.510000228881836,15.33677864074707,236560
2005-11-08,21.360000610351562,21.579999923706055,21.020000457763672,21.280000686645508,15.172785758972168,62260
2005-11-09,21.399999618530273,21.399999618530273,21.049999237060547,21.06999969482422,15.023053169250488,96740
2005-11-10,21.100000381469727,21.850000381469727,20.8700008392334,21.510000228881836,15.33677864074707,146040
2005-11-11,21.600000381469727,21.979999542236328,21.5,21.56999969482422,15.379559516906738,222740
2005-11-14,21.860000610351562,22.0,21.600000381469727,21.670000076293945,15.450854301452637,77070
2005-11-16,21.700000762939453,21.709999084472656,21.600000381469727,21.610000610351562,15.408079147338867,101610
2005-11-17,21.739999771118164,21.799999237060547,21.600000381469727,21.6299991607666,15.422340393066406,34880
2005-11-18,21.989999771118164,22.0,21.600000381469727,21.610000610351562,15.408079147338867,69360
2005-11-21,21.649999618530273,21.700000762939453,21.600000381469727,21.6299991607666,15.422340393066406,38410
2005-11-22,21.610000610351562,21.68000030517578,21.5,21.6200008392334,15.415210723876953,67080
2005-11-23,21.5,22.149999618530273,21.5,21.950000762939453,15.650501251220703,274740
2005-11-24,22.0,22.100000381469727,21.5,21.579999923706055,15.386689186096191,242200
2005-11-25,21.530000686645508,22.200000762939453,21.520000457763672,21.780000686645508,15.529292106628418,104450
2005-11-28,23.190000534057617,23.190000534057617,21.90999984741211,22.030000686645508,15.707538604736328,382180
2005-11-29,22.06999969482422,22.100000381469727,21.520000457763672,21.6299991607666,15.422340393066406,190200
2005-11-30,21.889999389648438,22.0,21.5,21.899999618530273,15.614847183227539,586700
2005-12-01,21.8799991607666,24.190000534057617,21.579999923706055,23.729999542236328,16.919652938842773,2947460
2005-12-02,23.799999237060547,24.950000762939453,23.799999237060547,24.489999771118164,17.461536407470703,2043570
2005-12-05,24.799999237060547,25.899999618530273,23.010000228881836,24.780000686645508,17.668306350708008,794110
2005-12-06,26.040000915527344,26.100000381469727,23.799999237060547,24.059999465942383,17.15494155883789,359010
2005-12-07,24.100000381469727,24.68000030517578,23.899999618530273,24.010000228881836,17.119291305541992,145210
2005-12-08,24.0,25.399999618530273,23.799999237060547,23.90999984741211,17.047990798950195,437910
2005-12-09,24.149999618530273,24.5,23.600000381469727,24.280000686645508,17.311803817749023,424470
2005-12-12,24.309999465942383,24.8799991607666,23.450000762939453,23.889999389648438,17.033727645874023,455870
2005-12-13,23.700000762939453,23.989999771118164,23.139999389648438,23.229999542236328,16.56314468383789,258900
2005-12-14,23.979999542236328,24.790000915527344,23.100000381469727,23.219999313354492,16.5560245513916,172380
2005-12-15,23.299999237060547,23.600000381469727,22.610000610351562,22.719999313354492,16.19951629638672,144210
2005-12-16,22.899999618530273,23.290000915527344,22.729999542236328,22.93000030517578,16.349252700805664,175760
2005-12-19,23.5,23.799999237060547,22.950000762939453,23.6299991607666,16.848350524902344,557630
2005-12-20,23.790000915527344,23.93000030517578,23.219999313354492,23.809999465942383,16.976694107055664,198240
2005-12-21,24.190000534057617,24.700000762939453,23.809999465942383,24.549999237060547,17.504314422607422,1427320
2005-12-22,24.950000762939453,25.479999542236328,24.610000610351562,25.309999465942383,18.046201705932617,1840700
2005-12-23,25.600000381469727,25.68000030517578,25.100000381469727,25.549999237060547,18.217321395874023,957190
2005-12-26,25.889999389648438,25.889999389648438,25.0,25.690000534057617,18.31714630126953,1335540
2005-12-27,25.399999618530273,26.5,25.31999969482422,25.940000534057617,18.495397567749023,1585390
2005-12-28,25.889999389648438,26.299999237060547,25.600000381469727,26.100000381469727,18.60948371887207,1101260
2005-12-29,26.190000534057617,26.850000381469727,26.100000381469727,26.6299991607666,18.98737335205078,970610
2005-12-30,26.700000762939453,27.5,25.950000762939453,26.350000381469727,18.78772735595703,318360
2006-01-02,26.579999923706055,26.600000381469727,25.700000762939453,26.030000686645508,18.5595703125,199010
2006-01-03,26.200000762939453,26.700000762939453,26.190000534057617,26.579999923706055,18.951725006103516,487950
2006-01-04,26.899999618530273,26.899999618530273,25.899999618530273,26.34000015258789,18.780595779418945,272390
2006-01-05,26.190000534057617,26.450000762939453,26.010000228881836,26.299999237060547,18.752079010009766,313470
2006-01-06,26.0,26.600000381469727,26.0,26.299999237060547,18.752079010009766,2782510
2006-01-09,26.31999969482422,26.5,26.100000381469727,26.239999771118164,18.709304809570312,137680
2006-01-10,26.899999618530273,26.899999618530273,25.8799991607666,25.950000762939453,18.50252914428711,223880
2006-01-12,26.899999618530273,26.920000076293945,25.010000228881836,25.989999771118164,18.53104591369629,495660
2006-01-13,26.5,26.5,25.0,25.510000228881836,18.18880844116211,396300
2006-01-16,25.959999084472656,25.959999084472656,24.899999618530273,25.670000076293945,18.30289077758789,403660
2006-01-17,25.850000381469727,25.969999313354492,24.510000228881836,25.15999984741211,17.939252853393555,168860
2006-01-18,25.350000381469727,25.3700008392334,23.700000762939453,24.510000228881836,17.475801467895508,294230
2006-01-19,24.690000534057617,25.399999618530273,24.649999618530273,25.059999465942383,17.867950439453125,150720
2006-01-20,24.5,25.610000610351562,24.299999237060547,24.5,17.46866798400879,5899510
2006-01-23,24.600000381469727,25.0,24.049999237060547,24.18000030517578,17.240501403808594,257200
2006-01-24,24.8700008392334,24.889999389648438,23.75,24.020000457763672,17.12643051147461,501040
2006-01-25,24.5,24.5,23.899999618530273,24.040000915527344,17.140687942504883,245260
2006-01-27,24.09000015258789,24.8700008392334,24.09000015258789,24.559999465942383,17.511451721191406,272280
2006-01-30,25.200000762939453,25.200000762939453,23.950000762939453,24.610000610351562,17.547096252441406,2463960
2006-01-31,25.190000534057617,25.229999542236328,23.950000762939453,24.200000762939453,17.254770278930664,235870
2006-02-01,24.690000534057617,24.690000534057617,23.799999237060547,23.959999084472656,17.083641052246094,2743900
2006-02-02,24.299999237060547,24.600000381469727,23.90999984741211,24.260000228881836,17.297544479370117,2820870
2006-02-03,24.5,24.84000015258789,23.920000076293945,24.610000610351562,17.547096252441406,80060
2006-02-06,24.3700008392334,25.450000762939453,24.299999237060547,25.020000457763672,17.839433670043945,320790
2006-02-07,25.309999465942383,25.479999542236328,24.600000381469727,24.6200008392334,17.554231643676758,1309640
2006-02-08,24.40999984741211,24.8799991607666,24.399999618530273,24.719999313354492,17.62552833557129,96260
2006-02-10,25.989999771118164,25.989999771118164,24.200000762939453,25.1200008392334,17.910730361938477,176590
2006-02-13,25.100000381469727,25.1200008392334,24.170000076293945,24.65999984741211,17.58275032043457,111640
2006-02-14,25.280000686645508,25.290000915527344,24.610000610351562,24.700000762939453,17.61126708984375,78480
2006-02-15,25.200000762939453,25.5,24.510000228881836,25.059999465942383,17.867950439453125,233340
2006-02-16,24.709999084472656,25.0,24.299999237060547,24.610000610351562,17.547096252441406,137660
2006-02-17,24.989999771118164,25.0,23.459999084472656,24.18000030517578,17.240501403808594,95610
2006-02-20,24.0,24.149999618530273,22.90999984741211,23.1299991607666,16.49184799194336,133820
2006-02-21,23.979999542236328,23.979999542236328,23.5,23.6299991607666,16.848350524902344,86000
2006-02-22,23.760000228881836,23.899999618530273,22.799999237060547,22.940000534057617,16.356380462646484,180460
2006-02-23,23.399999618530273,23.5,22.799999237060547,22.90999984741211,16.334983825683594,136440
2006-02-24,22.950000762939453,26.299999237060547,22.700000762939453,25.479999542236328,18.16741180419922,1451410
2006-02-27,26.0,26.0,24.5,24.610000610351562,17.547096252441406,621120
2006-02-28,25.0,25.0,24.0,24.1299991607666,17.20485496520996,200270
2006-03-01,24.200000762939453,24.799999237060547,24.010000228881836,24.510000228881836,17.475801467895508,205550
2006-03-02,24.5,24.649999618530273,24.0,24.15999984741211,17.22624969482422,68000
2006-03-03,24.229999542236328,24.600000381469727,23.90999984741211,24.010000228881836,17.119291305541992,261790
2006-03-06,24.299999237060547,24.600000381469727,24.200000762939453,24.489999771118164,17.461536407470703,104370
2006-03-07,24.899999618530273,24.899999618530273,24.43000030517578,24.5,17.46866798400879,163580
2006-03-08,24.81999969482422,24.81999969482422,24.329999923706055,24.5,17.46866798400879,175500
2006-03-09,24.40999984741211,24.56999969482422,24.0,24.389999389648438,17.390241622924805,100490
2006-03-10,24.889999389648438,25.0,24.299999237060547,24.510000228881836,17.475801467895508,74110
2006-03-13,24.399999618530273,24.799999237060547,24.399999618530273,24.6200008392334,17.554231643676758,282380
2006-03-14,24.8799991607666,25.100000381469727,24.5,24.829999923706055,17.70395851135254,267530
2006-03-16,25.100000381469727,25.700000762939453,24.899999618530273,25.510000228881836,18.18880844116211,265660
2006-03-17,25.5,26.100000381469727,25.5,25.559999465942383,18.22445297241211,235210
2006-03-20,25.510000228881836,25.899999618530273,25.299999237060547,25.739999771118164,18.352802276611328,99970
2006-03-21,25.899999618530273,26.09000015258789,25.299999237060547,25.989999771118164,18.53104591369629,215930
2006-03-22,24.170000076293945,26.5,24.170000076293945,26.09000015258789,18.602344512939453,326540
2006-03-23,26.399999618530273,28.0,26.200000762939453,27.200000762939453,19.393781661987305,2771700
2006-03-24,27.0,27.700000762939453,26.510000228881836,26.850000381469727,19.14423179626465,284360
2006-03-27,29.5,29.5,26.639999389648438,26.979999542236328,19.23692512512207,374820
2006-03-28,27.0,27.100000381469727,26.209999084472656,26.649999618530273,19.00163459777832,179470
2006-03-29,26.260000228881836,26.989999771118164,26.25,26.799999237060547,19.10858154296875,173170
2006-03-30,26.700000762939453,27.0,26.5,26.790000915527344,19.10145378112793,333870
2006-03-31,26.899999618530273,26.899999618530273,26.25,26.399999618530273,18.823381423950195,39500
2006-04-03,29.5,29.5,26.299999237060547,27.059999465942383,19.29396629333496,339780
2006-04-04,27.920000076293945,27.950000762939453,26.5,27.110000610351562,19.329614639282227,453690
2006-04-05,27.110000610351562,27.899999618530273,27.020000457763672,27.559999465942383,19.650468826293945,402130
2006-04-07,28.0,28.100000381469727,27.510000228881836,27.850000381469727,19.857236862182617,334530
2006-04-10,28.600000381469727,30.5,27.1200008392334,28.68000030517578,20.449037551879883,445040
2006-04-12,28.889999389648438,30.5,27.299999237060547,28.940000534057617,20.63442039489746,737470
2006-04-13,28.799999237060547,29.5,28.5,29.170000076293945,20.79840850830078,787760
2006-04-17,29.75,31.18000030517578,28.829999923706055,29.1200008392334,20.762758255004883,439130
2006-04-18,29.489999771118164,29.700000762939453,28.90999984741211,29.1299991607666,20.76988410949707,177310
2006-04-19,29.200000762939453,29.479999542236328,27.780000686645508,28.15999984741211,20.07827377319336,264420
2006-04-20,28.899999618530273,28.899999618530273,28.200000762939453,28.329999923706055,20.19948387145996,99600
2006-04-21,28.450000762939453,29.299999237060547,28.030000686645508,28.3700008392334,20.22800636291504,491880
2006-04-24,28.799999237060547,29.350000381469727,27.81999969482422,28.110000610351562,20.04262351989746,334440
2006-04-25,28.299999237060547,28.299999237060547,27.299999237060547,27.690000534057617,19.743154525756836,174870
2006-04-26,27.889999389648438,28.18000030517578,27.350000381469727,27.639999389648438,19.707509994506836,169890
2006-04-27,28.200000762939453,28.399999618530273,27.479999542236328,27.709999084472656,19.75741958618164,222420
2006-04-28,27.270000457763672,27.700000762939453,26.6299991607666,27.559999465942383,19.650468826293945,226110
2006-05-02,27.5,27.899999618530273,27.15999984741211,27.510000228881836,19.614818572998047,165920
2006-05-03,27.5,28.0,27.5,27.510000228881836,19.614818572998047,91020
2006-05-04,28.0,28.399999618530273,27.399999618530273,28.049999237060547,19.999841690063477,257150
2006-05-05,28.200000762939453,28.399999618530273,27.829999923706055,28.1200008392334,20.04974937438965,101750
2006-05-08,28.299999237060547,28.5,27.81999969482422,28.25,20.142444610595703,140070
2006-05-09,28.489999771118164,28.600000381469727,27.6299991607666,27.850000381469727,19.857236862182617,70020
2006-05-10,28.200000762939453,28.520000457763672,28.0,28.420000076293945,20.26365089416504,114060
2006-05-11,28.100000381469727,28.18000030517578,27.219999313354492,28.030000686645508,19.985584259033203,73190
2006-05-12,28.0,28.1299991607666,27.399999618530273,27.540000915527344,19.63620948791504,56340
2006-05-15,28.299999237060547,28.399999618530273,26.600000381469727,26.799999237060547,19.10858154296875,139350
2006-05-16,26.649999618530273,27.479999542236328,26.559999465942383,26.850000381469727,19.14423179626465,73810
2006-05-17,26.799999237060547,28.100000381469727,26.799999237060547,27.8799991607666,19.878629684448242,93100
2006-05-18,28.0,28.0,26.610000610351562,27.190000534057617,19.38665199279785,117320
2006-05-19,28.0,28.0,26.6200008392334,27.280000686645508,19.450828552246094,159120
2006-05-22,26.809999465942383,26.959999084472656,22.1299991607666,26.049999237060547,18.573827743530273,130030
2006-05-23,26.600000381469727,26.600000381469727,24.510000228881836,25.90999984741211,18.47400665283203,38420
2006-05-24,26.0,26.700000762939453,26.0,26.459999084472656,18.866161346435547,38430
2006-05-25,26.799999237060547,28.0,25.219999313354492,26.1200008392334,18.623737335205078,291320
2006-05-26,28.5,28.5,23.6299991607666,26.260000228881836,18.723560333251953,122650
2006-05-29,26.8799991607666,26.889999389648438,26.0,26.719999313354492,19.051542282104492,322000
2006-05-30,25.5,27.280000686645508,25.5,26.219999313354492,18.695039749145508,26280
2006-05-31,26.489999771118164,26.489999771118164,25.5,25.809999465942383,18.402708053588867,101090
2006-06-01,26.18000030517578,26.360000610351562,25.40999984741211,25.610000610351562,18.260103225708008,57360
2006-06-02,25.31999969482422,25.600000381469727,24.31999969482422,24.950000762939453,17.78952407836914,365090
2006-06-05,24.229999542236328,26.0,24.229999542236328,25.65999984741211,18.295757293701172,58550
2006-06-06,25.010000228881836,25.299999237060547,24.360000610351562,24.520000457763672,17.48293113708496,33320
2006-06-07,24.0,24.200000762939453,22.809999465942383,23.280000686645508,16.598800659179688,148390
2006-06-08,21.729999542236328,22.100000381469727,18.729999542236328,21.450000762939453,15.294000625610352,267930
2006-06-09,20.600000381469727,21.959999084472656,20.600000381469727,21.709999084472656,15.479378700256348,85040
2006-06-12,22.5,22.5,20.799999237060547,21.170000076293945,15.09435749053955,44930
2006-06-13,20.100000381469727,21.1200008392334,19.030000686645508,19.350000381469727,13.796683311462402,107350
2006-06-14,20.790000915527344,20.899999618530273,18.799999237060547,20.06999969482422,14.310049057006836,405830
2006-06-15,20.299999237060547,20.790000915527344,19.540000915527344,20.5,14.616640090942383,188250
2006-06-16,21.200000762939453,24.600000381469727,21.200000762939453,24.600000381469727,17.539968490600586,911410
2006-06-19,24.389999389648438,26.899999618530273,23.40999984741211,25.739999771118164,18.352802276611328,831360
2006-06-20,25.5,26.600000381469727,25.0,25.309999465942383,18.046201705932617,333610
2006-06-21,25.969999313354492,26.200000762939453,25.450000762939453,25.690000534057617,18.31714630126953,124360
2006-06-22,26.299999237060547,26.399999618530273,25.530000686645508,25.670000076293945,18.30289077758789,119560
2006-06-23,25.790000915527344,27.489999771118164,25.0,26.229999542236328,18.70217514038086,358670
2006-06-26,27.420000076293945,28.899999618530273,25.450000762939453,25.8799991607666,18.45261573791504,1446320
2006-06-27,26.0,26.799999237060547,25.399999618530273,25.68000030517578,18.310016632080078,71390
2006-06-28,24.829999923706055,25.940000534057617,24.229999542236328,25.610000610351562,18.260103225708008,54460
2006-06-29,25.850000381469727,26.399999618530273,25.100000381469727,25.239999771118164,17.996294021606445,73540
2006-06-30,25.5,26.200000762939453,24.899999618530273,25.139999389648438,17.92498207092285,91200
2006-07-03,25.690000534057617,25.690000534057617,25.110000610351562,25.280000686645508,18.02481460571289,55010
2006-07-04,25.649999618530273,25.799999237060547,25.0,25.059999465942383,17.867950439453125,115000
2006-07-05,25.100000381469727,25.100000381469727,24.59000015258789,24.989999771118164,17.818042755126953,233670
2006-07-06,24.510000228881836,25.450000762939453,24.5,25.059999465942383,17.867950439453125,42330
2006-07-07,25.200000762939453,25.350000381469727,24.520000457763672,24.690000534057617,17.60413932800293,52960
2006-07-10,24.829999923706055,24.989999771118164,24.510000228881836,24.700000762939453,17.61126708984375,36340
2006-07-11,24.700000762939453,25.299999237060547,24.0,24.420000076293945,17.411630630493164,80550
2006-07-12,23.510000228881836,24.489999771118164,23.1200008392334,24.260000228881836,19.72017478942871,35490
2006-07-13,24.5,25.149999618530273,24.110000610351562,24.65999984741211,20.045318603515625,41170
2006-07-14,24.56999969482422,24.670000076293945,24.200000762939453,24.420000076293945,19.850231170654297,40570
2006-07-17,24.690000534057617,24.690000534057617,23.520000457763672,23.889999389648438,19.419408798217773,30070
2006-07-18,23.229999542236328,24.0,23.229999542236328,23.780000686645508,19.329994201660156,27790
2006-07-19,24.0,24.479999542236328,23.0,23.440000534057617,19.053619384765625,59700
2006-07-20,23.700000762939453,24.0,23.510000228881836,23.790000915527344,19.338123321533203,46480
2006-07-21,23.700000762939453,27.530000686645508,23.299999237060547,26.329999923706055,21.40280532836914,670510
2006-07-24,25.899999618530273,26.989999771118164,24.799999237060547,26.65999984741211,21.67105484008789,1112830
2006-07-25,26.899999618530273,27.5,26.5,27.350000381469727,22.231931686401367,633550
2006-07-26,27.299999237060547,27.299999237060547,26.5,27.1299991607666,22.053104400634766,171320
2006-07-27,26.700000762939453,27.780000686645508,26.700000762939453,27.59000015258789,22.427017211914062,382120
2006-07-28,27.59000015258789,27.799999237060547,27.219999313354492,27.59000015258789,22.427017211914062,192940
2006-07-31,27.219999313354492,27.799999237060547,26.719999313354492,26.899999618530273,21.866140365600586,72210
2006-08-01,26.600000381469727,27.200000762939453,26.600000381469727,26.81999969482422,21.801115036010742,23970
2006-08-02,26.700000762939453,27.649999618530273,26.600000381469727,27.469999313354492,22.329471588134766,118880
2006-08-03,27.600000381469727,28.989999771118164,27.59000015258789,28.0,22.76030158996582,267110
2006-08-04,28.5,28.600000381469727,27.700000762939453,28.280000686645508,22.98790740966797,167010
2006-08-07,29.0,30.100000381469727,28.020000457763672,29.719999313354492,24.15842628479004,511740
2006-08-08,30.329999923706055,31.399999618530273,29.600000381469727,30.049999237060547,24.42667579650879,764780
2006-08-09,30.0,30.799999237060547,29.799999237060547,29.889999389648438,24.296613693237305,517920
2006-08-10,30.200000762939453,30.299999237060547,29.510000228881836,29.6200008392334,24.07714080810547,159440
2006-08-11,29.799999237060547,30.280000686645508,29.700000762939453,29.940000534057617,24.33725929260254,239000
2006-08-14,30.5,30.93000030517578,29.799999237060547,30.579999923706055,24.857492446899414,144220
2006-08-16,31.329999923706055,32.400001525878906,30.510000228881836,30.670000076293945,24.93065071105957,264790
2006-08-17,31.200000762939453,31.899999618530273,30.549999237060547,30.770000457763672,25.011940002441406,2044970
2006-08-18,31.389999389648438,31.399999618530273,30.5,30.65999984741211,24.92252540588379,965970
2006-08-21,30.989999771118164,30.989999771118164,30.399999618530273,30.709999084472656,24.963165283203125,184670
2006-08-22,31.190000534057617,31.190000534057617,30.43000030517578,30.6299991607666,24.898141860961914,171930
2006-08-23,30.510000228881836,31.34000015258789,28.520000457763672,31.190000534057617,25.353347778320312,1745460
2006-08-24,30.719999313354492,32.29999923706055,30.719999313354492,31.3700008392334,25.499662399291992,541280
2006-08-25,31.799999237060547,31.8799991607666,30.829999923706055,30.959999084472656,25.166385650634766,249420
2006-08-28,31.239999771118164,32.29999923706055,31.239999771118164,32.119998931884766,26.109315872192383,562670
2006-08-29,32.5,33.290000915527344,32.470001220703125,33.029998779296875,26.84902000427246,934620
2006-08-30,33.29999923706055,37.36000061035156,33.0,36.31999969482422,29.523357391357422,12708010
2006-08-31,36.0,37.349998474121094,34.86000061035156,35.09000015258789,28.523523330688477,14617890
2006-09-01,35.099998474121094,35.84000015258789,34.349998474121094,35.36000061035156,28.742998123168945,3430610
2006-09-04,35.70000076293945,35.77000045776367,34.79999923706055,35.099998474121094,28.53165626525879,1134090
2006-09-05,35.38999938964844,35.5,34.52000045776367,35.029998779296875,28.47476577758789,792020
2006-09-06,35.29999923706055,36.47999954223633,35.0,35.83000183105469,29.125059127807617,1355870
2006-09-07,35.650001525878906,39.13999938964844,35.22999954223633,38.529998779296875,31.319795608520508,13221630
2006-09-08,40.0,45.900001525878906,39.900001525878906,45.20000076293945,36.74163055419922,7461783
2006-09-11,45.849998474121094,49.25,44.900001525878906,45.70000076293945,37.14805221557617,7857369
2006-09-12,46.5,47.79999923706055,45.79999923706055,47.25,38.40800476074219,3309067
2006-09-13,48.5,48.650001525878906,45.29999923706055,45.849998474121094,37.269989013671875,1821927
2006-09-14,46.349998474121094,47.20000076293945,44.099998474121094,45.75,37.18870544433594,1950124
2006-09-15,45.79999923706055,46.0,43.20000076293945,43.900001525878906,35.68488693237305,1410516
2006-09-18,44.25,44.25,41.5,41.650001525878906,33.85593795776367,1101395
2006-09-19,41.849998474121094,45.20000076293945,40.849998474121094,41.849998474121094,34.01851272583008,3813042
2006-09-20,41.95000076293945,42.900001525878906,41.04999923706055,41.900001525878906,34.05915832519531,1397086
2006-09-21,42.5,42.79999923706055,40.849998474121094,41.04999923706055,33.36821746826172,918317
2006-09-22,40.75,41.54999923706055,40.5,40.79999923706055,33.165008544921875,612699
2006-09-25,41.0,41.0,39.45000076293945,39.70000076293945,32.270843505859375,722623
2006-09-26,40.0,41.20000076293945,39.79999923706055,39.95000076293945,32.47407913208008,580598
2006-09-27,40.349998474121094,41.0,39.599998474121094,39.75,32.311492919921875,559952
2006-09-28,39.75,40.5,39.599998474121094,40.04999923706055,32.55535125732422,403685
2006-09-29,39.70000076293945,40.5,39.70000076293945,39.900001525878906,32.43341827392578,269839
2006-10-03,40.0,40.45000076293945,39.29999923706055,39.900001525878906,32.43341827392578,260982
2006-10-04,40.5,40.900001525878906,38.75,38.900001525878906,31.62055778503418,493182
2006-10-05,39.5,40.0,38.849998474121094,39.04999923706055,31.74248695373535,334561
2006-10-06,39.04999923706055,39.599998474121094,38.650001525878906,38.900001525878906,31.62055778503418,295252
2006-10-09,39.20000076293945,40.20000076293945,38.0,39.45000076293945,32.06763458251953,452971
2006-10-10,39.849998474121094,40.5,39.5,39.79999923706055,32.35212707519531,571001
2006-10-11,39.849998474121094,40.349998474121094,39.0,39.099998474121094,31.78312110900879,249914
2006-10-12,39.900001525878906,39.900001525878906,38.79999923706055,39.20000076293945,31.864412307739258,198841
2006-10-13,39.79999923706055,39.95000076293945,39.0,39.04999923706055,31.74248695373535,181633
2006-10-16,39.099998474121094,40.0,37.79999923706055,38.0,30.888973236083984,588424
2006-10-17,38.400001525878906,39.20000076293945,38.0,38.45000076293945,31.254772186279297,402970
2006-10-18,38.5,40.20000076293945,38.099998474121094,38.20000076293945,31.05155372619629,1816581
2006-10-19,39.0,43.150001525878906,38.70000076293945,41.95000076293945,34.099796295166016,5719771
2006-10-20,42.5,42.70000076293945,40.400001525878906,40.599998474121094,33.00242614746094,1413298
2006-10-23,41.79999923706055,42.5,40.5,40.70000076293945,33.08372116088867,482163
2006-10-26,41.70000076293945,41.70000076293945,40.25,40.650001525878906,33.04307174682617,375386
2006-10-27,40.599998474121094,41.79999923706055,40.5,40.70000076293945,33.08372116088867,492887
2006-10-30,40.25,41.5,40.099998474121094,40.79999923706055,33.165008544921875,1000290
2006-10-31,41.0,41.79999923706055,40.400001525878906,41.599998474121094,33.8152961730957,703790
2006-11-01,41.45000076293945,42.099998474121094,41.45000076293945,41.79999923706055,33.97787094116211,393408
2006-11-02,42.79999923706055,42.79999923706055,41.0,41.5,33.7340087890625,820390
2006-11-03,41.900001525878906,42.25,40.79999923706055,41.099998474121094,33.40886688232422,433742
2006-11-06,41.0,41.75,40.75,41.5,33.7340087890625,281914
2006-11-07,41.099998474121094,42.45000076293945,40.849998474121094,41.20000076293945,33.490150451660156,634230
2006-11-08,41.70000076293945,41.70000076293945,39.400001525878906,39.75,32.311492919921875,311314
2006-11-09,39.849998474121094,40.70000076293945,39.79999923706055,40.349998474121094,32.799217224121094,174834
2006-11-10,40.70000076293945,40.70000076293945,40.0,40.45000076293945,32.88051223754883,168474
2006-11-13,41.599998474121094,41.599998474121094,40.099998474121094,40.45000076293945,32.88051223754883,155053
2006-11-14,40.650001525878906,41.599998474121094,39.900001525878906,40.25,32.717926025390625,1039106
2006-11-15,40.29999923706055,41.900001525878906,40.0,41.5,33.7340087890625,1235099
2006-11-16,42.0,42.29999923706055,40.0,40.54999923706055,32.961788177490234,453084
2006-11-17,40.150001525878906,40.79999923706055,39.5,39.599998474121094,32.1895637512207,259652
2006-11-20,41.0,41.95000076293945,37.75,38.54999923706055,31.336057662963867,352909
2006-11-21,38.79999923706055,39.349998474121094,38.150001525878906,38.54999923706055,31.336057662963867,326727
2006-11-22,38.5,41.20000076293945,38.29999923706055,40.75,33.124366760253906,628046
2006-11-23,41.099998474121094,41.29999923706055,39.599998474121094,39.849998474121094,32.392784118652344,211892
2006-11-24,39.849998474121094,40.5,39.04999923706055,39.75,32.311492919921875,202003
2006-11-27,40.29999923706055,40.29999923706055,39.0,39.45000076293945,32.06763458251953,149934
2006-11-28,39.29999923706055,40.849998474121094,38.25,40.099998474121094,32.59599685668945,263794
2006-11-29,41.0,41.29999923706055,40.29999923706055,40.79999923706055,33.165008544921875,531940
2006-11-30,41.400001525878906,41.5,39.54999923706055,39.70000076293945,32.270843505859375,178837
2006-12-01,40.099998474121094,40.25,39.599998474121094,39.75,32.311492919921875,150002
2006-12-04,39.0,40.150001525878906,39.0,39.900001525878906,32.43341827392578,169109
2006-12-05,39.099998474121094,40.099998474121094,39.099998474121094,39.5,32.1082763671875,94576
2006-12-06,39.5,39.79999923706055,38.900001525878906,39.04999923706055,31.74248695373535,184081
2006-12-07,39.400001525878906,39.400001525878906,38.900001525878906,39.04999923706055,31.74248695373535,113397
2006-12-08,39.400001525878906,39.400001525878906,38.650001525878906,38.70000076293945,31.457983016967773,143443
2006-12-11,40.0,40.0,37.70000076293945,37.95000076293945,30.848329544067383,168578
2006-12-12,38.0,38.5,35.75,37.5,30.482542037963867,260081
2006-12-13,37.099998474121094,38.0,35.79999923706055,37.70000076293945,30.645111083984375,169536
2006-12-14,38.45000076293945,38.79999923706055,37.900001525878906,38.400001525878906,31.214115142822266,143673
2006-12-15,38.75,39.400001525878906,38.20000076293945,38.29999923706055,31.132837295532227,81571
2006-12-18,37.38999938964844,37.38999938964844,35.70000076293945,36.619998931884766,29.7672119140625,118144
2006-12-19,36.959999084472656,36.959999084472656,36.09000015258789,36.189998626708984,29.417675018310547,88035
2006-12-20,36.22999954223633,36.959999084472656,35.70000076293945,35.849998474121094,29.141305923461914,91108
2006-12-21,36.470001220703125,36.470001220703125,35.459999084472656,35.79999923706055,29.100664138793945,92624
2006-12-22,36.470001220703125,36.470001220703125,35.65999984741211,35.849998474121094,29.141305923461914,66866
2006-12-26,36.43000030517578,36.43000030517578,35.849998474121094,36.13999938964844,29.377042770385742,60707
2006-12-27,36.380001068115234,36.66999816894531,36.09000015258789,36.22999954223633,29.45018768310547,69572
2006-12-28,36.66999816894531,36.959999084472656,35.70000076293945,35.79999923706055,29.100664138793945,137866
2006-12-29,36.52000045776367,36.52000045776367,35.369998931884766,35.61000061035156,28.94622039794922,203873
2007-01-02,36.09000015258789,36.33000183105469,35.5099983215332,35.75,29.060020446777344,260035
2007-01-03,36.189998626708984,36.189998626708984,35.459999084472656,35.849998474121094,29.141305923461914,197553
2007-01-04,36.189998626708984,39.54999923706055,35.61000061035156,37.77000045776367,30.702016830444336,1137461
2007-01-05,38.5,38.689998626708984,37.290000915527344,37.47999954223633,30.46627426147461,432765
2007-01-08,37.34000015258789,38.779998779296875,37.04999923706055,38.45000076293945,31.254772186279297,393989
2007-01-09,38.5,43.02000045776367,38.0099983215332,39.650001525878906,32.230220794677734,2331983
2007-01-10,40.040000915527344,41.380001068115234,39.459999084472656,39.84000015258789,32.38465881347656,861942
2007-01-11,39.459999084472656,40.369998931884766,38.400001525878906,39.119998931884766,31.799386978149414,359119
2007-01-12,40.130001068115234,40.130001068115234,38.880001068115234,39.36000061035156,31.994462966918945,469500
2007-01-15,39.459999084472656,41.09000015258789,38.97999954223633,39.27000045776367,31.921316146850586,755382
2007-01-16,40.41999816894531,40.41999816894531,39.06999969482422,39.36000061035156,31.994462966918945,343466
2007-01-17,39.939998626708984,41.81999969482422,38.97999954223633,41.2400016784668,33.52265930175781,1521434
2007-01-18,41.86000061035156,43.689998626708984,41.47999954223633,42.34000015258789,34.41680908203125,3810942
2007-01-19,42.439998626708984,42.869998931884766,39.650001525878906,40.279998779296875,32.742313385009766,1034157
2007-01-22,41.04999923706055,41.380001068115234,40.279998779296875,41.13999938964844,33.44137954711914,939737
2007-01-23,40.900001525878906,41.189998626708984,40.130001068115234,40.279998779296875,32.742313385009766,405841
2007-01-24,39.939998626708984,41.189998626708984,39.119998931884766,40.22999954223633,32.70166778564453,700146
2007-01-25,40.41999816894531,41.380001068115234,39.54999923706055,40.52000045776367,32.93740463256836,448086
2007-01-29,41.09000015258789,41.09000015258789,40.040000915527344,40.470001220703125,32.89676284790039,248095
2007-01-31,41.13999938964844,44.08000183105469,39.650001525878906,43.45000076293945,35.31911087036133,2358931
2007-02-01,44.27000045776367,48.9900016784668,44.27000045776367,46.43000030517578,37.741451263427734,7671673
2007-02-02,46.68000030517578,46.959999084472656,44.75,45.619998931884766,37.083030700683594,1839535
2007-02-05,43.599998474121094,46.04999923706055,43.599998474121094,45.56999969482422,37.04238510131836,1157585
2007-02-06,45.56999969482422,46.0,43.93000030517578,44.40999984741211,36.09946823120117,388660
2007-02-07,44.61000061035156,48.119998931884766,43.84000015258789,45.33000183105469,36.84729766845703,3945497
2007-02-08,45.709999084472656,47.349998474121094,45.619998931884766,46.2400016784668,37.58699417114258,2322030
2007-02-09,46.81999969482422,47.93000030517578,44.650001525878906,45.040000915527344,36.6115608215332,1277804
2007-02-12,45.13999938964844,45.13999938964844,41.43000030517578,43.84000015258789,35.6361198425293,1757808
2007-02-13,41.86000061035156,44.369998931884766,41.66999816894531,42.630001068115234,34.65255355834961,690587
2007-02-14,42.34000015258789,43.11000061035156,41.380001068115234,42.34000015258789,34.41680908203125,545629
2007-02-15,42.34000015258789,46.099998474121094,42.34000015258789,45.65999984741211,37.115543365478516,1106732
2007-02-19,46.869998931884766,46.959999084472656,44.27000045776367,44.849998474121094,36.45711898803711,563050
2007-02-20,44.75,47.25,43.689998626708984,44.369998931884766,36.06694030761719,1939726
2007-02-21,45.09000015258789,46.189998626708984,44.40999984741211,45.90999984741211,37.31875991821289,774930
2007-02-22,46.68000030517578,47.11000061035156,45.22999954223633,45.709999084472656,37.15618133544922,690951
2007-02-23,43.790000915527344,45.22999954223633,42.34000015258789,43.880001068115234,35.668643951416016,445131
2007-02-26,43.689998626708984,44.650001525878906,43.310001373291016,43.880001068115234,35.668643951416016,186565
2007-02-27,44.61000061035156,46.34000015258789,43.880001068115234,45.18000030517578,36.72537612915039,484475
2007-02-28,39.459999084472656,45.41999816894531,39.459999084472656,44.79999923706055,36.41646957397461,338705
2007-03-01,44.70000076293945,45.65999984741211,43.63999938964844,43.880001068115234,35.668643951416016,137493
2007-03-02,43.310001373291016,45.810001373291016,43.310001373291016,45.09000015258789,36.6522102355957,351723
2007-03-05,44.75,45.52000045776367,42.099998474121094,44.27000045776367,35.98566818237305,337362
2007-03-06,44.40999984741211,46.04999923706055,42.83000183105469,43.310001373291016,35.2053108215332,480129
2007-03-07,44.560001373291016,44.560001373291016,42.59000015258789,42.630001068115234,34.65255355834961,328215
2007-03-08,40.52000045776367,43.97999954223633,40.52000045776367,42.869998931884766,34.84764099121094,108435
2007-03-09,48.119998931884766,48.119998931884766,42.34000015258789,42.439998626708984,34.49810028076172,150494
2007-03-12,43.209999084472656,43.209999084472656,42.439998626708984,42.869998931884766,34.84764099121094,89107
2007-03-13,43.7400016784668,43.7400016784668,42.34000015258789,42.540000915527344,34.57939147949219,747894
2007-03-14,42.540000915527344,42.540000915527344,41.380001068115234,42.150001525878906,34.26237487792969,100618
2007-03-15,43.2599983215332,43.2599983215332,41.380001068115234,41.66999816894531,33.8722038269043,451150
2007-03-16,41.66999816894531,42.25,40.41999816894531,40.560001373291016,32.96991729736328,106660
2007-03-19,40.900001525878906,41.380001068115234,38.83000183105469,41.04999923706055,33.36821746826172,158774
2007-03-20,41.380001068115234,42.099998474121094,41.380001068115234,41.529998779296875,33.75839614868164,75056
2007-03-21,44.27000045776367,44.27000045776367,41.2400016784668,41.47999954223633,33.71775817871094,1081204
2007-03-22,41.86000061035156,42.83000183105469,41.619998931884766,42.34000015258789,34.41680908203125,197478
2007-03-23,42.83000183105469,43.11000061035156,41.529998779296875,41.959999084472656,34.10793685913086,140616
2007-03-26,42.91999816894531,42.91999816894531,40.900001525878906,41.33000183105469,33.59583282470703,67308
2007-03-28,41.66999816894531,41.66999816894531,40.22999954223633,40.900001525878906,33.24629592895508,2798289
2007-03-29,41.86000061035156,41.86000061035156,40.79999923706055,41.33000183105469,33.59583282470703,908424
2007-03-30,41.86000061035156,41.86000061035156,40.470001220703125,40.900001525878906,33.24629592895508,134020
2007-04-02,40.470001220703125,40.849998474121094,37.290000915527344,37.72999954223633,30.669504165649414,342846
2007-04-03,39.27000045776367,40.61000061035156,37.81999969482422,40.279998779296875,32.742313385009766,389575
2007-04-04,42.34000015258789,42.34000015258789,39.70000076293945,39.9900016784668,32.506591796875,175055
2007-04-05,40.040000915527344,40.369998931884766,39.54999923706055,40.22999954223633,32.70166778564453,84626
2007-04-09,40.41999816894531,40.900001525878906,40.130001068115234,40.41999816894531,32.85611343383789,634168
2007-04-10,40.41999816894531,41.529998779296875,40.31999969482422,40.52000045776367,32.93740463256836,512087
2007-04-11,41.13999938964844,41.380001068115234,40.52000045776367,41.0,33.32757568359375,132435
2007-04-12,40.52000045776367,41.09000015258789,40.369998931884766,40.560001373291016,32.96991729736328,88965
2007-04-13,40.900001525878906,41.2400016784668,40.560001373291016,40.95000076293945,33.28693389892578,97434
2007-04-16,41.81999969482422,42.83000183105469,41.43000030517578,42.4900016784668,34.538753509521484,185688
2007-04-17,42.72999954223633,43.209999084472656,41.90999984741211,42.150001525878906,34.26237487792969,162774
2007-04-18,42.72999954223633,42.779998779296875,42.0099983215332,42.25,34.343666076660156,106911
2007-04-19,41.77000045776367,43.7400016784668,41.380001068115234,43.310001373291016,35.2053108215332,366354
2007-04-20,43.84000015258789,44.650001525878906,42.630001068115234,43.84000015258789,35.6361198425293,847445
2007-04-23,44.27000045776367,47.15999984741211,43.7400016784668,46.630001068115234,37.904014587402344,1333853
2007-04-24,46.189998626708984,46.68000030517578,44.130001068115234,45.33000183105469,36.84729766845703,446610
2007-04-25,45.33000183105469,46.0,44.16999816894531,44.61000061035156,36.26204299926758,314442
2007-04-26,45.13999938964844,45.470001220703125,41.47999954223633,41.90999984741211,34.067283630371094,1250185
2007-04-27,42.0099983215332,43.209999084472656,40.900001525878906,41.43000030517578,33.67710876464844,716277
2007-04-30,41.86000061035156,42.68000030517578,41.13999938964844,41.90999984741211,34.067283630371094,230299
2007-05-03,42.630001068115234,42.83000183105469,41.529998779296875,41.81999969482422,33.9941291809082,154083
2007-05-04,42.29999923706055,42.630001068115234,41.619998931884766,41.86000061035156,34.02664566040039,205151
2007-05-07,42.099998474121094,43.790000915527344,41.13999938964844,42.150001525878906,34.26237487792969,886850
2007-05-08,43.11000061035156,43.11000061035156,41.380001068115234,41.43000030517578,33.67710876464844,226926
2007-05-09,41.43000030517578,41.81999969482422,41.13999938964844,41.33000183105469,33.59583282470703,1170329
2007-05-10,41.86000061035156,42.060001373291016,41.0,41.290000915527344,33.56330871582031,294535
2007-05-11,40.900001525878906,43.15999984741211,39.54999923706055,42.779998779296875,34.77449035644531,333024
2007-05-14,42.779998779296875,44.9900016784668,42.34000015258789,44.27000045776367,35.98566818237305,569685
2007-05-15,44.459999084472656,45.22999954223633,43.400001525878906,43.84000015258789,35.6361198425293,237575
2007-05-16,44.08000183105469,45.13999938964844,43.54999923706055,44.900001525878906,36.49776077270508,284233
2007-05-17,45.279998779296875,45.33000183105469,43.599998474121094,44.27000045776367,35.98566818237305,215688
2007-05-18,43.84000015258789,44.130001068115234,43.11000061035156,43.880001068115234,35.668643951416016,106542
2007-05-21,44.459999084472656,45.90999984741211,43.11000061035156,44.79999923706055,36.41646957397461,302699
2007-05-22,44.31999969482422,46.150001525878906,43.84000015258789,45.52000045776367,37.00175476074219,219989
2007-05-23,45.709999084472656,46.43000030517578,44.31999969482422,44.459999084472656,36.140098571777344,185090
2007-05-24,44.459999084472656,45.709999084472656,43.790000915527344,44.16999816894531,35.90437316894531,324877
2007-05-25,43.5,44.369998931884766,43.400001525878906,43.880001068115234,35.668643951416016,107156
2007-05-28,45.13999938964844,45.13999938964844,43.11000061035156,43.7400016784668,35.5548210144043,113452
2007-05-29,44.27000045776367,44.27000045776367,43.11000061035156,43.310001373291016,35.2053108215332,349982
2007-05-30,43.310001373291016,43.790000915527344,43.11000061035156,43.599998474121094,35.44103240966797,104717
2007-05-31,37.5,46.400001525878906,37.5,46.150001525878906,37.51384353637695,113902
2007-06-01,45.470001220703125,46.150001525878906,43.54999923706055,45.709999084472656,37.15618133544922,335418
2007-06-04,46.189998626708984,46.47999954223633,44.40999984741211,44.70000076293945,36.335201263427734,114190
2007-06-05,45.22999954223633,45.22999954223633,43.880001068115234,44.369998931884766,36.06694030761719,103295
2007-06-06,44.369998931884766,45.470001220703125,44.130001068115234,44.900001525878906,36.49776077270508,176688
2007-06-07,44.369998931884766,45.52000045776367,44.31999969482422,45.13999938964844,36.69285202026367,219854
2007-06-08,44.27000045776367,46.43000030517578,44.27000045776367,46.04999923706055,37.43256378173828,278922
2007-06-11,46.869998931884766,48.40999984741211,46.189998626708984,47.349998474121094,38.489288330078125,811500
2007-06-12,47.93000030517578,47.93000030517578,45.33000183105469,45.56999969482422,37.04238510131836,709056
2007-06-13,44.900001525878906,45.619998931884766,44.369998931884766,44.650001525878906,36.29454040527344,60539
2007-06-14,45.13999938964844,45.470001220703125,44.5099983215332,44.650001525878906,36.29454040527344,59721
2007-06-15,44.939998626708984,46.099998474121094,44.560001373291016,44.900001525878906,36.49776077270508,98667
2007-06-18,46.38999938964844,46.38999938964844,44.130001068115234,44.40999984741211,36.09946823120117,74820
2007-06-19,44.560001373291016,44.75,43.790000915527344,44.5099983215332,36.18074035644531,92100
2007-06-20,45.41999816894531,45.41999816894531,44.08000183105469,44.5099983215332,36.18074035644531,97347
2007-06-21,44.27000045776367,45.13999938964844,44.08000183105469,44.650001525878906,36.29454040527344,65622
2007-06-22,45.13999938964844,45.13999938964844,43.790000915527344,44.08000183105469,35.83121109008789,103273
2007-06-25,44.75,45.18000030517578,44.27000045776367,44.70000076293945,36.335201263427734,54665
2007-06-26,44.560001373291016,45.41999816894531,44.560001373291016,45.279998779296875,36.80665969848633,120015
2007-06-27,45.95000076293945,45.95000076293945,44.369998931884766,44.5099983215332,36.18074035644531,623395
2007-06-28,45.22999954223633,45.22999954223633,44.369998931884766,44.5099983215332,36.18074035644531,298987
2007-06-29,44.650001525878906,47.15999984741211,44.31999969482422,46.47999954223633,37.7820930480957,1361606
2007-07-02,47.15999984741211,50.13999938964844,46.68000030517578,47.880001068115234,38.92012023925781,941676
2007-07-03,47.83000183105469,47.970001220703125,46.38999938964844,47.15999984741211,38.334842681884766,763286
2007-07-04,47.63999938964844,48.790000915527344,45.709999084472656,47.349998474121094,38.489288330078125,387016
2007-07-05,47.63999938964844,48.310001373291016,46.68000030517578,46.91999816894531,38.13975143432617,274718
2007-07-06,47.15999984741211,48.599998474121094,46.2400016784668,46.43000030517578,37.741451263427734,271263
2007-07-09,46.47999954223633,47.4900016784668,46.2400016784668,46.68000030517578,37.94467544555664,222192
2007-07-10,47.11000061035156,47.15999984741211,45.7599983215332,45.95000076293945,37.35126876831055,796891
2007-07-11,45.41999816894531,46.189998626708984,43.54999923706055,45.33000183105469,37.1301155090332,302303
2007-07-12,45.65999984741211,46.68000030517578,45.52000045776367,46.189998626708984,37.83454132080078,463239
2007-07-13,46.869998931884766,46.91999816894531,45.22999954223633,45.619998931884766,37.367652893066406,287738
2007-07-16,46.0,46.150001525878906,45.33000183105469,45.52000045776367,37.28575897216797,93087
2007-07-17,45.52000045776367,45.709999084472656,44.08000183105469,44.40999984741211,36.376548767089844,286165
2007-07-18,44.75,45.33000183105469,43.54999923706055,44.70000076293945,36.61408615112305,218068
2007-07-19,45.040000915527344,45.470001220703125,44.79999923706055,45.22999954223633,37.04820251464844,143579
2007-07-20,45.65999984741211,54.279998779296875,45.33000183105469,52.310001373291016,42.847476959228516,6504685
2007-07-23,57.40999984741211,60.529998779296875,52.880001068115234,53.75,44.02699661254883,8523959
2007-07-24,53.9900016784668,55.77000045776367,52.310001373291016,53.560001373291016,43.871376037597656,4258092
2007-07-25,53.029998779296875,53.16999816894531,50.810001373291016,52.63999938964844,43.1177978515625,1251994
2007-07-26,53.220001220703125,53.36000061035156,51.58000183105469,52.63999938964844,43.1177978515625,1034878
2007-07-27,51.58000183105469,53.16999816894531,48.119998931884766,51.20000076293945,41.938270568847656,1223352
2007-07-30,50.959999084472656,51.91999816894531,50.13999938964844,51.34000015258789,42.05295944213867,543878
2007-07-31,51.439998626708984,56.0099983215332,51.439998626708984,53.5099983215332,43.830413818359375,2816200
2007-08-01,53.5099983215332,53.5099983215332,50.43000030517578,50.90999984741211,41.70073318481445,522811
2007-08-02,50.279998779296875,54.09000015258789,50.279998779296875,52.59000015258789,43.076839447021484,941957
2007-08-03,53.16999816894531,58.130001068115234,52.93000030517578,56.060001373291016,45.91914367675781,2742595
2007-08-06,52.880001068115234,55.81999969482422,52.880001068115234,55.34000015258789,45.32938003540039,868963
2007-08-07,55.81999969482422,57.16999816894531,54.040000915527344,54.56999969482422,44.69865417480469,710607
2007-08-08,55.290000915527344,56.20000076293945,54.619998931884766,55.290000915527344,45.28841781616211,1090035
2007-08-09,56.25,56.779998779296875,53.27000045776367,54.040000915527344,44.26454544067383,552567
2007-08-10,51.970001220703125,53.16999816894531,50.279998779296875,52.93000030517578,43.35532760620117,1260178
2007-08-13,53.88999938964844,55.43000030517578,53.220001220703125,55.2400016784668,45.24746322631836,591461
2007-08-14,55.34000015258789,55.34000015258789,53.459999084472656,53.79999923706055,44.06794738769531,173260
2007-08-16,52.93000030517578,54.18000030517578,51.099998474121094,52.689998626708984,43.15873718261719,473778
2007-08-17,52.93000030517578,53.119998931884766,51.68000030517578,52.02000045776367,42.60995101928711,886322
2007-08-20,52.93000030517578,54.33000183105469,52.54999923706055,52.97999954223633,43.39628219604492,820292
2007-08-21,53.79999923706055,56.11000061035156,52.2599983215332,52.93000030517578,43.35532760620117,804449
2007-08-22,53.88999938964844,54.86000061035156,52.349998474121094,53.08000183105469,43.478187561035156,221926
2007-08-23,53.88999938964844,54.18000030517578,52.2599983215332,52.63999938964844,43.1177978515625,232108
2007-08-24,52.060001373291016,54.369998931884766,52.060001373291016,53.88999938964844,44.14167022705078,174098
2007-08-27,54.279998779296875,55.90999984741211,54.040000915527344,54.279998779296875,44.461124420166016,530003
2007-08-28,55.2400016784668,58.459999084472656,53.9900016784668,57.7400016784668,47.295230865478516,2419446
2007-08-29,56.779998779296875,57.40999984741211,55.81999969482422,56.68000030517578,46.426979064941406,532463
2007-08-30,57.2599983215332,61.11000061035156,56.779998779296875,59.22999954223633,48.51569747924805,1116665
2007-08-31,59.86000061035156,61.15999984741211,59.66999816894531,60.91999816894531,49.899993896484375,752614
2007-09-03,61.45000076293945,61.5,58.75,59.09000015258789,48.40102767944336,350587
2007-09-04,59.189998626708984,60.630001068115234,58.459999084472656,59.13999938964844,48.44198226928711,544874
2007-09-05,59.189998626708984,62.939998626708984,59.189998626708984,62.029998779296875,50.809200286865234,1051006
2007-09-06,61.59000015258789,63.31999969482422,60.869998931884766,62.029998779296875,50.809200286865234,649415
2007-09-07,62.939998626708984,62.939998626708984,59.279998779296875,59.66999816894531,48.8760986328125,320633
2007-09-10,61.59000015258789,61.59000015258789,58.61000061035156,58.9900016784668,48.319122314453125,334906
2007-09-11,59.66999816894531,60.630001068115234,59.22999954223633,59.380001068115234,48.638572692871094,156342
2007-09-12,60.38999938964844,60.81999969482422,58.900001525878906,59.22999954223633,48.51569747924805,205887
2007-09-13,60.439998626708984,60.439998626708984,59.22999954223633,59.380001068115234,48.638572692871094,86942
2007-09-14,60.34000015258789,60.34000015258789,58.709999084472656,59.09000015258789,48.40102767944336,148316
2007-09-17,58.709999084472656,59.66999816894531,57.939998626708984,58.41999816894531,47.852230072021484,125175
2007-09-18,58.41999816894531,60.77000045776367,58.369998931884766,59.90999984741211,49.07269287109375,503813
2007-09-19,62.029998779296875,62.54999923706055,60.150001525878906,60.68000030517578,49.70340347290039,333450
2007-09-20,57.7400016784668,61.5,57.7400016784668,59.7599983215332,48.9498176574707,97251
2007-09-21,59.66999816894531,62.650001525878906,59.189998626708984,62.029998779296875,50.809200286865234,434073
2007-09-24,62.459999084472656,62.54999923706055,60.529998779296875,60.869998931884766,49.85904312133789,203008
2007-09-25,61.59000015258789,64.37999725341797,60.150001525878906,61.83000183105469,50.6453857421875,617970
2007-09-26,62.54999923706055,63.040000915527344,60.630001068115234,60.869998931884766,49.85904312133789,221428
2007-09-27,61.97999954223633,61.97999954223633,59.90999984741211,60.2400016784668,49.34299850463867,164973
2007-09-28,61.29999923706055,61.29999923706055,60.20000076293945,60.72999954223633,49.74435806274414,145004
2007-10-01,61.11000061035156,63.040000915527344,59.720001220703125,62.5099983215332,51.20237731933594,438818
2007-10-03,62.54999923706055,64.43000030517578,62.06999969482422,63.56999969482422,52.07062530517578,1555349
2007-10-04,63.040000915527344,64.95999908447266,63.040000915527344,64.05000305175781,52.46380615234375,285933
2007-10-05,64.91000366210938,67.61000061035156,63.61000061035156,64.33999633789062,52.70133972167969,499863
2007-10-08,60.630001068115234,64.58000183105469,59.66999816894531,61.689998626708984,50.530704498291016,670991
2007-10-09,61.63999938964844,65.1500015258789,59.279998779296875,63.65999984741211,52.144351959228516,553155
2007-10-10,64.95999908447266,65.68000030517578,61.5,61.779998779296875,50.60442352294922,440202
2007-10-11,60.529998779296875,67.16999816894531,60.529998779296875,66.55000305175781,54.51156234741211,580677
2007-10-12,66.12000274658203,72.12999725341797,63.61000061035156,64.91000366210938,53.16822814941406,2729024
2007-10-15,67.12999725341797,67.2699966430664,61.83000183105469,62.88999938964844,51.513633728027344,703618
2007-10-16,63.61000061035156,64.37999725341797,60.869998931884766,61.59000015258789,50.448795318603516,812872
2007-10-17,60.630001068115234,61.29999923706055,51.0099983215332,60.72999954223633,49.74435806274414,418506
2007-10-18,61.540000915527344,66.16000366210938,60.20000076293945,62.220001220703125,50.964839935302734,775247
2007-10-19,60.81999969482422,64.4800033569336,58.220001220703125,59.47999954223633,48.72047424316406,250654
2007-10-22,58.08000183105469,59.619998931884766,56.779998779296875,58.27000045776367,47.7293586730957,378291
2007-10-23,59.619998931884766,61.45000076293945,59.56999969482422,60.91999816894531,49.899993896484375,151448
2007-10-24,62.029998779296875,63.52000045776367,59.86000061035156,61.15999984741211,50.09657287597656,248667
2007-10-25,62.54999923706055,65.91999816894531,60.72999954223633,61.5,50.37507247924805,542859
2007-10-26,62.029998779296875,63.31999969482422,61.15999984741211,61.540000915527344,50.40782928466797,304874
2007-10-29,62.54999923706055,62.79999923706055,61.5,61.880001068115234,50.68632888793945,235115
2007-10-30,62.5099983215332,66.88999938964844,61.29999923706055,65.30000305175781,53.4876823425293,998626
2007-10-31,65.44000244140625,75.4000015258789,65.05999755859375,72.76000213623047,59.59821701049805,1689803
2007-11-01,73.23999786376953,75.44999694824219,67.37000274658203,70.11000061035156,57.42758560180664,591770
2007-11-02,65.3499984741211,73.13999938964844,62.5099983215332,70.77999877929688,57.97638702392578,447618
2007-11-05,71.5,73.13999938964844,65.58999633789062,67.16999816894531,55.019412994384766,316060
2007-11-06,68.70999908447266,69.97000122070312,63.52000045776367,63.900001525878906,52.3409309387207,417541
2007-11-07,66.12000274658203,66.12000274658203,60.970001220703125,62.79999923706055,51.439910888671875,543310
2007-11-08,61.689998626708984,64.4800033569336,61.209999084472656,63.52000045776367,52.0296745300293,166083
2007-11-12,63.95000076293945,65.44000244140625,62.06999969482422,64.81999969482422,53.094505310058594,126101
2007-11-13,65.44000244140625,68.76000213623047,65.44000244140625,67.66000366210938,55.4207763671875,578623
2007-11-14,69.29000091552734,71.55000305175781,68.37999725341797,69.38999938964844,56.83782196044922,349862
2007-11-15,71.69999694824219,72.18000030517578,69.29000091552734,71.6500015258789,58.68900680541992,398269
2007-11-16,72.08000183105469,74.54000091552734,70.25,70.87999725341797,58.05829620361328,656247
2007-11-19,73.91000366210938,85.06999969482422,73.13999938964844,79.83000183105469,65.38932037353516,1218210
2007-11-20,79.87999725341797,81.22000122070312,73.37999725341797,74.77999877929688,61.25282287597656,550699
2007-11-21,75.93000030517578,76.94000244140625,68.56999969482422,69.23999786376953,56.71493911743164,587798
2007-11-22,68.33000183105469,70.25,65.97000122070312,69.33999633789062,56.79685974121094,270131
2007-11-23,71.12000274658203,72.18000030517578,68.70999908447266,69.33999633789062,56.79685974121094,172203
2007-11-26,71.41000366210938,72.61000061035156,69.7699966430664,70.20999908447266,57.509490966796875,769652
2007-11-27,70.7300033569336,70.7300033569336,68.33000183105469,70.05999755859375,57.38663864135742,136355
2007-11-28,69.68000030517578,71.69999694824219,66.88999938964844,67.12999725341797,54.98664474487305,297028
2007-11-29,69.97000122070312,69.97000122070312,67.9000015258789,68.33000183105469,55.96958541870117,140557
2007-11-30,70.25,70.25,65.44000244140625,68.70999908447266,56.28083038330078,918018
2007-12-03,70.05999755859375,72.08000183105469,67.45999908447266,68.2300033569336,55.88766860961914,749018
2007-12-04,70.20999908447266,72.47000122070312,69.38999938964844,70.83000183105469,58.01734161376953,595042
2007-12-05,69.7699966430664,72.66000366210938,69.7699966430664,71.6500015258789,58.68900680541992,440970
2007-12-06,72.37000274658203,75.0199966430664,67.37000274658203,68.47000122070312,56.08425521850586,1513066
2007-12-07,70.25,71.22000122070312,69.29000091552734,70.11000061035156,57.42758560180664,342256
2007-12-10,72.0,74.0,72.0,72.80000305175781,59.63098907470703,330567
2007-12-11,74.44999694824219,74.69999694824219,73.0,74.30000305175781,60.85966110229492,382103
2007-12-12,73.9000015258789,75.6500015258789,72.5,74.9000015258789,61.35110092163086,437802
2007-12-13,74.4000015258789,75.9000015258789,73.1500015258789,73.55000305175781,60.24531173706055,771790
2007-12-14,73.94999694824219,75.5,73.0,74.25,60.818687438964844,280138
2007-12-17,73.80000305175781,75.0,70.55000305175781,74.1500015258789,60.736778259277344,376085
2007-12-18,73.5,75.5,72.0,73.0,59.79480743408203,470044
2007-12-19,73.0999984741211,74.4000015258789,71.25,71.80000305175781,58.81187438964844,288850
2007-12-20,73.0,74.9000015258789,71.5,73.6500015258789,60.32723617553711,492495
2007-12-24,74.0,74.5,72.05000305175781,73.8499984741211,60.491031646728516,214089
2007-12-26,74.0,80.80000305175781,73.0,77.69999694824219,63.64459991455078,1147405
2007-12-27,80.0,81.0,75.0999984741211,75.69999694824219,62.006378173828125,841325
2007-12-28,76.44999694824219,76.6500015258789,74.05000305175781,75.80000305175781,62.08828353881836,460796
2007-12-31,77.0,77.0,75.0,75.19999694824219,61.59682846069336,368661
2008-01-01,75.69999694824219,79.94999694824219,75.0,78.0999984741211,63.97224807739258,692629
2008-01-02,80.5,85.0,77.5999984741211,78.30000305175781,64.13607788085938,1169890
2008-01-03,78.3499984741211,83.5,75.05000305175781,80.5,65.9381103515625,1276346
2008-01-04,81.0,83.0,79.0999984741211,79.9000015258789,65.44666290283203,812227
2008-01-07,80.0,82.19999694824219,76.0999984741211,77.05000305175781,63.11219024658203,1030784
2008-01-08,77.94999694824219,78.75,73.0,74.80000305175781,61.26919937133789,604557
2008-01-09,75.9000015258789,76.30000305175781,72.5999984741211,75.44999694824219,61.80161666870117,467739
2008-01-10,76.44999694824219,78.0,74.75,75.30000305175781,61.67874526977539,524820
2008-01-11,76.30000305175781,82.25,75.05000305175781,80.4000015258789,65.85619354248047,2650651
2008-01-14,81.0,90.80000305175781,81.0,86.5,70.85274505615234,10675290
2008-01-15,87.0,87.6500015258789,81.0999984741211,82.44999694824219,67.53535461425781,3583266
2008-01-16,81.80000305175781,86.44999694824219,77.0,82.55000305175781,67.61727142333984,3091083
2008-01-17,83.6500015258789,84.6500015258789,81.19999694824219,82.80000305175781,67.8220443725586,1751372
2008-01-18,82.75,82.75,77.0,77.75,63.68558120727539,806631
2008-01-21,77.5,79.0,73.0,74.69999694824219,61.18727111816406,890564
2008-01-22,65.0,77.0,59.79999923706055,74.75,61.228240966796875,723425
2008-01-23,76.0,83.5,67.9000015258789,75.75,62.04735565185547,1031538
2008-01-24,76.6500015258789,79.9000015258789,71.5,73.9000015258789,60.532005310058594,1262230
2008-01-25,75.0,84.0,75.0,80.75,66.14289855957031,1865805
2008-01-28,80.0,81.94999694824219,74.1500015258789,80.44999694824219,65.89714050292969,720495
2008-01-29,81.0,82.5,79.25,80.5999984741211,66.02001953125,262201
2008-01-30,81.44999694824219,83.80000305175781,74.0,76.3499984741211,62.538814544677734,2509944
2008-01-31,75.69999694824219,87.69999694824219,72.19999694824219,83.3499984741211,68.2725601196289,1671854
2008-02-01,71.1500015258789,84.80000305175781,71.1500015258789,80.5999984741211,66.02001953125,837021
2008-02-04,81.9000015258789,84.19999694824219,79.69999694824219,80.8499984741211,66.22480010986328,649142
2008-02-05,80.75,81.75,79.0999984741211,80.44999694824219,65.89714050292969,299835
2008-02-06,77.0999984741211,81.25,75.0,79.75,65.32377624511719,299983
2008-02-07,80.0,81.0,76.0999984741211,76.9000015258789,62.98933410644531,440209
2008-02-08,78.0,79.4000015258789,75.1500015258789,76.25,62.4568977355957,421466
2008-02-11,76.05000305175781,76.4000015258789,71.5,74.30000305175781,60.85966110229492,300481
2008-02-12,74.75,75.5,72.0999984741211,72.80000305175781,59.63098907470703,731738
2008-02-13,73.5,75.0,73.0,74.55000305175781,61.06442642211914,176560
2008-02-14,75.4000015258789,77.0,75.0,75.94999694824219,62.21116256713867,196780
2008-02-15,74.0,77.4000015258789,74.0,76.0,62.25212478637695,2316874
2008-02-18,76.5,80.69999694824219,75.19999694824219,78.94999694824219,64.66849517822266,312429
2008-02-19,79.9000015258789,80.94999694824219,78.0,78.55000305175781,64.34083557128906,1118541
2008-02-20,78.5,79.19999694824219,76.19999694824219,76.9000015258789,62.98933410644531,1432559
2008-02-21,78.0,78.8499984741211,76.80000305175781,78.25,64.09513092041016,162893
2008-02-22,77.0,79.30000305175781,76.05000305175781,76.94999694824219,63.030277252197266,214356
2008-02-25,77.0,77.0999984741211,74.05000305175781,76.5999984741211,62.74358367919922,141717
2008-02-26,81.0,81.0,75.19999694824219,77.5,63.48076629638672,179738
2008-02-27,77.80000305175781,78.3499984741211,75.5999984741211,76.25,62.4568977355957,135810
2008-02-28,76.5,76.69999694824219,75.0999984741211,75.5,61.84257888793945,77484
2008-02-29,75.0,77.5,74.5,75.30000305175781,61.67874526977539,86891
2008-03-03,74.25,74.94999694824219,72.0999984741211,72.80000305175781,59.63098907470703,249282
2008-03-04,74.0,74.0,72.05000305175781,72.94999694824219,59.75381851196289,1046105
2008-03-05,73.0,73.0,71.0,71.1500015258789,58.27947235107422,106781
2008-03-07,70.9000015258789,70.9000015258789,64.0,67.55000305175781,55.33066940307617,1013255
2008-03-10,67.75,70.94999694824219,62.150001525878906,70.0999984741211,57.419403076171875,740822
2008-03-11,70.0,71.44999694824219,68.5999984741211,70.0999984741211,57.419403076171875,1127987
2008-03-12,71.44999694824219,73.4000015258789,66.5,67.3499984741211,55.166847229003906,572304
2008-03-13,68.0,72.69999694824219,66.55000305175781,68.19999694824219,55.86308288574219,652261
2008-03-14,68.19999694824219,69.94999694824219,67.5,68.05000305175781,55.74021911621094,222827
2008-03-17,68.0,68.0,58.0,60.650001525878906,49.678836822509766,412937
2008-03-18,61.0,61.95000076293945,51.650001525878906,57.45000076293945,47.05768966674805,1316869
2008-03-19,59.0,65.75,58.5,64.1500015258789,52.545711517333984,1337649
2008-03-24,64.5,65.80000305175781,62.0,63.79999923706055,52.259010314941406,471737
2008-03-25,65.75,68.5999984741211,64.0,68.1500015258789,55.8221549987793,579696
2008-03-26,67.0,69.25,67.0,68.05000305175781,55.74021911621094,177600
2008-03-27,68.0,69.80000305175781,63.75,64.75,53.037174224853516,404068
2008-03-28,65.75,69.9000015258789,64.75,67.6500015258789,55.41259002685547,1136325
2008-03-31,67.0,68.25,65.5,67.6500015258789,55.41259002685547,184898
2008-04-01,68.0,69.0,66.30000305175781,68.4000015258789,56.02690505981445,112846
2008-04-02,70.9000015258789,71.9000015258789,68.19999694824219,69.0999984741211,56.600276947021484,383200
2008-04-03,69.0,70.0,66.55000305175781,67.30000305175781,55.12590026855469,98670
2008-04-04,67.0,68.5,65.0,65.30000305175781,53.4876823425293,1428589
2008-04-07,66.44999694824219,68.94999694824219,65.3499984741211,68.0999984741211,55.781185150146484,181708
2008-04-08,68.0999984741211,72.0,67.0999984741211,69.75,57.132694244384766,201129
2008-04-09,68.0999984741211,71.5999984741211,68.0,70.25,57.542266845703125,133207
2008-04-10,68.0999984741211,71.44999694824219,67.0,68.4000015258789,56.02690505981445,260440
2008-04-11,68.9000015258789,71.9000015258789,68.9000015258789,71.0999984741211,58.238494873046875,223803
2008-04-15,71.0,73.9000015258789,71.0,72.44999694824219,59.34429168701172,184303
2008-04-16,72.0,73.94999694824219,72.0,72.8499984741211,59.67192840576172,106997
2008-04-17,74.0,74.0,73.0,73.3499984741211,60.08147048950195,233088
2008-04-21,73.94999694824219,79.5,73.94999694824219,75.6500015258789,61.965450286865234,1252593
2008-04-22,76.4000015258789,78.0,75.0999984741211,76.1500015258789,62.37498474121094,712317
2008-04-23,78.0,82.0999984741211,72.30000305175781,73.75,60.40912628173828,1703440
2008-04-24,74.8499984741211,76.9000015258789,71.3499984741211,72.44999694824219,59.34429168701172,1043857
2008-04-25,73.94999694824219,75.8499984741211,72.5,73.25,59.99958801269531,837313
2008-04-28,73.94999694824219,75.0999984741211,73.80000305175781,74.3499984741211,60.9006233215332,321482
2008-04-29,75.4000015258789,75.4000015258789,73.05000305175781,73.44999694824219,60.163414001464844,205220
2008-04-30,74.25,75.4000015258789,72.5,73.30000305175781,60.040531158447266,334302
2008-05-02,76.0,76.0,73.30000305175781,73.6500015258789,60.32723617553711,1290877
2008-05-05,74.0,74.5,73.0,73.30000305175781,60.040531158447266,180956
2008-05-06,73.69999694824219,74.5,72.8499984741211,73.80000305175781,60.450077056884766,1294235
2008-05-07,74.0,74.19999694824219,72.5,72.5999984741211,59.4671630859375,153259
2008-05-08,74.0,74.0,71.80000305175781,72.5999984741211,59.4671630859375,877032
2008-05-09,72.05000305175781,73.0999984741211,71.75,72.4000015258789,59.303340911865234,218895
2008-05-12,72.0,73.9000015258789,70.55000305175781,73.19999694824219,59.9586181640625,174200
2008-05-13,73.5,75.9000015258789,73.5,75.19999694824219,61.59682846069336,391658
2008-05-14,74.55000305175781,75.9000015258789,74.0,75.19999694824219,61.59682846069336,142003
2008-05-15,75.0,75.9000015258789,74.05000305175781,74.94999694824219,61.392086029052734,130402
2008-05-16,75.94999694824219,76.0,74.30000305175781,75.6500015258789,61.965450286865234,176927
2008-05-20,75.75,80.69999694824219,74.6500015258789,80.0,65.528564453125,758584
2008-05-21,79.05000305175781,79.5,77.4000015258789,77.6500015258789,63.60367202758789,210947
2008-05-22,77.0,79.75,76.0999984741211,76.8499984741211,62.948368072509766,179547
2008-05-23,76.55000305175781,78.19999694824219,75.0,75.44999694824219,61.80161666870117,111892
2008-05-26,75.0,75.9000015258789,73.1500015258789,74.69999694824219,61.18727111816406,871170
2008-05-27,76.0,76.0,74.1500015258789,74.44999694824219,60.98250961303711,121335
2008-05-28,75.30000305175781,75.3499984741211,72.55000305175781,73.80000305175781,60.450077056884766,157650
2008-05-29,74.4000015258789,74.5,73.19999694824219,73.6500015258789,60.32723617553711,91218
2008-05-30,74.0,75.44999694824219,73.4000015258789,74.69999694824219,61.18727111816406,878845
2008-06-02,75.0,75.8499984741211,71.6500015258789,73.19999694824219,59.9586181640625,1011301
2008-06-03,72.5999984741211,74.55000305175781,71.19999694824219,73.69999694824219,60.368167877197266,232017
2008-06-04,73.5,76.44999694824219,72.5999984741211,75.3499984741211,61.719703674316406,366503
2008-06-05,74.0,75.0,72.5,72.9000015258789,59.712886810302734,125481
2008-06-06,73.5,74.69999694824219,73.0,73.75,60.40912628173828,88166
2008-06-09,73.5999984741211,74.19999694824219,70.0,73.30000305175781,60.040531158447266,135999
2008-06-10,74.44999694824219,74.44999694824219,71.5,72.19999694824219,59.1395263671875,81476
2008-06-11,72.94999694824219,73.69999694824219,72.0,72.3499984741211,59.26237487792969,83766
2008-06-12,71.5,73.30000305175781,70.6500015258789,72.5,59.38525390625,124545
2008-06-13,72.9000015258789,74.5999984741211,72.0999984741211,74.0999984741211,60.695838928222656,181251
2008-06-16,74.5,75.5,74.25,75.1500015258789,61.5558967590332,71098
2008-06-17,75.9000015258789,76.0,74.0999984741211,74.5,61.02347946166992,292710
2008-06-18,74.5,74.55000305175781,70.0,71.0,58.15658187866211,793261
2008-06-19,71.69999694824219,73.80000305175781,71.0,73.25,59.99958801269531,421424
2008-06-20,73.80000305175781,73.9000015258789,71.0,71.3499984741211,58.44327163696289,97134
2008-06-23,73.80000305175781,73.80000305175781,69.25,70.8499984741211,58.03372573852539,508847
2008-06-24,71.0,71.3499984741211,66.0999984741211,67.5,55.28971862792969,246150
2008-06-25,66.0999984741211,70.0999984741211,65.0,69.80000305175781,57.17366027832031,145862
2008-06-26,70.0,71.0,66.0999984741211,66.9000015258789,54.79825210571289,97377
2008-06-27,66.5,66.5,62.29999923706055,62.900001525878906,51.52183151245117,152565
2008-06-30,63.900001525878906,66.0,62.5,64.80000305175781,53.07814025878906,393620
2008-07-01,65.5,65.5,62.70000076293945,63.45000076293945,51.97233200073242,500811
2008-07-02,63.45000076293945,68.4000015258789,59.20000076293945,64.6500015258789,52.95526885986328,630655
2008-07-03,65.05000305175781,67.9000015258789,61.20000076293945,62.29999923706055,51.03034973144531,146564
2008-07-04,62.0,65.0,61.54999923706055,64.75,53.037174224853516,135548
2008-07-07,64.5,70.5999984741211,64.5,67.0,54.88015365600586,384873
2008-07-08,67.44999694824219,67.44999694824219,63.20000076293945,63.75,52.218074798583984,107957
2008-07-09,64.94999694824219,71.0,64.9000015258789,65.3499984741211,53.52862548828125,316527
2008-07-10,64.94999694824219,66.44999694824219,64.94999694824219,65.25,53.446739196777344,86093
2008-07-11,65.44999694824219,66.44999694824219,62.04999923706055,62.45000076293945,51.153228759765625,125365
2008-07-14,62.650001525878906,62.79999923706055,61.349998474121094,62.5,51.194183349609375,84757
2008-07-15,62.25,62.25,60.0,60.349998474121094,49.43310546875,63017
2008-07-16,61.349998474121094,61.45000076293945,59.29999923706055,60.45000076293945,49.84539794921875,112092
2008-07-17,61.349998474121094,65.75,61.0,64.55000305175781,53.226139068603516,569875
2008-07-18,65.0,66.25,64.0,65.1500015258789,53.72088623046875,322488
2008-07-21,65.1500015258789,65.94999694824219,62.54999923706055,63.70000076293945,52.52524185180664,92609
2008-07-22,64.19999694824219,66.05000305175781,64.0,65.5,54.00947189331055,138305
2008-07-23,66.94999694824219,73.8499984741211,66.5999984741211,69.55000305175781,57.34900665283203,1106540
2008-07-24,70.4000015258789,71.75,67.5999984741211,68.6500015258789,56.606876373291016,238637
2008-07-25,67.9000015258789,69.0,66.75,67.6500015258789,55.782318115234375,169924
2008-07-28,68.44999694824219,70.25,68.44999694824219,70.0999984741211,57.80250549316406,375887
2008-07-29,69.0,69.8499984741211,66.6500015258789,67.5,55.65862274169922,233468
2008-07-30,68.5,69.0,66.94999694824219,68.25,56.27705383300781,145532
2008-07-31,69.5,69.75,68.0,68.44999694824219,56.441959381103516,221176
2008-08-01,68.0,69.5,67.0,69.19999694824219,57.060386657714844,130426
2008-08-04,69.05000305175781,70.19999694824219,69.0,69.44999694824219,57.26652908325195,64030
2008-08-05,69.94999694824219,72.55000305175781,69.44999694824219,72.0,59.369205474853516,184666
2008-08-06,72.94999694824219,74.0,72.25,72.55000305175781,59.822715759277344,205158
2008-08-07,72.94999694824219,73.94999694824219,71.30000305175781,71.8499984741211,59.24551773071289,107056
2008-08-08,71.5,72.44999694824219,70.80000305175781,72.1500015258789,59.492889404296875,243048
2008-08-11,72.9000015258789,73.5,71.94999694824219,72.1500015258789,59.492889404296875,64303
2008-08-12,72.05000305175781,73.5,71.0,72.0999984741211,59.4516487121582,75200
2008-08-13,71.80000305175781,72.75,71.05000305175781,72.0999984741211,59.4516487121582,43001
2008-08-14,72.0,77.0,71.1500015258789,72.0,59.369205474853516,536819
2008-08-18,72.0,72.1500015258789,70.30000305175781,71.44999694824219,58.9156608581543,298283
2008-08-19,72.44999694824219,72.44999694824219,70.0,70.9000015258789,58.46216583251953,58083
2008-08-20,70.19999694824219,71.5,68.69999694824219,70.9000015258789,58.46216583251953,136936
2008-08-21,70.9000015258789,71.30000305175781,66.8499984741211,67.69999694824219,55.82353973388672,134713
2008-08-22,68.5,71.5,68.0,70.9000015258789,58.46216583251953,100529
2008-08-25,69.94999694824219,71.9000015258789,68.5,69.1500015258789,57.019168853759766,690772
2008-08-26,69.30000305175781,70.4000015258789,68.30000305175781,70.0,57.72004318237305,568901
2008-08-27,69.30000305175781,71.9000015258789,69.0,69.1500015258789,57.019168853759766,65388
2008-08-28,70.0999984741211,72.0,69.0,69.44999694824219,57.26652908325195,285624
2008-08-29,70.0,70.80000305175781,69.1500015258789,69.94999694824219,57.67882537841797,252273
2008-09-01,69.0999984741211,70.80000305175781,69.0,70.30000305175781,57.9674186706543,52713
2008-09-02,70.80000305175781,71.80000305175781,69.0999984741211,69.75,57.513916015625,156700
2008-09-04,69.9000015258789,70.19999694824219,68.80000305175781,69.19999694824219,57.060386657714844,1281762
2008-09-05,68.80000305175781,69.5,68.30000305175781,68.75,56.689334869384766,78597
2008-09-08,69.9000015258789,70.0999984741211,68.1500015258789,68.44999694824219,56.441959381103516,138776
2008-09-09,69.3499984741211,69.3499984741211,67.0999984741211,67.5999984741211,55.74107360839844,136848
2008-09-10,67.25,68.8499984741211,66.55000305175781,67.0,55.2463264465332,89935
2008-09-11,66.94999694824219,67.5999984741211,66.3499984741211,66.5999984741211,54.916500091552734,242011
2008-09-12,68.0,68.0,65.55000305175781,66.69999694824219,54.998958587646484,404372
2008-09-15,65.25,65.25,63.20000076293945,64.69999694824219,53.349815368652344,622078
2008-09-16,58.0,65.4000015258789,58.0,63.79999923706055,52.60770797729492,362466
2008-09-17,63.79999923706055,64.9000015258789,62.900001525878906,64.1500015258789,52.896297454833984,164204
2008-09-18,63.0,65.19999694824219,60.20000076293945,63.349998474121094,52.23665237426758,232149
2008-09-19,64.5,65.0,61.900001525878906,63.650001525878906,52.48401641845703,720466
2008-09-22,64.05000305175781,64.9000015258789,62.25,62.95000076293945,51.90681457519531,475540
2008-09-23,62.0,62.5,60.20000076293945,61.04999923706055,50.340126037597656,439374
2008-09-24,60.150001525878906,63.04999923706055,60.099998474121094,62.25,51.32960891723633,361171
2008-09-25,62.349998474121094,64.0,61.45000076293945,63.79999923706055,52.60770797729492,2912897
2008-09-26,64.44999694824219,65.0,61.150001525878906,61.599998474121094,50.79365158081055,81000
2008-09-29,61.95000076293945,61.95000076293945,60.0,61.349998474121094,50.587501525878906,65440
2008-09-30,60.0,62.0,58.75,60.0,49.474334716796875,270123
2008-10-01,60.400001525878906,64.5,58.5,63.70000076293945,52.52524185180664,323619
2008-10-03,62.0,64.8499984741211,61.25,63.25,52.15419387817383,184573
2008-10-06,62.099998474121094,63.79999923706055,60.099998474121094,62.150001525878906,51.24717330932617,206491
2008-10-07,62.900001525878906,64.69999694824219,61.150001525878906,63.79999923706055,52.60770797729492,292474
2008-10-08,62.45000076293945,62.45000076293945,54.099998474121094,57.599998474121094,47.49534606933594,1306870
2008-10-10,52.5,56.95000076293945,47.70000076293945,56.150001525878906,46.299720764160156,113208
2008-10-13,56.099998474121094,58.29999923706055,55.099998474121094,56.0,46.17604064941406,122716
2008-10-14,58.70000076293945,64.80000305175781,57.099998474121094,60.650001525878906,50.01030349731445,306331
2008-10-15,59.0,59.849998474121094,57.599998474121094,59.20000076293945,48.814666748046875,72075
2008-10-16,58.0,58.0,52.650001525878906,54.349998474121094,44.81549072265625,770048
2008-10-17,56.70000076293945,56.70000076293945,53.5,53.95000076293945,44.48567199707031,82337
2008-10-20,53.5,55.70000076293945,50.29999923706055,50.79999923706055,41.88825988769531,120889
2008-10-21,51.900001525878906,54.5,51.400001525878906,54.099998474121094,44.60935974121094,124210
2008-10-22,51.5,53.5,50.150001525878906,50.5,41.640899658203125,104264
2008-10-23,50.0,54.20000076293945,47.400001525878906,53.5,44.11460494995117,478366
2008-10-24,52.0,52.900001525878906,48.0,50.25,41.434749603271484,171437
2008-10-27,48.70000076293945,50.75,46.5,48.0,39.57946014404297,185134
2008-10-29,52.0,54.0,48.0,48.5,39.99174499511719,246047
2008-10-31,49.70000076293945,51.5,48.650001525878906,49.349998474121094,40.692626953125,130520
2008-11-03,50.400001525878906,51.599998474121094,47.25,47.95000076293945,39.538238525390625,454130
2008-11-04,48.95000076293945,49.900001525878906,47.099998474121094,48.099998474121094,39.661922454833984,385396
2008-11-05,51.0,51.0,47.20000076293945,48.650001525878906,40.115440368652344,337091
2008-11-06,47.0,48.0,46.650001525878906,47.650001525878906,39.29086685180664,1149423
2008-11-07,47.25,50.54999923706055,46.70000076293945,49.95000076293945,41.187381744384766,105811
2008-11-10,49.20000076293945,51.25,49.20000076293945,50.70000076293945,41.805809020996094,82214
2008-11-11,50.70000076293945,50.70000076293945,49.20000076293945,49.95000076293945,41.187381744384766,50818
2008-11-12,50.25,50.29999923706055,47.650001525878906,48.04999923706055,39.62069320678711,57976
2008-11-14,48.25,48.25,45.099998474121094,45.900001525878906,37.847862243652344,96567
2008-11-17,46.349998474121094,47.0,42.849998474121094,44.150001525878906,36.40485763549805,106104
2008-11-18,43.0,45.400001525878906,42.79999923706055,44.650001525878906,36.81714630126953,155902
2008-11-19,44.900001525878906,45.0,42.79999923706055,43.599998474121094,35.95133972167969,48914
2008-11-20,43.599998474121094,43.599998474121094,40.04999923706055,42.849998474121094,35.33291244506836,75048
2008-11-21,42.900001525878906,44.25,40.0,43.150001525878906,35.580291748046875,133478
2008-11-24,43.5,44.20000076293945,41.0,43.29999923706055,35.70396423339844,70428
2008-11-25,44.79999923706055,44.79999923706055,40.599998474121094,41.25,34.01359176635742,94229
2008-11-26,41.5,42.25,38.04999923706055,38.900001525878906,32.07585525512695,111465
2008-11-27,38.900001525878906,38.900001525878906,38.900001525878906,38.900001525878906,32.07585525512695,0
2008-11-28,39.0,41.95000076293945,37.20000076293945,39.349998474121094,32.4469108581543,287440
2008-12-01,39.45000076293945,39.900001525878906,38.0,38.75,31.95216941833496,2698835
2008-12-02,38.95000076293945,39.70000076293945,37.25,38.20000076293945,31.498659133911133,114702
2008-12-03,38.900001525878906,39.79999923706055,37.599998474121094,38.0,31.333736419677734,74800
2008-12-04,38.20000076293945,41.0,37.95000076293945,39.79999923706055,32.81797409057617,280312
2008-12-05,39.400001525878906,39.849998474121094,38.5,38.849998474121094,32.03462600708008,47992
2008-12-08,39.599998474121094,39.95000076293945,39.0,39.20000076293945,32.3232307434082,42102
2008-12-10,39.849998474121094,40.95000076293945,38.650001525878906,40.349998474121094,33.27149200439453,967938
2008-12-11,41.0,44.20000076293945,39.04999923706055,43.70000076293945,36.033809661865234,1664786
2008-12-12,42.900001525878906,45.70000076293945,41.400001525878906,45.099998474121094,37.188201904296875,142106
2008-12-15,46.54999923706055,47.0,45.599998474121094,46.150001525878906,38.054012298583984,1126243
2008-12-16,46.900001525878906,47.400001525878906,45.849998474121094,46.349998474121094,38.21891403198242,556299
2008-12-17,47.0,47.95000076293945,45.0,46.45000076293945,38.301368713378906,1189901
2008-12-18,45.95000076293945,47.20000076293945,45.5,46.70000076293945,38.50752639770508,127804
2008-12-19,46.29999923706055,51.45000076293945,45.25,47.95000076293945,39.538238525390625,204643
2008-12-22,48.599998474121094,49.5,46.5,46.70000076293945,38.50752639770508,99387
2008-12-23,46.0,47.95000076293945,44.04999923706055,46.04999923706055,37.97153854370117,135602
2008-12-24,46.5,47.900001525878906,45.04999923706055,46.70000076293945,38.50752639770508,96108
2008-12-26,46.599998474121094,47.900001525878906,45.75,46.25,38.1364631652832,68429
2008-12-29,45.5,48.45000076293945,44.45000076293945,47.79999923706055,39.41454315185547,133384
2008-12-30,48.0,49.20000076293945,47.29999923706055,47.75,39.37331771850586,76388
2008-12-31,48.04999923706055,49.0,47.75,48.04999923706055,39.62069320678711,181513
2009-01-02,50.95000076293945,51.599998474121094,49.099998474121094,49.5,40.81631851196289,400841
2009-01-05,48.849998474121094,50.900001525878906,48.849998474121094,49.25,40.61017608642578,102933
2009-01-06,49.900001525878906,49.95000076293945,47.5,48.099998474121094,39.661922454833984,278591
2009-01-07,48.70000076293945,49.5,43.79999923706055,46.150001525878906,38.054012298583984,536666
2009-01-09,45.20000076293945,46.150001525878906,42.5,45.20000076293945,37.27066421508789,296407
2009-01-12,45.25,47.099998474121094,43.5,44.650001525878906,36.81714630126953,301719
2009-01-13,44.5,45.900001525878906,41.75,42.20000076293945,34.79695129394531,164337
2009-01-14,43.0,43.900001525878906,42.900001525878906,43.650001525878906,35.99257278442383,49976
2009-01-15,43.0,46.0,42.04999923706055,42.900001525878906,35.374149322509766,199951
2009-01-16,44.29999923706055,44.45000076293945,42.099998474121094,42.5,35.04431915283203,69136
2009-01-19,43.45000076293945,44.20000076293945,43.150001525878906,44.0,36.28117752075195,171646
2009-01-20,44.0,44.0,41.20000076293945,41.650001525878906,34.34342956542969,574891
2009-01-21,41.5,44.29999923706055,40.75,42.0,34.63203430175781,435714
2009-01-22,43.0,43.45000076293945,41.5,42.0,34.63203430175781,261861
2009-01-23,41.54999923706055,43.75,41.150001525878906,42.70000076293945,35.54777908325195,155936
2009-01-27,43.099998474121094,43.849998474121094,42.04999923706055,42.400001525878906,35.298030853271484,67880
2009-01-28,43.900001525878906,43.900001525878906,42.099998474121094,42.5,35.381282806396484,94044
2009-01-29,44.599998474121094,44.599998474121094,39.29999923706055,40.400001525878906,33.633033752441406,438859
2009-01-30,40.5,41.900001525878906,39.900001525878906,40.45000076293945,33.674659729003906,454179
2009-02-02,40.79999923706055,41.79999923706055,39.20000076293945,39.849998474121094,33.17515182495117,54619
2009-02-03,39.29999923706055,43.5,39.29999923706055,41.5,34.54877853393555,221905
2009-02-04,42.400001525878906,42.5,40.150001525878906,40.650001525878906,33.84115982055664,2710910
2009-02-05,40.650001525878906,41.5,39.54999923706055,39.79999923706055,33.13352966308594,896012
2009-02-06,40.79999923706055,40.79999923706055,39.29999923706055,39.75,33.0919075012207,1237510
2009-02-09,40.0,40.79999923706055,40.0,40.29999923706055,33.54977798461914,90976
2009-02-10,40.5,42.29999923706055,40.29999923706055,40.900001525878906,34.04928970336914,499426
2009-02-11,40.5,41.45000076293945,40.04999923706055,41.04999923706055,34.174156188964844,175179
2009-02-12,41.75,41.75,40.5,40.95000076293945,34.090904235839844,106910
2009-02-13,40.79999923706055,42.400001525878906,40.79999923706055,42.04999923706055,35.006649017333984,187534
2009-02-16,42.400001525878906,42.900001525878906,40.5,40.95000076293945,34.090904235839844,258700
2009-02-17,41.0,41.75,40.20000076293945,41.54999923706055,34.59040451049805,759952
2009-02-18,41.900001525878906,41.900001525878906,40.79999923706055,41.5,34.54877853393555,111012
2009-02-19,41.5,41.75,40.5,41.5,34.54877853393555,216110
2009-02-20,41.400001525878906,41.400001525878906,40.650001525878906,41.04999923706055,34.174156188964844,48077
2009-02-24,41.0,41.099998474121094,39.95000076293945,40.25,33.50815200805664,80467
2009-02-25,40.900001525878906,41.099998474121094,40.099998474121094,40.45000076293945,33.674659729003906,46943
2009-02-26,40.150001525878906,40.5,39.599998474121094,40.0,33.30003356933594,78484
2009-02-27,40.400001525878906,40.900001525878906,39.45000076293945,40.400001525878906,33.633033752441406,54631
2009-03-02,39.599998474121094,41.900001525878906,38.0,38.20000076293945,31.801530838012695,80028
2009-03-03,38.0,39.0,37.0,37.45000076293945,31.177154541015625,432792
2009-03-04,38.0,38.0,36.400001525878906,36.75,30.59440040588379,192816
2009-03-05,36.54999923706055,37.79999923706055,34.79999923706055,35.25,29.34564971923828,137013
2009-03-06,35.5,35.75,34.5,35.04999923706055,29.179149627685547,83331
2009-03-09,34.29999923706055,37.0,34.29999923706055,36.099998474121094,30.053274154663086,247008
2009-03-12,36.400001525878906,37.75,35.0,36.0,29.970022201538086,277514
2009-03-13,36.54999923706055,37.650001525878906,36.0,37.29999923706055,31.05228042602539,64354
2009-03-16,37.400001525878906,39.70000076293945,37.150001525878906,39.150001525878906,32.59239196777344,59744
2009-03-17,39.849998474121094,40.0,38.5,39.150001525878906,32.59239196777344,52244
2009-03-18,39.29999923706055,42.25,39.29999923706055,40.650001525878906,33.84115982055664,301834
2009-03-19,40.70000076293945,41.0,39.5,39.900001525878906,33.216773986816406,235578
2009-03-20,38.5,40.0,38.29999923706055,38.54999923706055,32.092899322509766,83794
2009-03-23,39.20000076293945,42.900001525878906,38.70000076293945,40.20000076293945,33.46652603149414,769698
2009-03-24,40.95000076293945,41.900001525878906,39.20000076293945,39.599998474121094,32.96702575683594,88260
2009-03-25,39.900001525878906,40.75,38.650001525878906,40.20000076293945,33.46652603149414,210595
2009-03-26,40.04999923706055,40.849998474121094,39.5,40.5,33.716270446777344,352422
2009-03-27,40.900001525878906,41.400001525878906,39.75,40.900001525878906,34.04928970336914,216835
2009-03-30,40.79999923706055,42.20000076293945,40.25,41.099998474121094,34.215782165527344,179586
2009-03-31,41.099998474121094,41.900001525878906,40.5,41.349998474121094,34.42390060424805,1058734
2009-04-01,41.70000076293945,42.25,40.900001525878906,41.599998474121094,34.63203048706055,112034
2009-04-02,42.20000076293945,42.70000076293945,41.099998474121094,42.150001525878906,35.08990478515625,471780
2009-04-06,42.849998474121094,46.349998474121094,42.599998474121094,45.29999923706055,37.7122802734375,656139
2009-04-08,45.0,48.20000076293945,42.04999923706055,47.150001525878906,39.25240707397461,508948
2009-04-09,49.900001525878906,54.900001525878906,47.099998474121094,48.0,39.96003341674805,715712
2009-04-13,48.0,49.79999923706055,47.5,48.45000076293945,40.33467483520508,203995
2009-04-15,47.900001525878906,50.599998474121094,47.0,50.150001525878906,41.74991989135742,524233
2009-04-16,51.5,54.0,48.45000076293945,49.25,41.00065994262695,497119
2009-04-17,50.0,51.0,49.5,49.95000076293945,41.58340835571289,237708
2009-04-20,50.5,53.79999923706055,49.400001525878906,51.95000076293945,43.24840545654297,648602
2009-04-21,50.849998474121094,56.349998474121094,50.54999923706055,51.45000076293945,42.83216094970703,2184717
2009-04-22,53.45000076293945,55.0,52.099998474121094,52.70000076293945,43.87279510498047,859875
2009-04-23,52.95000076293945,54.45000076293945,52.29999923706055,54.099998474121094,45.038291931152344,274365
2009-04-24,54.650001525878906,54.650001525878906,52.54999923706055,53.0,44.12253952026367,204658
2009-04-27,53.0,57.25,52.599998474121094,53.45000076293945,44.49715805053711,1321183
2009-04-28,54.099998474121094,54.099998474121094,51.5,52.20000076293945,43.45652770996094,717930
2009-04-29,52.20000076293945,53.25,51.099998474121094,51.95000076293945,43.24840545654297,113098
2009-04-30,51.79999923706055,51.79999923706055,51.79999923706055,51.79999923706055,43.123538970947266,0
2009-05-04,52.5,54.5,51.400001525878906,52.0,43.29003143310547,765298
2009-05-05,52.599998474121094,54.0,51.099998474121094,51.29999923706055,42.70728302001953,462257
2009-05-06,51.849998474121094,52.20000076293945,49.04999923706055,49.400001525878906,41.12554168701172,624103
2009-05-07,50.0,51.849998474121094,49.5,50.70000076293945,42.20778274536133,500078
2009-05-08,51.0,54.0,50.5,52.349998474121094,43.5814094543457,396561
2009-05-11,52.95000076293945,53.400001525878906,52.099998474121094,53.0,44.12253952026367,243513
2009-05-12,54.099998474121094,54.099998474121094,51.599998474121094,52.04999923706055,43.331661224365234,84623
2009-05-13,52.900001525878906,52.900001525878906,50.70000076293945,51.45000076293945,42.83216094970703,2308528
2009-05-14,51.0,51.79999923706055,50.400001525878906,51.29999923706055,42.70728302001953,57332
2009-05-15,51.75,51.75,50.0,50.349998474121094,41.91641616821289,381006
2009-05-18,55.099998474121094,58.900001525878906,55.099998474121094,56.150001525878906,46.744911193847656,1334
2009-05-19,55.0,65.0,51.099998474121094,60.150001525878906,50.074920654296875,2392732
2009-05-20,60.5,67.0,58.79999923706055,63.54999923706055,52.905418395996094,983471
2009-05-21,64.44999694824219,66.80000305175781,62.54999923706055,64.4000015258789,53.61305236816406,852397
2009-05-22,64.0,64.5,61.5,62.099998474121094,51.69829559326172,581037
2009-05-25,62.099998474121094,66.0,60.099998474121094,64.94999694824219,54.07091522216797,633625
2009-05-26,65.0999984741211,66.94999694824219,62.5,64.1500015258789,53.4049186706543,472979
2009-05-27,65.5,67.0,64.25,64.80000305175781,53.946044921875,230908
2009-05-28,64.5,66.0,63.0,64.5,53.696292877197266,451491
2009-05-29,65.5999984741211,72.4000015258789,65.5,70.8499984741211,58.9826774597168,2098201
2009-06-01,71.94999694824219,78.30000305175781,68.05000305175781,68.69999694824219,57.192787170410156,7147483
2009-06-02,69.69999694824219,73.5999984741211,69.69999694824219,70.94999694824219,59.065940856933594,2391277
2009-06-03,72.0,77.0,72.0,73.9000015258789,61.52180099487305,2921717
2009-06-04,72.5,77.4000015258789,72.44999694824219,76.80000305175781,63.93606185913086,1772284
2009-06-05,77.5,78.75,74.4000015258789,75.05000305175781,62.47917175292969,2107077
2009-06-08,75.8499984741211,77.0,71.5,73.05000305175781,60.81418228149414,1284909
2009-06-09,71.80000305175781,72.75,66.0,69.94999694824219,58.23342514038086,1760540
2009-06-10,70.94999694824219,74.6500015258789,70.0,72.80000305175781,60.60606002807617,1725471
2009-06-11,73.0,73.5,68.25,71.30000305175781,59.3573112487793,685520
2009-06-12,72.0,72.5999984741211,68.0,68.25,56.81816864013672,500607
2009-06-15,66.19999694824219,71.94999694824219,66.19999694824219,71.0,59.107547760009766,974537
2009-06-16,70.0,70.4000015258789,68.5,69.9000015258789,58.191802978515625,471327
2009-06-17,69.30000305175781,71.94999694824219,66.25,66.94999694824219,55.73590850830078,629333
2009-06-18,66.30000305175781,67.94999694824219,63.0,63.70000076293945,53.030296325683594,551230
2009-06-19,65.0,68.44999694824219,65.0,66.5,55.36129379272461,923922
2009-06-22,67.19999694824219,67.94999694824219,66.1500015258789,66.80000305175781,55.611045837402344,245544
2009-06-23,65.0999984741211,70.94999694824219,64.25,70.30000305175781,58.52479553222656,648874
2009-06-24,71.44999694824219,72.9000015258789,70.05000305175781,71.94999694824219,59.89841079711914,651264
2009-06-25,72.94999694824219,73.4000015258789,69.5,70.19999694824219,58.44154739379883,313400
2009-06-26,71.0,72.0,68.25,70.4000015258789,58.6080436706543,335226
2009-06-29,70.80000305175781,71.30000305175781,70.05000305175781,70.3499984741211,58.56642150878906,171760
2009-06-30,71.0999984741211,71.69999694824219,68.80000305175781,69.5,57.858802795410156,478145
2009-07-01,69.19999694824219,70.19999694824219,65.9000015258789,67.1500015258789,55.90242004394531,362321
2009-07-02,67.5,73.1500015258789,67.0,70.6500015258789,58.8161735534668,987383
2009-07-03,70.44999694824219,71.0,68.0,68.44999694824219,56.98466110229492,784815
2009-07-06,68.5,69.4000015258789,63.54999923706055,63.95000076293945,53.23841857910156,473494
2009-07-07,63.75,63.75,63.75,63.75,53.07191848754883,1308132
2009-07-08,68.69999694824219,68.69999694824219,65.0,65.94999694824219,55.07621383666992,259546
2009-07-09,66.9000015258789,68.44999694824219,65.55000305175781,67.44999694824219,56.328887939453125,270475
2009-07-10,68.75,70.19999694824219,65.55000305175781,66.80000305175781,55.78606033325195,456141
2009-07-13,66.0,68.0,64.0,64.19999694824219,53.614742279052734,214315
2009-07-14,65.44999694824219,67.0,65.44999694824219,66.19999694824219,55.28498840332031,351763
2009-07-15,66.55000305175781,71.25,66.5,69.55000305175781,58.08264923095703,1097549
2009-07-16,71.5,74.5,70.0,70.3499984741211,58.750732421875,2036498
2009-07-17,71.94999694824219,79.44999694824219,71.94999694824219,78.44999694824219,65.51522064208984,5797204
2009-07-20,81.19999694824219,81.19999694824219,76.5,77.55000305175781,64.76360321044922,1178684
2009-07-21,77.05000305175781,78.5999984741211,75.0999984741211,76.6500015258789,64.01201629638672,698663
2009-07-22,77.25,78.0,72.5,73.0,60.963809967041016,1129641
2009-07-23,74.0999984741211,76.5999984741211,73.69999694824219,74.8499984741211,62.5087776184082,1310865
2009-07-24,76.0,81.0,75.30000305175781,80.19999694824219,66.97666931152344,1878321
2009-07-27,82.0,84.0,80.55000305175781,81.69999694824219,68.2293701171875,1678172
2009-07-28,81.94999694824219,83.44999694824219,80.44999694824219,82.19999694824219,68.64691925048828,1535022
2009-07-29,81.0,85.69999694824219,79.19999694824219,85.0,70.98526000976562,1655010
2009-07-30,85.5,86.0,82.55000305175781,82.94999694824219,69.27326202392578,1064723
2009-07-31,83.0999984741211,87.44999694824219,83.0999984741211,85.8499984741211,71.69511413574219,3296423
2009-08-03,85.05000305175781,91.6500015258789,85.05000305175781,90.5999984741211,75.66192626953125,2400648
2009-08-04,91.5999984741211,93.4000015258789,86.6500015258789,87.9000015258789,73.40711975097656,1644449
2009-08-05,89.80000305175781,91.0,85.0,86.6500015258789,72.36320495605469,1019689
2009-08-06,86.9000015258789,87.75,82.5,83.69999694824219,69.89958953857422,854807
2009-08-07,82.9000015258789,84.0,78.55000305175781,81.05000305175781,67.68653869628906,655643
2009-08-10,84.0999984741211,84.0999984741211,79.5,81.94999694824219,68.43814086914062,650245
2009-08-11,81.1500015258789,83.5,81.1500015258789,82.30000305175781,68.73043823242188,235000
2009-08-12,81.19999694824219,84.44999694824219,81.0999984741211,82.80000305175781,69.14800262451172,687458
2009-08-13,84.55000305175781,88.5,84.5,86.69999694824219,72.40495300292969,584780
2009-08-14,87.69999694824219,89.9000015258789,85.25,88.3499984741211,73.78290557861328,799415
2009-08-17,86.4000015258789,86.94999694824219,82.5,83.80000305175781,69.98312377929688,1060978
2009-08-18,83.0999984741211,85.30000305175781,83.05000305175781,84.05000305175781,70.19190979003906,636248
2009-08-19,84.19999694824219,86.8499984741211,82.6500015258789,83.25,69.52378845214844,275781
2009-08-20,84.0,86.19999694824219,83.5999984741211,84.44999694824219,70.52592468261719,228924
2009-08-21,84.25,88.3499984741211,83.44999694824219,86.44999694824219,72.19619750976562,572536
2009-08-24,88.0,88.5,86.5,87.25,72.86430358886719,328920
2009-08-25,87.5,88.9000015258789,84.19999694824219,85.1500015258789,71.11052703857422,1481332
2009-08-26,86.0,86.80000305175781,85.0,86.1500015258789,71.94564056396484,893512
2009-08-27,85.5,91.25,85.1500015258789,89.8499984741211,75.03559875488281,1094293
2009-08-28,90.5999984741211,94.9000015258789,89.5,93.19999694824219,77.8332290649414,5224770
2009-08-31,92.80000305175781,97.44999694824219,90.0999984741211,95.6500015258789,79.87928771972656,1548527
2009-09-01,95.0,96.69999694824219,92.69999694824219,94.6500015258789,79.0441665649414,1420784
2009-09-02,94.0,97.0,90.0999984741211,90.80000305175781,75.8289566040039,713921
2009-09-03,91.1500015258789,93.19999694824219,89.6500015258789,90.1500015258789,75.28612518310547,651706
2009-09-04,91.0,91.94999694824219,87.25,89.3499984741211,74.61802673339844,713921
2009-09-07,90.0,91.80000305175781,89.55000305175781,91.0,75.99597930908203,558328
2009-09-08,91.5,91.8499984741211,87.0999984741211,87.69999694824219,73.2400894165039,420773
2009-09-09,88.4000015258789,89.25,86.8499984741211,88.30000305175781,73.74114990234375,696090
2009-09-10,89.25,89.9000015258789,87.0999984741211,87.75,73.28185272216797,408638
2009-09-11,87.69999694824219,88.9000015258789,87.55000305175781,88.05000305175781,73.53237915039062,312909
2009-09-14,88.0,91.0,86.25,88.75,74.116943359375,586008
2009-09-15,89.3499984741211,91.0,89.1500015258789,90.1500015258789,75.28612518310547,470332
2009-09-16,91.0,91.5,88.30000305175781,89.6500015258789,74.86857604980469,638403
2009-09-17,90.80000305175781,94.44999694824219,89.0,91.75,76.62232208251953,2028777
2009-09-18,91.0,92.30000305175781,89.55000305175781,91.6500015258789,76.538818359375,866211
2009-09-22,92.4000015258789,92.4000015258789,89.8499984741211,90.19999694824219,75.32788848876953,280644
2009-09-23,89.55000305175781,90.69999694824219,88.0,88.30000305175781,73.74114990234375,560844
2009-09-24,87.80000305175781,90.75,86.5999984741211,89.75,74.95208740234375,448814
2009-09-25,88.9000015258789,90.80000305175781,87.0,89.3499984741211,74.61802673339844,253951
2009-09-29,90.3499984741211,90.9000015258789,89.0999984741211,89.9000015258789,75.07734680175781,200575
2009-09-30,90.4000015258789,92.5,89.0,91.94999694824219,76.78935241699219,934836
2009-10-01,91.94999694824219,95.69999694824219,91.25,93.4000015258789,78.00025939941406,1233793
2009-10-05,91.9000015258789,92.44999694824219,88.25,89.05000305175781,74.36750793457031,490706
2009-10-06,90.44999694824219,91.69999694824219,88.4000015258789,89.75,74.95208740234375,556566
2009-10-07,90.5,93.19999694824219,90.5,91.25,76.20476531982422,579269
2009-10-08,90.25,95.6500015258789,90.25,95.0,79.33646392822266,958571
2009-10-09,97.30000305175781,101.94999694824219,96.5,100.25,83.72085571289062,4605624
2009-10-12,101.5,104.69999694824219,95.80000305175781,96.5999984741211,80.67266082763672,5230345
2009-10-13,96.8499984741211,96.8499984741211,96.8499984741211,96.8499984741211,80.8814468383789,0
2009-10-14,97.4000015258789,102.9000015258789,97.05000305175781,101.5999984741211,84.84825134277344,2916814
2009-10-15,102.9000015258789,111.5999984741211,102.3499984741211,105.55000305175781,88.14698791503906,4537275
2009-10-16,106.80000305175781,106.80000305175781,103.30000305175781,105.44999694824219,88.0634536743164,979597
2009-10-20,106.94999694824219,110.69999694824219,106.5,108.4000015258789,90.5270767211914,1809359
2009-10-21,109.0,109.6500015258789,105.5999984741211,106.9000015258789,89.27439880371094,983947
2009-10-22,106.19999694824219,107.44999694824219,100.4000015258789,103.55000305175781,86.47673797607422,746844
2009-10-23,105.0,108.69999694824219,104.6500015258789,107.6500015258789,89.9007568359375,1147716
2009-10-26,108.0,108.0,103.05000305175781,104.05000305175781,86.89431762695312,411786
2009-10-27,103.8499984741211,104.0,97.0999984741211,100.25,84.20642852783203,508189
2009-10-28,100.0,102.0,96.0999984741211,100.4000015258789,84.33243560791016,408936
2009-10-29,99.0,101.9000015258789,97.0,99.9000015258789,83.91244506835938,387540
2009-10-30,101.44999694824219,108.80000305175781,98.05000305175781,98.5,82.73649597167969,505680
2009-11-03,97.0,103.19999694824219,96.5,101.05000305175781,84.87838745117188,1179221
2009-11-04,102.94999694824219,104.69999694824219,100.30000305175781,101.6500015258789,85.38237762451172,388136
2009-11-05,102.80000305175781,102.9000015258789,100.55000305175781,101.9000015258789,85.59235382080078,203179
2009-11-06,103.0,104.4000015258789,101.69999694824219,102.94999694824219,86.47431945800781,917343
2009-11-09,103.0,104.5,102.5,103.75,87.14628601074219,438356
2009-11-10,104.94999694824219,117.30000305175781,104.05000305175781,112.30000305175781,94.3279800415039,2395119
2009-11-11,111.05000305175781,118.4000015258789,110.0999984741211,114.4000015258789,96.0919189453125,1985160
2009-11-12,115.1500015258789,115.1500015258789,108.05000305175781,109.4000015258789,91.89210510253906,467296
2009-11-13,108.0,121.19999694824219,108.0,119.30000305175781,100.20774841308594,2468746
2009-11-16,122.0,124.5999984741211,119.69999694824219,120.5999984741211,101.29969024658203,2402167
2009-11-17,121.05000305175781,122.30000305175781,117.5999984741211,119.8499984741211,100.66972351074219,1584562
2009-11-18,120.25,123.4000015258789,112.55000305175781,113.75,95.54593658447266,2044500
2009-11-19,115.0,115.5,105.0,106.69999694824219,89.62419128417969,2168472
2009-11-20,107.5,111.80000305175781,105.4000015258789,109.0999984741211,91.64010620117188,2033140
2009-11-23,112.4000015258789,115.0,110.0,113.30000305175781,95.16795349121094,1534388
2009-11-24,114.0,114.30000305175781,106.0,106.1500015258789,89.16222381591797,4948147
2009-11-25,108.80000305175781,109.9000015258789,107.0,107.8499984741211,90.59016418457031,820153
2009-11-26,108.5999984741211,109.80000305175781,105.5,106.3499984741211,89.3302001953125,549258
2009-11-27,103.5,107.80000305175781,100.19999694824219,106.4000015258789,89.37218475341797,718892
2009-11-30,108.0,110.80000305175781,107.5,108.3499984741211,91.0101318359375,398919
2009-12-01,109.0,113.0,108.6500015258789,110.0,92.39608001708984,1480885
2009-12-02,111.80000305175781,114.5,110.5,113.94999694824219,95.71392822265625,993450
2009-12-03,111.05000305175781,119.80000305175781,110.1500015258789,118.8499984741211,99.82975769042969,1394843
2009-12-04,118.0,118.5999984741211,113.5,114.4000015258789,96.0919189453125,940996
2009-12-07,115.0,117.9000015258789,112.4000015258789,113.3499984741211,95.20995330810547,529590
2009-12-08,113.19999694824219,115.5,111.69999694824219,112.94999694824219,94.87397766113281,467175
2009-12-09,112.0,116.69999694824219,112.0,114.5,96.17591857910156,1610597
2009-12-10,114.5999984741211,114.9000015258789,112.19999694824219,112.8499984741211,94.78997802734375,420792
2009-12-11,114.0,114.75,113.0,113.3499984741211,95.20995330810547,592177
2009-12-14,113.3499984741211,114.5,112.1500015258789,113.6500015258789,95.46194458007812,560279
2009-12-15,113.6500015258789,114.44999694824219,112.0,113.0999984741211,94.99996948242188,280716
2009-12-16,113.0999984741211,113.9000015258789,110.30000305175781,111.75,93.86604309082031,254563
2009-12-17,111.75,115.75,111.0,115.05000305175781,96.63788604736328,714197
2009-12-18,114.25,115.0,112.30000305175781,112.75,94.70594787597656,299401
2009-12-21,112.75,116.5,112.3499984741211,113.0999984741211,94.99996948242188,1041866
2009-12-22,113.5,115.3499984741211,110.80000305175781,111.5999984741211,93.74003601074219,686742
2009-12-23,112.69999694824219,113.25,112.0,112.8499984741211,94.78997802734375,312335
2009-12-24,113.0,115.0999984741211,111.3499984741211,112.0,94.07600402832031,414197
2009-12-29,113.0,113.0,110.9000015258789,111.55000305175781,93.6980209350586,385003
2009-12-30,111.05000305175781,114.25,111.05000305175781,113.19999694824219,95.08395385742188,581365
2009-12-31,114.0,117.9000015258789,114.0,115.30000305175781,96.84788513183594,1359790
2010-01-04,115.9000015258789,119.5,115.5,118.75,99.74577331542969,1050464
2010-01-05,119.0,124.8499984741211,119.0,122.25,102.68562316894531,1522955
2010-01-06,123.4000015258789,124.0999984741211,119.55000305175781,121.0999984741211,101.71968841552734,3714410
2010-01-07,121.80000305175781,124.25,116.69999694824219,118.1500015258789,99.24177551269531,2023440
2010-01-08,118.69999694824219,122.9000015258789,114.9000015258789,115.9000015258789,97.35186767578125,2464692
2010-01-11,116.94999694824219,122.4000015258789,116.94999694824219,121.3499984741211,101.92965698242188,2862769
2010-01-12,120.05000305175781,128.14999389648438,120.05000305175781,122.05000305175781,102.51763916015625,3773665
2010-01-13,120.69999694824219,122.0999984741211,119.94999694824219,121.55000305175781,102.09764099121094,700097
2010-01-14,122.94999694824219,124.5,118.19999694824219,119.05000305175781,99.99777221679688,1263622
2010-01-15,120.5999984741211,121.05000305175781,116.0,117.25,98.48580169677734,937769
2010-01-18,118.19999694824219,120.44999694824219,117.0,119.30000305175781,100.20774841308594,513988
2010-01-19,120.9000015258789,124.4000015258789,119.0999984741211,119.6500015258789,100.5017318725586,1108883
2010-01-20,120.0,123.30000305175781,118.0999984741211,119.55000305175781,100.41771697998047,1750554
2010-01-21,119.30000305175781,119.94999694824219,116.19999694824219,118.0,99.11578369140625,620531
2010-01-22,117.5999984741211,122.94999694824219,112.5,120.05000305175781,100.83773040771484,1584993
2010-01-25,119.5,120.44999694824219,115.1500015258789,115.6500015258789,97.14188385009766,654141
2010-01-27,116.0,116.69999694824219,108.5,110.0,92.39608001708984,1474980
2010-01-28,110.9000015258789,112.9000015258789,108.0,108.75,91.34609985351562,1052632
2010-01-29,108.0999984741211,113.0,101.5999984741211,111.5999984741211,93.74003601074219,2102843
2010-02-01,112.69999694824219,113.9000015258789,110.0,112.75,94.70594787597656,888238
2010-02-02,113.9000015258789,117.9000015258789,113.55000305175781,115.4000015258789,96.93187713623047,753782
2010-02-03,116.80000305175781,119.0,114.5,115.9000015258789,97.35186767578125,861481
2010-02-04,117.0,118.30000305175781,112.1500015258789,112.8499984741211,94.78997802734375,574396
2010-02-05,110.0,111.0,106.30000305175781,109.0999984741211,91.64010620117188,717990
2010-02-08,110.0999984741211,112.69999694824219,108.0,108.9000015258789,91.47211456298828,353882
2010-02-09,107.30000305175781,111.94999694824219,107.30000305175781,109.55000305175781,92.01809692382812,1142217
2010-02-10,110.4000015258789,111.69999694824219,109.1500015258789,109.75,92.18607330322266,288191
2010-02-11,110.5,112.8499984741211,108.55000305175781,111.25,93.4460220336914,414906
2010-02-15,112.3499984741211,112.6500015258789,110.5,110.9000015258789,93.15203094482422,393099
2010-02-16,111.30000305175781,111.4000015258789,108.5999984741211,110.75,93.02605438232422,335979
2010-02-17,111.9000015258789,113.0,109.0999984741211,109.55000305175781,92.01809692382812,994828
2010-02-18,109.0,110.80000305175781,108.55000305175781,109.0,91.55612182617188,408226
2010-02-19,108.19999694824219,108.8499984741211,106.69999694824219,107.19999694824219,90.04417419433594,234460
2010-02-22,108.9000015258789,109.1500015258789,106.30000305175781,106.9000015258789,89.79217529296875,313770
2010-02-23,106.94999694824219,108.19999694824219,105.19999694824219,106.69999694824219,89.62419128417969,439579
2010-02-24,106.0,107.80000305175781,104.9000015258789,105.0,88.19623565673828,2095537
2010-02-25,106.30000305175781,107.19999694824219,104.19999694824219,105.19999694824219,88.3642349243164,472350
2010-02-26,106.0,109.69999694824219,105.19999694824219,107.25,90.086181640625,1015416
2010-03-02,109.0,110.9000015258789,107.4000015258789,108.19999694824219,90.88414764404297,679117
2010-03-03,108.69999694824219,112.25,108.5,110.75,93.02605438232422,720136
2010-03-04,111.80000305175781,111.80000305175781,110.30000305175781,110.94999694824219,93.19401550292969,489645
2010-03-05,111.9000015258789,112.5999984741211,109.0999984741211,109.5,91.97611236572266,551500
2010-03-08,111.4000015258789,113.5999984741211,110.0,110.30000305175781,92.64806365966797,827062
2010-03-09,110.30000305175781,117.8499984741211,109.5,114.6500015258789,96.3019027709961,3811345
2010-03-10,116.0,117.80000305175781,112.1500015258789,112.9000015258789,94.83197021484375,1556603
2010-03-11,110.05000305175781,113.9000015258789,109.0999984741211,109.94999694824219,92.35408782958984,1557015
2010-03-12,109.0,111.0999984741211,108.55000305175781,109.8499984741211,92.27007293701172,2715577
2010-03-15,109.44999694824219,112.19999694824219,109.19999694824219,110.0999984741211,92.48008728027344,884757
2010-03-16,111.1500015258789,112.75,110.30000305175781,111.94999694824219,94.03399658203125,589934
2010-03-17,112.25,116.4000015258789,112.25,113.5,95.33595275878906,2229951
2010-03-18,117.0,117.0,113.5999984741211,116.55000305175781,97.89783477783203,1258368
2010-03-19,116.44999694824219,119.3499984741211,115.0,115.25,96.80590057373047,1856072
2010-03-22,114.0,116.8499984741211,113.05000305175781,114.05000305175781,95.79794311523438,946130
2010-03-23,114.3499984741211,116.0,113.0999984741211,113.9000015258789,95.67193603515625,1555541
2010-03-25,114.0999984741211,117.75,113.30000305175781,115.1500015258789,96.7219009399414,2301633
2010-03-26,116.0,118.19999694824219,115.5,116.55000305175781,97.89783477783203,1008899
2010-03-29,117.0,118.19999694824219,116.55000305175781,117.5,98.69580078125,816369
2010-03-30,118.44999694824219,120.94999694824219,118.25,120.0,100.79572296142578,1706612
2010-03-31,120.9000015258789,125.5,120.5,123.19999694824219,103.48361206054688,1820491
2010-04-01,123.75,126.8499984741211,122.0999984741211,122.8499984741211,103.18961334228516,943326
2010-04-05,123.80000305175781,126.4000015258789,121.9000015258789,123.1500015258789,103.44159698486328,998197
2010-04-06,123.44999694824219,123.44999694824219,119.5999984741211,122.44999694824219,102.85363006591797,993968
2010-04-07,123.0,123.8499984741211,121.1500015258789,122.1500015258789,102.60165405273438,659826
2010-04-08,121.80000305175781,122.80000305175781,119.0999984741211,119.80000305175781,100.62773132324219,644321
2010-04-09,120.44999694824219,121.55000305175781,120.0,120.4000015258789,101.1317138671875,245180
2010-04-12,121.3499984741211,121.3499984741211,119.5,119.80000305175781,100.62773132324219,211713
2010-04-13,120.0,123.5999984741211,117.6500015258789,119.3499984741211,100.24974822998047,1557773
2010-04-15,119.80000305175781,121.0,118.80000305175781,119.5999984741211,100.45973205566406,949070
2010-04-16,118.5999984741211,120.8499984741211,118.5999984741211,120.1500015258789,100.92172241210938,935166
2010-04-19,118.75,119.9000015258789,118.0999984741211,118.9000015258789,99.87174987792969,814708
2010-04-20,119.1500015258789,120.0,117.5999984741211,118.3499984741211,99.40978240966797,518831
2010-04-21,118.9000015258789,119.75,115.4000015258789,119.19999694824219,100.12374114990234,1060813
2010-04-22,119.5999984741211,122.05000305175781,118.9000015258789,121.25,101.84568786621094,1303179
2010-04-23,121.75,122.9000015258789,120.9000015258789,122.0999984741211,102.55965423583984,393462
2010-04-26,123.0,123.4000015258789,120.5,121.75,102.2656478881836,272804
2010-04-27,121.80000305175781,125.25,121.19999694824219,123.0,103.31559753417969,1046878
2010-04-28,121.75,125.94999694824219,120.0999984741211,123.75,103.94556427001953,3655405
2010-04-29,124.75,124.75,118.5,122.0999984741211,102.55965423583984,2226485
2010-04-30,122.9000015258789,124.19999694824219,122.0,122.75,103.10562896728516,521293
2010-05-03,122.19999694824219,124.5,119.0999984741211,119.69999694824219,100.54370880126953,429528
2010-05-04,120.69999694824219,123.5,120.1500015258789,122.75,103.10562896728516,515223
2010-05-05,121.0,122.5,119.0,122.05000305175781,102.51763916015625,496580
2010-05-06,121.69999694824219,122.5,119.4000015258789,119.94999694824219,100.75372314453125,334861
2010-05-07,119.0,121.0,117.19999694824219,119.5999984741211,100.45973205566406,387601
2010-05-10,120.25,122.5,119.0999984741211,119.5999984741211,100.45973205566406,260814
2010-05-11,119.19999694824219,120.9000015258789,118.0999984741211,118.5999984741211,99.6197738647461,322252
2010-05-12,119.30000305175781,119.80000305175781,116.0999984741211,117.5999984741211,98.77980041503906,302544
2010-05-13,118.5,121.69999694824219,117.05000305175781,121.1500015258789,101.76167297363281,406797
2010-05-14,120.80000305175781,122.9000015258789,119.25,119.8499984741211,100.66972351074219,403127
2010-05-17,118.80000305175781,119.30000305175781,117.0999984741211,118.30000305175781,99.36778259277344,234199
2010-05-18,118.1500015258789,119.69999694824219,117.0999984741211,117.55000305175781,98.73780059814453,203512
2010-05-19,118.9000015258789,122.25,115.3499984741211,116.30000305175781,97.68785095214844,781869
2010-05-20,116.9000015258789,118.0,113.5999984741211,114.0,95.75594329833984,1116308
2010-05-21,112.0999984741211,115.9000015258789,110.5,112.4000015258789,94.4119873046875,779677
2010-05-24,114.3499984741211,115.69999694824219,112.8499984741211,113.3499984741211,95.20995330810547,366406
2010-05-25,113.44999694824219,113.55000305175781,108.5999984741211,110.80000305175781,93.06803131103516,602950
2010-05-26,110.80000305175781,117.4000015258789,110.25,113.0999984741211,94.99996948242188,1024647
2010-05-27,114.0,118.4000015258789,113.80000305175781,117.25,98.48580169677734,915437
2010-05-28,118.69999694824219,119.5999984741211,116.25,117.8499984741211,98.98979949951172,520416
2010-05-31,117.8499984741211,120.4000015258789,115.25,119.25,100.1657485961914,289350
2010-06-01,119.0,122.9000015258789,117.3499984741211,121.1500015258789,101.76167297363281,749619
2010-06-02,122.0,122.0,118.4000015258789,120.19999694824219,100.96368408203125,1213027
2010-06-03,120.69999694824219,122.9000015258789,119.69999694824219,121.1500015258789,101.76167297363281,907703
2010-06-04,120.19999694824219,124.4000015258789,120.0,123.75,103.94556427001953,866893
2010-06-07,120.1500015258789,122.9000015258789,118.0,121.80000305175781,102.3076400756836,737262
2010-06-08,120.30000305175781,125.9000015258789,118.75,119.75,100.58573150634766,4091621
2010-06-09,120.30000305175781,123.3499984741211,119.80000305175781,121.8499984741211,102.34961700439453,977183
2010-06-10,122.69999694824219,123.55000305175781,121.4000015258789,122.75,103.10562896728516,926329
2010-06-11,123.80000305175781,124.8499984741211,121.44999694824219,121.80000305175781,102.3076400756836,1188271
2010-06-14,122.0,124.05000305175781,121.4000015258789,123.25,103.52559661865234,1042166
2010-06-15,123.0,123.5999984741211,122.1500015258789,122.8499984741211,103.18961334228516,464669
2010-06-16,123.0,127.80000305175781,122.25,124.69999694824219,104.74353790283203,4242923
2010-06-17,125.0,130.5,125.0,129.89999389648438,109.11135864257812,2810304
2010-06-18,130.8000030517578,132.4499969482422,127.80000305175781,128.39999389648438,107.8514175415039,2102272
2010-06-21,129.9499969482422,132.25,128.8000030517578,129.1999969482422,108.52339172363281,1280197
2010-06-22,127.55000305175781,130.5,127.25,129.5,108.7753677368164,718991
2010-06-23,129.0,132.25,128.14999389648438,131.14999389648438,110.16130065917969,810618
2010-06-24,130.10000610351562,132.89999389648438,129.64999389648438,130.35000610351562,109.48934173583984,938329
2010-06-25,130.35000610351562,131.89999389648438,129.0,129.89999389648438,109.11135864257812,442886
2010-06-28,130.10000610351562,135.85000610351562,129.1999969482422,134.6999969482422,113.1432113647461,1098688
2010-06-29,135.0,137.0,128.5,129.75,108.9853744506836,1917697
2010-06-30,128.0,132.5,128.0,131.75,110.66531372070312,889309
2010-07-01,130.89999389648438,131.64999389648438,129.5,130.0,109.19537353515625,360218
2010-07-02,130.64999389648438,131.14999389648438,127.0999984741211,128.39999389648438,108.18428802490234,361944
2010-07-05,127.0999984741211,128.89999389648438,125.5999984741211,126.25,106.37279510498047,465130
2010-07-06,126.25,127.9000015258789,124.5,126.80000305175781,106.83618927001953,1564765
2010-07-07,127.5,127.6500015258789,125.4000015258789,126.69999694824219,106.75196075439453,994103
2010-07-08,128.0,132.85000610351562,127.44999694824219,132.1999969482422,111.385986328125,1544836
2010-07-09,131.5,134.8000030517578,131.5,134.14999389648438,113.02899932861328,912479
2010-07-12,135.0,135.39999389648438,131.8000030517578,132.5500030517578,111.680908203125,940371
2010-07-13,134.0,136.25,132.5,135.89999389648438,114.50345611572266,1358470
2010-07-14,138.1999969482422,141.6999969482422,137.25,138.6999969482422,116.86260986328125,4634586
2010-07-15,140.0,140.0,134.1999969482422,134.5,113.32389068603516,1063075
2010-07-16,135.5500030517578,137.3000030517578,134.4499969482422,135.10000610351562,113.82942199707031,1261226
2010-07-19,135.25,136.85000610351562,134.0,135.6999969482422,114.33495330810547,474253
2010-07-20,135.3000030517578,137.8000030517578,132.0,132.60000610351562,111.72303771972656,605192
2010-07-21,133.0,133.4499969482422,130.64999389648438,132.60000610351562,111.72303771972656,753009
2010-07-22,132.0500030517578,135.25,132.0500030517578,134.89999389648438,113.6609115600586,443851
2010-07-23,135.5,136.39999389648438,132.89999389648438,133.9499969482422,112.86048126220703,715098
2010-07-26,134.64999389648438,139.9499969482422,134.64999389648438,137.64999389648438,115.97794342041016,2969228
2010-07-27,138.5,139.0,135.35000610351562,136.25,114.7983627319336,775028
2010-07-28,136.75,142.14999389648438,136.0,140.35000610351562,118.25284576416016,2315324
2010-07-29,141.0,144.39999389648438,140.75,142.14999389648438,119.76941680908203,2396029
2010-07-30,142.0,147.25,140.39999389648438,145.3000030517578,122.4234848022461,2329414
2010-08-02,146.0,146.6999969482422,140.85000610351562,141.64999389648438,119.34817504882812,1163847
2010-08-03,142.8000030517578,143.5,140.3000030517578,141.25,119.01114654541016,745290
2010-08-04,141.25,141.89999389648438,139.10000610351562,139.75,117.74732208251953,827406
2010-08-05,140.39999389648438,145.25,139.5500030517578,144.10000610351562,121.41244506835938,1581111
2010-08-06,145.4499969482422,145.89999389648438,140.85000610351562,141.9499969482422,119.6009521484375,997382
2010-08-09,141.0,145.8000030517578,141.0,145.0,122.17070770263672,741230
2010-08-10,146.0,146.0,142.25,143.0500030517578,120.52771759033203,691332
2010-08-11,144.89999389648438,144.89999389648438,142.0,142.9499969482422,120.44346618652344,331265
2010-08-12,142.0,142.8000030517578,140.35000610351562,141.85000610351562,119.51667785644531,496029
2010-08-13,141.5500030517578,145.14999389648438,141.5500030517578,142.85000610351562,120.35923767089844,549560
2010-08-16,144.0,144.25,140.8000030517578,141.1999969482422,118.96900939941406,448847
2010-08-17,142.6999969482422,142.6999969482422,137.85000610351562,138.9499969482422,117.07327270507812,1007325
2010-08-18,138.6999969482422,145.10000610351562,138.6999969482422,144.3000030517578,121.58097839355469,1015791
2010-08-19,145.0,145.5,142.1999969482422,143.25,120.69628143310547,276536
2010-08-20,142.6999969482422,148.0,142.3000030517578,147.60000610351562,124.3613510131836,882486
2010-08-23,147.0,153.60000610351562,146.10000610351562,152.8000030517578,128.74267578125,1796909
2010-08-24,153.5,157.89999389648438,151.10000610351562,152.89999389648438,128.82691955566406,1933159
2010-08-25,152.89999389648438,153.25,147.5,148.8000030517578,125.37242889404297,428029
2010-08-26,147.1999969482422,153.35000610351562,146.0,146.3000030517578,123.26604461669922,1143735
2010-08-27,146.3000030517578,149.8000030517578,146.0,147.1999969482422,124.02433013916016,523516
2010-08-30,148.25,152.6999969482422,147.64999389648438,150.25,126.59416198730469,1019960
2010-08-31,150.0,150.0,145.35000610351562,147.60000610351562,124.3613510131836,731546
2010-09-01,148.89999389648438,148.89999389648438,145.3000030517578,147.85000610351562,124.57201385498047,2043995
2010-09-02,148.64999389648438,157.8000030517578,148.5,156.75,132.0707550048828,3388288
2010-09-03,158.39999389648438,160.89999389648438,157.0,159.4499969482422,134.34567260742188,2279048
2010-09-06,160.8000030517578,165.75,159.5,164.14999389648438,138.30567932128906,2396295
2010-09-07,165.0,165.0,158.64999389648438,159.14999389648438,134.0928955078125,1193877
2010-09-08,156.0500030517578,161.3000030517578,156.0500030517578,159.5500030517578,134.429931640625,809631
2010-09-09,160.4499969482422,161.6999969482422,157.5500030517578,158.10000610351562,133.208251953125,570379
2010-09-13,158.35000610351562,162.64999389648438,158.35000610351562,160.10000610351562,134.89334106445312,1066494
2010-09-14,161.0,166.35000610351562,161.0,165.35000610351562,139.31680297851562,2008700
2010-09-15,165.5500030517578,168.8000030517578,164.5500030517578,165.6999969482422,139.61167907714844,2402180
2010-09-16,167.6999969482422,167.6999969482422,154.10000610351562,156.14999389648438,131.5652618408203,3477825
2010-09-17,157.6999969482422,160.39999389648438,156.64999389648438,159.6999969482422,134.55630493164062,1484799
2010-09-20,164.10000610351562,164.10000610351562,158.0,158.5,133.54525756835938,1042382
2010-09-21,159.0,160.39999389648438,155.3000030517578,156.85000610351562,132.15501403808594,557990
2010-09-22,157.0,159.0,154.5500030517578,156.5,131.8601531982422,836041
2010-09-23,156.75,158.89999389648438,155.1999969482422,156.3000030517578,131.69161987304688,450201
2010-09-24,156.75,163.64999389648438,156.60000610351562,162.8000030517578,137.168212890625,1828520
2010-09-27,162.0,168.3000030517578,161.0,166.5,140.28567504882812,1264678
2010-09-28,167.0,168.0,163.5,163.89999389648438,138.09506225585938,858111
2010-09-29,165.25,167.6999969482422,162.10000610351562,162.85000610351562,137.21031188964844,737810
2010-09-30,163.1999969482422,166.4499969482422,159.10000610351562,163.64999389648438,137.88442993164062,768859
2010-10-01,164.0,165.85000610351562,163.0500030517578,164.0500030517578,138.22145080566406,391587
2010-10-04,165.6999969482422,170.89999389648438,165.6999969482422,167.14999389648438,140.83335876464844,1435620
2010-10-05,167.64999389648438,169.85000610351562,166.35000610351562,167.0500030517578,140.7490997314453,787696
2010-10-06,168.0,174.5500030517578,167.0500030517578,171.9499969482422,144.8776397705078,1441336
2010-10-07,172.25,176.60000610351562,170.1999969482422,171.4499969482422,144.4563446044922,1301229
2010-10-08,172.6999969482422,172.6999969482422,167.64999389648438,168.85000610351562,142.26571655273438,697254
2010-10-11,171.10000610351562,179.25,169.75,177.89999389648438,149.89085388183594,2274153
2010-10-12,178.5,179.9499969482422,170.75,172.10000610351562,145.00399780273438,2321338
2010-10-13,173.5,173.5,165.5,166.89999389648438,140.62271118164062,2453496
2010-10-14,166.89999389648438,169.0,161.75,162.4499969482422,136.8733367919922,1984743
2010-10-15,163.0,165.4499969482422,157.0500030517578,158.5500030517578,133.58737182617188,1960273
2010-10-18,159.5,159.5,153.5500030517578,156.25,131.64947509765625,1691873
2010-10-19,157.9499969482422,161.8000030517578,156.1999969482422,158.8000030517578,133.79803466796875,1054819
2010-10-20,158.10000610351562,161.89999389648438,156.5,158.89999389648438,133.88226318359375,717509
2010-10-21,159.3000030517578,160.8000030517578,157.60000610351562,158.1999969482422,134.05172729492188,1428406
2010-10-22,159.5,160.4499969482422,156.0500030517578,156.5500030517578,132.65359497070312,1976415
2010-10-25,158.3000030517578,158.89999389648438,155.25,156.35000610351562,132.48414611816406,1956525
2010-10-26,157.39999389648438,157.39999389648438,155.0,155.3000030517578,131.5944061279297,723733
2010-10-27,155.0500030517578,155.89999389648438,153.10000610351562,155.3000030517578,131.5944061279297,542684
2010-10-28,156.0,156.5,151.10000610351562,152.75,129.4336700439453,1582336
2010-10-29,153.5,156.6999969482422,152.1999969482422,154.89999389648438,131.25547790527344,906502
2010-11-01,156.1999969482422,158.4499969482422,154.75,157.14999389648438,133.16200256347656,1372983
2010-11-02,158.25,161.39999389648438,158.0,159.10000610351562,134.81434631347656,1719802
2010-11-03,148.64999389648438,163.39999389648438,148.64999389648438,162.8000030517578,137.94955444335938,1959114
2010-11-04,163.5,164.6999969482422,161.89999389648438,162.5500030517578,137.73773193359375,1044853
2010-11-08,163.4499969482422,167.5,160.5500030517578,166.25,140.87295532226562,1562058
2010-11-09,166.5,167.0,164.3000030517578,165.5,140.23745727539062,521617
2010-11-10,165.5,168.8000030517578,165.10000610351562,168.0,142.35586547851562,814646
2010-11-11,168.5,168.9499969482422,163.10000610351562,164.14999389648438,139.09349060058594,543301
2010-11-12,163.0,168.64999389648438,162.25,165.0,139.8137664794922,1111631
2010-11-15,165.5,166.4499969482422,156.0,165.0,139.8137664794922,498887
2010-11-16,166.39999389648438,174.89999389648438,165.14999389648438,167.5,141.93214416503906,2452050
2010-11-18,168.0,170.75,161.5,163.1999969482422,138.2885284423828,1173196
2010-11-19,164.10000610351562,167.5,162.0500030517578,163.85000610351562,138.83929443359375,1011111
2010-11-22,163.0,170.0,162.0500030517578,168.75,142.9913787841797,872206
2010-11-23,169.89999389648438,169.89999389648438,162.5,164.6999969482422,139.5595245361328,590646
2010-11-24,165.9499969482422,168.3000030517578,159.0,160.89999389648438,136.339599609375,503700
2010-11-25,135.89999389648438,162.89999389648438,135.89999389648438,155.4499969482422,131.72149658203125,1637013
2010-11-26,156.5,160.8000030517578,151.0,159.6999969482422,135.32276916503906,1371883
2010-11-29,160.89999389648438,163.8000030517578,158.14999389648438,160.85000610351562,136.2972412109375,629052
2010-11-30,163.39999389648438,164.39999389648438,159.25,161.35000610351562,136.72091674804688,1420922
2010-12-01,161.10000610351562,166.4499969482422,161.10000610351562,165.5500030517578,140.27981567382812,768946
2010-12-02,166.1999969482422,170.4499969482422,166.14999389648438,169.4499969482422,143.58450317382812,620211
2010-12-03,169.3000030517578,174.6999969482422,168.1999969482422,171.0500030517578,144.94029235839844,1519184
2010-12-06,172.0,176.39999389648438,171.3000030517578,172.4499969482422,146.12655639648438,1082634
2010-12-07,173.0,174.25,169.85000610351562,172.1999969482422,145.9147186279297,668351
2010-12-08,171.89999389648438,173.89999389648438,170.5500030517578,171.9499969482422,145.702880859375,1253540
2010-12-09,171.0,172.6999969482422,159.25,163.0500030517578,138.1614227294922,1763021
2010-12-10,162.0,166.25,158.60000610351562,161.3000030517578,136.67855834960938,2545722
2010-12-13,163.10000610351562,169.9499969482422,163.10000610351562,168.89999389648438,143.11843872070312,878259
2010-12-14,169.1999969482422,170.1999969482422,163.5500030517578,165.3000030517578,140.06797790527344,1371550
2010-12-15,165.6999969482422,166.3000030517578,161.6999969482422,162.75,137.90721130371094,602629
2010-12-16,162.75,163.60000610351562,158.89999389648438,160.3000030517578,135.83120727539062,1315985
2010-12-20,161.6999969482422,162.64999389648438,159.60000610351562,160.5,136.00064086914062,697796
2010-12-21,161.6999969482422,164.6999969482422,160.0,163.0,138.11903381347656,1102940
2010-12-22,159.0,164.6999969482422,159.0,163.8000030517578,138.7969207763672,414452
2010-12-23,163.89999389648438,165.89999389648438,162.60000610351562,165.0500030517578,139.85610961914062,349548
2010-12-24,166.0500030517578,166.89999389648438,162.6999969482422,164.14999389648438,139.09349060058594,556938
2010-12-27,164.0,165.4499969482422,163.5,164.89999389648438,139.72900390625,311831
2010-12-28,164.5,168.85000610351562,163.35000610351562,167.8000030517578,142.18638610839844,604122
2010-12-29,169.35000610351562,170.75,166.1999969482422,167.14999389648438,141.6355743408203,993367
2010-12-30,168.0,170.39999389648438,164.85000610351562,169.4499969482422,143.58450317382812,1386523
2010-12-31,168.5500030517578,169.5,166.0500030517578,166.89999389648438,141.42373657226562,900380
2011-01-03,168.0,169.0,165.25,166.35000610351562,140.9577178955078,560739
2011-01-04,168.0,172.89999389648438,166.60000610351562,171.9499969482422,145.702880859375,1214329
2011-01-05,172.89999389648438,174.75,166.0500030517578,168.1999969482422,142.52529907226562,1520065
2011-01-06,168.8000030517578,169.64999389648438,165.0,165.14999389648438,139.94085693359375,877649
2011-01-07,165.8000030517578,165.8000030517578,154.5,158.85000610351562,134.6025390625,2475756
2011-01-10,158.85000610351562,159.89999389648438,150.0,150.64999389648438,127.65421295166016,2918799
2011-01-11,151.0,153.5500030517578,146.1999969482422,151.64999389648438,128.50155639648438,2141506
2011-01-12,153.0,154.4499969482422,148.10000610351562,153.14999389648438,129.77256774902344,1098803
2011-01-13,153.89999389648438,158.5,153.0500030517578,156.39999389648438,132.52647399902344,1417753
2011-01-14,156.60000610351562,157.10000610351562,152.5,156.1999969482422,132.35702514648438,687453
2011-01-17,156.0,158.6999969482422,153.75,154.75,131.12835693359375,1534437
2011-01-18,156.0,156.6999969482422,125.44999694824219,137.8000030517578,116.76567077636719,14501370
2011-01-19,138.60000610351562,144.4499969482422,137.14999389648438,138.85000610351562,117.65540313720703,7012518
2011-01-20,140.0,140.0,133.89999389648438,137.35000610351562,116.3843765258789,3117771
2011-01-21,138.1999969482422,140.39999389648438,135.0,135.89999389648438,115.15570068359375,1585236
2011-01-24,136.0,136.89999389648438,129.0,132.1999969482422,112.02046966552734,3053661
2011-01-25,133.0,136.25,131.0,131.1999969482422,111.17312622070312,2379421
2011-01-27,131.1999969482422,132.5,127.19999694824219,129.25,109.52079010009766,2818640
2011-01-28,129.5,129.89999389648438,122.30000305175781,126.5999984741211,107.27529907226562,1934554
2011-01-31,125.80000305175781,130.64999389648438,109.5999984741211,128.39999389648438,108.800537109375,5882500
2011-02-01,129.60000610351562,129.60000610351562,124.5,124.8499984741211,105.79241180419922,1525013
2011-02-02,129.0,129.0500030517578,124.0999984741211,125.05000305175781,105.9618911743164,1200800
2011-02-03,125.9000015258789,131.4499969482422,124.5,130.5500030517578,110.6223373413086,1614351
2011-02-04,131.0,133.10000610351562,129.0500030517578,129.9499969482422,110.11389923095703,1135781
2011-02-07,131.39999389648438,132.14999389648438,129.5,131.0,111.00364685058594,521712
2011-02-08,131.3000030517578,132.1999969482422,127.1500015258789,128.10000610351562,108.54634094238281,706411
2011-02-09,127.0,129.5500030517578,123.5,126.5,107.19055938720703,1619593
2011-02-10,123.80000305175781,125.4000015258789,114.55000305175781,122.19999694824219,103.54692840576172,2761606
2011-02-11,125.3499984741211,125.3499984741211,116.30000305175781,121.9000015258789,103.29271697998047,2365904
2011-02-14,122.5,129.5,122.19999694824219,128.10000610351562,108.54634094238281,1122695
2011-02-15,131.39999389648438,131.39999389648438,124.0,126.94999694824219,107.57186126708984,1082488
2011-02-16,127.0,133.4499969482422,126.94999694824219,131.4499969482422,111.38496398925781,1779841
2011-02-17,132.89999389648438,132.89999389648438,130.0,130.10000610351562,110.24105834960938,946352
2011-02-18,130.89999389648438,133.0,130.0,130.4499969482422,110.53761291503906,903776
2011-02-21,129.0,133.0,128.25,131.0500030517578,111.04602813720703,827906
2011-02-22,130.5,135.5,129.0,132.0500030517578,111.89336395263672,897037
2011-02-23,116.30000305175781,132.89999389648438,116.30000305175781,131.5,111.42733764648438,714891
2011-02-24,132.0,134.5,130.25,132.4499969482422,112.23230743408203,2074760
2011-02-25,132.5,135.39999389648438,131.10000610351562,134.0500030517578,113.58811950683594,427934
2011-02-28,135.10000610351562,138.1999969482422,133.75,136.75,115.87594604492188,1132119
2011-03-01,137.9499969482422,138.39999389648438,134.60000610351562,135.9499969482422,115.19805908203125,1720201
2011-03-03,136.39999389648438,142.0,134.60000610351562,140.0500030517578,118.67223358154297,1490092
2011-03-04,143.25,145.4499969482422,140.8000030517578,141.35000610351562,119.7738037109375,1470911
2011-03-07,141.0,142.64999389648438,139.14999389648438,140.10000610351562,118.71460723876953,1143987
2011-03-08,142.89999389648438,142.89999389648438,137.5,137.9499969482422,116.8927993774414,801413
2011-03-09,137.10000610351562,139.5,135.8000030517578,136.35000610351562,115.53702545166016,344524
2011-03-10,135.39999389648438,136.0,131.3000030517578,132.6999969482422,112.44414520263672,1515698
2011-03-11,133.0,139.4499969482422,130.25,136.75,115.87594604492188,2721065
2011-03-14,137.0,138.35000610351562,134.10000610351562,135.60000610351562,114.90148162841797,710471
2011-03-15,134.0,137.0,130.60000610351562,131.64999389648438,111.5544204711914,1731147
2011-03-16,132.9499969482422,138.39999389648438,132.0,137.1999969482422,116.25724029541016,1066591
2011-03-17,136.6999969482422,138.0,133.85000610351562,137.14999389648438,116.21492767333984,1055570
2011-03-18,138.39999389648438,141.35000610351562,129.3000030517578,130.85000610351562,110.87654876708984,3738899
2011-03-21,133.4499969482422,133.4499969482422,130.60000610351562,132.5500030517578,112.31706237792969,778357
2011-03-22,133.39999389648438,134.4499969482422,132.0,133.6999969482422,113.29151916503906,567387
2011-03-23,132.14999389648438,134.1999969482422,131.8000030517578,133.89999389648438,113.46096801757812,670944
2011-03-24,134.8000030517578,135.0,132.8000030517578,134.5500030517578,114.01177978515625,494898
2011-03-25,135.39999389648438,137.0,134.3000030517578,135.9499969482422,115.19805908203125,890331
2011-03-28,136.6999969482422,137.89999389648438,135.10000610351562,136.4499969482422,115.62174224853516,772961
2011-03-29,136.85000610351562,141.39999389648438,136.0,139.85000610351562,118.50276184082031,1530775
2011-03-30,140.9499969482422,141.5500030517578,139.85000610351562,140.6999969482422,119.22299194335938,1062918
2011-03-31,141.60000610351562,144.9499969482422,140.4499969482422,143.4499969482422,121.55323791503906,863295
2011-04-01,143.5,148.14999389648438,143.0,146.64999389648438,124.26478576660156,1025499
2011-04-04,147.0,151.60000610351562,145.8000030517578,148.0,125.40872955322266,1116566
2011-04-05,147.10000610351562,150.5,147.10000610351562,148.25,125.6205825805664,1033689
2011-04-06,150.0,153.60000610351562,145.14999389648438,146.5,124.13768768310547,2011071
2011-04-07,148.3000030517578,148.3000030517578,146.25,146.85000610351562,124.43424987792969,300979
2011-04-08,147.0,149.39999389648438,142.0,142.75,120.96007537841797,738425
2011-04-11,143.0,145.75,140.25,142.0,120.32456970214844,724060
2011-04-13,138.35000610351562,143.75,138.35000610351562,142.85000610351562,121.04483795166016,736868
2011-04-15,144.39999389648438,144.39999389648438,140.10000610351562,140.85000610351562,119.3501205444336,463559
2011-04-18,141.1999969482422,142.25,140.10000610351562,141.5500030517578,119.94327545166016,527267
2011-04-19,144.89999389648438,144.89999389648438,138.4499969482422,140.0500030517578,118.67223358154297,484876
2011-04-20,141.8000030517578,143.8000030517578,140.5,141.5500030517578,119.94327545166016,513448
2011-04-21,141.85000610351562,144.5,140.89999389648438,143.0500030517578,121.21427154541016,1426992
2011-04-25,144.10000610351562,145.9499969482422,143.1999969482422,144.89999389648438,122.78189086914062,736455
2011-04-26,146.0,146.89999389648438,144.0,145.0500030517578,122.90901947021484,970182
2011-04-27,145.8000030517578,146.0,139.25,140.3000030517578,118.88407897949219,1206947
2011-04-28,143.0,154.85000610351562,143.0,150.4499969482422,127.4847640991211,9415443
2011-04-29,150.0,154.0,150.0,152.8000030517578,129.47604370117188,4270934
2011-05-02,153.75,154.64999389648438,151.1999969482422,153.5,130.0692138671875,4471445
2011-05-03,154.35000610351562,157.8000030517578,150.5,154.0500030517578,130.53517150878906,6087831
2011-05-04,155.0,156.3000030517578,153.64999389648438,154.39999389648438,130.83177185058594,1055183
2011-05-05,153.9499969482422,155.5,151.5500030517578,152.64999389648438,129.34893798828125,941781
2011-05-06,154.0,154.60000610351562,152.3000030517578,153.6999969482422,130.23866271972656,2979835
2011-05-09,153.10000610351562,154.64999389648438,152.39999389648438,153.75,130.2809600830078,2396271
2011-05-10,155.0,156.0,153.25,154.8000030517578,131.1707305908203,604421
2011-05-11,155.8000030517578,160.39999389648438,152.5500030517578,159.60000610351562,135.23805236816406,1371230
2011-05-12,160.0,160.4499969482422,157.6999969482422,158.1999969482422,134.05172729492188,906522
2011-05-13,158.60000610351562,164.39999389648438,157.5,163.10000610351562,138.20379638671875,1005982
2011-05-16,162.6999969482422,163.3000030517578,157.14999389648438,158.0,133.88226318359375,717305
2011-05-17,158.10000610351562,161.4499969482422,156.5500030517578,157.9499969482422,133.8399200439453,1001938
2011-05-18,159.4499969482422,162.3000030517578,157.60000610351562,159.3000030517578,134.9838409423828,720764
2011-05-19,160.14999389648438,160.9499969482422,157.9499969482422,158.5,134.3059539794922,322176
2011-05-20,160.0,160.0,157.9499969482422,158.8000030517578,134.56016540527344,286391
2011-05-23,157.4499969482422,159.0,156.64999389648438,158.25,134.0941162109375,388697
2011-05-24,158.0,160.89999389648438,157.0,158.4499969482422,134.2635498046875,405702
2011-05-25,158.3000030517578,159.35000610351562,157.14999389648438,158.5,134.3059539794922,244630
2011-05-26,159.35000610351562,161.75,157.5,161.14999389648438,136.5514373779297,1747243
2011-05-27,161.5,163.8000030517578,160.25,160.85000610351562,136.2972412109375,724626
2011-05-30,161.0500030517578,162.0,158.5,159.35000610351562,135.02622985839844,697504
2011-05-31,160.6999969482422,162.0,158.5,159.89999389648438,135.4922332763672,2244584
2011-06-01,158.5500030517578,162.6999969482422,158.5500030517578,161.14999389648438,136.5514373779297,1367909
2011-06-02,160.3000030517578,161.89999389648438,158.60000610351562,161.3000030517578,136.67855834960938,576596
2011-06-03,162.35000610351562,165.89999389648438,162.0,163.60000610351562,138.6274871826172,1217218
2011-06-06,162.14999389648438,164.6999969482422,162.0500030517578,163.10000610351562,138.20379638671875,540667
2011-06-07,163.0,163.25,160.0,160.64999389648438,136.1277618408203,925825
2011-06-08,160.0500030517578,161.75,159.14999389648438,159.9499969482422,135.5346221923828,1258246
2011-06-09,160.35000610351562,161.5,153.0,155.60000610351562,131.84860229492188,937727
2011-06-10,156.39999389648438,156.64999389648438,153.0,153.89999389648438,130.4081268310547,549163
2011-06-13,154.0,157.0,151.25,156.3000030517578,132.44175720214844,817830
2011-06-14,157.35000610351562,157.89999389648438,154.10000610351562,156.6999969482422,132.78070068359375,687544
2011-06-15,157.25,157.25,155.10000610351562,156.4499969482422,132.56884765625,511412
2011-06-16,155.39999389648438,158.85000610351562,151.35000610351562,156.89999389648438,132.95018005371094,1340365
2011-06-17,157.5,158.4499969482422,151.25,152.25,129.00997924804688,996268
2011-06-20,152.6999969482422,153.39999389648438,142.0,150.5,127.527099609375,1741402
2011-06-21,150.6999969482422,151.6999969482422,148.64999389648438,149.4499969482422,126.6373519897461,970004
2011-06-22,150.0,151.0,148.0500030517578,149.0,126.25607299804688,680028
2011-06-23,149.5,155.6999969482422,148.4499969482422,153.0500030517578,129.68785095214844,1243118
2011-06-24,153.89999389648438,159.39999389648438,153.5,157.5,133.45860290527344,1223020
2011-06-27,158.25,163.0,154.64999389648438,161.9499969482422,137.22930908203125,1173892
2011-06-28,162.85000610351562,168.8000030517578,162.0,168.14999389648438,142.48294067382812,2414047
2011-06-29,169.0500030517578,169.75,161.10000610351562,164.8000030517578,139.64427185058594,1536997
2011-06-30,165.39999389648438,167.1999969482422,160.64999389648438,161.64999389648438,136.97512817382812,1337237
2011-07-01,163.0,166.89999389648438,160.5500030517578,161.4499969482422,136.80564880371094,735187
2011-07-04,163.60000610351562,163.89999389648438,161.0,161.89999389648438,137.1869659423828,831794
2011-07-05,162.0,165.25,161.5,162.64999389648438,137.8224639892578,892936
2011-07-06,163.4499969482422,167.0,162.60000610351562,166.35000610351562,140.9577178955078,1348159
2011-07-07,167.5,173.5,166.5,171.0,144.8979034423828,2867168
2011-07-08,172.4499969482422,173.5,166.14999389648438,167.6999969482422,142.10162353515625,1313254
2011-07-11,168.9499969482422,169.89999389648438,165.60000610351562,167.6999969482422,142.10162353515625,486940
2011-07-12,166.0500030517578,167.85000610351562,163.0,164.25,139.17823791503906,481554
2011-07-13,164.9499969482422,166.6999969482422,163.0500030517578,164.0,138.9664306640625,1904771
2011-07-14,163.64999389648438,165.89999389648438,163.0,164.85000610351562,140.1995849609375,512147
2011-07-15,164.10000610351562,170.39999389648438,164.10000610351562,168.75,143.5164031982422,2117520
2011-07-18,169.6999969482422,171.6999969482422,167.25,167.9499969482422,142.83602905273438,1519848
2011-07-19,169.0,173.4499969482422,168.0,172.60000610351562,146.79071044921875,2449555
2011-07-20,174.4499969482422,174.60000610351562,167.3000030517578,170.35000610351562,144.87716674804688,2156605
2011-07-21,163.14999389648438,164.0,152.0500030517578,154.35000610351562,131.26968383789062,8363545
2011-07-22,155.5,156.89999389648438,148.10000610351562,149.60000610351562,127.22996520996094,6305844
2011-07-25,149.60000610351562,152.25,149.60000610351562,150.8000030517578,128.25051879882812,2094271
2011-07-26,151.4499969482422,152.1999969482422,149.0500030517578,150.35000610351562,127.86784362792969,1148905
2011-07-27,151.0,151.5,148.35000610351562,149.6999969482422,127.31499481201172,1523803
2011-07-28,149.0,153.14999389648438,148.5,149.8000030517578,127.40003204345703,1369769
2011-07-29,149.4499969482422,156.0,148.8000030517578,155.0,131.8224639892578,1952931
2011-08-01,156.10000610351562,157.9499969482422,152.10000610351562,153.0500030517578,130.16407775878906,822647
2011-08-02,153.0500030517578,153.0500030517578,148.5,149.89999389648438,127.4850845336914,572956
2011-08-03,148.5,151.5,146.60000610351562,150.39999389648438,127.91032409667969,697351
2011-08-04,151.0,153.14999389648438,149.3000030517578,150.0500030517578,127.61266326904297,483327
2011-08-05,145.25,153.6999969482422,143.14999389648438,152.89999389648438,130.03648376464844,1771517
2011-08-08,151.0,154.3000030517578,146.39999389648438,152.60000610351562,129.78140258789062,1577286
2011-08-09,148.10000610351562,155.0,147.0,153.89999389648438,130.88694763183594,1488809
2011-08-10,155.10000610351562,157.6999969482422,152.3000030517578,153.25,130.3341522216797,1178491
2011-08-11,153.25,161.39999389648438,152.5,159.25,135.43698120117188,4684458
2011-08-12,161.89999389648438,188.1999969482422,157.0,157.8000030517578,134.20376586914062,3376079
2011-08-16,159.85000610351562,160.8000030517578,156.3000030517578,158.10000610351562,134.4589385986328,789314
2011-08-17,158.10000610351562,158.10000610351562,153.60000610351562,154.5,131.39724731445312,478002
2011-08-18,154.1999969482422,156.0,149.3000030517578,150.35000610351562,127.86784362792969,557984
2011-08-19,149.25,151.9499969482422,146.0,150.3000030517578,127.82528686523438,1586163
2011-08-22,152.0,155.0,148.3000030517578,152.5,129.69631958007812,1360246
2011-08-23,153.0,157.0,152.1999969482422,155.75,132.46034240722656,1235466
2011-08-24,154.25,157.89999389648438,150.35000610351562,151.4499969482422,128.8032989501953,523468
2011-08-25,152.0,152.9499969482422,149.14999389648438,151.10000610351562,128.5056915283203,645174
2011-08-26,151.10000610351562,152.89999389648438,141.5,143.60000610351562,122.12716674804688,665482
2011-08-29,143.60000610351562,149.9499969482422,142.0,148.9499969482422,126.67717742919922,1337474
2011-08-30,150.0,153.0,148.4499969482422,149.5500030517578,127.18742370605469,660486
2011-09-02,150.5500030517578,151.39999389648438,146.14999389648438,146.89999389648438,124.93367004394531,1285584
2011-09-05,145.10000610351562,146.0,143.89999389648438,144.35000610351562,122.76498413085938,876555
2011-09-06,144.1999969482422,146.60000610351562,143.0500030517578,144.35000610351562,122.76498413085938,1593412
2011-09-07,145.9499969482422,147.9499969482422,144.5,146.25,124.38091278076172,2203238
2011-09-08,146.5500030517578,147.5500030517578,141.64999389648438,142.64999389648438,121.3191909790039,1833504
2011-09-09,142.6999969482422,143.5500030517578,135.0,136.9499969482422,116.4715576171875,3233401
2011-09-12,136.5,136.5,130.89999389648438,131.3000030517578,111.6663818359375,2493822
2011-09-13,131.5,134.75,130.5,131.64999389648438,111.96405029296875,2863006
2011-09-14,142.39999389648438,142.39999389648438,130.64999389648438,131.35000610351562,111.70893859863281,3005407
2011-09-15,133.89999389648438,137.5500030517578,129.5,136.39999389648438,116.00375366210938,4945853
2011-09-16,137.0,137.25,131.0,132.64999389648438,112.81452941894531,4463369
2011-09-19,131.75,134.75,131.0,133.75,113.75003051757812,1171503
2011-09-20,133.8000030517578,135.10000610351562,132.6999969482422,133.0,113.1121826171875,1192148
2011-09-21,133.0,137.5,132.25,137.0500030517578,116.55660247802734,2119746
2011-09-22,134.89999389648438,136.3000030517578,133.14999389648438,134.14999389648438,114.0902328491211,2174417
2011-09-23,134.0,134.3000030517578,129.85000610351562,130.9499969482422,111.36872863769531,2551196
2011-09-26,131.10000610351562,133.25,130.0,132.5500030517578,112.72948455810547,1336934
2011-09-27,134.64999389648438,135.0500030517578,130.6999969482422,132.60000610351562,112.77201843261719,1611345
2011-09-28,132.85000610351562,133.5,127.6500015258789,129.60000610351562,110.22061157226562,1237848
2011-09-29,128.5,132.9499969482422,127.0,131.85000610351562,112.13417053222656,2485921
2011-09-30,131.3000030517578,131.8000030517578,128.1999969482422,129.60000610351562,110.22061157226562,2691186
2011-10-03,128.0500030517578,132.10000610351562,127.3499984741211,131.35000610351562,111.70893859863281,1733693
2011-10-04,131.5,134.9499969482422,131.0,132.0,112.26171112060547,3972737
2011-10-05,133.4499969482422,134.89999389648438,130.3000030517578,131.0,111.41124725341797,2145478
2011-10-07,132.3000030517578,133.85000610351562,130.5,131.1999969482422,111.58133697509766,1225362
2011-10-10,131.1999969482422,131.5500030517578,128.89999389648438,129.9499969482422,110.51825714111328,2836097
2011-10-11,131.0,132.9499969482422,131.0,132.25,112.47433471679688,1241441
2011-10-12,132.1999969482422,137.35000610351562,131.5,135.4499969482422,115.19583129882812,2397721
2011-10-13,136.25,138.0,135.3000030517578,136.35000610351562,115.96126556396484,1507435
2011-10-14,136.35000610351562,137.10000610351562,132.35000610351562,133.60000610351562,113.62248229980469,1121316
2011-10-17,134.10000610351562,138.5,132.5,137.85000610351562,117.23695373535156,1970989
2011-10-18,137.5,138.0,133.0,134.14999389648438,114.0902328491211,742089
2011-10-19,134.25,136.1999969482422,130.8000030517578,131.39999389648438,111.75144958496094,1166520
2011-10-20,130.35000610351562,133.60000610351562,118.19999694824219,121.30000305175781,103.16173553466797,13462430
2011-10-21,121.30000305175781,122.69999694824219,117.5999984741211,118.1500015258789,100.48274230957031,6819760
2011-10-24,119.80000305175781,120.4000015258789,114.1500015258789,114.69999694824219,97.54863739013672,2505672
2011-10-25,114.69999694824219,115.69999694824219,108.0,109.0,92.70095825195312,6003229
2011-10-28,115.0,121.4000015258789,114.9000015258789,119.8499984741211,101.92855072021484,4499533
2011-10-31,119.8499984741211,122.1500015258789,118.69999694824219,121.19999694824219,103.07666778564453,1995746
2011-11-01,123.0,127.0,120.0,121.69999694824219,103.50191497802734,1735755
2011-11-02,121.0,121.5999984741211,119.19999694824219,121.19999694824219,103.84461975097656,1252717
2011-11-03,121.0,124.9000015258789,120.25,124.1500015258789,106.37218475341797,1599924
2011-11-04,125.05000305175781,126.30000305175781,124.55000305175781,125.30000305175781,107.35752868652344,1353344
2011-11-08,125.94999694824219,126.4000015258789,122.4000015258789,123.75,106.02947235107422,760369
2011-11-09,124.9000015258789,126.6500015258789,122.0,122.55000305175781,105.00131225585938,1027091
2011-11-11,121.05000305175781,123.75,117.55000305175781,122.80000305175781,105.21552276611328,1491009
2011-11-14,124.0999984741211,125.44999694824219,123.19999694824219,124.5,106.67207336425781,1692947
2011-11-15,124.5999984741211,124.5999984741211,120.0,121.0,103.67325592041016,3288939
2011-11-16,120.4000015258789,120.94999694824219,115.0999984741211,115.94999694824219,99.34640502929688,1496304
2011-11-17,115.0,118.0,111.19999694824219,115.1500015258789,98.66094970703125,4330843
2011-11-18,114.9000015258789,115.5,111.1500015258789,113.8499984741211,97.54712677001953,1122339
2011-11-21,113.94999694824219,116.75,112.0,112.5999984741211,96.47611236572266,457740
2011-11-22,114.0,116.0,112.0,112.5999984741211,96.47611236572266,576367
2011-11-23,114.0,114.0,110.0,111.0999984741211,95.19091796875,697065
2011-11-24,111.1500015258789,117.19999694824219,110.05000305175781,114.5,98.10404968261719,2084226
2011-11-25,114.5,116.5999984741211,112.0,114.80000305175781,98.36109161376953,1895818
2011-11-28,117.0,118.30000305175781,114.94999694824219,115.69999694824219,99.13218688964844,1016913
2011-11-29,117.0,118.5,114.5999984741211,115.5999984741211,99.04652404785156,1014570
2011-11-30,113.3499984741211,116.80000305175781,113.3499984741211,116.4000015258789,99.73197174072266,447558
2011-12-01,117.0,119.9000015258789,115.0999984741211,116.4000015258789,99.73197174072266,521083
2011-12-02,116.9000015258789,118.5,115.3499984741211,118.1500015258789,101.23136901855469,542700
2011-12-05,118.55000305175781,120.55000305175781,115.69999694824219,119.55000305175781,102.43091583251953,345871
2011-12-07,120.0,124.25,119.5999984741211,122.9000015258789,105.30120086669922,1024200
2011-12-08,123.1500015258789,123.80000305175781,118.19999694824219,120.05000305175781,102.85929870605469,790465
2011-12-09,117.0999984741211,119.69999694824219,116.0,119.0,101.95964813232422,643810
2011-12-12,120.0,122.94999694824219,118.25,119.4000015258789,102.30238342285156,893253
2011-12-13,119.4000015258789,119.4000015258789,116.0999984741211,117.25,100.46024322509766,460258
2011-12-14,117.9000015258789,120.0,115.25,118.75,101.74546813964844,455967
2011-12-15,118.0,118.0,114.0999984741211,115.55000305175781,99.00369262695312,657847
2011-12-16,115.80000305175781,117.5,113.4000015258789,115.05000305175781,98.57527923583984,631281
2011-12-19,114.5999984741211,114.80000305175781,108.5,110.9000015258789,95.01954650878906,1309872
2011-12-20,112.0,114.0,104.30000305175781,105.69999694824219,90.56416320800781,1019316
2011-12-21,109.9000015258789,109.9000015258789,101.0,103.75,88.89338684082031,2466940
2011-12-22,101.9000015258789,106.0999984741211,98.69999694824219,105.8499984741211,90.69269561767578,1593743
2011-12-23,106.0,110.55000305175781,104.5,108.0,92.53482055664062,852930
2011-12-26,109.0999984741211,110.94999694824219,105.30000305175781,106.69999694824219,91.42096710205078,821946
2011-12-27,106.3499984741211,106.44999694824219,104.05000305175781,104.44999694824219,89.49314880371094,470823
2011-12-28,104.05000305175781,104.44999694824219,100.5,101.8499984741211,87.26544952392578,1042175
2011-12-29,101.69999694824219,109.4000015258789,100.3499984741211,107.44999694824219,92.06355285644531,1632609
2011-12-30,108.9000015258789,109.44999694824219,104.25,105.05000305175781,90.00721740722656,978598
2012-01-02,105.80000305175781,108.80000305175781,104.55000305175781,107.75,92.32063293457031,559248
2012-01-03,108.5,112.19999694824219,107.75,110.9000015258789,95.01954650878906,1233423
2012-01-04,110.25,113.5,110.05000305175781,112.9000015258789,96.733154296875,2327884
2012-01-05,114.4000015258789,116.5,112.9000015258789,115.94999694824219,99.34640502929688,2015653
2012-01-06,115.5999984741211,117.30000305175781,114.0,115.05000305175781,98.57527923583984,1740828
2012-01-09,116.05000305175781,117.0,114.55000305175781,115.19999694824219,98.70380401611328,321386
2012-01-10,116.69999694824219,119.5,116.1500015258789,118.80000305175781,101.7883071899414,427668
2012-01-11,119.80000305175781,121.0,117.80000305175781,120.0999984741211,102.90213775634766,907133
2012-01-12,119.80000305175781,122.75,119.25,120.55000305175781,103.2876968383789,2165821
2012-01-13,121.0,122.0,119.55000305175781,121.05000305175781,103.71610260009766,1536870
2012-01-16,120.75,124.69999694824219,118.1500015258789,123.30000305175781,105.64391326904297,1594041
2012-01-17,124.69999694824219,124.94999694824219,120.69999694824219,121.9000015258789,104.44440460205078,464917
2012-01-18,123.0,123.69999694824219,119.5999984741211,120.80000305175781,103.50191497802734,493372
2012-01-19,121.5,123.0,119.5,120.05000305175781,102.85929870605469,1948590
2012-01-20,121.0999984741211,130.35000610351562,120.1500015258789,125.5999984741211,107.61455535888672,6479825
2012-01-23,125.80000305175781,129.0,125.19999694824219,128.0500030517578,109.7137222290039,3306919
2012-01-24,129.1999969482422,130.75,126.05000305175781,129.4499969482422,110.91324615478516,3204803
2012-01-25,130.9499969482422,130.9499969482422,127.55000305175781,128.85000610351562,110.39918518066406,2074013
2012-01-27,128.0,132.8000030517578,128.0,129.89999389648438,111.2988052368164,1284117
2012-01-30,129.89999389648438,132.25,126.25,130.8000030517578,112.0699462890625,2427838
2012-01-31,131.5,133.75,130.0,132.60000610351562,113.61219787597656,2059185
2012-02-01,130.0500030517578,135.10000610351562,130.0500030517578,133.64999389648438,114.5118408203125,946475
2012-02-02,130.0500030517578,137.9499969482422,130.0500030517578,137.1999969482422,117.55349731445312,1322982
2012-02-03,136.0500030517578,137.6999969482422,134.10000610351562,136.89999389648438,117.29642486572266,552419
2012-02-06,137.89999389648438,140.75,137.0,137.5500030517578,117.85337829589844,766366
2012-02-07,137.5500030517578,138.89999389648438,135.5,136.75,117.16791534423828,1243290
2012-02-08,132.0,138.5,130.0500030517578,135.14999389648438,115.7970199584961,2786543
2012-02-09,130.5,138.25,130.5,137.14999389648438,117.5106201171875,632751
2012-02-10,138.10000610351562,140.0,132.1999969482422,134.60000610351562,115.32581329345703,983430
2012-02-13,135.10000610351562,136.6999969482422,133.3000030517578,136.0,116.52530670166016,525210
2012-02-14,137.0,139.0,136.0,137.0500030517578,117.42497253417969,627313
2012-02-15,137.0,142.5,137.0,140.5500030517578,120.42376708984375,1291180
2012-02-16,141.39999389648438,144.0,140.39999389648438,141.64999389648438,121.36627197265625,1255400
2012-02-17,142.0,143.5500030517578,136.64999389648438,137.35000610351562,117.68201446533203,988309
2012-02-21,139.6999969482422,141.1999969482422,135.0,136.35000610351562,116.8251953125,1377475
2012-02-22,137.10000610351562,137.60000610351562,129.0,131.3000030517578,112.49834442138672,1844104
2012-02-23,130.64999389648438,139.8000030517578,126.6500015258789,138.0,118.23893737792969,1613951
2012-02-24,138.0,138.75,132.0,134.9499969482422,115.62567901611328,1771335
2012-02-27,135.0,136.6999969482422,130.9499969482422,133.5,114.38331604003906,817842
2012-02-28,134.0,137.89999389648438,133.0,135.60000610351562,116.18260955810547,606819
2012-02-29,137.0,139.89999389648438,134.0,135.14999389648438,115.7970199584961,736757
2012-03-01,134.0,136.89999389648438,133.10000610351562,133.9499969482422,114.76886749267578,282031
2012-03-02,135.0,137.10000610351562,132.25,135.89999389648438,116.43965148925781,641934
2012-03-05,134.0,135.4499969482422,130.3000030517578,133.14999389648438,114.08341979980469,537541
2012-03-06,133.10000610351562,142.35000610351562,131.6999969482422,134.60000610351562,115.32581329345703,799239
2012-03-07,133.75,137.6999969482422,132.1999969482422,137.14999389648438,117.5106201171875,503204
2012-03-09,137.5500030517578,140.6999969482422,136.10000610351562,139.0500030517578,119.13858795166016,661844
2012-03-12,140.39999389648438,145.5,138.0,144.85000610351562,124.10803985595703,2038311
2012-03-13,146.0,149.5,143.3000030517578,144.75,124.0223388671875,1705639
2012-03-14,146.0,148.3000030517578,142.5500030517578,143.6999969482422,123.12271118164062,1931278
2012-03-15,142.0,145.4499969482422,139.0,144.5500030517578,123.8509750366211,1276653
2012-03-16,144.89999389648438,147.60000610351562,141.60000610351562,146.25,125.30756378173828,1174723
2012-03-19,146.5500030517578,150.35000610351562,146.39999389648438,147.35000610351562,126.25006103515625,1213970
2012-03-20,147.0,148.4499969482422,143.5,146.89999389648438,125.86446380615234,1008196
2012-03-21,145.0500030517578,150.0,145.0500030517578,148.60000610351562,127.32108306884766,645452
2012-03-22,150.14999389648438,151.14999389648438,141.0,146.25,125.30756378173828,1423859
2012-03-23,146.1999969482422,147.39999389648438,144.0,145.3000030517578,124.49358367919922,587360
2012-03-26,145.85000610351562,149.89999389648438,143.0500030517578,147.3000030517578,126.20720672607422,1195766
2012-03-27,148.5,150.3000030517578,144.9499969482422,147.4499969482422,126.33572387695312,669893
2012-03-28,147.85000610351562,147.89999389648438,142.6999969482422,143.75,123.16556549072266,422622
2012-03-29,142.0500030517578,144.85000610351562,139.5500030517578,143.3000030517578,122.77999114990234,1232244
2012-03-30,143.3000030517578,150.39999389648438,142.4499969482422,149.1999969482422,127.83512878417969,809297
2012-04-02,151.60000610351562,151.60000610351562,145.1999969482422,145.9499969482422,125.05049896240234,1198767
2012-04-03,147.85000610351562,148.8000030517578,145.5500030517578,146.14999389648438,125.22187805175781,458796
2012-04-04,145.0500030517578,146.0,143.8000030517578,145.35000610351562,124.53645324707031,463149
2012-04-09,144.9499969482422,145.0,141.10000610351562,141.75,121.45194244384766,536408
2012-04-10,142.10000610351562,143.9499969482422,140.3000030517578,140.9499969482422,120.76649475097656,1824106
2012-04-11,140.0,140.5,136.5,136.9499969482422,117.33927154541016,596999
2012-04-12,137.0500030517578,140.6999969482422,135.9499969482422,139.35000610351562,119.3956298828125,792578
2012-04-13,141.89999389648438,143.75,136.5500030517578,137.5500030517578,117.85337829589844,924091
2012-04-16,137.9499969482422,139.4499969482422,135.0,135.5500030517578,116.13978576660156,629632
2012-04-17,136.1999969482422,140.35000610351562,135.10000610351562,139.3000030517578,119.35275268554688,619810
2012-04-18,140.0500030517578,140.6999969482422,130.5,132.0500030517578,113.14093780517578,1608233
2012-04-19,133.5,133.5,128.0,130.14999389648438,111.51302337646484,3753018
2012-04-20,130.35000610351562,133.0,129.0,129.6999969482422,111.1274642944336,1546614
2012-04-23,129.5,130.3000030517578,127.5,129.64999389648438,111.08462524414062,1316280
2012-04-24,130.0,130.0,125.0,126.30000305175781,108.21432495117188,1888713
2012-04-25,126.80000305175781,127.75,121.25,123.0,105.38687896728516,1522034
2012-04-26,124.05000305175781,125.9000015258789,121.69999694824219,123.6500015258789,105.94378662109375,2343274
2012-04-27,124.4000015258789,128.39999389648438,122.9000015258789,125.69999694824219,107.70023345947266,1420074
2012-04-30,130.0,130.39999389648438,125.5999984741211,129.3000030517578,110.78474426269531,2095807
2012-05-02,129.89999389648438,129.89999389648438,125.25,125.5,107.52887725830078,888371
2012-05-03,127.9000015258789,127.9000015258789,120.25,121.6500015258789,104.23017883300781,2620992
2012-05-04,122.0999984741211,124.80000305175781,120.0,124.0,106.24366760253906,2201206
2012-05-07,124.5,126.55000305175781,121.5,126.25,108.17147827148438,707243
2012-05-08,127.0,129.0,124.5,125.19999694824219,107.2718276977539,1055426
2012-05-09,125.5,127.94999694824219,122.0999984741211,126.69999694824219,108.55702209472656,926246
2012-05-10,127.69999694824219,129.9499969482422,121.55000305175781,124.30000305175781,106.50072479248047,717081
2012-05-11,122.0999984741211,123.69999694824219,120.5999984741211,121.5,104.10167694091797,694358
2012-05-14,121.75,123.0,118.5999984741211,119.6500015258789,102.51657104492188,813055
2012-05-15,119.80000305175781,120.0,116.44999694824219,117.25,100.46024322509766,1082303
2012-05-16,114.9000015258789,121.30000305175781,112.1500015258789,119.94999694824219,102.77362060546875,1967146
2012-05-17,121.0,121.94999694824219,118.5999984741211,119.6500015258789,102.51657104492188,891119
2012-05-18,118.80000305175781,120.69999694824219,114.8499984741211,118.19999694824219,101.27421569824219,1881490
2012-05-21,122.0,122.30000305175781,117.4000015258789,118.3499984741211,101.40275573730469,707007
2012-05-22,119.0,121.94999694824219,117.5,118.19999694824219,101.27421569824219,661187
2012-05-23,117.80000305175781,118.4000015258789,114.5,117.0,100.24604797363281,1136017
2012-05-24,117.25,121.0999984741211,117.25,120.0999984741211,102.90213775634766,866079
2012-05-25,120.19999694824219,124.8499984741211,119.5,124.0,106.24366760253906,919907
2012-05-28,125.69999694824219,126.9000015258789,124.5999984741211,125.9000015258789,107.87159729003906,1059548
2012-05-29,126.55000305175781,126.55000305175781,122.94999694824219,123.6500015258789,105.94378662109375,447988
2012-05-30,123.0,123.9000015258789,119.05000305175781,119.9000015258789,102.73079681396484,1004850
2012-05-31,117.19999694824219,120.0,117.19999694824219,118.30000305175781,101.3598861694336,1352282
2012-06-01,118.80000305175781,119.69999694824219,115.55000305175781,116.5,99.8176498413086,1625370
2012-06-04,115.0999984741211,119.5,113.94999694824219,117.75,100.88865661621094,1505296
2012-06-05,119.55000305175781,125.0,118.1500015258789,124.55000305175781,106.71492004394531,1186752
2012-06-06,124.55000305175781,126.5,124.55000305175781,125.5,107.52887725830078,481075
2012-06-07,126.44999694824219,128.8000030517578,125.55000305175781,128.14999389648438,109.7994155883789,921419
2012-06-08,127.80000305175781,132.14999389648438,126.30000305175781,129.35000610351562,110.82757568359375,1584509
2012-06-11,130.9499969482422,133.1999969482422,130.5,132.3000030517578,113.35515594482422,1557751
2012-06-12,133.0,133.8000030517578,130.85000610351562,132.64999389648438,113.65501403808594,615388
2012-06-13,132.5500030517578,133.5,131.89999389648438,132.9499969482422,113.91207122802734,1218981
2012-06-14,131.9499969482422,133.5,130.89999389648438,131.5500030517578,112.7125473022461,389226
2012-06-15,132.89999389648438,134.89999389648438,132.10000610351562,134.5,115.2401123046875,719098
2012-06-18,136.85000610351562,137.60000610351562,131.35000610351562,133.0,113.95491027832031,499565
2012-06-19,131.75,134.64999389648438,131.0,133.60000610351562,114.46898651123047,643869
2012-06-20,135.1999969482422,135.89999389648438,133.60000610351562,134.35000610351562,115.11160278320312,784282
2012-06-21,133.0,136.89999389648438,133.0,136.60000610351562,117.03942108154297,1144068
2012-06-22,136.0,137.0,133.89999389648438,134.6999969482422,115.41146850585938,268467
2012-06-25,135.3000030517578,136.89999389648438,134.25,135.89999389648438,116.43965148925781,1057259
2012-06-26,137.3000030517578,139.39999389648438,135.89999389648438,137.4499969482422,117.76770782470703,937554
2012-06-27,139.5,139.5,136.39999389648438,136.8000030517578,117.21078491210938,1592499
2012-06-28,136.5,137.89999389648438,134.0,135.25,115.88272094726562,1346109
2012-06-29,135.5,137.39999389648438,135.25,136.64999389648438,117.08222198486328,335339
2012-07-02,137.5,138.39999389648438,135.5,136.89999389648438,117.29642486572266,633581
2012-07-03,138.8000030517578,139.4499969482422,136.1999969482422,138.9499969482422,119.05291748046875,1360346
2012-07-04,139.14999389648438,140.8000030517578,136.60000610351562,137.25,117.59632873535156,1237965
2012-07-05,138.0500030517578,138.75,136.10000610351562,138.4499969482422,118.62449645996094,878958
2012-07-06,137.25,137.4499969482422,136.10000610351562,136.5,117.46275329589844,211515
2012-07-09,137.4499969482422,139.35000610351562,135.3000030517578,138.0500030517578,118.7966079711914,750241
2012-07-10,138.64999389648438,139.39999389648438,137.1999969482422,138.35000610351562,119.05477905273438,482678
2012-07-11,138.4499969482422,138.4499969482422,135.0,135.64999389648438,116.7313003540039,297103
2012-07-12,135.64999389648438,139.4499969482422,133.75,138.9499969482422,119.57109832763672,999443
2012-07-13,139.9499969482422,140.6999969482422,137.35000610351562,137.85000610351562,118.62450408935547,533016
2012-07-16,138.1999969482422,138.5,134.5500030517578,135.75,116.81736755371094,2400516
2012-07-17,137.3000030517578,138.0,131.6999969482422,132.35000610351562,113.89158630371094,992603
2012-07-18,134.4499969482422,134.4499969482422,130.10000610351562,130.8000030517578,112.55773162841797,888827
2012-07-19,133.0,133.0,130.0,130.3000030517578,112.12747192382812,348161
2012-07-20,131.5,135.0,129.60000610351562,132.8000030517578,114.27880859375,1019465
2012-07-23,130.89999389648438,132.89999389648438,128.8000030517578,129.8000030517578,111.69719696044922,564856
2012-07-24,130.0,130.60000610351562,126.44999694824219,129.64999389648438,111.56812286376953,1058020
2012-07-25,130.14999389648438,130.5500030517578,127.1500015258789,127.80000305175781,109.97613525390625,558276
2012-07-26,129.3000030517578,129.6999969482422,124.6500015258789,127.8499984741211,110.0191650390625,1878764
2012-07-27,128.89999389648438,129.85000610351562,123.5999984741211,127.3499984741211,109.58890533447266,679123
2012-07-30,128.3000030517578,129.0,125.6500015258789,127.5,109.71797180175781,757815
2012-07-31,128.0,129.1999969482422,126.55000305175781,128.35000610351562,110.44941711425781,912435
2012-08-01,128.25,128.89999389648438,127.0,128.60000610351562,110.66456604003906,1408013
2012-08-02,128.64999389648438,129.75,128.0500030517578,129.14999389648438,111.13783264160156,866455
2012-08-03,128.5,129.0,127.0,128.39999389648438,110.4924545288086,402698
2012-08-06,129.4499969482422,130.39999389648438,128.60000610351562,129.60000610351562,111.52510070800781,593254
2012-08-07,129.60000610351562,131.3000030517578,129.1999969482422,130.25,112.08444213867188,696552
2012-08-08,130.35000610351562,131.25,129.10000610351562,130.5500030517578,112.34259796142578,475233
2012-08-09,131.0,132.0,128.0,129.75,111.65416717529297,717163
2012-08-10,130.10000610351562,130.85000610351562,128.10000610351562,130.10000610351562,111.95536804199219,656764
2012-08-13,130.10000610351562,131.1999969482422,129.1999969482422,131.0,112.7298355102539,1999218
2012-08-14,131.5,133.89999389648438,131.10000610351562,133.0500030517578,114.49393463134766,2959449
2012-08-16,134.10000610351562,134.89999389648438,131.60000610351562,132.8000030517578,114.27880859375,1218825
2012-08-17,132.85000610351562,133.89999389648438,128.5,129.39999389648438,111.35297393798828,1685446
2012-08-21,129.1999969482422,130.0,127.0999984741211,128.35000610351562,110.44941711425781,2147899
2012-08-22,128.35000610351562,128.85000610351562,127.0,127.1500015258789,109.41678619384766,1400220
2012-08-23,128.0500030517578,130.25,126.0,129.1999969482422,111.18089294433594,2619327
2012-08-24,129.0500030517578,134.8000030517578,129.0500030517578,134.0500030517578,115.35446166992188,1463463
2012-08-27,134.0500030517578,136.0,133.0,135.3000030517578,116.4301528930664,1099940
2012-08-28,135.25,136.5,134.0500030517578,135.5500030517578,116.64527893066406,1544857
2012-08-29,135.9499969482422,136.3000030517578,130.60000610351562,133.89999389648438,115.22537231445312,1122327
2012-08-30,132.0500030517578,133.39999389648438,130.10000610351562,131.39999389648438,113.07405090332031,1763628
2012-08-31,131.5,135.10000610351562,128.10000610351562,133.89999389648438,115.22537231445312,887021
2012-09-03,133.6999969482422,138.4499969482422,131.64999389648438,138.0500030517578,118.7966079711914,1079761
2012-09-04,138.75,144.4499969482422,138.5,143.10000610351562,123.14229583740234,2541313
2012-09-05,143.39999389648438,146.3000030517578,142.25,142.89999389648438,122.97020721435547,2032988
2012-09-06,144.1999969482422,144.89999389648438,141.0,142.5,122.62598419189453,636367
2012-09-07,145.9499969482422,145.9499969482422,141.1999969482422,142.14999389648438,122.32476806640625,1168382
2012-09-10,144.5,144.5,141.75,143.10000610351562,123.14229583740234,251077
2012-09-11,143.0,144.0,141.0,142.25,122.41082763671875,434936
2012-09-12,142.5,143.39999389648438,139.6999969482422,141.39999389648438,121.6793441772461,603849
2012-09-13,142.3000030517578,145.0,142.0500030517578,143.89999389648438,123.83068084716797,1087007
2012-09-14,144.5,147.64999389648438,143.60000610351562,144.60000610351562,124.43311309814453,1033312
2012-09-17,145.60000610351562,145.60000610351562,141.85000610351562,144.14999389648438,124.04584503173828,736648
2012-09-18,144.60000610351562,146.25,142.64999389648438,145.1999969482422,124.94941711425781,948698
2012-09-20,143.5500030517578,148.89999389648438,142.0,146.1999969482422,125.8099365234375,1129077
2012-09-21,147.10000610351562,150.5,147.10000610351562,148.85000610351562,128.09036254882812,1839340
2012-09-24,149.9499969482422,149.9499969482422,142.10000610351562,142.6999969482422,122.79805755615234,1739354
2012-09-25,143.1999969482422,146.1999969482422,140.35000610351562,145.0500030517578,124.82034301757812,1024040
2012-09-26,144.3000030517578,148.6999969482422,143.5500030517578,148.1999969482422,127.531005859375,654808
2012-09-27,148.9499969482422,149.4499969482422,145.60000610351562,147.5500030517578,126.9716567993164,1291862
2012-09-28,148.0,156.89999389648438,148.0,153.3000030517578,131.9197235107422,2488486
2012-10-01,152.5,154.89999389648438,151.5,153.60000610351562,132.1778564453125,946044
2012-10-03,153.64999389648438,154.39999389648438,150.14999389648438,151.14999389648438,130.06956481933594,590901
2012-10-04,152.0,154.25,150.39999389648438,151.39999389648438,130.28472900390625,983265
2012-10-05,154.60000610351562,155.0,149.14999389648438,151.85000610351562,130.6719512939453,2051757
2012-10-08,152.89999389648438,154.1999969482422,148.14999389648438,153.35000610351562,131.9627685546875,2410488
2012-10-09,154.39999389648438,154.39999389648438,149.8000030517578,150.85000610351562,129.81143188476562,576308
2012-10-10,150.0,154.89999389648438,148.14999389648438,154.10000610351562,132.60816955566406,1119171
2012-10-11,155.0,156.0,151.6999969482422,152.85000610351562,131.532470703125,1128702
2012-10-12,152.6999969482422,154.8000030517578,148.6999969482422,150.14999389648438,129.2090301513672,1591212
2012-10-15,150.0,153.0,149.25,151.89999389648438,130.71498107910156,585970
2012-10-16,153.8000030517578,157.6999969482422,153.0500030517578,156.75,134.88856506347656,2760593
2012-10-17,158.5,159.6999969482422,156.8000030517578,158.64999389648438,136.52357482910156,1861190
2012-10-18,158.0,163.25,157.1999969482422,162.60000610351562,139.9226837158203,3482753
2012-10-19,163.89999389648438,166.39999389648438,147.10000610351562,148.1999969482422,127.531005859375,12651902
2012-10-22,148.0,148.0,141.3000030517578,142.25,122.41082763671875,5875815
2012-10-23,142.39999389648438,144.0,139.10000610351562,139.60000610351562,120.13043212890625,3120425
2012-10-25,139.85000610351562,141.9499969482422,139.14999389648438,140.0,120.4746322631836,2381692
2012-10-29,139.0,141.35000610351562,138.0500030517578,140.85000610351562,121.20608520507812,1046800
2012-10-30,140.85000610351562,141.3000030517578,139.4499969482422,140.0500030517578,120.51766204833984,1118674
2012-10-31,138.1999969482422,142.0,137.10000610351562,141.5500030517578,122.6844253540039,851143
2012-11-01,142.10000610351562,143.4499969482422,141.1999969482422,141.6999969482422,122.81446075439453,879496
2012-11-02,142.5,144.39999389648438,142.25,142.8000030517578,123.76785278320312,1029135
2012-11-05,142.14999389648438,143.0,138.6999969482422,139.6999969482422,121.08104705810547,624013
2012-11-06,141.0,141.0,137.25,138.5,120.04093933105469,1062580
2012-11-07,138.60000610351562,141.1999969482422,137.64999389648438,140.3000030517578,121.60105895996094,1352899
2012-11-08,140.0,140.0,138.10000610351562,139.64999389648438,121.0376968383789,965453
2012-11-09,141.89999389648438,141.89999389648438,137.5500030517578,138.14999389648438,119.73760223388672,832542
2012-11-12,138.89999389648438,139.60000610351562,136.25,139.0,120.47431945800781,3164454
2012-11-15,139.75,139.75,135.5,137.35000610351562,119.04423522949219,1566576
2012-11-16,136.60000610351562,140.89999389648438,136.10000610351562,138.9499969482422,120.43099975585938,1333738
2012-11-19,138.9499969482422,140.39999389648438,137.10000610351562,139.0500030517578,120.5176773071289,542233
2012-11-20,140.6999969482422,140.6999969482422,138.1999969482422,138.75,120.25763702392578,1290625
2012-11-21,139.0500030517578,139.89999389648438,137.5,139.0500030517578,120.5176773071289,564844
2012-11-22,138.89999389648438,141.6999969482422,138.39999389648438,140.5500030517578,121.81773376464844,976782
2012-11-23,140.9499969482422,141.25,139.0500030517578,139.89999389648438,121.25435638427734,498968
2012-11-26,140.25,141.64999389648438,139.10000610351562,141.0500030517578,122.2510986328125,594145
2012-11-27,141.8000030517578,145.39999389648438,141.0500030517578,144.89999389648438,125.58798217773438,1420379
2012-11-29,146.0,146.5,141.0500030517578,143.35000610351562,124.24455261230469,4458520
2012-11-30,144.25,144.64999389648438,141.6999969482422,142.10000610351562,123.1611557006836,1372152
2012-12-03,142.5,147.6999969482422,142.5,147.0500030517578,127.45140838623047,4588216
2012-12-04,147.0,148.39999389648438,143.64999389648438,145.35000610351562,125.97801971435547,1173060
2012-12-05,146.89999389648438,147.75,144.75,145.8000030517578,126.36804962158203,1953330
2012-12-06,147.35000610351562,147.75,145.5500030517578,147.10000610351562,127.49479675292969,956883
2012-12-07,147.10000610351562,150.89999389648438,147.10000610351562,148.0500030517578,128.31817626953125,1563818
2012-12-10,148.4499969482422,150.25,147.0,149.39999389648438,129.4882049560547,1145125
2012-12-11,149.9499969482422,150.35000610351562,146.6999969482422,148.9499969482422,129.09823608398438,1114951
2012-12-12,148.9499969482422,148.9499969482422,144.0,145.0500030517578,125.71800231933594,1842979
2012-12-13,145.4499969482422,145.9499969482422,142.5500030517578,142.89999389648438,123.85455322265625,1245179
2012-12-14,142.89999389648438,143.4499969482422,140.3000030517578,141.0,122.207763671875,1113842
2012-12-17,140.14999389648438,141.75,138.3000030517578,139.64999389648438,121.0376968383789,1695532
2012-12-18,140.1999969482422,141.5,139.14999389648438,141.14999389648438,122.33775329589844,966658
2012-12-19,142.64999389648438,145.25,141.5,142.10000610351562,123.1611557006836,1563763
2012-12-20,142.25,144.4499969482422,140.39999389648438,143.85000610351562,124.67792510986328,2060040
2012-12-21,143.25,144.3000030517578,140.75,141.10000610351562,122.29443359375,1488802
2012-12-24,141.60000610351562,141.8000030517578,136.25,136.64999389648438,118.43750762939453,2304570
2012-12-26,136.14999389648438,137.9499969482422,136.0,137.14999389648438,118.87085723876953,1659100
2012-12-27,136.1999969482422,139.8000030517578,136.1999969482422,139.0,120.47431945800781,1416544
2012-12-28,140.0,141.3000030517578,139.60000610351562,140.75,121.9910888671875,595753
2012-12-31,141.0500030517578,145.5,140.14999389648438,144.39999389648438,125.15463256835938,998346
2013-01-01,144.39999389648438,145.8000030517578,142.35000610351562,143.1999969482422,124.11453247070312,1077938
2013-01-02,144.35000610351562,145.5,141.5,142.3000030517578,123.33448028564453,1282197
2013-01-03,142.9499969482422,143.75,141.64999389648438,142.85000610351562,123.81121826171875,1205346
2013-01-04,142.60000610351562,144.6999969482422,141.89999389648438,142.35000610351562,123.37783813476562,1586976
2013-01-07,142.35000610351562,147.1999969482422,141.89999389648438,146.25,126.758056640625,2086957
2013-01-08,147.10000610351562,149.89999389648438,146.64999389648438,148.5,128.7082061767578,1973175
2013-01-09,149.0,149.85000610351562,144.5500030517578,145.25,125.8913345336914,1612949
2013-01-10,145.39999389648438,147.4499969482422,143.0,143.6999969482422,124.54792022705078,1068665
2013-01-11,144.0,144.35000610351562,140.3000030517578,140.89999389648438,122.12110137939453,1000624
2013-01-14,142.0,143.89999389648438,140.3000030517578,143.1999969482422,124.11453247070312,1151582
2013-01-15,143.75,147.0,141.5500030517578,146.3000030517578,126.80137634277344,2394546
2013-01-16,148.0,148.0,141.5,142.10000610351562,123.1611557006836,1405986
2013-01-17,143.0,144.5,138.0,139.1999969482422,120.64763641357422,4032811
2013-01-18,126.5,132.0,125.4000015258789,126.0,109.20694732666016,8595124
2013-01-21,126.55000305175781,129.4499969482422,123.9000015258789,126.8499984741211,109.94366455078125,5791519
2013-01-22,126.30000305175781,128.8000030517578,120.0999984741211,126.0999984741211,109.29361724853516,2160458
2013-01-23,125.9000015258789,127.0,123.69999694824219,125.05000305175781,108.38355255126953,1248124
2013-01-24,125.05000305175781,126.0,120.19999694824219,123.94999694824219,107.4301528930664,2870848
2013-01-25,123.9000015258789,125.4000015258789,120.25,121.1500015258789,105.00334930419922,2241953
2013-01-28,121.0999984741211,122.75,119.6500015258789,120.5,104.4399642944336,1927903
2013-01-29,120.05000305175781,124.4000015258789,120.0,122.30000305175781,106.00005340576172,2321076
2013-01-30,124.0,124.25,121.19999694824219,122.19999694824219,105.91340637207031,1148480
2013-01-31,123.0,123.5,121.5,122.80000305175781,106.43343353271484,911110
2013-02-01,123.5,123.55000305175781,120.6500015258789,122.25,105.95673370361328,945976
2013-02-04,123.5,125.1500015258789,120.80000305175781,121.5,105.30669403076172,1238755
2013-02-05,122.0,123.1500015258789,120.0999984741211,122.5,106.17341613769531,1060403
2013-02-06,123.0,124.4000015258789,122.0999984741211,122.4000015258789,106.08673858642578,814311
2013-02-07,123.80000305175781,123.80000305175781,122.0,122.5,106.17341613769531,715361
2013-02-08,123.0,130.4499969482422,122.30000305175781,129.5,112.24047088623047,4900988
2013-02-11,130.60000610351562,130.64999389648438,127.75,128.9499969482422,111.76376342773438,1693703
2013-02-12,129.4499969482422,131.64999389648438,129.39999389648438,130.6999969482422,113.280517578125,2406784
2013-02-13,131.8000030517578,132.3000030517578,130.5,131.25,113.75721740722656,1261988
2013-02-14,130.75,131.35000610351562,126.30000305175781,129.1999969482422,111.98046875,922230
2013-02-15,128.14999389648438,130.0,126.69999694824219,128.64999389648438,111.50373077392578,573246
2013-02-18,128.5,129.6999969482422,128.0500030517578,129.1999969482422,111.98046875,2709720
2013-02-19,129.39999389648438,133.0,129.10000610351562,132.1999969482422,114.58061218261719,1032657
2013-02-20,133.35000610351562,133.5500030517578,131.5,132.1999969482422,114.58061218261719,742607
2013-02-21,131.85000610351562,131.85000610351562,129.10000610351562,129.5,112.24047088623047,2587261
2013-02-22,130.10000610351562,131.0,124.5999984741211,125.5999984741211,108.86024475097656,793632
2013-02-25,124.6500015258789,126.44999694824219,123.55000305175781,125.4000015258789,108.68692016601562,901292
2013-02-26,125.4000015258789,128.3000030517578,124.55000305175781,125.9000015258789,109.12025451660156,828766
2013-02-27,120.0,126.94999694824219,120.0,125.80000305175781,109.03360748291016,479316
2013-02-28,126.4000015258789,127.0,124.0,125.0999984741211,108.42691040039062,1715220
2013-03-01,125.5999984741211,128.9499969482422,124.25,127.69999694824219,110.68035888671875,880759
2013-03-04,127.6500015258789,127.9000015258789,125.05000305175781,125.6500015258789,108.90357971191406,415418
2013-03-05,126.0,126.69999694824219,123.30000305175781,125.44999694824219,108.7302474975586,3718135
2013-03-06,126.30000305175781,128.8000030517578,125.44999694824219,126.55000305175781,109.68363189697266,1172244
2013-03-07,127.1500015258789,128.8000030517578,125.5,127.05000305175781,110.11701202392578,1315857
2013-03-08,127.9000015258789,129.5,126.19999694824219,127.0,110.07366943359375,977391
2013-03-11,127.8499984741211,128.64999389648438,126.5,128.0500030517578,110.98371887207031,1039719
2013-03-12,128.0,130.39999389648438,127.5,129.75,112.45714569091797,912698
2013-03-13,130.35000610351562,130.85000610351562,125.0,125.94999694824219,109.16358947753906,2820310
2013-03-14,126.9000015258789,130.0,125.5,129.4499969482422,112.19711303710938,778258
2013-03-15,130.60000610351562,131.64999389648438,128.14999389648438,130.60000610351562,113.1938705444336,1199347
2013-03-18,130.0,131.64999389648438,128.1999969482422,130.6999969482422,113.280517578125,1109359
2013-03-19,131.0,131.5,128.0500030517578,129.9499969482422,112.6304931640625,1469861
2013-03-20,129.0,129.25,126.25,127.5,110.50702667236328,508567
2013-03-21,128.0,132.0,124.5,125.94999694824219,109.16358947753906,1242931
2013-03-22,125.1500015258789,126.75,124.1500015258789,125.94999694824219,109.16358947753906,792037
2013-03-25,126.94999694824219,126.94999694824219,125.25,125.75,108.99026489257812,829827
2013-03-26,125.25,126.5,123.5999984741211,125.8499984741211,109.0769271850586,592315
2013-03-28,125.0,130.0,123.19999694824219,129.4499969482422,112.19711303710938,697492
2013-04-01,128.25,132.6999969482422,128.10000610351562,130.14999389648438,112.80384063720703,824716
2013-04-02,128.35000610351562,131.5,128.35000610351562,130.75,113.32386779785156,677504
2013-04-03,130.5,131.1999969482422,127.0999984741211,127.6500015258789,110.63703155517578,286041
2013-04-04,126.0,127.0999984741211,124.0,124.8499984741211,108.210205078125,748313
2013-04-05,125.5999984741211,125.5999984741211,119.05000305175781,120.0999984741211,104.0932846069336,1424340
2013-04-08,118.69999694824219,125.5,115.6500015258789,122.94999694824219,106.56344604492188,2614345
2013-04-09,124.0,124.0,120.30000305175781,121.44999694824219,105.26335906982422,1504252
2013-04-10,122.0,122.05000305175781,119.0,120.4000015258789,104.35330200195312,787510
2013-04-11,121.6500015258789,122.5,118.5999984741211,119.0,103.13986206054688,829996
2013-04-12,120.05000305175781,121.0,118.19999694824219,120.44999694824219,104.39663696289062,426264
2013-04-15,119.0,122.44999694824219,119.0,121.5,105.30669403076172,1073691
2013-04-16,120.25,127.8499984741211,120.25,127.05000305175781,110.11701202392578,1034112
2013-04-17,126.55000305175781,129.5,126.5,126.94999694824219,110.03031921386719,1079946
2013-04-18,125.5999984741211,130.8000030517578,125.5999984741211,128.64999389648438,111.50373077392578,1358253
2013-04-22,128.0500030517578,135.0,128.0500030517578,134.10000610351562,116.22738647460938,1501429
2013-04-23,135.60000610351562,135.8000030517578,132.25,132.89999389648438,115.18730163574219,732808
2013-04-25,133.0,139.0,132.64999389648438,138.0500030517578,119.65095520019531,2232329
2013-04-26,138.0500030517578,140.64999389648438,136.5,139.0,120.47431945800781,1654533
2013-04-29,140.0,141.89999389648438,132.60000610351562,134.9499969482422,116.964111328125,5784740
2013-04-30,133.5,135.5500030517578,129.9499969482422,132.6999969482422,115.01397705078125,1830297
2013-05-02,131.14999389648438,135.5,130.85000610351562,134.3000030517578,116.4007339477539,1901555
2013-05-03,134.6999969482422,137.8000030517578,133.25,136.4499969482422,118.26419067382812,1459548
2013-05-06,136.5,139.4499969482422,135.60000610351562,138.85000610351562,120.34431457519531,1105147
2013-05-07,138.3000030517578,139.6999969482422,135.6999969482422,137.60000610351562,119.26091766357422,995589
2013-05-08,138.0,138.3000030517578,135.5500030517578,136.14999389648438,118.004150390625,301445
2013-05-09,135.5500030517578,137.5,135.3000030517578,136.8000030517578,118.56755065917969,507616
2013-05-10,136.64999389648438,137.60000610351562,134.14999389648438,134.8000030517578,116.83409881591797,328474
2013-05-13,137.0,137.5,134.10000610351562,136.8000030517578,118.56755065917969,543791
2013-05-14,137.39999389648438,139.25,135.10000610351562,136.89999389648438,118.65418243408203,746780
2013-05-15,137.0,138.75,136.3000030517578,138.5500030517578,120.08431243896484,657714
2013-05-16,136.1999969482422,142.9499969482422,136.1999969482422,142.10000610351562,123.1611557006836,1033010
2013-05-17,142.10000610351562,144.35000610351562,139.10000610351562,140.1999969482422,121.51438903808594,1452945
2013-05-20,141.6999969482422,142.1999969482422,137.75,141.25,122.42445373535156,1072262
2013-05-21,141.0,142.5500030517578,139.25,140.75,121.9910888671875,637284
2013-05-22,141.0,141.75,139.1999969482422,140.0500030517578,121.38438415527344,608381
2013-05-23,136.0500030517578,139.75,135.25,136.89999389648438,118.65418243408203,1026901
2013-05-24,136.5500030517578,141.3000030517578,134.25,140.75,121.9910888671875,628757
2013-05-27,140.0500030517578,141.14999389648438,139.0,140.39999389648438,121.68773651123047,892559
2013-05-28,139.85000610351562,141.0,139.25,140.60000610351562,121.86107635498047,220929
2013-05-29,141.9499969482422,141.9499969482422,138.14999389648438,139.0,120.47431945800781,1387255
2013-05-30,137.60000610351562,140.60000610351562,137.0500030517578,138.35000610351562,119.91097259521484,2093084
2013-05-31,137.75,139.39999389648438,136.10000610351562,137.9499969482422,119.56426239013672,779658
2013-06-03,137.0,139.5,136.10000610351562,138.60000610351562,120.12761688232422,1433835
2013-06-04,138.60000610351562,141.0,138.60000610351562,140.0500030517578,121.38438415527344,859996
2013-06-05,140.35000610351562,140.89999389648438,138.8000030517578,140.10000610351562,121.42771911621094,378736
2013-06-06,139.4499969482422,142.35000610351562,137.8000030517578,141.25,122.42445373535156,567659
2013-06-07,139.6999969482422,142.1999969482422,136.25,137.6999969482422,119.34757995605469,1298884
2013-06-10,137.5500030517578,138.35000610351562,129.6999969482422,130.39999389648438,113.02050018310547,1521465
2013-06-11,129.8000030517578,132.64999389648438,128.0,130.64999389648438,113.23719787597656,609924
2013-06-12,130.9499969482422,131.25,124.0,128.75,111.5904312133789,941359
2013-06-13,126.0,127.9000015258789,125.0,125.4000015258789,108.68692016601562,338376
2013-06-14,126.1500015258789,127.94999694824219,125.5,126.05000305175781,109.25028991699219,323683
2013-06-17,127.0,127.0,124.69999694824219,125.44999694824219,108.7302474975586,648561
2013-06-18,125.80000305175781,128.0,121.5999984741211,123.25,106.8234634399414,909366
2013-06-19,122.4000015258789,123.94999694824219,121.0999984741211,123.4000015258789,106.95347595214844,756465
2013-06-20,123.4000015258789,123.5,120.0,120.0999984741211,104.0932846069336,536291
2013-06-21,120.30000305175781,122.8499984741211,119.0,121.9000015258789,105.65338897705078,751349
2013-06-24,122.9000015258789,122.94999694824219,120.19999694824219,121.05000305175781,104.91666412353516,539366
2013-06-25,120.8499984741211,123.0,116.5,122.0999984741211,105.82671356201172,789871
2013-06-26,122.0999984741211,125.3499984741211,120.5,121.80000305175781,105.56670379638672,853588
2013-06-27,124.0,124.5,120.0,120.19999694824219,104.69568634033203,1615690
2013-06-28,121.25,122.9000015258789,119.8499984741211,120.94999694824219,105.34894561767578,1256031
2013-07-01,121.44999694824219,124.0,121.44999694824219,122.8499984741211,107.00387573242188,1196314
2013-07-02,122.94999694824219,123.4000015258789,120.6500015258789,121.9000015258789,106.17642974853516,897043
2013-07-03,121.19999694824219,121.6500015258789,119.6500015258789,120.0,104.52149200439453,886436
2013-07-04,120.5,122.75,118.0,121.9000015258789,106.17642974853516,1024475
2013-07-05,123.0,126.0999984741211,121.94999694824219,123.75,107.78778076171875,1883655
2013-07-08,123.5,123.94999694824219,120.0999984741211,122.19999694824219,106.43772888183594,469856
2013-07-09,123.0,123.4000015258789,122.5,122.5999984741211,106.78614044189453,706346
2013-07-10,122.8499984741211,123.94999694824219,120.9000015258789,121.9000015258789,106.17642974853516,1744059
2013-07-11,122.4000015258789,123.8499984741211,122.30000305175781,123.55000305175781,107.61360168457031,693268
2013-07-12,124.0,124.5,122.3499984741211,123.6500015258789,107.70067596435547,863882
2013-07-15,124.0,125.5,120.3499984741211,122.4000015258789,106.61192321777344,1679924
2013-07-16,122.4000015258789,130.75,121.6500015258789,123.6500015258789,107.70067596435547,6930123
2013-07-17,124.9000015258789,127.94999694824219,124.9000015258789,127.44999694824219,111.01052856445312,2248208
2013-07-18,129.0,134.8000030517578,128.85000610351562,133.75,116.49790954589844,2598913
2013-07-19,134.85000610351562,135.25,130.60000610351562,134.39999389648438,117.06404113769531,1868698
2013-07-22,134.0500030517578,134.0500030517578,131.8000030517578,132.9499969482422,115.80110931396484,623741
2013-07-23,133.0500030517578,133.9499969482422,131.5,131.75,114.7558822631836,432699
2013-07-24,131.0,131.4499969482422,126.75,127.4000015258789,110.96699523925781,824038
2013-07-25,127.69999694824219,132.0,125.0,130.0500030517578,113.27517700195312,696542
2013-07-26,130.9499969482422,132.0,127.05000305175781,130.64999389648438,113.79776763916016,581384
2013-07-29,130.6999969482422,133.75,127.0,130.39999389648438,113.58000946044922,924166
2013-07-30,130.35000610351562,131.0,125.0,125.6500015258789,109.4427261352539,270503
2013-07-31,124.05000305175781,125.30000305175781,122.30000305175781,123.0999984741211,107.22162628173828,527784
2013-08-01,123.3499984741211,126.80000305175781,120.0,121.25,105.61024475097656,1066254
2013-08-02,123.5999984741211,124.3499984741211,120.5,122.4000015258789,106.61192321777344,838819
2013-08-05,123.4000015258789,124.0,120.0999984741211,120.55000305175781,105.00054931640625,336312
2013-08-06,120.05000305175781,122.44999694824219,120.0,121.6500015258789,105.95866394042969,449229
2013-08-07,121.0,123.6500015258789,120.5999984741211,123.05000305175781,107.17807006835938,340617
2013-08-08,124.5,127.5999984741211,123.5999984741211,125.94999694824219,109.70401000976562,672289
2013-08-12,128.6999969482422,128.6999969482422,125.55000305175781,126.3499984741211,110.05242156982422,384333
2013-08-13,126.0,130.5,126.0,130.14999389648438,113.36226654052734,542327
2013-08-14,131.60000610351562,134.0,131.0,133.0500030517578,115.8882064819336,624319
2013-08-16,133.10000610351562,136.5,129.6999969482422,131.0500030517578,114.14618682861328,3958729
2013-08-19,130.8000030517578,130.8000030517578,125.9000015258789,128.1999969482422,111.66378784179688,591506
2013-08-20,127.1500015258789,132.60000610351562,126.80000305175781,131.4499969482422,114.49459838867188,1274772
2013-08-21,133.60000610351562,135.5,120.55000305175781,122.5,106.69904327392578,1125682
2013-08-22,122.5,128.0,120.0999984741211,127.05000305175781,110.66214752197266,1052483
2013-08-23,129.89999389648438,130.60000610351562,126.0999984741211,127.3499984741211,110.92342376708984,1047779
2013-08-26,127.05000305175781,129.1999969482422,124.5,128.4499969482422,111.88154602050781,610227
2013-08-27,126.5,131.5,123.1500015258789,123.8499984741211,107.8748779296875,542568
2013-08-28,123.0,125.19999694824219,118.4000015258789,120.75,105.17474365234375,802193
2013-08-29,122.30000305175781,126.55000305175781,120.5,125.30000305175781,109.13785552978516,523935
2013-08-30,128.39999389648438,128.39999389648438,124.05000305175781,125.25,109.09427642822266,620377
2013-09-02,126.0,127.0,124.0,125.19999694824219,109.05075073242188,746716
2013-09-03,125.5,127.25,122.0999984741211,123.0,107.13453674316406,595339
2013-09-04,124.9000015258789,125.4000015258789,121.19999694824219,123.8499984741211,107.8748779296875,408601
2013-09-05,124.94999694824219,125.69999694824219,122.0,122.30000305175781,106.52483367919922,527001
2013-09-06,123.0,124.4000015258789,122.19999694824219,123.6500015258789,107.70067596435547,391912
2013-09-10,124.25,128.9499969482422,123.5,126.55000305175781,110.22661590576172,746720
2013-09-11,127.4000015258789,132.5,126.9000015258789,131.14999389648438,114.2332534790039,934506
2013-09-12,132.4499969482422,133.75,126.0999984741211,127.5,111.05408477783203,381612
2013-09-13,126.4000015258789,128.85000610351562,125.0,128.25,111.70732879638672,249703
2013-09-16,131.0,132.8000030517578,126.0999984741211,126.69999694824219,110.3572769165039,541325
2013-09-17,126.69999694824219,127.8499984741211,125.0,125.69999694824219,109.48625183105469,255452
2013-09-18,125.69999694824219,126.3499984741211,123.5,125.94999694824219,109.70401000976562,361911
2013-09-19,128.5,130.6999969482422,126.6500015258789,130.0,113.23162841796875,1306613
2013-09-20,131.4499969482422,131.4499969482422,124.0999984741211,126.3499984741211,110.05242156982422,1289908
2013-09-23,125.5999984741211,128.39999389648438,125.0,126.8499984741211,110.48793029785156,436940
2013-09-24,127.0,129.39999389648438,126.3499984741211,128.85000610351562,112.2299575805664,471032
2013-09-25,128.89999389648438,130.35000610351562,128.0,129.89999389648438,113.14451599121094,500440
2013-09-26,130.0,134.0,129.89999389648438,133.35000610351562,116.14950561523438,1563054
2013-09-27,134.89999389648438,136.0,131.0,131.89999389648438,114.88653564453125,1033947
2013-09-30,131.0500030517578,132.0,128.25,129.35000610351562,112.66545867919922,243753
2013-10-01,130.1999969482422,135.6999969482422,129.0500030517578,134.8000030517578,117.41249084472656,1071153
2013-10-03,135.25,139.10000610351562,132.64999389648438,134.35000610351562,117.0205307006836,2414881
2013-10-04,133.9499969482422,135.8000030517578,132.0,134.6999969482422,117.32537841796875,760606
2013-10-07,135.14999389648438,135.9499969482422,129.5,131.6999969482422,114.71234893798828,902146
2013-10-08,132.60000610351562,134.1999969482422,131.10000610351562,131.5,114.53815460205078,483399
2013-10-09,130.1999969482422,134.1999969482422,129.89999389648438,133.75,116.49790954589844,720996
2013-10-10,134.5500030517578,135.5,133.0,134.10000610351562,116.8027572631836,629980
2013-10-11,134.5,137.0,134.0500030517578,135.35000610351562,117.89153289794922,638725
2013-10-14,136.0,138.4499969482422,135.1999969482422,137.64999389648438,119.89488983154297,905220
2013-10-15,138.9499969482422,139.0,134.75,136.4499969482422,118.84964752197266,847381
2013-10-17,137.0,137.1999969482422,129.3000030517578,130.0,113.23162841796875,1404262
2013-10-18,130.25,131.0,128.1999969482422,129.8000030517578,113.05741882324219,1231842
2013-10-21,130.5,132.35000610351562,130.10000610351562,131.35000610351562,114.4074935913086,893175
2013-10-22,131.89999389648438,132.0,128.64999389648438,128.89999389648438,112.27349090576172,1573327
2013-10-23,129.10000610351562,130.0,125.0,126.05000305175781,109.79113006591797,10982751
2013-10-24,125.0999984741211,125.9000015258789,123.5,124.0,108.00553131103516,3719162
2013-10-25,124.1500015258789,124.75,121.8499984741211,122.55000305175781,106.74259185791016,1712546
2013-10-28,122.5999984741211,124.4000015258789,121.19999694824219,123.94999694824219,107.96197509765625,1207158
2013-10-29,124.8499984741211,124.8499984741211,122.3499984741211,123.3499984741211,107.43938446044922,1054395
2013-10-30,124.0,124.5,123.0999984741211,123.5,107.57003784179688,942819
2013-10-31,123.0,125.6500015258789,123.0,124.80000305175781,108.70235443115234,1469415
2013-11-01,124.05000305175781,127.0,124.05000305175781,125.44999694824219,109.26850128173828,1017670
2013-11-05,125.75,126.9000015258789,123.5,125.1500015258789,109.97148132324219,781509
2013-11-06,125.30000305175781,126.5,124.5999984741211,125.4000015258789,110.191162109375,1304039
2013-11-07,125.0,125.30000305175781,122.9000015258789,123.3499984741211,108.38977813720703,1992618
2013-11-08,124.0,124.0,122.5,122.80000305175781,107.90650177001953,510413
2013-11-11,123.0,123.0999984741211,121.4000015258789,121.75,106.98383331298828,800611
2013-11-12,122.05000305175781,122.4000015258789,120.19999694824219,120.69999694824219,106.06118774414062,1268274
2013-11-13,121.0,121.0,117.0,117.30000305175781,103.07357025146484,858348
2013-11-14,117.0,119.80000305175781,117.0,119.05000305175781,104.61132049560547,485204
2013-11-18,119.5999984741211,120.94999694824219,119.25,119.9000015258789,105.35821533203125,447404
2013-11-19,120.5999984741211,120.8499984741211,119.19999694824219,119.69999694824219,105.18247985839844,391712
2013-11-20,120.0,121.30000305175781,118.05000305175781,118.5999984741211,104.21590423583984,1454420
2013-11-21,118.4000015258789,118.4000015258789,116.0,116.25,102.15089416503906,1075004
2013-11-22,116.69999694824219,117.5,113.3499984741211,113.55000305175781,99.7783432006836,1485553
2013-11-25,114.9000015258789,114.9000015258789,110.30000305175781,111.1500015258789,97.66943359375,2385273
2013-11-26,111.19999694824219,113.44999694824219,110.5,111.9000015258789,98.32848358154297,1259927
2013-11-27,112.0,113.05000305175781,110.3499984741211,110.55000305175781,97.1422119140625,861422
2013-11-28,111.5,111.9000015258789,110.5999984741211,111.1500015258789,97.66943359375,840680
2013-11-29,111.44999694824219,115.75,111.44999694824219,115.05000305175781,101.096435546875,2725051
2013-12-02,115.0,116.0,113.25,113.5,99.73443603515625,1629292
2013-12-03,113.80000305175781,114.55000305175781,112.5,112.8499984741211,99.16326904296875,997713
2013-12-04,112.5,114.8499984741211,111.75,112.5,98.855712890625,1480734
2013-12-05,114.0,114.8499984741211,112.30000305175781,112.55000305175781,98.89964294433594,795720
2013-12-06,113.0,115.69999694824219,112.4000015258789,113.69999694824219,99.91016387939453,1255877
2013-12-09,116.4000015258789,120.3499984741211,114.25,119.6500015258789,105.13854217529297,5398116
2013-12-10,120.44999694824219,120.69999694824219,117.44999694824219,118.0999984741211,103.77653503417969,2395228
2013-12-11,118.0,120.5999984741211,116.55000305175781,117.4000015258789,103.16143035888672,1537015
2013-12-12,120.0,121.9000015258789,115.9000015258789,116.19999694824219,102.1069564819336,1589527
2013-12-13,115.80000305175781,116.4000015258789,113.69999694824219,114.0999984741211,100.26163482666016,1091950
2013-12-16,114.0999984741211,114.9000015258789,113.5999984741211,114.0,100.17378234863281,897597
2013-12-17,115.0,117.5,114.30000305175781,115.19999694824219,101.2282485961914,1236369
2013-12-18,115.0,116.9000015258789,114.8499984741211,116.0999984741211,102.01907348632812,1079309
2013-12-19,116.80000305175781,117.19999694824219,113.8499984741211,114.30000305175781,100.4374008178711,943166
2013-12-20,114.25,115.94999694824219,114.05000305175781,115.55000305175781,101.53578186035156,1206292
2013-12-23,115.55000305175781,118.25,115.55000305175781,117.19999694824219,102.98566436767578,1714253
2013-12-24,118.44999694824219,118.75,116.80000305175781,117.1500015258789,102.9417495727539,1447596
2013-12-26,118.0,119.80000305175781,117.69999694824219,118.6500015258789,104.25980377197266,2900121
2013-12-27,119.75,123.5,119.0999984741211,120.9000015258789,106.23693084716797,4777833
2013-12-30,122.3499984741211,122.5,120.25,120.5999984741211,105.97333526611328,1608845
2013-12-31,121.05000305175781,123.6500015258789,120.5,123.0999984741211,108.17009735107422,2831017
2014-01-01,124.05000305175781,125.4000015258789,122.80000305175781,123.80000305175781,108.78521728515625,1825398
2014-01-02,123.6500015258789,124.6500015258789,117.0999984741211,117.69999694824219,103.42504119873047,2567654
2014-01-03,117.5,118.8499984741211,115.5,117.25,103.02960968017578,1436576
2014-01-06,117.9000015258789,118.75,115.6500015258789,118.25,103.9083480834961,1573217
2014-01-07,118.80000305175781,119.8499984741211,117.05000305175781,118.25,103.9083480834961,1759200
2014-01-08,118.8499984741211,119.25,117.19999694824219,117.8499984741211,103.55685424804688,1333834
2014-01-09,117.9000015258789,118.0,114.05000305175781,115.05000305175781,101.096435546875,1339262
2014-01-10,115.9000015258789,115.9000015258789,111.1500015258789,112.25,98.63603210449219,4405258
2014-01-13,112.5,113.0,104.5999984741211,105.1500015258789,92.39713287353516,13459864
2014-01-14,104.0,105.80000305175781,102.05000305175781,104.25,91.60630798339844,6157710
2014-01-15,104.6500015258789,106.25,103.69999694824219,104.6500015258789,91.95775604248047,2588374
2014-01-16,104.55000305175781,104.55000305175781,101.0999984741211,102.6500015258789,90.20034790039062,3929870
2014-01-17,102.0,102.6500015258789,100.8499984741211,101.0,88.75047302246094,2488558
2014-01-20,100.5999984741211,102.3499984741211,100.0,101.19999694824219,88.92619323730469,1891511
2014-01-21,101.69999694824219,103.5999984741211,101.5,102.6500015258789,90.20034790039062,1155369
2014-01-22,102.55000305175781,104.0,102.0,103.3499984741211,90.8154525756836,2275462
2014-01-23,102.0,105.9000015258789,102.0,104.30000305175781,91.65022277832031,2088273
2014-01-24,104.75,104.75,102.5999984741211,103.0,90.50788116455078,1262503
2014-01-27,102.3499984741211,102.3499984741211,99.0,99.9000015258789,87.78387451171875,3010915
2014-01-28,99.5999984741211,102.19999694824219,99.44999694824219,101.0,88.75047302246094,1974976
2014-01-29,101.80000305175781,102.94999694824219,101.5999984741211,102.5,90.06852722167969,602058
2014-01-30,101.0,101.8499984741211,100.0,100.6500015258789,88.44290924072266,1905316
2014-01-31,100.75,101.8499984741211,100.5,101.0999984741211,88.83831787109375,1106359
2014-02-03,101.0999984741211,103.94999694824219,101.0999984741211,103.1500015258789,90.63971710205078,1328983
2014-02-04,101.9000015258789,103.4000015258789,100.5999984741211,103.05000305175781,90.55182647705078,1622056
2014-02-05,103.0,104.3499984741211,102.75,103.8499984741211,91.25480651855469,900911
2014-02-06,104.55000305175781,106.3499984741211,104.4000015258789,106.0,93.14405822753906,1694336
2014-02-07,106.44999694824219,106.94999694824219,104.9000015258789,105.5,92.70470428466797,1104529
2014-02-10,106.05000305175781,106.05000305175781,103.8499984741211,104.55000305175781,91.86990356445312,414674
2014-02-11,104.5,105.30000305175781,103.30000305175781,104.05000305175781,91.43055725097656,309684
2014-02-12,103.75,105.4000015258789,103.75,105.0999984741211,92.35319519042969,303344
2014-02-13,104.5999984741211,107.4000015258789,104.5999984741211,105.3499984741211,92.5728988647461,1011997
2014-02-14,105.4000015258789,107.4000015258789,104.19999694824219,106.55000305175781,93.6273422241211,662042
2014-02-17,107.05000305175781,107.5,105.8499984741211,107.05000305175781,94.06670379638672,527522
2014-02-18,107.25,108.44999694824219,107.0,108.05000305175781,94.94542694091797,1325761
2014-02-19,107.55000305175781,108.8499984741211,107.55000305175781,108.0999984741211,94.98934173583984,767014
2014-02-20,107.9000015258789,107.94999694824219,107.05000305175781,107.75,94.68181610107422,651929
2014-02-21,107.3499984741211,109.19999694824219,107.3499984741211,108.6500015258789,95.47264099121094,829011
2014-02-24,107.5,109.0999984741211,107.5,108.1500015258789,95.03328704833984,1054573
2014-02-25,108.44999694824219,111.19999694824219,108.0,110.25,96.87859344482422,1344563
2014-02-26,110.0,111.6500015258789,109.0999984741211,110.05000305175781,96.70286560058594,1038291
2014-02-28,110.0,112.0,109.5,110.75,97.31794738769531,897707
2014-03-03,111.5,112.5999984741211,111.0999984741211,111.75,98.19666290283203,1897347
2014-03-04,110.3499984741211,115.0,108.75,112.94999694824219,99.25112915039062,1367666
2014-03-05,113.0,117.19999694824219,113.0,115.5,101.49186706542969,1294154
2014-03-06,115.5,118.0,115.5,117.05000305175781,102.8538818359375,3453413
2014-03-07,117.8499984741211,119.5,117.25,118.8499984741211,104.43555450439453,1991143
2014-03-10,117.19999694824219,119.30000305175781,117.19999694824219,118.3499984741211,103.99620819091797,945145
2014-03-11,117.9000015258789,121.0,117.9000015258789,120.25,105.66576385498047,2602634
2014-03-12,120.30000305175781,123.5,118.9000015258789,119.5999984741211,105.0946044921875,3690516
2014-03-13,120.25,120.44999694824219,116.8499984741211,117.3499984741211,103.11747741699219,969857
2014-03-14,116.25,117.5,114.0,116.5999984741211,102.45845794677734,639238
2014-03-18,117.30000305175781,119.0999984741211,117.30000305175781,118.5999984741211,104.21590423583984,570067
2014-03-19,118.75,121.94999694824219,118.75,119.44999694824219,104.9627914428711,1074778
2014-03-20,119.94999694824219,120.44999694824219,116.9000015258789,117.30000305175781,103.07357025146484,1702983
2014-03-21,118.0,118.5999984741211,115.69999694824219,116.05000305175781,101.97516632080078,2498647
2014-03-24,115.0999984741211,117.8499984741211,114.5999984741211,116.44999694824219,102.32662963867188,436406
2014-03-25,115.5,117.44999694824219,115.5,116.44999694824219,102.32662963867188,381602
2014-03-26,116.44999694824219,118.5999984741211,116.44999694824219,117.30000305175781,103.07357025146484,669864
2014-03-27,116.5,120.44999694824219,116.5,119.1500015258789,104.69918823242188,4295827
2014-03-28,120.0,123.80000305175781,119.55000305175781,123.0999984741211,108.17009735107422,2238278
2014-03-31,123.8499984741211,124.69999694824219,120.1500015258789,121.1500015258789,106.45662689208984,1252047
2014-04-01,121.80000305175781,123.69999694824219,120.05000305175781,122.30000305175781,107.46713256835938,1413616
2014-04-02,123.25,125.5,122.30000305175781,124.8499984741211,109.70787048339844,1787174
2014-04-03,125.80000305175781,125.80000305175781,122.94999694824219,124.0999984741211,109.04881286621094,1522394
2014-04-04,124.1500015258789,124.5999984741211,121.19999694824219,122.9000015258789,107.994384765625,1540980
2014-04-07,123.19999694824219,125.5,122.0,124.44999694824219,109.35636901855469,2001304
2014-04-09,124.44999694824219,126.75,123.0999984741211,125.19999694824219,110.01541137695312,1539242
2014-04-10,125.0,126.19999694824219,122.0,122.69999694824219,107.81861877441406,1185124
2014-04-11,122.69999694824219,124.0999984741211,121.44999694824219,123.6500015258789,108.65341186523438,1307831
2014-04-15,123.75,127.80000305175781,122.69999694824219,126.05000305175781,110.76232147216797,3028159
2014-04-16,127.9000015258789,129.39999389648438,123.0999984741211,124.5999984741211,109.48819732666016,2256387
2014-04-17,125.0999984741211,127.0999984741211,124.69999694824219,125.94999694824219,110.67444610595703,3747342
2014-04-21,127.5999984741211,130.75,127.5999984741211,128.8000030517578,113.17879486083984,3984176
2014-04-22,128.8000030517578,132.14999389648438,128.8000030517578,130.35000610351562,114.54082489013672,2154490
2014-04-23,131.0,133.8000030517578,129.5,130.39999389648438,114.5847396850586,2599399
2014-04-24,130.39999389648438,130.39999389648438,130.39999389648438,130.39999389648438,114.5847396850586,0
2014-04-25,130.75,133.35000610351562,121.25,126.30000305175781,110.98200225830078,7857903
2014-04-28,127.30000305175781,128.10000610351562,124.3499984741211,125.5,110.2790298461914,2018147
2014-04-29,126.0,129.89999389648438,124.69999694824219,126.69999694824219,111.33349609375,1550456
2014-04-30,126.4000015258789,126.5999984741211,118.30000305175781,119.75,105.22640991210938,4313670
2014-05-02,120.0,122.4000015258789,119.0,120.5999984741211,105.97333526611328,1482273
2014-05-05,122.4000015258789,123.25,119.4000015258789,119.80000305175781,105.27034759521484,1666116
2014-05-06,120.19999694824219,120.5999984741211,115.9000015258789,116.44999694824219,102.32662963867188,1300467
2014-05-07,116.0,117.9000015258789,113.8499984741211,114.30000305175781,100.4374008178711,1319960
2014-05-08,114.5999984741211,116.5999984741211,114.0,115.0,101.05249786376953,5131603
2014-05-09,115.05000305175781,117.9000015258789,115.05000305175781,117.0,102.80992889404297,1346786
2014-05-12,116.55000305175781,118.6500015258789,115.5,115.80000305175781,101.75548553466797,1464309
2014-05-13,116.3499984741211,121.9000015258789,116.3499984741211,118.0,103.68864440917969,3849980
2014-05-14,119.0,123.8499984741211,119.0,121.5999984741211,106.85203552246094,2394882
2014-05-15,121.8499984741211,125.0,119.69999694824219,120.44999694824219,105.84149932861328,2248310
2014-05-16,123.55000305175781,127.5,121.9000015258789,122.9000015258789,107.994384765625,2155667
2014-05-19,123.6500015258789,132.0,123.3499984741211,130.6999969482422,114.84835815429688,5691291
2014-05-20,131.25,136.0,131.25,133.1999969482422,117.04517364501953,2941538
2014-05-21,133.14999389648438,138.39999389648438,130.5500030517578,135.35000610351562,118.93439483642578,3152486
2014-05-22,135.5,139.64999389648438,134.0,135.64999389648438,119.197998046875,3549107
2014-05-23,137.0,143.39999389648438,136.5,142.5,125.21723175048828,3741375
2014-05-26,144.0,145.0,132.5,135.89999389648438,119.4177017211914,4091972
2014-05-27,136.8000030517578,136.8000030517578,130.0,134.6999969482422,118.36321258544922,1362463
2014-05-28,135.0,138.0,133.39999389648438,136.35000610351562,119.8131332397461,1316119
2014-05-29,137.60000610351562,139.89999389648438,135.25,137.75,121.04330444335938,4721313
2014-05-30,138.10000610351562,142.35000610351562,137.0,140.5500030517578,123.50373077392578,2419655
2014-06-02,141.5,144.85000610351562,140.5,143.35000610351562,125.96418762207031,2673138
2014-06-03,144.0,145.4499969482422,141.8000030517578,144.10000610351562,126.62317657470703,1661542
2014-06-04,143.5500030517578,151.0,143.5500030517578,149.9499969482422,131.76365661621094,3613419
2014-06-05,150.9499969482422,154.5,147.39999389648438,148.4499969482422,130.44558715820312,3906910
2014-06-06,149.60000610351562,149.64999389648438,144.5500030517578,146.75,128.95179748535156,2083235
2014-06-09,148.1999969482422,149.89999389648438,145.10000610351562,148.14999389648438,130.1820068359375,1245831
2014-06-10,148.5,148.89999389648438,142.5,147.0500030517578,129.21539306640625,1151093
2014-06-11,147.0,148.6999969482422,143.1999969482422,144.75,127.19434356689453,1419484
2014-06-12,144.0,148.89999389648438,142.6999969482422,145.39999389648438,127.76548767089844,4288224
2014-06-13,146.8000030517578,148.0500030517578,140.5,142.3000030517578,125.04149627685547,1774831
2014-06-16,141.0,143.1999969482422,140.0,141.8000030517578,124.60211181640625,929918
2014-06-17,140.5,144.5,140.5,144.0,126.53527069091797,1815208
2014-06-18,144.0,145.25,137.14999389648438,139.6999969482422,122.7568359375,1337289
2014-06-19,140.5,143.0,138.0,141.39999389648438,124.25065612792969,1302258
2014-06-20,143.0,143.8000030517578,139.8000030517578,140.39999389648438,123.3719253540039,743967
2014-06-23,140.0,141.0500030517578,138.64999389648438,140.0,123.02043151855469,1039533
2014-06-24,139.1999969482422,142.39999389648438,139.1999969482422,140.89999389648438,123.81127166748047,2099367
2014-06-25,141.60000610351562,145.0,141.3000030517578,143.89999389648438,126.44742584228516,2869831
2014-06-26,145.39999389648438,146.4499969482422,143.0,143.75,126.31562042236328,2273979
2014-06-27,144.5,144.9499969482422,141.5,143.10000610351562,125.74444580078125,1862814
2014-06-30,143.9499969482422,146.0,142.25,145.0,127.4140396118164,2252113
2014-07-01,145.89999389648438,150.39999389648438,145.89999389648438,149.6999969482422,131.5440216064453,3054156
2014-07-02,151.9499969482422,159.1999969482422,151.25,158.60000610351562,139.36459350585938,6975048
2014-07-03,159.35000610351562,163.6999969482422,155.60000610351562,158.60000610351562,139.36459350585938,5646897
2014-07-04,159.25,161.75,156.64999389648438,159.1999969482422,139.89181518554688,2013602
2014-07-07,159.64999389648438,163.4499969482422,157.5500030517578,158.10000610351562,138.9252471923828,3827196
2014-07-08,158.39999389648438,160.0,148.39999389648438,150.35000610351562,132.1151580810547,3215839
2014-07-09,150.64999389648438,154.0,145.1999969482422,149.85000610351562,131.6758270263672,2421154
2014-07-10,151.0,156.9499969482422,141.89999389648438,150.3000030517578,132.0712432861328,5468326
2014-07-11,151.4499969482422,152.89999389648438,143.5,144.75,127.78951263427734,2040134
2014-07-14,144.0,148.39999389648438,143.0,147.0,129.77581787109375,928689
2014-07-15,147.35000610351562,153.0,146.5,152.39999389648438,134.5431365966797,1305250
2014-07-16,154.5500030517578,154.75,152.14999389648438,153.39999389648438,135.42593383789062,2000632
2014-07-17,153.9499969482422,155.0,152.39999389648438,153.1999969482422,135.24940490722656,2238787
2014-07-18,153.0,160.75,149.5500030517578,159.8000030517578,141.0760955810547,4956213
2014-07-21,161.9499969482422,162.10000610351562,156.5,158.1999969482422,139.66355895996094,3738022
2014-07-22,165.89999389648438,169.9499969482422,163.39999389648438,165.35000610351562,145.97579956054688,13258769
2014-07-23,166.64999389648438,166.64999389648438,159.0,160.0,141.2526397705078,4227524
2014-07-24,160.0,163.35000610351562,156.1999969482422,160.10000610351562,141.3409423828125,4789145
2014-07-25,160.39999389648438,162.89999389648438,158.1999969482422,159.9499969482422,141.20849609375,4896831
2014-07-28,160.0,164.8000030517578,160.0,162.60000610351562,143.5480194091797,4849953
2014-07-30,163.60000610351562,167.60000610351562,162.10000610351562,167.10000610351562,147.52073669433594,2989071
2014-07-31,167.25,169.8000030517578,163.10000610351562,164.4499969482422,145.18124389648438,5949684
2014-08-01,162.60000610351562,167.0,160.0,163.89999389648438,144.69569396972656,2447383
2014-08-04,163.64999389648438,166.9499969482422,163.25,165.25,145.88748168945312,3231642
2014-08-05,166.0,166.4499969482422,161.60000610351562,162.35000610351562,143.3273162841797,3536973
2014-08-06,161.5,163.39999389648438,160.0,160.64999389648438,141.82644653320312,2130593
2014-08-07,161.0,164.35000610351562,160.0,161.9499969482422,142.97415161132812,3189471
2014-08-08,160.5,161.5,156.0500030517578,157.39999389648438,138.95729064941406,1550270
2014-08-11,158.10000610351562,160.75,156.5,157.0500030517578,138.64830017089844,2359799
2014-08-12,158.0,163.64999389648438,157.5,163.10000610351562,143.9894256591797,1716317
2014-08-13,164.8000030517578,164.8000030517578,157.35000610351562,160.64999389648438,141.82644653320312,1724683
2014-08-14,160.9499969482422,162.3000030517578,159.1999969482422,160.75,141.91476440429688,1473699
2014-08-18,160.9499969482422,164.9499969482422,160.75,163.64999389648438,144.4749755859375,1688394
2014-08-19,164.10000610351562,167.64999389648438,163.25,165.75,146.3289031982422,1684264
2014-08-20,165.75,169.1999969482422,165.25,167.85000610351562,148.18284606933594,1899827
2014-08-21,167.4499969482422,171.89999389648438,162.1999969482422,166.4499969482422,148.2719268798828,2486672
2014-08-22,166.8000030517578,169.14999389648438,162.0500030517578,162.60000610351562,144.84239196777344,2432317
2014-08-25,162.89999389648438,164.5,159.14999389648438,160.14999389648438,143.98826599121094,1571121
2014-08-26,160.0,160.0,155.0,158.60000610351562,142.59469604492188,1764662
2014-08-27,160.0,165.0,159.6999969482422,164.3000030517578,147.71946716308594,1393083
2014-08-28,165.85000610351562,167.0,162.35000610351562,162.89999389648438,146.46070861816406,3606906
2014-09-01,164.6999969482422,167.85000610351562,163.39999389648438,166.8000030517578,149.96714782714844,1896985
2014-09-02,167.8000030517578,167.89999389648438,164.1999969482422,165.3000030517578,148.6185302734375,1195334
2014-09-03,165.0,167.0,162.3000030517578,165.85000610351562,149.11305236816406,2252991
2014-09-04,165.0,165.89999389648438,161.6999969482422,162.64999389648438,146.23597717285156,1133534
2014-09-05,161.9499969482422,165.0,161.10000610351562,162.35000610351562,145.96624755859375,1100375
2014-09-08,163.60000610351562,165.60000610351562,162.5,163.10000610351562,146.6405792236328,2301349
2014-09-09,163.9499969482422,164.60000610351562,160.85000610351562,161.85000610351562,145.5167236328125,1640709
2014-09-10,160.9499969482422,163.8000030517578,160.75,162.85000610351562,146.41578674316406,2225953
2014-09-11,163.0,166.10000610351562,162.89999389648438,164.60000610351562,147.98915100097656,3330828
2014-09-12,167.0,175.60000610351562,166.4499969482422,175.0500030517578,157.38461303710938,12067191
2014-09-15,176.35000610351562,181.1999969482422,175.39999389648438,178.64999389648438,160.62132263183594,7871801
2014-09-16,179.0,183.39999389648438,168.0,171.25,153.9680938720703,4881736
2014-09-17,173.39999389648438,174.75,168.10000610351562,173.4499969482422,155.946044921875,2298666
2014-09-18,173.89999389648438,178.6999969482422,171.9499969482422,178.0,160.03689575195312,2140123
2014-09-19,179.25,180.35000610351562,170.75,172.14999389648438,154.7772674560547,3934999
2014-09-22,172.0,174.4499969482422,170.14999389648438,172.64999389648438,155.22682189941406,1809965
2014-09-23,172.10000610351562,174.39999389648438,169.0,169.8000030517578,152.66439819335938,1905444
2014-09-24,168.10000610351562,172.0,166.5,169.64999389648438,152.529541015625,2277803
2014-09-25,169.3000030517578,172.0,164.25,165.75,149.02313232421875,1818565
2014-09-26,164.60000610351562,172.0,164.60000610351562,170.4499969482422,153.24880981445312,1896708
2014-09-29,170.1999969482422,172.8000030517578,168.5,169.5,152.39468383789062,1275492
2014-09-30,168.0,171.25,167.9499969482422,169.60000610351562,152.48458862304688,1912663
2014-10-01,170.0,173.8000030517578,169.0,172.14999389648438,154.7772674560547,1748922
2014-10-07,173.60000610351562,175.5,166.5,167.25,150.37176513671875,2676386
2014-10-08,167.60000610351562,169.4499969482422,165.60000610351562,167.89999389648438,150.9561309814453,1263880
2014-10-09,168.6999969482422,174.25,168.1999969482422,171.10000610351562,153.83322143554688,3222784
2014-10-10,169.85000610351562,171.35000610351562,166.4499969482422,167.4499969482422,150.5515594482422,1612508
2014-10-13,167.0,171.5500030517578,166.3000030517578,170.6999969482422,153.47357177734375,2392139
2014-10-14,171.5,171.85000610351562,169.10000610351562,170.0500030517578,152.88919067382812,1618017
2014-10-15,170.0500030517578,170.0500030517578,170.0500030517578,170.0500030517578,152.88919067382812,0
2014-10-16,169.60000610351562,172.9499969482422,164.3000030517578,166.60000610351562,149.787353515625,2590340
2014-10-17,166.6999969482422,170.14999389648438,163.1999969482422,164.5,147.89926147460938,2220923
2014-10-20,167.89999389648438,167.89999389648438,156.5,158.35000610351562,142.36988830566406,5486688
2014-10-21,156.89999389648438,157.9499969482422,150.10000610351562,151.5500030517578,136.2561492919922,5388410
2014-10-22,153.0,158.0500030517578,152.5500030517578,155.6999969482422,139.98733520507812,5730843
2014-10-27,162.6999969482422,162.6999969482422,155.75,156.39999389648438,140.61669921875,1502198
2014-10-28,156.5,157.8000030517578,154.60000610351562,155.64999389648438,139.9423828125,1233953
2014-10-29,156.1999969482422,157.75,153.25,154.5500030517578,138.95338439941406,2267792
2014-10-30,155.0,158.4499969482422,154.10000610351562,156.4499969482422,140.66165161132812,4918416
2014-10-31,158.0,159.35000610351562,156.6999969482422,157.60000610351562,141.69558715820312,2458035
2014-11-03,158.8000030517578,161.1999969482422,157.60000610351562,159.6999969482422,143.58367919921875,2849409
2014-11-05,160.6999969482422,161.4499969482422,158.75,160.0500030517578,143.89834594726562,3392251
2014-11-07,160.5,163.39999389648438,159.5,160.75,144.52767944335938,3433731
2014-11-10,161.8000030517578,163.9499969482422,161.35000610351562,162.85000610351562,146.41578674316406,1788073
2014-11-11,163.85000610351562,164.6999969482422,161.5,163.75,147.2249298095703,1523570
2014-11-12,164.4499969482422,165.85000610351562,163.14999389648438,164.39999389648438,147.80935668945312,1294659
2014-11-13,165.39999389648438,165.89999389648438,160.14999389648438,161.75,145.42678833007812,935645
2014-11-14,161.60000610351562,163.8000030517578,159.64999389648438,161.0,144.75250244140625,2050303
2014-11-17,161.8000030517578,163.0,160.5500030517578,162.3000030517578,145.9212646484375,795154
2014-11-18,162.89999389648438,164.0,160.6999969482422,162.10000610351562,145.74147033691406,991019
2014-11-19,162.75,164.75,157.64999389648438,158.5,142.5047607421875,2349647
2014-11-20,158.5,158.89999389648438,155.5500030517578,156.6999969482422,140.88641357421875,1571415
2014-11-21,156.3000030517578,159.35000610351562,155.39999389648438,155.8000030517578,140.07725524902344,1651331
2014-11-24,156.5,158.8000030517578,156.5,157.4499969482422,141.5607147216797,1255045
2014-11-25,158.35000610351562,158.35000610351562,147.25,152.0,136.6607208251953,4109727
2014-11-26,151.0,158.25,151.0,157.39999389648438,141.51577758789062,2359788
2014-11-27,157.8000030517578,164.39999389648438,157.0,163.0500030517578,146.5955810546875,3089126
2014-11-28,163.10000610351562,170.5,163.10000610351562,166.0500030517578,149.29286193847656,2886424
2014-12-01,166.9499969482422,169.75,165.25,167.89999389648438,150.9561309814453,1743171
2014-12-02,167.25,175.1999969482422,166.0,174.39999389648438,156.8002166748047,2953856
2014-12-03,174.9499969482422,177.39999389648438,172.5500030517578,173.10000610351562,155.63140869140625,2025063
2014-12-04,173.25,176.0,170.5,171.35000610351562,154.05796813964844,1804099
2014-12-05,171.75,174.0,169.25,170.0500030517578,152.88919067382812,1101883
2014-12-08,170.0,172.4499969482422,166.6999969482422,169.60000610351562,152.48458862304688,1545549
2014-12-09,170.0,176.9499969482422,167.8000030517578,171.5500030517578,154.23780822753906,3678718
2014-12-10,172.8000030517578,176.6999969482422,172.0,174.64999389648438,157.02496337890625,2283418
2014-12-11,175.3000030517578,175.3000030517578,170.39999389648438,171.89999389648438,154.55247497558594,1351635
2014-12-12,173.0,175.64999389648438,168.39999389648438,170.60000610351562,153.3836669921875,1972303
2014-12-15,170.39999389648438,176.4499969482422,167.75,175.0,157.3396453857422,1688958
2014-12-16,173.64999389648438,175.64999389648438,165.9499969482422,166.75,149.92221069335938,1548092
2014-12-17,166.35000610351562,169.60000610351562,158.5,161.0500030517578,144.7974090576172,3733168
2014-12-18,163.39999389648438,172.75,162.85000610351562,170.0500030517578,152.88919067382812,2430011
2014-12-19,172.39999389648438,174.0,167.9499969482422,169.35000610351562,152.25985717773438,1717566
2014-12-22,169.89999389648438,173.39999389648438,169.0,172.0,154.6424102783203,1707379
2014-12-23,172.5500030517578,172.5500030517578,166.5,168.85000610351562,151.81028747558594,1127776
2014-12-24,168.9499969482422,174.1999969482422,167.64999389648438,170.25,153.0690155029297,2825709
2014-12-26,170.5,177.85000610351562,168.75,176.5,158.6882781982422,2466718
2014-12-29,177.4499969482422,180.64999389648438,175.10000610351562,176.3000030517578,158.50848388671875,2898262
2014-12-30,176.5,180.5,175.5,179.5,161.38551330566406,1757945
2014-12-31,178.4499969482422,180.0,176.9499969482422,177.8000030517578,159.8571014404297,853479
2015-01-01,178.0500030517578,189.1999969482422,176.3000030517578,188.39999389648438,169.38739013671875,5125181
2015-01-02,189.3000030517578,189.89999389648438,183.4499969482422,184.5500030517578,165.92587280273438,3549473
2015-01-05,184.0,189.39999389648438,183.14999389648438,185.5,166.780029296875,2741523
2015-01-06,184.3000030517578,191.60000610351562,181.0,185.14999389648438,166.46533203125,4513270
2015-01-07,185.0,188.85000610351562,181.60000610351562,183.64999389648438,165.11669921875,2111197
2015-01-08,185.0,188.0,183.14999389648438,185.60000610351562,166.8699493408203,2388577
2015-01-09,186.89999389648438,192.6999969482422,186.25,189.5,170.37637329101562,4701398
2015-01-12,190.0,190.89999389648438,187.10000610351562,188.6999969482422,169.65708923339844,2076536
2015-01-13,188.0500030517578,191.5,183.9499969482422,185.1999969482422,166.51028442382812,1853154
2015-01-14,185.39999389648438,187.89999389648438,183.35000610351562,185.39999389648438,166.69012451171875,2106732
2015-01-15,186.89999389648438,188.8000030517578,185.5,186.85000610351562,167.99380493164062,2149866
2015-01-16,187.3000030517578,188.6999969482422,184.64999389648438,185.1999969482422,166.51028442382812,2117686
2015-01-19,183.6999969482422,187.8000030517578,183.5,184.0500030517578,165.4763641357422,1159227
2015-01-20,183.25,186.39999389648438,179.14999389648438,179.89999389648438,161.7451629638672,1680593
2015-01-21,179.0,188.10000610351562,178.85000610351562,185.5,166.780029296875,4856495
2015-01-22,186.0,193.89999389648438,185.25,192.0500030517578,172.66903686523438,6811305
2015-01-23,194.0,202.25,193.85000610351562,201.75,181.39015197753906,6030618
2015-01-27,202.3000030517578,202.4499969482422,197.5,198.75,178.69287109375,1811362
2015-01-28,197.0,205.1999969482422,195.8000030517578,198.0500030517578,178.0635223388672,3505429
2015-01-29,198.0500030517578,198.39999389648438,192.64999389648438,193.8000030517578,174.24246215820312,3813829
2015-01-30,194.8000030517578,195.5500030517578,184.60000610351562,186.0500030517578,167.27450561523438,4436734
2015-02-02,188.0,198.0,185.0,195.0500030517578,175.3662567138672,4142589
2015-02-03,196.0,203.0,195.0,197.5500030517578,177.61399841308594,3883724
2015-02-04,198.10000610351562,199.3000030517578,192.1999969482422,193.0,173.52316284179688,1793823
2015-02-05,193.0,196.35000610351562,190.5,191.64999389648438,172.3093719482422,1609773
2015-02-06,191.6999969482422,191.6999969482422,183.25,184.5,165.88092041015625,2810317
2015-02-09,183.0,184.35000610351562,176.35000610351562,177.0,159.13780212402344,1299985
2015-02-10,176.0,181.35000610351562,173.0,174.1999969482422,156.62037658691406,2872494
2015-02-11,174.9499969482422,179.5,174.5500030517578,177.60000610351562,159.67726135253906,1837217
2015-02-12,178.39999389648438,180.14999389648438,177.0500030517578,177.9499969482422,159.991943359375,1809859
2015-02-13,178.60000610351562,179.6999969482422,174.60000610351562,176.35000610351562,158.55340576171875,2755211
2015-02-16,176.9499969482422,183.89999389648438,175.89999389648438,180.25,162.05984497070312,2010898
2015-02-18,180.9499969482422,183.39999389648438,180.1999969482422,182.35000610351562,163.94790649414062,1107636
2015-02-19,183.39999389648438,185.3000030517578,181.3000030517578,184.25,165.65615844726562,1346928
2015-02-20,184.35000610351562,185.9499969482422,182.25,183.8000030517578,165.25160217285156,1609908
2015-02-23,185.0,186.8000030517578,180.3000030517578,182.1999969482422,163.81304931640625,2054083
2015-02-24,183.1999969482422,183.25,180.8000030517578,182.5,164.08277893066406,1248593
2015-02-25,183.35000610351562,183.5500030517578,176.5500030517578,178.14999389648438,160.1717987060547,1630178
2015-02-26,178.4499969482422,180.6999969482422,175.1999969482422,176.0500030517578,158.28367614746094,2840428
2015-02-27,174.4499969482422,181.89999389648438,174.4499969482422,180.39999389648438,162.19468688964844,1106152
2015-03-02,181.0,182.89999389648438,176.64999389648438,181.64999389648438,163.31858825683594,2209832
2015-03-03,182.60000610351562,184.14999389648438,180.4499969482422,181.0500030517578,162.7790985107422,1730144
2015-03-04,182.0,182.6999969482422,175.10000610351562,176.35000610351562,158.55340576171875,1298051
2015-03-05,178.0,181.8000030517578,177.0,180.85000610351562,162.5992889404297,1753972
2015-03-09,179.89999389648438,181.89999389648438,177.0,177.89999389648438,159.94696044921875,1175962
2015-03-10,178.0,183.3000030517578,178.0,182.0,163.63320922851562,1613330
2015-03-11,182.5500030517578,185.8000030517578,182.0500030517578,183.60000610351562,165.0717315673828,1801918
2015-03-12,187.5,193.5500030517578,187.0,192.4499969482422,173.02865600585938,3560313
2015-03-13,199.85000610351562,199.9499969482422,186.5,188.14999389648438,169.16258239746094,7135280
2015-03-16,188.14999389648438,192.64999389648438,185.75,186.85000610351562,167.99380493164062,2018264
2015-03-17,187.75,191.3000030517578,185.75,186.85000610351562,167.99380493164062,3550914
2015-03-18,187.1999969482422,187.9499969482422,182.6999969482422,183.75,165.20663452148438,1567226
2015-03-19,184.8000030517578,187.39999389648438,182.39999389648438,183.14999389648438,164.6671905517578,1172993
2015-03-20,182.0,183.14999389648438,178.64999389648438,180.89999389648438,162.6442108154297,2314486
2015-03-23,181.14999389648438,182.1999969482422,178.0,179.85000610351562,161.7001953125,762236
2015-03-24,179.0,184.89999389648438,179.0,184.10000610351562,165.52133178710938,1170281
2015-03-25,184.8000030517578,187.4499969482422,181.5,183.0500030517578,164.57730102539062,2820543
2015-03-26,182.89999389648438,186.0,179.39999389648438,180.1999969482422,162.014892578125,2350510
2015-03-27,181.6999969482422,182.0,174.60000610351562,178.39999389648438,160.39654541015625,1365991
2015-03-30,179.89999389648438,183.14999389648438,179.0500030517578,180.10000610351562,161.92494201660156,1640110
2015-03-31,180.5,182.5,177.0500030517578,177.75,159.81214904785156,1544409
2015-04-01,178.0,178.85000610351562,176.0,178.14999389648438,160.1717987060547,1154608
2015-04-06,178.6999969482422,179.0,176.3000030517578,177.8000030517578,159.8571014404297,1342587
2015-04-07,178.0500030517578,185.1999969482422,177.1999969482422,183.39999389648438,164.89198303222656,4166522
2015-04-08,185.10000610351562,187.8000030517578,183.4499969482422,184.1999969482422,165.6112060546875,2988024
2015-04-09,184.6999969482422,189.9499969482422,182.6999969482422,188.9499969482422,169.88186645507812,3144466
2015-04-10,190.0,191.85000610351562,187.75,188.85000610351562,169.7919464111328,2169237
2015-04-13,189.4499969482422,192.89999389648438,188.64999389648438,190.25,171.0506591796875,2111598
2015-04-15,190.25,193.14999389648438,187.14999389648438,188.9499969482422,169.88186645507812,2451904
2015-04-16,188.85000610351562,191.3000030517578,187.4499969482422,188.60000610351562,169.5672149658203,2205258
2015-04-17,189.60000610351562,190.9499969482422,186.5,188.4499969482422,169.4323272705078,2300865
2015-04-20,188.4499969482422,188.5,178.75,180.85000610351562,162.5992889404297,1841510
2015-04-21,181.0,183.14999389648438,177.25,179.35000610351562,161.25070190429688,1924806
2015-04-22,180.0,182.39999389648438,176.1999969482422,179.25,161.1607666015625,1317166
2015-04-23,180.64999389648438,182.14999389648438,176.60000610351562,177.4499969482422,159.54238891601562,1600980
2015-04-24,177.64999389648438,177.9499969482422,174.39999389648438,175.0,157.3396453857422,1720533
2015-04-27,175.10000610351562,175.64999389648438,167.5500030517578,170.9499969482422,153.6983642578125,991239
2015-04-28,170.89999389648438,176.85000610351562,168.60000610351562,176.10000610351562,158.32862854003906,2416102
2015-04-29,176.9499969482422,181.8000030517578,175.25,181.25,162.95889282226562,2489936
2015-04-30,180.5,180.89999389648438,169.0,171.5500030517578,154.23780822753906,6414378
2015-05-04,171.5,171.5,159.5,161.89999389648438,145.56166076660156,9793756
2015-05-05,161.89999389648438,164.4499969482422,161.10000610351562,161.89999389648438,145.56166076660156,2710508
2015-05-06,161.89999389648438,163.39999389648438,154.75,155.1999969482422,139.53778076171875,2461137
2015-05-07,154.75,154.75,150.0,151.25,135.9864044189453,3196428
2015-05-08,152.35000610351562,154.6999969482422,152.1999969482422,153.35000610351562,137.87448120117188,1491371
2015-05-11,154.3000030517578,160.14999389648438,151.89999389648438,157.60000610351562,141.69558715820312,4450435
2015-05-12,157.0,157.25,150.0,151.5,136.21119689941406,3578317
2015-05-13,151.0,154.3000030517578,150.5,152.25,136.88546752929688,2355513
2015-05-14,152.5,156.14999389648438,150.64999389648438,154.9499969482422,139.3130340576172,2147582
2015-05-15,157.0,159.5,156.0500030517578,158.25,142.27999877929688,3330046
2015-05-18,158.85000610351562,160.25,156.4499969482422,159.60000610351562,143.49378967285156,1365806
2015-05-19,159.5,162.0,158.0500030517578,158.8000030517578,142.77452087402344,1573013
2015-05-20,159.39999389648438,160.3000030517578,157.5500030517578,158.9499969482422,142.9093475341797,1218744
2015-05-21,158.39999389648438,159.25,156.1999969482422,157.14999389648438,141.291015625,1060839
2015-05-22,157.35000610351562,159.60000610351562,156.35000610351562,159.0,142.95431518554688,1630085
2015-05-25,158.85000610351562,161.1999969482422,156.85000610351562,158.89999389648438,142.8643798828125,1357073
2015-05-26,158.89999389648438,159.5,156.85000610351562,157.1999969482422,141.33596801757812,864683
2015-05-27,156.0,156.6999969482422,153.75,155.0,139.3579559326172,1954603
2015-05-28,155.6999969482422,156.5500030517578,152.8000030517578,154.0,138.4589080810547,1740670
2015-05-29,153.8000030517578,155.60000610351562,150.14999389648438,153.6999969482422,138.1891632080078,4393439
2015-06-01,154.35000610351562,156.9499969482422,153.0,154.1999969482422,138.63870239257812,1149695
2015-06-02,154.1999969482422,154.85000610351562,149.1999969482422,150.85000610351562,135.6267852783203,1272279
2015-06-03,150.0500030517578,150.39999389648438,144.5500030517578,146.10000610351562,131.3561248779297,2006718
2015-06-04,147.10000610351562,149.25,145.35000610351562,148.75,133.7387237548828,790272
2015-06-05,147.75,149.8000030517578,147.0,148.35000610351562,133.37905883789062,732106
2015-06-08,148.39999389648438,148.39999389648438,144.1999969482422,144.89999389648438,130.27723693847656,1235772
2015-06-09,145.8000030517578,146.39999389648438,144.0,144.75,130.14236450195312,923633
2015-06-10,144.6999969482422,146.1999969482422,143.89999389648438,144.6999969482422,130.097412109375,1304594
2015-06-11,145.14999389648438,146.39999389648438,142.0,142.8000030517578,128.38917541503906,1846182
2015-06-12,142.5,144.14999389648438,139.8000030517578,142.0,127.66989135742188,1167270
2015-06-15,142.0,145.89999389648438,142.0,144.64999389648438,130.05245971679688,1307297
2015-06-16,144.5,146.25,142.0500030517578,145.60000610351562,130.90660095214844,1075814
2015-06-17,145.6999969482422,148.25,143.9499969482422,146.6999969482422,131.8955535888672,1639978
2015-06-18,146.8000030517578,148.85000610351562,146.10000610351562,147.89999389648438,132.97447204589844,718905
2015-06-19,148.25,148.75,145.6999969482422,146.85000610351562,132.03045654296875,863944
2015-06-22,147.0,151.0,146.9499969482422,149.1999969482422,134.14329528808594,2420960
2015-06-23,149.8000030517578,151.39999389648438,148.39999389648438,150.14999389648438,134.99742126464844,899784
2015-06-24,150.35000610351562,153.60000610351562,148.89999389648438,150.75,135.53684997558594,1520191
2015-06-25,150.0,152.75,149.3000030517578,151.5,136.21119689941406,3136439
2015-06-26,151.0500030517578,153.8000030517578,150.0,152.8000030517578,137.37998962402344,996950
2015-06-29,149.75,150.8000030517578,145.5,146.25,131.49099731445312,1940383
2015-06-30,146.5,149.3000030517578,144.6999969482422,148.3000030517578,133.33407592773438,1259944
2015-07-01,148.5,152.0,147.0,151.39999389648438,136.12124633789062,1036231
2015-07-02,151.4499969482422,153.39999389648438,149.25,150.10000610351562,134.95245361328125,1609689
2015-07-03,152.0,153.14999389648438,149.5500030517578,150.3000030517578,135.13230895996094,1223100
2015-07-06,147.3000030517578,150.0,146.1999969482422,149.39999389648438,134.3231201171875,1333305
2015-07-07,149.8000030517578,151.8000030517578,149.60000610351562,150.35000610351562,135.17723083496094,1051391
2015-07-08,150.0,155.8000030517578,148.64999389648438,152.10000610351562,136.75064086914062,2983827
2015-07-09,152.60000610351562,154.39999389648438,152.0500030517578,152.75,137.3350067138672,980938
2015-07-10,153.1999969482422,154.25,151.25,152.0500030517578,136.7056884765625,1067464
2015-07-13,152.5,154.60000610351562,151.75,154.25,138.68365478515625,959210
2015-07-14,154.5,155.10000610351562,151.9499969482422,152.0500030517578,136.7056884765625,1769330
2015-07-15,152.25,153.89999389648438,151.5,152.5,137.1102752685547,1163720
2015-07-16,152.0500030517578,154.5,152.0500030517578,153.14999389648438,137.6946563720703,1280084
2015-07-17,153.14999389648438,156.0,152.35000610351562,154.89999389648438,139.26808166503906,1062825
2015-07-20,155.5,156.60000610351562,154.0500030517578,155.0,139.3579559326172,1014477
2015-07-21,155.0,156.4499969482422,152.60000610351562,153.10000610351562,137.64971923828125,1312552
2015-07-22,152.8000030517578,153.75,151.25,152.5500030517578,137.1552276611328,1535921
2015-07-23,152.60000610351562,153.8000030517578,151.25,152.9499969482422,138.14877319335938,1263776
2015-07-24,153.0,154.5,150.0,150.64999389648438,136.07131958007812,1105669
2015-07-27,150.35000610351562,150.35000610351562,144.10000610351562,144.8000030517578,130.78744506835938,1348707
2015-07-28,144.5,145.8000030517578,141.0500030517578,141.6999969482422,127.9874267578125,1201992
2015-07-29,141.0,143.5500030517578,140.9499969482422,142.8000030517578,128.98098754882812,2223155
2015-07-30,144.5,146.39999389648438,142.75,143.85000610351562,129.92938232421875,3296586
2015-07-31,140.0,147.85000610351562,136.14999389648438,146.25,132.09715270996094,6575422
2015-08-03,146.25,151.3000030517578,144.5,149.85000610351562,135.34878540039062,2255632
2015-08-04,149.5500030517578,156.39999389648438,147.75,155.5,140.4520263671875,3056581
2015-08-05,156.0,157.0,154.10000610351562,154.75,139.77456665039062,1882220
2015-08-06,154.5,157.89999389648438,152.0,156.25,141.1294403076172,1188748
2015-08-07,155.9499969482422,160.4499969482422,153.0500030517578,159.14999389648438,143.74879455566406,2807997
2015-08-10,158.25,161.3000030517578,157.5,158.75,143.38751220703125,1596026
2015-08-11,158.14999389648438,160.1999969482422,156.1999969482422,159.4499969482422,144.01974487304688,2242206
2015-08-12,158.5,160.0,155.8000030517578,158.25,142.93589782714844,3212506
2015-08-13,158.0,161.6999969482422,155.1999969482422,156.0500030517578,140.9487762451172,2268252
2015-08-14,156.8000030517578,160.5,155.5500030517578,159.60000610351562,144.15525817871094,1336182
2015-08-17,159.25,163.8000030517578,158.0,162.0,146.322998046875,1603019
2015-08-18,165.0,168.60000610351562,163.10000610351562,164.35000610351562,148.445556640625,3544572
2015-08-19,164.0500030517578,164.8000030517578,159.0,160.64999389648438,145.10362243652344,1886622
2015-08-20,160.25,163.5,158.14999389648438,160.75,145.19395446777344,1547472
2015-08-21,158.0,159.0,151.3000030517578,154.3000030517578,139.36813354492188,2386106
2015-08-24,146.0,152.35000610351562,145.0,147.5500030517578,133.2713623046875,2718095
2015-08-25,146.0500030517578,156.25,143.6999969482422,153.3000030517578,138.4648895263672,3691856
2015-08-26,152.0,155.8000030517578,151.89999389648438,152.89999389648438,138.1036376953125,1650848
2015-08-27,153.60000610351562,158.8000030517578,151.10000610351562,156.75,141.58102416992188,1905114
2015-08-28,158.1999969482422,159.35000610351562,152.0,154.10000610351562,139.1875,2132895
2015-08-31,153.9499969482422,154.89999389648438,152.3000030517578,153.60000610351562,138.73587036132812,1122581
2015-09-01,151.60000610351562,152.35000610351562,145.5,148.35000610351562,133.99391174316406,1670374
2015-09-02,148.89999389648438,149.9499969482422,147.5,148.8000030517578,134.40036010742188,851693
2015-09-03,149.75,151.10000610351562,147.89999389648438,149.14999389648438,134.7164764404297,825310
2015-09-04,148.6999969482422,148.8000030517578,143.8000030517578,147.8000030517578,133.4971466064453,1433061
2015-09-07,147.8000030517578,148.89999389648438,146.0,147.10000610351562,132.86489868164062,531317
2015-09-08,146.0,148.8000030517578,142.39999389648438,148.10000610351562,133.76812744140625,1078937
2015-09-09,149.39999389648438,150.10000610351562,147.10000610351562,149.0500030517578,134.6261749267578,685982
2015-09-10,147.0,152.89999389648438,145.75,150.39999389648438,135.84555053710938,660175
2015-09-11,150.8000030517578,151.9499969482422,146.64999389648438,148.10000610351562,133.76812744140625,305100
2015-09-14,148.4499969482422,149.5,147.39999389648438,148.6999969482422,134.31007385253906,293339
2015-09-15,148.10000610351562,150.1999969482422,147.8000030517578,149.10000610351562,134.67135620117188,476100
2015-09-16,149.5,150.25,147.25,148.75,134.35520935058594,1652784
2015-09-18,149.0500030517578,151.6999969482422,146.35000610351562,147.60000610351562,133.31651306152344,1703284
2015-09-21,147.0,154.9499969482422,145.75,153.25,138.41973876953125,587728
2015-09-22,155.0,155.5500030517578,150.10000610351562,152.6999969482422,137.92295837402344,572827
2015-09-23,150.1999969482422,153.5,149.14999389648438,152.4499969482422,137.69717407226562,696527
2015-09-24,153.0,164.9499969482422,151.85000610351562,159.39999389648438,143.9745635986328,3150811
2015-09-28,156.89999389648438,159.85000610351562,155.0,155.9499969482422,140.85845947265625,852886
2015-09-29,153.9499969482422,155.14999389648438,151.60000610351562,152.39999389648438,137.65199279785156,1578732
2015-09-30,153.25,157.5,153.0,155.64999389648438,140.58749389648438,1502043
2015-10-01,155.0,156.8000030517578,151.0,152.0,137.2906951904297,388939
2015-10-05,152.85000610351562,153.85000610351562,152.0,152.6999969482422,137.92295837402344,349068
2015-10-06,153.89999389648438,154.75,152.14999389648438,152.6999969482422,137.92295837402344,589644
2015-10-07,153.6999969482422,159.64999389648438,152.85000610351562,158.8000030517578,143.43267822265625,2558082
2015-10-08,159.0,159.0,155.0500030517578,155.8000030517578,140.72299194335938,380286
2015-10-09,155.8000030517578,157.89999389648438,150.6999969482422,152.0,137.2906951904297,1113186
2015-10-12,152.8000030517578,153.8000030517578,149.75,152.25,137.51649475097656,1046026
2015-10-13,152.0,152.5,149.9499969482422,150.75,136.1616668701172,549133
2015-10-14,150.0500030517578,152.0,150.0,150.39999389648438,135.84555053710938,526657
2015-10-15,150.8000030517578,152.0500030517578,150.14999389648438,150.85000610351562,136.25198364257812,708461
2015-10-16,151.75,153.5,151.39999389648438,152.0,137.2906951904297,650946
2015-10-19,152.0,157.0,151.8000030517578,155.75,140.67784118652344,1085820
2015-10-20,156.6999969482422,157.0,154.60000610351562,155.8000030517578,140.72299194335938,587201
2015-10-21,156.0,162.5,156.0,160.75,145.19395446777344,1763199
2015-10-23,161.4499969482422,162.5500030517578,158.0,158.8000030517578,143.43267822265625,728324
2015-10-26,158.89999389648438,163.89999389648438,157.39999389648438,162.1999969482422,146.5036163330078,1150040
2015-10-27,161.75,163.39999389648438,160.10000610351562,161.39999389648438,145.78103637695312,809152
2015-10-28,162.0,165.5,159.1999969482422,160.9499969482422,145.37457275390625,3846937
2015-10-29,160.9499969482422,162.60000610351562,155.39999389648438,156.0500030517578,140.9487762451172,3085046
2015-10-30,156.5500030517578,158.0,148.5,149.5,135.03265380859375,2257636
2015-11-02,151.5,154.4499969482422,150.0,152.5500030517578,137.7874755859375,1011769
2015-11-03,153.8000030517578,153.8000030517578,148.5500030517578,149.10000610351562,134.67135620117188,1781866
2015-11-04,149.0,151.39999389648438,146.8000030517578,147.4499969482422,133.1810302734375,1219095
2015-11-05,147.25,147.89999389648438,144.60000610351562,144.89999389648438,132.31353759765625,613377
2015-11-06,145.0,145.0,141.5,142.9499969482422,130.53292846679688,467120
2015-11-09,139.0,145.39999389648438,138.75,144.6999969482422,132.13087463378906,1604855
2015-11-10,143.89999389648438,145.0,141.25,141.75,129.4371795654297,864816
2015-11-13,143.4499969482422,145.4499969482422,141.10000610351562,145.10000610351562,132.49620056152344,1118649
2015-11-16,145.10000610351562,148.25,144.60000610351562,147.25,134.4593963623047,1089489
2015-11-17,147.6999969482422,149.89999389648438,146.3000030517578,147.0,134.2311248779297,1085709
2015-11-18,147.0500030517578,149.6999969482422,146.35000610351562,147.3000030517578,134.5050811767578,668499
2015-11-19,148.25,149.5,147.75,149.10000610351562,136.1487274169922,1472611
2015-11-20,149.6999969482422,151.0,148.35000610351562,148.8000030517578,135.87477111816406,563194
2015-11-23,148.89999389648438,150.14999389648438,148.5,148.89999389648438,135.96607971191406,584070
2015-11-24,148.3000030517578,151.0,148.10000610351562,148.8000030517578,135.87477111816406,422610
2015-11-26,149.0,151.39999389648438,147.75,148.64999389648438,135.73779296875,2116836
2015-11-27,148.64999389648438,149.8000030517578,146.64999389648438,148.4499969482422,135.55516052246094,591800
2015-11-30,148.0,149.89999389648438,146.39999389648438,147.75,134.91598510742188,2337630
2015-12-01,148.60000610351562,148.9499969482422,145.5,146.0,133.31797790527344,573177
2015-12-02,146.14999389648438,146.4499969482422,143.8000030517578,145.10000610351562,132.49620056152344,907689
2015-12-03,144.8000030517578,144.9499969482422,142.75,143.0,130.57858276367188,812626
2015-12-04,142.5,144.25,141.10000610351562,141.3000030517578,129.02621459960938,805330
2015-12-07,142.39999389648438,142.8000030517578,140.3000030517578,141.0,128.75230407714844,1692236
2015-12-08,140.5,141.85000610351562,138.89999389648438,139.6999969482422,127.56522369384766,956667
2015-12-09,139.6999969482422,139.85000610351562,136.10000610351562,137.5500030517578,125.60201263427734,830989
2015-12-10,136.5,140.0,135.5,139.35000610351562,127.24563598632812,1200997
2015-12-11,140.0,140.5,138.39999389648438,139.9499969482422,127.79349517822266,1447188
2015-12-14,138.89999389648438,141.5500030517578,137.85000610351562,140.9499969482422,128.70664978027344,1025147
2015-12-15,141.0,144.5,139.75,143.5500030517578,131.08079528808594,729806
2015-12-16,143.5500030517578,144.75,141.5,143.9499969482422,131.44601440429688,925857
2015-12-17,144.0,145.5,142.14999389648438,145.14999389648438,132.5418243408203,615234
2015-12-18,144.0,146.1999969482422,143.5500030517578,145.25,132.63314819335938,661297
2015-12-21,145.25,145.9499969482422,143.3000030517578,145.5500030517578,132.90708923339844,248476
2015-12-22,144.89999389648438,146.60000610351562,143.1999969482422,144.3000030517578,131.7656707763672,230835
2015-12-23,144.35000610351562,145.60000610351562,141.85000610351562,142.9499969482422,130.53292846679688,729792
2015-12-24,143.0,145.89999389648438,142.25,145.10000610351562,132.49620056152344,1996011
2015-12-28,146.0,147.60000610351562,145.85000610351562,146.3000030517578,133.59194946289062,464298
2015-12-29,146.39999389648438,147.3000030517578,144.75,146.5,133.77456665039062,482666
2015-12-30,146.89999389648438,147.64999389648438,146.10000610351562,147.0,134.2311248779297,689252
2015-12-31,148.0500030517578,148.64999389648438,145.5,146.4499969482422,133.72889709472656,558536
2016-01-01,146.89999389648438,148.5,146.4499969482422,147.4499969482422,134.64202880859375,439374
2016-01-04,146.10000610351562,147.8000030517578,143.0,144.75,132.17657470703125,915383
2016-01-05,144.6999969482422,145.1999969482422,142.0,142.35000610351562,129.9850311279297,1101556
2016-01-06,142.25,143.85000610351562,141.1999969482422,141.85000610351562,129.52845764160156,2958060
2016-01-07,141.0,141.0,137.35000610351562,139.25,127.15431213378906,1007730
2016-01-08,139.5500030517578,142.75,139.1999969482422,142.35000610351562,129.9850311279297,446258
2016-01-11,140.6999969482422,140.8000030517578,138.75,139.6999969482422,127.56522369384766,825587
2016-01-12,140.1999969482422,141.4499969482422,139.0500030517578,139.85000610351562,127.70219421386719,791843
2016-01-13,140.39999389648438,141.25,135.60000610351562,138.0,126.01288604736328,305536
2016-01-14,136.5,138.9499969482422,134.39999389648438,138.4499969482422,126.423828125,505780
2016-01-15,138.8000030517578,139.60000610351562,133.89999389648438,134.6999969482422,122.99954223632812,430080
2016-01-18,134.8000030517578,134.8000030517578,128.0,129.85000610351562,118.57083892822266,828595
2016-01-19,130.14999389648438,130.89999389648438,126.75,127.69999694824219,116.60757446289062,2862335
2016-01-20,129.9499969482422,129.9499969482422,124.69999694824219,125.0,114.14212036132812,2810034
2016-01-21,125.5999984741211,128.0,118.5999984741211,119.94999694824219,109.53076171875,8016211
2016-01-22,121.25,126.9000015258789,119.5,125.05000305175781,114.18777465820312,2812659
2016-01-25,126.80000305175781,128.0500030517578,123.30000305175781,124.9000015258789,114.05078887939453,1176365
2016-01-27,125.4000015258789,125.8499984741211,120.8499984741211,121.30000305175781,110.76351928710938,1842342
2016-01-28,121.4000015258789,121.4000015258789,117.55000305175781,118.30000305175781,108.02409362792969,3065085
2016-01-29,118.0,120.94999694824219,116.0,120.25,109.80470275878906,6915407
2016-02-01,121.25,124.5,120.1500015258789,123.25,112.54412841796875,1357362
2016-02-02,122.9000015258789,125.75,121.5,122.1500015258789,111.53968048095703,1156921
2016-02-03,120.5,121.0999984741211,116.5,119.05000305175781,108.7089614868164,891237
2016-02-04,120.0999984741211,123.25,119.3499984741211,122.0999984741211,111.4940185546875,760096
2016-02-05,122.5,125.0999984741211,122.25,124.75,113.91382598876953,583038
2016-02-08,124.4000015258789,129.25,123.0999984741211,126.8499984741211,115.83140563964844,2319928
2016-02-09,125.30000305175781,129.1999969482422,123.9000015258789,128.5,117.33808898925781,956881
2016-02-10,127.25,128.5,125.0,127.55000305175781,116.47062683105469,1686830
2016-02-11,126.0999984741211,128.3000030517578,124.0999984741211,126.6500015258789,115.64878845214844,2130561
2016-02-12,126.9000015258789,127.30000305175781,118.5,125.55000305175781,114.64434051513672,1154875
2016-02-15,126.0,130.1999969482422,125.69999694824219,129.0,117.79464721679688,1517014
2016-02-16,129.14999389648438,131.8000030517578,125.4000015258789,126.25,115.28353118896484,1537498
2016-02-17,125.75,127.5,121.80000305175781,124.25,113.45726776123047,1807752
2016-02-18,124.80000305175781,129.75,124.5,128.85000610351562,117.65770721435547,1273361
2016-02-19,128.0,128.85000610351562,126.3499984741211,126.94999694824219,115.92272186279297,645939
2016-02-22,126.69999694824219,129.39999389648438,126.69999694824219,129.0,117.79464721679688,926925
2016-02-23,128.89999389648438,129.75,125.5,126.30000305175781,115.3292007446289,713604
2016-02-24,126.0,130.0,124.0,127.94999694824219,116.83586883544922,995933
2016-02-25,128.89999389648438,133.85000610351562,124.9000015258789,126.4000015258789,115.4205093383789,3384938
2016-02-26,128.1999969482422,130.5,124.9000015258789,129.10000610351562,117.885986328125,1473158
2016-02-29,129.6999969482422,129.89999389648438,123.55000305175781,127.8499984741211,116.74454498291016,911440
2016-03-01,128.0,130.5,126.5999984741211,128.0,116.88151550292969,736307
2016-03-02,130.0,133.9499969482422,129.3000030517578,131.6999969482422,120.2601318359375,1161347
2016-03-03,132.6999969482422,134.6999969482422,130.60000610351562,131.85000610351562,120.3971176147461,839300
2016-03-04,132.0,133.75,130.6999969482422,132.10000610351562,120.62539672851562,496398
2016-03-08,132.25,132.3000030517578,129.60000610351562,130.60000610351562,119.25569152832031,510874
2016-03-09,130.60000610351562,134.9499969482422,130.10000610351562,132.5,120.99063873291016,1846693
2016-03-10,133.39999389648438,135.0,132.75,133.5500030517578,121.94943237304688,646086
2016-03-11,133.25,133.5500030517578,131.3000030517578,131.85000610351562,120.3971176147461,309951
2016-03-14,132.39999389648438,137.4499969482422,132.3000030517578,136.6999969482422,124.8258056640625,1105886
2016-03-15,137.0,138.0500030517578,133.10000610351562,135.0,123.27348327636719,1657224
2016-03-16,135.0,135.6999969482422,132.75,134.89999389648438,123.18216705322266,618345
2016-03-17,135.5,136.35000610351562,134.39999389648438,134.85000610351562,123.13653564453125,626404
2016-03-18,135.5,136.9499969482422,134.6999969482422,136.5500030517578,124.68885040283203,696864
2016-03-21,137.5,137.5,135.0,135.64999389648438,123.86700439453125,747126
2016-03-22,135.60000610351562,136.89999389648438,135.3000030517578,136.25,124.4149169921875,548139
2016-03-23,135.8000030517578,136.8000030517578,135.0,135.85000610351562,124.04967498779297,263920
2016-03-28,135.89999389648438,139.3000030517578,134.5,136.0500030517578,124.23226928710938,1372249
2016-03-29,135.1999969482422,137.25,133.5,134.5500030517578,122.86258697509766,930463
2016-03-30,135.5,138.5,135.0,138.1999969482422,126.19550323486328,966520
2016-03-31,137.75,142.5,136.89999389648438,139.35000610351562,127.24563598632812,1648111
2016-04-01,139.0500030517578,142.0,138.1999969482422,141.4499969482422,129.1632080078125,1097087
2016-04-04,141.5,142.5,140.5500030517578,141.60000610351562,129.30020141601562,557897
2016-04-05,142.0,142.75,133.5,134.85000610351562,123.13653564453125,1592414
2016-04-06,131.0,137.5,130.0,135.6999969482422,123.91267395019531,1372026
2016-04-07,134.85000610351562,135.8000030517578,133.89999389648438,134.5,122.8169174194336,380124
2016-04-08,135.35000610351562,135.60000610351562,133.8000030517578,134.1999969482422,122.54297637939453,265389
2016-04-11,134.39999389648438,134.89999389648438,133.10000610351562,134.4499969482422,122.77127075195312,635979
2016-04-12,134.89999389648438,136.4499969482422,134.0,135.4499969482422,123.68439483642578,345164
2016-04-13,138.0,138.75,133.6999969482422,134.35000610351562,122.67996215820312,5250083
2016-04-18,134.5,135.3000030517578,132.64999389648438,133.4499969482422,121.85812377929688,1352490
2016-04-20,135.0,138.0,134.5,136.89999389648438,125.00843811035156,2002915
2016-04-21,136.89999389648438,137.89999389648438,135.6999969482422,137.39999389648438,125.46501159667969,1073150
2016-04-22,137.5,143.89999389648438,136.60000610351562,143.25,130.806884765625,4212774
2016-04-25,143.60000610351562,146.85000610351562,142.85000610351562,144.14999389648438,131.62869262695312,2747877
2016-04-26,145.0,148.0,144.14999389648438,147.60000610351562,134.7790069580078,2343736
2016-04-27,148.1999969482422,151.25,146.0,149.5,136.5139617919922,3186733
2016-04-28,152.0,153.39999389648438,146.25,146.85000610351562,134.0941925048828,5822220
2016-04-29,147.4499969482422,148.89999389648438,145.0,147.25,134.4593963623047,1059009
2016-05-02,147.0,147.14999389648438,143.0,143.64999389648438,131.17210388183594,1683234
2016-05-03,143.9499969482422,146.75,143.9499969482422,144.5,131.94830322265625,934610
2016-05-04,144.5500030517578,145.64999389648438,138.75,139.4499969482422,127.33695983886719,1196374
2016-05-05,140.1999969482422,143.3000030517578,140.0500030517578,141.8000030517578,129.48280334472656,1161942
2016-05-06,141.39999389648438,146.14999389648438,140.39999389648438,144.89999389648438,132.31353759765625,969390
2016-05-09,145.9499969482422,147.4499969482422,144.6999969482422,147.0,134.2311248779297,932605
2016-05-10,146.75,148.9499969482422,145.1999969482422,148.0500030517578,135.1898956298828,1544114
2016-05-11,145.0,148.60000610351562,144.4499969482422,147.85000610351562,135.00730895996094,1119284
2016-05-12,147.39999389648438,149.3000030517578,145.75,148.0,135.1442413330078,1005704
2016-05-13,148.89999389648438,148.9499969482422,145.75,146.64999389648438,133.91151428222656,808454
2016-05-16,146.60000610351562,148.39999389648438,146.39999389648438,147.5,134.6876678466797,758366
2016-05-17,147.75,149.5,146.25,148.1999969482422,135.32688903808594,825946
2016-05-18,147.10000610351562,151.8000030517578,147.10000610351562,151.35000610351562,138.20327758789062,1140541
2016-05-19,152.1999969482422,152.89999389648438,148.1999969482422,150.10000610351562,137.06185913085938,2186104
2016-05-20,150.5,155.0,150.3000030517578,153.3000030517578,139.98387145996094,2081552
2016-05-23,154.35000610351562,154.9499969482422,151.64999389648438,153.10000610351562,139.80125427246094,1107079
2016-05-24,153.0,154.39999389648438,150.85000610351562,151.8000030517578,138.6141815185547,1678743
2016-05-25,153.0,157.75,152.8000030517578,156.9499969482422,143.3168487548828,1185167
2016-05-26,157.5,158.6999969482422,153.35000610351562,156.0500030517578,142.49501037597656,1313652
2016-05-27,156.0500030517578,158.3000030517578,155.8000030517578,157.5500030517578,143.86471557617188,540632
2016-05-30,158.0,161.4499969482422,156.8000030517578,160.4499969482422,146.51280212402344,923330
2016-05-31,160.6999969482422,164.8000030517578,159.6999969482422,164.25,149.98272705078125,1858398
2016-06-01,164.0,164.25,157.4499969482422,158.89999389648438,145.09744262695312,558442
2016-06-02,158.0,160.60000610351562,157.0,160.10000610351562,146.1932373046875,395982
2016-06-03,160.0,161.0,157.35000610351562,157.9499969482422,144.22999572753906,453488
2016-06-06,157.8000030517578,162.3000030517578,157.35000610351562,161.60000610351562,147.5629119873047,649586
2016-06-07,161.85000610351562,163.25,160.14999389648438,162.35000610351562,148.24778747558594,936311
2016-06-08,162.0500030517578,165.0,161.39999389648438,163.5,149.2978515625,918619
2016-06-09,163.5,164.0,158.60000610351562,159.60000610351562,145.7366943359375,526321
2016-06-10,158.5,161.85000610351562,156.10000610351562,156.5500030517578,142.95159912109375,880674
2016-06-13,155.9499969482422,158.85000610351562,154.0,158.3000030517578,144.54959106445312,521134
2016-06-14,158.60000610351562,160.0,157.35000610351562,159.3000030517578,145.46270751953125,421129
2016-06-15,159.3000030517578,161.89999389648438,159.10000610351562,160.3000030517578,146.37583923339844,683891
2016-06-16,159.5,163.5,159.10000610351562,160.10000610351562,146.1932373046875,1204795
2016-06-17,160.5,162.25,160.0500030517578,161.35000610351562,147.33465576171875,904233
2016-06-20,161.0,162.60000610351562,160.0,162.0,147.9281463623047,532836
2016-06-21,162.10000610351562,164.5,161.0,162.8000030517578,148.65867614746094,870668
2016-06-22,163.0,164.4499969482422,160.5,161.6999969482422,147.6542205810547,877871
2016-06-23,161.0,163.9499969482422,160.5,163.4499969482422,149.25222778320312,868393
2016-06-24,159.0,167.64999389648438,155.4499969482422,165.85000610351562,151.4437713623047,1763356
2016-06-27,164.5,170.25,164.5,167.4499969482422,152.90476989746094,2169745
2016-06-28,168.5,169.39999389648438,166.39999389648438,166.8000030517578,152.3112335205078,1292557
2016-06-29,167.25,170.6999969482422,163.9499969482422,164.39999389648438,150.1197052001953,4085502
2016-06-30,166.5500030517578,170.1999969482422,164.3000030517578,169.3000030517578,154.5940704345703,4299777
2016-07-01,169.35000610351562,177.3000030517578,169.35000610351562,175.5,160.2555389404297,1892189
2016-07-04,175.8000030517578,176.9499969482422,174.5,175.0,159.79896545410156,1936706
2016-07-05,174.39999389648438,175.3000030517578,169.60000610351562,170.5500030517578,155.7355194091797,3908214
2016-07-07,170.6999969482422,176.85000610351562,170.25,176.0,160.71209716796875,3153424
2016-07-08,177.0,177.89999389648438,172.8000030517578,173.4499969482422,159.10679626464844,1752735
2016-07-11,174.6999969482422,175.5,172.14999389648438,172.75,159.198974609375,640598
2016-07-12,172.75,178.39999389648438,171.8000030517578,177.0500030517578,163.16168212890625,1812106
2016-07-13,179.6999969482422,183.0,176.5500030517578,182.4499969482422,168.13803100585938,3140694
2016-07-14,184.4499969482422,184.4499969482422,178.35000610351562,179.8000030517578,165.69593811035156,2440760
2016-07-15,180.5,182.85000610351562,179.10000610351562,179.9499969482422,165.8341522216797,1437216
2016-07-18,181.8000030517578,183.25,177.39999389648438,179.3000030517578,165.2351531982422,4197959
2016-07-19,181.0,181.0,173.0500030517578,175.6999969482422,161.9175567626953,5813024
2016-07-20,177.0,178.3000030517578,174.10000610351562,176.5500030517578,162.70086669921875,2185138
2016-07-21,177.0,179.60000610351562,173.3000030517578,174.60000610351562,160.9038543701172,1471922
2016-07-22,175.3000030517578,182.5,175.25,181.39999389648438,167.17042541503906,5127005
2016-07-25,182.8000030517578,183.39999389648438,180.14999389648438,181.8000030517578,167.53904724121094,1817178
2016-07-26,180.35000610351562,183.9499969482422,176.39999389648438,177.10000610351562,163.20774841308594,2613527
2016-07-27,178.25,181.85000610351562,175.60000610351562,178.1999969482422,164.22145080566406,1705910
2016-07-28,178.1999969482422,180.0,176.0,176.6999969482422,162.83909606933594,2287756
2016-07-29,176.64999389648438,181.39999389648438,176.64999389648438,179.10000610351562,165.0508270263672,2542953
2016-08-01,180.10000610351562,183.14999389648438,176.0,177.3000030517578,163.3920440673828,4704549
2016-08-02,177.3000030517578,180.75,174.5500030517578,175.9499969482422,162.14793395996094,1792809
2016-08-03,176.1999969482422,176.89999389648438,172.6999969482422,173.60000610351562,159.98231506347656,1189960
2016-08-04,177.0,177.60000610351562,172.10000610351562,173.0500030517578,159.4754638671875,1699486
2016-08-05,174.10000610351562,176.5,173.64999389648438,175.0500030517578,161.3185272216797,1157195
2016-08-08,175.64999389648438,176.39999389648438,173.75,174.25,160.581298828125,2404963
2016-08-09,174.0,179.6999969482422,168.5,178.35000610351562,164.35971069335938,62096088
2016-08-10,181.0,181.0,174.10000610351562,176.0500030517578,162.2401123046875,6682915
2016-08-11,176.0,178.5,170.5500030517578,174.8000030517578,161.08816528320312,3495006
2016-08-12,175.0,176.39999389648438,172.5,173.0500030517578,159.4754638671875,1620215
2016-08-16,173.0,175.6999969482422,172.14999389648438,174.9499969482422,161.22640991210938,1651566
2016-08-17,174.0,177.0,173.39999389648438,176.0,162.1940155029297,1498810
2016-08-18,176.75,178.0500030517578,176.0500030517578,177.1999969482422,163.29986572265625,1742111
2016-08-19,177.5,180.89999389648438,176.0500030517578,178.5500030517578,164.54397583007812,2442371
2016-08-22,178.64999389648438,180.0,174.64999389648438,175.39999389648438,161.64109802246094,1864978
2016-08-23,175.10000610351562,177.14999389648438,173.1999969482422,175.0,161.27244567871094,1806157
2016-08-24,175.3000030517578,176.0500030517578,173.5,174.9499969482422,161.22640991210938,1136739
2016-08-25,176.0,178.35000610351562,173.85000610351562,176.60000610351562,162.74693298339844,4952196
2016-08-26,176.5,178.35000610351562,174.25,174.60000610351562,160.9038543701172,952392
2016-08-29,174.1999969482422,180.75,173.25,179.0500030517578,165.0047607421875,1984526
2016-08-30,181.89999389648438,184.35000610351562,180.10000610351562,183.5,169.10569763183594,4669576
2016-08-31,184.0,187.6999969482422,181.8000030517578,185.3000030517578,170.7645263671875,5277888
2016-09-01,185.60000610351562,187.5,183.5500030517578,184.75,170.25765991210938,2533254
2016-09-02,185.85000610351562,188.85000610351562,185.0500030517578,187.10000610351562,172.4232940673828,2266730
2016-09-06,188.9499969482422,191.5,187.0,189.75,174.8654327392578,2578183
2016-09-07,190.0,193.1999969482422,187.0500030517578,190.85000610351562,175.87913513183594,2157263
2016-09-08,191.0,194.0,190.64999389648438,192.89999389648438,177.76834106445312,1560908
2016-09-09,193.9499969482422,196.25,186.60000610351562,190.75,175.7869873046875,5023436
2016-09-12,186.3000030517578,187.9499969482422,183.39999389648438,184.1999969482422,169.7507781982422,3137889
2016-09-14,185.89999389648438,189.0,184.5500030517578,188.0500030517578,173.29879760742188,2140466
2016-09-15,188.0,195.6999969482422,186.75,194.6999969482422,179.4271240234375,4076544
2016-09-16,196.0,199.5,190.6999969482422,193.4499969482422,178.2751922607422,4534526
2016-09-19,194.9499969482422,195.89999389648438,190.6999969482422,194.0500030517578,178.828125,2091804
2016-09-20,194.14999389648438,196.6999969482422,192.75,195.10000610351562,179.7957763671875,2267840
2016-09-21,194.6999969482422,196.5500030517578,191.39999389648438,192.10000610351562,177.03111267089844,1797980
2016-09-22,196.5,197.85000610351562,193.9499969482422,194.9499969482422,179.65753173828125,4533720
2016-09-23,195.6999969482422,195.8000030517578,192.35000610351562,193.0500030517578,177.90655517578125,4567335
2016-09-26,192.5,195.75,191.64999389648438,192.4499969482422,177.3536376953125,2194534
2016-09-27,192.5,194.4499969482422,188.14999389648438,189.0,174.1742706298828,1843443
2016-09-28,190.0,192.25,188.5,190.0500030517578,175.1418914794922,2178342
2016-09-29,192.0,192.0,176.5,181.35000610351562,167.12435913085938,4729193
2016-09-30,183.75,185.25,177.25,183.0,168.6448974609375,7648513
2016-10-03,184.0,189.14999389648438,184.0,188.5,173.7135009765625,1928025
2016-10-04,189.89999389648438,191.75,187.85000610351562,190.1999969482422,175.2801055908203,1903422
2016-10-05,190.39999389648438,195.3000030517578,189.1999969482422,194.39999389648438,179.15066528320312,3273245
2016-10-06,195.5,197.8000030517578,191.1999969482422,193.0500030517578,177.90655517578125,3025837
2016-10-07,193.6999969482422,194.6999969482422,191.5,193.25,178.0908660888672,1379905
2016-10-10,194.6999969482422,195.89999389648438,192.35000610351562,192.9499969482422,177.81439208984375,1086835
2016-10-13,192.5,194.10000610351562,185.6999969482422,188.10000610351562,173.3448486328125,2314329
2016-10-14,188.3000030517578,191.85000610351562,187.6999969482422,191.0500030517578,176.0634765625,1405202
2016-10-17,191.1999969482422,192.8000030517578,184.75,185.35000610351562,170.8105926513672,1622876
2016-10-18,186.0,193.8000030517578,185.9499969482422,193.35000610351562,178.18304443359375,1815245
2016-10-19,194.4499969482422,197.0,191.1999969482422,195.8000030517578,180.4408721923828,1858926
2016-10-20,198.9499969482422,202.0,197.6999969482422,199.14999389648438,183.5280303955078,3351828
2016-10-21,199.85000610351562,205.0,196.5,204.0500030517578,188.04368591308594,3759596
2016-10-24,204.89999389648438,206.5,201.39999389648438,202.25,186.38490295410156,2429876
2016-10-25,202.25,204.14999389648438,201.3000030517578,203.5,187.53684997558594,1320176
2016-10-26,203.5,207.64999389648438,201.35000610351562,202.5,186.61526489257812,3797554
2016-10-27,205.89999389648438,207.0,189.5,191.10000610351562,176.10952758789062,7311151
2016-10-28,192.8000030517578,197.5,192.0,195.75,180.39476013183594,2993229
2016-11-01,198.89999389648438,204.8000030517578,197.5,202.9499969482422,187.0299835205078,3198670
2016-11-02,200.75,201.8000030517578,196.1999969482422,197.6999969482422,182.19183349609375,2840408
2016-11-03,196.8000030517578,198.64999389648438,192.0,192.8000030517578,179.12586975097656,1454647
2016-11-04,192.0,195.4499969482422,186.60000610351562,188.8000030517578,175.40956115722656,3801480
2016-11-07,192.0,195.35000610351562,191.1999969482422,193.35000610351562,179.63687133789062,1248976
2016-11-08,195.9499969482422,195.9499969482422,191.60000610351562,194.1999969482422,180.42657470703125,1267951
2016-11-09,180.0,192.0,174.8000030517578,190.3000030517578,176.80316162109375,5232128
2016-11-10,192.5,198.0,192.5,193.60000610351562,179.86912536621094,1656389
2016-11-11,190.5,193.5,179.64999389648438,181.0500030517578,168.20921325683594,2669109
2016-11-15,180.5,180.89999389648438,168.4499969482422,172.85000610351562,160.5907745361328,3543943
2016-11-16,176.0,182.0,172.10000610351562,178.25,165.60781860351562,3881207
2016-11-17,178.0,181.4499969482422,175.3000030517578,178.1999969482422,165.5613555908203,2363238
2016-11-18,179.9499969482422,181.0,176.4499969482422,178.35000610351562,165.7007293701172,1267009
2016-11-21,178.5,179.39999389648438,169.3000030517578,170.64999389648438,158.5468292236328,2401072
2016-11-22,172.5,177.89999389648438,169.8000030517578,174.6999969482422,162.3095703125,1410444
2016-11-23,177.0,177.4499969482422,173.3000030517578,175.0,162.58828735351562,1523936
2016-11-24,173.60000610351562,174.3000030517578,170.10000610351562,171.0500030517578,158.91844177246094,1992879
2016-11-25,172.1999969482422,176.6999969482422,171.4499969482422,175.6999969482422,163.2386474609375,1019090
2016-11-28,176.85000610351562,177.89999389648438,173.85000610351562,174.39999389648438,162.0308380126953,1090792
2016-11-29,175.0,179.5,174.5,178.1999969482422,165.5613555908203,2098950
2016-11-30,179.1999969482422,181.8000030517578,177.10000610351562,181.14999389648438,168.3021240234375,2180206
2016-12-01,182.0,183.8000030517578,178.1999969482422,179.0500030517578,166.35104370117188,1975865
2016-12-02,177.5,178.9499969482422,175.4499969482422,175.9499969482422,163.47091674804688,965717
2016-12-05,175.60000610351562,178.14999389648438,174.5,176.6999969482422,164.167724609375,754343
2016-12-06,177.35000610351562,179.5,176.75,177.3000030517578,164.7251739501953,449746
2016-12-07,177.9499969482422,178.4499969482422,174.75,175.64999389648438,163.19216918945312,751283
2016-12-08,176.8000030517578,179.35000610351562,176.5500030517578,178.5500030517578,165.8865203857422,1061652
2016-12-09,179.14999389648438,180.25,177.8000030517578,179.3000030517578,166.5833282470703,922556
2016-12-12,179.0,179.10000610351562,173.85000610351562,174.89999389648438,162.49537658691406,1158551
2016-12-13,175.0,175.25,171.5500030517578,172.75,160.49786376953125,1904672
2016-12-14,172.0,172.25,171.0,171.5500030517578,159.38299560546875,1493221
2016-12-15,170.25,176.6999969482422,170.0500030517578,174.89999389648438,162.49537658691406,2068257
2016-12-16,175.1999969482422,176.5,174.1999969482422,175.4499969482422,163.00637817382812,1251807
2016-12-19,175.0,176.1999969482422,173.85000610351562,175.35000610351562,162.91346740722656,732902
2016-12-20,175.89999389648438,177.64999389648438,173.0,173.75,161.42697143554688,1342826
2016-12-21,173.75,175.5,172.3000030517578,173.10000610351562,160.8230438232422,790297
2016-12-22,172.39999389648438,173.25,171.0,172.0500030517578,159.8475341796875,898286
2016-12-23,171.89999389648438,174.5,171.3000030517578,173.3000030517578,161.0088653564453,1042487
2016-12-26,172.5,175.0,170.1999969482422,173.0500030517578,160.77659606933594,1970757
2016-12-27,172.10000610351562,177.4499969482422,172.0,176.85000610351562,164.3070831298828,1842373
2016-12-28,178.75,180.5,176.89999389648438,177.64999389648438,165.05035400390625,1559979
2016-12-29,177.8000030517578,179.75,176.9499969482422,178.9499969482422,166.25816345214844,1562646
2016-12-30,179.1999969482422,181.1999969482422,178.89999389648438,180.10000610351562,167.3265838623047,1004842
2017-01-02,181.0,184.0,180.3000030517578,183.0500030517578,170.0673370361328,923408
2017-01-03,184.4499969482422,184.8000030517578,182.14999389648438,183.0,170.02090454101562,912420
2017-01-04,183.0,184.9499969482422,180.8000030517578,182.10000610351562,169.1847686767578,800746
2017-01-05,182.64999389648438,184.8000030517578,182.5500030517578,184.25,171.18226623535156,821733
2017-01-06,184.4499969482422,188.0,184.35000610351562,186.5,173.27267456054688,2237334
2017-01-09,186.9499969482422,187.39999389648438,183.25,185.60000610351562,172.4365234375,812790
2017-01-10,186.0500030517578,187.0,182.0500030517578,183.0500030517578,170.0673370361328,1271896
2017-01-11,183.39999389648438,186.9499969482422,183.39999389648438,186.4499969482422,173.22622680664062,880840
2017-01-12,186.4499969482422,187.64999389648438,184.10000610351562,184.39999389648438,171.3216094970703,1221258
2017-01-13,184.64999389648438,185.60000610351562,181.5,182.0500030517578,169.13829040527344,1384769
2017-01-16,181.0,185.60000610351562,178.75,184.9499969482422,171.8325958251953,1681185
2017-01-17,184.3000030517578,185.35000610351562,182.10000610351562,182.75,169.78863525390625,926190
2017-01-18,183.1999969482422,190.0,182.5,189.25,175.82762145996094,2691018
2017-01-19,190.0500030517578,194.6999969482422,189.9499969482422,194.1999969482422,180.42657470703125,4260028
2017-01-20,193.64999389648438,195.9499969482422,192.9499969482422,194.5,180.70529174804688,5845826
2017-01-23,193.25,195.0,191.10000610351562,194.14999389648438,180.38014221191406,1042599
2017-01-24,193.1999969482422,197.9499969482422,192.25,196.85000610351562,182.88861083984375,1403483
2017-01-25,196.85000610351562,197.6999969482422,192.8000030517578,195.0,181.16983032226562,2454239
2017-01-27,196.0,204.39999389648438,195.5,197.25,183.26025390625,4653169
2017-01-30,197.5500030517578,204.39999389648438,195.5,202.60000610351562,188.2307891845703,2653453
2017-01-31,199.5,202.25,196.25,197.3000030517578,183.30670166015625,1057276
2017-02-01,196.0,203.5,196.0,202.85000610351562,188.4630584716797,1394277
2017-02-02,201.10000610351562,214.89999389648438,200.5500030517578,209.6999969482422,194.8272247314453,5083650
2017-02-03,209.0,212.5,204.60000610351562,209.0500030517578,194.22332763671875,2623335
2017-02-06,211.0,211.89999389648438,206.4499969482422,208.10000610351562,193.34072875976562,1762798
2017-02-07,208.60000610351562,210.14999389648438,205.1999969482422,207.75,193.0155487060547,989833
2017-02-08,208.0,214.8000030517578,206.64999389648438,209.3000030517578,194.4556121826172,2890321
2017-02-09,209.14999389648438,211.64999389648438,205.25,207.60000610351562,192.87619018554688,1673556
2017-02-10,208.10000610351562,210.39999389648438,206.35000610351562,207.89999389648438,193.15492248535156,1110444
2017-02-13,208.6999969482422,216.75,208.3000030517578,215.5,200.21585083007812,3934877
2017-02-14,218.0,218.10000610351562,212.6999969482422,213.6999969482422,198.5435333251953,3235191
2017-02-15,213.10000610351562,216.0,207.5,208.60000610351562,193.80528259277344,1418166
2017-02-16,208.25,211.10000610351562,206.85000610351562,210.4499969482422,195.52403259277344,1861810
2017-02-17,211.10000610351562,212.14999389648438,208.8000030517578,210.10000610351562,195.19888305664062,1367714
2017-02-20,210.0,216.5,208.0500030517578,215.3000030517578,200.03005981445312,2753142
2017-02-21,216.10000610351562,217.0,213.39999389648438,215.14999389648438,199.89071655273438,1391215
2017-02-22,215.0,223.10000610351562,212.25,213.0500030517578,197.93963623046875,6446515
2017-02-23,213.1999969482422,215.5,210.85000610351562,212.5500030517578,197.47509765625,2134561
2017-02-27,211.89999389648438,212.89999389648438,207.8000030517578,208.64999389648438,193.8517303466797,1989633
2017-02-28,208.64999389648438,212.39999389648438,208.35000610351562,211.85000610351562,196.82472229003906,1923757
2017-03-01,212.0500030517578,214.14999389648438,211.10000610351562,212.5,197.42864990234375,2260452
2017-03-02,213.1999969482422,216.0,212.25,213.1999969482422,198.07901000976562,2667675
2017-03-03,212.5,214.14999389648438,208.60000610351562,210.9499969482422,195.98858642578125,2351579
2017-03-06,211.64999389648438,213.75,211.10000610351562,212.75,197.66090393066406,2755578
2017-03-07,213.4499969482422,216.39999389648438,213.14999389648438,214.14999389648438,198.9616241455078,1996117
2017-03-08,213.5500030517578,216.0,211.0,211.60000610351562,196.59251403808594,1315928
2017-03-09,211.39999389648438,214.14999389648438,211.0500030517578,212.14999389648438,197.1034698486328,1157554
2017-03-10,213.89999389648438,216.8000030517578,213.0,214.35000610351562,199.14744567871094,2605312
2017-03-14,217.5,218.6999969482422,215.0500030517578,216.4499969482422,201.09849548339844,1718231
2017-03-15,216.14999389648438,222.0,216.14999389648438,220.85000610351562,205.18646240234375,3131569
2017-03-16,222.0,224.64999389648438,221.25,222.10000610351562,206.3478240966797,2704312
2017-03-17,223.10000610351562,223.14999389648438,217.0,219.14999389648438,203.60699462890625,1665607
2017-03-20,219.35000610351562,220.39999389648438,217.10000610351562,218.5500030517578,203.04957580566406,1523603
2017-03-21,219.1999969482422,222.35000610351562,218.5,219.5,203.93218994140625,2101552
2017-03-22,218.8000030517578,218.9499969482422,213.60000610351562,214.64999389648438,199.4261474609375,970705
2017-03-23,215.8000030517578,217.6999969482422,214.0500030517578,215.85000610351562,200.54104614257812,1534682
2017-03-24,216.1999969482422,217.85000610351562,213.35000610351562,215.64999389648438,200.355224609375,1736259
2017-03-27,215.64999389648438,216.35000610351562,212.3000030517578,213.64999389648438,198.4970703125,1526027
2017-03-28,213.64999389648438,217.75,213.64999389648438,216.5500030517578,201.19142150878906,1249932
2017-03-29,216.5500030517578,221.75,214.60000610351562,219.8000030517578,204.21090698242188,1698516
2017-03-30,221.0,222.5,218.5,220.5500030517578,204.90771484375,3442491
2017-03-31,220.64999389648438,226.5,220.14999389648438,224.35000610351562,208.43821716308594,2452320
2017-04-03,226.85000610351562,231.4499969482422,225.5,230.0,213.68746948242188,1941373
2017-04-05,230.6999969482422,231.60000610351562,226.6999969482422,228.64999389648438,212.43321228027344,1346021
2017-04-06,227.4499969482422,230.5,225.0,227.25,211.1325225830078,1490626
2017-04-07,226.75,229.5,223.85000610351562,224.85000610351562,208.9027557373047,1133847
2017-04-10,225.35000610351562,228.6999969482422,223.75,227.10000610351562,210.99314880371094,1141314
2017-04-11,229.3000030517578,233.8000030517578,226.85000610351562,233.0,216.47470092773438,1599023
2017-04-12,234.5,234.8000030517578,226.0500030517578,227.64999389648438,211.504150390625,2617482
2017-04-13,226.39999389648438,229.3000030517578,226.10000610351562,227.35000610351562,211.2254180908203,1080766
2017-04-17,226.9499969482422,231.5500030517578,224.6999969482422,230.75,214.38429260253906,1097841
2017-04-18,231.9499969482422,232.0,223.5,225.1999969482422,209.22792053222656,1438216
2017-04-19,225.1999969482422,235.85000610351562,223.5500030517578,233.8000030517578,217.21798706054688,1996988
2017-04-20,236.0,240.5500030517578,234.8000030517578,238.4499969482422,221.5381622314453,4394092
2017-04-21,238.5500030517578,239.89999389648438,231.64999389648438,234.4499969482422,217.82188415527344,2447236
2017-04-24,234.60000610351562,239.0,233.0,235.64999389648438,218.93675231933594,1359744
2017-04-25,237.14999389648438,238.8000030517578,234.25,235.85000610351562,219.12258911132812,1015313
2017-04-26,235.6999969482422,237.35000610351562,226.39999389648438,230.25,213.91973876953125,2481633
2017-04-27,230.0,232.5500030517578,227.0,227.60000610351562,211.45770263671875,922352
2017-04-28,227.5500030517578,230.9499969482422,226.60000610351562,229.85000610351562,213.54812622070312,1145630
2017-05-02,231.0,232.75,227.1999969482422,230.89999389648438,214.5236358642578,1188775
2017-05-03,231.0,232.0,220.5,222.3000030517578,206.53359985351562,3495621
2017-05-04,222.3000030517578,238.3000030517578,222.0,236.60000610351562,219.81939697265625,7649812
2017-05-05,237.9499969482422,244.14999389648438,233.14999389648438,241.9499969482422,224.78993225097656,6311503
2017-05-08,244.8000030517578,244.8000030517578,237.39999389648438,239.0,222.04916381835938,1861919
2017-05-09,239.0500030517578,240.35000610351562,235.75,237.25,220.42327880859375,1076590
2017-05-10,237.64999389648438,247.89999389648438,236.25,247.0,229.48178100585938,3195529
2017-05-11,247.89999389648438,250.0,245.0,247.5,229.94631958007812,1809932
2017-05-12,247.0,247.5,243.0500030517578,244.85000610351562,227.4842529296875,1145431
2017-05-15,245.35000610351562,247.25,244.1999969482422,245.8000030517578,228.3668670654297,957470
2017-05-16,246.39999389648438,247.8000030517578,243.0500030517578,244.6999969482422,227.3448944091797,1023539
2017-05-17,244.6999969482422,244.89999389648438,242.14999389648438,243.1999969482422,225.95126342773438,1145096
2017-05-18,242.0500030517578,242.64999389648438,237.35000610351562,239.85000610351562,222.83888244628906,970233
2017-05-19,240.89999389648438,244.39999389648438,233.4499969482422,238.14999389648438,221.25942993164062,2505511
2017-05-22,238.5,239.89999389648438,228.1999969482422,230.8000030517578,214.43075561523438,1081432
2017-05-23,231.0,232.3000030517578,223.14999389648438,227.0500030517578,210.94671630859375,1661614
2017-05-24,226.89999389648438,232.0,219.1999969482422,222.14999389648438,206.39425659179688,1354743
2017-05-25,224.60000610351562,229.6999969482422,223.39999389648438,227.8000030517578,211.6435089111328,1618095
2017-05-26,227.39999389648438,234.8000030517578,226.5,233.35000610351562,216.79991149902344,1519584
2017-05-29,232.85000610351562,233.9499969482422,227.5,228.4499969482422,212.2473907470703,661490
2017-05-30,227.9499969482422,232.9499969482422,225.39999389648438,227.35000610351562,211.2254180908203,1255827
2017-05-31,228.1999969482422,234.14999389648438,228.1999969482422,230.25,213.91973876953125,1504782
2017-06-01,230.0,232.39999389648438,227.3000030517578,228.0500030517578,211.87579345703125,1195050
2017-06-02,228.1999969482422,231.89999389648438,225.60000610351562,227.1999969482422,211.08607482910156,1597496
2017-06-05,227.39999389648438,229.8000030517578,226.9499969482422,227.39999389648438,211.27188110351562,921399
2017-06-06,227.6999969482422,230.85000610351562,222.4499969482422,223.9499969482422,208.06655883789062,1218624
2017-06-07,224.39999389648438,226.5500030517578,222.60000610351562,223.5500030517578,207.69493103027344,929561
2017-06-08,224.89999389648438,227.5500030517578,223.89999389648438,224.3000030517578,208.3917694091797,1334935
2017-06-09,223.89999389648438,225.9499969482422,222.64999389648438,223.0,207.18394470214844,848845
2017-06-12,221.89999389648438,225.85000610351562,220.89999389648438,224.3000030517578,208.3917694091797,821268
2017-06-13,226.5,229.85000610351562,225.3000030517578,227.64999389648438,211.504150390625,2004290
2017-06-14,227.75,229.1999969482422,225.5,226.0500030517578,210.0176239013672,1364704
2017-06-15,225.5,226.5500030517578,220.3000030517578,220.9499969482422,205.27932739257812,1596360
2017-06-16,221.0,223.5,220.60000610351562,221.9499969482422,206.20840454101562,946486
2017-06-19,224.60000610351562,227.0,222.0,226.1999969482422,210.15699768066406,1243619
2017-06-20,226.39999389648438,228.25,223.85000610351562,225.25,209.2743682861328,1085902
2017-06-21,225.25,227.5,224.60000610351562,225.25,209.2743682861328,974541
2017-06-22,225.39999389648438,226.3000030517578,216.85000610351562,219.0500030517578,203.51409912109375,1242406
2017-06-23,217.89999389648438,218.6999969482422,212.10000610351562,216.39999389648438,201.05201721191406,1907732
2017-06-27,216.10000610351562,216.5500030517578,212.0500030517578,212.75,197.66090393066406,1114671
2017-06-28,211.0,217.64999389648438,208.75,216.8000030517578,201.4236602783203,1824125
2017-06-29,216.1999969482422,221.4499969482422,216.0,218.0,202.53855895996094,2388648
2017-06-30,216.0500030517578,222.0,215.5500030517578,220.5,204.8612823486328,921455
2017-07-03,220.0,224.4499969482422,219.10000610351562,223.5,207.6484832763672,1155586
2017-07-04,222.5,228.39999389648438,220.5500030517578,226.25,210.20343017578125,1488027
2017-07-05,225.25,229.9499969482422,225.10000610351562,228.3000030517578,212.10804748535156,1331210
2017-07-06,227.8000030517578,229.6999969482422,227.14999389648438,228.4499969482422,212.2473907470703,983144
2017-07-07,226.5500030517578,231.0,226.5500030517578,229.9499969482422,213.64102172851562,1038560
2017-07-10,231.89999389648438,232.0,228.35000610351562,229.35000610351562,213.08360290527344,195641
2017-07-11,229.8000030517578,230.5,223.6999969482422,224.14999389648438,208.25238037109375,901872
2017-07-12,224.39999389648438,228.3000030517578,223.89999389648438,226.35000610351562,210.2963409423828,948700
2017-07-13,226.5,228.60000610351562,225.0,226.35000610351562,210.2963409423828,573596
2017-07-14,225.85000610351562,226.6999969482422,221.1999969482422,222.8000030517578,206.9981231689453,1240420
2017-07-17,222.8000030517578,224.35000610351562,221.10000610351562,221.5,205.7903594970703,559000
2017-07-18,221.0,224.64999389648438,220.60000610351562,221.1999969482422,205.51161193847656,658003
2017-07-19,221.3000030517578,223.1999969482422,216.64999389648438,218.25,203.50685119628906,1929559
2017-07-20,218.64999389648438,221.0,216.89999389648438,218.14999389648438,203.41360473632812,1387910
2017-07-21,218.1999969482422,219.0,213.35000610351562,216.64999389648438,202.01490783691406,1078041
2017-07-24,217.64999389648438,218.35000610351562,214.14999389648438,215.3000030517578,200.75613403320312,729654
2017-07-25,215.3000030517578,217.5,212.5,216.6999969482422,202.06155395507812,1715543
2017-07-26,216.75,220.1999969482422,216.75,217.25,202.5744171142578,1695912
2017-07-27,218.0,223.0,213.6999969482422,214.89999389648438,200.38314819335938,3489681
2017-07-28,213.39999389648438,217.5,213.3000030517578,216.4499969482422,201.8284454345703,1513861
2017-07-31,217.0,218.85000610351562,216.10000610351562,217.5,202.80752563476562,2551709
2017-08-01,217.9499969482422,224.35000610351562,216.75,223.8000030517578,208.68194580078125,3035465
2017-08-02,225.9499969482422,225.9499969482422,220.0,221.9499969482422,206.95689392089844,1258192
2017-08-03,220.9499969482422,225.60000610351562,220.0,222.14999389648438,207.14341735839844,2188652
2017-08-04,221.5,221.5,215.0,215.8000030517578,201.22235107421875,2462482
2017-08-07,216.0,219.75,214.8000030517578,215.6999969482422,201.12911987304688,2256570
2017-08-08,217.3000030517578,218.4499969482422,212.8000030517578,214.25,199.7770538330078,2235121
2017-08-09,213.75,214.89999389648438,205.35000610351562,207.1999969482422,193.20327758789062,2115378
2017-08-10,205.0,206.35000610351562,198.0,199.9499969482422,186.44305419921875,2532119
2017-08-11,197.0,206.9499969482422,195.0500030517578,203.0,189.28701782226562,2456751
2017-08-14,204.5,210.0,204.10000610351562,207.9499969482422,193.9026336669922,760852
2017-08-16,208.60000610351562,209.60000610351562,205.3000030517578,206.9499969482422,192.9701690673828,1656928
2017-08-17,207.9499969482422,215.0,206.8000030517578,213.3000030517578,198.8912353515625,1691212
2017-08-18,212.9499969482422,214.6999969482422,207.3000030517578,208.9499969482422,194.83509826660156,2071209
2017-08-21,209.1999969482422,210.75,200.64999389648438,201.35000610351562,187.74847412109375,1268006
2017-08-22,202.85000610351562,203.4499969482422,194.6999969482422,197.14999389648438,183.8321990966797,4483993
2017-08-23,197.5500030517578,200.6999969482422,197.5500030517578,198.85000610351562,185.41734313964844,2358101
2017-08-24,199.10000610351562,203.39999389648438,199.10000610351562,202.5500030517578,188.86741638183594,2746403
2017-08-28,202.89999389648438,203.14999389648438,198.5,200.0500030517578,186.53628540039062,2608325
2017-08-29,199.0,199.35000610351562,195.10000610351562,195.5500030517578,182.34027099609375,1501800
2017-08-30,197.10000610351562,198.5500030517578,195.5500030517578,196.39999389648438,183.1328582763672,2613774
2017-08-31,196.0,199.3000030517578,195.1999969482422,196.85000610351562,183.55245971679688,2317673
2017-09-01,197.0,206.9499969482422,197.0,204.25,190.45257568359375,3040415
2017-09-04,205.8000030517578,207.0,200.0,203.5500030517578,189.7998809814453,2382631
2017-09-05,203.5500030517578,206.9499969482422,203.0,204.60000610351562,190.7789306640625,1919317
2017-09-06,204.0,208.60000610351562,202.3000030517578,207.8000030517578,193.76275634765625,1994427
2017-09-07,207.89999389648438,210.4499969482422,207.0,207.60000610351562,193.57627868652344,2021641
2017-09-08,208.35000610351562,221.4499969482422,207.9499969482422,219.64999389648438,204.81228637695312,5563291
2017-09-11,221.39999389648438,224.5,217.3000030517578,221.6999969482422,206.72378540039062,4024159
2017-09-12,221.10000610351562,228.39999389648438,219.4499969482422,226.0500030517578,210.77992248535156,3123379
2017-09-13,226.10000610351562,227.85000610351562,216.3000030517578,217.85000610351562,203.13388061523438,2917006
2017-09-14,219.39999389648438,222.1999969482422,218.10000610351562,220.4499969482422,205.5582275390625,1160875
2017-09-15,219.8000030517578,220.5500030517578,216.35000610351562,217.89999389648438,203.18048095703125,959589
2017-09-18,218.9499969482422,226.10000610351562,218.9499969482422,224.4499969482422,209.28802490234375,2464383
2017-09-19,225.39999389648438,228.0,221.3000030517578,225.6999969482422,210.45358276367188,2834109
2017-09-20,227.6999969482422,227.6999969482422,221.1999969482422,222.10000610351562,207.09678649902344,1321193
2017-09-21,221.4499969482422,223.8000030517578,215.75,217.60000610351562,202.90077209472656,2678929
2017-09-22,215.0,215.10000610351562,208.39999389648438,209.4499969482422,195.30130004882812,2485441
2017-09-25,209.3000030517578,211.39999389648438,200.9499969482422,208.39999389648438,194.3222198486328,2813456
2017-09-26,208.0,210.0,204.3000030517578,205.60000610351562,191.71139526367188,2153634
2017-09-27,206.25,209.4499969482422,201.89999389648438,203.10000610351562,189.38026428222656,1593274
2017-09-28,203.5500030517578,205.4499969482422,200.0500030517578,203.14999389648438,189.42686462402344,1924538
2017-09-29,203.5,208.3000030517578,203.5,205.9499969482422,192.0377197265625,1123847
2017-10-03,208.0,213.25,205.1999969482422,207.5,193.4830322265625,2544444
2017-10-04,209.0,209.3000030517578,204.5500030517578,205.8000030517578,191.8978729248047,1965575
2017-10-05,206.0500030517578,208.14999389648438,203.0,204.14999389648438,190.35931396484375,2722805
2017-10-06,205.5,207.0500030517578,204.9499969482422,205.4499969482422,191.5714874267578,2683649
2017-10-09,206.0,208.25,201.85000610351562,203.39999389648438,189.66000366210938,1887024
2017-10-10,204.25,210.0500030517578,204.14999389648438,208.4499969482422,194.3688507080078,2733218
2017-10-11,209.85000610351562,211.4499969482422,201.64999389648438,203.5500030517578,189.7998809814453,3547071
2017-10-12,204.25,206.5,203.1999969482422,206.0500030517578,192.1309814453125,1857385
2017-10-13,206.89999389648438,207.39999389648438,204.25,204.9499969482422,191.1053009033203,2872520
2017-10-16,206.5,206.8000030517578,203.3000030517578,204.89999389648438,191.05865478515625,1513926
2017-10-17,205.0,209.39999389648438,204.0,208.60000610351562,194.5087432861328,3676867
2017-10-18,208.89999389648438,209.9499969482422,207.0,208.6999969482422,194.60194396972656,1260117
2017-10-19,209.89999389648438,209.89999389648438,205.1999969482422,207.25,193.24990844726562,399498
2017-10-23,207.25,208.75,204.5,206.0500030517578,192.1309814453125,975684
2017-10-24,206.3000030517578,208.10000610351562,203.60000610351562,207.3000030517578,193.2965850830078,1601548
2017-10-25,208.0,211.5,206.64999389648438,209.0,194.88172912597656,2063637
2017-10-26,205.0,210.3000030517578,197.8000030517578,206.8000030517578,192.830322265625,9381716
2017-10-27,207.60000610351562,208.14999389648438,202.5,203.10000610351562,189.38026428222656,3948545
2017-10-30,204.60000610351562,206.0,202.60000610351562,204.5500030517578,190.73231506347656,3421469
2017-10-31,205.39999389648438,209.64999389648438,205.1999969482422,208.75,194.64857482910156,1918185
2017-11-01,210.0,214.8000030517578,208.4499969482422,211.89999389648438,197.58580017089844,2854029
2017-11-02,213.0,213.0,207.39999389648438,208.75,194.64857482910156,1720473
2017-11-03,210.0,210.0,204.0,204.85000610351562,192.48741149902344,1914983
2017-11-06,205.0,205.8000030517578,202.6999969482422,203.0500030517578,190.79605102539062,2328822
2017-11-07,203.9499969482422,205.39999389648438,200.0,200.9499969482422,188.82278442382812,1647643
2017-11-08,201.0,202.5,196.5,198.14999389648438,186.19174194335938,1240820
2017-11-09,200.0,203.10000610351562,197.75,202.3000030517578,190.09130859375,1609919
2017-11-10,202.0,203.64999389648438,200.0,200.85000610351562,188.72879028320312,1121211
2017-11-13,202.1999969482422,203.0500030517578,199.25,201.5,189.33953857421875,2125417
2017-11-14,202.5,202.5,198.10000610351562,199.5,187.4602508544922,1168907
2017-11-15,199.39999389648438,200.25,195.10000610351562,196.0,184.1715087890625,1244207
2017-11-16,197.0,198.8000030517578,195.39999389648438,197.64999389648438,185.72190856933594,888602
2017-11-17,200.0,202.8000030517578,198.35000610351562,200.9499969482422,188.82278442382812,1726403
2017-11-20,200.9499969482422,202.89999389648438,200.0,201.25,189.1046600341797,631652
2017-11-21,202.4499969482422,205.0500030517578,201.5,203.3000030517578,191.03094482421875,1058195
2017-11-22,203.4499969482422,204.35000610351562,201.0,202.60000610351562,190.37319946289062,807933
2017-11-23,203.8000030517578,206.10000610351562,201.75,205.1999969482422,192.81626892089844,2105615
2017-11-24,206.25,207.64999389648438,204.75,206.60000610351562,194.1317901611328,2047240
2017-11-27,206.0,208.0,205.10000610351562,206.35000610351562,193.8968963623047,1463708
2017-11-28,207.39999389648438,208.10000610351562,205.1999969482422,207.35000610351562,194.8365478515625,844853
2017-11-29,206.9499969482422,210.5500030517578,206.0,206.5500030517578,194.0847930908203,1990431
2017-11-30,205.75,208.0,203.9499969482422,205.0500030517578,192.67532348632812,3240407
2017-12-01,206.10000610351562,209.35000610351562,203.5500030517578,204.85000610351562,192.48741149902344,1592280
2017-12-04,204.85000610351562,205.35000610351562,202.75,203.8000030517578,191.50076293945312,983970
2017-12-05,202.5,205.0,200.5,202.5500030517578,190.32620239257812,1368002
2017-12-06,202.0,205.0,201.10000610351562,202.4499969482422,190.2322235107422,1591663
2017-12-07,203.0500030517578,204.1999969482422,200.60000610351562,202.0,189.80938720703125,1564489
2017-12-08,203.10000610351562,207.5500030517578,203.0,206.39999389648438,193.94383239746094,1419148
2017-12-11,207.75,207.89999389648438,204.35000610351562,204.8000030517578,192.44041442871094,875853
2017-12-12,204.5,206.25,203.8000030517578,204.35000610351562,192.01759338378906,2770803
2017-12-13,204.0,207.5,203.60000610351562,204.5500030517578,192.20550537109375,1289602
2017-12-14,205.0,206.0,203.64999389648438,204.14999389648438,191.8296356201172,1275690
2017-12-15,204.5,205.8000030517578,204.0,204.8000030517578,192.44041442871094,541735
2017-12-18,204.8000030517578,209.10000610351562,200.10000610351562,207.60000610351562,195.0714569091797,1437459
2017-12-19,208.35000610351562,215.60000610351562,207.5500030517578,214.3000030517578,201.3671112060547,2917991
2017-12-20,215.25,218.75,214.0,215.0500030517578,202.0718231201172,2379646
2017-12-21,214.85000610351562,224.3000030517578,214.8000030517578,221.1999969482422,207.8506622314453,3914927
2017-12-22,222.0,222.89999389648438,219.0,220.3000030517578,207.00498962402344,1724879
2017-12-26,220.0,222.89999389648438,219.10000610351562,220.6999969482422,207.380859375,1609148
2017-12-27,221.0500030517578,221.75,217.10000610351562,219.0,205.78346252441406,797013
2017-12-28,218.5,220.89999389648438,217.5,219.0,205.78346252441406,1544280
2017-12-29,219.10000610351562,224.64999389648438,219.0500030517578,223.35000610351562,209.8709259033203,1285120
2018-01-01,222.0,223.85000610351562,219.0500030517578,219.75,206.48817443847656,756083
2018-01-02,221.0,223.5,214.14999389648438,221.6999969482422,208.3205108642578,1773843
2018-01-03,221.8000030517578,225.75,220.60000610351562,223.35000610351562,209.8709259033203,2078634
2018-01-04,223.3000030517578,224.5,221.0,222.10000610351562,208.69638061523438,752325
2018-01-05,222.10000610351562,228.0,220.9499969482422,227.10000610351562,213.39462280273438,1687260
2018-01-08,229.9499969482422,229.9499969482422,225.0500030517578,225.6999969482422,212.07911682128906,1134128
2018-01-09,225.6999969482422,228.0,223.0,225.10000610351562,211.51531982421875,1852933
2018-01-10,225.0,226.5500030517578,222.35000610351562,223.39999389648438,209.9178924560547,1015569
2018-01-11,222.0,226.0,221.75,223.8000030517578,210.29376220703125,910509
2018-01-12,224.0500030517578,226.6999969482422,220.35000610351562,224.1999969482422,210.6696319580078,1198739
2018-01-15,224.5,233.39999389648438,224.5,232.10000610351562,218.09288024902344,3854562
2018-01-16,234.0,234.0,225.64999389648438,228.3000030517578,214.52220153808594,3110314
2018-01-17,226.0,229.4499969482422,221.25,226.5,212.830810546875,1962999
2018-01-18,228.0,229.35000610351562,221.0,222.25,208.83731079101562,1437056
2018-01-19,220.5,223.9499969482422,219.39999389648438,221.1999969482422,207.8506622314453,1192245
2018-01-22,222.0,226.10000610351562,221.0,223.60000610351562,210.10585021972656,1354953
2018-01-23,224.6999969482422,224.6999969482422,221.35000610351562,222.5,209.07223510742188,1654013
2018-01-24,221.5,234.39999389648438,219.5,232.64999389648438,218.60968017578125,3379000
2018-01-25,231.64999389648438,237.1999969482422,225.0,227.10000610351562,213.39462280273438,4015072
2018-01-29,227.10000610351562,231.8000030517578,223.6999969482422,224.9499969482422,211.37437438964844,2002407
2018-01-30,224.39999389648438,227.64999389648438,222.39999389648438,225.4499969482422,211.8441925048828,1089929
2018-01-31,224.0,228.0500030517578,220.1999969482422,223.35000610351562,209.8709259033203,2045295
2018-02-01,221.1999969482422,225.75,215.35000610351562,219.75,206.48817443847656,2667975
2018-02-02,217.0,217.0,208.0,211.75,198.97097778320312,4337403
2018-02-05,206.85000610351562,208.14999389648438,201.10000610351562,204.85000610351562,192.48741149902344,2572885
2018-02-06,196.0,207.5500030517578,192.39999389648438,203.35000610351562,191.07794189453125,2119854
2018-02-07,207.0,207.0,201.3000030517578,204.1999969482422,191.87661743164062,1545227
2018-02-08,206.35000610351562,211.25,204.5,209.85000610351562,197.18563842773438,857116
2018-02-09,206.0,212.0,203.60000610351562,208.25,195.68218994140625,2369594
2018-02-12,209.0,215.0,209.0,213.0500030517578,200.19248962402344,1515768
2018-02-14,216.9499969482422,216.9499969482422,211.0500030517578,212.5,199.6757354736328,998340
2018-02-15,213.0,216.1999969482422,212.0,214.3000030517578,201.3671112060547,1410602
2018-02-16,215.85000610351562,215.85000610351562,210.35000610351562,211.4499969482422,198.6890869140625,762041
2018-02-19,211.89999389648438,213.60000610351562,207.5,209.8000030517578,197.138671875,792999
2018-02-20,209.0,214.14999389648438,207.5,210.9499969482422,198.21923828125,1229697
2018-02-21,211.5,213.14999389648438,209.5500030517578,211.0,198.2662353515625,817084
2018-02-22,210.14999389648438,210.64999389648438,206.0,206.75,194.27272033691406,1109680
2018-02-23,207.89999389648438,211.35000610351562,207.35000610351562,210.0500030517578,197.37356567382812,673366
2018-02-26,210.9499969482422,212.9499969482422,209.75,210.8000030517578,198.07830810546875,1118566
2018-02-27,211.1999969482422,211.8000030517578,207.75,209.10000610351562,196.48089599609375,1930236
2018-02-28,208.0500030517578,208.1999969482422,204.5,207.39999389648438,194.88348388671875,1861329
2018-03-01,205.39999389648438,210.5,205.39999389648438,209.60000610351562,196.9507293701172,1115887
2018-03-05,208.75,210.0,205.3000030517578,206.89999389648438,194.4136505126953,898712
2018-03-06,207.25,212.4499969482422,207.0,208.10000610351562,195.541259765625,2170232
2018-03-07,207.9499969482422,209.35000610351562,204.0,205.25,192.86326599121094,1175910
2018-03-08,206.10000610351562,210.4499969482422,202.4499969482422,209.14999389648438,196.5278778076172,2317822
2018-03-09,210.0,212.3000030517578,208.5,210.0,197.3266143798828,1789966
2018-03-12,211.0,214.4499969482422,210.35000610351562,213.10000610351562,200.239501953125,1927013
2018-03-13,213.9499969482422,216.5,212.5,214.5,201.55502319335938,1344277
2018-03-14,213.8000030517578,215.4499969482422,212.3000030517578,214.60000610351562,201.6490020751953,857881
2018-03-15,213.25,218.5500030517578,213.25,217.5500030517578,204.4209747314453,1243756
2018-03-16,218.10000610351562,219.64999389648438,213.10000610351562,213.64999389648438,200.7563018798828,2634793
2018-03-19,212.89999389648438,214.0,209.39999389648438,210.1999969482422,197.51454162597656,1192750
2018-03-20,209.89999389648438,213.75,209.10000610351562,212.3000030517578,199.48779296875,931216
2018-03-21,212.35000610351562,218.75,212.35000610351562,216.89999389648438,203.8101806640625,2185821
2018-03-22,217.0,218.6999969482422,215.75,217.39999389648438,204.28001403808594,2835573
2018-03-23,214.10000610351562,217.5,213.35000610351562,216.1999969482422,203.1524200439453,3012938
2018-03-26,215.10000610351562,223.5,215.10000610351562,222.64999389648438,209.2131805419922,2238371
2018-03-27,224.89999389648438,225.75,220.0500030517578,220.9499969482422,207.61575317382812,1801778
2018-03-28,218.14999389648438,223.89999389648438,217.0,222.85000610351562,209.40110778808594,2379295
2018-04-02,223.10000610351562,230.0500030517578,223.10000610351562,228.8000030517578,214.99200439453125,1235123
2018-04-03,228.5500030517578,235.0,227.0,232.9499969482422,218.89157104492188,2406879
2018-04-04,234.4499969482422,236.3000030517578,230.0,230.9499969482422,217.0122833251953,3220953
2018-04-05,232.0,240.5,231.9499969482422,236.14999389648438,221.89846801757812,3061163
2018-04-06,237.6999969482422,240.0,234.75,239.0,224.57647705078125,1507450
2018-04-09,239.0,241.0,236.64999389648438,238.3000030517578,223.918701171875,1487213
2018-04-10,238.10000610351562,239.0,232.3000030517578,235.6999969482422,221.47561645507812,2376339
2018-04-11,234.9499969482422,243.9499969482422,234.25,241.14999389648438,226.59669494628906,2837756
2018-04-12,240.9499969482422,242.0500030517578,235.9499969482422,237.25,222.93206787109375,1767307
2018-04-13,238.4499969482422,242.75,238.10000610351562,240.4499969482422,225.93893432617188,2489713
2018-04-16,238.5,244.0,238.35000610351562,243.60000610351562,228.8988494873047,1151108
2018-04-17,243.10000610351562,243.89999389648438,240.0,242.3000030517578,227.6772918701172,1289693
2018-04-18,243.85000610351562,247.0,240.60000610351562,242.8000030517578,228.1471405029297,2341475
2018-04-19,243.8000030517578,245.6999969482422,241.14999389648438,244.0500030517578,229.3217315673828,1459837
2018-04-20,241.0,244.39999389648438,240.6999969482422,242.89999389648438,228.24110412597656,992790
2018-04-23,242.0,246.85000610351562,242.0,244.85000610351562,230.07342529296875,1948091
2018-04-24,244.8000030517578,249.9499969482422,240.85000610351562,241.8000030517578,227.20748901367188,2166034
2018-04-25,242.75,244.9499969482422,239.0500030517578,244.3000030517578,229.55662536621094,1683229
2018-04-26,244.5,246.5,241.75,243.39999389648438,228.71092224121094,1059535
2018-04-27,244.5,251.5,243.14999389648438,248.1999969482422,233.2212371826172,2184041
2018-04-30,251.0,252.0,247.0,248.3000030517578,233.3152313232422,1443148
2018-05-02,248.3000030517578,253.35000610351562,246.0,248.5500030517578,233.5501251220703,2149897
2018-05-03,248.60000610351562,250.64999389648438,245.14999389648438,248.10000610351562,233.12730407714844,1152997
2018-05-04,246.25,250.5500030517578,246.25,248.60000610351562,233.59710693359375,1526293
2018-05-07,249.0,269.0,242.25,262.29998779296875,246.4702911376953,14319122
2018-05-08,262.29998779296875,270.5,256.75,267.45001220703125,251.3095245361328,16061418
2018-05-09,264.8999938964844,268.45001220703125,260.45001220703125,261.45001220703125,245.67160034179688,3528305
2018-05-10,262.0,265.29998779296875,256.1499938964844,259.6499938964844,243.98023986816406,2682929
2018-05-11,259.6499938964844,263.79998779296875,257.1499938964844,261.45001220703125,245.67160034179688,3038516
2018-05-14,261.45001220703125,263.45001220703125,257.75,258.75,243.13455200195312,1099003
2018-05-15,258.0,262.8999938964844,254.5500030517578,256.95001220703125,241.44317626953125,1102382
2018-05-16,257.0,257.75,252.60000610351562,255.1999969482422,239.79879760742188,1071241
2018-05-17,256.0,260.8500061035156,256.0,258.3500061035156,242.7587127685547,1515643
2018-05-18,258.79998779296875,259.8999938964844,253.35000610351562,254.25,238.9061279296875,893547
2018-05-21,251.39999389648438,254.8000030517578,244.9499969482422,246.75,231.85873413085938,1672860
2018-05-22,246.0,249.64999389648438,244.25,248.35000610351562,233.36219787597656,1036204
2018-05-23,248.10000610351562,252.6999969482422,247.35000610351562,248.60000610351562,233.59710693359375,754908
2018-05-24,248.8000030517578,252.0,241.85000610351562,243.35000610351562,228.6639404296875,1481212
2018-05-25,243.4499969482422,259.5,243.25,257.8999938964844,242.33583068847656,1889084
2018-05-28,259.8999938964844,262.8999938964844,255.35000610351562,261.3999938964844,245.62460327148438,2237810
2018-05-29,262.6000061035156,263.5,256.5,257.8500061035156,242.2888641357422,1231821
2018-05-30,253.0500030517578,264.3999938964844,253.0500030517578,262.8500061035156,246.9871368408203,2124589
2018-05-31,265.70001220703125,265.70001220703125,258.1000061035156,259.70001220703125,244.0272216796875,2600387
2018-06-01,260.0,261.45001220703125,254.35000610351562,255.35000610351562,239.93975830078125,861988
2018-06-04,255.0,258.5,252.4499969482422,255.35000610351562,239.93975830078125,1776473
2018-06-05,254.0,256.54998779296875,248.10000610351562,252.89999389648438,237.63760375976562,1885738
2018-06-06,253.9499969482422,258.25,252.25,257.20001220703125,241.67811584472656,609639
2018-06-07,258.3999938964844,259.8500061035156,255.64999389648438,256.29998779296875,240.8323974609375,1391220
2018-06-08,255.0,261.70001220703125,253.5500030517578,258.45001220703125,242.85269165039062,2752741
2018-06-11,259.8999938964844,260.0,252.0,252.64999389648438,237.4026641845703,935763
2018-06-12,252.35000610351562,254.4499969482422,250.25,252.5500030517578,237.30873107910156,1405161
2018-06-13,253.9499969482422,257.75,252.5,253.6999969482422,238.38931274414062,1802946
2018-06-14,252.8000030517578,254.9499969482422,250.5500030517578,251.6999969482422,236.510009765625,983366
2018-06-15,251.75,252.8000030517578,247.9499969482422,251.0500030517578,235.89926147460938,1397235
2018-06-18,250.5500030517578,253.85000610351562,250.14999389648438,252.0,236.7919158935547,1023613
2018-06-19,250.89999389648438,251.9499969482422,247.60000610351562,249.0500030517578,234.01995849609375,421919
2018-06-20,249.0,255.64999389648438,248.5500030517578,253.60000610351562,238.29537963867188,1333858
2018-06-21,255.0,255.0500030517578,249.75,252.0,236.7919158935547,1007746
2018-06-22,251.6999969482422,252.85000610351562,248.60000610351562,251.25,236.08718872070312,1400971
2018-06-25,251.85000610351562,253.89999389648438,249.6999969482422,250.8000030517578,235.6643524169922,602477
2018-06-26,250.3000030517578,255.1999969482422,249.1999969482422,251.9499969482422,236.74493408203125,1203024
2018-06-27,251.89999389648438,253.39999389648438,245.60000610351562,247.9499969482422,232.98634338378906,1698986
2018-06-28,252.0,252.25,245.0500030517578,248.60000610351562,233.59710693359375,2647947
2018-06-29,249.89999389648438,259.0,247.6999969482422,258.29998779296875,242.7117156982422,1688686
2018-07-02,260.0,260.8999938964844,253.0,257.3999938964844,241.8660125732422,1476579
2018-07-03,257.0,264.29998779296875,255.8000030517578,262.3500061035156,246.51730346679688,2215093
2018-07-04,264.45001220703125,265.3999938964844,260.0,262.3500061035156,246.51730346679688,1438456
2018-07-05,262.04998779296875,265.3500061035156,259.3999938964844,260.79998779296875,245.06082153320312,1804120
2018-07-06,260.29998779296875,266.45001220703125,260.29998779296875,262.79998779296875,246.94012451171875,2142851
2018-07-09,265.70001220703125,269.0,263.6000061035156,268.1000061035156,251.92027282714844,1816748
2018-07-10,269.95001220703125,273.8999938964844,267.20001220703125,273.04998779296875,256.571533203125,3775003
2018-07-11,273.29998779296875,274.8999938964844,266.29998779296875,268.54998779296875,252.34312438964844,2277443
2018-07-12,274.0,274.04998779296875,266.1499938964844,266.6499938964844,250.5577850341797,2309467
2018-07-13,268.25,268.54998779296875,263.1000061035156,264.95001220703125,248.9604034423828,1223689
2018-07-16,266.25,267.04998779296875,257.79998779296875,262.45001220703125,246.61126708984375,1913507
2018-07-17,262.0,268.8999938964844,261.0,267.29998779296875,251.1685333251953,1599456
2018-07-18,269.20001220703125,270.70001220703125,261.5,263.25,247.36300659179688,1645944
2018-07-19,263.0,265.20001220703125,259.1000061035156,261.8999938964844,246.0944366455078,1480610
2018-07-20,261.0,267.0,259.8999938964844,265.8500061035156,249.8060760498047,2042339
2018-07-23,268.70001220703125,270.95001220703125,265.04998779296875,269.95001220703125,253.6586456298828,1441086
2018-07-24,271.0,273.8999938964844,268.70001220703125,270.3999938964844,254.08151245117188,2235065
2018-07-25,270.3999938964844,278.0,270.1000061035156,273.6000061035156,257.85125732421875,3676285
2018-07-26,274.75,275.0,270.1000061035156,273.1499938964844,258.18206787109375,1824739
2018-07-27,273.1499938964844,276.0,270.70001220703125,273.5,258.51287841796875,1405038
2018-07-30,273.0,277.1499938964844,270.3999938964844,275.3500061035156,260.2615051269531,2066564
2018-07-31,276.0,280.5,275.29998779296875,279.75,264.4203796386719,2190891
2018-08-01,281.6499938964844,283.3999938964844,259.6000061035156,270.6499938964844,255.8190460205078,15141255
2018-08-02,270.1000061035156,273.45001220703125,265.95001220703125,271.3999938964844,256.5279235839844,2491487
2018-08-03,273.0,274.25,270.6499938964844,272.95001220703125,257.9930114746094,1259078
2018-08-06,273.1000061035156,279.70001220703125,271.0,277.3999938964844,262.1991271972656,3264062
2018-08-07,279.0,286.5,277.3999938964844,285.3999938964844,269.7607727050781,3416825
2018-08-08,287.29998779296875,287.70001220703125,283.25,286.25,270.5642395019531,3200770
2018-08-09,284.25,289.75,282.0,283.20001220703125,267.6813659667969,2359738
2018-08-10,283.20001220703125,293.1499938964844,282.1499938964844,291.3500061035156,275.384765625,3587811
2018-08-13,287.6499938964844,293.5,286.29998779296875,289.1499938964844,273.3052978515625,2069095
2018-08-14,289.1000061035156,293.6499938964844,289.0,292.1000061035156,276.0936279296875,1276537
2018-08-16,291.8999938964844,299.5,289.6000061035156,290.20001220703125,274.2977600097656,3906927
2018-08-17,291.70001220703125,293.29998779296875,288.20001220703125,290.6499938964844,274.72308349609375,746359
2018-08-20,290.04998779296875,296.0,290.04998779296875,295.25,279.0710144042969,1329775
2018-08-21,296.0,299.45001220703125,293.3999938964844,295.75,279.54364013671875,1247435
2018-08-23,294.20001220703125,303.45001220703125,292.95001220703125,301.25,284.74224853515625,2349625
2018-08-24,303.3999938964844,304.70001220703125,292.20001220703125,292.8999938964844,276.84979248046875,3228145
2018-08-27,293.79998779296875,295.79998779296875,290.5,292.3999938964844,276.3771667480469,1666247
2018-08-28,293.1000061035156,293.54998779296875,288.95001220703125,290.04998779296875,274.1559753417969,1389830
2018-08-29,291.0,293.6000061035156,288.75,290.1000061035156,274.2032470703125,1041232
2018-08-30,290.0,291.79998779296875,283.79998779296875,284.45001220703125,268.8628234863281,3322570
2018-08-31,286.54998779296875,289.5,281.1000061035156,285.1000061035156,269.47723388671875,1511943
2018-09-03,285.75,288.5,282.0,282.95001220703125,267.4450378417969,802551
2018-09-04,283.0,283.54998779296875,272.70001220703125,274.29998779296875,259.2690124511719,1341683
2018-09-05,274.0,277.0,270.0,274.6499938964844,259.599853515625,935830
2018-09-06,275.45001220703125,279.3999938964844,273.6000061035156,274.70001220703125,259.6470947265625,1137541
2018-09-07,275.70001220703125,281.75,274.79998779296875,279.1000061035156,263.8060302734375,1846227
2018-09-10,280.25,280.25,269.1499938964844,270.3999938964844,255.582763671875,1579896
2018-09-11,270.6000061035156,273.1499938964844,265.3999938964844,267.6499938964844,252.98342895507812,1670489
2018-09-12,267.04998779296875,270.5,262.45001220703125,269.70001220703125,254.92112731933594,2243579
2018-09-14,270.29998779296875,276.25,270.29998779296875,273.5,258.51287841796875,2042350
2018-09-17,272.6499938964844,273.79998779296875,267.3999938964844,270.8999938964844,256.05535888671875,803422
2018-09-18,270.70001220703125,273.45001220703125,267.1499938964844,268.8500061035156,254.11769104003906,1275036
2018-09-19,270.29998779296875,272.8500061035156,263.70001220703125,266.04998779296875,251.47113037109375,1773594
2018-09-21,268.3999938964844,270.6000061035156,254.1999969482422,268.04998779296875,253.3615264892578,1872991
2018-09-24,268.0,269.3500061035156,261.5,265.79998779296875,251.2348175048828,1039521
2018-09-25,266.0,267.1499938964844,251.75,257.3500061035156,243.24786376953125,2854645
2018-09-26,258.79998779296875,276.20001220703125,256.75,273.6000061035156,258.607421875,3880719
2018-09-27,273.0,274.25,264.79998779296875,266.45001220703125,251.8491973876953,3091209
2018-09-28,265.8500061035156,272.25,257.0,265.45001220703125,250.90399169921875,1879718
2018-10-01,264.95001220703125,265.45001220703125,254.0500030517578,262.8500061035156,248.44650268554688,990351
2018-10-03,262.8500061035156,268.6000061035156,257.6499938964844,259.04998779296875,244.8546905517578,1204106
2018-10-04,255.0,258.0,247.64999389648438,252.3000030517578,238.47459411621094,2050236
2018-10-05,247.60000610351562,254.0,245.89999389648438,248.64999389648438,235.0245819091797,1704372
2018-10-08,245.0,250.6999969482422,240.8000030517578,249.3000030517578,235.63897705078125,1757321
2018-10-09,249.8000030517578,252.8000030517578,240.6999969482422,242.4499969482422,229.16433715820312,2052160
2018-10-10,240.10000610351562,258.6000061035156,240.10000610351562,256.70001220703125,242.63348388671875,2397398
2018-10-11,249.0,259.5,242.0,251.3000030517578,237.52938842773438,2126636
2018-10-12,253.5500030517578,258.75,253.4499969482422,256.29998779296875,242.25538635253906,1023941
2018-10-15,257.45001220703125,266.3500061035156,257.45001220703125,263.29998779296875,248.871826171875,2587910
2018-10-16,264.0,267.25,260.25,264.70001220703125,250.19509887695312,1841433
2018-10-17,266.0,268.25,261.1000061035156,262.75,248.35195922851562,1642153
2018-10-19,260.0,262.5,251.5,254.39999389648438,240.45950317382812,1155261
2018-10-22,254.0500030517578,260.6000061035156,253.10000610351562,254.64999389648438,240.69581604003906,1205655
2018-10-23,254.0500030517578,254.64999389648438,246.35000610351562,249.75,236.06431579589844,1560529
2018-10-24,251.4499969482422,256.20001220703125,250.8000030517578,253.60000610351562,239.703369140625,1237617
2018-10-25,250.14999389648438,260.0,249.35000610351562,255.5,241.49923706054688,2162509
2018-10-26,252.5,256.3999938964844,250.25,251.75,237.9547119140625,1763006
2018-10-29,250.0,255.25,250.0,253.75,239.84512329101562,1808104
2018-10-30,255.0,263.54998779296875,253.0,261.45001220703125,247.12318420410156,1460751
2018-10-31,262.79998779296875,269.95001220703125,259.6499938964844,266.04998779296875,251.47113037109375,2405333
2018-11-01,266.0,266.0,252.10000610351562,254.60000610351562,240.64857482910156,1972244
2018-11-02,256.70001220703125,262.3999938964844,251.0,253.5500030517578,239.65609741210938,2525198
2018-11-05,254.8000030517578,259.3500061035156,247.0500030517578,249.4499969482422,235.78076171875,6517866
2018-11-06,251.0,257.29998779296875,250.0,253.10000610351562,239.23074340820312,2577634
2018-11-07,256.95001220703125,256.95001220703125,254.0,255.75,241.7355194091797,282063
2018-11-09,257.0,257.5,252.5,256.5,242.4444122314453,2405941
2018-11-12,257.79998779296875,257.8999938964844,252.3000030517578,253.14999389648438,239.27801513671875,916182
2018-11-13,253.0,253.1999969482422,246.0,249.5500030517578,235.87527465820312,1800432
2018-11-14,251.6999969482422,253.1999969482422,248.1999969482422,251.4499969482422,237.67115783691406,1058477
2018-11-15,250.5,250.8000030517578,246.0500030517578,248.8000030517578,236.67234802246094,1026523
2018-11-16,249.64999389648438,251.14999389648438,244.10000610351562,246.35000610351562,234.341796875,1338802
2018-11-19,246.35000610351562,247.0500030517578,241.10000610351562,243.60000610351562,231.725830078125,2030569
2018-11-20,242.5,242.75,237.0500030517578,238.89999389648438,227.25491333007812,4234658
2018-11-21,238.0,252.0,237.4499969482422,250.75,238.52728271484375,4124701
2018-11-22,250.85000610351562,258.95001220703125,248.5500030517578,250.75,238.52728271484375,3815973
2018-11-26,252.25,256.3500061035156,249.8000030517578,253.75,241.3810577392578,1225876
2018-11-27,253.75,259.79998779296875,250.1999969482422,259.04998779296875,246.42269897460938,1346927
2018-11-28,259.95001220703125,261.5,256.45001220703125,259.29998779296875,246.66050720214844,1476775
2018-11-29,260.0,260.20001220703125,253.8000030517578,257.54998779296875,244.99581909179688,965497
2018-11-30,257.0,263.6499938964844,257.0,262.79998779296875,249.9899139404297,1550129
2018-12-03,263.5,265.3500061035156,259.20001220703125,260.3500061035156,247.6593475341797,1206051
2018-12-04,260.29998779296875,263.1000061035156,256.25,257.5,244.94827270507812,778877
2018-12-05,257.0,259.1000061035156,252.5,253.75,241.3810577392578,680923
2018-12-06,252.0,254.60000610351562,249.0500030517578,251.3000030517578,239.0504913330078,874514
2018-12-07,251.1999969482422,251.85000610351562,246.6999969482422,249.60000610351562,237.43336486816406,678352
2018-12-10,245.0500030517578,249.64999389648438,242.0,246.10000610351562,234.1039581298828,1431583
2018-12-11,245.8000030517578,252.89999389648438,241.8000030517578,250.89999389648438,238.6699981689453,588928
2018-12-12,254.4499969482422,262.20001220703125,249.35000610351562,261.25,248.5154571533203,1278766
2018-12-13,262.0,263.70001220703125,254.75,256.1499938964844,243.66407775878906,1030015
2018-12-14,256.04998779296875,259.75,254.14999389648438,257.6499938964844,245.0909423828125,485088
2018-12-17,257.6000061035156,261.5,257.1000061035156,258.25,245.66171264648438,555331
2018-12-18,256.04998779296875,260.6000061035156,256.04998779296875,258.6499938964844,246.04222106933594,1129964
2018-12-19,261.0,272.5,260.0,269.95001220703125,256.7914123535156,3115484
2018-12-20,269.45001220703125,273.79998779296875,267.5,270.54998779296875,257.3621520996094,2237991
2018-12-21,270.1000061035156,270.6499938964844,262.45001220703125,263.5,250.65576171875,1284285
2018-12-24,265.0,265.0,255.64999389648438,257.3999938964844,244.85313415527344,1400203
2018-12-26,255.14999389648438,262.6499938964844,250.35000610351562,261.79998779296875,249.0386505126953,1467191
2018-12-27,263.6000061035156,269.5,260.1499938964844,268.20001220703125,255.126708984375,1245606
2018-12-28,266.8999938964844,270.0,264.6499938964844,265.45001220703125,252.5107421875,1594762
2018-12-31,267.0,271.5,266.3999938964844,267.95001220703125,254.888916015625,1250437
2019-01-01,268.5,270.70001220703125,266.75,267.5,254.4608154296875,735215
2019-01-02,266.0,268.1000061035156,260.20001220703125,261.3999938964844,248.65814208984375,795469
2019-01-03,260.0,262.6499938964844,256.6000061035156,257.5,244.94827270507812,1388814
2019-01-04,258.0,260.25,254.75,258.75,246.13734436035156,817998
2019-01-07,261.5,266.6499938964844,260.0,262.3500061035156,249.56187438964844,904616
2019-01-08,261.1499938964844,263.8999938964844,260.0,261.45001220703125,248.70571899414062,1233409
2019-01-09,261.8999938964844,263.70001220703125,258.1499938964844,259.8500061035156,247.18373107910156,590631
2019-01-10,260.0,263.3999938964844,258.8500061035156,261.25,248.5154571533203,501292
2019-01-11,261.5,264.5,259.1000061035156,259.79998779296875,247.13613891601562,480704
2019-01-14,259.45001220703125,259.79998779296875,248.10000610351562,251.75,239.47853088378906,1666526
2019-01-15,253.0,259.3500061035156,252.0,257.6000061035156,245.04339599609375,1362100
2019-01-16,257.3500061035156,257.79998779296875,252.0,252.64999389648438,240.3346710205078,1249346
2019-01-17,253.0,254.39999389648438,249.5,250.5500030517578,238.33705139160156,1433616
2019-01-18,250.60000610351562,252.25,246.0,246.8000030517578,234.76983642578125,940266
2019-01-21,246.6999969482422,247.0,242.89999389648438,244.0500030517578,232.15390014648438,1130005
2019-01-22,244.0,246.3000030517578,241.0,244.60000610351562,232.6770782470703,1599336
2019-01-23,244.64999389648438,244.9499969482422,240.0500030517578,241.10000610351562,229.34767150878906,1452905
2019-01-24,241.0,242.8000030517578,232.0500030517578,233.1999969482422,221.832763671875,2153736
2019-01-25,233.25,235.39999389648438,229.5,230.14999389648438,218.93141174316406,2131066
2019-01-28,229.5500030517578,229.5500030517578,219.60000610351562,220.39999389648438,209.65667724609375,2889061
2019-01-29,218.60000610351562,222.39999389648438,215.5,217.35000610351562,206.75538635253906,2847565
2019-01-30,219.0,223.9499969482422,217.6999969482422,222.60000610351562,211.7494659423828,4776065
2019-01-31,223.85000610351562,228.0,221.60000610351562,226.89999389648438,215.83984375,2486423
2019-02-01,226.5,230.5500030517578,224.5500030517578,227.0500030517578,215.98255920410156,3205387
2019-02-04,228.0,228.0,216.75,224.3000030517578,213.36660766601562,7547054
2019-02-05,225.5,230.9499969482422,217.5500030517578,220.14999389648438,209.4188690185547,4949876
2019-02-06,221.0,222.89999389648438,215.85000610351562,219.0,208.324951171875,2566293
2019-02-07,219.0,220.5,216.1999969482422,218.25,207.6114959716797,2224062
2019-02-08,218.0500030517578,218.25,210.5,211.25,200.95269775390625,3881102
2019-02-11,210.0,211.9499969482422,205.0,208.64999389648438,198.4794464111328,2571374
2019-02-12,210.0,213.9499969482422,208.10000610351562,209.0500030517578,198.8599395751953,1643281
2019-02-14,206.1999969482422,209.75,204.0,208.6999969482422,198.52700805664062,1608877
2019-02-15,208.5,209.39999389648438,203.5,206.39999389648438,196.33909606933594,989282
2019-02-18,206.5,207.4499969482422,204.0,205.60000610351562,195.578125,585108
2019-02-19,205.6999969482422,208.5,204.39999389648438,204.9499969482422,194.95980834960938,772655
2019-02-20,206.0,207.89999389648438,194.3000030517578,206.39999389648438,196.33909606933594,8076360
2019-02-21,207.0,216.39999389648438,206.39999389648438,214.4499969482422,203.99671936035156,6249753
2019-02-22,215.60000610351562,215.8000030517578,211.8000030517578,213.5500030517578,203.14059448242188,1869067
2019-02-25,213.5,220.0,212.3000030517578,217.35000610351562,206.75538635253906,2012689
2019-02-26,216.8000030517578,220.39999389648438,210.6999969482422,219.1999969482422,208.5151824951172,2503117
2019-02-27,220.5,226.0500030517578,218.9499969482422,220.5500030517578,209.79937744140625,1755795
2019-02-28,221.60000610351562,222.39999389648438,217.35000610351562,219.75,209.0383758544922,1709854
2019-03-01,220.9499969482422,222.5500030517578,216.60000610351562,218.35000610351562,207.7066192626953,1823393
2019-03-05,219.89999389648438,224.6999969482422,218.5500030517578,223.10000610351562,212.22508239746094,2097921
2019-03-06,224.5500030517578,226.8000030517578,223.1999969482422,225.1999969482422,214.22271728515625,1674424
2019-03-07,225.0,227.5,223.10000610351562,223.75,212.8433837890625,1705689
2019-03-08,223.60000610351562,226.5,220.9499969482422,224.4499969482422,213.50927734375,996307
2019-03-11,223.3000030517578,228.25,223.3000030517578,226.25,215.22154235839844,1481133
2019-03-12,227.39999389648438,232.85000610351562,224.60000610351562,230.35000610351562,219.12167358398438,2521824
2019-03-13,230.0,233.25,228.14999389648438,230.5,219.2643585205078,2084109
2019-03-14,230.0,231.9499969482422,227.6999969482422,229.14999389648438,217.98016357421875,960695
2019-03-15,228.60000610351562,233.64999389648438,228.10000610351562,229.64999389648438,218.455810546875,2652857
2019-03-18,229.5500030517578,231.64999389648438,226.0500030517578,227.9499969482422,216.8386688232422,1025572
2019-03-19,228.4499969482422,228.6999969482422,226.0,227.85000610351562,216.74354553222656,961546
2019-03-20,228.5,234.5500030517578,227.64999389648438,229.4499969482422,218.2655487060547,1624711
2019-03-22,230.85000610351562,230.85000610351562,220.0,220.89999389648438,210.13230895996094,2074689
2019-03-25,217.5,220.0,215.5,216.75,206.18460083007812,1480315
2019-03-26,218.75,225.5,216.25,224.3000030517578,213.36660766601562,1964951
2019-03-27,224.8000030517578,228.75,224.3000030517578,226.35000610351562,215.31666564941406,1428222
2019-03-28,226.0,228.60000610351562,220.0,220.89999389648438,210.13230895996094,3897132
2019-04-01,219.64999389648438,220.85000610351562,214.5,215.4499969482422,204.94796752929688,4016210
2019-04-02,216.4499969482422,217.89999389648438,214.0500030517578,215.0500030517578,204.56747436523438,1840592
2019-04-03,215.5500030517578,215.89999389648438,209.0,209.8000030517578,199.57337951660156,4098309
2019-04-04,210.10000610351562,216.3000030517578,210.0,215.4499969482422,204.94796752929688,3325391
2019-04-05,216.4499969482422,220.3000030517578,214.6999969482422,218.75,208.0871124267578,3321082
2019-04-08,218.85000610351562,220.39999389648438,215.25,217.10000610351562,206.51754760742188,1595721
2019-04-09,216.6999969482422,218.8000030517578,214.10000610351562,218.25,207.6114959716797,1429162
2019-04-10,217.5500030517578,221.8000030517578,216.6999969482422,219.89999389648438,209.18106079101562,1806792
2019-04-11,220.39999389648438,223.1999969482422,219.1999969482422,222.85000610351562,211.98727416992188,1884982
2019-04-12,222.89999389648438,223.39999389648438,218.25,220.89999389648438,210.13230895996094,1753381
2019-04-15,221.39999389648438,227.0,220.89999389648438,226.3000030517578,215.26910400390625,1730010
2019-04-16,226.10000610351562,229.39999389648438,224.5500030517578,227.25,216.17279052734375,1308848
2019-04-18,229.5,229.5,216.60000610351562,221.8000030517578,210.98846435546875,3092376
2019-04-22,219.0,220.5,215.0,216.39999389648438,205.85165405273438,1593048
2019-04-23,216.8000030517578,220.8000030517578,215.35000610351562,218.39999389648438,207.75416564941406,1170743
2019-04-24,218.8000030517578,219.25,216.0500030517578,217.9499969482422,207.3261260986328,805172
2019-04-25,218.0,219.4499969482422,213.14999389648438,213.85000610351562,203.4259796142578,1536675
2019-04-26,214.8000030517578,215.5,211.9499969482422,214.5500030517578,204.09185791015625,1337328
2019-04-30,214.0,220.64999389648438,211.35000610351562,214.14999389648438,203.7113494873047,6085830
2019-05-02,214.0,214.6999969482422,210.14999389648438,212.5,202.14178466796875,2443229
2019-05-03,213.5,217.64999389648438,210.25,216.6999969482422,206.13705444335938,2762190
2019-05-06,214.89999389648438,216.5,212.5,215.39999389648438,204.90040588378906,2064106
2019-05-07,216.0,216.75,211.4499969482422,212.64999389648438,202.2844696044922,2247883
2019-05-08,213.5500030517578,213.5500030517578,207.1999969482422,208.35000610351562,198.19407653808594,2234014
2019-05-09,207.3000030517578,210.75,205.75,209.8000030517578,199.57337951660156,1801270
2019-05-10,209.25,214.0,209.25,210.1999969482422,199.95388793945312,1663536
2019-05-13,209.10000610351562,210.60000610351562,207.0,207.8000030517578,197.67086791992188,1268975
2019-05-14,207.85000610351562,209.3000030517578,204.8000030517578,208.14999389648438,198.00379943847656,1705166
2019-05-15,207.89999389648438,208.5500030517578,205.0,205.75,195.72079467773438,1700678
2019-05-16,205.10000610351562,207.10000610351562,203.14999389648438,205.35000610351562,195.34030151367188,798214
2019-05-17,205.3000030517578,207.75,204.5500030517578,207.1999969482422,197.10012817382812,1058528
2019-05-20,213.8000030517578,216.0,210.5,214.89999389648438,204.42478942871094,4344674
2019-05-21,216.0,217.8000030517578,208.39999389648438,209.10000610351562,198.90750122070312,1049910
2019-05-22,209.8000030517578,210.39999389648438,206.5500030517578,208.9499969482422,198.76483154296875,734274
2019-05-23,213.1999969482422,214.75,208.6999969482422,210.10000610351562,199.8587646484375,2365908
2019-05-24,212.0,220.89999389648438,208.60000610351562,220.14999389648438,209.4188690185547,3573248
2019-05-27,220.75,222.6999969482422,215.85000610351562,216.35000610351562,205.8041229248047,1814363
2019-05-28,216.60000610351562,218.10000610351562,214.14999389648438,215.64999389648438,205.13821411132812,2423300
2019-05-29,215.85000610351562,216.5500030517578,212.10000610351562,212.6999969482422,202.33204650878906,1725053
2019-05-30,212.0,216.25,212.0,214.5500030517578,204.09185791015625,1122117
2019-05-31,215.64999389648438,216.3000030517578,212.0,212.9499969482422,202.56985473632812,1057602
2019-06-03,211.0,215.64999389648438,210.35000610351562,214.8000030517578,204.3296661376953,1290982
2019-06-04,214.5,217.89999389648438,213.1999969482422,214.89999389648438,204.42478942871094,1515376
2019-06-06,214.89999389648438,216.6999969482422,208.3000030517578,212.39999389648438,202.04664611816406,1364493
2019-06-07,212.0,213.3000030517578,208.64999389648438,209.9499969482422,199.71607971191406,866984
2019-06-10,211.0,212.0500030517578,207.1999969482422,210.0,199.76365661621094,962923
2019-06-11,210.1999969482422,214.4499969482422,208.6999969482422,213.4499969482422,203.0454559326172,681401
2019-06-12,212.89999389648438,213.5,209.5,209.89999389648438,199.6685028076172,686120
2019-06-13,209.60000610351562,210.4499969482422,205.75,206.89999389648438,196.8147430419922,961621
2019-06-14,206.3000030517578,208.1999969482422,205.3000030517578,206.0,195.9586181640625,808370
2019-06-17,206.0,207.25,199.10000610351562,201.0500030517578,191.24989318847656,1978965
2019-06-18,201.0,203.0,199.4499969482422,200.14999389648438,190.3937530517578,958944
2019-06-19,200.5,202.1999969482422,195.9499969482422,196.3000030517578,186.73143005371094,914229
2019-06-20,196.60000610351562,205.9499969482422,196.0500030517578,204.9499969482422,194.95980834960938,2056563
2019-06-21,205.4499969482422,205.9499969482422,201.14999389648438,202.39999389648438,192.53408813476562,1008891
2019-06-24,203.0,204.25,198.64999389648438,199.64999389648438,189.91815185546875,1085000
2019-06-25,199.89999389648438,204.39999389648438,199.1999969482422,203.85000610351562,193.9134063720703,973828
2019-06-26,203.39999389648438,205.85000610351562,200.9499969482422,203.35000610351562,193.4378204345703,959016
2019-06-27,203.39999389648438,207.1999969482422,203.10000610351562,204.85000610351562,194.86468505859375,1590775
2019-06-28,204.6999969482422,205.9499969482422,201.0,201.3000030517578,191.4877166748047,739882
2019-07-01,203.0,207.75,201.3000030517578,207.25,197.14768981933594,1612795
2019-07-02,208.1999969482422,208.3000030517578,204.5,206.89999389648438,196.8147430419922,775264
2019-07-03,205.5,209.60000610351562,205.5,207.6999969482422,197.5757598876953,971544
2019-07-04,208.6999969482422,208.89999389648438,203.5500030517578,206.5,196.43423461914062,1467480
2019-07-05,208.0,209.89999389648438,202.0,202.75,192.86703491210938,1959082
2019-07-08,201.0,201.4499969482422,197.5500030517578,199.14999389648438,189.44248962402344,1419882
2019-07-09,199.0500030517578,200.4499969482422,197.10000610351562,199.8000030517578,190.0608367919922,792009
2019-07-10,200.0,202.6999969482422,198.1999969482422,199.25,189.5376434326172,871578
2019-07-11,200.14999389648438,204.60000610351562,199.3000030517578,202.6999969482422,192.81947326660156,847584
2019-07-12,202.0,206.0,202.0,205.3000030517578,195.29273986816406,962903
2019-07-15,205.4499969482422,207.5,203.6999969482422,204.0500030517578,194.10366821289062,782588
2019-07-16,203.85000610351562,206.39999389648438,202.6999969482422,205.85000610351562,195.81593322753906,587309
2019-07-17,205.0,208.14999389648438,203.64999389648438,205.1999969482422,195.19760131835938,1211428
2019-07-18,204.0500030517578,206.14999389648438,199.0500030517578,201.4499969482422,191.63038635253906,1358670
2019-07-19,201.4499969482422,203.0,186.39999389648438,188.35000610351562,179.16896057128906,8282655
2019-07-22,186.5,193.60000610351562,185.1999969482422,191.64999389648438,182.30810546875,2257990
2019-07-23,192.8000030517578,193.4499969482422,187.64999389648438,189.10000610351562,179.88238525390625,2476053
2019-07-24,189.0,189.5500030517578,182.8000030517578,183.85000610351562,174.88832092285156,2171027
2019-07-25,182.8000030517578,185.0,181.0,181.39999389648438,173.31185913085938,1861099
2019-07-26,181.39999389648438,186.60000610351562,181.0,184.60000610351562,176.36920166015625,1776308
2019-07-29,184.85000610351562,185.5,180.8000030517578,182.0,173.8851318359375,1582897
2019-07-30,183.4499969482422,183.60000610351562,179.85000610351562,181.0,172.92971801757812,1254526
2019-07-31,181.0,186.0500030517578,178.10000610351562,183.25,175.0793914794922,1651117
2019-08-01,183.8000030517578,185.0,180.5500030517578,182.25,174.12399291992188,1096843
2019-08-02,182.0500030517578,184.8000030517578,177.0,180.8000030517578,172.73863220214844,2627954
2019-08-05,180.0,180.5500030517578,174.60000610351562,179.10000610351562,171.1144561767578,1272572
2019-08-06,177.5,182.85000610351562,177.25,179.14999389648438,171.1621856689453,2097901
2019-08-07,178.85000610351562,181.60000610351562,177.10000610351562,177.6999969482422,169.77684020996094,976138
2019-08-08,177.89999389648438,181.25,172.60000610351562,180.35000610351562,172.30868530273438,1855695
2019-08-09,180.89999389648438,185.39999389648438,178.8000030517578,180.10000610351562,172.06983947753906,2381708
2019-08-13,181.0,182.75,176.10000610351562,177.60000610351562,169.6813201904297,1134301
2019-08-14,178.14999389648438,182.5,177.35000610351562,180.6999969482422,172.64308166503906,974072
2019-08-16,180.0,180.9499969482422,177.8000030517578,178.75,170.78004455566406,696471
2019-08-19,178.89999389648438,180.9499969482422,178.10000610351562,178.9499969482422,170.9711151123047,467902
2019-08-20,179.0500030517578,179.89999389648438,176.0500030517578,178.39999389648438,170.44564819335938,602511
2019-08-21,178.35000610351562,179.25,174.5,175.3000030517578,167.48385620117188,386536
2019-08-22,174.0,178.8000030517578,168.5,170.60000610351562,162.99342346191406,2715392
2019-08-23,170.0500030517578,178.3000030517578,168.3000030517578,177.0,169.10806274414062,1145749
2019-08-26,180.0,181.89999389648438,175.35000610351562,179.85000610351562,171.83099365234375,696681
2019-08-27,179.89999389648438,185.8000030517578,179.85000610351562,182.85000610351562,174.6972198486328,863522
2019-08-28,182.5500030517578,183.3000030517578,177.9499969482422,178.39999389648438,170.44564819335938,788967
2019-08-29,177.0,179.3000030517578,175.75,176.8000030517578,168.91697692871094,556714
2019-08-30,177.64999389648438,180.6999969482422,176.1999969482422,178.5500030517578,170.58895874023438,833144
2019-09-03,177.9499969482422,179.14999389648438,175.0,175.6999969482422,167.86602783203125,593276
2019-09-04,176.1999969482422,176.75,171.14999389648438,173.10000610351562,165.3819580078125,1140414
2019-09-05,173.10000610351562,178.6999969482422,173.10000610351562,178.10000610351562,170.1590118408203,1241631
2019-09-06,178.5500030517578,181.10000610351562,177.39999389648438,180.14999389648438,172.11761474609375,595688
2019-09-09,179.8000030517578,183.75,179.1999969482422,181.3000030517578,173.21633911132812,1540879
2019-09-11,182.60000610351562,185.0,181.25,183.1999969482422,175.03160095214844,2038604
2019-09-12,184.60000610351562,187.85000610351562,183.4499969482422,184.25,176.03480529785156,1497245
2019-09-13,184.10000610351562,184.35000610351562,178.25,181.89999389648438,173.7895965576172,1399814
2019-09-16,181.60000610351562,184.6999969482422,179.5500030517578,180.5500030517578,172.49978637695312,1023278
2019-09-17,181.8000030517578,181.8000030517578,174.14999389648438,174.9499969482422,167.1494598388672,1497788
2019-09-18,175.0,177.14999389648438,173.0,174.1999969482422,166.4329071044922,1565505
2019-09-19,174.35000610351562,175.60000610351562,168.4499969482422,168.9499969482422,161.4169921875,1797986
2019-09-20,169.4499969482422,184.3000030517578,166.0,181.60000610351562,173.5029754638672,3054882
2019-09-23,183.8000030517578,204.5,183.75,198.25,189.4105682373047,7390090
2019-09-24,206.89999389648438,208.75,196.10000610351562,197.25,188.45518493652344,10827705
2019-09-25,196.0,196.0,188.35000610351562,189.9499969482422,181.48065185546875,4101021
2019-09-26,190.14999389648438,197.39999389648438,190.14999389648438,195.60000610351562,186.8787384033203,3118798
2019-09-27,195.9499969482422,198.3000030517578,193.5,194.14999389648438,185.49339294433594,1515720
2019-09-30,194.1999969482422,195.5,190.0,195.1999969482422,186.49656677246094,1714322
2019-10-01,195.25,199.0,190.8000030517578,193.10000610351562,184.49021911621094,2351879
2019-10-03,194.3000030517578,199.5500030517578,192.8000030517578,196.25,187.499755859375,1480761
2019-10-04,196.89999389648438,197.14999389648438,189.14999389648438,190.0500030517578,181.57620239257812,1185674
2019-10-07,189.10000610351562,191.60000610351562,185.5,186.1999969482422,177.89785766601562,1272057
2019-10-09,186.0,191.8000030517578,184.35000610351562,190.8000030517578,182.2927703857422,1682602
2019-10-10,190.5,190.5,182.0500030517578,184.0500030517578,175.84371948242188,1373162
2019-10-11,184.9499969482422,188.14999389648438,182.3000030517578,183.4499969482422,175.27047729492188,1072033
2019-10-14,183.5500030517578,186.85000610351562,182.4499969482422,184.64999389648438,176.41696166992188,1694992
2019-10-15,184.0,189.5,183.14999389648438,187.4499969482422,179.0921173095703,2598070
2019-10-16,187.5,189.6999969482422,181.8000030517578,182.85000610351562,174.6972198486328,3518746
2019-10-17,182.85000610351562,182.85000610351562,170.60000610351562,177.75,169.82461547851562,12172436
2019-10-18,178.60000610351562,184.1999969482422,176.6999969482422,183.0,174.8405303955078,2520836
2019-10-22,184.14999389648438,184.5,180.0,180.1999969482422,172.16537475585938,2669870
2019-10-23,180.0500030517578,180.9499969482422,178.1999969482422,179.64999389648438,171.63987731933594,1974828
2019-10-24,180.0,181.9499969482422,175.0,175.85000610351562,168.0093536376953,2123589
2019-10-25,176.9499969482422,177.8000030517578,174.3000030517578,176.60000610351562,168.7259063720703,2017819
2019-10-27,177.39999389648438,179.0,176.8000030517578,177.64999389648438,169.7290802001953,206306
2019-10-29,178.1999969482422,185.5,177.75,183.3000030517578,175.12716674804688,3371009
2019-10-30,183.1999969482422,184.39999389648438,180.5,181.5,173.4074249267578,2543054
2019-10-31,183.0500030517578,195.89999389648438,182.5500030517578,193.10000610351562,184.49021911621094,7222117
2019-11-01,192.39999389648438,196.9499969482422,189.64999389648438,195.5,186.783203125,2458583
2019-11-04,197.0,197.0,186.0,187.5,179.13990783691406,2773646
2019-11-05,189.0,192.14999389648438,185.6999969482422,188.6999969482422,180.28639221191406,2366978
2019-11-06,188.6999969482422,194.0,184.10000610351562,186.4499969482422,178.13670349121094,5834021
2019-11-07,192.0500030517578,192.64999389648438,188.0,188.6999969482422,180.28639221191406,3411971
2019-11-08,189.0,191.25,186.0,186.5500030517578,178.2322540283203,1856594
2019-11-11,187.5,191.3000030517578,186.5500030517578,190.60000610351562,182.10169982910156,2885129
2019-11-13,191.64999389648438,193.8000030517578,186.60000610351562,187.35000610351562,178.99659729003906,2058014
2019-11-14,188.25,191.4499969482422,187.35000610351562,190.6999969482422,182.19720458984375,1649089
2019-11-15,192.0,193.5,188.0,190.1999969482422,181.71951293945312,1777249
2019-11-18,189.5,191.9499969482422,186.75,189.8000030517578,182.875732421875,1502657
2019-11-19,192.0,192.9499969482422,189.10000610351562,190.0500030517578,183.11660766601562,1594984
2019-11-20,190.9499969482422,191.75,188.0,188.6999969482422,181.81585693359375,1238989
2019-11-21,189.0,191.35000610351562,186.8000030517578,187.75,180.9005126953125,1627019
2019-11-22,187.75,194.3000030517578,187.75,193.10000610351562,186.05532836914062,4535172
2019-11-25,193.5,198.6999969482422,192.4499969482422,197.75,190.5356903076172,3378424
2019-11-26,198.9499969482422,200.6999969482422,192.10000610351562,193.4499969482422,186.392578125,2851357
2019-11-27,194.0,195.9499969482422,190.5,192.1999969482422,185.1881561279297,1688855
2019-11-28,192.39999389648438,194.85000610351562,192.39999389648438,194.1999969482422,187.11520385742188,1249436
2019-11-29,195.0,196.0,193.0,195.0500030517578,187.9342041015625,1560798
2019-12-02,195.0,197.6999969482422,192.14999389648438,193.5,186.44073486328125,1102788
2019-12-03,194.0,194.85000610351562,190.25,191.6999969482422,184.70640563964844,2033394
2019-12-04,190.9499969482422,192.6999969482422,187.14999389648438,187.89999389648438,181.0450439453125,2036531
2019-12-05,188.5,189.5500030517578,186.14999389648438,187.0,180.17787170410156,1359121
2019-12-06,187.14999389648438,187.4499969482422,181.60000610351562,182.39999389648438,175.7456817626953,1624797
2019-12-09,182.10000610351562,184.75,181.1999969482422,181.60000610351562,174.97488403320312,1314595
2019-12-10,181.60000610351562,183.0,177.10000610351562,177.9499969482422,171.45803833007812,2040067
2019-12-11,178.0500030517578,181.3000030517578,178.0500030517578,180.10000610351562,173.52960205078125,1284518
2019-12-12,181.0,184.9499969482422,180.89999389648438,184.25,177.52821350097656,2389776
2019-12-13,184.5,186.60000610351562,184.0,185.8000030517578,179.0216522216797,906052
2019-12-16,186.39999389648438,186.89999389648438,183.4499969482422,184.0,177.28732299804688,954252
2019-12-17,184.0,186.14999389648438,183.39999389648438,184.60000610351562,177.8654327392578,967711
2019-12-18,185.10000610351562,185.39999389648438,182.1999969482422,183.1999969482422,176.51651000976562,2787401
2019-12-19,183.14999389648438,183.4499969482422,180.60000610351562,181.0500030517578,174.4449462890625,2335168
2019-12-20,181.6999969482422,182.10000610351562,177.39999389648438,177.9499969482422,171.45803833007812,3230286
2019-12-23,179.0,180.10000610351562,177.85000610351562,178.39999389648438,171.89161682128906,1605782
2019-12-24,178.6999969482422,179.1999969482422,176.0,176.64999389648438,170.20545959472656,1914520
2019-12-26,176.64999389648438,179.75,176.64999389648438,178.0500030517578,171.5543975830078,2203446
2019-12-27,178.5500030517578,185.85000610351562,177.39999389648438,184.5,177.76907348632812,9794091
2019-12-30,186.0,186.6999969482422,183.75,185.25,178.49171447753906,2446238
2019-12-31,185.3000030517578,187.64999389648438,184.64999389648438,186.5,179.6961212158203,1363850
2020-01-01,186.89999389648438,186.89999389648438,184.25,186.0,179.21435546875,619586
2020-01-02,186.6999969482422,189.89999389648438,185.35000610351562,189.10000610351562,182.20127868652344,1061353
2020-01-03,188.8000030517578,188.89999389648438,182.0,184.10000610351562,177.38369750976562,1347418
2020-01-06,184.0,184.4499969482422,179.14999389648438,181.64999389648438,175.02305603027344,1688625
2020-01-07,181.60000610351562,186.0,181.14999389648438,182.64999389648438,175.986572265625,1815286
2020-01-08,180.89999389648438,182.1999969482422,179.5500030517578,180.64999389648438,174.05953979492188,1400366
2020-01-09,183.0,187.5,182.5500030517578,186.14999389648438,179.35887145996094,2000388
2020-01-10,186.14999389648438,188.39999389648438,184.5500030517578,185.8000030517578,179.0216522216797,1925233
2020-01-13,186.0,186.6999969482422,183.75,184.89999389648438,178.15447998046875,962925
2020-01-14,185.1999969482422,192.25,184.39999389648438,190.75,183.79107666015625,5139730
2020-01-15,191.60000610351562,194.6999969482422,189.10000610351562,194.0,186.92251586914062,2875352
2020-01-16,193.85000610351562,197.5,193.64999389648438,195.10000610351562,187.9823760986328,1808732
2020-01-17,195.75,198.0,194.64999389648438,196.5500030517578,189.3794708251953,1079519
2020-01-20,196.9499969482422,198.75,192.8000030517578,195.0500030517578,187.9342041015625,2224157
2020-01-21,194.64999389648438,195.60000610351562,192.5500030517578,194.0500030517578,186.97068786621094,1122375
2020-01-22,195.5,198.5500030517578,193.5500030517578,197.8000030517578,190.58387756347656,2271439
2020-01-23,198.14999389648438,200.89999389648438,196.64999389648438,199.35000610351562,192.0773468017578,2916024
2020-01-24,199.5,206.3000030517578,199.1999969482422,204.64999389648438,197.18397521972656,3700615
2020-01-27,203.6999969482422,208.25,202.0500030517578,202.75,195.35328674316406,2002477
2020-01-28,202.75,205.1999969482422,200.60000610351562,202.9499969482422,195.54598999023438,1370231
2020-01-29,202.9499969482422,205.3000030517578,202.10000610351562,202.75,195.35328674316406,1089758
2020-01-30,203.8000030517578,203.85000610351562,198.64999389648438,199.6999969482422,192.41455078125,1755796
2020-01-31,200.6999969482422,201.9499969482422,196.25,197.14999389648438,189.95758056640625,1466191
2020-02-03,191.25,196.14999389648438,189.35000610351562,195.39999389648438,188.27142333984375,1045796
2020-02-04,195.60000610351562,201.5,187.0,188.35000610351562,181.4786376953125,6413092
2020-02-05,188.0,191.0,178.5500030517578,185.64999389648438,178.8771209716797,14705145
2020-02-06,189.0,189.0,181.89999389648438,182.9499969482422,176.27561950683594,4375425
2020-02-07,183.0500030517578,184.89999389648438,181.25,182.0500030517578,175.40846252441406,1850259
2020-02-10,182.75,183.0,177.8000030517578,178.5,171.98797607421875,2401666
2020-02-11,178.8000030517578,181.0,176.5,177.75,171.26535034179688,2257361
2020-02-12,178.5,181.8000030517578,177.60000610351562,180.39999389648438,173.81866455078125,2317428
2020-02-13,180.9499969482422,182.6999969482422,179.0,181.0500030517578,174.4449462890625,3185208
2020-02-14,182.0,182.64999389648438,177.64999389648438,179.0500030517578,172.5178985595703,2329005
2020-02-17,179.5,179.85000610351562,175.5500030517578,177.25,170.7835693359375,1764795
2020-02-18,177.25,178.0,173.75,177.5500030517578,171.0726318359375,1142860
2020-02-19,178.3000030517578,179.60000610351562,177.1999969482422,178.25,171.74708557128906,738500
2020-02-20,179.10000610351562,179.89999389648438,177.39999389648438,178.0500030517578,171.5543975830078,1232465
2020-02-24,177.9499969482422,177.9499969482422,172.8000030517578,173.5500030517578,167.2185516357422,1076209
2020-02-25,174.5500030517578,176.0500030517578,170.6999969482422,173.64999389648438,167.31491088867188,1978354
2020-02-26,173.64999389648438,174.39999389648438,168.0,170.10000610351562,163.89442443847656,3201542
2020-02-27,170.0,171.5,167.6999969482422,171.14999389648438,164.90611267089844,1690276
2020-02-28,166.5,170.0,161.1999969482422,164.35000610351562,158.3542022705078,2992108
2020-03-02,165.1999969482422,168.0,158.89999389648438,159.89999389648438,154.06654357910156,2486077
2020-03-03,162.39999389648438,163.75,158.4499969482422,161.6999969482422,155.80087280273438,3056334
2020-03-04,158.0,162.8000030517578,155.9499969482422,161.8000030517578,158.34535217285156,5336003
2020-03-05,160.5,163.0,157.8000030517578,161.85000610351562,158.394287109375,3146718
2020-03-06,156.8000030517578,160.5,153.9499969482422,159.3000030517578,155.89874267578125,1661787
2020-03-09,157.5,157.9499969482422,149.6999969482422,154.85000610351562,151.54376220703125,2744544
2020-03-11,153.0,157.35000610351562,151.10000610351562,153.0500030517578,149.78219604492188,2327120
2020-03-12,150.0,150.0,139.5500030517578,143.3000030517578,140.24037170410156,7997096
2020-03-13,129.0,154.0,125.8499984741211,148.75,145.57400512695312,3985956
2020-03-16,144.0,145.0,139.10000610351562,141.25,138.234130859375,2107760
2020-03-17,141.0,143.6999969482422,137.5,140.4499969482422,137.45120239257812,1656217
2020-03-18,141.89999389648438,143.0,131.4499969482422,133.3000030517578,130.45387268066406,1885125
2020-03-19,130.5,145.0,124.69999694824219,139.75,136.7661590576172,3186439
2020-03-20,140.10000610351562,149.0,137.1999969482422,147.5,144.35069274902344,1723560
2020-03-23,135.0,140.0,130.35000610351562,132.5,129.67095947265625,1132466
2020-03-24,133.8000030517578,140.5,131.10000610351562,136.0500030517578,133.14515686035156,3437460
2020-03-25,131.1999969482422,135.39999389648438,130.10000610351562,132.14999389648438,129.3284149169922,2831968
2020-03-26,132.5,134.5,125.0,126.80000305175781,124.0926513671875,7137720
2020-03-27,130.0,133.35000610351562,126.0,130.60000610351562,127.81153106689453,2572890
2020-03-30,128.60000610351562,132.39999389648438,125.69999694824219,126.9000015258789,124.19052124023438,2019201
2020-03-31,127.94999694824219,133.0,125.75,131.60000610351562,128.79017639160156,2517732
2020-04-01,131.0,134.8000030517578,129.5,131.75,128.93695068359375,2288743
2020-04-03,132.85000610351562,132.85000610351562,127.30000305175781,128.5500030517578,125.80529022216797,1864609
2020-04-07,131.5,141.39999389648438,131.1999969482422,139.5,136.521484375,2629091
2020-04-08,138.5,145.9499969482422,136.0,139.85000610351562,136.86402893066406,1553526
2020-04-09,141.14999389648438,152.0500030517578,139.0,148.0,144.83999633789062,4594048
2020-04-13,148.0,148.0,141.5,142.85000610351562,139.7999725341797,1726339
2020-04-15,142.85000610351562,147.1999969482422,139.0,140.4499969482422,137.45120239257812,3026934
2020-04-16,140.0,143.85000610351562,136.3000030517578,142.60000610351562,139.5552978515625,4169913
2020-04-17,145.0,147.0,141.3000030517578,146.1999969482422,143.07843017578125,2738806
2020-04-20,149.0,154.89999389648438,146.8000030517578,149.75,146.55264282226562,6374514
2020-04-21,149.0,149.0,140.5500030517578,141.14999389648438,138.13626098632812,2361452
2020-04-22,140.35000610351562,148.6999969482422,139.0500030517578,147.1999969482422,144.0570831298828,4068692
2020-04-23,147.0500030517578,151.0500030517578,145.5,149.5,146.3079833984375,2827441
2020-04-24,146.3000030517578,151.8000030517578,145.14999389648438,148.4499969482422,145.2803955078125,2902094
2020-04-27,149.0,151.35000610351562,147.5,148.0,144.83999633789062,1252714
2020-04-28,149.1999969482422,150.14999389648438,144.3000030517578,146.10000610351562,142.98057556152344,2004232
2020-04-29,148.0,156.5,147.25,155.25,151.93519592285156,4848333
2020-04-30,160.0,163.35000610351562,155.25,157.25,153.89251708984375,5229556
2020-05-04,150.0,153.0,146.39999389648438,147.25,144.10601806640625,1300324
2020-05-05,149.8000030517578,150.1999969482422,145.60000610351562,147.0500030517578,143.91029357910156,2351361
2020-05-06,147.0,150.0,142.35000610351562,147.39999389648438,144.2528076171875,3299441
2020-05-07,145.0,150.60000610351562,145.0,147.0500030517578,143.91029357910156,1181644
2020-05-08,148.5,149.9499969482422,145.9499969482422,146.6999969482422,143.5677490234375,1129540
2020-05-11,149.0,149.89999389648438,146.5,148.3000030517578,145.13360595703125,1843577
2020-05-12,147.5,153.9499969482422,145.64999389648438,152.35000610351562,149.09713745117188,4756042
2020-05-13,159.5,159.5,151.5500030517578,152.89999389648438,149.6353759765625,4672611
2020-05-14,150.0,152.5500030517578,148.6999969482422,150.89999389648438,147.67808532714844,2258293
2020-05-15,151.5,155.89999389648438,150.0,154.8000030517578,151.4948272705078,2505873
2020-05-18,155.89999389648438,155.89999389648438,150.39999389648438,151.25,148.02061462402344,2387413
2020-05-19,153.0,153.3000030517578,148.39999389648438,149.89999389648438,146.69943237304688,3910368
2020-05-20,149.0,150.8000030517578,147.9499969482422,149.39999389648438,146.21011352539062,2842830
2020-05-21,150.89999389648438,156.5,150.0,155.0500030517578,151.73948669433594,2545304
2020-05-22,153.39999389648438,157.6999969482422,151.9499969482422,154.10000610351562,150.8097686767578,1929128
2020-05-26,153.89999389648438,160.60000610351562,152.25,159.5,156.09445190429688,3480430
2020-05-27,160.60000610351562,160.60000610351562,154.14999389648438,156.0,152.66920471191406,2577219
2020-05-28,157.0,159.75,156.0500030517578,158.6999969482422,155.31153869628906,1346664
2020-05-29,157.0,164.6999969482422,156.25,162.89999389648438,159.42185974121094,3523442
2020-06-01,165.39999389648438,175.0,164.25,173.85000610351562,170.13807678222656,4645035
2020-06-02,175.0,175.0,170.0,170.64999389648438,167.0063934326172,2396925
2020-06-03,172.3000030517578,173.5,167.0500030517578,169.0,165.39163208007812,2473046
2020-06-04,169.8000030517578,172.0,165.64999389648438,171.35000610351562,167.6914520263672,2476908
2020-06-05,172.5,174.1999969482422,170.5,173.14999389648438,169.45301818847656,2486048
2020-06-08,165.0,170.0,157.89999389648438,158.6999969482422,155.31153869628906,18728894
2020-06-09,159.85000610351562,161.64999389648438,156.0500030517578,158.6999969482422,155.31153869628906,6308477
2020-06-10,159.5500030517578,160.0,157.25,158.3000030517578,154.9200897216797,2620552
2020-06-11,158.39999389648438,161.3000030517578,149.8000030517578,151.25,148.02061462402344,6311102
2020-06-12,145.0,155.4499969482422,145.0,154.5500030517578,151.25015258789062,4988719
2020-06-15,155.0,155.1999969482422,149.0,149.6999969482422,146.5037078857422,3096520
2020-06-16,152.14999389648438,153.89999389648438,148.0,151.0,147.77593994140625,3798308
2020-06-17,150.89999389648438,151.8000030517578,147.5,147.9499969482422,144.7910614013672,4739685
2020-06-18,146.89999389648438,148.85000610351562,145.64999389648438,148.1999969482422,145.03573608398438,3134602
2020-06-19,149.6999969482422,154.0,149.25,152.0,148.75460815429688,4872075
2020-06-22,153.35000610351562,155.5,151.5,154.1999969482422,150.90762329101562,2799403
2020-06-23,154.9499969482422,157.0,154.0,154.39999389648438,151.1033477783203,2488024
2020-06-24,155.5,157.25,148.5500030517578,149.5500030517578,146.35691833496094,7031604
2020-06-25,149.0,151.25,147.25,150.10000610351562,146.89517211914062,5225917
2020-06-26,151.1999969482422,152.14999389648438,148.5,148.89999389648438,145.7207794189453,5030192
2020-06-29,148.8000030517578,148.8000030517578,145.8000030517578,147.25,144.10601806640625,2396465
2020-06-30,148.0,150.85000610351562,147.1999969482422,148.1999969482422,145.03573608398438,5730049
2020-07-01,149.35000610351562,150.25,147.60000610351562,148.75,145.57400512695312,2260637
2020-07-02,150.39999389648438,153.4499969482422,148.8000030517578,153.0500030517578,149.78219604492188,5888040
2020-07-03,154.60000610351562,155.89999389648438,152.35000610351562,153.3000030517578,150.02684020996094,4013785
2020-07-06,154.14999389648438,158.14999389648438,154.14999389648438,157.64999389648438,154.28395080566406,4900396
2020-07-07,158.85000610351562,159.10000610351562,154.3000030517578,155.25,151.93519592285156,3813404
2020-07-08,156.6999969482422,157.1999969482422,154.14999389648438,154.9499969482422,151.64161682128906,2059392
2020-07-09,155.10000610351562,158.0,155.0,156.5,153.15850830078125,1664787
2020-07-10,156.8000030517578,157.0,152.6999969482422,154.64999389648438,151.34800720214844,2423584
2020-07-13,155.5500030517578,156.6999969482422,153.85000610351562,156.1999969482422,152.86492919921875,1799447
2020-07-14,155.9499969482422,157.4499969482422,152.39999389648438,153.4499969482422,150.1736297607422,1998500
2020-07-15,153.9499969482422,156.60000610351562,153.14999389648438,155.25,151.93519592285156,2916148
2020-07-16,155.0,155.75,152.5500030517578,155.35000610351562,152.0330810546875,1229657
2020-07-17,155.35000610351562,161.35000610351562,153.5500030517578,159.4499969482422,156.0455322265625,4758870
2020-07-20,162.10000610351562,162.10000610351562,157.85000610351562,158.4499969482422,155.06687927246094,4228054
2020-07-21,158.5500030517578,162.0,158.14999389648438,160.64999389648438,157.2198944091797,4312645
2020-07-22,160.1999969482422,162.75,157.8000030517578,158.64999389648438,155.26260375976562,3237393
2020-07-23,159.0,161.10000610351562,158.5,159.10000610351562,155.70301818847656,1983053
2020-07-24,158.5,160.1999969482422,155.89999389648438,158.14999389648438,154.77328491210938,2611197
2020-07-27,158.0,158.0,151.1999969482422,153.5,150.22256469726562,2434256
2020-07-28,153.5500030517578,155.39999389648438,153.0,154.10000610351562,150.8097686767578,2292344
2020-07-29,154.10000610351562,156.0,153.0,153.8000030517578,150.51617431640625,2496414
2020-07-30,153.8000030517578,154.5,150.39999389648438,153.9499969482422,150.6629638671875,4761252
2020-07-31,153.9499969482422,157.0,152.5,155.64999389648438,152.32666015625,2540151
2020-08-03,155.60000610351562,159.5,154.0,154.5500030517578,151.25015258789062,3434581
2020-08-04,154.0,165.4499969482422,154.0,155.64999389648438,152.32666015625,17232019
2020-08-05,154.5,158.75,153.5500030517578,154.4499969482422,151.15228271484375,4353542
2020-08-06,154.0,158.0,153.0,157.35000610351562,153.99037170410156,3708735
2020-08-07,157.1999969482422,163.35000610351562,156.60000610351562,161.89999389648438,158.44320678710938,7586811
2020-08-10,161.89999389648438,164.60000610351562,161.89999389648438,163.0500030517578,159.56866455078125,3557969
2020-08-11,164.0,165.4499969482422,161.5,162.89999389648438,159.42185974121094,2034814
2020-08-12,163.3000030517578,169.5500030517578,162.25,167.85000610351562,164.2661895751953,4847053
2020-08-13,168.3000030517578,169.5500030517578,165.25,166.14999389648438,162.6024627685547,2752515
2020-08-14,166.85000610351562,168.5,161.10000610351562,162.89999389648438,159.42185974121094,2715115
2020-08-17,163.5,166.8000030517578,162.3000030517578,164.3000030517578,160.79197692871094,2612002
2020-08-18,165.0,170.8000030517578,165.0,168.9499969482422,165.3426971435547,7020675
2020-08-19,170.8000030517578,171.9499969482422,165.8000030517578,166.3000030517578,162.74928283691406,4961938
2020-08-20,165.3000030517578,171.0,162.8000030517578,169.85000610351562,166.22349548339844,4360454
2020-08-21,170.39999389648438,173.5,168.89999389648438,170.6999969482422,167.05532836914062,4240011
2020-08-24,171.9499969482422,175.0,171.25,173.5,169.79554748535156,5927183
2020-08-25,174.3000030517578,175.0,168.9499969482422,171.0,167.3489227294922,4644941
2020-08-26,171.35000610351562,173.8000030517578,168.64999389648438,169.85000610351562,166.22349548339844,3009163
2020-08-27,172.0,175.10000610351562,170.3000030517578,174.35000610351562,170.62741088867188,4689731
2020-08-28,176.85000610351562,178.39999389648438,171.25,172.35000610351562,168.67010498046875,7727375
2020-08-31,174.0,174.14999389648438,162.0,164.0500030517578,160.5473175048828,4958890
2020-09-01,164.0,167.3000030517578,159.6999969482422,164.89999389648438,161.379150390625,3501268
2020-09-02,169.0,169.0,163.5,166.60000610351562,163.04287719726562,6203805
2020-09-03,168.3000030517578,169.3000030517578,164.35000610351562,164.8000030517578,161.2812957763672,3960714
2020-09-04,162.0,165.89999389648438,158.85000610351562,163.64999389648438,160.15585327148438,3946303
2020-09-07,164.10000610351562,164.64999389648438,159.0,161.25,157.80709838867188,4131586
2020-09-08,161.25,162.9499969482422,156.8000030517578,157.9499969482422,154.5775604248047,2446610
2020-09-09,155.0,157.6999969482422,153.60000610351562,155.75,152.42453002929688,2866861
2020-09-10,156.25,159.4499969482422,154.39999389648438,156.1999969482422,152.86492919921875,2442349
2020-09-11,156.89999389648438,157.9499969482422,154.3000030517578,155.64999389648438,152.32666015625,1997015
2020-09-14,156.64999389648438,162.39999389648438,156.39999389648438,160.25,156.82846069335938,5189534
2020-09-15,161.9499969482422,163.60000610351562,160.35000610351562,163.14999389648438,159.66651916503906,2784194
2020-09-16,163.35000610351562,167.39999389648438,162.5500030517578,166.10000610351562,162.5535430908203,5173272
2020-09-17,165.8000030517578,167.89999389648438,162.8000030517578,167.35000610351562,163.77685546875,2470217
2020-09-18,168.0,169.5,164.89999389648438,167.25,163.67898559570312,4100980
2020-09-21,166.89999389648438,166.89999389648438,157.1999969482422,159.85000610351562,156.43699645996094,3587763
2020-09-22,158.5500030517578,161.1999969482422,153.8000030517578,156.75,153.40318298339844,4811977
2020-09-23,157.0500030517578,159.1999969482422,155.64999389648438,157.4499969482422,154.08822631835938,4438852
2020-09-24,155.9499969482422,157.35000610351562,154.0500030517578,154.75,151.44589233398438,4518097
2020-09-25,156.0,164.8000030517578,154.1999969482422,161.10000610351562,157.66030883789062,5279318
2020-09-28,164.8000030517578,165.64999389648438,162.35000610351562,164.14999389648438,160.64517211914062,3494525
2020-09-29,164.0,167.39999389648438,163.5,164.25,160.7430419921875,4491722
2020-09-30,165.3000030517578,166.3000030517578,164.1999969482422,164.89999389648438,161.379150390625,2776885
2020-10-01,165.5500030517578,167.3000030517578,161.89999389648438,163.0,159.5197296142578,3159934
2020-10-05,164.6999969482422,168.85000610351562,162.75,166.0500030517578,162.50460815429688,4223272
2020-10-06,167.0,168.0,163.60000610351562,164.3000030517578,160.79197692871094,3519704
2020-10-07,164.0,165.35000610351562,162.10000610351562,163.8000030517578,160.3026580810547,2596065
2020-10-08,164.85000610351562,166.75,164.0,166.14999389648438,162.6024627685547,2215910
2020-10-09,166.0,167.5,162.8000030517578,164.35000610351562,160.84091186523438,1902977
2020-10-12,165.0,165.3000030517578,160.5,160.89999389648438,157.46456909179688,1409523
2020-10-13,159.89999389648438,164.9499969482422,158.75,160.64999389648438,157.2198944091797,3899739
2020-10-14,161.1999969482422,161.60000610351562,159.0500030517578,160.8000030517578,157.36671447753906,1848205
2020-10-15,160.8000030517578,162.75,155.5,156.4499969482422,153.1095733642578,1883014
2020-10-16,157.1999969482422,160.1999969482422,156.5,159.8000030517578,156.3880615234375,1374901
2020-10-19,160.0,161.75,158.60000610351562,158.9499969482422,155.55621337890625,1305810
2020-10-20,158.3000030517578,162.10000610351562,158.0,158.39999389648438,155.01795959472656,2145178
2020-10-21,159.75,160.0,156.14999389648438,157.39999389648438,154.03929138183594,2148075
2020-10-22,157.39999389648438,161.1999969482422,156.75,160.5500030517578,157.12203979492188,4067179
2020-10-23,161.5,163.35000610351562,159.25,162.0500030517578,158.59002685546875,4610201
2020-10-26,162.64999389648438,163.75,157.89999389648438,159.5500030517578,156.1433868408203,2754757
2020-10-27,159.35000610351562,163.8000030517578,158.0,162.35000610351562,158.8836212158203,3405539
2020-10-28,163.1999969482422,165.64999389648438,158.0500030517578,158.85000610351562,155.45834350585938,3577300
2020-10-29,157.3000030517578,159.1999969482422,155.0,157.0500030517578,153.69677734375,2172646
2020-10-30,157.0,159.4499969482422,155.5500030517578,159.0500030517578,155.65408325195312,3237382
2020-11-02,159.14999389648438,161.10000610351562,157.10000610351562,159.3000030517578,155.89874267578125,2498255
2020-11-03,160.0,162.0500030517578,159.6999969482422,160.14999389648438,156.73057556152344,1635003
2020-11-04,160.14999389648438,163.5,159.14999389648438,163.0,159.5197296142578,2222795
2020-11-05,164.1999969482422,164.1999969482422,162.0500030517578,163.0,159.5197296142578,2070046
2020-11-06,163.89999389648438,165.0,161.75,164.1999969482422,160.69410705566406,4067336
2020-11-09,165.0,168.25,164.25,166.25,162.70034790039062,5091308
2020-11-10,167.0,168.25,161.3000030517578,162.3000030517578,158.83468627929688,6032283
2020-11-11,163.5,166.6999969482422,162.6999969482422,163.5,160.00906372070312,5111531
2020-11-12,164.75,170.85000610351562,164.0,170.14999389648438,166.51705932617188,7049991
2020-11-13,171.8000030517578,171.8000030517578,167.10000610351562,168.75,165.14697265625,7556404
2020-11-14,170.39999389648438,170.75,169.0,169.39999389648438,165.7830810546875,699989
2020-11-17,170.0,172.0,169.5500030517578,170.35000610351562,166.71279907226562,4865825
2020-11-18,171.0,172.60000610351562,168.5500030517578,170.39999389648438,166.76171875,4726507
2020-11-19,170.0,172.89999389648438,167.4499969482422,170.3000030517578,166.6638641357422,4983326
2020-11-20,169.9499969482422,172.4499969482422,169.6999969482422,171.8000030517578,168.13185119628906,4851712
2020-11-23,173.60000610351562,175.5500030517578,173.0500030517578,173.9499969482422,170.23593139648438,5196865
2020-11-24,175.35000610351562,176.3000030517578,174.10000610351562,174.85000610351562,171.11672973632812,4733674
2020-11-25,175.64999389648438,176.14999389648438,170.8000030517578,171.35000610351562,167.6914520263672,3941535
2020-11-26,172.4499969482422,173.35000610351562,169.64999389648438,172.64999389648438,168.96368408203125,2622656
2020-11-27,173.0,186.39999389648438,173.0,184.85000610351562,180.90321350097656,17804926
2020-12-01,186.5,186.60000610351562,181.0,183.85000610351562,179.92457580566406,4505182
2020-12-02,184.39999389648438,188.89999389648438,180.9499969482422,183.6999969482422,179.77777099609375,6530456
2020-12-03,184.5,185.5,182.60000610351562,183.8000030517578,179.87564086914062,2988554
2020-12-04,184.5,188.89999389648438,184.25,186.85000610351562,182.8605194091797,4448959
2020-12-07,187.5500030517578,190.0500030517578,186.4499969482422,188.89999389648438,184.86672973632812,4528632
2020-12-08,189.85000610351562,195.0,187.1999969482422,191.85000610351562,187.75375366210938,8680509
2020-12-09,192.8000030517578,194.3000030517578,190.1999969482422,192.75,188.63453674316406,2973157
2020-12-10,191.5,194.25,189.5,191.3000030517578,187.2154998779297,3656662
2020-12-11,192.5,194.6999969482422,192.14999389648438,193.6999969482422,189.56423950195312,2773751
2020-12-14,194.60000610351562,196.85000610351562,192.1999969482422,193.64999389648438,189.5153045654297,2949100
2020-12-15,194.85000610351562,194.85000610351562,190.3000030517578,193.5500030517578,189.41746520996094,1955111
2020-12-16,194.10000610351562,197.4499969482422,192.39999389648438,192.9499969482422,188.83026123046875,5641085
2020-12-17,193.85000610351562,194.75,191.0,191.64999389648438,187.55801391601562,2376877
2020-12-18,191.9499969482422,192.9499969482422,188.0,190.35000610351562,186.28579711914062,3454583
2020-12-21,191.89999389648438,192.6999969482422,174.6999969482422,181.5500030517578,177.67367553710938,5123963
2020-12-22,181.0,185.3000030517578,175.0,184.3000030517578,180.36495971679688,3197395
2020-12-23,185.0,188.1999969482422,183.14999389648438,185.5,181.53933715820312,4222883
2020-12-24,186.85000610351562,188.39999389648438,183.0,183.39999389648438,179.48416137695312,3476114
2020-12-28,184.9499969482422,187.25,184.5500030517578,186.35000610351562,182.37118530273438,2166245
2020-12-29,187.64999389648438,193.14999389648438,184.10000610351562,191.35000610351562,187.26443481445312,6281707
2020-12-30,192.89999389648438,193.5,187.75,191.35000610351562,187.26443481445312,5451885
2020-12-31,192.35000610351562,193.25,190.5500030517578,191.25,187.16656494140625,2349260
2021-01-01,191.6999969482422,192.89999389648438,190.5,191.35000610351562,187.26443481445312,1675068
2021-01-04,192.35000610351562,197.75,190.89999389648438,196.35000610351562,192.1576690673828,4515388
2021-01-05,194.5500030517578,197.14999389648438,192.0,196.10000610351562,191.9130096435547,4858928
2021-01-06,196.10000610351562,198.25,191.4499969482422,193.8000030517578,189.662109375,4490658
2021-01-07,195.4499969482422,200.0,194.8000030517578,197.0500030517578,192.8427276611328,6214108
2021-01-08,199.0,201.8000030517578,196.0,198.35000610351562,194.11497497558594,5154775
2021-01-11,199.3000030517578,200.5,197.0500030517578,198.75,194.5064239501953,3839710
2021-01-12,198.0,208.0,197.89999389648438,204.3000030517578,199.93792724609375,10653636
2021-01-13,206.35000610351562,209.1999969482422,197.3000030517578,200.9499969482422,196.65945434570312,9169117
2021-01-14,201.6999969482422,203.8000030517578,200.6999969482422,202.9499969482422,198.6167449951172,3673461
2021-01-15,203.14999389648438,205.3000030517578,196.64999389648438,200.3000030517578,196.02333068847656,4877811
2021-01-18,200.3000030517578,200.64999389648438,190.39999389648438,194.64999389648438,190.4939727783203,4354905
2021-01-19,195.0,199.89999389648438,195.0,199.3000030517578,195.044677734375,3033472
2021-01-20,199.8000030517578,201.25,197.5,200.25,195.97439575195312,4167752
2021-01-21,201.10000610351562,203.8000030517578,194.25,197.60000610351562,193.38099670410156,4911751
2021-01-22,199.39999389648438,206.89999389648438,198.0,200.64999389648438,196.36585998535156,9576684
2021-01-25,203.25,205.1999969482422,193.5,199.85000610351562,195.58294677734375,6505074
2021-01-27,200.0,203.0,195.39999389648438,196.85000610351562,192.64698791503906,4793940
2021-01-28,193.10000610351562,199.89999389648438,193.0,198.10000610351562,193.87030029296875,3611167
2021-01-29,199.8000030517578,202.60000610351562,191.0,193.5,189.3685302734375,9407143
2021-02-01,193.9499969482422,196.5,187.60000610351562,194.64999389648438,190.4939727783203,6695324
2021-02-02,196.8000030517578,203.0,196.25,201.39999389648438,197.09983825683594,6431888
2021-02-03,205.0,208.0,201.1999969482422,204.5,200.13365173339844,6646484
2021-02-04,203.4499969482422,209.0,201.25,203.35000610351562,200.97372436523438,8192955
2021-02-05,205.8000030517578,207.39999389648438,202.35000610351562,203.75,201.36904907226562,6370952
2021-02-08,205.39999389648438,216.75,204.75,214.5500030517578,212.0428466796875,22258443
2021-02-09,219.3000030517578,219.3000030517578,210.10000610351562,211.4499969482422,208.97906494140625,10043170
2021-02-10,211.5,215.5,209.60000610351562,214.5,211.99342346191406,6032319
2021-02-11,214.4499969482422,215.35000610351562,211.5500030517578,212.25,209.76971435546875,2946135
2021-02-12,213.0,214.1999969482422,210.0,211.35000610351562,208.88023376464844,3747506
2021-02-15,213.10000610351562,215.39999389648438,211.0,212.1999969482422,209.7202911376953,4469638
2021-02-16,213.5500030517578,214.39999389648438,208.0,211.39999389648438,208.9296417236328,5873370
2021-02-17,211.85000610351562,213.85000610351562,208.75,209.5,207.05184936523438,5801076
2021-02-18,210.8000030517578,212.4499969482422,209.4499969482422,210.1999969482422,207.74366760253906,3048834
2021-02-19,210.60000610351562,211.85000610351562,202.10000610351562,204.4499969482422,202.0608673095703,4968674
2021-02-22,205.0,206.1999969482422,199.64999389648438,202.39999389648438,200.03482055664062,4364072
2021-02-23,203.1999969482422,203.89999389648438,198.39999389648438,200.60000610351562,198.255859375,4185233
2021-02-24,201.0,204.9499969482422,200.60000610351562,203.60000610351562,201.22080993652344,2828990
2021-02-25,204.89999389648438,209.5500030517578,204.10000610351562,207.9499969482422,205.51995849609375,7262273
2021-02-26,205.35000610351562,207.89999389648438,201.0,202.6999969482422,200.33131408691406,4579338
2021-03-01,204.5,207.39999389648438,203.0,206.5500030517578,204.13632202148438,2612806
2021-03-02,207.5,210.6999969482422,206.8000030517578,208.75,206.3106231689453,4100709
2021-03-03,209.6999969482422,211.5500030517578,206.5,207.5,205.07522583007812,3869622
2021-03-04,205.39999389648438,211.10000610351562,205.0,209.3000030517578,206.85418701171875,2691080
2021-03-05,208.0,209.1999969482422,203.25,204.10000610351562,201.7149658203125,2267439
2021-03-08,205.75,208.39999389648438,204.0500030517578,204.89999389648438,202.50559997558594,2177268
2021-03-09,205.0500030517578,207.5,202.1999969482422,203.10000610351562,200.72665405273438,2192386
2021-03-10,204.60000610351562,206.10000610351562,202.25,202.8000030517578,200.43014526367188,3256102
2021-03-12,204.8000030517578,205.4499969482422,200.14999389648438,201.4499969482422,199.09591674804688,2732933
2021-03-15,203.0,203.0,197.0500030517578,199.8000030517578,197.4652099609375,2629524
2021-03-16,200.35000610351562,202.14999389648438,197.0,197.60000610351562,195.29092407226562,3585583
2021-03-17,197.60000610351562,198.8000030517578,191.39999389648438,192.5,190.25050354003906,2391934
2021-03-18,194.10000610351562,196.1999969482422,186.6999969482422,188.39999389648438,186.1984100341797,4997498
2021-03-19,186.5,188.8000030517578,182.5,187.1999969482422,185.01243591308594,5432982
2021-03-22,188.6999969482422,190.60000610351562,186.6999969482422,189.39999389648438,187.1867218017578,3211914
2021-03-23,190.3000030517578,191.0,188.64999389648438,189.5,187.2855682373047,2680926
2021-03-24,188.39999389648438,188.85000610351562,183.0,183.5500030517578,181.4051055908203,3062904
2021-03-25,183.5,186.14999389648438,180.0,181.10000610351562,178.98373413085938,6261296
2021-03-26,182.5,183.9499969482422,181.75,182.39999389648438,180.26852416992188,2622054
2021-03-30,183.8000030517578,186.85000610351562,182.85000610351562,186.1999969482422,184.0241241455078,3911551
2021-03-31,187.35000610351562,187.9499969482422,183.14999389648438,183.60000610351562,181.4545135498047,3376216
2021-04-01,185.25,186.3000030517578,184.10000610351562,185.8000030517578,183.62879943847656,2010308
2021-04-05,185.89999389648438,187.1999969482422,181.0,182.64999389648438,180.51560974121094,2897684
2021-04-06,183.35000610351562,184.8000030517578,181.60000610351562,183.60000610351562,181.4545135498047,2908664
2021-04-07,183.75,186.35000610351562,183.5,185.5500030517578,183.38172912597656,1713118
2021-04-08,186.4499969482422,189.1999969482422,185.89999389648438,186.3000030517578,184.12295532226562,3191739
2021-04-09,186.39999389648438,188.8000030517578,184.4499969482422,186.25,184.07354736328125,2371874
2021-04-12,183.5,185.0,175.10000610351562,176.3000030517578,174.2398223876953,3261485
2021-04-13,176.14999389648438,180.9499969482422,176.14999389648438,179.4499969482422,177.35299682617188,3152937
2021-04-15,179.39999389648438,180.3000030517578,176.64999389648438,177.64999389648438,175.57403564453125,2025026
2021-04-16,178.0,179.60000610351562,176.8000030517578,177.5,175.42579650878906,2012931
2021-04-19,175.0,175.8000030517578,171.1999969482422,173.0500030517578,171.02780151367188,1906605
2021-04-20,174.60000610351562,176.0,172.35000610351562,173.4499969482422,171.42311096191406,2491575
2021-04-22,173.14999389648438,173.4499969482422,171.0,171.85000610351562,169.84182739257812,3277108
2021-04-23,172.39999389648438,173.6999969482422,170.5500030517578,171.10000610351562,169.1005859375,2186092
2021-04-26,172.0,173.14999389648438,171.39999389648438,171.5500030517578,169.5453338623047,1618676
2021-04-27,172.35000610351562,174.39999389648438,171.75,173.10000610351562,171.07720947265625,2775865
2021-04-28,174.1999969482422,177.9499969482422,173.5500030517578,176.8000030517578,174.73397827148438,3861201
2021-04-29,180.5500030517578,181.64999389648438,176.60000610351562,178.1999969482422,176.11761474609375,6960805
2021-04-30,180.6999969482422,182.75,176.85000610351562,177.9499969482422,175.8705291748047,10121057
2021-05-03,178.1999969482422,184.8000030517578,177.25,181.6999969482422,179.5767059326172,6242566
2021-05-04,182.89999389648438,184.5,180.6999969482422,181.4499969482422,179.3296356201172,2650569
2021-05-05,182.6999969482422,183.60000610351562,181.0,182.8000030517578,180.6638641357422,1978863
2021-05-06,183.10000610351562,185.4499969482422,181.5500030517578,182.8000030517578,180.6638641357422,2630786
2021-05-07,183.85000610351562,184.1999969482422,182.60000610351562,183.39999389648438,181.2568359375,1546858
2021-05-10,184.5,185.9499969482422,184.0500030517578,185.5,183.33230590820312,2503815
2021-05-11,184.6999969482422,187.89999389648438,183.25,186.60000610351562,184.41946411132812,4795549
2021-05-12,187.5,190.5,182.35000610351562,186.35000610351562,184.17237854003906,7546070
2021-05-14,187.9499969482422,188.0,181.0,181.35000610351562,179.23080444335938,4040604
2021-05-17,182.6999969482422,184.4499969482422,181.0500030517578,183.85000610351562,181.70159912109375,2053442
2021-05-18,185.35000610351562,187.89999389648438,184.5,187.35000610351562,185.1606903076172,2552214
2021-05-19,186.85000610351562,189.35000610351562,186.14999389648438,187.25,185.06185913085938,4062013
2021-05-20,187.4499969482422,188.6999969482422,184.8000030517578,186.9499969482422,184.76536560058594,1979484
2021-05-21,187.0,188.5,186.60000610351562,187.14999389648438,184.96302795410156,2319581
2021-05-24,188.14999389648438,193.89999389648438,188.0,192.8000030517578,190.54701232910156,7700335
2021-05-25,194.64999389648438,194.64999389648438,189.60000610351562,190.4499969482422,188.22445678710938,7710553
2021-05-26,190.8000030517578,192.39999389648438,189.5,190.1999969482422,187.97738647460938,2782917
2021-05-27,190.5,190.60000610351562,187.0,188.85000610351562,186.64317321777344,4088755
2021-05-28,190.0,192.5,189.60000610351562,191.89999389648438,189.6575164794922,3112808
2021-05-31,192.75,193.85000610351562,190.5,191.3000030517578,189.0645294189453,2767356
2021-06-01,192.1999969482422,193.5,189.5,190.0,187.77972412109375,1877809
2021-06-02,189.89999389648438,193.5,189.64999389648438,193.14999389648438,190.89291381835938,1926692
2021-06-03,193.89999389648438,194.5500030517578,192.3000030517578,192.85000610351562,190.59642028808594,2430393
2021-06-04,193.0,194.75,192.1999969482422,193.5500030517578,191.28823852539062,2148874
2021-06-07,194.60000610351562,198.0,194.14999389648438,196.89999389648438,194.59909057617188,4779119
2021-06-08,197.39999389648438,199.0,194.75,196.6999969482422,194.40142822265625,2391301
2021-06-09,196.64999389648438,198.8000030517578,192.8000030517578,194.0,191.7329864501953,2811502
2021-06-10,195.3000030517578,196.1999969482422,189.35000610351562,192.25,190.00343322753906,4028906
2021-06-11,193.5,194.4499969482422,190.4499969482422,191.5500030517578,189.31161499023438,2552695
2021-06-14,192.35000610351562,192.60000610351562,188.10000610351562,191.1999969482422,188.9656982421875,1702331
2021-06-15,192.39999389648438,194.0,191.1999969482422,193.3000030517578,191.04116821289062,1636347
2021-06-16,193.25,193.64999389648438,190.14999389648438,191.0500030517578,188.8174591064453,1286459
2021-06-17,189.5,190.9499969482422,187.0,187.75,185.55601501464844,1679671
2021-06-18,188.0,189.3000030517578,181.85000610351562,184.89999389648438,182.73931884765625,3993617
2021-06-21,183.0,186.0,182.5,185.5,183.33230590820312,1668158
2021-06-22,186.8000030517578,187.8000030517578,185.1999969482422,185.85000610351562,183.67822265625,1489030
2021-06-23,186.6999969482422,186.8000030517578,184.3000030517578,184.6999969482422,182.54165649414062,1376747
2021-06-24,185.0,185.4499969482422,181.5,181.89999389648438,179.7743682861328,2248727
2021-06-25,182.4499969482422,183.85000610351562,182.35000610351562,182.75,180.61444091796875,1324865
2021-06-28,183.64999389648438,185.1999969482422,182.75,183.39999389648438,181.2568359375,2165084
2021-06-29,183.6999969482422,184.9499969482422,182.10000610351562,182.85000610351562,180.71328735351562,2005216
2021-06-30,183.1999969482422,184.10000610351562,181.60000610351562,182.35000610351562,180.21913146972656,1618074
2021-07-01,181.8000030517578,183.0,181.0500030517578,181.89999389648438,179.7743682861328,1372193
2021-07-02,182.75,183.64999389648438,181.9499969482422,182.4499969482422,180.3179473876953,1215475
2021-07-05,183.75,185.89999389648438,183.0,185.39999389648438,183.2334747314453,2509847
2021-07-06,186.3000030517578,186.6999969482422,182.5500030517578,182.9499969482422,180.81210327148438,2707620
2021-07-07,182.8000030517578,183.25,181.14999389648438,183.0500030517578,180.9109344482422,1365158
2021-07-08,183.4499969482422,185.75,182.35000610351562,183.5500030517578,181.4051055908203,2159101
2021-07-09,183.0,183.75,181.64999389648438,182.0500030517578,179.92262268066406,1974321
2021-07-12,183.0,184.8000030517578,182.6999969482422,183.25,181.1085968017578,1550319
2021-07-13,184.0,184.6999969482422,183.5500030517578,183.8000030517578,181.6521759033203,1060236
2021-07-14,184.9499969482422,185.0,183.35000610351562,184.14999389648438,181.99807739257812,1586551
2021-07-15,184.89999389648438,184.89999389648438,182.3000030517578,182.8000030517578,180.6638641357422,1289236
2021-07-16,183.39999389648438,184.6999969482422,182.39999389648438,184.0500030517578,181.89926147460938,1211833
2021-07-19,183.75,183.75,181.14999389648438,181.6999969482422,179.5767059326172,1574923
2021-07-20,181.6999969482422,182.39999389648438,178.0500030517578,178.35000610351562,176.265869140625,1776573
2021-07-22,178.64999389648438,180.60000610351562,178.64999389648438,179.1999969482422,177.10592651367188,1503764
2021-07-23,179.25,180.35000610351562,178.3000030517578,178.6999969482422,176.6117706298828,1343616
2021-07-26,178.39999389648438,179.60000610351562,178.0,178.1999969482422,176.11761474609375,1308150
2021-07-27,178.64999389648438,179.39999389648438,176.0500030517578,177.39999389648438,175.3269500732422,1636531
2021-07-28,177.89999389648438,177.89999389648438,174.64999389648438,176.5,174.43748474121094,1767548
2021-07-29,177.3000030517578,177.8000030517578,174.0,174.1999969482422,172.1643524169922,2412829
2021-07-30,174.85000610351562,181.0,174.60000610351562,178.64999389648438,176.56234741210938,6657246
2021-08-02,180.35000610351562,180.4499969482422,175.60000610351562,176.0,173.94332885742188,3602785
2021-08-03,176.0500030517578,176.75,172.25,173.0,170.97837829589844,5296410
2021-08-04,173.89999389648438,175.39999389648438,172.3000030517578,172.85000610351562,170.83013916015625,3691188
2021-08-05,173.25,173.4499969482422,170.5,171.75,169.74298095703125,3560262
2021-08-06,172.8000030517578,173.39999389648438,171.60000610351562,171.9499969482422,169.94064331054688,3031599
2021-08-09,172.85000610351562,173.10000610351562,168.0,168.89999389648438,166.92628479003906,4379009
2021-08-10,169.6999969482422,170.6999969482422,165.0,167.1999969482422,165.24615478515625,4220594
2021-08-11,167.89999389648438,169.64999389648438,165.0,169.14999389648438,167.17337036132812,3739732
2021-08-12,169.85000610351562,170.8000030517578,167.5,167.8000030517578,165.83914184570312,3867000
2021-08-13,168.6999969482422,169.60000610351562,165.5,166.25,164.3072509765625,4625321
2021-08-16,166.25,166.9499969482422,163.3000030517578,163.64999389648438,161.73764038085938,2535137
2021-08-17,164.1999969482422,164.64999389648438,161.60000610351562,163.25,161.34231567382812,2258222
2021-08-18,163.8000030517578,164.6999969482422,162.60000610351562,162.9499969482422,161.0458221435547,1824304
2021-08-20,162.5,162.9499969482422,159.64999389648438,160.25,158.3773651123047,2397546
2021-08-23,161.0500030517578,161.39999389648438,156.89999389648438,158.39999389648438,156.54898071289062,2467456
2021-08-24,158.39999389648438,159.64999389648438,157.39999389648438,159.35000610351562,157.48789978027344,3252052
2021-08-25,159.5,162.10000610351562,159.39999389648438,159.8000030517578,157.93263244628906,2254224
2021-08-26,160.0,161.0,157.0500030517578,157.3000030517578,155.46185302734375,3605295
2021-08-27,157.35000610351562,158.25,156.75,157.60000610351562,155.7583465576172,3711746
2021-08-30,158.64999389648438,162.10000610351562,158.25,161.5500030517578,159.6621856689453,3186963
2021-08-31,163.0500030517578,163.39999389648438,160.0500030517578,161.14999389648438,159.266845703125,5277497
2021-09-01,163.0,171.0,162.8000030517578,170.0500030517578,168.06285095214844,14837295
2021-09-02,171.3000030517578,180.64999389648438,168.6999969482422,178.1999969482422,176.11761474609375,20433437
2021-09-03,196.0,204.89999389648438,187.39999389648438,189.64999389648438,187.43380737304688,69816375
2021-09-06,190.9499969482422,193.8000030517578,185.10000610351562,188.60000610351562,186.39608764648438,17396345
2021-09-07,188.5500030517578,189.4499969482422,185.5,185.85000610351562,183.67822265625,5365287
2021-09-08,185.6999969482422,186.0500030517578,181.14999389648438,183.0,180.8615264892578,6885166
2021-09-09,182.0,183.89999389648438,181.14999389648438,182.0,179.8732147216797,4026580
2021-09-13,181.5,186.5500030517578,180.1999969482422,184.0500030517578,181.89926147460938,7397544
2021-09-14,184.1999969482422,185.14999389648438,182.0,182.60000610351562,180.46620178222656,4346188
2021-09-15,183.0,184.35000610351562,182.10000610351562,182.9499969482422,180.81210327148438,2900652
2021-09-16,183.1999969482422,184.25,182.0,182.85000610351562,180.71328735351562,4019858
2021-09-17,183.6999969482422,185.60000610351562,181.75,184.4499969482422,182.29457092285156,5738336
2021-09-20,183.39999389648438,186.0,178.5500030517578,180.10000610351562,177.99542236328125,4784908
2021-09-21,180.1999969482422,180.6999969482422,175.0,178.39999389648438,176.31527709960938,6620417
2021-09-22,179.10000610351562,184.0,178.9499969482422,182.5,180.36737060546875,7150556
2021-09-23,183.75,184.1999969482422,181.1999969482422,181.75,179.62612915039062,3922989
2021-09-24,182.4499969482422,183.14999389648438,178.3000030517578,179.1999969482422,177.10592651367188,3783855
2021-09-27,179.9499969482422,183.35000610351562,177.8000030517578,181.8000030517578,179.67555236816406,6448136
2021-09-28,182.8000030517578,182.9499969482422,178.85000610351562,179.89999389648438,177.79774475097656,5269029
2021-09-29,178.0,182.35000610351562,178.0,180.39999389648438,178.29190063476562,3367588
2021-09-30,180.39999389648438,181.25,178.0,178.25,176.16702270507812,4130332
2021-10-01,177.8000030517578,179.64999389648438,177.1999969482422,178.85000610351562,176.76002502441406,4047642
2021-10-04,179.85000610351562,180.8000030517578,179.3000030517578,179.9499969482422,177.84716796875,2402383
2021-10-05,179.9499969482422,182.39999389648438,179.5,181.0,178.8848876953125,3222499
2021-10-06,181.25,183.39999389648438,179.0500030517578,179.35000610351562,177.25418090820312,3689780
2021-10-07,180.75,185.8000030517578,180.3000030517578,184.1999969482422,182.04750061035156,7475317
2021-10-08,185.89999389648438,186.25,183.14999389648438,184.8000030517578,182.64048767089844,4111743
2021-10-11,185.5,191.89999389648438,185.14999389648438,187.0500030517578,184.86419677734375,8029110
2021-10-12,187.8000030517578,189.64999389648438,186.14999389648438,187.8000030517578,185.60543823242188,3765022
2021-10-13,189.35000610351562,190.3000030517578,187.0,187.5500030517578,185.3583526611328,3841797
2021-10-14,188.6999969482422,188.89999389648438,185.5,186.0,183.8264617919922,2470951
2021-10-18,186.89999389648438,189.8000030517578,184.35000610351562,185.64999389648438,183.4805450439453,4051381
2021-10-19,186.1999969482422,187.9499969482422,182.3000030517578,183.10000610351562,180.96035766601562,3508507
2021-10-20,182.6999969482422,182.89999389648438,179.10000610351562,180.39999389648438,178.29190063476562,2860193
2021-10-21,181.85000610351562,182.89999389648438,179.5,182.0,179.8732147216797,3340478
2021-10-22,182.60000610351562,183.25,177.85000610351562,178.64999389648438,176.56234741210938,2636902
2021-10-25,179.0,179.39999389648438,174.0500030517578,175.60000610351562,173.54800415039062,2654458
2021-10-26,175.60000610351562,177.35000610351562,174.1999969482422,176.64999389648438,174.58572387695312,2212467
2021-10-27,176.64999389648438,177.85000610351562,176.0,176.35000610351562,174.28924560546875,1684434
2021-10-28,176.0,176.4499969482422,171.5,172.0,169.9900665283203,2962063
2021-10-29,171.60000610351562,175.0,170.1999969482422,172.89999389648438,170.87954711914062,2423945
2021-11-01,173.6999969482422,179.39999389648438,173.60000610351562,178.60000610351562,176.512939453125,3211730
2021-11-02,179.6999969482422,180.75,178.0500030517578,179.3000030517578,177.2047576904297,1907508
2021-11-03,180.0,181.39999389648438,177.3000030517578,178.5500030517578,176.46353149414062,1657817
2021-11-04,181.0,181.0,179.0,179.85000610351562,177.7483367919922,524840
2021-11-08,180.75,184.35000610351562,179.14999389648438,183.3000030517578,181.15802001953125,3401810
2021-11-09,184.0,184.89999389648438,182.64999389648438,184.0500030517578,181.89926147460938,1858894
2021-11-10,183.8000030517578,185.4499969482422,182.60000610351562,183.10000610351562,180.96035766601562,1698313
2021-11-11,182.89999389648438,183.39999389648438,180.75,181.1999969482422,179.08255004882812,1097769
2021-11-12,181.89999389648438,182.5500030517578,180.1999969482422,181.35000610351562,179.23080444335938,916199
2021-11-15,182.0500030517578,183.25,179.8000030517578,181.0500030517578,178.93431091308594,1399138
2021-11-16,181.0,183.4499969482422,179.85000610351562,180.5,178.39073181152344,1761037
2021-11-17,180.10000610351562,180.60000610351562,177.0500030517578,177.5,175.42579650878906,1546462
2021-11-18,177.10000610351562,178.5,174.6999969482422,176.0500030517578,173.99273681640625,2048271
2021-11-22,177.0,177.0,168.0,169.60000610351562,167.6181182861328,3629053
2021-11-23,169.25,172.6999969482422,167.60000610351562,171.5500030517578,169.5453338623047,2592639
2021-11-24,172.75,172.9499969482422,170.85000610351562,171.35000610351562,169.34767150878906,1232564
2021-11-25,171.35000610351562,171.75,168.60000610351562,170.10000610351562,168.11227416992188,1754515
2021-11-26,169.0,169.6999969482422,165.3000030517578,165.6999969482422,163.76368713378906,2462903
2021-11-29,165.0500030517578,165.39999389648438,160.25,163.6999969482422,161.78704833984375,2182798
2021-11-30,163.6999969482422,166.89999389648438,162.0,162.8000030517578,160.8975830078125,2039097
2021-12-01,164.8000030517578,164.8000030517578,162.0500030517578,163.14999389648438,161.2434844970703,1764098
2021-12-02,163.4499969482422,166.85000610351562,163.25,166.25,164.3072509765625,1671327
2021-12-03,167.0,168.0500030517578,164.6999969482422,164.9499969482422,163.02244567871094,1580224
2021-12-06,165.8000030517578,165.8000030517578,162.0,162.4499969482422,160.55166625976562,1618586
2021-12-07,163.0,165.0500030517578,163.0,164.4499969482422,162.52828979492188,1304132
2021-12-08,165.1999969482422,167.6999969482422,165.0,167.35000610351562,165.3944091796875,1334637
2021-12-09,168.0,168.89999389648438,166.5500030517578,168.39999389648438,166.43212890625,1348577
2021-12-10,168.39999389648438,170.0500030517578,167.39999389648438,168.6999969482422,166.72862243652344,1812899
2021-12-13,169.9499969482422,170.3000030517578,167.10000610351562,167.35000610351562,165.3944091796875,1910333
2021-12-14,167.10000610351562,168.64999389648438,165.85000610351562,167.64999389648438,165.69088745117188,1911493
2021-12-15,167.9499969482422,168.75,165.25,165.64999389648438,163.71426391601562,1425502
2021-12-16,166.0,166.64999389648438,162.4499969482422,162.9499969482422,161.0458221435547,1864609
2021-12-17,163.0,163.35000610351562,159.10000610351562,159.8000030517578,157.93263244628906,2380145
2021-12-20,159.39999389648438,159.39999389648438,152.60000610351562,155.25,153.43580627441406,2939176
2021-12-21,157.0,164.0500030517578,155.9499969482422,156.5,154.6711883544922,5336636
2021-12-22,158.89999389648438,161.0,158.0,159.0500030517578,157.19139099121094,2954029
2021-12-23,161.0,165.10000610351562,159.60000610351562,164.4499969482422,162.52828979492188,3354746
2021-12-24,165.25,165.25,162.0500030517578,162.60000610351562,160.69992065429688,2070644
2021-12-27,163.0,164.8000030517578,161.35000610351562,163.5500030517578,161.63880920410156,2651952
2021-12-28,164.75,168.85000610351562,164.0500030517578,168.4499969482422,166.48155212402344,3543245
2021-12-29,169.60000610351562,169.60000610351562,166.60000610351562,166.9499969482422,164.9990692138672,3160443
2021-12-30,166.9499969482422,167.0,164.64999389648438,165.14999389648438,163.22010803222656,1170693
2021-12-31,165.89999389648438,168.60000610351562,165.35000610351562,168.35000610351562,166.38272094726562,1337204
2022-01-03,170.0,172.0,169.0,170.35000610351562,168.35935974121094,3101370
2022-01-04,170.89999389648438,171.35000610351562,168.85000610351562,170.0500030517578,168.06285095214844,1309625
2022-01-05,170.25,172.39999389648438,169.39999389648438,170.5,168.50759887695312,1971454
2022-01-06,169.0,171.5,168.0500030517578,170.9499969482422,168.95233154296875,1715072
2022-01-07,172.0,172.14999389648438,169.25,169.64999389648438,167.6675262451172,1519215
2022-01-10,170.8000030517578,172.25,170.14999389648438,171.35000610351562,169.34767150878906,1950936
2022-01-11,171.5,171.9499969482422,169.8000030517578,170.1999969482422,168.21109008789062,1185761
2022-01-12,171.0,173.5,170.6999969482422,171.8000030517578,169.7924041748047,3155760
2022-01-13,172.4499969482422,172.9499969482422,170.89999389648438,172.0500030517578,170.03948974609375,2869085
2022-01-14,172.60000610351562,176.35000610351562,171.75,173.89999389648438,171.86785888671875,8464891
2022-01-17,176.9499969482422,184.0500030517578,175.5,182.5,180.36737060546875,13157000
2022-01-18,183.5,183.5,178.60000610351562,179.0,176.90826416015625,3441015
2022-01-19,178.85000610351562,181.0,177.4499969482422,179.9499969482422,177.84716796875,2136419
2022-01-20,179.35000610351562,181.3000030517578,177.0,177.6999969482422,175.6234588623047,1568836
2022-01-21,176.64999389648438,179.5,174.75,176.10000610351562,174.0421600341797,2181416
2022-01-24,175.9499969482422,177.5,170.3000030517578,173.0,170.97837829589844,2816377
2022-01-25,171.39999389648438,175.75,170.0500030517578,175.14999389648438,173.10325622558594,1910925
2022-01-27,174.0,176.85000610351562,171.75,173.64999389648438,171.6207733154297,3367347
2022-01-28,174.89999389648438,178.75,174.25,175.35000610351562,173.30091857910156,1915829
2022-01-31,178.85000610351562,181.3000030517578,171.64999389648438,173.64999389648438,171.6207733154297,7301500
2022-02-01,173.5500030517578,178.64999389648438,172.3000030517578,175.0500030517578,173.00442504882812,6892546
2022-02-02,177.1999969482422,177.60000610351562,174.5,175.0500030517578,173.00442504882812,2443235
2022-02-03,175.0500030517578,176.35000610351562,173.10000610351562,173.5500030517578,171.52195739746094,1537584
2022-02-04,174.3000030517578,175.3000030517578,170.5500030517578,171.14999389648438,169.14999389648438,3406622
2022-02-07,170.5,171.14999389648438,166.5,167.0,167.0,3368057
2022-02-08,168.3000030517578,169.25,165.25,166.5500030517578,166.5500030517578,3906146
2022-02-09,167.39999389648438,168.0,166.39999389648438,167.25,167.25,2270689
2022-02-10,167.6999969482422,167.75,165.6999969482422,166.3000030517578,166.3000030517578,2019215
2022-02-11,165.5500030517578,166.60000610351562,163.14999389648438,163.75,163.75,2377545
2022-02-14,161.10000610351562,161.89999389648438,155.60000610351562,156.1999969482422,156.1999969482422,3533761
2022-02-15,157.89999389648438,159.9499969482422,154.6999969482422,159.4499969482422,159.4499969482422,3987927
2022-02-16,160.4499969482422,161.6999969482422,159.0500030517578,159.5,159.5,1690833
2022-02-17,160.35000610351562,160.75,157.60000610351562,158.0500030517578,158.0500030517578,1243004
2022-02-18,157.3000030517578,158.75,156.10000610351562,156.4499969482422,156.4499969482422,1432065
2022-02-21,156.0,156.3000030517578,154.0,154.25,154.25,1531378
2022-02-22,152.1999969482422,152.3000030517578,146.0,151.10000610351562,151.10000610351562,2522328
2022-02-23,152.5,154.10000610351562,152.4499969482422,152.9499969482422,152.9499969482422,1875620
2022-02-24,147.0,149.9499969482422,140.5,141.39999389648438,141.39999389648438,4633642
2022-02-25,144.89999389648438,149.39999389648438,144.1999969482422,149.0,149.0,2338779
2022-02-28,148.3000030517578,149.75,146.5500030517578,149.0500030517578,149.0500030517578,1821075
2022-03-02,149.0500030517578,150.3000030517578,147.0500030517578,148.39999389648438,148.39999389648438,1947892
2022-03-03,150.89999389648438,150.9499969482422,147.8000030517578,148.35000610351562,148.35000610351562,1795477
2022-03-04,148.0,148.0,144.5500030517578,144.89999389648438,144.89999389648438,2448993
2022-03-07,143.89999389648438,143.89999389648438,139.3000030517578,141.3000030517578,141.3000030517578,3048239
2022-03-08,139.9499969482422,145.5,139.5,145.0,145.0,1964741
2022-03-09,146.4499969482422,148.64999389648438,144.6999969482422,147.9499969482422,147.9499969482422,1705458
2022-03-10,150.9499969482422,153.75,150.25,151.1999969482422,151.1999969482422,2753399
2022-03-11,152.64999389648438,156.35000610351562,152.25,153.64999389648438,153.64999389648438,4255136
2022-03-14,154.35000610351562,155.0,152.0500030517578,154.64999389648438,154.64999389648438,1586858
2022-03-15,155.0,156.60000610351562,152.6999969482422,154.0,154.0,2121787
2022-03-16,155.89999389648438,157.25,155.35000610351562,156.3000030517578,156.3000030517578,1643101
2022-03-17,158.89999389648438,158.89999389648438,155.25,156.3000030517578,156.3000030517578,2197416
2022-03-21,158.5,158.5,154.25,154.85000610351562,154.85000610351562,2357568
2022-03-22,154.5,155.5,152.8000030517578,154.85000610351562,154.85000610351562,1458193
2022-03-23,155.10000610351562,156.4499969482422,154.0,154.4499969482422,154.4499969482422,2597898
2022-03-24,154.0,155.64999389648438,153.5,154.1999969482422,154.1999969482422,1288337
2022-03-25,156.9499969482422,156.9499969482422,153.0,153.4499969482422,153.4499969482422,3175129
2022-03-28,153.25,154.35000610351562,150.4499969482422,151.85000610351562,151.85000610351562,2231228
2022-03-29,152.1999969482422,153.5500030517578,151.1999969482422,151.4499969482422,151.4499969482422,3796038
2022-03-30,152.8000030517578,154.0,151.89999389648438,152.5,152.5,2040777
2022-03-31,153.5500030517578,153.5500030517578,150.8000030517578,151.10000610351562,151.10000610351562,2049867
2022-04-01,151.5,157.9499969482422,151.5,156.89999389648438,156.89999389648438,3801333
2022-04-04,158.1999969482422,159.5,157.3000030517578,158.9499969482422,158.9499969482422,3022655
2022-04-05,159.9499969482422,160.8000030517578,159.5,159.75,159.75,2140968
2022-04-06,159.1999969482422,160.6999969482422,158.5,159.25,159.25,1863123
2022-04-07,159.89999389648438,162.25,159.10000610351562,160.35000610351562,160.35000610351562,2314220
2022-04-08,161.4499969482422,162.8000030517578,160.35000610351562,162.0500030517578,162.0500030517578,2085265
2022-04-11,162.0500030517578,162.64999389648438,160.60000610351562,160.85000610351562,160.85000610351562,1549324
2022-04-12,160.75,160.75,155.6999969482422,156.39999389648438,156.39999389648438,2247249
2022-04-13,157.4499969482422,157.64999389648438,156.0,156.9499969482422,156.9499969482422,1588239
2022-04-18,156.9499969482422,156.9499969482422,153.4499969482422,154.9499969482422,154.9499969482422,1526215
2022-04-19,155.75,157.0,151.25,152.6999969482422,152.6999969482422,1451744
2022-04-20,153.89999389648438,155.25,152.8000030517578,154.5,154.5,1761163
2022-04-21,155.35000610351562,156.8000030517578,155.0,156.4499969482422,156.4499969482422,1531942
2022-04-22,155.60000610351562,157.75,155.1999969482422,156.39999389648438,156.39999389648438,1362397
2022-04-25,154.9499969482422,155.4499969482422,151.1999969482422,151.60000610351562,151.60000610351562,1982241
2022-04-26,153.39999389648438,154.8000030517578,152.60000610351562,154.3000030517578,154.3000030517578,1605289
2022-04-27,153.0,155.1999969482422,151.6999969482422,152.85000610351562,152.85000610351562,1613361
2022-04-28,153.4499969482422,154.0,152.85000610351562,153.64999389648438,153.64999389648438,1116564
2022-04-29,154.39999389648438,155.1999969482422,153.0,153.1999969482422,153.1999969482422,1486323
2022-05-02,151.5,152.75,150.1999969482422,151.5500030517578,151.5500030517578,1460717
2022-05-04,153.89999389648438,156.39999389648438,151.25,152.3000030517578,152.3000030517578,2678850
2022-05-05,153.10000610351562,154.60000610351562,146.85000610351562,148.89999389648438,148.89999389648438,5813442
2022-05-06,148.0,148.0,144.3000030517578,146.25,146.25,3180288
2022-05-09,146.75,149.64999389648438,143.5,148.39999389648438,148.39999389648438,3986943
2022-05-10,148.75,149.9499969482422,145.5,145.6999969482422,145.6999969482422,1479316
2022-05-11,145.89999389648438,147.25,141.5,144.1999969482422,144.1999969482422,2268665
2022-05-12,144.10000610351562,144.10000610351562,139.5500030517578,141.0,141.0,2244896
2022-05-13,142.10000610351562,145.64999389648438,141.75,142.14999389648438,142.14999389648438,1910199
2022-05-16,142.4499969482422,143.9499969482422,141.75,142.9499969482422,142.9499969482422,1403248
2022-05-17,144.3000030517578,145.39999389648438,142.35000610351562,144.9499969482422,144.9499969482422,1986247
2022-05-18,145.89999389648438,146.6999969482422,144.0,144.75,144.75,1335082
2022-05-19,142.5,143.1999969482422,140.8000030517578,141.64999389648438,141.64999389648438,1771514
2022-05-20,142.64999389648438,144.5,142.64999389648438,144.10000610351562,144.10000610351562,1500335
2022-05-23,144.8000030517578,145.39999389648438,142.8000030517578,143.3000030517578,143.3000030517578,1583855
2022-05-24,143.0,143.89999389648438,140.0,140.9499969482422,140.9499969482422,1453667
2022-05-25,141.5,141.5,138.0,138.10000610351562,138.10000610351562,1731999
2022-05-26,138.3000030517578,143.25,135.39999389648438,142.60000610351562,142.60000610351562,3889470
2022-05-27,144.4499969482422,145.0500030517578,142.3000030517578,144.85000610351562,144.85000610351562,1579598
2022-05-30,146.0,148.10000610351562,145.39999389648438,147.5500030517578,147.5500030517578,1374867
2022-05-31,147.5,148.5,145.8000030517578,146.4499969482422,146.4499969482422,1801425
2022-06-01,146.5,148.1999969482422,146.25,147.14999389648438,147.14999389648438,926990
2022-06-02,146.60000610351562,147.5,146.35000610351562,147.3000030517578,147.3000030517578,626338
2022-06-03,148.5,148.5500030517578,146.75,147.3000030517578,147.3000030517578,1232890
2022-06-06,147.8000030517578,147.8000030517578,144.5500030517578,146.5500030517578,146.5500030517578,910292
2022-06-07,146.0,149.1999969482422,145.39999389648438,148.25,148.25,1457374
2022-06-08,148.64999389648438,150.5,145.6999969482422,148.3000030517578,148.3000030517578,2186311
2022-06-09,147.64999389648438,148.6999969482422,147.0,147.85000610351562,147.85000610351562,698093
2022-06-10,146.5,147.85000610351562,145.85000610351562,146.8000030517578,146.8000030517578,1141617
2022-06-13,145.0,145.10000610351562,140.8000030517578,141.0500030517578,141.0500030517578,1517156
2022-06-14,140.0,142.75,139.5500030517578,140.25,140.25,1069176
2022-06-15,140.8000030517578,141.8000030517578,140.0,141.1999969482422,141.1999969482422,650646
2022-06-16,142.0,143.10000610351562,138.0,138.39999389648438,138.39999389648438,1197543
2022-06-17,138.25,139.25,135.39999389648438,136.10000610351562,136.10000610351562,1400057
2022-06-20,136.64999389648438,137.60000610351562,130.25,131.85000610351562,131.85000610351562,1961598
2022-06-21,132.5500030517578,136.89999389648438,131.75,136.39999389648438,136.39999389648438,1958388
2022-06-22,136.8000030517578,136.8000030517578,133.8000030517578,134.35000610351562,134.35000610351562,1244161
2022-06-23,134.5,136.64999389648438,133.60000610351562,136.1999969482422,136.1999969482422,1601047
2022-06-24,136.89999389648438,138.0500030517578,135.60000610351562,137.10000610351562,137.10000610351562,1990508
2022-06-27,138.75,140.0,137.3000030517578,139.0500030517578,139.0500030517578,1989026
2022-06-28,138.8000030517578,140.5,137.0500030517578,140.25,140.25,1437947
2022-06-29,138.9499969482422,140.39999389648438,138.25,139.35000610351562,139.35000610351562,887864
2022-06-30,139.35000610351562,141.25,137.3000030517578,137.8000030517578,137.8000030517578,1178214
2022-07-01,137.5,141.9499969482422,136.8000030517578,141.39999389648438,141.39999389648438,854228
2022-07-04,141.8000030517578,143.0,141.0,142.8000030517578,142.8000030517578,677338
2022-07-05,143.5,144.8000030517578,140.1999969482422,140.75,140.75,1351442
2022-07-06,140.8000030517578,142.35000610351562,140.4499969482422,141.8000030517578,141.8000030517578,776610
2022-07-07,142.8000030517578,145.0500030517578,142.25,144.75,144.75,1772418
2022-07-08,146.1999969482422,146.6999969482422,144.1999969482422,145.14999389648438,145.14999389648438,938157
2022-07-11,144.0500030517578,152.5,143.8000030517578,151.6999969482422,151.6999969482422,4301660
2022-07-12,151.6999969482422,152.75,150.0500030517578,151.3000030517578,151.3000030517578,2035898
2022-07-13,151.5500030517578,152.5500030517578,149.5500030517578,150.35000610351562,150.35000610351562,1110565
2022-07-14,150.0,151.0500030517578,147.39999389648438,148.8000030517578,148.8000030517578,1426001
2022-07-15,149.0500030517578,150.6999969482422,148.10000610351562,149.4499969482422,149.4499969482422,1093784
2022-07-18,150.0,150.5,148.75,149.3000030517578,149.3000030517578,1340864
2022-07-19,149.10000610351562,152.0,149.10000610351562,150.64999389648438,150.64999389648438,1642861
2022-07-20,151.75,152.0,149.60000610351562,150.35000610351562,150.35000610351562,1109024
2022-07-21,150.39999389648438,152.85000610351562,149.35000610351562,152.0,152.0,1648004
2022-07-22,153.0,153.10000610351562,150.3000030517578,150.85000610351562,150.85000610351562,1087730
2022-07-25,151.60000610351562,151.89999389648438,149.75,150.8000030517578,150.8000030517578,1257932
2022-07-26,150.1999969482422,151.9499969482422,149.4499969482422,150.10000610351562,150.10000610351562,1236041
2022-07-27,150.0,157.0,150.0,156.10000610351562,156.10000610351562,6150245
2022-07-28,157.0,158.0,154.9499969482422,156.0,156.0,2844227
2022-07-29,156.5,161.64999389648438,156.1999969482422,158.5,158.5,10515406
2022-08-01,160.8000030517578,161.89999389648438,157.10000610351562,158.1999969482422,158.1999969482422,4905156
2022-08-02,158.0,158.9499969482422,154.6999969482422,158.25,158.25,2030331
2022-08-03,158.25,158.4499969482422,155.6999969482422,157.39999389648438,157.39999389648438,1786056
2022-08-04,157.0,158.1999969482422,154.14999389648438,156.5,156.5,1955013
2022-08-05,156.5,158.1999969482422,156.0500030517578,156.39999389648438,156.39999389648438,1354483
2022-08-08,156.60000610351562,158.5,155.85000610351562,158.0,158.0,2590856
2022-08-10,158.0,158.60000610351562,156.3000030517578,157.0500030517578,157.0500030517578,1192483
2022-08-11,158.5,160.89999389648438,157.5,159.14999389648438,159.14999389648438,2389107
2022-08-12,159.8000030517578,160.60000610351562,158.89999389648438,159.1999969482422,159.1999969482422,1969282
2022-08-16,160.0,165.39999389648438,159.5,164.25,164.25,6168706
2022-08-17,164.9499969482422,165.5,162.75,163.25,163.25,2549675
2022-08-18,163.8000030517578,164.64999389648438,162.5,164.1999969482422,164.1999969482422,1881569
2022-08-19,164.1999969482422,164.4499969482422,159.0,160.1999969482422,160.1999969482422,2439965
2022-08-22,159.0,159.5,153.64999389648438,154.3000030517578,154.3000030517578,2795140
2022-08-23,153.1999969482422,156.64999389648438,152.89999389648438,156.3000030517578,156.3000030517578,1308903
2022-08-24,156.3000030517578,158.10000610351562,155.4499969482422,157.8000030517578,157.8000030517578,1147919
2022-08-25,158.64999389648438,159.9499969482422,157.60000610351562,158.0500030517578,158.0500030517578,1544589
2022-08-26,158.64999389648438,162.25,158.64999389648438,160.89999389648438,160.89999389648438,2531421
2022-08-29,156.5,160.85000610351562,156.3000030517578,159.6999969482422,159.6999969482422,1543185
2022-08-30,160.3000030517578,161.5,159.64999389648438,160.5500030517578,160.5500030517578,1358768
2022-09-01,159.39999389648438,160.5500030517578,157.5,159.75,159.75,1819043
2022-09-02,159.75,161.1999969482422,158.0,159.39999389648438,159.39999389648438,1977138
2022-09-05,160.0,173.39999389648438,159.64999389648438,172.39999389648438,172.39999389648438,20519525
2022-09-06,173.8000030517578,175.8000030517578,171.6999969482422,173.9499969482422,173.9499969482422,8585867
2022-09-07,172.0,174.75,170.25,171.14999389648438,171.14999389648438,4075337
2022-09-08,172.39999389648438,173.8000030517578,168.6999969482422,169.8000030517578,169.8000030517578,2519858
2022-09-09,170.4499969482422,173.5500030517578,169.89999389648438,171.1999969482422,171.1999969482422,3878081
2022-09-12,172.6999969482422,176.4499969482422,171.60000610351562,174.35000610351562,174.35000610351562,4462912
2022-09-13,175.6999969482422,176.8000030517578,174.4499969482422,175.4499969482422,175.4499969482422,3088176
2022-09-14,171.1999969482422,175.0,171.14999389648438,173.10000610351562,173.10000610351562,3827679
2022-09-15,173.4499969482422,174.5,170.85000610351562,173.4499969482422,173.4499969482422,3185362
2022-09-16,173.8000030517578,174.25,166.6999969482422,167.39999389648438,167.39999389648438,5517575
2022-09-19,167.39999389648438,168.3000030517578,164.39999389648438,165.5,165.5,2473225
2022-09-20,166.75,169.5500030517578,166.0500030517578,166.39999389648438,166.39999389648438,2246675
2022-09-21,166.10000610351562,167.4499969482422,162.0,162.8000030517578,162.8000030517578,2917909
2022-09-22,162.3000030517578,163.9499969482422,159.64999389648438,161.0500030517578,161.0500030517578,2491845
2022-09-23,162.0,162.5,157.8000030517578,158.35000610351562,158.35000610351562,2468501
2022-09-26,158.0,158.4499969482422,152.6999969482422,154.5,154.5,2521787
2022-09-27,155.0500030517578,158.5,153.0,157.39999389648438,157.39999389648438,3745978
2022-09-28,156.75,157.39999389648438,154.8000030517578,155.8000030517578,155.8000030517578,2993689
2022-09-29,157.0,157.5500030517578,153.5500030517578,154.5,154.5,2500303
2022-09-30,154.0500030517578,157.64999389648438,154.0,156.9499969482422,156.9499969482422,1601745
2022-10-03,156.89999389648438,157.6999969482422,153.1999969482422,153.6999969482422,153.6999969482422,1772744
2022-10-04,155.89999389648438,157.25,155.25,156.5,156.5,1662915
2022-10-06,159.64999389648438,160.1999969482422,157.25,157.6999969482422,157.6999969482422,2254876
2022-10-07,157.8000030517578,158.3000030517578,156.0500030517578,157.1999969482422,157.1999969482422,1987207
2022-10-10,157.1999969482422,157.60000610351562,154.35000610351562,156.9499969482422,156.9499969482422,1682424
2022-10-11,157.35000610351562,157.35000610351562,153.85000610351562,154.25,154.25,1129277
2022-10-12,154.9499969482422,156.0500030517578,152.75,155.6999969482422,155.6999969482422,1640059
2022-10-13,155.9499969482422,156.9499969482422,153.35000610351562,155.14999389648438,155.14999389648438,1623608
2022-10-14,157.14999389648438,158.5,153.9499969482422,154.25,154.25,1244166
2022-10-17,154.5,155.64999389648438,153.10000610351562,154.6999969482422,154.6999969482422,1060022
2022-10-18,155.75,156.39999389648438,154.64999389648438,155.6999969482422,155.6999969482422,981337
2022-10-19,155.6999969482422,157.89999389648438,154.9499969482422,155.8000030517578,155.8000030517578,1714101
2022-10-20,155.75,157.3000030517578,154.5500030517578,157.0,157.0,1195631
2022-10-21,158.10000610351562,161.5,157.5500030517578,159.0,159.0,2732131
2022-10-24,162.0,162.0,159.0,159.8000030517578,159.8000030517578,511234
2022-10-25,160.0,166.10000610351562,159.25,164.14999389648438,164.14999389648438,2989594
2022-10-27,164.25,166.8000030517578,162.6999969482422,166.4499969482422,166.4499969482422,2659836
2022-10-28,167.0,167.5,163.89999389648438,165.10000610351562,165.10000610351562,1730490
2022-10-31,165.25,166.85000610351562,165.25,165.75,165.75,1327747
2022-11-01,166.0,166.89999389648438,164.6999969482422,166.0500030517578,166.0500030517578,1257707
2022-11-02,166.0,166.5,164.64999389648438,165.25,165.25,1310601
2022-11-03,164.0500030517578,166.3000030517578,163.75,164.85000610351562,164.85000610351562,1013714
2022-11-04,167.5,177.75,167.5,175.5500030517578,175.5500030517578,18321325
2022-11-07,176.5,179.14999389648438,174.5,176.89999389648438,176.89999389648438,5805787
2022-11-09,176.89999389648438,177.14999389648438,173.0500030517578,174.5500030517578,174.5500030517578,3403993
2022-11-10,173.9499969482422,178.5,173.60000610351562,176.14999389648438,176.14999389648438,4294982
2022-11-11,177.5,178.85000610351562,168.75,170.85000610351562,170.85000610351562,8841054
2022-11-14,171.89999389648438,180.0,170.64999389648438,179.3000030517578,179.3000030517578,9130844
2022-11-15,180.39999389648438,184.9499969482422,178.0500030517578,181.85000610351562,181.85000610351562,9044124
2022-11-16,181.9499969482422,184.5,179.8000030517578,182.14999389648438,182.14999389648438,5716223
2022-11-17,182.6999969482422,187.1999969482422,182.0,186.6999969482422,186.6999969482422,9337439
2022-11-18,187.0,188.0,183.5,184.25,184.25,4832127
2022-11-21,184.25,184.85000610351562,181.14999389648438,182.5,182.5,3117750
2022-11-22,182.39999389648438,183.35000610351562,181.39999389648438,181.9499969482422,181.9499969482422,2545415
2022-11-23,182.14999389648438,184.14999389648438,181.25,182.6999969482422,182.6999969482422,3620927
2022-11-24,183.10000610351562,183.5,180.1999969482422,181.85000610351562,181.85000610351562,2180968
2022-11-25,181.8000030517578,186.64999389648438,181.6999969482422,185.5500030517578,185.5500030517578,4220729
2022-11-28,185.89999389648438,188.39999389648438,184.14999389648438,185.6999969482422,185.6999969482422,3076130
2022-11-29,185.6999969482422,187.1999969482422,184.14999389648438,185.89999389648438,185.89999389648438,2820098
2022-11-30,186.0,190.35000610351562,185.5500030517578,188.85000610351562,188.85000610351562,5349195
2022-12-01,189.14999389648438,190.14999389648438,187.10000610351562,188.25,188.25,3046514
2022-12-02,187.35000610351562,191.5,187.3000030517578,190.60000610351562,190.60000610351562,5571324
2022-12-05,191.14999389648438,192.4499969482422,189.0500030517578,191.60000610351562,191.60000610351562,4492358
2022-12-06,190.5500030517578,192.1999969482422,190.5500030517578,191.64999389648438,191.64999389648438,2496415
2022-12-07,191.64999389648438,192.6999969482422,189.25,190.60000610351562,190.60000610351562,1797948
2022-12-08,190.0500030517578,193.64999389648438,190.0500030517578,193.0500030517578,193.0500030517578,2843937
2022-12-09,193.14999389648438,194.1999969482422,188.75,191.4499969482422,191.4499969482422,3610100
2022-12-12,191.5,191.75,189.0,191.1999969482422,191.1999969482422,2457058
2022-12-13,191.64999389648438,193.1999969482422,190.35000610351562,192.14999389648438,192.14999389648438,2148935
2022-12-14,192.3000030517578,193.35000610351562,191.0,192.0500030517578,192.0500030517578,2043083
2022-12-15,191.89999389648438,192.89999389648438,190.0,191.0500030517578,191.0500030517578,1737746
2022-12-16,189.89999389648438,191.4499969482422,186.6999969482422,189.5500030517578,189.5500030517578,2928687
2022-12-19,189.5,191.0,187.5500030517578,190.1999969482422,190.1999969482422,1527291
2022-12-20,190.39999389648438,191.35000610351562,187.60000610351562,190.5,190.5,1636538
2022-12-21,190.5500030517578,192.5500030517578,185.85000610351562,187.14999389648438,187.14999389648438,2430068
2022-12-22,187.1999969482422,188.6999969482422,182.60000610351562,183.89999389648438,183.89999389648438,2835248
2022-12-23,181.14999389648438,182.5,176.60000610351562,177.35000610351562,177.35000610351562,3412607
2022-12-26,177.10000610351562,181.6999969482422,174.85000610351562,180.6999969482422,180.6999969482422,2636180
2022-12-27,181.10000610351562,182.25,177.35000610351562,177.9499969482422,177.9499969482422,1821141
2022-12-28,178.6999969482422,178.6999969482422,175.8000030517578,177.89999389648438,177.89999389648438,1853427
2022-12-29,177.89999389648438,177.89999389648438,175.89999389648438,177.1999969482422,177.1999969482422,1694901
2022-12-30,178.0,181.8000030517578,177.9499969482422,180.25,180.25,2298320
2023-01-02,181.0,181.75,179.64999389648438,181.39999389648438,181.39999389648438,1333139
2023-01-03,182.0,183.0,179.5,180.89999389648438,180.89999389648438,1729484
2023-01-04,180.64999389648438,181.0500030517578,176.89999389648438,179.1999969482422,179.1999969482422,1956913
2023-01-05,179.25,181.5500030517578,178.5500030517578,180.60000610351562,180.60000610351562,1362043
2023-01-06,180.5,181.60000610351562,177.75,178.39999389648438,178.39999389648438,1453876
2023-01-09,179.0,181.35000610351562,178.8000030517578,180.8000030517578,180.8000030517578,1205955
2023-01-10,182.1999969482422,183.10000610351562,179.10000610351562,181.0,181.0,2079610
2023-01-11,181.10000610351562,184.3000030517578,181.10000610351562,183.0,183.0,1978023
2023-01-12,184.10000610351562,185.5,181.6999969482422,182.64999389648438,182.64999389648438,2496914
2023-01-13,182.8000030517578,184.0500030517578,181.5500030517578,183.0500030517578,183.0500030517578,1124171
2023-01-16,182.39999389648438,185.5,181.89999389648438,183.0500030517578,183.0500030517578,1761103
2023-01-17,182.35000610351562,184.60000610351562,182.35000610351562,184.25,184.25,2163936
2023-01-18,184.1999969482422,185.60000610351562,183.35000610351562,185.0,185.0,2053428
2023-01-19,183.89999389648438,191.35000610351562,183.39999389648438,189.5,189.5,6627616
2023-01-20,190.0500030517578,190.4499969482422,185.39999389648438,186.5,186.5,2166966
2023-01-23,186.89999389648438,188.0500030517578,182.75,184.25,184.25,2065686
2023-01-24,184.8000030517578,185.85000610351562,181.64999389648438,183.60000610351562,183.60000610351562,1022069
2023-01-25,183.75,183.9499969482422,180.0500030517578,182.1999969482422,182.1999969482422,1474814
2023-01-27,184.0,187.39999389648438,180.85000610351562,183.1999969482422,183.1999969482422,2867121
2023-01-30,182.75,184.64999389648438,173.0,176.4499969482422,176.4499969482422,5339429
2023-01-31,175.85000610351562,181.75,175.10000610351562,180.85000610351562,180.85000610351562,2968425
2023-02-01,181.8000030517578,188.85000610351562,178.89999389648438,182.4499969482422,182.4499969482422,6211267
2023-02-02,181.8000030517578,184.0,178.8000030517578,180.6999969482422,180.6999969482422,3120856
2023-02-03,181.0,182.4499969482422,177.0,180.1999969482422,180.1999969482422,2239237
2023-02-06,182.0,183.0,177.35000610351562,182.3000030517578,182.3000030517578,3756326
2023-02-07,182.1999969482422,182.89999389648438,177.3000030517578,177.75,177.75,3197394
2023-02-08,177.75,179.3000030517578,175.64999389648438,178.85000610351562,178.85000610351562,2279862
2023-02-09,178.8000030517578,180.25,178.10000610351562,179.75,179.75,933671
2023-02-10,179.5,181.9499969482422,178.0,179.85000610351562,179.85000610351562,2162651
2023-02-13,181.0,182.1999969482422,178.89999389648438,180.0,180.0,1839798
2023-02-14,180.0,181.8000030517578,178.64999389648438,181.1999969482422,181.1999969482422,1147212
2023-02-15,180.14999389648438,182.85000610351562,179.4499969482422,181.39999389648438,181.39999389648438,1191296
2023-02-16,181.1999969482422,182.75,181.14999389648438,181.89999389648438,181.89999389648438,1153174
2023-02-17,181.39999389648438,182.4499969482422,179.5500030517578,180.75,180.75,744768
2023-02-20,180.85000610351562,181.4499969482422,178.10000610351562,178.60000610351562,178.60000610351562,729089
2023-02-21,178.64999389648438,179.10000610351562,177.0,177.5,177.5,1282707
2023-02-22,177.14999389648438,177.3000030517578,173.0,173.64999389648438,173.64999389648438,1688416
2023-02-23,174.10000610351562,174.60000610351562,172.10000610351562,173.3000030517578,173.3000030517578,1262663
2023-02-24,173.85000610351562,176.0,172.3000030517578,175.64999389648438,175.64999389648438,2866351
2023-02-27,175.1999969482422,175.3000030517578,171.60000610351562,173.4499969482422,173.4499969482422,1136594
2023-02-28,173.1999969482422,176.75,172.10000610351562,175.35000610351562,175.35000610351562,4639642
2023-03-01,175.35000610351562,179.25,175.0500030517578,178.9499969482422,178.9499969482422,1291348
2023-03-02,178.64999389648438,181.0,176.9499969482422,179.75,179.75,1887952
2023-03-03,179.6999969482422,182.10000610351562,178.64999389648438,180.60000610351562,180.60000610351562,1646391
2023-03-06,180.9499969482422,183.0,180.60000610351562,182.39999389648438,182.39999389648438,1620666
2023-03-08,182.1999969482422,185.9499969482422,181.60000610351562,185.60000610351562,185.60000610351562,1486043
2023-03-09,185.60000610351562,187.39999389648438,183.64999389648438,184.89999389648438,184.89999389648438,2303023
2023-03-10,184.0,184.89999389648438,181.4499969482422,183.5,183.5,1169203
2023-03-13,183.3000030517578,183.85000610351562,177.60000610351562,178.8000030517578,178.8000030517578,1556073
2023-03-14,178.8000030517578,179.5500030517578,175.8000030517578,176.25,176.25,1046936
2023-03-15,177.9499969482422,178.4499969482422,176.5,177.5,177.5,1074376
2023-03-16,177.5,177.9499969482422,174.75,176.5500030517578,176.5500030517578,1284274
2023-03-17,177.1999969482422,179.5,177.1999969482422,178.6999969482422,178.6999969482422,1425543
2023-03-20,176.10000610351562,180.5,175.14999389648438,177.1999969482422,177.1999969482422,1187732
2023-03-21,177.60000610351562,178.3000030517578,176.75,177.6999969482422,177.6999969482422,662527
2023-03-22,177.6999969482422,180.3000030517578,177.3000030517578,177.85000610351562,177.85000610351562,740393
2023-03-23,177.8000030517578,180.85000610351562,176.4499969482422,177.14999389648438,177.14999389648438,1884192
2023-03-24,178.0,178.0,174.3000030517578,175.4499969482422,175.4499969482422,1138658
2023-03-27,175.5,175.75,172.0,172.5500030517578,172.5500030517578,937532
2023-03-28,172.5,173.8000030517578,170.5,173.14999389648438,173.14999389648438,1756017
2023-03-29,173.0,177.8000030517578,173.0,177.0500030517578,177.0500030517578,1807365
2023-03-31,177.1999969482422,180.1999969482422,177.0500030517578,177.9499969482422,177.9499969482422,1369199
2023-04-03,178.89999389648438,181.3000030517578,178.0500030517578,180.3000030517578,180.3000030517578,1467321
2023-04-05,180.0,181.39999389648438,178.4499969482422,180.6999969482422,180.6999969482422,1497560
2023-04-06,180.0,181.5,178.8000030517578,181.0500030517578,181.0500030517578,785051
2023-04-10,181.0500030517578,182.10000610351562,178.89999389648438,181.4499969482422,181.4499969482422,1156540
2023-04-11,181.5,185.8000030517578,181.14999389648438,184.9499969482422,184.9499969482422,3111608
2023-04-12,185.85000610351562,188.0500030517578,184.60000610351562,185.3000030517578,185.3000030517578,3454442
2023-04-13,185.3000030517578,186.5,182.3000030517578,185.39999389648438,185.39999389648438,1772508
2023-04-17,185.39999389648438,188.39999389648438,184.35000610351562,188.10000610351562,188.10000610351562,2576336
2023-04-18,188.39999389648438,189.89999389648438,186.4499969482422,186.89999389648438,186.89999389648438,1962729
2023-04-19,186.8000030517578,189.4499969482422,186.64999389648438,188.10000610351562,188.10000610351562,2717270
2023-04-20,188.35000610351562,188.6999969482422,186.0,188.0500030517578,188.0500030517578,1214781
2023-04-21,187.89999389648438,188.5,186.3000030517578,187.8000030517578,187.8000030517578,1229798
2023-04-24,187.8000030517578,189.64999389648438,187.0500030517578,188.39999389648438,188.39999389648438,1516858
2023-04-25,188.5,192.60000610351562,188.5,190.9499969482422,190.9499969482422,3175232
2023-04-26,190.9499969482422,193.35000610351562,190.8000030517578,192.25,192.25,2651365
2023-04-27,192.25,196.35000610351562,192.0,194.10000610351562,194.10000610351562,4174431
2023-04-28,194.8000030517578,196.35000610351562,194.35000610351562,195.85000610351562,195.85000610351562,1652708
2023-05-02,197.0,197.25,191.35000610351562,192.64999389648438,192.64999389648438,3312587
2023-05-03,192.5,193.5,186.0,192.85000610351562,192.85000610351562,1955862
2023-05-04,193.0,194.5,191.4499969482422,192.9499969482422,192.9499969482422,1359120
2023-05-05,192.60000610351562,193.85000610351562,186.10000610351562,187.0,187.0,3168051
2023-05-08,188.75,193.5500030517578,186.14999389648438,190.60000610351562,190.60000610351562,7010904
2023-05-09,190.0,192.25,188.25,189.3000030517578,189.3000030517578,2379013
2023-05-10,189.0,189.25,186.6999969482422,188.25,188.25,1910151
2023-05-11,188.25,190.39999389648438,187.35000610351562,189.64999389648438,189.64999389648438,1887563
2023-05-12,189.8000030517578,192.89999389648438,189.5,190.0,190.0,3121102
2023-05-15,190.35000610351562,191.25,187.1999969482422,190.4499969482422,190.4499969482422,2633968
2023-05-16,190.5500030517578,195.35000610351562,190.5500030517578,194.75,194.75,6317215
2023-05-17,195.8000030517578,207.3000030517578,195.6999969482422,205.4499969482422,205.4499969482422,25682409
2023-05-18,206.35000610351562,208.64999389648438,205.1999969482422,205.75,205.75,8697541
2023-05-19,205.5,205.6999969482422,200.35000610351562,204.60000610351562,204.60000610351562,3476210
2023-05-22,204.60000610351562,204.60000610351562,201.0,202.10000610351562,202.10000610351562,1226847
2023-05-23,202.10000610351562,210.4499969482422,201.8000030517578,209.39999389648438,209.39999389648438,7205041
2023-05-24,208.75,209.25,206.35000610351562,206.8000030517578,206.8000030517578,2228274
2023-05-25,206.89999389648438,209.0,205.5,208.1999969482422,208.1999969482422,1709355
2023-05-26,208.60000610351562,211.25,207.85000610351562,209.14999389648438,209.14999389648438,2034942
2023-05-29,210.0,210.1999969482422,207.5500030517578,208.4499969482422,208.4499969482422,1649502
2023-05-30,207.5,209.8000030517578,207.0,207.3000030517578,207.3000030517578,1049036
2023-05-31,206.89999389648438,211.75,206.5500030517578,211.1999969482422,211.1999969482422,3082027
2023-06-01,211.6999969482422,214.5,210.89999389648438,211.39999389648438,211.39999389648438,2669104
2023-06-02,211.9499969482422,213.0,210.0,211.75,211.75,1439067
2023-06-05,212.75,213.85000610351562,210.4499969482422,211.5500030517578,211.5500030517578,1142529
2023-06-06,212.0,212.60000610351562,209.60000610351562,211.9499969482422,211.9499969482422,1738539
2023-06-07,212.10000610351562,213.0500030517578,211.25,211.64999389648438,211.64999389648438,1226098
2023-06-08,212.4499969482422,214.1999969482422,208.8000030517578,209.5,209.5,1724965
2023-06-09,210.0,210.4499969482422,204.89999389648438,205.6999969482422,205.6999969482422,4610250
2023-06-12,205.6999969482422,207.0,203.85000610351562,205.5500030517578,205.5500030517578,2078411
2023-06-13,206.39999389648438,207.8000030517578,204.9499969482422,206.39999389648438,206.39999389648438,1736495
2023-06-14,208.14999389648438,211.0,206.4499969482422,210.1999969482422,210.1999969482422,2412025
2023-06-15,211.4499969482422,212.0,206.1999969482422,207.35000610351562,207.35000610351562,2112022
2023-06-16,209.39999389648438,217.0,206.14999389648438,215.0,215.0,7594969
2023-06-19,217.10000610351562,218.39999389648438,212.3000030517578,213.10000610351562,213.10000610351562,3961466
2023-06-20,213.1999969482422,221.9499969482422,213.0,220.35000610351562,220.35000610351562,6610978
2023-06-21,223.0,231.0,222.39999389648438,230.3000030517578,230.3000030517578,13046366
2023-06-22,230.75,235.6999969482422,228.10000610351562,229.60000610351562,229.60000610351562,9572127
2023-06-23,229.75,235.64999389648438,224.1999969482422,232.5,232.5,7886904
2023-06-26,234.9499969482422,235.5,230.0,232.5500030517578,232.5500030517578,4839246
2023-06-27,233.6999969482422,234.5,229.0,232.75,232.75,2322043
2023-06-28,233.0,235.35000610351562,231.10000610351562,232.25,232.25,2064907
2023-06-30,233.0,238.6999969482422,232.5,236.6999969482422,236.6999969482422,4246988
2023-07-03,238.5500030517578,240.8000030517578,237.25,239.8000030517578,239.8000030517578,3401522
2023-07-04,240.0,241.10000610351562,236.10000610351562,239.4499969482422,239.4499969482422,2510455
2023-07-05,240.0,247.3000030517578,238.60000610351562,246.4499969482422,246.4499969482422,4369590
2023-07-06,247.64999389648438,252.0,246.89999389648438,248.3000030517578,248.3000030517578,6113202
2023-07-07,249.64999389648438,249.64999389648438,243.25,247.89999389648438,247.89999389648438,3116006
2023-07-10,248.9499969482422,253.0,247.0,251.10000610351562,251.10000610351562,3804635
2023-07-11,253.14999389648438,253.14999389648438,250.25,252.5,252.5,3500071
2023-07-12,252.9499969482422,255.1999969482422,250.35000610351562,254.4499969482422,254.4499969482422,4664570
2023-07-13,255.9499969482422,256.45001220703125,250.14999389648438,251.6999969482422,251.6999969482422,4071697
2023-07-14,252.6999969482422,257.45001220703125,251.6999969482422,254.25,254.25,3804390
2023-07-17,255.9499969482422,255.9499969482422,248.0,248.5500030517578,248.5500030517578,4598129
2023-07-18,250.0,251.39999389648438,244.25,247.64999389648438,247.64999389648438,3584384
2023-07-19,248.60000610351562,249.85000610351562,245.9499969482422,248.6999969482422,248.6999969482422,1746775
2023-07-20,249.35000610351562,251.39999389648438,247.0500030517578,251.0,251.0,2324881
2023-07-21,250.60000610351562,254.6999969482422,249.14999389648438,251.8000030517578,251.8000030517578,2501375
2023-07-24,252.75,253.4499969482422,249.0500030517578,251.5,251.5,2084432
2023-07-25,251.5,251.9499969482422,249.10000610351562,250.3000030517578,250.3000030517578,872190
2023-07-26,250.3000030517578,252.5500030517578,250.25,252.10000610351562,252.10000610351562,1186109
2023-07-27,253.10000610351562,257.0,252.5500030517578,255.75,255.75,4422928
2023-07-28,256.54998779296875,257.0,246.75,251.14999389648438,251.14999389648438,5655882
2023-07-31,252.5,252.85000610351562,247.10000610351562,249.60000610351562,249.60000610351562,2983956
2023-08-01,250.8000030517578,266.70001220703125,250.0,263.1000061035156,263.1000061035156,15140281
2023-08-02,263.95001220703125,266.0,255.0,259.6499938964844,259.6499938964844,6156571
2023-08-03,260.3500061035156,260.3500061035156,251.75,256.8999938964844,256.8999938964844,2627515
2023-08-04,257.70001220703125,260.45001220703125,255.5,256.6499938964844,256.6499938964844,2686418
2023-08-07,258.04998779296875,263.95001220703125,257.29998779296875,263.0,263.0,2201323
2023-08-08,263.95001220703125,265.29998779296875,257.25,261.29998779296875,261.29998779296875,2780303
2023-08-09,261.95001220703125,264.75,258.70001220703125,264.20001220703125,264.20001220703125,2199916
2023-08-10,263.95001220703125,267.3999938964844,261.0,263.25,263.25,3513303
2023-08-11,263.5,271.5,261.54998779296875,269.1000061035156,269.1000061035156,5383929
2023-08-14,269.95001220703125,270.0,261.0,264.70001220703125,264.70001220703125,2743735
2023-08-16,264.79998779296875,268.0,261.75,267.20001220703125,267.20001220703125,1644032
2023-08-17,268.6499938964844,268.8999938964844,264.1000061035156,266.5,266.5,2043018
2023-08-18,266.95001220703125,269.6000061035156,264.1499938964844,267.75,267.75,2460276
2023-08-21,268.6000061035156,268.6000061035156,263.8500061035156,264.5,264.5,1743064
2023-08-22,265.0,268.79998779296875,264.45001220703125,267.20001220703125,267.20001220703125,1503735
2023-08-23,267.70001220703125,273.0,267.20001220703125,268.1000061035156,268.1000061035156,2938935
2023-08-24,269.8500061035156,270.8500061035156,264.0,265.20001220703125,265.20001220703125,1953379
2023-08-25,265.1499938964844,265.54998779296875,256.8500061035156,259.0,259.0,3437835
2023-08-28,260.3999938964844,264.75,258.8500061035156,261.1000061035156,261.1000061035156,2777996
2023-08-29,261.95001220703125,262.5,259.45001220703125,260.3999938964844,260.3999938964844,1764061
2023-08-30,261.6000061035156,263.6499938964844,260.25,261.6000061035156,261.6000061035156,1604092
2023-08-31,262.04998779296875,268.29998779296875,261.8500061035156,266.79998779296875,266.79998779296875,4027197
2023-09-01,268.0,269.3999938964844,264.20001220703125,265.75,265.75,1734067
2023-09-04,265.75,276.79998779296875,265.75,272.79998779296875,272.79998779296875,4649470
2023-09-05,274.20001220703125,275.3500061035156,269.8999938964844,272.04998779296875,272.04998779296875,2354647
2023-09-06,273.0,274.1499938964844,269.1499938964844,272.95001220703125,272.95001220703125,1938691
2023-09-07,272.95001220703125,276.3500061035156,272.5,274.0,274.0,1950317
2023-09-08,276.95001220703125,276.95001220703125,272.3500061035156,273.45001220703125,273.45001220703125,2113514
2023-09-11,276.79998779296875,279.45001220703125,274.25,277.45001220703125,277.45001220703125,2481329
2023-09-12,279.75,279.75,265.70001220703125,266.45001220703125,266.45001220703125,2719083
2023-09-13,268.79998779296875,269.8500061035156,263.54998779296875,267.6499938964844,267.6499938964844,1561354
2023-09-14,268.79998779296875,270.3500061035156,266.20001220703125,268.75,268.75,1148512
2023-09-15,268.0,269.95001220703125,264.20001220703125,268.25,268.25,4681735
2023-09-18,269.75,270.3999938964844,265.5,265.95001220703125,265.95001220703125,1722758
2023-09-20,265.95001220703125,266.25,260.1000061035156,261.8500061035156,261.8500061035156,3029530
2023-09-21,261.8500061035156,263.20001220703125,257.1499938964844,258.04998779296875,258.04998779296875,1621070
2023-09-22,258.29998779296875,259.8500061035156,253.75,256.20001220703125,256.20001220703125,1539984
2023-09-25,256.20001220703125,259.3500061035156,253.60000610351562,258.8999938964844,258.8999938964844,1618125
2023-09-26,258.8999938964844,260.8999938964844,256.6000061035156,256.79998779296875,256.79998779296875,1054327
2023-09-27,257.70001220703125,260.6000061035156,255.35000610351562,260.1499938964844,260.1499938964844,938187
2023-09-28,261.1000061035156,261.1000061035156,256.5,258.04998779296875,258.04998779296875,1213279
2023-09-29,259.04998779296875,262.8999938964844,258.54998779296875,260.6000061035156,260.6000061035156,1763561
2023-10-03,261.70001220703125,261.8999938964844,257.8500061035156,260.0,260.0,1516586
2023-10-04,257.20001220703125,260.25,255.10000610351562,256.6499938964844,256.6499938964844,1369047
2023-10-05,259.8999938964844,263.0,255.5,256.6499938964844,256.6499938964844,1099031
2023-10-06,257.8500061035156,260.0,257.29998779296875,259.0,259.0,1742138
2023-10-09,256.0,257.8500061035156,253.1999969482422,255.0,255.0,1339264
2023-10-10,255.0,260.75,254.5,258.3999938964844,258.3999938964844,1379644
2023-10-11,258.95001220703125,265.3500061035156,258.95001220703125,263.0,263.0,2603326
2023-10-12,264.29998779296875,268.0,262.79998779296875,264.79998779296875,264.79998779296875,2223186
2023-10-13,264.8500061035156,266.1000061035156,261.95001220703125,262.5,262.5,1739355
2023-10-16,262.70001220703125,266.0,261.04998779296875,264.45001220703125,264.45001220703125,1746547
2023-10-17,265.1000061035156,274.0,264.70001220703125,268.79998779296875,268.79998779296875,5876028
2023-10-18,270.0,270.75,263.79998779296875,267.04998779296875,267.04998779296875,2208364
2023-10-19,265.0,266.0,262.54998779296875,265.45001220703125,265.45001220703125,1735128
2023-10-20,265.45001220703125,265.45001220703125,257.0,258.04998779296875,258.04998779296875,3369452
2023-10-23,258.04998779296875,258.79998779296875,250.0500030517578,251.5500030517578,251.5500030517578,2039503
2023-10-25,251.8000030517578,254.25,247.3000030517578,250.14999389648438,250.14999389648438,1426209
2023-10-26,246.64999389648438,248.35000610351562,241.6999969482422,246.1999969482422,246.1999969482422,2212835
2023-10-27,247.60000610351562,252.1999969482422,246.5500030517578,251.39999389648438,251.39999389648438,897365
2023-10-30,251.39999389648438,255.89999389648438,249.0,254.3000030517578,254.3000030517578,2396032
2023-10-31,255.0,258.95001220703125,254.0,255.39999389648438,255.39999389648438,1320716
2023-11-01,255.10000610351562,255.89999389648438,252.0,252.4499969482422,252.4499969482422,736778
2023-11-02,253.5500030517578,258.6000061035156,253.5500030517578,257.95001220703125,257.95001220703125,1033896
2023-11-03,258.29998779296875,258.79998779296875,255.60000610351562,256.1000061035156,256.1000061035156,1008109
2023-11-06,258.0,269.45001220703125,257.75,267.75,267.75,4740338
2023-11-07,269.54998779296875,273.25,266.95001220703125,268.1000061035156,268.1000061035156,4760250
2023-11-08,269.5,270.0,265.54998779296875,266.3999938964844,266.3999938964844,1201343
2023-11-09,267.0,270.75,265.95001220703125,268.70001220703125,268.70001220703125,3424296
2023-11-10,268.3999938964844,269.6000061035156,266.04998779296875,268.1499938964844,268.1499938964844,1986224
2023-11-13,269.5,273.45001220703125,267.29998779296875,271.79998779296875,271.79998779296875,3059116
2023-11-15,273.95001220703125,274.70001220703125,272.0,272.29998779296875,272.29998779296875,1405934
2023-11-16,272.0,273.8500061035156,270.79998779296875,272.1499938964844,272.1499938964844,1294845
2023-11-17,272.20001220703125,282.45001220703125,271.8500061035156,281.1000061035156,281.1000061035156,6605927
2023-11-20,282.8999938964844,286.29998779296875,281.0,281.95001220703125,281.95001220703125,5194118
2023-11-21,283.75,286.5,280.3500061035156,285.6000061035156,285.6000061035156,2768726
2023-11-22,287.45001220703125,287.45001220703125,281.54998779296875,283.1000061035156,283.1000061035156,2518341
2023-11-23,284.5,287.45001220703125,282.79998779296875,283.6000061035156,283.6000061035156,1905294
2023-11-24,286.04998779296875,286.45001220703125,280.8500061035156,281.5,281.5,1253846
2023-11-28,283.20001220703125,285.8500061035156,281.0,283.29998779296875,283.29998779296875,1552552
2023-11-29,285.04998779296875,286.25,283.3999938964844,285.04998779296875,285.04998779296875,1490003
2023-11-30,286.04998779296875,286.20001220703125,281.75,284.75,284.75,2863183
2023-12-01,285.8999938964844,297.0,285.5,291.5,291.5,6079060
2023-12-04,297.3999938964844,299.3999938964844,292.29998779296875,293.8500061035156,293.8500061035156,3511808
2023-12-05,295.29998779296875,296.75,290.3500061035156,292.29998779296875,292.29998779296875,2044114
2023-12-06,293.0,294.0,289.29998779296875,290.95001220703125,290.95001220703125,1458541
2023-12-07,291.70001220703125,297.95001220703125,290.3500061035156,294.8500061035156,294.8500061035156,3584122
2023-12-08,297.54998779296875,298.3999938964844,287.25,289.8999938964844,289.8999938964844,2363589
2023-12-11,290.70001220703125,294.25,290.25,293.29998779296875,293.29998779296875,1054535
2023-12-12,295.0,295.3500061035156,287.8500061035156,288.54998779296875,288.54998779296875,1259211
2023-12-13,289.29998779296875,291.20001220703125,285.3999938964844,287.0,287.0,1687805
2023-12-14,289.8999938964844,297.5,287.6000061035156,296.1499938964844,296.1499938964844,3367531
2023-12-15,298.3999938964844,299.0,293.29998779296875,295.54998779296875,295.54998779296875,2994796
2023-12-18,295.54998779296875,306.20001220703125,287.0,305.3500061035156,305.3500061035156,7197317
2023-12-19,305.95001220703125,309.8999938964844,304.1000061035156,305.1000061035156,305.1000061035156,5132028
2023-12-20,306.6499938964844,306.75,278.5,287.3999938964844,287.3999938964844,6303984
2023-12-21,285.0,294.3999938964844,281.8500061035156,293.6000061035156,293.6000061035156,3078298
2023-12-22,295.3999938964844,297.70001220703125,290.5,293.3500061035156,293.3500061035156,2168051
2023-12-26,293.3500061035156,297.6000061035156,292.79998779296875,296.3500061035156,296.3500061035156,1797988
2023-12-27,298.20001220703125,301.75,295.6499938964844,301.04998779296875,301.04998779296875,2483698
2023-12-28,302.0,308.8999938964844,300.04998779296875,307.6000061035156,307.6000061035156,3369816
2023-12-29,308.70001220703125,324.25,306.0,317.8500061035156,317.8500061035156,9953048
2024-01-01,319.8500061035156,326.45001220703125,318.3500061035156,322.0,322.0,4091951
2024-01-02,323.75,324.75,315.5,322.1499938964844,322.1499938964844,3175785
2024-01-03,322.1499938964844,328.79998779296875,318.0,326.0,326.0,2969074
2024-01-04,327.0,328.6499938964844,324.0,324.70001220703125,324.70001220703125,2563207
2024-01-05,325.5,331.0,321.1499938964844,329.3500061035156,329.3500061035156,3866526
2024-01-08,331.25,331.25,322.6000061035156,323.54998779296875,323.54998779296875,2104572
2024-01-09,325.1000061035156,332.0,324.8500061035156,327.25,327.25,2558574
2024-01-10,326.95001220703125,328.95001220703125,322.79998779296875,327.79998779296875,327.79998779296875,1680275
2024-01-11,328.5,340.0,327.70001220703125,338.8500061035156,338.8500061035156,6817569
2024-01-12,341.79998779296875,341.79998779296875,334.0,337.6499938964844,337.6499938964844,3773816
2024-01-15,339.6000061035156,339.6000061035156,321.75,325.6499938964844,325.6499938964844,5461009
2024-01-16,326.0,332.5,322.70001220703125,325.79998779296875,325.79998779296875,4455576
2024-01-17,321.95001220703125,324.8999938964844,314.25,319.3999938964844,319.3999938964844,4636107
2024-01-18,319.3999938964844,322.20001220703125,309.3500061035156,319.1000061035156,319.1000061035156,4819502
2024-01-19,323.0,328.0,321.0,327.20001220703125,327.20001220703125,2374513
2024-01-23,325.8999938964844,327.6000061035156,313.3500061035156,314.70001220703125,314.70001220703125,3270317
2024-01-24,315.0,319.25,311.3999938964844,315.29998779296875,315.29998779296875,4837038
2024-01-25,315.5,317.54998779296875,307.45001220703125,310.3999938964844,310.3999938964844,3275873
2024-01-29,314.70001220703125,317.25,311.29998779296875,315.29998779296875,315.29998779296875,1788476
2024-01-30,318.8999938964844,321.8500061035156,315.45001220703125,318.0,318.0,2813599
2024-01-31,320.0,336.0,318.70001220703125,334.95001220703125,334.95001220703125,7916850
2024-02-01,337.5,337.5,326.25,334.20001220703125,334.20001220703125,4859425
2024-02-02,335.79998779296875,347.5,334.5,343.3500061035156,343.3500061035156,7553484
2024-02-05,346.8999938964844,354.0,340.0,347.1000061035156,347.1000061035156,4765223
2024-02-06,349.0,352.0,345.6499938964844,348.5,348.5,3570626
2024-02-07,349.29998779296875,351.54998779296875,344.1499938964844,346.8500061035156,346.8500061035156,2187232
2024-02-08,348.0,349.8999938964844,343.54998779296875,345.04998779296875,345.04998779296875,1892474
2024-02-09,345.54998779296875,346.8999938964844,332.5,338.3999938964844,338.3999938964844,2694398
2024-02-12,341.0,341.3999938964844,326.25,328.20001220703125,328.20001220703125,2172402
2024-02-13,327.75,331.95001220703125,321.3999938964844,330.54998779296875,330.54998779296875,2865332
2024-02-14,327.20001220703125,337.6000061035156,323.95001220703125,336.6499938964844,336.6499938964844,1375999
2024-02-15,339.0,340.8999938964844,332.5,334.3500061035156,334.3500061035156,1765944
2024-02-16,338.0,339.25,335.25,336.5,336.5,1375288
2024-02-19,340.29998779296875,344.0,336.0,336.79998779296875,336.79998779296875,1339482
2024-02-20,338.6499938964844,338.6499938964844,327.5,330.79998779296875,330.79998779296875,2205476
2024-02-21,331.79998779296875,334.20001220703125,325.6000061035156,326.70001220703125,326.70001220703125,1841503
2024-02-22,326.8999938964844,333.3999938964844,323.29998779296875,332.3999938964844,332.3999938964844,1827753
2024-02-23,334.1000061035156,335.0,329.0,330.0,330.0,846452
2024-02-26,331.04998779296875,332.20001220703125,327.70001220703125,328.1499938964844,328.1499938964844,1346413
2024-02-27,328.8999938964844,329.8500061035156,325.0,326.1499938964844,326.1499938964844,769796
2024-02-28,326.75,328.5,316.04998779296875,318.1000061035156,318.1000061035156,2643104
2024-02-29,318.0,322.0,316.3999938964844,320.29998779296875,320.29998779296875,1725182
2024-03-01,322.0,326.8999938964844,321.3500061035156,324.1000061035156,324.1000061035156,1556230
2024-03-04,327.79998779296875,332.04998779296875,324.0,328.75,328.75,1431470
2024-03-05,330.0,331.1499938964844,323.75,325.54998779296875,325.54998779296875,1177352
2024-03-06,325.5,326.0,316.54998779296875,321.8500061035156,321.8500061035156,1783348
2024-03-07,323.5,330.79998779296875,322.3500061035156,328.1499938964844,328.1499938964844,2193814
2024-03-11,331.0,332.29998779296875,322.0,323.04998779296875,323.04998779296875,2257244
2024-03-12,324.20001220703125,326.20001220703125,318.20001220703125,319.45001220703125,319.45001220703125,2261648
2024-03-13,319.04998779296875,320.0,297.95001220703125,300.70001220703125,300.70001220703125,3710437
2024-03-14,297.20001220703125,309.8999938964844,294.6499938964844,305.79998779296875,305.79998779296875,2850926
2024-03-15,305.79998779296875,306.79998779296875,298.8500061035156,305.29998779296875,305.29998779296875,2689532
2024-03-18,305.0,309.1000061035156,302.6000061035156,307.04998779296875,307.04998779296875,1088219
2024-03-19,305.0,305.0,290.3500061035156,296.45001220703125,296.45001220703125,5242694
2024-03-20,296.45001220703125,302.45001220703125,293.70001220703125,301.45001220703125,301.45001220703125,2481845
2024-03-21,303.70001220703125,306.6499938964844,302.79998779296875,305.79998779296875,305.79998779296875,1116789
2024-03-22,305.79998779296875,308.75,303.3999938964844,307.20001220703125,307.20001220703125,1029834
2024-03-26,305.0,306.8999938964844,303.5,304.54998779296875,304.54998779296875,1432199
2024-03-27,304.54998779296875,307.5,303.6499938964844,304.54998779296875,304.54998779296875,2010127
2024-03-28,305.45001220703125,306.45001220703125,302.79998779296875,304.54998779296875,304.54998779296875,1828715
2024-04-01,305.0,312.3999938964844,305.0,310.54998779296875,310.54998779296875,2411492
2024-04-02,312.1499938964844,316.79998779296875,312.0,314.29998779296875,314.29998779296875,2357872
2024-04-03,314.29998779296875,316.20001220703125,311.8999938964844,313.6000061035156,313.6000061035156,1599659
2024-04-04,315.3500061035156,323.95001220703125,315.0,319.45001220703125,319.45001220703125,4262580
2024-04-05,320.1499938964844,322.6499938964844,318.8999938964844,321.8500061035156,321.8500061035156,1305255
2024-04-08,324.5,383.5,321.0,377.1499938964844,377.1499938964844,74073530
2024-04-09,380.0,397.8500061035156,374.54998779296875,384.1000061035156,384.1000061035156,58966980
2024-04-10,383.8999938964844,388.1499938964844,378.1499938964844,383.95001220703125,383.95001220703125,14942496
2024-04-12,383.54998779296875,403.0,380.5,398.1499938964844,398.1499938964844,22382969
2024-04-15,401.0,423.6499938964844,398.8500061035156,409.04998779296875,409.04998779296875,45094809
2024-04-16,410.0,470.3999938964844,407.1499938964844,459.79998779296875,459.79998779296875,73697304
2024-04-18,466.75,481.70001220703125,445.3999938964844,449.6499938964844,449.6499938964844,41063153
2024-04-19,449.6499938964844,464.3999938964844,439.0,444.29998779296875,444.29998779296875,16828994
2024-04-22,447.0,475.0,439.1000061035156,465.95001220703125,465.95001220703125,22247019
2024-04-23,471.29998779296875,476.6000061035156,459.0,461.45001220703125,461.45001220703125,11816994
2024-04-24,457.0,457.0,441.5,444.54998779296875,444.54998779296875,9263587
2024-04-25,444.54998779296875,451.0,433.5,447.3999938964844,447.3999938964844,8617134
2024-04-26,447.3999938964844,476.45001220703125,444.1499938964844,466.6499938964844,466.6499938964844,13397687
2024-04-29,468.95001220703125,469.04998779296875,453.1000061035156,455.54998779296875,455.54998779296875,4116072
2024-04-30,457.8999938964844,481.6499938964844,457.0,472.3999938964844,472.3999938964844,15667803
2024-05-02,477.79998779296875,485.54998779296875,460.0,464.0,464.0,8227489
2024-05-03,466.54998779296875,471.0,458.54998779296875,468.95001220703125,468.95001220703125,4677076
2024-05-06,471.0,471.79998779296875,453.1499938964844,460.5,460.5,3317781
2024-05-07,462.0,467.0,451.29998779296875,453.1499938964844,453.1499938964844,3906642
2024-05-08,453.79998779296875,470.45001220703125,445.79998779296875,460.25,460.25,5681003
2024-05-09,461.0,461.3999938964844,445.3500061035156,448.79998779296875,448.79998779296875,3009772
2024-05-10,447.95001220703125,456.75,445.1000061035156,452.25,452.25,2507601
2024-05-13,452.25,459.6499938964844,435.0,455.79998779296875,455.79998779296875,3521742
2024-05-14,455.0,464.0,451.04998779296875,461.25,461.25,2670099
2024-05-15,462.0,468.1499938964844,453.6499938964844,463.1000061035156,463.1000061035156,2790280
2024-05-16,465.0,476.29998779296875,460.29998779296875,473.20001220703125,473.20001220703125,5643074
2024-05-17,475.5,485.0,471.04998779296875,476.29998779296875,476.29998779296875,5415700
2024-05-21,476.3500061035156,489.95001220703125,472.79998779296875,474.6000061035156,474.6000061035156,4773364
2024-05-22,476.0,477.29998779296875,462.1499938964844,466.95001220703125,466.95001220703125,3905977
2024-05-23,469.0,470.8500061035156,460.3500061035156,464.8999938964844,464.8999938964844,2752325
2024-05-24,464.95001220703125,495.5,461.3999938964844,474.75,474.75,15407670
2024-05-27,479.8999938964844,500.45001220703125,468.45001220703125,494.3500061035156,494.3500061035156,16271268
2024-05-28,498.45001220703125,517.4000244140625,492.5,509.8999938964844,509.8999938964844,30884954
2024-05-29,509.8999938964844,514.7999877929688,501.6499938964844,506.79998779296875,506.79998779296875,7972560
2024-05-30,505.5,509.0,495.75,497.95001220703125,497.95001220703125,5676238
2024-05-31,501.0,511.54998779296875,485.20001220703125,488.25,488.25,8222556
2024-06-03,512.7000122070312,516.0,493.1000061035156,504.8999938964844,504.8999938964844,6117134
2024-06-04,504.8999938964844,504.8999938964844,429.20001220703125,455.45001220703125,455.45001220703125,10982923
2024-06-05,462.95001220703125,496.5,450.79998779296875,491.04998779296875,491.04998779296875,9047361
2024-06-06,493.6499938964844,536.7000122070312,492.1000061035156,527.8499755859375,527.8499755859375,15257519
2024-06-07,532.0,533.9000244140625,521.0,527.0499877929688,527.0499877929688,10807984
2024-06-10,530.0,536.5,522.3499755859375,525.7999877929688,525.7999877929688,7592659
2024-06-11,525.0,540.6500244140625,523.0,531.9000244140625,531.9000244140625,3954800
