Date,Open,High,Low,Close,Adj Close,Volume
1999-01-04,75.0,75.19999694824219,74.69999694824219,74.69999694824219,9.761659622192383,10500
1999-01-05,73.45999908447266,73.45999908447266,72.0,72.5999984741211,9.487234115600586,31000
1999-01-06,74.44999694824219,74.5999984741211,74.0,74.0,9.670185089111328,12000
1999-01-07,77.4000015258789,77.4000015258789,74.81999969482422,75.0,9.800861358642578,7000
1999-01-08,75.0,75.9800033569336,73.5999984741211,73.5999984741211,9.617914199829102,29000
1999-01-11,75.80000305175781,75.80000305175781,73.62999725341797,73.62999725341797,9.621833801269531,25000
1999-01-12,73.0999984741211,73.19999694824219,69.0,69.9000015258789,9.134403228759766,36500
1999-01-13,70.19999694824219,71.98999786376953,70.19999694824219,71.26000213623047,9.312126159667969,8000
1999-01-14,71.0,71.0,69.61000061035156,69.61000061035156,9.096508026123047,3000
1999-01-15,69.80000305175781,70.9800033569336,68.4000015258789,68.4000015258789,8.938386917114258,14000
1999-01-18,68.0999984741211,69.0,68.0199966430664,69.0,9.01679515838623,2000
1999-01-19,68.5999984741211,71.19999694824219,68.5999984741211,71.0199966430664,9.280762672424316,19000
1999-01-20,71.0199966430664,71.0199966430664,71.0199966430664,71.0199966430664,9.280762672424316,0
1999-01-21,71.0,72.0,70.0,71.5999984741211,9.35655689239502,26500
1999-01-22,73.0,77.33000183105469,72.25,76.41000366210938,9.985118865966797,48500
1999-01-25,75.51000213623047,76.0,74.0999984741211,75.5999984741211,9.879268646240234,31000
1999-01-26,75.5999984741211,75.5999984741211,75.5999984741211,75.5999984741211,9.879268646240234,0
1999-01-27,78.0,80.0,77.80000305175781,78.62999725341797,10.275223731994629,18000
1999-01-28,78.4000015258789,78.5999984741211,76.02999877929688,76.80000305175781,10.036083221435547,13000
1999-01-29,76.80000305175781,82.94999694824219,76.80000305175781,82.94999694824219,10.839752197265625,49000
1999-02-01,83.5999984741211,89.58999633789062,83.30000305175781,88.02999877929688,11.503599166870117,105500
1999-02-02,89.80000305175781,89.80000305175781,82.20999908447266,84.19999694824219,11.003101348876953,34000
1999-02-03,86.0,88.01000213623047,83.5999984741211,88.01000213623047,11.500985145568848,53500
1999-02-04,88.80000305175781,93.0,85.4000015258789,93.0,12.153069496154785,100000
1999-02-05,92.0,100.44000244140625,90.6500015258789,100.44000244140625,13.125312805175781,119000
1999-02-08,100.4000015258789,104.58000183105469,96.23999786376953,96.23999786376953,12.576468467712402,132000
1999-02-09,95.4000015258789,95.5999984741211,88.5999984741211,90.19999694824219,11.7871675491333,74500
1999-02-10,93.5999984741211,94.4000015258789,91.3499984741211,93.69000244140625,12.24323844909668,70500
1999-02-11,94.97000122070312,101.19000244140625,94.41999816894531,101.19000244140625,13.2233247756958,66500
1999-02-12,105.18000030517578,109.29000091552734,102.22000122070312,109.29000091552734,14.281816482543945,150000
1999-02-15,113.4000015258789,118.04000091552734,113.0,118.04000091552734,15.425251960754395,144500
1999-02-16,124.58000183105469,127.48999786376953,121.22000122070312,127.48999786376953,16.660158157348633,139000
1999-02-17,133.0,137.69000244140625,132.0,137.69000244140625,17.993080139160156,190500
1999-02-18,147.60000610351562,147.8000030517578,128.1999969482422,137.5800018310547,17.97870445251465,177000
1999-02-19,136.0,136.0,130.2100067138672,132.3800048828125,17.29917335510254,52000
1999-02-22,130.0,138.0,122.0,137.0,17.902910232543945,182000
1999-02-23,132.0,147.9600067138672,132.0,147.9600067138672,19.335145950317383,385000
1999-02-24,149.02000427246094,159.8000030517578,149.02000427246094,159.8000030517578,20.882375717163086,107500
1999-02-25,167.8000030517578,172.0,162.39999389648438,164.89999389648438,21.5488338470459,255000
1999-02-26,163.02000427246094,163.1999969482422,151.7100067138672,151.7100067138672,19.82518768310547,141500
1999-03-01,162.6300048828125,170.0,154.39999389648438,164.8000030517578,21.535762786865234,199000
1999-03-02,164.8000030517578,164.8000030517578,164.8000030517578,164.8000030517578,21.535762786865234,0
1999-03-03,174.8000030517578,176.0,167.6199951171875,167.85000610351562,21.93433380126953,161500
1999-03-04,168.10000610351562,168.10000610351562,158.1999969482422,160.30999755859375,20.949016571044922,51000
1999-03-05,160.1999969482422,164.94000244140625,160.1999969482422,161.60000610351562,21.117595672607422,31500
1999-03-08,159.0,163.8000030517578,156.0,158.8000030517578,20.751693725585938,31500
1999-03-09,156.0,160.0,147.22000122070312,152.02999877929688,19.867000579833984,104500
1999-03-10,145.0,161.0,145.0,159.39999389648438,20.83010482788086,63500
1999-03-11,159.8000030517578,167.1999969482422,156.8000030517578,157.0,20.5164737701416,68000
1999-03-12,158.0,160.6999969482422,157.22000122070312,159.7100067138672,20.8706111907959,15500
1999-03-15,159.60000610351562,162.0,157.0,160.0,20.90850257873535,28500
1999-03-16,160.77999877929688,160.77999877929688,153.02000427246094,153.02000427246094,19.996376037597656,21000
1999-03-17,154.39999389648438,155.00999450683594,150.0,150.0,19.601722717285156,23000
1999-03-18,151.97999572753906,151.97999572753906,150.0,150.0,19.601722717285156,6500
1999-03-19,145.0,151.0,144.0,150.0,19.601722717285156,23000
1999-03-22,142.1999969482422,150.39999389648438,142.1999969482422,150.0,19.601722717285156,7500
1999-03-23,145.27000427246094,148.0,141.4199981689453,144.60000610351562,18.896060943603516,24000
1999-03-24,148.1999969482422,156.16000366210938,147.97999572753906,155.97999572753906,20.383180618286133,26500
1999-03-25,152.0,156.39999389648438,152.0,156.0,20.38579559326172,12000
1999-03-26,154.00999450683594,154.00999450683594,153.10000610351562,153.5,20.059099197387695,19000
1999-03-29,153.5,153.5,153.5,153.5,20.059099197387695,0
1999-03-30,153.0,154.60000610351562,151.25,153.0,19.993762969970703,20500
1999-03-31,151.8000030517578,158.0,151.8000030517578,154.39999389648438,20.176706314086914,12500
1999-04-01,152.89999389648438,152.89999389648438,151.25,151.8000030517578,19.836946487426758,5000
1999-04-02,151.8000030517578,151.8000030517578,151.8000030517578,151.8000030517578,19.836946487426758,0
1999-04-05,156.0,163.9499969482422,156.0,160.39999389648438,20.960777282714844,32500
1999-04-06,152.1999969482422,152.1999969482422,147.57000732421875,147.57000732421875,19.2841796875,6000
1999-04-07,136.0,144.0,136.0,138.39999389648438,18.085859298706055,20500
1999-04-08,137.0,137.0,127.3499984741211,127.3499984741211,16.641862869262695,15500
1999-04-09,121.0,123.0,117.5999984741211,119.0,15.550700187683105,56000
1999-04-12,117.0,119.0999984741211,117.0,118.5999984741211,15.498430252075195,7500
1999-04-13,119.4000015258789,123.80000305175781,119.19999694824219,121.0199966430664,15.814672470092773,11500
1999-04-14,121.0199966430664,121.0199966430664,121.0199966430664,121.0199966430664,15.814672470092773,0
1999-04-15,115.0,115.0,111.3499984741211,111.3499984741211,14.551012992858887,5500
1999-04-16,112.0,120.26000213623047,111.5999984741211,120.26000213623047,15.715354919433594,11500
1999-04-19,109.19999694824219,120.0,109.0,120.0,15.681380271911621,7500
1999-04-20,124.0,124.0,118.30000305175781,118.4000015258789,15.472294807434082,13000
1999-04-21,119.22000122070312,119.22000122070312,119.22000122070312,119.22000122070312,15.579451560974121,1000
1999-04-22,114.25,114.25,114.19999694824219,114.19999694824219,14.923446655273438,2500
1999-04-23,112.5999984741211,116.4000015258789,112.5999984741211,114.05999755859375,14.90514850616455,2000
1999-04-26,109.80000305175781,109.80000305175781,105.0,105.0,13.721209526062012,3500
1999-04-27,105.0,105.0,105.0,105.0,13.721209526062012,0
1999-04-28,101.05000305175781,104.58999633789062,101.0199966430664,104.58999633789062,13.667628288269043,3500
1999-04-29,107.58000183105469,110.4000015258789,107.58000183105469,110.0,14.374600410461426,5500
1999-04-30,112.0,115.0,112.0,115.0,15.02799129486084,4500
1999-05-03,112.94000244140625,112.94000244140625,112.94000244140625,112.94000244140625,14.758795738220215,500
1999-05-04,113.0,117.6500015258789,108.22000122070312,117.6500015258789,15.374287605285645,8000
1999-05-05,117.0,120.0,116.0,119.0,15.550700187683105,9000
1999-05-06,119.77999877929688,127.80000305175781,116.8499984741211,127.80000305175781,16.700668334960938,19500
1999-05-07,130.0,137.0,123.0199966430664,132.1999969482422,17.27565574645996,18500
1999-05-10,131.0,131.1999969482422,131.0,131.1999969482422,17.144977569580078,1500
1999-05-11,131.0,133.0,131.0,133.0,17.380197525024414,9500
1999-05-12,131.64999389648438,131.64999389648438,131.39999389648438,131.60000610351562,17.19724464416504,5500
1999-05-13,129.0,135.0,129.0,135.0,17.641551971435547,18000
1999-05-14,136.8000030517578,136.8000030517578,134.0,136.0,17.77223014831543,9500
1999-05-17,132.0,136.8000030517578,129.1999969482422,134.0,17.510873794555664,18500
1999-05-18,129.25,135.0,129.25,132.1999969482422,17.27565574645996,5000
1999-05-19,134.8000030517578,134.8000030517578,131.02000427246094,134.0,17.510873794555664,4000
1999-05-20,133.39999389648438,133.39999389648438,131.0,131.0,17.11884307861328,3500
1999-05-21,132.8000030517578,132.8000030517578,126.66000366210938,126.66000366210938,16.551698684692383,2000
1999-05-24,124.0199966430664,124.4000015258789,123.0,123.0,16.073415756225586,9500
1999-05-25,120.0,120.19999694824219,120.0,120.19999694824219,15.707513809204102,2000
1999-05-26,120.19999694824219,121.19999694824219,120.19999694824219,120.4000015258789,15.733647346496582,6500
1999-05-27,120.4000015258789,122.0,120.0,120.19999694824219,15.707513809204102,66000
1999-05-28,120.0,120.0,117.4000015258789,117.4000015258789,15.341618537902832,6000
1999-05-31,120.0,121.0,111.0,116.0,15.158669471740723,6000
1999-06-01,112.04000091552734,112.0999984741211,112.01000213623047,112.0999984741211,14.64902114868164,2500
1999-06-02,111.19999694824219,111.19999694824219,111.0,111.0,14.505274772644043,1500
1999-06-03,119.0,119.0,113.22000122070312,114.80000305175781,15.001853942871094,5000
1999-06-04,114.19999694824219,115.0,114.19999694824219,114.5999984741211,14.975720405578613,2000
1999-06-07,114.5999984741211,114.5999984741211,114.5999984741211,114.5999984741211,14.975720405578613,0
1999-06-08,114.0,114.19999694824219,112.5,114.19999694824219,14.923446655273438,1500
1999-06-09,113.0199966430664,113.0199966430664,111.0,111.0,14.505274772644043,1500
1999-06-10,108.0,108.0,108.0,108.0,14.113245010375977,500
1999-06-11,102.0,104.0,102.0,103.19999694824219,13.485983848571777,1500
1999-06-14,98.0,103.80000305175781,98.0,103.80000305175781,13.564393997192383,2500
1999-06-15,102.5999984741211,102.5999984741211,102.0,102.0,13.329174041748047,3000
1999-06-16,103.0,103.0,103.0,103.0,13.459850311279297,500
1999-06-17,105.0,105.0,104.4000015258789,104.4000015258789,13.642801284790039,1000
1999-06-18,104.4000015258789,104.4000015258789,104.4000015258789,104.4000015258789,13.642801284790039,0
1999-06-21,104.4000015258789,104.4000015258789,104.4000015258789,104.4000015258789,13.642801284790039,0
1999-06-22,102.0,102.0,100.4000015258789,100.4000015258789,13.120092391967773,2000
1999-06-23,101.0,101.19999694824219,101.0,101.19999694824219,13.224629402160645,1000
1999-06-24,101.19999694824219,101.19999694824219,101.19999694824219,101.19999694824219,13.224629402160645,0
1999-06-25,95.69999694824219,96.0,94.0,94.02999877929688,12.287667274475098,3000
1999-06-28,92.0,93.0,90.0,90.0,11.761035919189453,5000
1999-06-29,88.4000015258789,90.0,88.0,88.5,11.565016746520996,3000
1999-06-30,95.0,95.0,91.80000305175781,91.80000305175781,11.996256828308105,1500
1999-07-01,95.0,99.0,95.0,99.0,12.937141418457031,6000
1999-07-02,98.19999694824219,106.91999816894531,98.19999694824219,106.91999816894531,13.972113609313965,5500
1999-07-05,112.80000305175781,114.80000305175781,112.0,114.80000305175781,15.001853942871094,3000
1999-07-06,123.44999694824219,123.98999786376953,115.0,123.98999786376953,16.20278549194336,9000
1999-07-07,129.8000030517578,133.91000366210938,129.8000030517578,133.91000366210938,17.49911117553711,12000
1999-07-08,135.0,144.6300048828125,135.0,144.0800018310547,18.828109741210938,41500
1999-07-09,143.60000610351562,155.61000061035156,143.0,155.61000061035156,20.334829330444336,48000
1999-07-12,167.0,167.0,143.1999969482422,156.5,20.451133728027344,164500
1999-07-13,152.1999969482422,153.60000610351562,147.39999389648438,149.99000549316406,19.600419998168945,78500
1999-07-14,142.25,161.60000610351562,138.0,158.16000366210938,20.668054580688477,62000
1999-07-15,154.1999969482422,156.0,148.0,148.0,19.340370178222656,13500
1999-07-16,147.39999389648438,151.5500030517578,144.39999389648438,145.39999389648438,19.000608444213867,12500
1999-07-19,146.0,146.0,140.39999389648438,144.60000610351562,18.896060943603516,12000
1999-07-20,139.0,139.0,134.0,134.30999755859375,17.551387786865234,8500
1999-07-21,132.0,145.05999755859375,132.0,145.05999755859375,18.956172943115234,18500
1999-07-22,150.0,150.0,136.5,140.0,18.294944763183594,15000
1999-07-23,140.0,140.39999389648438,140.0,140.0,18.294944763183594,19000
1999-07-26,132.6999969482422,141.0,132.6999969482422,140.0399932861328,18.3001708984375,21500
1999-07-27,139.8000030517578,140.35000610351562,138.2100067138672,140.13999938964844,18.313236236572266,16500
1999-07-28,138.60000610351562,140.39999389648438,137.0,140.39999389648438,18.34721565246582,9500
1999-07-29,141.0,141.60000610351562,140.1999969482422,140.22000122070312,18.323692321777344,2000
1999-07-30,137.39999389648438,137.39999389648438,134.0,134.0,17.510873794555664,3500
1999-08-02,127.0,136.0,124.0,133.1999969482422,17.40633201599121,6500
1999-08-03,135.8000030517578,143.8000030517578,135.8000030517578,140.0,18.294944763183594,14000
1999-08-04,139.39999389648438,145.0,139.1999969482422,145.0,18.948339462280273,20500
1999-08-05,146.0,148.0,146.0,146.0,19.079011917114258,4500
1999-08-06,143.0,143.0,142.10000610351562,142.10000610351562,18.569366455078125,2000
1999-08-09,140.1999969482422,140.1999969482422,138.0,138.0,18.03359031677246,1500
1999-08-10,135.0,142.0,133.39999389648438,140.33999633789062,18.33937644958496,9000
1999-08-11,151.0,151.0,140.0,140.0,18.294944763183594,48000
1999-08-12,140.0,140.0,140.0,140.0,18.294944763183594,6500
1999-08-13,140.0,140.0,140.0,140.0,18.294944763183594,5000
1999-08-16,141.60000610351562,141.60000610351562,140.0,140.0,18.294944763183594,3000
1999-08-17,140.4600067138672,140.4600067138672,137.39999389648438,138.0,18.03359031677246,25500
1999-08-18,138.0,138.0,135.0,135.14999389648438,17.661151885986328,12000
1999-08-19,136.0,140.0,134.0,138.32000732421875,18.075408935546875,21000
1999-08-20,138.0,140.6999969482422,138.0,140.6999969482422,18.38641929626465,4500
1999-08-23,143.0,143.0,140.0,140.0,18.294944763183594,3500
1999-08-24,136.0,140.10000610351562,136.0,140.0,18.294944763183594,8000
1999-08-25,142.0,142.0,139.8000030517578,140.0,18.294944763183594,17500
1999-08-26,141.0,141.0,140.0,140.02000427246094,18.29755973815918,10000
1999-08-27,139.0,144.0,139.0,143.25999450683594,18.7209529876709,13000
1999-08-30,149.75999450683594,149.75999450683594,139.8000030517578,143.7899932861328,18.79021453857422,27000
1999-08-31,142.8000030517578,150.0,142.1999969482422,145.91000366210938,19.067251205444336,65000
1999-09-01,154.99000549316406,154.99000549316406,148.0,148.8699951171875,19.454063415527344,58000
1999-09-02,148.0,157.9600067138672,145.2100067138672,155.17999267578125,20.278640747070312,70500
1999-09-03,158.0,167.60000610351562,158.0,167.60000610351562,21.901660919189453,75000
1999-09-06,170.0,180.0,166.00999450683594,174.25,22.770673751831055,109000
1999-09-07,175.8000030517578,188.19000244140625,175.8000030517578,188.1699981689453,24.589712142944336,188500
1999-09-08,192.0,198.77999877929688,190.60000610351562,192.0399932861328,25.095434188842773,133000
1999-09-09,193.60000610351562,193.60000610351562,178.00999450683594,181.14999389648438,23.67234992980957,102000
1999-09-10,171.0,191.39999389648438,171.0,184.44000244140625,24.102285385131836,92500
1999-09-13,184.44000244140625,184.44000244140625,184.44000244140625,184.44000244140625,24.102285385131836,0
1999-09-14,184.0,185.0,178.0,180.83999633789062,23.6318416595459,36500
1999-09-15,181.0,181.1999969482422,177.60000610351562,178.4499969482422,23.319517135620117,24000
1999-09-16,176.60000610351562,177.97999572753906,172.0,173.75999450683594,22.70663833618164,45500
1999-09-17,170.1999969482422,172.60000610351562,167.1999969482422,169.3300018310547,22.127737045288086,31500
1999-09-20,169.0,174.0,166.1999969482422,172.3000030517578,22.515850067138672,33500
1999-09-21,168.0,174.0,167.8000030517578,168.89999389648438,22.07154083251953,31000
1999-09-22,168.0,168.8000030517578,166.0,166.85000610351562,21.803653717041016,22500
1999-09-23,165.0,167.8000030517578,163.22000122070312,165.8000030517578,21.666444778442383,20000
1999-09-24,164.0,165.60000610351562,163.0,164.50999450683594,21.497865676879883,19000
1999-09-27,163.0,165.77999877929688,154.39999389648438,156.0,20.38579559326172,51000
1999-09-28,148.39999389648438,167.77999877929688,146.0,164.0800018310547,21.44167709350586,127000
1999-09-29,168.0,168.0,157.0,166.1999969482422,21.71870994567871,23500
1999-09-30,169.0,169.0,155.0399932861328,156.0500030517578,20.39232635498047,15000
1999-10-01,158.0,158.0,150.0,151.5,19.797739028930664,8000
1999-10-04,146.1999969482422,146.1999969482422,146.0,146.0,19.079011917114258,2000
1999-10-05,145.0,146.0,135.0,135.8699951171875,17.755239486694336,27500
1999-10-06,140.0,142.0,137.1999969482422,137.80999755859375,18.008758544921875,6500
1999-10-07,143.0,146.0,142.0,144.8000030517578,18.922199249267578,6000
1999-10-08,146.0,146.60000610351562,145.0,145.0399932861328,18.95355796813965,12000
1999-10-11,145.8000030517578,145.8000030517578,144.0,144.0,18.817657470703125,10000
1999-10-12,138.0,138.60000610351562,135.0,136.2100067138672,17.799673080444336,9000
1999-10-13,139.0,140.0,137.1999969482422,140.0,18.294944763183594,2000
1999-10-14,145.0,147.8000030517578,143.0,143.1999969482422,18.71311378479004,4500
1999-10-15,144.0,145.0,144.0,145.0,18.948339462280273,3500
1999-10-18,140.60000610351562,141.99000549316406,135.39999389648438,137.39999389648438,17.955181121826172,6500
1999-10-19,137.39999389648438,137.39999389648438,137.39999389648438,137.39999389648438,17.955181121826172,0
1999-10-20,133.0,138.60000610351562,133.0,138.60000610351562,18.11199378967285,3500
1999-10-21,132.2100067138672,136.89999389648438,132.0,133.22000122070312,17.408945083618164,3500
1999-10-22,132.1999969482422,140.0,130.22000122070312,140.0,18.294944763183594,8000
1999-10-25,139.0,139.0,136.6300048828125,136.6300048828125,17.85455894470215,4500
1999-10-26,137.0,140.0,136.39999389648438,139.97999572753906,18.292329788208008,12000
1999-10-27,139.0,139.0,139.0,139.0,18.16426658630371,500
1999-10-28,136.1999969482422,139.8000030517578,136.1999969482422,139.0,18.16426658630371,4000
1999-10-29,135.0,140.0,135.0,140.0,18.294944763183594,20500
1999-11-01,131.1999969482422,131.1999969482422,128.85000610351562,128.85000610351562,16.837881088256836,2000
1999-11-02,123.0,123.0,119.0199966430664,119.0199966430664,15.553316116333008,2000
1999-11-03,122.0,122.0,120.20999908447266,120.41000366210938,15.734959602355957,2000
1999-11-04,120.41000366210938,120.41000366210938,120.41000366210938,120.41000366210938,15.734959602355957,0
1999-11-05,125.4000015258789,129.97999572753906,125.4000015258789,129.97999572753906,16.985549926757812,1500
1999-11-08,129.97999572753906,129.97999572753906,129.97999572753906,129.97999572753906,16.985549926757812,0
1999-11-09,127.80000305175781,127.80000305175781,124.0,124.0,16.20409393310547,1000
1999-11-10,124.0,124.0,124.0,124.0,16.20409393310547,0
1999-11-11,128.0,128.0,125.20999908447266,125.20999908447266,16.362213134765625,1000
1999-11-12,127.0,127.0,125.0,125.0,16.33477210998535,1500
1999-11-15,120.80000305175781,124.0,120.80000305175781,122.4000015258789,15.995009422302246,1000
1999-11-16,120.0,120.0,116.0,118.80000305175781,15.524564743041992,17000
1999-11-17,119.0,119.0,115.70999908447266,115.70999908447266,15.120773315429688,9000
1999-11-18,115.4000015258789,119.9000015258789,115.4000015258789,119.9000015258789,15.668313980102539,2000
1999-11-19,121.19999694824219,127.97000122070312,120.4000015258789,124.95999908447266,16.329544067382812,67000
1999-11-22,121.4000015258789,124.30000305175781,121.4000015258789,123.69999694824219,16.164888381958008,2500
1999-11-23,123.69999694824219,123.69999694824219,123.69999694824219,123.69999694824219,16.164888381958008,0
1999-11-24,129.89999389648438,130.0,129.89999389648438,130.0,16.9881649017334,1000
1999-11-25,121.19999694824219,139.0,121.19999694824219,136.0,17.77223014831543,20500
1999-11-26,134.0,135.97999572753906,134.0,134.0,17.510873794555664,4500
1999-11-29,139.0,144.60000610351562,134.0,141.55999755859375,18.498802185058594,17500
1999-11-30,138.0,142.0,136.39999389648438,141.89999389648438,18.54323387145996,23000
1999-12-01,132.39999389648438,144.8000030517578,132.39999389648438,135.0,17.641551971435547,4500
1999-12-02,136.0,145.07000732421875,124.41999816894531,140.8000030517578,18.399486541748047,70500
1999-12-03,141.8000030517578,142.0,137.0,137.0,17.902910232543945,2000
1999-12-06,134.02000427246094,134.02000427246094,126.19999694824219,128.0,16.726806640625,23500
1999-12-07,121.19999694824219,126.0,120.30000305175781,124.3499984741211,16.249832153320312,5000
1999-12-08,123.0,123.0,122.0,122.01000213623047,15.94404411315918,1500
1999-12-09,123.5999984741211,124.80000305175781,122.19999694824219,124.0,16.20409393310547,5000
1999-12-10,124.0,124.0,124.0,124.0,16.20409393310547,0
1999-12-13,123.5999984741211,133.60000610351562,123.5999984741211,133.60000610351562,17.458602905273438,20000
1999-12-14,129.0,129.0,124.0,124.47000122070312,16.26551055908203,3000
1999-12-15,120.19999694824219,124.0,120.19999694824219,123.75,16.171424865722656,3000
1999-12-16,121.4000015258789,122.05000305175781,121.4000015258789,122.0,15.94273853302002,2500
1999-12-17,122.4000015258789,122.4000015258789,120.0,120.0,15.681380271911621,4000
1999-12-20,120.0,120.4800033569336,118.0,120.4800033569336,15.744104385375977,2500
1999-12-21,120.0,120.0,116.0,116.80000305175781,15.263208389282227,3500
1999-12-22,124.80000305175781,124.80000305175781,124.80000305175781,124.80000305175781,16.308635711669922,500
1999-12-23,124.5999984741211,124.80000305175781,124.5999984741211,124.80000305175781,16.308635711669922,1000
1999-12-24,121.0,122.0,121.0,122.0,15.94273853302002,1000
1999-12-27,122.0,122.0,122.0,122.0,15.94273853302002,0
1999-12-28,121.4000015258789,123.0,119.80000305175781,119.80000305175781,15.655244827270508,2500
1999-12-29,119.80000305175781,119.80000305175781,119.80000305175781,119.80000305175781,15.655244827270508,0
1999-12-30,120.0,120.0,120.0,120.0,15.681380271911621,500
1999-12-31,120.0,120.0,120.0,120.0,15.681380271911621,0
2000-01-03,118.5999984741211,118.5999984741211,118.5999984741211,118.5999984741211,15.498430252075195,3000
2000-01-04,114.19999694824219,120.0,114.0,119.2699966430664,15.585984230041504,5500
2000-01-05,118.0,120.0,118.0,120.0,15.681380271911621,1000
2000-01-06,122.0,123.0,116.0,116.0,15.158669471740723,3500
2000-01-07,119.19999694824219,122.0,119.19999694824219,122.0,15.94273853302002,3500
2000-01-10,122.0,124.0,122.0,124.0,16.20409393310547,5000
2000-01-11,120.0,124.0,118.19999694824219,118.22000122070312,15.448775291442871,6000
2000-01-12,119.9800033569336,123.0,119.9800033569336,122.54000091552734,16.013301849365234,3500
2000-01-13,118.19999694824219,124.0,118.19999694824219,122.0,15.94273853302002,29500
2000-01-14,121.0,122.0,121.0,122.0,15.94273853302002,1500
2000-01-17,123.19999694824219,126.0,123.19999694824219,126.0,16.4654483795166,8500
2000-01-18,121.44999694824219,126.0,118.0,122.86000061035156,16.055118560791016,118000
2000-01-19,122.4000015258789,122.4000015258789,122.4000015258789,122.4000015258789,15.995009422302246,500
2000-01-20,122.4000015258789,122.4000015258789,122.4000015258789,122.4000015258789,15.995009422302246,0
2000-01-21,122.4000015258789,122.4000015258789,122.4000015258789,122.4000015258789,15.995009422302246,0
2000-01-24,118.0,118.0,113.4000015258789,113.4000015258789,14.818904876708984,1500
2000-01-25,118.0,121.0,109.19999694824219,116.27999877929688,15.195258140563965,4000
2000-01-26,116.27999877929688,116.27999877929688,116.27999877929688,116.27999877929688,15.195258140563965,0
2000-01-27,118.0,118.0,112.19999694824219,112.19999694824219,14.662092208862305,4500
2000-01-28,112.0,112.0,112.0,112.0,14.635951042175293,1500
2000-01-31,112.0,112.0,112.0,112.0,14.635951042175293,0
2000-02-01,104.0,104.0,104.0,104.0,13.590529441833496,500
2000-02-02,104.0,104.0,104.0,104.0,13.590529441833496,500
2000-02-03,100.19999694824219,104.0,100.0,104.0,13.590529441833496,3500
2000-02-04,96.30000305175781,103.76000213623047,96.30000305175781,103.76000213623047,13.559165000915527,1500
2000-02-07,100.0,100.0,100.0,100.0,13.067816734313965,1000
2000-02-08,100.19999694824219,100.19999694824219,96.19999694824219,96.19999694824219,12.571237564086914,2000
2000-02-09,100.0,102.0,100.0,100.30000305175781,13.107019424438477,4500
2000-02-10,100.30000305175781,100.30000305175781,100.30000305175781,100.30000305175781,13.107019424438477,0
2000-02-11,100.19999694824219,100.5999984741211,100.19999694824219,100.19999694824219,13.093955039978027,3000
2000-02-14,95.19999694824219,95.19999694824219,94.19999694824219,94.19999694824219,12.309883117675781,1500
2000-02-15,94.0,101.72000122070312,91.0,99.13999938964844,12.955434799194336,45500
2000-02-16,98.0,107.0,96.0,107.0,13.982563972473145,21000
2000-02-17,100.0,115.55999755859375,100.0,115.19999694824219,15.05412483215332,17500
2000-02-18,122.80000305175781,124.41999816894531,122.80000305175781,124.4000015258789,16.256362915039062,36500
2000-02-21,126.0199966430664,132.0,120.0,120.0,15.681380271911621,6500
2000-02-22,115.19999694824219,122.0,115.0,118.45999908447266,15.480138778686523,9500
2000-02-23,124.0,126.0,121.80000305175781,123.0,16.073415756225586,5000
2000-02-24,123.0,123.0,123.0,123.0,16.073415756225586,0
2000-02-25,115.0,115.0,115.0,115.0,15.02799129486084,500
2000-02-28,124.0,124.0,107.0199966430664,119.33000183105469,15.59382438659668,17500
2000-02-29,112.0,119.80000305175781,110.0,110.0,14.374600410461426,5000
2000-03-01,118.4000015258789,118.4000015258789,116.5999984741211,116.5999984741211,15.23707389831543,1500
2000-03-02,125.0,125.0,107.5999984741211,107.5999984741211,14.060970306396484,4500
2000-03-03,116.0,116.0,100.0,100.0,13.067816734313965,2000
2000-03-06,92.0,96.0,92.0,92.5999984741211,12.100797653198242,3000
2000-03-07,90.19999694824219,94.0,90.19999694824219,90.87999725341797,11.876030921936035,7000
2000-03-08,93.0,93.0,93.0,93.0,12.153069496154785,500
2000-03-09,93.0,93.0,88.0,88.0,11.499677658081055,12000
2000-03-10,88.80000305175781,92.0,88.19999694824219,91.80000305175781,11.996256828308105,2000
2000-03-13,87.0,87.19999694824219,87.0,87.19999694824219,11.395136833190918,110500
2000-03-14,87.80000305175781,87.80000305175781,84.4000015258789,84.69999694824219,11.068440437316895,6500
2000-03-15,83.0,83.0,83.0,83.0,10.84628677368164,2000
2000-03-16,80.0,84.80000305175781,80.0,84.80000305175781,11.081509590148926,12000
2000-03-17,84.80000305175781,84.80000305175781,84.80000305175781,84.80000305175781,11.081509590148926,0
2000-03-20,84.80000305175781,84.80000305175781,84.80000305175781,84.80000305175781,11.081509590148926,0
2000-03-21,79.19999694824219,90.80000305175781,78.62000274658203,79.86000061035156,10.435959815979004,6500
2000-03-22,78.0,78.0,78.0,78.0,10.19289779663086,500
2000-03-23,78.0,78.0,71.80000305175781,71.80000305175781,9.38269329071045,1500
2000-03-24,77.0,77.0,75.0,75.0,9.800861358642578,1000
2000-03-27,74.4000015258789,75.19999694824219,74.4000015258789,75.19999694824219,9.826998710632324,1000
2000-03-28,73.25,75.0,72.23999786376953,75.0,9.800861358642578,4000
2000-03-29,75.01000213623047,75.01000213623047,75.01000213623047,75.01000213623047,9.802169799804688,500
2000-03-30,75.01000213623047,75.01000213623047,75.01000213623047,75.01000213623047,9.802169799804688,0
2000-03-31,80.5999984741211,80.5999984741211,78.0,78.0,10.19289779663086,2000
2000-04-03,78.0,78.0,78.0,78.0,10.19289779663086,0
2000-04-04,73.0199966430664,80.0,72.0999984741211,73.27999877929688,9.576095581054688,9500
2000-04-05,74.5999984741211,79.0,74.5999984741211,79.0,10.323575019836426,2500
2000-04-06,78.0,78.0,78.0,78.0,10.19289779663086,1000
2000-04-07,83.0,84.23999786376953,83.0,84.23999786376953,11.008326530456543,3000
2000-04-10,80.41999816894531,80.41999816894531,80.4000015258789,80.4000015258789,10.506525039672852,1500
2000-04-11,78.0,83.80000305175781,78.0,83.80000305175781,10.950830459594727,1500
2000-04-12,82.30000305175781,82.30000305175781,82.30000305175781,82.30000305175781,10.754812240600586,500
2000-04-13,81.5999984741211,81.5999984741211,81.5999984741211,81.5999984741211,10.663336753845215,500
2000-04-14,81.5999984741211,81.5999984741211,81.5999984741211,81.5999984741211,10.663336753845215,0
2000-04-17,80.0199966430664,80.0199966430664,77.43000030517578,77.43000030517578,10.118409156799316,1000
2000-04-18,76.5,76.5999984741211,76.4000015258789,76.5,9.996881484985352,1500
2000-04-19,82.0,82.0,79.5999984741211,79.5999984741211,10.401981353759766,5000
2000-04-20,78.0,78.0,74.5999984741211,74.5999984741211,9.748590469360352,2000
2000-04-21,74.5999984741211,74.5999984741211,74.5999984741211,74.5999984741211,9.748590469360352,0
2000-04-24,71.0199966430664,71.0199966430664,70.25,70.63999938964844,9.231106758117676,3500
2000-04-25,69.0,74.5999984741211,69.0,73.68000030517578,9.628366470336914,7000
2000-04-26,76.0,79.04000091552734,72.4000015258789,79.04000091552734,10.328801155090332,15500
2000-04-27,79.19999694824219,79.19999694824219,72.80000305175781,72.80000305175781,9.513372421264648,3500
2000-04-28,71.0,74.80000305175781,71.0,74.0,9.670185089111328,3500
2000-05-01,74.0,74.0,74.0,74.0,9.670185089111328,0
2000-05-02,74.0,74.0,74.0,74.0,9.670185089111328,0
2000-05-03,69.19999694824219,69.19999694824219,69.19999694824219,69.19999694824219,9.042929649353027,500
2000-05-04,73.4000015258789,73.4000015258789,68.5999984741211,68.62000274658203,8.96713638305664,5500
2000-05-05,73.94999694824219,74.0,73.94999694824219,74.0,9.670185089111328,2000
2000-05-08,77.5,79.9000015258789,74.4000015258789,77.5,10.127559661865234,9000
2000-05-09,80.80000305175781,80.80000305175781,76.6500015258789,76.6500015258789,10.01648235321045,1500
2000-05-10,78.19999694824219,78.19999694824219,76.0199966430664,76.0199966430664,9.93415355682373,1500
2000-05-11,76.0199966430664,76.0199966430664,76.0199966430664,76.0199966430664,9.93415355682373,0
2000-05-12,72.0,79.0,72.0,79.0,10.323575019836426,1500
2000-05-15,76.19999694824219,76.19999694824219,76.0,76.0,9.93154239654541,4000
2000-05-16,76.0,76.0,76.0,76.0,9.93154239654541,0
2000-05-17,75.0,75.0,73.80000305175781,73.9000015258789,9.657116889953613,1500
2000-05-18,70.5999984741211,70.5999984741211,69.0,69.19999694824219,9.042929649353027,2500
2000-05-19,70.4000015258789,71.37999725341797,70.4000015258789,71.37999725341797,9.327807426452637,1000
2000-05-22,70.0,70.5999984741211,70.0,70.5999984741211,9.225878715515137,1000
2000-05-23,74.0,74.0,69.0,69.0,9.01679515838623,5500
2000-05-24,69.0,71.4000015258789,69.0,71.4000015258789,9.330422401428223,1500
2000-05-25,71.05000305175781,71.05000305175781,70.0,70.0,9.147472381591797,1000
2000-05-26,69.0,71.0,69.0,71.0,9.278149604797363,2000
2000-05-29,70.98999786376953,72.87999725341797,69.2300033569336,72.87999725341797,9.523825645446777,2500
2000-05-30,73.37999725341797,73.37999725341797,73.37999725341797,73.37999725341797,9.589162826538086,500
2000-05-31,74.0,78.0,74.0,77.0,10.06221866607666,2000
2000-06-01,77.0,80.0,77.0,78.80000305175781,10.297439575195312,8500
2000-06-02,85.08999633789062,85.11000061035156,81.4000015258789,85.11000061035156,11.122017860412598,17000
2000-06-05,88.9800033569336,88.9800033569336,81.41999816894531,82.08999633789062,10.727370262145996,118000
2000-06-06,80.0,81.0,80.0,80.16999816894531,10.476468086242676,4000
2000-06-07,75.62999725341797,75.62999725341797,75.62999725341797,75.62999725341797,9.88318920135498,500
2000-06-08,77.0,77.0,77.0,77.0,10.06221866607666,500
2000-06-09,80.18000030517578,80.18000030517578,80.18000030517578,80.18000030517578,10.477773666381836,500
2000-06-12,82.5999984741211,84.0,82.5999984741211,83.0,10.84628677368164,4500
2000-06-13,80.19999694824219,80.19999694824219,78.20999908447266,79.0,10.323575019836426,1500
2000-06-14,79.0,79.0,79.0,79.0,10.323575019836426,0
2000-06-15,80.0,80.0,80.0,80.0,10.454251289367676,500
2000-06-16,80.0,80.0,80.0,80.0,10.454251289367676,5000
2000-06-19,80.9000015258789,80.9000015258789,80.9000015258789,80.9000015258789,10.57186508178711,500
2000-06-20,80.0,80.0,80.0,80.0,10.454251289367676,500
2000-06-21,80.0,80.0,80.0,80.0,10.454251289367676,500
2000-06-22,80.0,80.0,80.0,80.0,10.454251289367676,1500
2000-06-23,80.0,80.0,80.0,80.0,10.454251289367676,0
2000-06-26,80.0,80.0,80.0,80.0,10.454251289367676,0
2000-06-27,80.0,80.19999694824219,80.0,80.0,10.454251289367676,13500
2000-06-28,80.4000015258789,80.4000015258789,80.4000015258789,80.4000015258789,10.506525039672852,500
2000-06-29,83.80000305175781,83.80000305175781,82.05000305175781,82.05000305175781,10.722142219543457,2000
2000-06-30,79.0,80.0,78.0,80.0,10.454251289367676,2000
2000-07-03,82.0,86.33999633789062,82.0,84.44000244140625,11.034462928771973,4500
2000-07-04,81.0,82.5999984741211,80.5,82.5999984741211,10.79401683807373,2500
2000-07-05,83.80000305175781,86.4000015258789,83.80000305175781,86.4000015258789,11.290590286254883,7500
2000-07-06,86.4000015258789,86.4000015258789,86.4000015258789,86.4000015258789,11.290590286254883,0
2000-07-07,84.19999694824219,86.36000061035156,84.19999694824219,85.27999877929688,11.144233703613281,1000
2000-07-10,88.0,88.80000305175781,86.5999984741211,88.80000305175781,11.604222297668457,2000
2000-07-11,82.4000015258789,94.0,82.4000015258789,94.0,12.283747673034668,24500
2000-07-12,94.0,98.4000015258789,94.0,98.4000015258789,12.85873031616211,19000
2000-07-13,99.5999984741211,99.5999984741211,96.9800033569336,97.0,12.67578125,2000
2000-07-14,94.80000305175781,101.54000091552734,94.80000305175781,99.87999725341797,13.052133560180664,8000
2000-07-17,94.0,97.0,94.0,97.0,12.67578125,4500
2000-07-18,90.5,90.62000274658203,90.5,90.62000274658203,11.84205436706543,1000
2000-07-19,89.5999984741211,91.0,89.5999984741211,91.0,11.891712188720703,1000
2000-07-20,88.9800033569336,89.9800033569336,88.9800033569336,89.9800033569336,11.7584228515625,1000
2000-07-21,89.9800033569336,89.9800033569336,89.9800033569336,89.9800033569336,11.7584228515625,0
2000-07-24,89.5999984741211,89.80000305175781,85.0,85.0,11.107645988464355,1500
2000-07-25,86.0,86.0,83.5999984741211,83.5999984741211,10.92469596862793,1000
2000-07-26,83.5999984741211,83.5999984741211,83.5999984741211,83.5999984741211,10.92469596862793,0
2000-07-27,85.0,85.0,85.0,85.0,11.107645988464355,500
2000-07-28,89.0,89.70999908447266,89.0,89.70999908447266,11.723138809204102,3000
2000-07-31,91.0,91.80000305175781,91.0,91.80000305175781,11.996256828308105,2500
2000-08-01,86.19999694824219,97.0,86.19999694824219,91.4000015258789,11.943985939025879,14500
2000-08-02,91.4000015258789,91.4000015258789,91.4000015258789,91.4000015258789,11.943985939025879,0
2000-08-03,91.4000015258789,91.4000015258789,91.4000015258789,91.4000015258789,11.943985939025879,0
2000-08-04,91.4000015258789,91.4000015258789,91.4000015258789,91.4000015258789,11.943985939025879,0
2000-08-07,91.4000015258789,91.4000015258789,91.4000015258789,91.4000015258789,11.943985939025879,0
2000-08-08,84.41000366210938,85.0,84.41000366210938,85.0,11.107645988464355,751000
2000-08-09,84.5999984741211,84.5999984741211,84.5999984741211,84.5999984741211,11.055375099182129,500
2000-08-10,80.0,83.5999984741211,80.0,83.5999984741211,10.92469596862793,1000
2000-08-11,83.5999984741211,83.5999984741211,83.5999984741211,83.5999984741211,10.92469596862793,0
2000-08-14,78.19999694824219,79.0,78.19999694824219,78.80000305175781,10.297439575195312,2000
2000-08-15,78.80000305175781,78.80000305175781,78.80000305175781,78.80000305175781,10.297439575195312,0
2000-08-16,84.0,85.11000061035156,81.4000015258789,85.11000061035156,11.122017860412598,7500
2000-08-17,83.25,84.75,83.19999694824219,83.19999694824219,10.87242317199707,2025
2000-08-18,84.37999725341797,85.0,82.0199966430664,84.69999694824219,11.068440437316895,5800
2000-08-21,86.4000015258789,86.4000015258789,85.25,86.0999984741211,11.251391410827637,1700
2000-08-22,80.23999786376953,87.80000305175781,80.23999786376953,87.76000213623047,11.468315124511719,3590
2000-08-23,88.0,88.0,84.01000213623047,85.80000305175781,11.212187767028809,752000
2000-08-24,84.0,86.5999984741211,84.0,86.5999984741211,11.316725730895996,377000
2000-08-25,85.0,86.5999984741211,85.0,86.5999984741211,11.316725730895996,1000
2000-08-28,84.80000305175781,85.9800033569336,83.5999984741211,84.80000305175781,11.081509590148926,3000
2000-08-29,83.80000305175781,84.69999694824219,80.19999694824219,80.9000015258789,10.57186508178711,4000
2000-08-30,86.0,86.0,80.0,80.0,10.454251289367676,1500
2000-08-31,81.5999984741211,81.5999984741211,81.5999984741211,81.5999984741211,10.663336753845215,500
2000-09-01,81.5999984741211,81.5999984741211,81.5999984741211,81.5999984741211,10.663336753845215,0
2000-09-04,84.0,84.0,75.19999694824219,75.33000183105469,9.84398365020752,3000
2000-09-05,75.2300033569336,76.19999694824219,75.2300033569336,76.19999694824219,9.957677841186523,1000
2000-09-06,76.19999694824219,76.19999694824219,76.19999694824219,76.19999694824219,9.957677841186523,0
2000-09-07,80.5,80.5,79.0,79.0,10.323575019836426,1000
2000-09-08,79.0,79.0,79.0,79.0,10.323575019836426,0
2000-09-11,81.5999984741211,81.69999694824219,78.19999694824219,81.0,10.584933280944824,2500
2000-09-12,80.19999694824219,82.75,80.19999694824219,82.2699966430664,10.75089168548584,3500
2000-09-13,87.0,87.0,81.4000015258789,81.4000015258789,10.637202262878418,1500
2000-09-14,81.4000015258789,81.4000015258789,81.4000015258789,81.4000015258789,10.637202262878418,0
2000-09-15,80.80000305175781,83.0,80.80000305175781,81.56999969482422,10.659419059753418,2000
2000-09-18,81.80000305175781,81.80000305175781,81.80000305175781,81.80000305175781,10.689473152160645,500
2000-09-19,87.0,87.0,80.0,80.0,10.454251289367676,2500
2000-09-20,80.0,80.0,78.0,78.0,10.19289779663086,1880
2000-09-21,72.0,82.0,72.0,78.0,10.19289779663086,1265
2000-09-22,80.5999984741211,80.80000305175781,72.8499984741211,79.5999984741211,10.401981353759766,1535
2000-09-25,75.0999984741211,77.0,75.0999984741211,75.2300033569336,9.830918312072754,920
2000-09-26,74.0,74.0,70.31999969482422,73.30999755859375,9.580016136169434,1195
2000-09-27,70.0,76.0,70.0,76.0,9.93154239654541,69525
2000-09-28,76.0,76.0,76.0,76.0,9.93154239654541,0
2000-09-29,75.0,77.0,75.0,77.0,10.06221866607666,250
2000-10-02,77.0,77.0,77.0,77.0,10.06221866607666,0
2000-10-03,75.0,80.0,75.0,78.01000213623047,10.194204330444336,671700
2000-10-04,75.62000274658203,80.4000015258789,75.62000274658203,78.48999786376953,10.256928443908691,1555
2000-10-05,79.5999984741211,79.5999984741211,77.25,77.25,10.094888687133789,365
2000-10-06,78.37999725341797,78.37999725341797,75.0,75.19999694824219,9.826998710632324,32505
2000-10-09,75.19999694824219,75.19999694824219,75.19999694824219,75.19999694824219,9.826998710632324,0
2000-10-10,75.5999984741211,75.5999984741211,69.19999694824219,69.19999694824219,9.042929649353027,1765
2000-10-11,71.0,74.73999786376953,71.0,74.73999786376953,9.766885757446289,1215
2000-10-12,75.0,79.55999755859375,74.0,74.0,9.670185089111328,85205
2000-10-13,79.77999877929688,79.77999877929688,75.80000305175781,75.80000305175781,9.90540599822998,155
2000-10-16,79.98999786376953,79.98999786376953,75.0,75.80000305175781,9.90540599822998,1215
2000-10-17,81.87000274658203,81.87000274658203,72.5999984741211,72.6500015258789,9.493769645690918,490
2000-10-18,70.05000305175781,70.05000305175781,70.0,70.0,9.147472381591797,140
2000-10-19,68.0,75.0,68.0,75.0,9.800861358642578,545
2000-10-20,75.19999694824219,77.0,74.22000122070312,74.5,9.73552417755127,12320
2000-10-23,79.0,80.0,74.25,76.0,9.93154239654541,2225
2000-10-24,74.5,76.5999984741211,74.4000015258789,76.5999984741211,10.009947776794434,2500
2000-10-25,81.75,81.75,75.5,76.05000305175781,9.938075065612793,658180
2000-10-26,76.05000305175781,76.05000305175781,75.80000305175781,75.80000305175781,9.90540599822998,50
2000-10-27,70.5999984741211,77.30000305175781,70.4000015258789,70.4000015258789,9.199743270874023,945
2000-10-30,74.56999969482422,74.56999969482422,74.44000244140625,74.44000244140625,9.727683067321777,60
2000-10-31,74.44000244140625,74.44000244140625,71.0,74.19999694824219,9.696321487426758,4000
2000-11-01,74.19999694824219,74.23999786376953,74.19999694824219,74.19999694824219,9.696321487426758,1125
2000-11-02,80.0,80.0,74.0,76.9000015258789,10.049151420593262,2550
2000-11-03,76.0,80.9800033569336,76.0,79.55000305175781,10.3954496383667,7420
2000-11-06,78.4000015258789,78.4000015258789,75.25,76.0,9.93154239654541,890
2000-11-07,76.11000061035156,78.0,74.0199966430664,74.0199966430664,9.672796249389648,11255
2000-11-08,76.0,79.94000244140625,74.5,79.94000244140625,10.446415901184082,5710
2000-11-09,84.94000244140625,84.94000244140625,77.0,77.41999816894531,10.117104530334473,3420
2000-11-10,77.0,80.19999694824219,77.0,80.12999725341797,10.471240997314453,1365
2000-11-13,76.37999725341797,79.12999725341797,76.37999725341797,76.62000274658203,10.012560844421387,4625
2000-11-14,77.0,82.4000015258789,76.7300033569336,82.4000015258789,10.767881393432617,10570
2000-11-15,81.0,84.87999725341797,81.0,81.66999816894531,10.672486305236816,19750
2000-11-16,81.80000305175781,82.9000015258789,81.23999786376953,81.2699966430664,10.620214462280273,5275
2000-11-17,81.19999694824219,84.3499984741211,79.22000122070312,82.9800033569336,10.843672752380371,14055
2000-11-20,81.19999694824219,83.5999984741211,81.19999694824219,81.27999877929688,10.621520042419434,1855
2000-11-21,81.0,82.80000305175781,79.9000015258789,81.19999694824219,10.611066818237305,9250
2000-11-22,80.5,80.5,80.30000305175781,80.43000030517578,10.510446548461914,2000
2000-11-23,80.01000213623047,81.19999694824219,79.5,81.12000274658203,10.600613594055176,5570
2000-11-24,80.0,80.0,79.55999755859375,79.58000183105469,10.399369239807129,6475
2000-11-27,81.0,81.4000015258789,77.19999694824219,77.19999694824219,10.088353157043457,15360
2000-11-28,80.80000305175781,81.19999694824219,80.0,80.33999633789062,10.498682975769043,15320
2000-11-29,76.19999694824219,86.5999984741211,76.19999694824219,85.77999877929688,11.209574699401855,84860
2000-11-30,86.5999984741211,87.0,83.5999984741211,83.76000213623047,10.945605278015137,13930
2000-12-01,85.0,85.22000122070312,83.4000015258789,83.62999725341797,10.928614616394043,7230
2000-12-04,82.0,88.0,82.0,85.22000122070312,11.136396408081055,16975
2000-12-05,84.0,87.80000305175781,83.80000305175781,84.94999694824219,11.10111141204834,29495
2000-12-06,86.0,86.0,83.0,84.63999938964844,11.060599327087402,21930
2000-12-07,84.5999984741211,84.5999984741211,83.0199966430664,83.05000305175781,10.85282039642334,1260
2000-12-08,83.98999786376953,84.97000122070312,82.4000015258789,84.41000366210938,11.03054428100586,5520
2000-12-11,84.94999694824219,91.16999816894531,83.66999816894531,91.16999816894531,11.913928031921387,40045
2000-12-12,93.80000305175781,95.80000305175781,90.0,90.70999908447266,11.853815078735352,21770
2000-12-13,92.30000305175781,97.80000305175781,92.30000305175781,95.5999984741211,12.49283218383789,21530
2000-12-14,97.0999984741211,103.0,96.20999908447266,99.87000274658203,13.050830841064453,46775
2000-12-15,98.0,98.0,95.0,95.83000183105469,12.522890090942383,18805
2000-12-18,98.0,103.5,98.0,103.5,13.525190353393555,75560
2000-12-19,104.19999694824219,111.77999877929688,104.19999694824219,111.77999877929688,14.607207298278809,30305
2000-12-20,119.5999984741211,120.5999984741211,113.19999694824219,114.66999816894531,14.984867095947266,37840
2000-12-21,114.4000015258789,116.0,108.0,112.0,14.635951042175293,16470
2000-12-22,113.80000305175781,113.80000305175781,108.0,109.33999633789062,14.288348197937012,9610
2000-12-25,109.33999633789062,109.33999633789062,109.33999633789062,109.33999633789062,14.288348197937012,0
2000-12-26,109.0,109.0,105.0,107.36000061035156,14.029607772827148,35920
2000-12-27,107.0,109.80000305175781,107.0,107.4000015258789,14.034833908081055,4610
2000-12-28,108.0,114.13999938964844,108.0,113.55999755859375,14.839812278747559,7695
2000-12-29,112.0,113.0,110.19999694824219,111.37999725341797,14.554936408996582,20660
2001-01-01,112.0,112.0,107.4000015258789,107.94999694824219,14.106709480285645,3355
2001-01-02,108.76000213623047,110.0,108.04000091552734,109.7300033569336,14.339315414428711,16980
2001-01-03,110.0,112.94000244140625,107.0,112.2300033569336,14.66601276397705,10385
2001-01-04,112.94000244140625,115.80000305175781,112.0,112.22000122070312,14.664704322814941,11120
2001-01-05,112.19999694824219,113.0,112.0,112.06999969482422,14.645101547241211,5000
2001-01-08,113.9800033569336,113.9800033569336,112.0,112.05000305175781,14.64249038696289,7675
2001-01-09,115.80000305175781,116.0,112.0,112.12000274658203,14.65163516998291,11810
2001-01-10,112.5,115.58000183105469,112.0199966430664,115.38999938964844,15.07895278930664,3055
2001-01-11,115.80000305175781,116.0,113.0,114.66999816894531,14.984867095947266,7360
2001-01-12,113.5999984741211,115.0,113.4000015258789,114.72000122070312,14.991398811340332,2915
2001-01-15,112.80999755859375,114.19999694824219,112.77999877929688,113.73999786376953,14.863336563110352,3710
2001-01-16,112.4000015258789,116.0,112.0,115.4000015258789,15.08026123046875,9385
2001-01-17,114.97000122070312,115.19999694824219,113.05000305175781,114.7699966430664,14.997936248779297,3735
2001-01-18,114.4000015258789,116.0,112.0,115.87000274658203,15.141678810119629,14585
2001-01-19,115.0,115.79000091552734,113.45999908447266,114.76000213623047,14.996630668640137,4275
2001-01-22,115.80000305175781,116.18000030517578,112.26000213623047,114.55999755859375,14.970492362976074,4895
2001-01-23,112.04000091552734,120.80000305175781,112.04000091552734,119.69000244140625,15.640873908996582,11295
2001-01-24,118.0,120.0,117.05000305175781,117.62000274658203,15.370368003845215,10315
2001-01-25,114.19999694824219,122.0,114.19999694824219,120.63999938964844,15.765016555786133,562135
2001-01-26,120.63999938964844,120.63999938964844,120.63999938964844,120.63999938964844,15.765016555786133,0
2001-01-29,112.0999984741211,120.80000305175781,112.0999984741211,116.38999938964844,15.209634780883789,5435
2001-01-30,117.62000274658203,119.9800033569336,116.0,117.30999755859375,15.329855918884277,10145
2001-01-31,120.0,120.0,117.0,117.4800033569336,15.352071762084961,7420
2001-02-01,119.80000305175781,119.80000305175781,112.0,112.0,14.635951042175293,9805
2001-02-02,113.98999786376953,115.0,112.01000213623047,115.0,15.02799129486084,5735
2001-02-05,112.0199966430664,114.9800033569336,112.0199966430664,113.36000061035156,14.813678741455078,9490
2001-02-06,113.0,113.4000015258789,109.19999694824219,110.8499984741211,14.485674858093262,27940
2001-02-07,103.0,103.0,101.98999786376953,101.98999786376953,13.327865600585938,510350
2001-02-08,96.0,103.73999786376953,95.9800033569336,100.22000122070312,13.096566200256348,487875
2001-02-09,98.0,104.5999984741211,98.0,102.27999877929688,13.365764617919922,41425
2001-02-12,102.19999694824219,104.0,100.19999694824219,102.25,13.361844062805176,24380
2001-02-13,102.0,109.33999633789062,97.0,99.18000030517578,12.960659980773926,311090
2001-02-14,101.0,103.31999969482422,99.80000305175781,101.6500015258789,13.28343391418457,4605
2001-02-15,102.05000305175781,104.0,101.19999694824219,102.66999816894531,13.416725158691406,80635
2001-02-16,101.30999755859375,102.0,100.22000122070312,100.22000122070312,13.096566200256348,23295
2001-02-19,100.0,101.19999694824219,95.6500015258789,96.70999908447266,12.637886047363281,1780
2001-02-20,98.0,98.0,90.41000366210938,94.01000213623047,12.285056114196777,29005
2001-02-21,93.4000015258789,93.9800033569336,90.19999694824219,93.9800033569336,12.281133651733398,10950
2001-02-22,92.20999908447266,95.37999725341797,92.20999908447266,95.22000122070312,12.443175315856934,4255
2001-02-23,99.4000015258789,99.4000015258789,93.41999816894531,93.41999816894531,12.207953453063965,2380
2001-02-26,90.19999694824219,92.5999984741211,89.58000183105469,89.58000183105469,11.70615005493164,1740
2001-02-27,86.22000122070312,86.22000122070312,82.41999816894531,82.41999816894531,10.77049446105957,8815
2001-02-28,81.11000061035156,81.11000061035156,77.0999984741211,79.0199966430664,10.326186180114746,6960
2001-03-01,78.19999694824219,82.5999984741211,78.19999694824219,79.79000091552734,10.426812171936035,3150
2001-03-02,78.0,80.0,77.4000015258789,77.41000366210938,10.115798950195312,21585
2001-03-05,79.80000305175781,83.5999984741211,79.0,81.48999786376953,10.648963928222656,26770
2001-03-06,81.48999786376953,81.48999786376953,81.48999786376953,81.48999786376953,10.648963928222656,0
2001-03-07,82.9000015258789,87.5999984741211,82.9000015258789,86.66000366210938,11.324569702148438,32410
2001-03-08,80.80000305175781,85.80000305175781,80.80000305175781,85.80000305175781,11.212187767028809,3175
2001-03-09,81.4000015258789,85.98999786376953,78.94000244140625,84.19999694824219,11.003101348876953,39360
2001-03-12,83.19000244140625,86.0,79.5999984741211,81.01000213623047,10.5862398147583,26950
2001-03-13,75.44999694824219,78.19999694824219,74.52999877929688,74.52999877929688,9.739442825317383,1940
2001-03-14,79.4000015258789,80.5,77.66999816894531,80.5,10.51959228515625,13130
2001-03-15,80.4000015258789,86.80000305175781,80.4000015258789,84.16000366210938,10.997873306274414,13550
2001-03-16,82.86000061035156,84.9800033569336,82.25,82.25,10.74828052520752,1620
2001-03-19,80.05000305175781,81.80000305175781,80.05000305175781,80.05000305175781,10.460787773132324,535
2001-03-20,79.0,81.77999877929688,77.19999694824219,79.1500015258789,10.343178749084473,3585
2001-03-21,79.1500015258789,79.1500015258789,79.1500015258789,79.1500015258789,10.343178749084473,0
2001-03-22,78.19999694824219,83.5,78.19999694824219,79.41000366210938,10.377151489257812,285
2001-03-23,73.4000015258789,85.0,73.4000015258789,74.01000213623047,9.671491622924805,34100
2001-03-26,73.80000305175781,76.0199966430664,73.4000015258789,76.0199966430664,9.93415355682373,1710
2001-03-27,74.05000305175781,76.0,74.05000305175781,75.68000030517578,9.889723777770996,2540
2001-03-28,78.0,78.98999786376953,77.0,78.98999786376953,10.322269439697266,7520
2001-03-29,75.0,81.80000305175781,73.19999694824219,75.77999877929688,9.902792930603027,22755
2001-03-30,75.0,75.66000366210938,75.0,75.6500015258789,9.88580322265625,1655
2001-04-02,75.0,75.0,72.0,72.02999877929688,9.412747383117676,800
2001-04-03,73.0,73.5999984741211,71.02999877929688,72.72000122070312,9.502915382385254,320
2001-04-04,72.19999694824219,72.4000015258789,72.19999694824219,72.4000015258789,9.461099624633789,1395
2001-04-05,72.4000015258789,72.4000015258789,72.4000015258789,72.4000015258789,9.461099624633789,0
2001-04-06,72.80000305175781,72.80000305175781,72.44999694824219,72.44999694824219,9.467632293701172,450
2001-04-09,77.76000213623047,77.76000213623047,75.0,76.75,10.029549598693848,36880
2001-04-10,81.19999694824219,81.19999694824219,72.0,72.0,9.408828735351562,2725
2001-04-11,70.30000305175781,76.80000305175781,70.19999694824219,74.20999908447266,9.697628021240234,27545
2001-04-12,72.0,75.0,72.0,73.62000274658203,9.620527267456055,2860
2001-04-13,73.62000274658203,73.62000274658203,73.62000274658203,73.62000274658203,9.620527267456055,0
2001-04-16,70.31999969482422,75.30999755859375,70.31999969482422,72.19999694824219,9.434964179992676,1120
2001-04-17,75.01000213623047,75.01000213623047,74.0,74.04000091552734,9.675411224365234,1655
2001-04-18,76.0,76.80000305175781,74.22000122070312,76.0,9.93154239654541,1100
2001-04-19,76.80000305175781,77.0,74.5,76.0,9.93154239654541,3290
2001-04-20,74.02999877929688,75.19999694824219,73.19999694824219,73.58999633789062,9.616604804992676,2225
2001-04-23,73.0,73.5999984741211,72.4000015258789,72.83999633789062,9.518597602844238,1815
2001-04-24,72.0,73.0,72.0,72.0,9.408828735351562,1615
2001-04-25,72.0,73.4000015258789,71.4000015258789,71.43000030517578,9.334342956542969,3700
2001-04-26,69.83999633789062,70.5999984741211,69.83999633789062,70.22000122070312,9.17622184753418,790
2001-04-27,69.5999984741211,69.5999984741211,68.44999694824219,68.44999694824219,8.944920539855957,1575
2001-04-30,67.20999908447266,69.5999984741211,67.20999908447266,69.5999984741211,9.095198631286621,850
2001-05-01,69.5999984741211,69.5999984741211,69.5999984741211,69.5999984741211,9.095198631286621,0
2001-05-02,69.41000366210938,69.98999786376953,69.4000015258789,69.5,9.082133293151855,1250
2001-05-03,67.0,68.80000305175781,67.0,68.51000213623047,8.952762603759766,1120
2001-05-04,69.0,69.58000183105469,69.0,69.58000183105469,9.0925874710083,125
2001-05-07,68.9800033569336,69.0,68.9800033569336,68.98999786376953,9.015485763549805,275
2001-05-08,68.77999877929688,68.77999877929688,67.80999755859375,67.80999755859375,8.861285209655762,250
2001-05-09,67.86000061035156,68.80000305175781,67.80000305175781,68.05000305175781,8.892650604248047,1150
2001-05-10,67.19999694824219,67.19999694824219,67.19999694824219,67.19999694824219,8.781573295593262,1140
2001-05-11,67.41999816894531,67.41999816894531,67.3499984741211,67.41000366210938,8.809015274047852,60
2001-05-14,67.20999908447266,67.20999908447266,65.02999877929688,67.18000030517578,8.778958320617676,4690
2001-05-15,65.20999908447266,66.7699966430664,65.19999694824219,65.62999725341797,8.576407432556152,5650
2001-05-16,65.0,70.0,65.0,69.30000305175781,9.055996894836426,1565
2001-05-17,70.0,71.94999694824219,70.0,71.94999694824219,9.402294158935547,1115
2001-05-18,72.38999938964844,72.38999938964844,70.0,70.0199966430664,9.15008544921875,1900
2001-05-21,71.0,71.0,68.5,71.0,9.278149604797363,530
2001-05-22,70.48999786376953,72.0,70.0,71.4000015258789,9.330422401428223,5640
2001-05-23,73.9800033569336,73.9800033569336,70.61000061035156,70.61000061035156,9.22718334197998,75
2001-05-24,71.94999694824219,71.95999908447266,67.4000015258789,70.01000213623047,9.14877986907959,5015
2001-05-25,70.19999694824219,70.19999694824219,69.5999984741211,70.19999694824219,9.17360782623291,570
2001-05-28,68.5999984741211,69.19999694824219,68.20999908447266,69.0,9.01679515838623,1605
2001-05-29,69.0,71.93000030517578,69.0,69.48999786376953,9.080825805664062,2360
2001-05-30,69.80000305175781,72.0,69.80000305175781,71.01000213623047,9.279457092285156,6520
2001-05-31,70.2300033569336,71.94000244140625,70.19999694824219,71.04000091552734,9.283377647399902,1815
2001-06-01,69.80000305175781,71.0,69.80000305175781,70.5999984741211,9.225878715515137,2585
2001-06-04,71.0,71.0,68.0199966430664,68.4000015258789,8.938386917114258,615
2001-06-05,68.87999725341797,70.0,68.19999694824219,69.0,9.01679515838623,2125
2001-06-06,65.08999633789062,69.0,65.0,68.0999984741211,8.899182319641113,4640
2001-06-07,67.80000305175781,69.80000305175781,67.4000015258789,69.0,9.01679515838623,4245
2001-06-08,67.54000091552734,69.37999725341797,67.0,67.36000061035156,8.802483558654785,3670
2001-06-11,64.0,67.62000274658203,64.0,67.2300033569336,8.785492897033691,5025
2001-06-12,65.30999755859375,67.0,64.0,65.29000091552734,8.531978607177734,5180
2001-06-13,65.31999969482422,66.8499984741211,65.31999969482422,65.36000061035156,8.541123390197754,580
2001-06-14,67.08999633789062,67.0999984741211,65.01000213623047,65.37999725341797,8.543739318847656,1415
2001-06-15,63.61000061035156,65.0,63.599998474121094,64.05000305175781,8.369937896728516,860
2001-06-18,66.44000244140625,68.80000305175781,60.0,63.599998474121094,8.311132431030273,3175
2001-06-19,59.0,65.0,59.0,63.310001373291016,8.273234367370605,4585
2001-06-20,64.4000015258789,66.0,64.4000015258789,66.0,8.624760627746582,200050
2001-06-21,67.4000015258789,67.80000305175781,63.099998474121094,63.400001525878906,8.284996032714844,1835
2001-06-22,66.80000305175781,66.80000305175781,58.400001525878906,59.56999969482422,7.784496307373047,3830
2001-06-25,60.0,60.0,57.0,57.209999084472656,7.476097106933594,7915
2001-06-26,59.79999923706055,61.790000915527344,59.79999923706055,61.790000915527344,8.074605941772461,2935
2001-06-27,62.0,63.599998474121094,61.619998931884766,62.59000015258789,8.179145812988281,3695
2001-06-28,61.400001525878906,65.0,61.400001525878906,64.87000274658203,8.477092742919922,2740
2001-06-29,64.5999984741211,66.0,64.19999694824219,65.0199966430664,8.496694564819336,3175
2001-07-02,67.0,70.0,67.0,69.33999633789062,9.061223030090332,650
2001-07-03,56.400001525878906,70.19999694824219,56.400001525878906,70.19999694824219,9.17360782623291,53595
2001-07-04,72.0,73.58999633789062,69.0,72.0,9.408828735351562,23230
2001-07-05,69.0,71.58000183105469,69.0,69.12000274658203,9.032475471496582,3625
2001-07-06,67.0,67.01000213623047,67.0,67.0,8.755436897277832,265
2001-07-09,74.4000015258789,74.4000015258789,61.400001525878906,66.41000366210938,8.678337097167969,735
2001-07-10,66.41999816894531,70.4000015258789,66.0199966430664,69.7699966430664,9.117417335510254,30710
2001-07-11,69.9800033569336,70.19999694824219,68.02999877929688,70.18000030517578,9.17099380493164,25870
2001-07-12,70.0,70.98999786376953,70.0,70.9800033569336,9.27553653717041,595
2001-07-13,70.0,70.19999694824219,69.0,69.0,9.01679515838623,11730
2001-07-16,68.5999984741211,70.0,68.5999984741211,69.0,9.01679515838623,1240
2001-07-17,69.9800033569336,70.19999694824219,69.5999984741211,70.0999984741211,9.160537719726562,3050
2001-07-18,70.0,70.19999694824219,67.5999984741211,67.7300033569336,8.850834846496582,12775
2001-07-19,70.0,70.0,67.19999694824219,67.19999694824219,8.781573295593262,800
2001-07-20,67.19999694824219,67.19999694824219,67.19999694824219,67.19999694824219,8.781573295593262,0
2001-07-23,67.19999694824219,67.19999694824219,67.19999694824219,67.19999694824219,8.781573295593262,0
2001-07-24,67.4000015258789,68.4000015258789,67.4000015258789,68.05000305175781,8.892650604248047,2065
2001-07-25,65.22000122070312,65.22000122070312,63.599998474121094,63.599998474121094,8.311132431030273,375
2001-07-26,64.19999694824219,64.19999694824219,64.19999694824219,64.19999694824219,8.389537811279297,500
2001-07-27,59.81999969482422,63.599998474121094,59.81999969482422,63.599998474121094,8.311132431030273,250
2001-07-30,62.0,66.0,62.0,65.44000244140625,8.551580429077148,2980
2001-07-31,68.0,69.58000183105469,67.0,69.58000183105469,9.0925874710083,2530
2001-08-01,64.61000061035156,64.61000061035156,62.400001525878906,63.77000045776367,8.333346366882324,650
2001-08-02,64.19999694824219,64.19999694824219,64.18000030517578,64.19999694824219,8.389537811279297,440
2001-08-03,66.0,67.18000030517578,64.0,64.01000213623047,8.36470890045166,1060
2001-08-06,64.0,65.0,64.0,65.0,8.4940824508667,810
2001-08-07,60.20000076293945,65.0,54.0,64.19999694824219,8.389537811279297,5295
2001-08-08,62.400001525878906,64.0,62.400001525878906,63.400001525878906,8.284996032714844,280
2001-08-09,64.80000305175781,64.80000305175781,62.220001220703125,63.59000015258789,8.30982494354248,11350
2001-08-10,62.0,64.8499984741211,61.599998474121094,64.37999725341797,8.413058280944824,26110
2001-08-13,62.70000076293945,63.939998626708984,62.650001525878906,63.220001220703125,8.261472702026367,650
2001-08-14,63.220001220703125,63.220001220703125,63.220001220703125,63.220001220703125,8.261472702026367,0
2001-08-15,63.220001220703125,63.220001220703125,63.220001220703125,63.220001220703125,8.261472702026367,0
2001-08-16,64.79000091552734,66.0,62.0099983215332,65.9800033569336,8.622146606445312,6880
2001-08-17,63.599998474121094,63.599998474121094,62.619998931884766,62.939998626708984,8.224883079528809,1840
2001-08-20,63.0099983215332,63.0099983215332,62.41999816894531,62.41999816894531,8.156930923461914,605
2001-08-21,62.400001525878906,62.400001525878906,61.5,61.709999084472656,8.064149856567383,415
2001-08-22,61.709999084472656,61.709999084472656,61.709999084472656,61.709999084472656,8.064149856567383,0
2001-08-23,65.5999984741211,66.5999984741211,63.79999923706055,64.12000274658203,8.379083633422852,1575
2001-08-24,64.0,64.19999694824219,63.04999923706055,64.1500015258789,8.383005142211914,665
2001-08-27,63.630001068115234,64.9800033569336,63.630001068115234,63.63999938964844,8.316359519958496,910
2001-08-28,63.0,63.70000076293945,63.0,63.02000045776367,8.23533821105957,1320
2001-08-29,63.0,63.06999969482422,61.459999084472656,63.06999969482422,8.241873741149902,1780
2001-08-30,62.400001525878906,63.0,62.20000076293945,62.79999923706055,8.206588745117188,400
2001-08-31,62.79999923706055,64.4000015258789,62.79999923706055,63.52000045776367,8.300676345825195,515
2001-09-03,61.79999923706055,62.619998931884766,61.0,61.9900016784668,8.100741386413574,3515
2001-09-04,62.0,62.0,62.0,62.0,8.102046966552734,500
2001-09-05,58.20000076293945,62.7599983215332,58.20000076293945,61.36000061035156,8.018413543701172,6165
2001-09-06,63.0,63.599998474121094,60.599998474121094,60.77000045776367,7.941310882568359,460
2001-09-07,62.70000076293945,62.779998779296875,61.70000076293945,62.599998474121094,8.180453300476074,910
2001-09-10,64.0,64.0,62.599998474121094,62.599998474121094,10.989192962646484,2100
2001-09-11,63.9900016784668,64.76000213623047,63.0,64.05000305175781,11.243736267089844,50400
2001-09-12,60.0,61.0,60.0,60.220001220703125,10.571393013000488,2025
2001-09-13,63.20000076293945,63.20000076293945,60.41999816894531,61.15999984741211,10.736403465270996,2300
2001-09-14,60.040000915527344,60.040000915527344,58.0,58.439998626708984,10.258919715881348,5725
2001-09-17,57.0,57.220001220703125,46.83000183105469,49.470001220703125,8.684272766113281,12320
2001-09-18,50.0,57.0,50.0,55.79999923706055,9.795476913452148,7300
2001-09-19,58.20000076293945,61.0,58.20000076293945,60.65999984741211,10.64863109588623,3255
2001-09-20,60.0,60.0,58.20000076293945,59.040000915527344,10.364248275756836,960
2001-09-21,58.02000045776367,60.599998474121094,58.0,59.79999923706055,10.497663497924805,1300
2001-09-24,61.0,61.400001525878906,58.0,60.7599983215332,10.666186332702637,7915
2001-09-25,59.400001525878906,59.400001525878906,59.400001525878906,59.400001525878906,10.427443504333496,1620
2001-09-26,59.400001525878906,60.599998474121094,59.0,60.0,10.532773971557617,605
2001-09-27,61.0,61.900001525878906,59.0,59.0,10.357226371765137,845
2001-09-28,59.0,59.0,57.599998474121094,59.0,10.357226371765137,250
2001-10-01,57.20000076293945,58.34000015258789,56.70000076293945,58.34000015258789,10.241366386413574,400
2001-10-02,58.34000015258789,58.34000015258789,58.34000015258789,58.34000015258789,10.241366386413574,0
2001-10-03,57.79999923706055,57.97999954223633,55.29999923706055,56.099998474121094,9.848142623901367,675
2001-10-04,56.0,57.599998474121094,56.0,56.02000045776367,9.834097862243652,2330
2001-10-05,56.400001525878906,56.400001525878906,56.400001525878906,56.400001525878906,9.900806427001953,250
2001-10-08,52.0,55.0,52.0,55.0,9.655040740966797,1000
2001-10-09,56.0,56.0,56.0,56.0,9.830588340759277,5
2001-10-10,57.0,60.0,55.650001525878906,60.0,10.532773971557617,3605
2001-10-11,59.79999923706055,60.599998474121094,58.29999923706055,60.099998474121094,10.55033016204834,1730
2001-10-12,60.40999984741211,61.400001525878906,60.0,60.16999816894531,10.562614440917969,1155
2001-10-15,60.060001373291016,62.7599983215332,60.060001373291016,62.75,11.015521049499512,25425
2001-10-16,62.599998474121094,64.0,60.20000076293945,61.79999923706055,10.848756790161133,470
2001-10-17,64.0,64.0,61.0,61.0,10.708319664001465,310
2001-10-18,61.79999923706055,62.15999984741211,61.0,61.75,10.839978218078613,970
2001-10-19,62.0,62.400001525878906,61.619998931884766,61.619998931884766,10.817158699035645,305
2001-10-22,58.0,61.5,58.0,61.13999938964844,10.732894897460938,700
2001-10-23,60.959999084472656,61.0,60.959999084472656,61.0,10.708319664001465,1050
2001-10-24,60.0,61.0,60.0,60.849998474121094,10.681985855102539,2985
2001-10-25,61.0,63.0,60.0099983215332,63.0,11.059410095214844,955
2001-10-26,63.0,63.0,63.0,63.0,11.059410095214844,0
2001-10-29,65.79000091552734,68.38999938964844,65.79000091552734,68.0,11.937140464782715,28175
2001-10-30,67.5999984741211,69.5,67.0,69.0,12.112689971923828,6895
2001-10-31,68.02999877929688,68.54000091552734,67.0,67.8499984741211,11.910805702209473,4005
2001-11-01,67.19999694824219,68.79000091552734,67.0,67.16999816894531,11.791439056396484,820
2001-11-02,68.69999694824219,79.80000305175781,68.69999694824219,70.51000213623047,12.377762794494629,8760
2001-11-05,70.0,70.0,67.4000015258789,68.0,11.937140464782715,36290
2001-11-06,67.23999786376953,68.4000015258789,67.22000122070312,67.22000122070312,11.800213813781738,1045
2001-11-07,67.01000213623047,70.0,67.0,68.81999969482422,12.081088066101074,2470
2001-11-08,72.79000091552734,82.58999633789062,72.30000305175781,82.36000061035156,14.457986831665039,61755
2001-11-09,82.19999694824219,82.5,77.5999984741211,80.06999969482422,14.055984497070312,5765
2001-11-12,81.19999694824219,82.80000305175781,79.80000305175781,80.43000030517578,14.119182586669922,1780
2001-11-13,95.80000305175781,95.80000305175781,78.19999694824219,78.19999694824219,13.727714538574219,910
2001-11-14,79.0,79.0,76.0,78.4000015258789,13.762823104858398,530
2001-11-15,79.19999694824219,79.4000015258789,78.20999908447266,78.61000061035156,13.799689292907715,255
2001-11-16,78.61000061035156,78.61000061035156,78.61000061035156,78.61000061035156,13.799689292907715,0
2001-11-19,79.0,81.0,78.95999908447266,79.1500015258789,13.89448356628418,2545
2001-11-20,78.20999908447266,80.19999694824219,78.19999694824219,79.19999694824219,13.903260231018066,4725
2001-11-21,78.19999694824219,78.80000305175781,77.19999694824219,78.0,13.692605018615723,3090
2001-11-22,79.0199966430664,79.19999694824219,77.19999694824219,77.19999694824219,13.552165031433105,2410
2001-11-23,77.19999694824219,80.0,77.19999694824219,79.19999694824219,13.903260231018066,3290
2001-11-26,80.0,80.19999694824219,79.19999694824219,80.0,14.043697357177734,13145
2001-11-27,78.4000015258789,80.19999694824219,78.4000015258789,80.02999877929688,14.048964500427246,5380
2001-11-28,78.4000015258789,80.0,78.4000015258789,80.0,14.043697357177734,700
2001-11-29,78.05000305175781,82.0,78.01000213623047,81.0,14.21924114227295,20840
2001-11-30,81.0,81.0,81.0,81.0,14.21924114227295,0
2001-12-03,80.80000305175781,82.27999877929688,80.0199966430664,81.55000305175781,14.3157958984375,3500
2001-12-04,80.27999877929688,82.80000305175781,80.19999694824219,81.69999694824219,14.342123985290527,6620
2001-12-05,88.5999984741211,88.5999984741211,82.0,83.2300033569336,14.610712051391602,10325
2001-12-06,81.5999984741211,88.0,81.5999984741211,86.26000213623047,15.142616271972656,4920
2001-12-07,86.5,90.4000015258789,85.4000015258789,88.25,15.491954803466797,3565
2001-12-10,86.0,88.0,85.4000015258789,86.41999816894531,15.17070484161377,1910
2001-12-11,86.0,86.19999694824219,86.0,86.19999694824219,15.132080078125,1125
2001-12-12,88.80000305175781,99.5999984741211,88.80000305175781,94.06999969482422,16.513633728027344,13125
2001-12-13,92.80000305175781,93.80000305175781,87.19999694824219,90.30000305175781,15.851825714111328,3110
2001-12-14,86.43000030517578,90.4000015258789,86.43000030517578,88.20999908447266,15.484929084777832,1535
2001-12-17,88.20999908447266,88.20999908447266,88.20999908447266,88.20999908447266,15.484929084777832,0
2001-12-18,85.0999984741211,89.98999786376953,85.05000305175781,88.0,15.448064804077148,875
2001-12-19,87.0,87.0,86.0,86.06999969482422,15.109262466430664,665
2001-12-20,84.5999984741211,86.19999694824219,82.61000061035156,84.4000015258789,14.8160982131958,2950
2001-12-21,82.6500015258789,84.80000305175781,80.11000061035156,83.0,14.570332527160645,2370
2001-12-24,80.02999877929688,80.19999694824219,80.0,80.19999694824219,14.078807830810547,585
2001-12-25,80.19999694824219,80.19999694824219,80.19999694824219,80.19999694824219,14.078807830810547,0
2001-12-26,81.0,81.0,81.0,81.0,14.21924114227295,125
2001-12-27,81.0,81.0,81.0,81.0,14.21924114227295,250
2001-12-28,80.0,82.0,80.0,80.61000061035156,14.15078067779541,2250
2001-12-31,79.41999816894531,80.77999877929688,79.23999786376953,80.77999877929688,14.180622100830078,10125
2002-01-01,80.5999984741211,80.62000274658203,80.04000091552734,80.62000274658203,14.152535438537598,125
2002-01-02,80.19999694824219,80.19999694824219,78.30000305175781,80.0,14.043697357177734,2085
2002-01-03,80.0,80.22000122070312,80.0,80.16000366210938,14.071784019470215,4225
2002-01-04,81.0,81.0,80.0,81.0,14.21924114227295,670
2002-01-07,84.0,87.0,82.19999694824219,87.0,15.27252197265625,9345
2002-01-08,83.0199966430664,83.41000366210938,83.0,83.4000015258789,14.640551567077637,1195
2002-01-09,83.0,84.5999984741211,81.4000015258789,82.91999816894531,14.556289672851562,12360
2002-01-10,82.0,84.0,82.0,82.4000015258789,14.465006828308105,715
2002-01-11,83.0,86.5999984741211,81.30000305175781,83.19999694824219,14.605443954467773,3665
2002-01-14,83.9000015258789,83.9000015258789,80.5999984741211,83.51000213623047,14.659862518310547,6430
2002-01-15,85.0,85.0,80.62999725341797,81.76000213623047,14.35265827178955,11575
2002-01-16,81.19999694824219,82.79000091552734,80.4000015258789,80.80000305175781,14.184133529663086,545
2002-01-17,83.4000015258789,83.95999908447266,80.0,80.75,14.17535400390625,2190
2002-01-18,81.0,82.0,79.5999984741211,79.5999984741211,13.973480224609375,14365
2002-01-21,79.5999984741211,79.5999984741211,78.80000305175781,78.80000305175781,13.833040237426758,325
2002-01-22,81.80000305175781,82.0,78.69999694824219,79.0999984741211,13.885705947875977,10905
2002-01-23,79.19999694824219,80.9800033569336,78.0,78.0999984741211,13.71015739440918,20495
2002-01-24,83.0,83.0,77.02999877929688,77.19999694824219,13.552165031433105,30220
2002-01-25,79.5999984741211,80.0,76.80000305175781,79.51000213623047,13.957679748535156,20920
2002-01-28,80.0,81.4000015258789,76.5999984741211,77.12999725341797,13.539878845214844,2475
2002-01-29,76.4000015258789,77.9800033569336,75.04000091552734,76.0,13.341510772705078,835
2002-01-30,81.87999725341797,81.87999725341797,74.0,74.91000366210938,13.150165557861328,4235
2002-01-31,76.19999694824219,76.19999694824219,76.0,76.0,13.341510772705078,380
2002-02-01,76.0199966430664,76.19999694824219,76.0,76.04000091552734,13.34853458404541,3895
2002-02-04,75.9800033569336,76.0,75.80000305175781,76.0,13.341510772705078,4005
2002-02-05,76.0,76.0,76.0,76.0,13.341510772705078,1500
2002-02-06,76.0,77.5999984741211,74.4000015258789,77.5999984741211,13.622386932373047,1795
2002-02-07,76.0,76.0,74.45999908447266,75.30000305175781,13.2186279296875,795
2002-02-08,74.4000015258789,78.0,74.4000015258789,78.0,13.692605018615723,2720
2002-02-11,77.0,77.0,76.19999694824219,76.19999694824219,13.37662124633789,410
2002-02-12,75.0,77.0,74.44000244140625,75.6500015258789,13.280069351196289,2820
2002-02-13,74.5999984741211,76.0,74.0,75.0,13.165966033935547,2645
2002-02-14,74.6500015258789,74.6500015258789,71.0,71.02999877929688,12.469048500061035,4475
2002-02-15,74.0,75.12000274658203,72.4000015258789,72.83999633789062,12.786784172058105,2050
2002-02-18,74.0,74.80000305175781,73.80000305175781,73.80000305175781,12.955307960510254,695
2002-02-19,70.44999694824219,74.2300033569336,70.44999694824219,73.61000061035156,12.921957969665527,4225
2002-02-20,72.66000366210938,75.0,72.0,74.56999969482422,13.090481758117676,7800
2002-02-21,72.45999908447266,74.79000091552734,72.45999908447266,73.41000366210938,12.886845588684082,3565
2002-02-22,72.80000305175781,75.0,72.80000305175781,74.3499984741211,13.051863670349121,1570
2002-02-25,75.80000305175781,77.80000305175781,75.80000305175781,76.19999694824219,13.37662124633789,5060
2002-02-26,73.66000366210938,75.5999984741211,73.66000366210938,75.45999908447266,13.246719360351562,2230
2002-02-27,74.19999694824219,76.0,74.19999694824219,74.55999755859375,13.088726997375488,1810
2002-02-28,71.23999786376953,77.0,71.2300033569336,75.54000091552734,13.260758399963379,11350
2002-03-01,76.98999786376953,81.0,76.41000366210938,77.4000015258789,13.587276458740234,2415
2002-03-04,75.47000122070312,77.4000015258789,75.22000122070312,75.5,13.253738403320312,975
2002-03-05,76.19999694824219,77.0999984741211,76.0,76.05000305175781,13.350290298461914,13890
2002-03-06,76.19999694824219,76.4000015258789,75.19999694824219,75.5199966430664,13.257246971130371,5815
2002-03-07,75.80000305175781,76.37999725341797,73.62000274658203,73.62000274658203,12.923711776733398,1135
2002-03-08,75.0,75.79000091552734,73.45999908447266,73.61000061035156,12.921957969665527,1575
2002-03-11,71.19999694824219,72.66000366210938,71.05999755859375,72.66000366210938,12.755186080932617,555
2002-03-12,73.0,75.4000015258789,72.5999984741211,73.22000122070312,12.853495597839355,2625
2002-03-13,72.4000015258789,73.45999908447266,70.19999694824219,72.0,12.639326095581055,3785
2002-03-14,75.76000213623047,77.76000213623047,73.62000274658203,76.18000030517578,13.373112678527832,10050
2002-03-15,77.01000213623047,78.7300033569336,76.0,76.0,13.341510772705078,1190
2002-03-18,77.0,77.94999694824219,73.80999755859375,74.44000244140625,13.067659378051758,2465
2002-03-19,78.0,78.0,72.0,72.0,12.639326095581055,5000
2002-03-20,72.80999755859375,76.19999694824219,72.80999755859375,73.37000274658203,12.879827499389648,670
2002-03-21,76.80000305175781,76.80000305175781,74.0,76.0,13.341510772705078,545
2002-03-22,73.5999984741211,79.80000305175781,73.5999984741211,78.36000061035156,13.7558012008667,2940
2002-03-25,78.36000061035156,78.36000061035156,78.36000061035156,78.36000061035156,13.7558012008667,0
2002-03-26,76.19999694824219,78.0,76.02999877929688,78.0,13.692605018615723,130
2002-03-27,77.0,77.0,76.0,76.13999938964844,13.366087913513184,530
2002-03-28,76.80000305175781,77.19999694824219,75.04000091552734,75.58000183105469,13.267781257629395,1770
2002-03-29,75.58000183105469,75.58000183105469,75.58000183105469,75.58000183105469,13.267781257629395,0
2002-04-01,76.0,77.0,74.4000015258789,75.0,13.165966033935547,5550
2002-04-02,75.0,75.0,72.5199966430664,72.66999816894531,12.756941795349121,9375
2002-04-03,72.83999633789062,75.0,72.83999633789062,73.02999877929688,12.820140838623047,610
2002-04-04,72.6500015258789,74.0,72.5,73.01000213623047,12.816628456115723,3595
2002-04-05,74.0,75.0,74.0,74.37999725341797,13.05712890625,890
2002-04-08,74.37999725341797,74.37999725341797,74.37999725341797,74.37999725341797,13.05712890625,0
2002-04-09,74.0,74.19999694824219,74.0,74.19999694824219,13.025528907775879,10
2002-04-10,73.19999694824219,73.19999694824219,70.0,70.37000274658203,12.35318660736084,3165
2002-04-11,72.0,73.5999984741211,72.0,72.4000015258789,12.70954704284668,1240
2002-04-12,70.5999984741211,72.9800033569336,70.5999984741211,71.5,12.551554679870605,1710
2002-04-15,72.0,73.5999984741211,72.0,73.5999984741211,12.92020320892334,13245
2002-04-16,72.0,73.80000305175781,71.19999694824219,73.4000015258789,12.885093688964844,10650
2002-04-17,74.0,74.0,72.4000015258789,73.7300033569336,12.943018913269043,6655
2002-04-18,73.80000305175781,74.0,72.4000015258789,74.0,12.9904203414917,25175
2002-04-19,73.05000305175781,73.19999694824219,73.0,73.05000305175781,12.823652267456055,1325
2002-04-22,71.80000305175781,72.0,69.05999755859375,70.16999816894531,12.31807804107666,1170
2002-04-23,72.0,72.0,69.80000305175781,70.11000061035156,12.307543754577637,12240
2002-04-24,69.45999908447266,70.80000305175781,69.45999908447266,69.5199966430664,12.203969955444336,380
2002-04-25,69.5199966430664,69.5199966430664,69.5199966430664,69.5199966430664,12.203969955444336,0
2002-04-26,71.98999786376953,71.98999786376953,70.0,70.0999984741211,12.305788040161133,950
2002-04-29,70.0,71.0,70.0,70.4000015258789,12.358453750610352,525
2002-04-30,70.80000305175781,71.0,70.0,70.0,12.288235664367676,1935
2002-05-01,70.0,70.0,70.0,70.0,12.288235664367676,0
2002-05-02,72.0,72.30000305175781,70.01000213623047,70.80000305175781,12.428671836853027,1500
2002-05-03,71.0199966430664,72.0,71.0,71.98999786376953,12.63757038116455,685
2002-05-06,71.04000091552734,72.0,71.04000091552734,72.0,12.639326095581055,265
2002-05-07,72.0,77.75,71.80000305175781,74.61000061035156,13.097498893737793,3450
2002-05-08,76.0,79.69999694824219,74.80000305175781,74.80999755859375,13.132611274719238,100955
2002-05-09,75.80000305175781,79.0,74.0,77.6500015258789,13.6311616897583,21685
2002-05-10,74.0,77.5999984741211,74.0,74.80000305175781,13.13085651397705,505
2002-05-13,74.0,76.0,74.0,76.0,13.341510772705078,38265
2002-05-14,75.19999694824219,75.95999908447266,74.19999694824219,75.0,13.165966033935547,1535
2002-05-15,74.0,74.0,74.0,74.0,12.9904203414917,3525
2002-05-16,75.56999969482422,75.56999969482422,75.56999969482422,75.56999969482422,13.26602840423584,5
2002-05-17,74.0,74.80000305175781,73.0,73.0,12.814872741699219,2635
2002-05-20,73.0,73.0,73.0,73.0,12.814872741699219,0
2002-05-21,71.19999694824219,71.19999694824219,69.0,69.0,12.112689971923828,250
2002-05-22,70.19999694824219,70.19999694824219,67.0,67.94000244140625,11.92661190032959,775
2002-05-23,66.0,74.73999786376953,63.400001525878906,72.66999816894531,12.756941795349121,9445
2002-05-24,74.5,77.9800033569336,72.0,76.5999984741211,13.446836471557617,152345
2002-05-27,74.0,77.0,74.0,76.0,13.341510772705078,3075
2002-05-28,76.0,78.0,76.0,77.0199966430664,13.52056884765625,6795
2002-05-29,71.19999694824219,77.0,71.19999694824219,77.0,13.51705551147461,1750
2002-05-30,77.0,80.0,76.19999694824219,79.4800033569336,13.952413558959961,4725
2002-05-31,76.01000213623047,80.0199966430664,76.0,79.80999755859375,14.01034164428711,5575
2002-06-03,80.18000030517578,80.19999694824219,78.0,78.0,13.692605018615723,2275
2002-06-04,76.51000213623047,80.0,76.51000213623047,77.81999969482422,13.661005020141602,660
2002-06-05,77.0,77.0,77.0,77.0,13.51705551147461,125
2002-06-06,76.01000213623047,77.0,75.80000305175781,77.0,13.51705551147461,23100
2002-06-07,76.4000015258789,76.79000091552734,76.0,76.19999694824219,13.37662124633789,13625
2002-06-10,76.01000213623047,76.01000213623047,76.0,76.0,13.341510772705078,365
2002-06-11,76.05000305175781,77.0,76.0,77.0,13.51705551147461,3785
2002-06-12,76.0,76.0,76.0,76.0,13.341510772705078,890
2002-06-13,77.0,77.19999694824219,76.06999969482422,76.06999969482422,13.353798866271973,865
2002-06-14,76.01000213623047,76.79000091552734,76.0,76.0,13.341510772705078,1205
2002-06-17,76.19999694824219,77.0,70.6500015258789,71.0999984741211,12.481335639953613,5335
2002-06-18,74.0,77.0,74.0,76.98999786376953,13.515303611755371,5880
2002-06-19,76.19999694824219,76.19999694824219,75.0199966430664,76.0,13.341510772705078,150
2002-06-20,74.01000213623047,74.01000213623047,74.01000213623047,74.01000213623047,12.992176055908203,5
2002-06-21,74.4000015258789,74.4000015258789,74.4000015258789,74.4000015258789,13.060638427734375,40
2002-06-24,76.4000015258789,76.4000015258789,76.0,76.0,13.341510772705078,1000
2002-06-25,76.0999984741211,76.0999984741211,76.0,76.0,13.341510772705078,750
2002-06-26,77.30000305175781,77.5999984741211,76.0,76.19999694824219,13.37662124633789,1410
2002-06-27,76.80000305175781,77.4000015258789,76.80000305175781,77.4000015258789,13.587276458740234,60
2002-06-28,77.0,77.0,76.0,76.0,13.341510772705078,2555
2002-07-01,77.0,77.0,76.0,76.0,13.341510772705078,1005
2002-07-02,76.0,76.37999725341797,76.0,76.0,13.341510772705078,1865
2002-07-03,76.80000305175781,77.63999938964844,76.80000305175781,77.63999938964844,13.629411697387695,515
2002-07-04,77.63999938964844,77.63999938964844,77.63999938964844,77.63999938964844,13.629411697387695,0
2002-07-05,77.79000091552734,77.80000305175781,77.79000091552734,77.80000305175781,13.65749454498291,750
2002-07-08,80.80000305175781,80.80000305175781,79.0,79.0,13.868149757385254,225
2002-07-09,76.0,80.0,76.0,79.0,13.868149757385254,41545
2002-07-10,76.80000305175781,79.0,76.80000305175781,79.0,13.868149757385254,70
2002-07-11,76.80999755859375,77.01000213623047,76.80999755859375,76.9800033569336,13.513547897338867,1340
2002-07-12,78.98999786376953,78.98999786376953,77.0,78.0199966430664,13.696113586425781,24155
2002-07-15,76.41000366210938,76.43000030517578,76.41000366210938,76.41999816894531,13.415240287780762,390
2002-07-16,74.22000122070312,74.22000122070312,73.41000366210938,74.16000366210938,13.018507957458496,625
2002-07-17,72.43000030517578,72.98999786376953,72.30999755859375,72.66000366210938,12.755186080932617,5360
2002-07-18,73.0,76.0,72.4000015258789,76.0,13.341510772705078,1780
2002-07-19,75.0,76.0,75.0,75.52999877929688,13.259005546569824,1060
2002-07-22,72.62000274658203,72.62000274658203,72.5999984741211,72.61000061035156,12.746408462524414,75
2002-07-23,71.0,74.0,69.0,74.0,12.9904203414917,1540
2002-07-24,74.0,74.0,74.0,74.0,12.9904203414917,0
2002-07-25,72.2300033569336,74.0,72.2300033569336,74.0,12.9904203414917,1700
2002-07-26,74.0,74.76000213623047,74.0,74.76000213623047,13.123834609985352,1690
2002-07-29,72.0,73.0,72.0,72.22000122070312,12.677947044372559,2850
2002-07-30,72.22000122070312,72.22000122070312,72.22000122070312,72.22000122070312,12.677947044372559,0
2002-07-31,72.4000015258789,72.9000015258789,68.61000061035156,72.5999984741211,12.744654655456543,1060
2002-08-01,72.0,72.0,72.0,72.0,12.639326095581055,250
2002-08-02,73.0,73.0,70.48999786376953,72.69999694824219,12.762207984924316,85
2002-08-05,70.0,79.80000305175781,70.0,77.12000274658203,13.53812313079834,3620
2002-08-06,78.5999984741211,78.5999984741211,74.5,75.12999725341797,13.188787460327148,930
2002-08-07,76.4000015258789,76.4000015258789,74.01000213623047,74.01000213623047,12.992176055908203,975
2002-08-08,75.19999694824219,75.19999694824219,72.41999816894531,72.41999816894531,12.713057518005371,390
2002-08-09,73.19999694824219,73.19999694824219,72.80000305175781,72.80000305175781,12.779763221740723,150
2002-08-12,72.80000305175781,72.80000305175781,72.80000305175781,72.80000305175781,12.779763221740723,0
2002-08-13,71.0199966430664,73.94999694824219,71.01000213623047,71.0999984741211,12.481335639953613,1160
2002-08-14,73.98999786376953,73.98999786376953,70.0999984741211,70.80999755859375,12.430426597595215,705
2002-08-15,70.80999755859375,70.80999755859375,70.80999755859375,70.80999755859375,12.430426597595215,0
2002-08-16,70.61000061035156,72.76000213623047,70.5999984741211,72.52999877929688,12.732366561889648,810
2002-08-19,72.52999877929688,72.52999877929688,72.52999877929688,72.52999877929688,12.732366561889648,0
2002-08-20,70.4000015258789,71.80000305175781,70.05000305175781,71.31999969482422,12.519954681396484,835
2002-08-21,72.9000015258789,73.0,70.4000015258789,70.44000244140625,12.365473747253418,1545
2002-08-22,71.80000305175781,74.98999786376953,71.80000305175781,73.08000183105469,12.828916549682617,1370
2002-08-23,72.45999908447266,73.16000366210938,72.0,73.16000366210938,12.842962265014648,425
2002-08-26,72.5999984741211,72.5999984741211,71.4000015258789,71.44999694824219,12.54277515411377,1275
2002-08-27,71.43000030517578,71.43000030517578,69.8499984741211,70.62000274658203,12.397073745727539,1565
2002-08-28,70.80000305175781,70.80000305175781,69.12000274658203,69.38999938964844,12.181151390075684,2300
2002-08-29,69.5999984741211,70.4000015258789,68.0,68.97000122070312,12.107421875,2450
2002-08-30,69.5999984741211,70.4000015258789,69.0,69.80000305175781,12.253125190734863,2565
2002-09-02,69.04000091552734,69.19999694824219,69.0199966430664,69.1500015258789,12.139020919799805,310
2002-09-03,69.9000015258789,74.0,69.0,73.1500015258789,12.841203689575195,2350
2002-09-04,79.5999984741211,79.5999984741211,71.0,71.1500015258789,12.490113258361816,460
2002-09-05,71.02999877929688,72.5,70.25,70.25,12.332121849060059,570
2002-09-06,72.0,72.5,71.22000122070312,71.91000366210938,12.623527526855469,15
2002-09-09,69.19999694824219,72.0,69.19999694824219,70.01000213623047,12.289989471435547,335
2002-09-10,70.01000213623047,70.01000213623047,70.01000213623047,70.01000213623047,12.289989471435547,0
2002-09-11,70.0199966430664,76.5999984741211,70.0199966430664,72.54000091552734,12.734122276306152,1850
2002-09-12,74.19999694824219,74.19999694824219,72.0,72.38999938964844,12.707789421081543,3345
2002-09-13,72.4000015258789,72.4000015258789,72.4000015258789,72.4000015258789,12.70954704284668,125
2002-09-16,70.80000305175781,73.19000244140625,70.44999694824219,72.88999938964844,12.795565605163574,12325
2002-09-17,68.27999877929688,71.0,68.27999877929688,69.83000183105469,16.427913665771484,850
2002-09-18,69.83000183105469,69.83000183105469,69.83000183105469,69.83000183105469,16.427913665771484,0
2002-09-19,71.88999938964844,71.88999938964844,68.0,68.0,15.997392654418945,950
2002-09-20,66.02999877929688,70.5,66.02999877929688,69.95999908447266,16.458494186401367,2810
2002-09-23,68.0999984741211,68.0999984741211,68.0999984741211,68.0999984741211,16.020919799804688,550
2002-09-24,69.9800033569336,69.9800033569336,69.9800033569336,69.9800033569336,16.463199615478516,5
2002-09-25,73.0,73.0,69.80000305175781,69.80000305175781,16.420854568481445,15
2002-09-26,69.77999877929688,69.77999877929688,66.88999938964844,68.97000122070312,16.2255916595459,5005
2002-09-27,68.5999984741211,68.5999984741211,68.5999984741211,68.5999984741211,16.138545989990234,250
2002-09-30,68.58999633789062,69.0,68.58000183105469,69.0,16.23265266418457,1345
2002-10-01,70.9800033569336,73.58000183105469,69.41999816894531,70.08999633789062,16.489078521728516,4400
2002-10-02,70.08999633789062,70.08999633789062,70.08999633789062,70.08999633789062,16.489078521728516,0
2002-10-03,73.5999984741211,73.5999984741211,70.01000213623047,70.37999725341797,16.557300567626953,1685
2002-10-04,69.0199966430664,71.37999725341797,68.11000061035156,70.26000213623047,16.529071807861328,1750
2002-10-07,66.80999755859375,66.80999755859375,66.19999694824219,66.19999694824219,15.573932647705078,375
2002-10-08,67.0,67.0,65.41000366210938,65.58000183105469,15.42807674407959,705
2002-10-09,70.0,72.13999938964844,67.5999984741211,72.12999725341797,16.968997955322266,6075
2002-10-10,72.0,76.0,72.0,75.70999908447266,17.811216354370117,6455
2002-10-11,77.77999877929688,79.4000015258789,77.0,78.70999908447266,18.516979217529297,8245
2002-10-14,75.0,79.0,75.0,76.12999725341797,17.910024642944336,18675
2002-10-15,76.12999725341797,76.12999725341797,76.12999725341797,76.12999725341797,17.910024642944336,0
2002-10-16,76.0,76.0,74.41999816894531,74.5999984741211,17.550081253051758,1400
2002-10-17,73.12000274658203,75.91999816894531,73.06999969482422,73.83000183105469,17.368934631347656,1795
2002-10-18,74.37999725341797,74.37999725341797,74.37999725341797,74.37999725341797,17.49832534790039,25
2002-10-21,77.80000305175781,77.80000305175781,72.80000305175781,73.43000030517578,17.27483367919922,2860
2002-10-22,77.0,77.0,71.41999816894531,71.94000244140625,16.924299240112305,230
2002-10-23,71.20999908447266,71.4000015258789,71.0,71.29000091552734,16.77138328552246,960
2002-10-24,70.06999969482422,72.19000244140625,70.05999755859375,70.05999755859375,16.482017517089844,235
2002-10-25,69.80000305175781,72.80000305175781,69.80000305175781,72.80000305175781,17.12662124633789,1275
2002-10-28,70.19999694824219,70.19999694824219,68.81999969482422,68.81999969482422,16.1903018951416,690
2002-10-29,68.81999969482422,68.81999969482422,68.81999969482422,68.81999969482422,16.1903018951416,0
2002-10-30,68.19999694824219,70.0,68.19999694824219,70.0,16.467906951904297,450
2002-10-31,77.0,77.0,67.0,67.01000213623047,15.764490127563477,1470
2002-11-01,71.19999694824219,71.80000305175781,65.0,69.66000366210938,16.38791847229004,13995
2002-11-04,69.5999984741211,69.5999984741211,67.45999908447266,67.45999908447266,15.870355606079102,10100
2002-11-05,67.45999908447266,67.45999908447266,67.45999908447266,67.45999908447266,15.870355606079102,0
2002-11-06,67.45999908447266,67.45999908447266,67.45999908447266,67.45999908447266,15.870355606079102,0
2002-11-07,67.45999908447266,67.45999908447266,67.45999908447266,67.45999908447266,15.870355606079102,0
2002-11-08,71.80000305175781,71.80000305175781,71.80000305175781,71.80000305175781,16.89136505126953,5
2002-11-11,71.80000305175781,71.80000305175781,71.80000305175781,71.80000305175781,16.89136505126953,0
2002-11-12,71.80000305175781,71.80000305175781,71.80000305175781,71.80000305175781,16.89136505126953,0
2002-11-13,68.0,68.0,67.5999984741211,67.5999984741211,15.903289794921875,305
2002-11-14,68.0,68.0,66.80000305175781,67.5999984741211,15.903289794921875,1215
2002-11-15,68.0,68.79000091552734,67.80000305175781,67.80000305175781,15.950340270996094,450
2002-11-18,69.80000305175781,69.80000305175781,66.68000030517578,66.68000030517578,15.686858177185059,670
2002-11-19,66.68000030517578,66.68000030517578,66.68000030517578,66.68000030517578,15.686858177185059,0
2002-11-20,66.26000213623047,67.5999984741211,66.0,66.48999786376953,15.6421537399292,1385
2002-11-21,67.80000305175781,68.0,65.5999984741211,65.75,15.468069076538086,9350
2002-11-22,67.80000305175781,68.0,65.25,66.0999984741211,15.550406455993652,21425
2002-11-25,63.599998474121094,72.0,63.599998474121094,70.18000030517578,16.510250091552734,52550
2002-11-26,70.0,70.0,69.02999877929688,69.04000091552734,16.242061614990234,350
2002-11-27,67.9000015258789,67.9000015258789,67.19999694824219,67.19999694824219,15.809185981750488,500
2002-11-28,68.79000091552734,69.4000015258789,67.0,67.70999908447266,15.92916488647461,1385
2002-11-29,67.0,67.4000015258789,67.0,67.4000015258789,15.85623836517334,2860
2002-12-02,68.0,69.19999694824219,66.0,66.4000015258789,15.62098503112793,3870
2002-12-03,66.44999694824219,67.4000015258789,66.4000015258789,66.73999786376953,15.700973510742188,1840
2002-12-04,66.73999786376953,66.73999786376953,66.73999786376953,66.73999786376953,15.700973510742188,0
2002-12-05,66.81999969482422,66.81999969482422,65.25,66.05000305175781,15.53864574432373,3400
2002-12-06,66.05000305175781,66.05000305175781,66.05000305175781,66.05000305175781,15.53864574432373,0
2002-12-09,69.19000244140625,70.79000091552734,68.05999755859375,68.22000122070312,16.049148559570312,1180
2002-12-10,67.0999984741211,68.4000015258789,67.0999984741211,67.30999755859375,15.835065841674805,620
2002-12-11,68.0,68.0,67.4000015258789,67.41999816894531,15.860945701599121,3045
2002-12-12,67.01000213623047,68.4000015258789,67.0,68.4000015258789,16.091493606567383,2230
2002-12-13,67.22000122070312,67.75,66.63999938964844,66.63999938964844,15.677447319030762,565
2002-12-16,66.5999984741211,68.72000122070312,66.0,67.5999984741211,15.903289794921875,4175
2002-12-17,67.5999984741211,67.5999984741211,66.5999984741211,66.62000274658203,15.672740936279297,625
2002-12-18,67.0,67.5999984741211,66.0,66.04000091552734,15.536291122436523,6865
2002-12-19,65.0,67.5999984741211,65.0,66.7699966430664,15.708026885986328,1455
2002-12-20,66.30000305175781,66.62000274658203,66.19999694824219,66.62000274658203,15.672740936279297,900
2002-12-23,66.25,66.26000213623047,66.25,66.25,15.585695266723633,1230
2002-12-24,66.19999694824219,67.4000015258789,66.0,67.37000274658203,15.849184036254883,7660
2002-12-25,67.37000274658203,67.37000274658203,67.37000274658203,67.37000274658203,15.849184036254883,0
2002-12-26,67.4000015258789,67.4000015258789,67.4000015258789,67.4000015258789,15.85623836517334,560
2002-12-27,67.5999984741211,70.19999694824219,66.5999984741211,66.77999877929688,15.710384368896484,8425
2002-12-30,67.19999694824219,67.19999694824219,66.19999694824219,66.19999694824219,15.573932647705078,1170
2002-12-31,67.80000305175781,70.0,67.80000305175781,68.68000030517578,16.15736961364746,13455
2003-01-01,68.68000030517578,68.68000030517578,68.68000030517578,68.68000030517578,16.15736961364746,0
2003-01-02,68.19999694824219,68.19999694824219,68.0,68.0,15.997392654418945,4000
2003-01-03,68.0,68.19999694824219,66.80000305175781,66.94999694824219,15.750372886657715,43125
2003-01-06,66.94999694824219,66.95999908447266,66.80000305175781,66.95999908447266,15.752729415893555,570
2003-01-07,66.44999694824219,66.44999694824219,66.41000366210938,66.41000366210938,15.623337745666504,600
2003-01-08,67.5999984741211,67.5999984741211,67.5999984741211,67.5999984741211,15.903289794921875,25
2003-01-09,67.5999984741211,67.5999984741211,67.5999984741211,67.5999984741211,15.903289794921875,0
2003-01-10,68.5999984741211,68.5999984741211,66.4000015258789,66.4000015258789,15.62098503112793,3630
2003-01-13,66.5999984741211,66.61000061035156,66.4000015258789,66.4800033569336,15.63980770111084,1070
2003-01-14,66.01000213623047,67.0,66.0,66.51000213623047,15.646862030029297,710
2003-01-15,67.0,67.38999938964844,66.69999694824219,67.38999938964844,15.853887557983398,1220
2003-01-16,67.5999984741211,68.18000030517578,66.80000305175781,67.97000122070312,15.990334510803223,5635
2003-01-17,67.80000305175781,68.4000015258789,67.80000305175781,68.30000305175781,16.06797218322754,15
2003-01-20,67.0,67.9000015258789,67.0,67.9000015258789,15.973868370056152,200
2003-01-21,67.4000015258789,69.5999984741211,66.9000015258789,68.73999786376953,16.171483993530273,7755
2003-01-22,67.25,67.80000305175781,67.12000274658203,67.12000274658203,15.790369033813477,495
2003-01-23,66.62000274658203,67.19999694824219,66.62000274658203,66.70999908447266,15.693914413452148,330
2003-01-24,66.0,67.0,65.5999984741211,66.12999725341797,15.557462692260742,10980
2003-01-27,66.02999877929688,66.02999877929688,64.80000305175781,64.80000305175781,15.244575500488281,675
2003-01-28,65.80000305175781,65.80000305175781,64.0,64.55000305175781,15.185762405395508,1530
2003-01-29,64.4000015258789,65.19999694824219,64.4000015258789,65.19999694824219,15.338675498962402,1895
2003-01-30,65.19999694824219,65.19999694824219,65.19999694824219,65.19999694824219,15.338675498962402,0
2003-01-31,66.37999725341797,66.37999725341797,66.3499984741211,66.3499984741211,15.609221458435059,75
2003-02-03,66.4000015258789,66.69999694824219,65.5999984741211,65.5999984741211,15.432778358459473,785
2003-02-04,65.5999984741211,66.0,65.30000305175781,65.31999969482422,15.366903305053711,415
2003-02-05,66.0,66.0,65.22000122070312,65.80000305175781,15.479830741882324,8200
2003-02-06,65.80000305175781,65.80000305175781,65.80000305175781,65.80000305175781,15.479830741882324,0
2003-02-07,65.11000061035156,66.0,65.11000061035156,65.66000366210938,15.446897506713867,2100
2003-02-10,65.0,65.4000015258789,65.0,65.0,15.291625022888184,1100
2003-02-11,63.81999969482422,63.81999969482422,63.81999969482422,63.81999969482422,15.014025688171387,100
2003-02-12,68.0,68.0,60.20000076293945,63.709999084472656,14.988146781921387,2225
2003-02-13,63.709999084472656,63.709999084472656,63.709999084472656,63.709999084472656,14.988146781921387,0
2003-02-14,63.61000061035156,65.19999694824219,63.599998474121094,63.72999954223633,14.99284839630127,1560
2003-02-17,63.83000183105469,63.83000183105469,63.810001373291016,63.810001373291016,15.011674880981445,1250
2003-02-18,63.27000045776367,64.79000091552734,63.2599983215332,63.65999984741211,14.9763822555542,1335
2003-02-19,64.0,64.0,64.0,64.0,15.05637264251709,250
2003-02-20,63.0099983215332,63.02000045776367,63.0,63.0,14.821115493774414,1885
2003-02-21,63.5,63.5,63.099998474121094,63.099998474121094,14.844639778137207,500
2003-02-24,63.0,63.150001525878906,63.0,63.150001525878906,14.856402397155762,1330
2003-02-25,62.5,63.029998779296875,62.400001525878906,63.0,14.821115493774414,1345
2003-02-26,63.959999084472656,64.0,63.40999984741211,63.40999984741211,14.917569160461426,1200
2003-02-27,62.41999816894531,64.04000091552734,62.41999816894531,63.279998779296875,14.88698673248291,2580
2003-02-28,63.0,66.0,63.0,65.13999938964844,15.324560165405273,4800
2003-03-03,66.5999984741211,66.5999984741211,65.9000015258789,65.91999816894531,15.50805950164795,3050
2003-03-04,65.5999984741211,65.5999984741211,64.0,64.0,15.05637264251709,575
2003-03-05,63.599998474121094,63.959999084472656,62.400001525878906,63.79999923706055,15.009316444396973,7405
2003-03-06,62.52000045776367,64.55999755859375,62.52000045776367,64.0,15.05637264251709,1000
2003-03-07,64.4000015258789,64.4000015258789,64.0,64.0,15.05637264251709,720
2003-03-10,63.400001525878906,63.5,63.02000045776367,63.02000045776367,14.82581901550293,450
2003-03-11,61.4900016784668,62.95000076293945,61.400001525878906,62.04999923706055,14.597620010375977,600
2003-03-12,62.400001525878906,62.400001525878906,62.400001525878906,62.400001525878906,14.679963111877441,100
2003-03-13,63.599998474121094,63.599998474121094,63.0,63.20000076293945,14.868165969848633,145
2003-03-14,63.20000076293945,63.20000076293945,63.20000076293945,63.20000076293945,14.868165969848633,0
2003-03-17,60.25,62.790000915527344,60.25,61.0,14.350603103637695,1400
2003-03-18,61.0,61.0,61.0,61.0,14.350603103637695,0
2003-03-19,61.0,61.0,61.0,61.0,14.350603103637695,0
2003-03-20,61.0099983215332,62.0,61.0099983215332,61.5099983215332,14.4705810546875,270
2003-03-21,62.20000076293945,62.20000076293945,62.20000076293945,62.20000076293945,14.63291072845459,400
2003-03-24,62.20000076293945,62.20000076293945,61.220001220703125,61.560001373291016,14.48234748840332,100710
2003-03-25,62.13999938964844,62.13999938964844,61.0,61.0,14.350603103637695,295
2003-03-26,61.20000076293945,62.0,60.0099983215332,61.09000015258789,14.371776580810547,2085
2003-03-27,61.0,61.619998931884766,61.0,61.11000061035156,14.376482009887695,1505
2003-03-28,62.0,62.0,62.0,62.0,14.585861206054688,60
2003-03-31,60.2400016784668,60.70000076293945,56.61000061035156,57.9900016784668,13.64248275756836,4785
2003-04-01,57.59000015258789,58.400001525878906,57.59000015258789,58.400001525878906,13.738937377929688,70
2003-04-02,60.0,60.0,59.400001525878906,59.400001525878906,13.974193572998047,725
2003-04-03,60.0,61.0,59.400001525878906,60.599998474121094,14.256501197814941,4635
2003-04-07,60.0,61.77000045776367,60.0,61.77000045776367,14.531745910644531,2525
2003-04-08,61.9900016784668,62.0,60.400001525878906,61.599998474121094,14.491756439208984,485
2003-04-09,60.459999084472656,60.459999084472656,58.0,58.150001525878906,13.680121421813965,1500
2003-04-10,59.0,59.0,58.20000076293945,58.619998931884766,13.790694236755371,590
2003-04-11,58.619998931884766,58.619998931884766,58.619998931884766,58.619998931884766,13.790694236755371,0
2003-04-14,58.619998931884766,58.619998931884766,58.619998931884766,58.619998931884766,13.790694236755371,0
2003-04-15,60.0,60.0,60.0,60.0,14.115349769592285,250
2003-04-16,59.20000076293945,59.20000076293945,59.20000076293945,59.20000076293945,13.927142143249512,150
2003-04-17,60.0,62.79999923706055,59.400001525878906,61.900001525878906,14.562333106994629,39000
2003-04-18,61.900001525878906,61.900001525878906,61.900001525878906,61.900001525878906,14.562333106994629,0
2003-04-21,59.209999084472656,59.54999923706055,59.209999084472656,59.54999923706055,14.009482383728027,30
2003-04-22,59.79999923706055,60.0,58.90999984741211,60.0,14.115349769592285,1370
2003-04-23,59.20000076293945,60.0,59.0,59.0099983215332,13.882441520690918,915
2003-04-24,59.79999923706055,59.79999923706055,59.0,59.52000045776367,14.002427101135254,250
2003-04-25,59.40999984741211,60.0,59.40999984741211,60.0,14.115349769592285,52225
2003-04-28,58.849998474121094,60.0,58.849998474121094,59.70000076293945,14.044769287109375,18110
2003-04-29,59.400001525878906,59.400001525878906,59.400001525878906,59.400001525878906,13.974193572998047,250
2003-04-30,60.599998474121094,61.5,60.599998474121094,61.0099983215332,14.35295295715332,26545
2003-05-01,61.0099983215332,61.0099983215332,61.0099983215332,61.0099983215332,14.35295295715332,0
2003-05-02,61.189998626708984,61.779998779296875,59.599998474121094,60.029998779296875,14.122405052185059,73510
2003-05-05,62.0,62.0,61.400001525878906,61.599998474121094,14.491756439208984,2350
2003-05-06,61.599998474121094,62.20000076293945,61.400001525878906,61.40999984741211,14.447056770324707,27750
2003-05-07,61.0,61.900001525878906,59.209999084472656,60.150001525878906,14.15063762664795,5645
2003-05-08,60.25,61.189998626708984,60.25,61.189998626708984,14.395301818847656,25050
2003-05-09,61.439998626708984,61.630001068115234,60.90999984741211,61.029998779296875,14.357659339904785,1600
2003-05-12,62.0,62.0,60.5099983215332,60.97999954223633,14.34589672088623,26210
2003-05-13,59.400001525878906,61.59000015258789,59.400001525878906,61.56999969482422,14.484698295593262,25910
2003-05-14,60.0099983215332,61.0,60.0099983215332,60.81999969482422,14.308255195617676,9590
2003-05-15,61.400001525878906,62.0,60.79999923706055,60.959999084472656,14.341191291809082,14080
2003-05-16,61.20000076293945,64.0,61.0,63.08000183105469,14.839936256408691,19115
2003-05-19,63.9900016784668,64.0,62.79999923706055,62.79999923706055,14.774065017700195,4500
2003-05-20,63.0,64.19999694824219,62.599998474121094,63.97999954223633,15.051663398742676,3590
2003-05-21,64.0,66.9800033569336,63.45000076293945,65.25,15.350439071655273,18245
2003-05-22,66.80000305175781,68.0,65.44999694824219,67.72000122070312,15.93152141571045,17795
2003-05-23,67.5999984741211,67.5999984741211,65.19999694824219,65.19999694824219,15.338675498962402,2310
2003-05-26,68.5999984741211,68.5999984741211,65.0,65.02999877929688,15.298681259155273,6925
2003-05-27,65.19999694824219,67.0,65.19999694824219,65.30000305175781,15.362201690673828,4920
2003-05-28,65.30000305175781,65.95999908447266,63.400001525878906,64.68000030517578,15.21634578704834,2875
2003-05-29,65.0,66.0,63.79999923706055,64.66999816894531,15.213993072509766,1825
2003-05-30,64.0,64.0,64.0,64.0,15.05637264251709,50
2003-06-02,64.0,65.0,63.63999938964844,65.0,15.291625022888184,5450
2003-06-03,64.22000122070312,64.9800033569336,64.19999694824219,64.19999694824219,15.103418350219727,2965
2003-06-04,65.79000091552734,65.80000305175781,63.810001373291016,63.810001373291016,15.011674880981445,3675
2003-06-05,63.31999969482422,63.97999954223633,62.79999923706055,63.459999084472656,14.929333686828613,6125
2003-06-06,64.0199966430664,64.5999984741211,63.599998474121094,64.5999984741211,15.19752311706543,650
2003-06-09,64.5999984741211,71.05999755859375,64.0199966430664,69.86000061035156,16.434968948364258,6855
2003-06-10,69.5999984741211,69.80000305175781,67.81999969482422,67.83999633789062,15.95975112915039,2410
2003-06-11,69.0,69.0,67.62000274658203,67.62000274658203,15.907999038696289,1625
2003-06-12,67.02999877929688,67.16000366210938,65.9800033569336,65.9800033569336,15.52217960357666,2850
2003-06-13,67.4000015258789,68.0,66.0,66.8499984741211,15.726850509643555,1925
2003-06-16,67.0,68.0,65.0999984741211,65.55000305175781,15.421016693115234,2175
2003-06-17,67.91999816894531,68.0,65.20999908447266,66.4000015258789,15.62098503112793,5085
2003-06-18,67.0,67.98999786376953,66.20999908447266,66.4000015258789,15.62098503112793,3135
2003-06-19,67.4000015258789,67.4000015258789,66.66999816894531,66.80000305175781,15.715086936950684,885
2003-06-20,65.19999694824219,67.5999984741211,65.19999694824219,67.5999984741211,15.903289794921875,1355
2003-06-23,68.98999786376953,73.0,68.19999694824219,69.83999633789062,16.43026351928711,15170
2003-06-24,69.19999694824219,71.18000030517578,67.62999725341797,69.95999908447266,16.458494186401367,9570
2003-06-25,70.0,70.9800033569336,69.41999816894531,69.63999938964844,16.383211135864258,2830
2003-06-26,70.19999694824219,70.7300033569336,69.23999786376953,69.41000366210938,16.329105377197266,8775
2003-06-27,69.4000015258789,71.0,69.1500015258789,70.62999725341797,16.616117477416992,3895
2003-06-30,71.5999984741211,72.80000305175781,71.0,72.5199966430664,17.060749053955078,6580
2003-07-01,72.0999984741211,73.69999694824219,72.0999984741211,73.43000030517578,17.27483367919922,3935
2003-07-02,75.0,75.0,73.0,73.30999755859375,17.24660301208496,3325
2003-07-03,73.30999755859375,74.4000015258789,73.0,73.75,17.35011863708496,2695
2003-07-04,73.0,74.0,72.30000305175781,73.33999633789062,17.253658294677734,2865
2003-07-07,73.77999877929688,73.77999877929688,72.0,72.0199966430664,16.9431209564209,2415
2003-07-08,73.88999938964844,74.4000015258789,72.20999908447266,73.91999816894531,17.390111923217773,3920
2003-07-09,72.0,73.0,71.80999755859375,72.27999877929688,17.004287719726562,3010
2003-07-10,73.5999984741211,73.5999984741211,71.0,71.0,16.703163146972656,1950
2003-07-11,72.98999786376953,73.0,71.01000213623047,71.01000213623047,16.70551300048828,4050
2003-07-14,71.19999694824219,72.0,71.0,71.80000305175781,16.89136505126953,1330
2003-07-15,72.0,73.0,72.0,72.0,16.938417434692383,5180
2003-07-16,72.98999786376953,73.80000305175781,71.44999694824219,73.33000183105469,17.25130844116211,3505
2003-07-17,73.80000305175781,75.4000015258789,73.19999694824219,74.4000015258789,17.503028869628906,7650
2003-07-18,72.41000366210938,72.94999694824219,72.4000015258789,72.51000213623047,17.058401107788086,1810
2003-07-21,74.5999984741211,74.5999984741211,71.5999984741211,71.68000030517578,16.86313819885254,735
2003-07-22,72.4000015258789,73.4000015258789,72.12000274658203,72.12000274658203,16.966650009155273,4420
2003-07-23,73.0,73.77999877929688,72.0,73.29000091552734,17.241897583007812,1860
2003-07-24,72.30000305175781,74.19999694824219,72.30000305175781,74.0999984741211,17.43245506286621,3265
2003-07-25,72.58999633789062,74.5999984741211,72.58999633789062,73.05999755859375,17.187786102294922,2265
2003-07-28,73.06999969482422,73.5999984741211,73.05999755859375,73.4000015258789,17.267776489257812,3010
2003-07-29,72.70999908447266,73.0,72.6500015258789,72.6500015258789,17.09132957458496,2125
2003-07-30,72.91000366210938,73.0,72.91000366210938,73.0,17.173673629760742,1290
2003-07-31,73.4000015258789,73.9800033569336,72.0,72.4800033569336,17.05133628845215,2685
2003-08-01,72.30999755859375,74.0,72.30000305175781,74.0,17.4089298248291,1875
2003-08-04,74.98999786376953,74.98999786376953,73.01000213623047,74.48999786376953,17.524206161499023,1505
2003-08-05,74.0,75.4000015258789,72.05999755859375,72.12999725341797,16.968997955322266,16385
2003-08-06,74.0,78.0,73.75,76.26000213623047,17.94060516357422,181850
2003-08-07,80.0,80.0,74.55000305175781,75.38999938964844,17.73593521118164,6330
2003-08-08,75.9800033569336,76.5999984741211,75.4000015258789,76.4000015258789,17.973541259765625,3875
2003-08-11,78.0,79.0,76.19999694824219,77.33999633789062,18.194683074951172,13605
2003-08-12,82.0,82.0,80.0,80.01000213623047,18.822818756103516,48935
2003-08-13,80.5999984741211,84.30000305175781,80.5999984741211,83.43000030517578,19.62739372253418,30875
2003-08-14,85.0,88.19999694824219,85.0,86.5999984741211,20.373149871826172,35625
2003-08-15,86.5999984741211,86.5999984741211,86.5999984741211,86.5999984741211,20.373149871826172,0
2003-08-18,88.0,88.0,85.0,86.0999984741211,20.255523681640625,46270
2003-08-19,87.4000015258789,87.79000091552734,83.80000305175781,84.9800033569336,19.992036819458008,22430
2003-08-20,85.0,86.4000015258789,84.0199966430664,85.77999877929688,20.180240631103516,46100
2003-08-21,85.4000015258789,85.4000015258789,82.72000122070312,83.51000213623047,19.646209716796875,21410
2003-08-22,83.5999984741211,85.0,83.22000122070312,83.80000305175781,19.71443748474121,18865
2003-08-25,84.80000305175781,84.80000305175781,78.01000213623047,78.79000091552734,18.535804748535156,11120
2003-08-26,81.0,83.95999908447266,80.4000015258789,82.1500015258789,19.326261520385742,6665
2003-08-27,83.77999877929688,83.77999877929688,82.41000366210938,83.13999938964844,19.559165954589844,6945
2003-08-28,82.61000061035156,85.0,80.19999694824219,83.5,19.643856048583984,8075
2003-08-29,82.4000015258789,82.79000091552734,81.72000122070312,81.94999694824219,19.27920913696289,7205
2003-09-01,84.0,84.0,82.41000366210938,82.52999877929688,19.41565704345703,11500
2003-09-02,83.5999984741211,84.0,82.0199966430664,82.37000274658203,19.378023147583008,7640
2003-09-03,81.69999694824219,82.80000305175781,81.0,81.55000305175781,19.18511199951172,3870
2003-09-04,81.0,81.0,80.30000305175781,80.80000305175781,19.008668899536133,1630
2003-09-05,81.4000015258789,81.95999908447266,78.5999984741211,79.16000366210938,18.622852325439453,5000
2003-09-08,80.4000015258789,80.4000015258789,79.19999694824219,79.9000015258789,18.796937942504883,77490
2003-09-09,80.19999694824219,80.73999786376953,79.80000305175781,80.3499984741211,18.902801513671875,5845
2003-09-10,81.72000122070312,81.72000122070312,79.51000213623047,79.93000030517578,18.80399513244629,32315
2003-09-11,80.19999694824219,80.5999984741211,79.80000305175781,80.0199966430664,18.825162887573242,10335
2003-09-12,80.0,80.5,77.5999984741211,78.08999633789062,18.37112045288086,29785
2003-09-15,78.97000122070312,79.0,77.0199966430664,77.4000015258789,18.208799362182617,13525
2003-09-16,76.0,78.80000305175781,75.9000015258789,78.23999786376953,18.40641212463379,7045
2003-09-17,78.4000015258789,78.4000015258789,77.0,77.97000122070312,18.3428955078125,27120
2003-09-18,78.0,78.0,76.43000030517578,76.9800033569336,18.1099910736084,123660
2003-09-19,73.0199966430664,76.0,71.44000244140625,73.31999969482422,22.137786865234375,4260
2003-09-22,74.56999969482422,74.58000183105469,72.01000213623047,72.54000091552734,21.902280807495117,2765
2003-09-23,72.97000122070312,72.9800033569336,72.4000015258789,72.58000183105469,21.91436004638672,67485
2003-09-24,72.4000015258789,72.4000015258789,71.5999984741211,71.66000366210938,21.63657569885254,3850
2003-09-25,72.0,72.0,70.02999877929688,70.2699966430664,21.216888427734375,2205
2003-09-26,70.05999755859375,71.33999633789062,70.05999755859375,70.91999816894531,21.413145065307617,1855
2003-09-29,72.0,74.0,70.0,70.37999725341797,21.25010108947754,66385
2003-09-30,71.58999633789062,73.4000015258789,70.0,72.19000244140625,21.79660415649414,773615
2003-10-01,73.68000030517578,74.80000305175781,72.4000015258789,73.41999816894531,22.16798210144043,20545
2003-10-02,73.41999816894531,73.41999816894531,73.41999816894531,73.41999816894531,22.16798210144043,0
2003-10-03,73.6500015258789,75.19999694824219,73.30000305175781,73.72000122070312,22.258562088012695,9390
2003-10-06,74.0,74.0,73.01000213623047,73.41999816894531,22.16798210144043,7615
2003-10-07,73.93000030517578,73.93000030517578,71.4000015258789,72.0,21.73923683166504,12460
2003-10-08,69.19999694824219,72.0,69.19999694824219,71.4000015258789,21.55807876586914,12295
2003-10-09,71.61000061035156,73.4000015258789,71.30000305175781,72.5999984741211,21.920398712158203,11980
2003-10-10,74.94999694824219,74.94999694824219,71.63999938964844,72.3499984741211,21.84490966796875,3335
2003-10-13,68.0,78.0,68.0,76.5199966430664,23.103975296020508,34845
2003-10-14,76.19999694824219,76.5,74.4000015258789,74.83000183105469,22.593711853027344,11250
2003-10-15,76.0,77.0,73.81999969482422,74.19000244140625,22.400468826293945,14120
2003-10-16,74.8499984741211,75.77999877929688,74.20999908447266,74.94000244140625,22.626924514770508,7880
2003-10-17,74.80000305175781,74.9800033569336,74.0,74.0,22.343103408813477,7995
2003-10-20,73.02999877929688,75.0,73.02999877929688,73.16999816894531,22.09250259399414,6320
2003-10-21,72.61000061035156,73.58999633789062,72.05000305175781,72.58999633789062,21.91737174987793,11050
2003-10-22,72.0,72.5999984741211,72.0,72.0999984741211,21.769424438476562,3435
2003-10-23,73.0,73.0,72.4000015258789,72.4000015258789,21.86001205444336,625
2003-10-24,72.0999984741211,72.73999786376953,72.0,72.73999786376953,21.962661743164062,6190
2003-10-27,72.4800033569336,72.4800033569336,72.4800033569336,72.4800033569336,21.8841609954834,50
2003-10-28,72.4000015258789,73.5999984741211,70.54000091552734,73.1500015258789,22.086458206176758,9940
2003-10-29,73.9000015258789,73.9800033569336,72.4000015258789,72.58000183105469,21.91436004638672,3000
2003-10-30,73.19999694824219,73.4000015258789,72.8499984741211,72.98999786376953,22.038150787353516,5930
2003-10-31,73.5999984741211,74.31999969482422,72.4000015258789,72.75,21.965686798095703,6745
2003-11-03,72.41000366210938,74.01000213623047,72.0,73.0199966430664,22.047204971313477,7110
2003-11-04,73.19999694824219,76.80000305175781,73.19999694824219,75.62000274658203,22.832231521606445,20890
2003-11-05,75.61000061035156,76.0,74.5999984741211,75.93000030517578,22.925832748413086,10940
2003-11-06,74.6500015258789,75.68000030517578,74.6500015258789,74.95999908447266,22.632959365844727,3915
2003-11-07,75.22000122070312,76.0,74.0,74.44000244140625,22.4759521484375,9825
2003-11-10,73.0,75.4000015258789,73.0,75.38999938964844,22.762792587280273,4180
2003-11-11,75.0,76.37999725341797,75.0,75.98999786376953,22.94394874572754,11985
2003-11-12,76.0,76.58000183105469,75.0,75.38999938964844,22.762792587280273,8025
2003-11-13,75.0,75.98999786376953,74.5,74.63999938964844,22.536344528198242,4325
2003-11-14,75.0,75.0,74.33999633789062,74.44999694824219,22.478973388671875,7685
2003-11-17,73.91000366210938,75.0,73.91000366210938,74.27999877929688,22.427642822265625,910
2003-11-18,75.19999694824219,75.4000015258789,74.80000305175781,75.02999877929688,22.65409278869629,4890
2003-11-19,75.95999908447266,75.95999908447266,75.0,75.04000091552734,22.65711212158203,2695
2003-11-20,75.0,75.0,74.5999984741211,74.80000305175781,22.58465003967285,7975
2003-11-21,75.0,75.18000030517578,74.26000213623047,74.30999755859375,22.43670082092285,8295
2003-11-24,75.0,75.19999694824219,74.0999984741211,74.13999938964844,22.3853702545166,4600
2003-11-25,74.80000305175781,75.69000244140625,74.30999755859375,74.5999984741211,22.524263381958008,5195
2003-11-26,74.5999984741211,74.5999984741211,74.5999984741211,74.5999984741211,22.524263381958008,0
2003-11-27,75.0,76.80000305175781,75.0,75.93000030517578,22.925832748413086,4780
2003-11-28,75.80000305175781,76.58000183105469,75.0,76.12999725341797,22.986225128173828,57775
2003-12-01,76.4000015258789,76.69000244140625,75.4000015258789,76.2300033569336,23.016416549682617,5760
2003-12-02,76.0,76.4000015258789,75.62000274658203,75.68000030517578,22.850353240966797,5830
2003-12-03,76.0,83.0,75.54000091552734,81.88999938964844,24.725358963012695,46610
2003-12-04,83.0,86.0,80.19999694824219,81.51000213623047,24.610628128051758,34710
2003-12-05,82.75,83.58999633789062,81.19999694824219,81.68000030517578,24.661951065063477,12020
2003-12-08,80.19999694824219,82.94000244140625,80.19999694824219,80.94999694824219,24.441543579101562,5415
2003-12-09,82.80000305175781,84.19999694824219,81.4000015258789,83.61000061035156,25.24468421936035,14270
2003-12-10,83.61000061035156,86.0,83.5999984741211,85.37999725341797,25.77910804748535,26780
2003-12-11,85.19999694824219,85.20999908447266,82.0199966430664,82.81999969482422,25.006162643432617,13690
2003-12-12,84.0,84.0,80.4000015258789,81.44000244140625,24.589488983154297,8105
2003-12-15,83.0,84.0,82.0199966430664,83.70999908447266,25.274873733520508,12790
2003-12-16,83.79000091552734,84.18000030517578,82.02999877929688,82.7699966430664,24.99106216430664,11960
2003-12-17,87.0,91.0,81.80000305175781,84.18000030517578,25.416791915893555,270955
2003-12-18,91.18000030517578,91.18000030517578,82.4000015258789,83.70999908447266,25.274873733520508,21485
2003-12-19,84.9800033569336,91.0,84.9800033569336,86.97000122070312,26.259187698364258,55610
2003-12-22,91.80000305175781,91.80000305175781,86.81999969482422,86.91999816894531,26.24408531188965,15895
2003-12-23,89.4000015258789,89.4000015258789,85.11000061035156,85.80000305175781,25.90592384338379,18005
2003-12-24,86.77999877929688,87.0,85.0,86.75,26.192758560180664,17190
2003-12-25,86.75,86.75,86.75,86.75,26.192758560180664,0
2003-12-26,86.77999877929688,86.80000305175781,85.5,85.91000366210938,25.939138412475586,14920
2003-12-29,86.9000015258789,90.77999877929688,86.5,89.05000305175781,26.88720703125,28910
2003-12-30,90.0,91.51000213623047,87.0,87.4800033569336,26.413171768188477,15820
2003-12-31,87.0,88.37999725341797,86.44999694824219,86.94999694824219,26.253150939941406,10650
2004-01-01,87.0,87.69999694824219,86.5,87.37999725341797,26.382976531982422,10850
2004-01-02,89.5999984741211,92.0,88.41999816894531,89.58999633789062,27.05024528503418,16590
2004-01-05,86.19999694824219,91.19999694824219,86.19999694824219,88.30999755859375,26.663772583007812,20875
2004-01-06,90.0,91.5,86.5999984741211,87.55999755859375,26.437320709228516,23525
2004-01-07,86.4000015258789,88.5,85.0,87.58000183105469,26.443370819091797,9850
2004-01-08,87.0,88.51000213623047,87.0,88.05000305175781,26.585275650024414,31285
2004-01-09,85.4000015258789,89.37999725341797,85.4000015258789,87.4000015258789,26.389019012451172,5165
2004-01-12,91.80000305175781,97.0,91.0,92.66000366210938,27.977188110351562,40650
2004-01-13,96.80000305175781,97.0,92.80000305175781,94.73999786376953,28.605207443237305,46545
2004-01-14,95.5999984741211,97.5999984741211,95.0,97.30999755859375,29.381179809570312,26280
2004-01-15,97.5999984741211,97.5999984741211,96.22000122070312,96.58000183105469,29.1607666015625,24525
2004-01-16,96.87000274658203,96.87000274658203,92.4000015258789,93.9800033569336,28.37574005126953,42460
2004-01-19,93.0199966430664,93.5999984741211,91.5999984741211,93.5999984741211,28.261005401611328,10675
2004-01-20,92.55000305175781,94.4000015258789,92.4000015258789,92.45999908447266,27.916799545288086,21035
2004-01-21,91.0199966430664,92.0,86.80000305175781,86.94000244140625,26.250131607055664,21645
2004-01-22,86.41999816894531,88.0,85.0,85.76000213623047,25.89384651184082,16565
2004-01-23,86.0,87.9800033569336,85.0199966430664,87.63999938964844,26.46148109436035,16620
2004-01-26,87.63999938964844,87.63999938964844,87.63999938964844,87.63999938964844,26.46148109436035,0
2004-01-27,86.5999984741211,89.8499984741211,86.5999984741211,88.87000274658203,26.83285903930664,6030
2004-01-28,84.41000366210938,88.0,84.4000015258789,87.66999816894531,26.47054100036621,4410
2004-01-29,85.61000061035156,87.4800033569336,85.61000061035156,87.27999877929688,26.352783203125,2050
2004-01-30,87.19999694824219,87.20999908447266,84.19999694824219,84.22000122070312,25.428865432739258,3020
2004-02-02,84.22000122070312,84.22000122070312,84.22000122070312,84.22000122070312,25.428865432739258,0
2004-02-03,85.0,85.0,78.5999984741211,78.72000122070312,23.76822853088379,9570
2004-02-04,79.20999908447266,80.0,78.22000122070312,79.5199966430664,24.00977325439453,6515
2004-02-05,79.63999938964844,80.0,78.8499984741211,78.87999725341797,23.816543579101562,4110
2004-02-06,78.0,79.5999984741211,77.9800033569336,79.58999633789062,24.030908584594727,2605
2004-02-09,78.19999694824219,79.0,78.0199966430664,78.12000274658203,23.587074279785156,17740
2004-02-10,75.19999694824219,78.80000305175781,75.19999694824219,78.18000030517578,23.60518455505371,29120
2004-02-11,76.1500015258789,78.98999786376953,76.1500015258789,78.05000305175781,23.565935134887695,1125
2004-02-12,78.01000213623047,78.5999984741211,78.0,78.0,23.55083656311035,3400
2004-02-13,78.01000213623047,80.80000305175781,77.80000305175781,80.55000305175781,24.32076644897461,10240
2004-02-16,83.80000305175781,84.77999877929688,78.80000305175781,80.0,24.154706954956055,39015
2004-02-17,80.0,80.0,79.66000366210938,79.66000366210938,24.052047729492188,1000
2004-02-18,81.80000305175781,81.80000305175781,80.4000015258789,80.48999786376953,24.302656173706055,3980
2004-02-19,79.0999984741211,79.30000305175781,79.0999984741211,79.12000274658203,23.889005661010742,1380
2004-02-20,74.19999694824219,79.19999694824219,74.19999694824219,79.19999694824219,23.913158416748047,26550
2004-02-23,74.80000305175781,78.01000213623047,74.80000305175781,78.0,23.55083656311035,1530
2004-02-24,79.9800033569336,79.9800033569336,78.1500015258789,78.31999969482422,23.6474552154541,2795
2004-02-25,78.01000213623047,78.4000015258789,77.0,77.76000213623047,23.478374481201172,2675
2004-02-26,81.0,83.0,77.0,77.83999633789062,23.502527236938477,29430
2004-02-27,77.22000122070312,78.94999694824219,77.19999694824219,78.13999938964844,23.593111038208008,3870
2004-03-01,78.80000305175781,78.80000305175781,76.4000015258789,77.37999725341797,23.36363983154297,5975
2004-03-02,77.37999725341797,77.37999725341797,77.37999725341797,77.37999725341797,23.36363983154297,0
2004-03-03,76.4000015258789,77.4000015258789,76.4000015258789,76.6500015258789,23.143218994140625,7430
2004-03-04,76.2300033569336,76.5199966430664,76.2300033569336,76.5199966430664,23.103975296020508,455
2004-03-05,76.62000274658203,78.0,76.5999984741211,77.75,23.47535514831543,4520
2004-03-08,77.06999969482422,78.0,77.0,77.0,23.248899459838867,11705
2004-03-09,76.19999694824219,78.4000015258789,76.19999694824219,77.18000030517578,23.303253173828125,4050
2004-03-10,76.56999969482422,77.0,76.4000015258789,76.75,23.17342185974121,8290
2004-03-11,77.0,77.5999984741211,76.12000274658203,76.5199966430664,23.103975296020508,4780
2004-03-12,76.05000305175781,77.0,74.86000061035156,76.88999938964844,23.215688705444336,4000
2004-03-15,75.45999908447266,76.94000244140625,75.4000015258789,75.4000015258789,22.765810012817383,4830
2004-03-16,75.0,75.0,73.80000305175781,73.80000305175781,22.282711029052734,2810
2004-03-17,74.80000305175781,74.80000305175781,73.44999694824219,73.44999694824219,22.177040100097656,1550
2004-03-18,72.20999908447266,74.9800033569336,72.20999908447266,72.83999633789062,21.992856979370117,18785
2004-03-19,74.80000305175781,75.0,72.30000305175781,73.69999694824219,22.252519607543945,2625
2004-03-22,73.0,75.5999984741211,70.22000122070312,70.56999969482422,21.30746841430664,9535
2004-03-23,71.0,71.0,69.19999694824219,69.2699966430664,20.914953231811523,45970
2004-03-24,68.5999984741211,73.37999725341797,68.5999984741211,68.80000305175781,20.77304458618164,6740
2004-03-25,74.0,74.5999984741211,71.0,72.66000366210938,21.93851089477539,8965
2004-03-26,73.5999984741211,74.19999694824219,71.4800033569336,74.0,22.343103408813477,34305
2004-03-29,73.5,74.0,70.19999694824219,70.69000244140625,21.34370231628418,18395
2004-03-30,72.19999694824219,73.55999755859375,72.0,73.55999755859375,22.210248947143555,30605
2004-03-31,72.30000305175781,73.19999694824219,72.19999694824219,73.19999694824219,22.10155487060547,25755
2004-04-01,73.23999786376953,74.0,72.0,73.94000244140625,22.324983596801758,4320
2004-04-02,74.44999694824219,74.7699966430664,73.94999694824219,73.9800033569336,22.33706283569336,1755
2004-04-05,73.61000061035156,75.69000244140625,73.61000061035156,74.44000244140625,22.4759521484375,2650
2004-04-06,74.0199966430664,75.0,74.0199966430664,75.0,22.645036697387695,7925
2004-04-07,73.19999694824219,76.0,73.19999694824219,75.0199966430664,22.651071548461914,3015
2004-04-08,75.0,77.19999694824219,75.0,75.19999694824219,22.70542335510254,7255
2004-04-09,75.19999694824219,75.19999694824219,75.19999694824219,75.19999694824219,22.70542335510254,0
2004-04-12,75.47000122070312,77.30000305175781,75.47000122070312,76.4000015258789,23.0677433013916,2120
2004-04-13,76.80000305175781,77.19999694824219,76.80000305175781,77.0,23.248899459838867,2160
2004-04-14,77.0,77.0,77.0,77.0,23.248899459838867,0
2004-04-15,78.4000015258789,78.5999984741211,76.44999694824219,77.18000030517578,23.303253173828125,2440
2004-04-16,77.0,80.79000091552734,77.0,80.79000091552734,24.393230438232422,12555
2004-04-19,80.0,80.0,77.5999984741211,77.62999725341797,23.439125061035156,2525
2004-04-20,77.0,78.73999786376953,77.0,77.06999969482422,23.270034790039062,600
2004-04-21,75.0,79.0,75.0,78.5199966430664,23.70783805847168,3265
2004-04-22,78.05000305175781,80.5,78.05000305175781,80.19999694824219,24.21509552001953,2295
2004-04-23,80.0,81.0,79.01000213623047,79.19999694824219,23.913158416748047,1975
2004-04-27,79.0,79.0,77.0,78.37999725341797,23.665573120117188,3170
2004-04-28,84.0,93.0,77.5999984741211,80.69000244140625,24.3630428314209,3715
2004-04-29,81.0,81.0,80.22000122070312,80.9000015258789,24.426448822021484,1725
2004-04-30,80.4000015258789,82.0,80.30000305175781,82.0,24.758575439453125,2300
2004-05-03,80.0,80.0,76.4000015258789,78.98999786376953,23.84975814819336,2580
2004-05-04,79.9800033569336,81.0,79.9800033569336,80.20999908447266,24.218109130859375,6495
2004-05-05,83.0,83.0,81.0,82.26000213623047,24.837072372436523,5165
2004-05-06,81.19999694824219,83.0,81.0,82.87999725341797,25.024272918701172,3625
2004-05-07,81.0,83.69999694824219,80.4000015258789,82.0,24.758575439453125,1265
2004-05-10,81.19999694824219,81.95999908447266,80.5,81.0199966430664,24.46267318725586,1300
2004-05-11,79.19999694824219,79.41000366210938,74.5999984741211,76.45999908447266,23.085859298706055,4990
2004-05-12,79.94999694824219,79.94999694824219,77.19999694824219,78.0,23.55083656311035,245
2004-05-13,76.0,77.0,75.41000366210938,76.69000244140625,23.155305862426758,625
2004-05-14,76.62999725341797,76.62999725341797,74.0,74.88999938964844,22.61182403564453,8070
2004-05-17,74.0,74.01000213623047,74.0,74.0,22.343103408813477,23780
2004-05-18,74.19999694824219,75.0,74.0,74.05000305175781,22.358203887939453,107755
2004-05-19,77.0,77.0,74.19999694824219,74.97000122070312,22.6359806060791,4125
2004-05-20,74.0,76.55999755859375,74.0,74.69000244140625,22.551443099975586,43245
2004-05-21,74.52999877929688,76.0,74.52999877929688,74.52999877929688,22.50312614440918,50850
2004-05-24,76.0,76.0,74.62000274658203,74.95999908447266,22.632959365844727,36875
2004-05-25,76.0,76.0,74.41000366210938,75.69000244140625,22.853364944458008,6605
2004-05-26,74.51000213623047,75.9800033569336,74.5,74.62999725341797,22.533323287963867,2980
2004-05-27,75.4000015258789,75.4000015258789,74.62000274658203,74.62000274658203,22.53030776977539,2625
2004-05-28,74.05000305175781,74.4000015258789,72.9000015258789,74.0199966430664,22.349140167236328,3560
2004-05-31,74.0199966430664,74.0199966430664,74.0,74.0,22.343103408813477,16805
2004-06-01,74.0,74.80000305175781,74.0,74.0,22.343103408813477,2140
2004-06-02,74.01000213623047,75.19999694824219,74.0,74.0,22.343103408813477,920
2004-06-03,74.0,74.30000305175781,74.0,74.01000213623047,22.34612274169922,2340
2004-06-04,74.0,75.19999694824219,74.0,74.0,22.343103408813477,3725
2004-06-07,74.11000061035156,74.76000213623047,74.0,74.0,22.343103408813477,2260
2004-06-08,77.80000305175781,77.80000305175781,74.19999694824219,74.19999694824219,22.403491973876953,5000
2004-06-09,75.0999984741211,75.0999984741211,75.0999984741211,75.0999984741211,22.675230026245117,25
2004-06-10,75.0,75.0,74.66999816894531,74.66999816894531,22.545398712158203,50
2004-06-11,74.4000015258789,74.4000015258789,74.0,74.04000091552734,22.355178833007812,620
2004-06-14,74.23999786376953,74.4000015258789,74.0,74.08999633789062,22.370271682739258,3165
2004-06-15,74.01000213623047,75.0,74.0,74.69000244140625,22.551443099975586,4700
2004-06-16,75.0,75.0,74.0,74.02999877929688,22.35215950012207,2835
2004-06-17,74.0199966430664,74.06999969482422,74.0199966430664,74.06999969482422,22.364242553710938,550
2004-06-18,75.0,75.0,74.0,74.0,22.343103408813477,36875
2004-06-21,74.19999694824219,74.19999694824219,74.0,74.0,22.343103408813477,710
2004-06-22,74.0,74.19000244140625,74.0,74.0,22.343103408813477,4465
2004-06-23,74.19999694824219,74.80000305175781,74.0,74.01000213623047,22.34612274169922,5945
2004-06-24,74.0,74.0,73.80000305175781,74.0,22.343103408813477,2130
2004-06-25,74.0,74.0199966430664,74.0,74.01000213623047,22.34612274169922,1775
2004-06-28,74.9800033569336,75.4000015258789,74.4000015258789,74.5,22.494070053100586,1470
2004-06-29,74.19999694824219,75.4000015258789,74.19999694824219,75.22000122070312,22.711463928222656,230
2004-06-30,72.19999694824219,76.63999938964844,72.19999694824219,74.2300033569336,22.41254425048828,17125
2004-07-01,75.37999725341797,75.80000305175781,74.2300033569336,75.80000305175781,22.886581420898438,120
2004-07-02,74.05999755859375,74.62000274658203,74.05999755859375,74.26000213623047,22.42160987854004,1325
2004-07-05,74.19999694824219,74.19999694824219,74.02999877929688,74.02999877929688,22.35215950012207,315
2004-07-06,76.0,76.0,74.01000213623047,74.05000305175781,22.358203887939453,3160
2004-07-07,74.41999816894531,74.41999816894531,74.0,74.01000213623047,22.34612274169922,805
2004-07-08,75.0,75.9000015258789,74.0,74.08000183105469,22.36725616455078,3020
2004-07-09,75.33000183105469,75.80000305175781,74.4000015258789,74.56999969482422,22.515207290649414,4950
2004-07-12,75.98999786376953,78.0,75.98999786376953,77.30999755859375,23.342498779296875,2480
2004-07-13,79.4000015258789,79.4000015258789,76.0,76.0,22.94696617126465,2095
2004-07-14,76.0,76.41000366210938,76.0,76.41000366210938,23.070764541625977,610
2004-07-15,74.5,78.0,74.5,77.23999786376953,23.321367263793945,12480
2004-07-16,78.4000015258789,78.4000015258789,74.80000305175781,76.33999633789062,23.04962921142578,760
2004-07-19,76.61000061035156,80.0,76.61000061035156,79.5999984741211,24.033935546875,6190
2004-07-20,77.61000061035156,78.0,76.6500015258789,77.0,23.248899459838867,9045
2004-07-21,76.01000213623047,77.80000305175781,76.01000213623047,77.0,23.248899459838867,5100
2004-07-22,76.4000015258789,78.0,76.4000015258789,77.06999969482422,23.270034790039062,1100
2004-07-23,77.9000015258789,78.0,76.0,77.86000061035156,23.508563995361328,31025
2004-07-26,77.80000305175781,79.0,76.19999694824219,78.63999938964844,23.744077682495117,3210
2004-07-27,74.4000015258789,78.80000305175781,74.4000015258789,77.80000305175781,23.49045181274414,33585
2004-07-28,78.19999694824219,78.19999694824219,76.0,76.70999908447266,23.161340713500977,3055
2004-07-29,77.80000305175781,77.94000244140625,76.41000366210938,77.5199966430664,23.40590476989746,3990
2004-07-30,78.38999938964844,78.38999938964844,76.0999984741211,76.80000305175781,23.18851661682129,2495
2004-08-02,78.0,78.0,75.70999908447266,76.26000213623047,23.02547264099121,1070
2004-08-03,76.20999908447266,78.0,76.20999908447266,77.94000244140625,23.532726287841797,1350
2004-08-04,75.80000305175781,77.80000305175781,75.80000305175781,76.4000015258789,23.0677433013916,2925
2004-08-05,77.0,77.80000305175781,76.52999877929688,76.87999725341797,23.212669372558594,8695
2004-08-06,76.44000244140625,78.0,76.4000015258789,76.44000244140625,23.079824447631836,5205
2004-08-09,76.5,78.0,75.80000305175781,77.0199966430664,23.25494384765625,4325
2004-08-10,77.22000122070312,78.0,77.19999694824219,77.76000213623047,23.478374481201172,35390
2004-08-11,77.5999984741211,80.0,77.5999984741211,78.31999969482422,23.6474552154541,9265
2004-08-12,77.02999877929688,78.58000183105469,77.0,77.19999694824219,23.309288024902344,9800
2004-08-13,76.37999725341797,77.80000305175781,76.33000183105469,77.6500015258789,23.445158004760742,2225
2004-08-16,77.0,78.4000015258789,77.0,78.4000015258789,23.671615600585938,1400
2004-08-17,79.98999786376953,79.98999786376953,77.0,77.8499984741211,23.505544662475586,14235
2004-08-18,77.02999877929688,78.4000015258789,76.80000305175781,77.02999877929688,23.257959365844727,14390
2004-08-19,77.0,77.9800033569336,77.0,77.52999877929688,23.408931732177734,8030
2004-08-20,78.80000305175781,79.69999694824219,78.4000015258789,78.6500015258789,23.74709701538086,9740
2004-08-23,79.0,80.0,79.0,79.7699966430664,24.085254669189453,4665
2004-08-24,80.0,82.69999694824219,80.0,80.76000213623047,24.38417625427246,19330
2004-08-25,81.43000030517578,82.0,80.30000305175781,80.91000366210938,24.42946434020996,13085
2004-08-26,81.0,81.80000305175781,80.62000274658203,80.7300033569336,24.3751163482666,10160
2004-08-27,81.0,81.63999938964844,80.9000015258789,81.36000061035156,24.565336227416992,11280
2004-08-30,81.5,82.5999984741211,81.0,81.18000030517578,24.510986328125,21855
2004-08-31,82.0,85.9000015258789,81.0,81.55000305175781,24.622703552246094,13145
2004-09-01,82.0,89.70999908447266,81.81999969482422,87.81999969482422,26.51582908630371,80185
2004-09-02,88.19999694824219,90.4000015258789,88.0999984741211,88.98999786376953,26.869089126586914,46730
2004-09-03,90.0,90.0,87.98999786376953,88.5999984741211,26.751340866088867,7055
2004-09-06,89.19999694824219,90.0,87.26000213623047,88.0,26.570173263549805,12890
2004-09-07,90.37999725341797,90.37999725341797,87.5999984741211,88.08999633789062,26.597347259521484,14225
2004-09-08,87.05000305175781,89.79000091552734,87.0,87.4000015258789,26.389019012451172,13665
2004-09-09,88.19999694824219,88.19999694824219,85.5999984741211,86.23999786376953,26.038768768310547,10700
2004-09-10,87.5999984741211,89.0,86.5999984741211,88.2699966430664,26.651695251464844,9805
2004-09-13,88.44999694824219,89.80000305175781,87.80000305175781,88.05999755859375,26.588289260864258,21365
2004-09-14,88.0,90.19999694824219,88.0,89.27999877929688,26.95665168762207,25645
2004-09-15,89.94999694824219,89.94999694824219,89.19000244140625,89.2699966430664,26.953632354736328,13450
2004-09-16,89.4800033569336,89.9000015258789,88.19999694824219,88.62999725341797,26.76039695739746,15370
2004-09-17,89.0199966430664,91.95999908447266,89.0199966430664,91.02999877929688,27.485031127929688,34965
2004-09-20,91.80000305175781,92.0,90.4000015258789,90.91000366210938,27.44880485534668,40710
2004-09-21,88.0199966430664,88.0199966430664,84.80000305175781,86.62000274658203,33.06376266479492,13185
2004-09-22,88.80000305175781,89.0,85.44000244140625,86.0199966430664,32.83473587036133,25245
2004-09-23,86.0,86.19999694824219,85.41000366210938,86.0,32.82710266113281,23315
2004-09-24,86.0199966430664,86.80000305175781,86.0,86.0,32.82710266113281,4525
2004-09-27,86.94999694824219,88.29000091552734,81.01000213623047,87.55999755859375,33.422569274902344,45155
2004-09-28,86.23999786376953,87.0,86.0,86.0,32.82710266113281,6375
2004-09-29,86.0,86.4000015258789,84.62000274658203,86.30999755859375,32.945438385009766,9670
2004-09-30,86.0,86.75,86.0,86.0,32.82710266113281,13700
2004-10-01,86.0,86.9800033569336,86.0,86.11000061035156,32.86909484863281,5775
2004-10-04,86.0,86.55999755859375,86.0,86.0,32.82710266113281,9935
2004-10-05,86.0,86.4000015258789,86.0,86.0,32.82710266113281,6925
2004-10-06,86.4000015258789,87.19999694824219,86.0,86.16999816894531,32.891990661621094,8840
2004-10-07,86.4000015258789,87.62000274658203,86.0,86.9000015258789,33.17063903808594,2785
2004-10-08,88.80000305175781,88.80000305175781,86.0,86.0,32.82710266113281,4600
2004-10-11,86.0,87.0,86.0,86.0,32.82710266113281,2695
2004-10-12,86.0,86.95999908447266,86.0,86.0,32.82710266113281,10655
2004-10-14,86.0199966430664,86.76000213623047,86.0,86.05999755859375,32.850006103515625,4875
2004-10-15,86.0999984741211,86.12000274658203,86.0,86.0,32.82710266113281,5260
2004-10-18,86.0,86.5999984741211,86.0,86.01000213623047,32.83092498779297,1440
2004-10-19,86.0,86.69999694824219,86.0,86.06999969482422,32.853824615478516,7295
2004-10-20,86.02999877929688,86.02999877929688,86.0,86.0,32.82710266113281,2225
2004-10-21,86.0,86.4000015258789,86.0,86.0,32.82710266113281,2285
2004-10-22,86.0,86.0,86.0,86.0,32.82710266113281,0
2004-10-25,86.01000213623047,86.4000015258789,86.0,86.0,32.82710266113281,9185
2004-10-26,86.0,86.01000213623047,86.0,86.0,32.82710266113281,4195
2004-10-27,90.98999786376953,90.98999786376953,86.0,86.0,32.82710266113281,10270
2004-10-28,86.0,86.5,86.0,86.01000213623047,32.83092498779297,17395
2004-10-29,86.80000305175781,88.4000015258789,86.5999984741211,87.80999755859375,33.51799774169922,9525
2004-11-01,87.0,87.5999984741211,86.41999816894531,86.41999816894531,32.987422943115234,6105
2004-11-02,86.25,88.37000274658203,86.25,86.97000122070312,33.19736099243164,6135
2004-11-03,87.5999984741211,89.0,87.5,87.86000061035156,33.537086486816406,11170
2004-11-04,86.19999694824219,89.0,86.01000213623047,86.54000091552734,33.033226013183594,5005
2004-11-05,87.9800033569336,89.0,86.63999938964844,87.12999725341797,33.25843811035156,4385
2004-11-08,87.25,87.9000015258789,86.0,86.02999877929688,32.83855056762695,4270
2004-11-09,86.05000305175781,86.19999694824219,86.0,86.18000030517578,32.895816802978516,12225
2004-11-10,86.0999984741211,87.0,86.0,86.37999725341797,32.97215270996094,1680
2004-11-11,86.4000015258789,86.4000015258789,86.11000061035156,86.11000061035156,32.86909484863281,1740
2004-11-12,90.0,90.0,86.0,86.0,32.82710266113281,1530
2004-11-15,86.0,86.0,86.0,86.0,32.82710266113281,0
2004-11-16,87.16000366210938,87.80000305175781,86.26000213623047,87.19999694824219,33.285152435302734,3000
2004-11-17,87.0,88.37999725341797,87.0,87.68000030517578,33.468379974365234,6945
2004-11-18,87.4000015258789,87.4000015258789,86.80000305175781,87.0,33.20882034301758,2875
2004-11-19,86.30999755859375,88.19999694824219,86.30999755859375,87.02999877929688,33.22026824951172,4480
2004-11-22,86.41000366210938,88.0,86.41000366210938,87.52999877929688,33.4111213684082,1675
2004-11-23,87.0,88.77999877929688,87.0,88.20999908447266,33.67068099975586,1365
2004-11-24,88.0,93.97000122070312,87.63999938964844,93.20999908447266,35.5792350769043,50365
2004-11-25,91.0,97.0,91.0,96.0,36.64421463012695,23155
2004-11-26,96.0,96.0,96.0,96.0,36.64421463012695,0
2004-11-29,91.0,96.80000305175781,91.0,95.80999755859375,36.57168197631836,11615
2004-11-30,96.0,96.5999984741211,94.0,94.05000305175781,35.89987564086914,10470
2004-12-01,91.5,93.98999786376953,91.0,92.02999877929688,35.12881851196289,12650
2004-12-02,93.80000305175781,93.80000305175781,90.30000305175781,90.30999755859375,34.47227096557617,1970
2004-12-03,90.19999694824219,95.0,90.01000213623047,94.04000091552734,35.896060943603516,20865
2004-12-06,93.22000122070312,96.5999984741211,93.22000122070312,95.95999908447266,36.628944396972656,27480
2004-12-07,95.0,98.4000015258789,94.5999984741211,98.02999877929688,37.41908264160156,26420
2004-12-08,96.51000213623047,98.4000015258789,96.4000015258789,97.91999816894531,37.37709426879883,10060
2004-12-09,97.4000015258789,98.0,96.19999694824219,96.2300033569336,36.73200607299805,2175
2004-12-10,96.62000274658203,98.80000305175781,96.19999694824219,96.48999786376953,36.83125305175781,3860
2004-12-13,96.69999694824219,97.37999725341797,95.8499984741211,96.55000305175781,36.854156494140625,10100
2004-12-14,96.0,96.77999877929688,95.01000213623047,95.6500015258789,36.51060485839844,1370
2004-12-15,96.5999984741211,97.9800033569336,94.0,95.16999816894531,36.327388763427734,3975
2004-12-16,96.0,97.3499984741211,95.19999694824219,96.37999725341797,36.78925704956055,12720
2004-12-17,92.0199966430664,97.55999755859375,92.0199966430664,96.4000015258789,36.79689407348633,14310
2004-12-20,94.61000061035156,96.80000305175781,94.61000061035156,95.0,36.26249694824219,7645
2004-12-21,95.41999816894531,96.05000305175781,95.41999816894531,95.88999938964844,36.60221862792969,2900
2004-12-22,97.62000274658203,102.5,97.0,100.93000030517578,38.52604293823242,29640
2004-12-23,101.4000015258789,103.5999984741211,101.01000213623047,101.76000213623047,38.842864990234375,6720
2004-12-24,103.80000305175781,103.80000305175781,101.0,101.05999755859375,38.57565689086914,5965
2004-12-27,100.4000015258789,102.0,100.0,101.61000061035156,38.785606384277344,3255
2004-12-28,102.9800033569336,105.19999694824219,94.0,99.02999877929688,37.80079650878906,6630
2004-12-29,99.0,100.0,96.41000366210938,98.0,37.40763473510742,1980
2004-12-30,96.5999984741211,100.0,96.5999984741211,99.63999938964844,38.033626556396484,5155
2004-12-31,100.0,105.5999984741211,100.0,104.77999877929688,39.995628356933594,76935
2005-01-03,100.19999694824219,109.0,100.19999694824219,108.0,41.22473907470703,23725
2005-01-04,109.0,111.80000305175781,108.0,110.08999633789062,42.022499084472656,24790
2005-01-05,110.05000305175781,111.0,108.4000015258789,110.19999694824219,42.06449508666992,29555
2005-01-06,110.0,111.19999694824219,110.0,110.08000183105469,42.01869583129883,12340
2005-01-07,112.0,112.0,110.0,110.05999755859375,42.01105880737305,7800
2005-01-10,112.0,114.0,110.41999816894531,112.63999938964844,42.99587631225586,7905
2005-01-11,112.19999694824219,113.0,110.0,110.38999938964844,42.13703155517578,6910
2005-01-12,110.01000213623047,111.0,108.80000305175781,108.80000305175781,41.53010177612305,68195
2005-01-13,109.19999694824219,113.0,109.19999694824219,110.04000091552734,42.00342559814453,14620
2005-01-14,110.0,112.0,110.0,112.0,42.7515869140625,8760
2005-01-17,110.0,111.79000091552734,109.01000213623047,110.58000183105469,42.20954895019531,16110
2005-01-18,110.5999984741211,113.0,110.0,110.08000183105469,42.01869583129883,6485
2005-01-19,112.0,112.4000015258789,110.5999984741211,111.0,42.369869232177734,2850
2005-01-20,110.0,119.80000305175781,108.0,117.7300033569336,44.938777923583984,47745
2005-01-24,120.44999694824219,120.44999694824219,113.98999786376953,118.02999877929688,45.05329513549805,108025
2005-01-25,116.0,120.3499984741211,116.0,120.01000213623047,45.8090705871582,23200
2005-01-27,118.0,123.80000305175781,118.0,123.58999633789062,47.175594329833984,17900
2005-01-28,123.80000305175781,127.5999984741211,119.80000305175781,125.55999755859375,47.92757034301758,12445
2005-01-31,126.0,130.0,121.80000305175781,122.83999633789062,46.88931655883789,14050
2005-02-01,122.9000015258789,124.19999694824219,118.0,122.83000183105469,46.88550567626953,8765
2005-02-02,122.0,123.80000305175781,119.80000305175781,120.22000122070312,45.88923645019531,8325
2005-02-03,122.9000015258789,122.9000015258789,119.0,119.45999908447266,45.59913635253906,2750
2005-02-04,120.19999694824219,121.9800033569336,118.20999908447266,119.86000061035156,45.7518310546875,3650
2005-02-07,120.0,122.0,119.38999938964844,119.45999908447266,45.59913635253906,4495
2005-02-08,119.01000213623047,119.01000213623047,118.33000183105469,118.33000183105469,45.16780471801758,800
2005-02-09,116.6500015258789,120.4000015258789,116.0,120.16999816894531,45.870155334472656,6935
2005-02-10,118.0,120.0,118.0,119.22000122070312,45.50752639770508,14895
2005-02-11,121.0,121.0,117.66000366210938,119.83999633789062,45.74419403076172,17315
2005-02-14,119.0,120.0,116.06999969482422,116.91000366210938,44.62577819824219,9045
2005-02-15,115.27999877929688,115.61000061035156,114.41999816894531,114.5999984741211,43.74402618408203,2030
2005-02-16,115.80000305175781,115.80000305175781,111.22000122070312,111.22000122070312,42.45383834838867,6300
2005-02-17,110.4000015258789,111.51000213623047,110.0,110.0199966430664,41.995784759521484,2950
2005-02-18,110.0,113.98999786376953,110.0,111.2699966430664,42.472923278808594,3335
2005-02-21,112.0,112.0,110.0,110.29000091552734,42.098854064941406,2340
2005-02-22,111.0,111.5999984741211,110.0,110.05000305175781,42.007240295410156,21855
2005-02-23,116.80000305175781,116.80000305175781,110.0,110.0,41.9881591796875,96280
2005-02-24,112.37999725341797,112.37999725341797,110.0,110.4000015258789,42.140838623046875,33810
2005-02-25,110.4000015258789,111.69999694824219,110.19999694824219,111.16000366210938,42.43094253540039,7425
2005-02-28,111.4000015258789,113.01000213623047,110.0,112.25,42.84699630737305,17715
2005-03-01,104.80000305175781,115.4000015258789,104.80000305175781,113.0199966430664,43.140926361083984,12355
2005-03-02,112.20999908447266,114.9800033569336,112.20999908447266,112.91999816894531,43.10274887084961,2650
2005-03-03,112.51000213623047,114.4000015258789,112.5,114.4000015258789,43.66768264770508,1935
2005-03-04,112.41000366210938,117.0,112.4000015258789,116.0199966430664,44.28604507446289,2795
2005-03-07,119.0,119.0,112.0199966430664,117.0,44.660125732421875,5670
2005-03-08,118.0,126.19999694824219,116.02999877929688,125.4800033569336,47.89703369140625,201945
2005-03-09,119.80000305175781,129.60000610351562,119.80000305175781,126.12999725341797,48.14514923095703,27410
2005-03-10,127.77999877929688,151.36000061035156,127.77999877929688,151.36000061035156,57.775699615478516,84250
2005-03-11,151.60000610351562,178.8000030517578,149.0,167.5,63.93650817871094,480835
2005-03-14,166.0,179.60000610351562,155.0500030517578,158.4199981689453,60.47057342529297,204945
2005-03-15,158.0,168.0,156.1999969482422,164.4499969482422,62.772281646728516,106025
2005-03-16,167.8000030517578,176.8000030517578,159.02999877929688,162.66000366210938,62.08903503417969,117660
2005-03-17,167.8000030517578,178.77999877929688,162.39999389648438,175.33999633789062,66.92913055419922,312850
2005-03-18,178.0,179.39999389648438,168.25,169.8800048828125,64.8449935913086,76080
2005-03-21,173.60000610351562,185.0800018310547,173.60000610351562,178.52000427246094,68.14297485351562,181790
2005-03-22,183.0,183.0,169.0,170.0399932861328,64.90604400634766,54250
2005-03-23,172.8000030517578,177.0,165.1699981689453,167.77999877929688,64.04338836669922,47500
2005-03-24,169.8000030517578,174.0,152.60000610351562,154.2899932861328,58.89411163330078,71510
2005-03-28,151.39999389648438,163.0,148.17999267578125,151.7100067138672,57.9093017578125,75735
2005-03-29,153.0,153.0,142.60000610351562,143.8000030517578,54.88996887207031,23390
2005-03-30,142.72999572753906,149.60000610351562,142.72999572753906,145.5399932861328,55.55413818359375,11420
2005-03-31,148.0,153.60000610351562,148.0,151.6300048828125,57.87876892089844,38000
2005-04-01,152.8000030517578,157.39999389648438,151.0,156.00999450683594,59.550662994384766,19565
2005-04-04,160.0,160.0,155.1999969482422,157.16000366210938,59.9896240234375,18255
2005-04-05,154.8000030517578,158.0,153.0,156.22000122070312,59.63081741333008,9055
2005-04-06,156.0,159.8000030517578,154.0,156.75999450683594,59.83693313598633,7530
2005-04-07,158.0,158.0,150.25999450683594,151.57000732421875,57.855873107910156,4905
2005-04-08,150.0,158.60000610351562,148.1999969482422,157.08999633789062,59.96289825439453,17805
2005-04-11,158.1999969482422,164.39999389648438,158.1999969482422,162.4199981689453,61.99742126464844,47420
2005-04-12,161.0,163.74000549316406,161.0,161.64999389648438,61.70350646972656,6290
2005-04-13,161.02000427246094,165.99000549316406,161.0,164.25999450683594,62.69978332519531,8750
2005-04-15,164.0,165.5800018310547,161.0,165.0,62.982242584228516,32785
2005-04-18,160.0,165.9600067138672,160.0,164.57000732421875,62.81809997558594,1955
2005-04-19,166.0,170.0,165.0,165.07000732421875,63.00896453857422,7800
2005-04-20,162.0,165.00999450683594,161.0,161.0399932861328,61.47064971923828,5350
2005-04-21,162.0,165.6999969482422,162.0,165.6999969482422,63.24942398071289,1205
2005-04-22,172.0,172.0,167.0,168.13999938964844,64.18080139160156,12325
2005-04-25,170.1999969482422,170.1999969482422,168.39999389648438,168.50999450683594,64.3220443725586,8175
2005-04-26,165.8800048828125,168.5399932861328,165.0,165.91000366210938,63.329586029052734,625
2005-04-27,166.0,168.99000549316406,163.0,164.38999938964844,62.749385833740234,12670
2005-04-28,163.39999389648438,166.22999572753906,162.1999969482422,162.6199951171875,62.073760986328125,870
2005-04-29,160.0,163.1999969482422,160.0,161.8000030517578,61.760765075683594,13485
2005-05-02,160.00999450683594,162.0,157.8000030517578,157.82000732421875,60.24156188964844,2420
2005-05-03,160.0,160.0,156.0,156.19000244140625,59.61937713623047,2200
2005-05-04,159.75,159.75999450683594,154.0,156.38999938964844,59.69569778442383,1920
2005-05-05,156.99000549316406,158.74000549316406,156.60000610351562,156.60000610351562,59.77585983276367,2295
2005-05-06,157.0,158.0,156.0,156.60000610351562,59.77585983276367,2790
2005-05-09,157.0,158.0,156.0,158.0,60.31026077270508,4020
2005-05-10,156.00999450683594,157.0,153.60000610351562,154.2100067138672,58.86358642578125,325
2005-05-11,160.0,160.0,153.0,153.32000732421875,58.523860931396484,2090
2005-05-12,153.00999450683594,157.60000610351562,153.00999450683594,155.1999969482422,59.241477966308594,7555
2005-05-13,155.22000122070312,158.0,154.39999389648438,156.08999633789062,59.58119583129883,11535
2005-05-16,157.0,162.0,155.0,160.0399932861328,61.08893966674805,6580
2005-05-17,163.8000030517578,163.8000030517578,154.0,154.25999450683594,58.88267135620117,6190
2005-05-18,154.0,154.0,151.0800018310547,153.60000610351562,58.630741119384766,1055
2005-05-19,154.0399932861328,156.0,154.0,156.0,59.546844482421875,1275
2005-05-20,155.8000030517578,158.0,154.0,157.49000549316406,60.115604400634766,7920
2005-05-23,157.1999969482422,158.8000030517578,157.0,157.00999450683594,59.932373046875,1450
2005-05-24,156.0,157.8000030517578,155.41000366210938,155.69000244140625,59.42851257324219,375
2005-05-25,157.5800018310547,157.60000610351562,153.22000122070312,155.22000122070312,59.249114990234375,2870
2005-05-26,157.97999572753906,161.60000610351562,156.0,156.7899932861328,59.84839630126953,5505
2005-05-27,159.99000549316406,164.97999572753906,157.61000061035156,163.30999755859375,62.33713912963867,9685
2005-05-30,160.0,169.0,153.0,160.8300018310547,61.3905029296875,4290
2005-05-31,162.0,165.1999969482422,162.0,164.6699981689453,62.85625457763672,7050
2005-06-01,165.0,167.8000030517578,164.22999572753906,166.42999267578125,63.528079986572266,1110
2005-06-02,164.0,167.5500030517578,164.0,166.00999450683594,63.367759704589844,2050
2005-06-03,167.0,167.0,163.0,163.3800048828125,62.36386489868164,20850
2005-06-06,163.00999450683594,166.0,160.0,162.61000061035156,62.069950103759766,7905
2005-06-07,165.58999633789062,165.58999633789062,161.1999969482422,161.2899932861328,61.56608200073242,370
2005-06-08,163.7899932861328,163.7899932861328,156.0,157.8699951171875,60.26063919067383,6620
2005-06-09,158.0,158.0,156.02999877929688,157.5,60.119407653808594,2855
2005-06-10,170.0,170.0,156.0,156.02000427246094,59.554473876953125,8310
2005-06-13,158.99000549316406,158.99000549316406,157.0,158.19000244140625,60.382781982421875,1385
2005-06-14,157.39999389648438,157.39999389648438,157.39999389648438,157.39999389648438,60.081233978271484,35
2005-06-15,157.00999450683594,157.00999450683594,156.0,156.0,59.546844482421875,500
2005-06-16,156.0,156.0,154.39999389648438,155.0,59.16513442993164,1095
2005-06-17,152.41000366210938,159.0,151.39999389648438,154.64999389648438,59.03153610229492,5310
2005-06-20,160.0,160.0,155.0,155.67999267578125,59.424678802490234,2520
2005-06-21,153.0,159.60000610351562,153.0,156.0,59.546844482421875,6460
2005-06-22,152.0399932861328,159.60000610351562,152.0399932861328,155.7899932861328,59.466670989990234,1950
2005-06-23,154.0,158.8000030517578,154.0,157.75,60.21482849121094,1935
2005-06-24,159.60000610351562,160.6999969482422,157.61000061035156,160.0,61.07368087768555,3945
2005-06-27,156.05999755859375,160.0,156.05999755859375,158.11000061035156,60.35225296020508,3230
2005-06-28,158.0,158.0,146.72999572753906,149.97999572753906,57.24894714355469,4505
2005-06-29,149.86000061035156,154.77999877929688,149.86000061035156,152.64999389648438,58.268123626708984,665
2005-06-30,154.5399932861328,156.36000061035156,152.0,152.27999877929688,58.12688446044922,3760
2005-07-01,158.0,158.0,152.52000427246094,154.66000366210938,59.03535461425781,4020
2005-07-04,157.99000549316406,158.0,154.8000030517578,156.05999755859375,59.569740295410156,915
2005-07-05,156.0,156.0,154.0,155.94000244140625,59.52394485473633,500
2005-07-06,152.25999450683594,157.97999572753906,152.25999450683594,153.8699951171875,58.733795166015625,2805
2005-07-07,154.0,154.0,153.22000122070312,153.22000122070312,58.485687255859375,465
2005-07-08,153.1999969482422,157.77999877929688,153.1999969482422,154.3699951171875,58.92464065551758,1235
2005-07-11,154.39999389648438,155.39999389648438,154.0,155.36000061035156,59.30253219604492,1140
2005-07-12,153.47000122070312,154.7899932861328,150.0399932861328,151.8000030517578,57.94364929199219,3105
2005-07-13,155.99000549316406,155.99000549316406,152.3000030517578,152.47999572753906,58.20322036743164,4065
2005-07-14,151.39999389648438,154.94000244140625,149.0,152.99000549316406,58.39789581298828,5795
2005-07-15,154.2899932861328,154.2899932861328,150.6199951171875,151.61000061035156,57.871131896972656,1110
2005-07-18,152.0,153.6999969482422,151.60000610351562,152.0,58.01999282836914,2885
2005-07-19,150.58999633789062,153.0,148.0,152.3800048828125,58.16504669189453,3050
2005-07-20,152.1999969482422,153.19000244140625,150.6999969482422,151.38999938964844,57.78716278076172,820
2005-07-21,153.99000549316406,154.7100067138672,151.1999969482422,151.3300018310547,57.764244079589844,7780
2005-07-22,152.0,153.0,150.0,152.52999877929688,58.22229766845703,6700
2005-07-25,152.60000610351562,153.3800048828125,151.0,153.2100067138672,58.481868743896484,755
2005-07-26,151.0,155.5800018310547,151.0,154.6300048828125,59.0239143371582,13175
2005-07-27,151.8000030517578,153.39999389648438,151.60000610351562,152.39999389648438,58.172691345214844,1350
2005-07-28,152.39999389648438,152.39999389648438,152.39999389648438,152.39999389648438,58.172691345214844,0
2005-07-29,153.0,155.13999938964844,152.42999267578125,152.67999267578125,58.27955627441406,710
2005-08-01,152.8000030517578,153.74000549316406,151.1999969482422,153.72999572753906,58.680362701416016,880
2005-08-02,153.74000549316406,154.0,152.0,152.0,58.01999282836914,1210
2005-08-03,153.0,153.38999938964844,152.99000549316406,153.25999450683594,58.500953674316406,810
2005-08-04,153.39999389648438,156.0,152.22999572753906,155.0800018310547,59.1956672668457,6825
2005-08-05,152.83999633789062,170.58999633789062,148.0,166.27999877929688,63.470821380615234,24400
2005-08-08,174.5500030517578,179.97999572753906,153.67999267578125,164.80999755859375,62.909706115722656,19070
2005-08-09,166.0,166.0,160.22000122070312,162.3000030517578,61.951622009277344,3090
2005-08-10,165.0,166.0,164.0,164.7100067138672,62.87154006958008,2320
2005-08-11,156.0,167.0,156.0,164.33999633789062,62.730308532714844,7330
2005-08-12,160.47000122070312,162.0,160.47000122070312,162.0,61.837100982666016,435
2005-08-16,164.0,170.0,161.0,162.1999969482422,61.913455963134766,17820
2005-08-17,165.8000030517578,165.8000030517578,161.41000366210938,162.99000549316406,62.21499252319336,2330
2005-08-18,161.8000030517578,178.0,161.8000030517578,167.33999633789062,63.87543487548828,10745
2005-08-19,171.8000030517578,171.8000030517578,165.00999450683594,165.55999755859375,63.196006774902344,1235
2005-08-22,166.0,168.0,166.0,166.49000549316406,63.551002502441406,4360
2005-08-23,169.60000610351562,169.60000610351562,162.0,163.50999450683594,62.41350173950195,3320
2005-08-24,162.0,165.10000610351562,155.0,164.4600067138672,62.77610778808594,13780
2005-08-25,165.0,169.39999389648438,163.24000549316406,169.02000427246094,64.51670837402344,6630
2005-08-26,158.47999572753906,171.5,156.1999969482422,168.05999755859375,64.15025329589844,6735
2005-08-29,168.0,169.60000610351562,163.2100067138672,165.4199981689453,63.14253616333008,3310
2005-08-30,167.00999450683594,169.11000061035156,167.00999450683594,168.0,64.12737274169922,4190
2005-08-31,167.10000610351562,174.0,167.10000610351562,173.4499969482422,66.20767974853516,29310
2005-09-01,174.60000610351562,177.8000030517578,172.2100067138672,177.2100067138672,67.6429214477539,18945
2005-09-02,177.0,182.0,174.0,176.67999267578125,67.44061279296875,15270
2005-09-05,179.0,187.8000030517578,179.0,184.66000366210938,70.48666381835938,61175
2005-09-06,198.0,203.1300048828125,187.0,203.1300048828125,77.53687286376953,65030
2005-09-08,207.0,208.6699981689453,196.63999938964844,197.64999389648438,84.60862731933594,42605
2005-09-09,198.0,203.0,194.1999969482422,199.4199981689453,85.36630249023438,18785
2005-09-12,200.0,200.0,197.0500030517578,199.2899932861328,85.31066131591797,20355
2005-09-13,196.32000732421875,199.97999572753906,196.32000732421875,198.6199951171875,85.02384948730469,9405
2005-09-14,199.0,204.0,194.02000427246094,202.58999633789062,86.72329711914062,53565
2005-09-15,204.0,209.0,202.2100067138672,204.86000061035156,87.69502258300781,24285
2005-09-16,211.99000549316406,211.99000549316406,203.0,209.6199951171875,89.73265838623047,36630
2005-09-19,204.0,209.39999389648438,204.0,206.3800048828125,88.345703125,4995
2005-09-20,202.39999389648438,206.39999389648438,200.60000610351562,205.91000366210938,88.14450073242188,27940
2005-09-21,206.0,206.0,198.0,201.10000610351562,86.08548736572266,14105
2005-09-22,200.0,203.0,192.60000610351562,198.05999755859375,84.78413391113281,38765
2005-09-23,195.1999969482422,203.8000030517578,192.44000244140625,200.61000061035156,85.875732421875,11675
2005-09-26,203.60000610351562,206.17999267578125,202.0,205.27999877929688,87.87480163574219,10915
2005-09-27,204.0,208.0,202.0,207.49000549316406,88.82087707519531,12360
2005-09-28,205.0,206.0,200.0,202.0500030517578,86.49214935302734,10535
2005-09-29,206.8000030517578,210.0,198.02000427246094,198.3000030517578,84.8868637084961,8350
2005-09-30,198.1999969482422,201.75999450683594,195.0,199.0,85.18653106689453,7265
2005-10-03,197.1999969482422,207.1999969482422,197.1999969482422,200.0,85.61460876464844,3050
2005-10-04,200.60000610351562,203.0,200.00999450683594,200.4600067138672,85.8115234375,52855
2005-10-05,204.0,204.0,200.0,201.5,86.2567138671875,4590
2005-10-06,201.5,201.5,201.0,201.00999450683594,86.04695892333984,5030
2005-10-07,201.0,203.94000244140625,201.0,202.35000610351562,86.62056732177734,6910
2005-10-10,202.52999877929688,210.60000610351562,202.0,210.07000732421875,89.92529296875,7605
2005-10-11,210.0,211.32000732421875,209.0,209.77999877929688,89.8011474609375,10400
2005-10-13,210.0,212.0,210.0,210.05999755859375,89.92100524902344,7630
2005-10-14,209.11000061035156,210.60000610351562,200.0,210.0,89.89532470703125,94245
2005-10-17,209.0,211.60000610351562,208.02999877929688,210.1300048828125,89.95096588134766,6585
2005-10-18,212.0,214.0,206.1999969482422,206.8800048828125,88.55973815917969,7510
2005-10-19,206.2100067138672,212.97999572753906,200.0,208.6199951171875,89.3045883178711,12150
2005-10-20,209.60000610351562,212.8000030517578,209.60000610351562,212.3000030517578,90.87989044189453,19060
2005-10-21,212.8000030517578,215.00999450683594,210.0,210.89999389648438,90.28058624267578,3540
2005-10-24,210.41000366210938,214.0,210.0,210.0,89.89532470703125,2880
2005-10-25,212.0,212.0,210.0,210.5,90.10936737060547,1720
2005-10-26,211.60000610351562,211.60000610351562,210.0,210.50999450683594,90.11366271972656,1340
2005-10-27,210.39999389648438,211.1999969482422,210.0,210.0,89.89532470703125,1435
2005-10-28,210.0,210.9600067138672,210.0,210.0399932861328,89.91244506835938,4260
2005-10-31,211.60000610351562,212.0,207.0,208.17999267578125,89.11622619628906,1100
2005-11-02,210.02000427246094,211.60000610351562,210.02000427246094,210.6999969482422,90.19498443603516,750
2005-11-04,210.6999969482422,210.6999969482422,210.6999969482422,210.6999969482422,90.19498443603516,0
2005-11-07,211.8000030517578,219.97999572753906,210.8000030517578,218.0,93.3199234008789,4495
2005-11-08,219.8000030517578,227.0,219.8000030517578,222.0,95.0322036743164,4600
2005-11-09,222.0,228.0,222.0,226.3699951171875,96.90287017822266,4570
2005-11-10,226.0,238.0,222.1999969482422,224.52999877929688,96.11521911621094,2930
2005-11-11,228.99000549316406,232.0,221.60000610351562,231.25,98.99188995361328,6300
2005-11-14,228.8000030517578,233.60000610351562,228.8000030517578,232.3300018310547,99.4542007446289,2875
2005-11-16,231.0,237.99000549316406,229.22000122070312,235.47000122070312,100.79835510253906,5185
2005-11-17,236.0,237.0,233.0,233.7899932861328,100.07917785644531,3265
2005-11-18,233.0,237.60000610351562,228.0,233.3699951171875,99.8993911743164,5535
2005-11-21,234.8000030517578,236.0,228.0,228.67999267578125,97.89173889160156,1355
2005-11-22,228.39999389648438,230.0,227.60000610351562,227.60000610351562,97.4294204711914,1375
2005-11-23,231.99000549316406,231.99000549316406,225.0,230.5500030517578,98.69223022460938,1030
2005-11-24,220.0,229.0,219.99000549316406,222.39999389648438,95.20343017578125,4020
2005-11-25,224.19000244140625,230.0,224.0,229.17999267578125,98.10575866699219,3795
2005-11-28,260.0,260.0,245.0,248.24000549316406,106.26485443115234,13030
2005-11-29,256.0,272.8900146484375,242.1199951171875,263.010009765625,112.58747863769531,22815
2005-11-30,275.6000061035156,289.32000732421875,274.79998779296875,289.32000732421875,123.85005187988281,36195
2005-12-01,293.6000061035156,303.7900085449219,293.6000061035156,302.67999267578125,129.56912231445312,69820
2005-12-02,305.0,317.82000732421875,305.0,317.82000732421875,136.0501708984375,25075
2005-12-05,320.20001220703125,333.7200012207031,320.20001220703125,322.7799987792969,138.17340087890625,44320
2005-12-06,322.20001220703125,328.0,316.6000061035156,320.2799987792969,137.10324096679688,20925
2005-12-07,323.5799865722656,324.0,320.0,320.9200134277344,137.37716674804688,11825
2005-12-08,318.5,323.5899963378906,318.5,320.29998779296875,137.11178588867188,10225
2005-12-09,320.0,320.0,306.3999938964844,314.1300048828125,134.47056579589844,10575
2005-12-12,310.3999938964844,314.0,304.20001220703125,308.1199951171875,131.89781188964844,25780
2005-12-13,310.0,310.0,295.0,297.3500061035156,127.28750610351562,17935
2005-12-14,298.0,303.0,288.6000061035156,290.239990234375,124.2439193725586,14690
2005-12-15,298.0,299.0,280.6000061035156,286.55999755859375,122.6685791015625,6070
2005-12-16,288.0,294.6000061035156,283.0,286.9800109863281,122.84838104248047,2550
2005-12-19,286.0,291.20001220703125,280.20001220703125,281.260009765625,120.39982604980469,5130
2005-12-20,271.0,281.0400085449219,271.0,279.2099914550781,119.52224731445312,52940
2005-12-21,279.04998779296875,284.0,279.04998779296875,282.95001220703125,121.12327575683594,22630
2005-12-22,284.9800109863281,284.9800109863281,280.79998779296875,284.9800109863281,121.99225616455078,2095
2005-12-23,291.79998779296875,291.79998779296875,273.6000061035156,280.25,119.96746063232422,6190
2005-12-26,268.0,284.0,268.0,280.1700134277344,119.9332275390625,14535
2005-12-27,273.6400146484375,283.9800109863281,273.6400146484375,280.0,119.86044311523438,14065
2005-12-28,277.0,280.9599914550781,277.0,280.1000061035156,119.90324401855469,14300
2005-12-29,280.0,281.9599914550781,279.989990234375,280.010009765625,119.86473846435547,15425
2005-12-30,270.3999938964844,284.0,270.3999938964844,280.0,119.86044311523438,10025
2006-01-02,285.0,285.0,280.0,281.0,120.28852844238281,4345
2006-01-03,280.0,295.04998779296875,280.0,295.04998779296875,126.30293273925781,59210
2006-01-04,300.79998779296875,305.0,290.0,291.8299865722656,124.92452239990234,13250
2006-01-05,293.79998779296875,306.42999267578125,291.0,306.42999267578125,131.1743927001953,213275
2006-01-06,319.0,321.760009765625,312.0,320.3699951171875,137.14173889160156,67740
2006-01-09,329.20001220703125,329.69000244140625,308.3999938964844,312.8999938964844,133.9440155029297,31650
2006-01-10,309.9800109863281,314.9800109863281,309.3999938964844,312.75,133.8798370361328,6480
2006-01-12,303.6000061035156,314.3999938964844,303.0,311.2200012207031,133.22486877441406,3770
2006-01-13,310.0,320.79998779296875,310.0,316.8399963378906,135.630615234375,19035
2006-01-16,316.0,327.8999938964844,313.79998779296875,323.1499938964844,138.33181762695312,26205
2006-01-17,323.9800109863281,323.9800109863281,316.20001220703125,316.80999755859375,135.61778259277344,3910
2006-01-18,315.0,315.0,309.04998779296875,310.0,132.70262145996094,11605
2006-01-19,311.3999938964844,314.79998779296875,310.0,312.6000061035156,133.81561279296875,2055
2006-01-20,315.0,318.0,312.0,315.1199951171875,134.8943328857422,3735
2006-01-23,315.9599914550781,315.9599914550781,308.0,310.0199890136719,132.71116638183594,20445
2006-01-24,317.55999755859375,322.0,313.20001220703125,315.0,134.8429718017578,1985
2006-01-25,315.20001220703125,327.0,310.0,315.1400146484375,134.90293884277344,12720
2006-01-27,319.79998779296875,319.79998779296875,314.0,314.0,134.4149169921875,695
2006-01-30,307.0,311.5,298.3999938964844,301.489990234375,129.05972290039062,4585
2006-01-31,304.989990234375,307.8900146484375,303.0,306.4800109863281,131.19581604003906,5125
2006-02-01,305.0,305.0,300.0,300.4100036621094,128.597412109375,1285
2006-02-02,300.0,300.0,296.0,298.8299865722656,127.92106628417969,1910
2006-02-03,297.0,297.0,286.79998779296875,287.92999267578125,123.2550277709961,2470
2006-02-06,299.0,299.0,291.0,295.5899963378906,126.53409576416016,1205
2006-02-07,297.989990234375,298.0,293.0400085449219,293.7799987792969,125.75928497314453,1690
2006-02-08,292.3999938964844,296.0,292.0,292.1600036621094,125.06580352783203,4100
2006-02-10,304.0,304.0,290.0,292.8999938964844,125.38256072998047,6570
2006-02-13,292.0,299.79998779296875,290.3999938964844,290.8299865722656,124.4964370727539,8450
2006-02-14,292.2099914550781,296.0,290.20001220703125,290.6600036621094,124.4236831665039,1480
2006-02-15,291.989990234375,293.0,288.0,289.9200134277344,124.10692596435547,10535
2006-02-16,292.0,296.0,288.5,294.6600036621094,126.13597869873047,4430
2006-02-17,293.0,299.9800109863281,293.0,296.04998779296875,126.73098754882812,21110
2006-02-20,294.20001220703125,298.0,291.6000061035156,291.739990234375,124.88600158691406,3320
2006-02-21,293.010009765625,298.0,280.20001220703125,291.54998779296875,124.8046875,5125
2006-02-22,293.6000061035156,293.6000061035156,286.0,287.2699890136719,122.9725341796875,1425
2006-02-23,285.0,291.6000061035156,282.0,283.7300109863281,121.4571533203125,1495
2006-02-24,282.20001220703125,283.010009765625,276.20001220703125,280.82000732421875,120.21146392822266,3255
2006-02-27,281.010009765625,288.0,277.20001220703125,277.9200134277344,118.97002410888672,50475
2006-02-28,282.0,290.0,270.20001220703125,284.9200134277344,121.966552734375,45275
2006-03-01,284.0,291.0,282.0,284.1700134277344,121.64550018310547,9990
2006-03-02,285.0,285.0,280.0,282.20001220703125,120.80219268798828,3380
2006-03-03,282.0,284.0,276.5400085449219,280.92999267578125,120.258544921875,7500
2006-03-06,300.0,300.0,276.5,278.4200134277344,119.18407440185547,6935
2006-03-07,278.3999938964844,280.0,275.0,279.6600036621094,119.71489715576172,18935
2006-03-08,279.0,279.0,274.0,278.3399963378906,119.14981842041016,2170
2006-03-09,281.7900085449219,281.79998779296875,274.0,274.5,117.50603485107422,4395
2006-03-10,276.4100036621094,276.4100036621094,272.0,275.8699951171875,118.09251403808594,4580
2006-03-13,274.07000732421875,275.0,268.20001220703125,269.8399963378906,115.51119995117188,3615
2006-03-14,268.4100036621094,272.0,268.20001220703125,269.17999267578125,115.22868347167969,490
2006-03-16,271.79998779296875,273.6000061035156,267.29998779296875,268.1199951171875,114.7749252319336,3105
2006-03-17,270.0,270.0,260.0,265.3800048828125,113.6020278930664,3615
2006-03-20,260.20001220703125,267.20001220703125,260.0,260.3399963378906,111.44451141357422,3245
2006-03-21,260.0,266.0,259.20001220703125,261.70001220703125,112.02669525146484,3080
2006-03-22,261.20001220703125,263.6000061035156,252.0,258.9700012207031,110.85807800292969,3890
2006-03-23,256.6400146484375,259.6000061035156,256.0,256.0,109.58668518066406,8980
2006-03-24,258.0,264.79998779296875,256.010009765625,261.80999755859375,112.07377624511719,7200
2006-03-27,260.0,265.6000061035156,260.0,265.0,113.43933868408203,3245
2006-03-28,265.0,271.6000061035156,265.0,270.5799865722656,115.82799530029297,10350
2006-03-29,275.20001220703125,281.3999938964844,270.0,279.6199951171875,119.69773864746094,10710
2006-03-30,285.0,286.20001220703125,280.0,284.95001220703125,121.9793930053711,3110
2006-03-31,282.0,294.0,282.0,293.0799865722656,125.45960235595703,4700
2006-04-03,290.0,292.6000061035156,290.0,292.0,124.997314453125,6145
2006-04-04,292.0,295.0,285.0,291.8999938964844,124.9544906616211,9300
2006-04-05,303.0,321.07000732421875,282.20001220703125,312.9599914550781,133.96971130371094,19600
2006-04-07,313.0,321.0,302.010009765625,312.3500061035156,133.7086181640625,16565
2006-04-10,295.0,318.0,295.0,311.79998779296875,133.47315979003906,2065
2006-04-12,304.0,318.0,302.0,315.8900146484375,135.2239990234375,6920
2006-04-13,300.0,314.0,285.6000061035156,310.8699951171875,133.07505798339844,6645
2006-04-17,311.79998779296875,317.9800109863281,301.20001220703125,308.7099914550781,132.150390625,4825
2006-04-18,309.79998779296875,309.79998779296875,301.3999938964844,306.6199951171875,131.25572204589844,460
2006-04-19,306.0,308.0,301.20001220703125,303.8500061035156,130.06997680664062,185
2006-04-20,300.0,303.6000061035156,298.3999938964844,299.8599853515625,128.36195373535156,3030
2006-04-21,296.0,307.3800048828125,295.0400085449219,302.7699890136719,129.60765075683594,2405
2006-04-24,300.0,308.9800109863281,298.0,305.95001220703125,130.96893310546875,2095
2006-04-25,299.0,307.79998779296875,298.0,306.0,130.99034118652344,2375
2006-04-26,302.0,305.0,299.79998779296875,300.3999938964844,128.59312438964844,2325
2006-04-27,313.79998779296875,313.79998779296875,300.0,307.6000061035156,131.67523193359375,905
2006-04-28,318.0,318.0,288.0,304.4200134277344,130.31399536132812,8380
2006-05-02,296.0,315.79998779296875,296.0,314.0400085449219,134.43203735351562,7745
2006-05-03,329.79998779296875,329.79998779296875,308.2200012207031,310.8599853515625,133.07073974609375,6965
2006-05-04,305.0,309.6000061035156,305.0,308.69000244140625,132.141845703125,130
2006-05-05,304.0,318.0,300.3399963378906,311.80999755859375,133.47743225097656,7465
2006-05-08,339.79998779296875,339.79998779296875,303.0,313.0199890136719,133.99539184570312,7025
2006-05-09,311.0,317.6000061035156,303.6300048828125,305.7099914550781,130.86618041992188,3595
2006-05-10,301.79998779296875,312.1000061035156,300.3999938964844,307.04998779296875,131.43980407714844,2945
2006-05-11,305.1099853515625,310.3999938964844,303.79998779296875,303.79998779296875,130.04856872558594,1060
2006-05-12,303.79998779296875,313.79998779296875,303.7699890136719,310.0,132.70262145996094,5535
2006-05-15,296.0,306.0,296.0,298.95001220703125,127.97242736816406,6305
2006-05-16,314.79998779296875,314.79998779296875,292.0,296.0,126.70960998535156,206540
2006-05-17,305.0,305.0,298.0,301.54998779296875,129.0854034423828,2475
2006-05-18,295.0,298.3999938964844,281.0,282.2799987792969,120.83645629882812,3825
2006-05-19,289.0,295.0,269.0,272.4700012207031,116.63704681396484,1790
2006-05-22,260.0,260.0,246.0,252.1999969482422,107.96001434326172,6060
2006-05-23,259.6000061035156,259.6000061035156,245.0,248.36000061035156,106.31620788574219,1890
2006-05-24,255.60000610351562,273.20001220703125,248.39999389648438,272.95001220703125,116.84252166748047,8255
2006-05-25,279.0,279.0,253.44000244140625,255.82000732421875,109.50963592529297,2555
2006-05-26,259.0,271.70001220703125,259.0,259.1199951171875,110.92227172851562,470
2006-05-29,271.19000244140625,271.19000244140625,263.29998779296875,269.6000061035156,115.40847778320312,505
2006-05-30,271.0,287.0,264.0,276.1199951171875,118.19950866699219,2820
2006-05-31,268.82000732421875,288.79998779296875,259.20001220703125,277.1199951171875,118.62759399414062,6520
2006-06-01,278.0,278.0,263.0,266.6199951171875,114.13284301757812,610
2006-06-02,252.0,260.0,248.39999389648438,258.3900146484375,110.60977935791016,1750
2006-06-05,260.0,260.20001220703125,242.8000030517578,246.0399932861328,105.32305145263672,3365
2006-06-06,240.0,243.8000030517578,234.5,242.0,103.59366607666016,240
2006-06-07,247.0,250.0,240.0,243.99000549316406,104.4455337524414,35110
2006-06-08,228.0,230.00999450683594,220.0,224.47999572753906,96.09382629394531,33200
2006-06-09,220.0,246.8000030517578,220.0,243.07000732421875,104.05168914794922,2905
2006-06-12,228.0,255.60000610351562,228.0,245.14999389648438,104.94209289550781,5135
2006-06-13,237.0,238.1999969482422,221.39999389648438,236.0,101.02525329589844,4735
2006-06-14,236.0,236.0,220.0,220.00999450683594,94.18032836914062,765
2006-06-15,220.02000427246094,226.0,210.0,217.02999877929688,92.90467071533203,1415
2006-06-16,220.0,238.39999389648438,220.0,228.2100067138672,97.69054412841797,8715
2006-06-19,230.0,235.60000610351562,230.0,235.60000610351562,100.85400390625,120
2006-06-20,235.0,240.0,231.00999450683594,240.0,102.73753356933594,1985
2006-06-21,236.0,250.0,235.0399932861328,249.8000030517578,106.93262481689453,2040
2006-06-22,253.0,260.0,245.0,254.6199951171875,108.99594116210938,4270
2006-06-23,252.0,269.79998779296875,252.0,265.29998779296875,113.56776428222656,4760
2006-06-26,256.3999938964844,260.0,246.0,256.6000061035156,109.84353637695312,2825
2006-06-27,246.60000610351562,259.6000061035156,246.1999969482422,255.0,109.15863037109375,6175
2006-06-28,257.79998779296875,262.0,253.0,261.8999938964844,112.11229705810547,6310
2006-06-29,260.0,269.79998779296875,258.2099914550781,267.510009765625,114.51380157470703,7635
2006-06-30,274.0,276.0,262.0,269.1199951171875,115.20301818847656,14035
2006-07-03,250.63999938964844,267.989990234375,250.0,261.79998779296875,112.06951904296875,7160
2006-07-04,264.79998779296875,264.79998779296875,260.0,260.7099914550781,111.60289764404297,1705
2006-07-05,257.0,263.6000061035156,257.0,262.989990234375,112.57889556884766,1400
2006-07-06,260.20001220703125,264.0,260.0,264.0,113.01128387451172,8440
2006-07-07,261.20001220703125,264.79998779296875,261.0,261.8500061035156,112.09091186523438,3320
2006-07-10,264.3599853515625,264.3599853515625,260.0,260.8800048828125,111.67567443847656,4615
2006-07-11,260.0,268.20001220703125,260.0,260.8399963378906,111.6585464477539,2225
2006-07-12,268.0,268.0,260.0,260.010009765625,111.30326080322266,2930
2006-07-13,261.29998779296875,264.9800109863281,258.010009765625,260.0400085449219,111.31608581542969,37730
2006-07-14,256.3999938964844,260.0,256.0,259.79998779296875,111.2133560180664,40035
2006-07-17,255.0,255.1999969482422,248.0,248.0,106.16209411621094,6855
2006-07-18,232.1999969482422,254.39999389648438,232.0,244.72999572753906,104.76229858398438,2335
2006-07-19,245.8000030517578,245.8000030517578,236.0,236.00999450683594,101.02951049804688,1035
2006-07-20,228.39999389648438,240.0,228.39999389648438,235.60000610351562,100.85400390625,1100
2006-07-21,241.0,242.8000030517578,237.1999969482422,237.94000244140625,101.85567474365234,840
2006-07-24,254.0,254.0,227.1999969482422,232.1999969482422,99.39855194091797,750
2006-07-25,238.9199981689453,238.9199981689453,232.6199951171875,237.0800018310547,101.48754119873047,150
2006-07-26,239.8000030517578,240.60000610351562,239.8000030517578,239.8000030517578,102.65190887451172,15
2006-07-27,234.0,239.0,232.8000030517578,233.1199951171875,99.79236602783203,1300
2006-07-28,232.99000549316406,241.8000030517578,232.02000427246094,235.05999755859375,100.62283325195312,705
2006-07-31,243.52000427246094,243.52000427246094,238.39999389648438,239.00999450683594,102.31371307373047,3850
2006-08-01,237.0,237.0,233.39999389648438,233.39999389648438,99.9122314453125,160
2006-08-02,239.58999633789062,239.58999633789062,234.1999969482422,237.49000549316406,101.66304779052734,825
2006-08-03,243.99000549316406,243.99000549316406,239.64999389648438,240.0,102.73753356933594,560
2006-08-04,239.1999969482422,239.1999969482422,234.0,236.4499969482422,101.21784973144531,2235
2006-08-07,236.60000610351562,236.60000610351562,235.6999969482422,235.6999969482422,100.89681243896484,110
2006-08-08,250.0,250.0,239.39999389648438,239.39999389648438,102.48066711425781,925
2006-08-09,259.79998779296875,259.79998779296875,229.02000427246094,236.0,101.02525329589844,3855
2006-08-10,234.2100067138672,238.0,234.0,236.9600067138672,101.43618774414062,435
2006-08-11,239.8000030517578,251.8000030517578,232.41000366210938,234.52000427246094,100.39167022705078,2805
2006-08-14,236.1999969482422,243.99000549316406,220.0,230.39999389648438,98.62801361083984,1575
2006-08-16,237.0,239.99000549316406,232.1999969482422,232.77000427246094,99.64253997802734,1165
2006-08-17,240.0,243.8000030517578,225.0,233.19000244140625,99.82233428955078,5695
2006-08-18,225.1999969482422,239.60000610351562,225.1999969482422,235.80999755859375,100.94388580322266,3265
2006-08-21,240.0,240.0,231.0,236.1199951171875,101.07659912109375,1560
2006-08-22,235.0,236.6999969482422,230.0,232.32000732421875,99.44991302490234,5085
2006-08-23,236.74000549316406,240.0,233.0,234.3800048828125,100.3317642211914,5975
2006-08-24,232.47000122070312,233.0399932861328,232.47000122070312,233.0399932861328,99.75811767578125,10
2006-08-25,231.24000549316406,236.0,231.0,232.6199951171875,99.57833862304688,1600
2006-08-28,234.0,235.60000610351562,228.39999389648438,229.00999450683594,98.03299713134766,7155
2006-08-29,226.74000549316406,235.0,226.74000549316406,229.63999938964844,98.30268859863281,2105
2006-08-30,229.94000244140625,230.1999969482422,228.24000549316406,230.0,98.456787109375,4585
2006-08-31,229.0,229.0,224.0,228.9199981689453,97.99446105957031,7470
2006-09-01,218.8000030517578,228.0,218.8000030517578,224.13999938964844,106.40676879882812,2405
2006-09-04,223.44000244140625,227.0,223.39999389648438,223.94000244140625,106.31178283691406,3160
2006-09-05,223.0,223.1999969482422,220.60000610351562,222.1300048828125,105.4525146484375,1100
2006-09-06,228.60000610351562,228.60000610351562,222.1999969482422,223.4600067138672,106.08393096923828,1225
2006-09-07,223.60000610351562,225.13999938964844,208.10000610351562,219.44000244140625,104.17550659179688,3425
2006-09-08,220.24000549316406,223.6999969482422,220.0,221.6199951171875,105.21041870117188,2620
2006-09-11,225.0,225.19000244140625,218.0,219.1199951171875,104.0235595703125,2690
2006-09-12,225.0,225.0,216.39999389648438,218.3800048828125,103.67228698730469,2065
2006-09-13,223.60000610351562,223.60000610351562,220.4199981689453,222.75999450683594,105.7516098022461,1580
2006-09-14,220.0,223.94000244140625,217.22000122070312,218.64999389648438,103.80043029785156,2180
2006-09-15,217.44000244140625,218.0,216.0,216.0,102.54241180419922,1795
2006-09-18,220.0,220.0,215.5,215.7899932861328,102.44271087646484,885
2006-09-19,215.1999969482422,216.0,210.60000610351562,211.8000030517578,100.54853057861328,1295
2006-09-20,212.0,213.3800048828125,210.1999969482422,210.52000427246094,99.94087219238281,2485
2006-09-21,215.77999877929688,219.97999572753906,212.0,214.0399932861328,101.6119384765625,2145
2006-09-22,205.0,213.8000030517578,205.0,208.7100067138672,99.08160400390625,2025
2006-09-25,214.8000030517578,214.8000030517578,209.1999969482422,209.99000549316406,99.68927001953125,1025
2006-09-26,204.0,212.0,204.0,207.05999755859375,98.29830169677734,3570
2006-09-27,207.0,208.5,205.0,205.35000610351562,97.48650360107422,4615
2006-09-28,212.60000610351562,212.8000030517578,205.16000366210938,206.82000732421875,98.18435668945312,2150
2006-09-29,207.97999572753906,213.97999572753906,206.1999969482422,210.16000366210938,99.76997375488281,13240
2006-10-03,212.0,213.5,210.0,211.27000427246094,100.29693603515625,2195
2006-10-04,214.0,214.0,207.61000061035156,208.24000549316406,98.85847473144531,885
2006-10-05,211.0,213.0,208.39999389648438,210.2899932861328,99.83167266845703,3770
2006-10-06,214.5800018310547,215.39999389648438,213.8000030517578,214.0800018310547,101.63090515136719,5840
2006-10-09,215.0,232.60000610351562,215.0,223.0,105.86554718017578,239730
2006-10-10,230.0,230.0,220.0,221.7899932861328,105.2911148071289,14240
2006-10-11,227.5500030517578,227.60000610351562,220.50999450683594,222.88999938964844,105.8133316040039,37580
2006-10-12,221.0,225.02000427246094,220.00999450683594,221.9499969482422,105.36708068847656,27935
2006-10-13,223.0,225.0,217.0,221.05999755859375,104.9445571899414,23665
2006-10-16,223.0,225.97999572753906,218.8300018310547,220.41000366210938,104.63597106933594,16455
2006-10-17,219.1999969482422,222.97999572753906,219.1999969482422,221.72000122070312,105.25788116455078,3345
2006-10-18,220.02000427246094,222.64999389648438,218.1300048828125,220.13999938964844,104.50782775878906,2565
2006-10-19,219.6999969482422,222.0,219.4499969482422,220.9600067138672,104.8970947265625,875
2006-10-20,221.1999969482422,223.75999450683594,219.0,219.16000366210938,104.04256439208984,1950
2006-10-23,220.0,220.0,213.1999969482422,213.64999389648438,101.42678833007812,3600
2006-10-26,227.89999389648438,227.89999389648438,212.39999389648438,214.8699951171875,102.00595092773438,8425
2006-10-27,212.0,215.39999389648438,211.0,211.5500030517578,100.42984771728516,5265
2006-10-30,208.39999389648438,212.10000610351562,206.00999450683594,207.5399932861328,98.52615356445312,8495
2006-10-31,209.97999572753906,210.0,205.0,207.0,98.26981353759766,87165
2006-11-01,218.0,218.0,208.0,208.63999938964844,99.04838562011719,4300
2006-11-02,217.0,225.8000030517578,208.44000244140625,212.0,100.64347076416016,2540
2006-11-03,214.0,215.0,210.0,211.41000366210938,100.36335754394531,5125
2006-11-06,215.0,215.8000030517578,196.8800048828125,209.17999267578125,99.30473327636719,17780
2006-11-07,210.0,230.10000610351562,210.0,227.3699951171875,107.94013214111328,25955
2006-11-08,231.97999572753906,235.0,217.0,219.36000061035156,104.13754272460938,12030
2006-11-09,220.0399932861328,225.0,216.1999969482422,218.14999389648438,103.56307983398438,6095
2006-11-10,218.74000549316406,220.0,214.0,215.36000061035156,102.23858642578125,3090
2006-11-13,219.8000030517578,220.02000427246094,216.82000732421875,217.58999633789062,103.29722595214844,3560
2006-11-14,220.0,220.0,212.19000244140625,212.8000030517578,101.02323913574219,6665
2006-11-15,212.39999389648438,216.0,211.66000366210938,212.9499969482422,101.09445190429688,2400
2006-11-16,215.5800018310547,215.5800018310547,210.0,210.24000549316406,99.80794525146484,3555
2006-11-17,210.0500030517578,214.0,209.0,210.72000122070312,100.03580474853516,5135
2006-11-20,209.0,211.77999877929688,207.00999450683594,207.30999755859375,98.41697692871094,2525
2006-11-21,212.0,213.60000610351562,206.6199951171875,208.77000427246094,99.11009216308594,1090
2006-11-22,214.97999572753906,214.97999572753906,207.22000122070312,210.80999755859375,100.07852935791016,1070
2006-11-23,217.0,218.0,206.10000610351562,207.72000122070312,98.61161804199219,3470
2006-11-24,214.60000610351562,214.60000610351562,206.39999389648438,209.55999755859375,99.48511505126953,1680
2006-11-27,214.0,214.0,206.60000610351562,208.75,99.1006088256836,1165
2006-11-28,219.8000030517578,229.6300048828125,216.0,229.6300048828125,109.01301574707031,82895
2006-11-29,241.39999389648438,252.60000610351562,236.0,252.60000610351562,119.91765594482422,51255
2006-11-30,277.6000061035156,277.8599853515625,263.0,277.8599853515625,131.90940856933594,20620
2006-12-01,286.0,291.760009765625,286.0,291.760009765625,138.50820922851562,10885
2006-12-04,303.0,306.3500061035156,303.0,306.3500061035156,145.4345703125,15340
2006-12-05,321.6700134277344,321.6700134277344,291.0400085449219,291.7200012207031,138.48922729492188,205240
2006-12-06,277.20001220703125,297.0,277.1400146484375,277.1400146484375,131.56761169433594,102990
2006-12-07,272.79998779296875,291.0,266.0,289.760009765625,137.5587615966797,123020
2006-12-08,297.79998779296875,297.79998779296875,277.04998779296875,281.0899963378906,133.4427947998047,50225
2006-12-11,288.79998779296875,291.0,274.3999938964844,277.989990234375,131.9711456298828,39820
2006-12-12,271.20001220703125,285.6000061035156,264.20001220703125,266.1099853515625,126.33128356933594,26360
2006-12-13,268.20001220703125,277.0,253.1999969482422,262.4100036621094,124.57477569580078,18900
2006-12-14,269.6000061035156,275.5199890136719,263.20001220703125,269.6700134277344,128.0213623046875,13280
2006-12-15,274.0,279.6000061035156,268.0,271.42999267578125,128.8568572998047,14650
2006-12-18,274.0,276.0,266.0,268.1000061035156,127.2760238647461,7980
2006-12-19,264.0199890136719,270.7900085449219,264.0,266.9800109863281,126.74430847167969,6405
2006-12-20,276.0,276.0,264.0,264.3800048828125,125.51001739501953,7615
2006-12-21,265.0,269.0,258.0,265.4200134277344,126.00376892089844,5585
2006-12-22,264.0,266.0,258.3999938964844,261.3599853515625,124.07630920410156,4735
2006-12-26,268.9800109863281,269.20001220703125,260.0,262.4100036621094,124.57477569580078,7350
2006-12-27,261.44000244140625,267.6000061035156,260.0,262.07000732421875,124.41336822509766,5615
2006-12-28,265.6000061035156,265.6000061035156,260.0,264.0400085449219,125.34858703613281,8900
2006-12-29,265.0,270.2099914550781,265.0,267.2900085449219,126.89149475097656,9240
2007-01-02,267.0,274.0,267.0,272.9800109863281,129.59275817871094,3820
2007-01-03,274.6000061035156,274.6000061035156,268.0,270.6600036621094,128.49134826660156,3410
2007-01-04,273.0,274.0,265.0,268.20001220703125,127.32350158691406,6085
2007-01-05,266.3999938964844,272.0,266.3999938964844,269.239990234375,127.81720733642578,4105
2007-01-08,268.20001220703125,270.739990234375,268.0,269.6400146484375,128.00711059570312,2990
2007-01-09,266.79998779296875,270.0,262.20001220703125,265.3299865722656,125.96098327636719,1920
2007-01-10,265.3999938964844,268.79998779296875,262.0,267.1300048828125,126.81552124023438,8980
2007-01-11,268.0,270.6000061035156,268.0,269.9599914550781,128.15902709960938,5035
2007-01-12,272.0,272.0,268.0,268.20001220703125,127.32350158691406,1535
2007-01-15,270.0,280.0,270.0,276.8900146484375,131.4489288330078,17695
2007-01-16,271.6000061035156,276.79998779296875,271.6000061035156,276.6000061035156,131.3112335205078,3260
2007-01-17,272.0400085449219,277.79998779296875,272.0400085449219,275.1300048828125,130.6134033203125,4810
2007-01-18,270.3999938964844,277.3999938964844,270.3999938964844,276.3500061035156,131.19256591796875,3180
2007-01-19,273.0,277.0,273.0,275.3599853515625,130.7225799560547,3435
2007-01-22,271.0,277.0,270.0,275.8800048828125,130.9694366455078,3295
2007-01-23,271.6400146484375,274.79998779296875,270.2200012207031,270.6600036621094,128.49134826660156,1590
2007-01-24,272.0400085449219,274.0,272.0,272.8399963378906,129.5262451171875,3530
2007-01-25,268.0,275.0,268.0,274.3500061035156,130.24313354492188,1700
2007-01-29,270.3999938964844,288.07000732421875,270.3999938964844,288.07000732421875,136.7564239501953,31985
2007-01-31,298.0,299.0,282.0,283.6700134277344,134.66763305664062,20300
2007-02-01,290.0,290.0,278.0,281.0,133.4001007080078,2135
2007-02-02,284.0,287.0,280.20001220703125,283.510009765625,134.59165954589844,5720
2007-02-05,282.0,286.0,276.0,277.3699951171875,131.6768035888672,44935
2007-02-06,278.0,281.79998779296875,275.2200012207031,275.739990234375,130.9029541015625,4210
2007-02-07,275.6000061035156,278.7900085449219,272.010009765625,272.7300109863281,129.47401428222656,7515
2007-02-08,271.3999938964844,272.0,267.6000061035156,269.3999938964844,127.89317321777344,5975
2007-02-09,270.0,270.0,266.0199890136719,267.489990234375,126.9864273071289,2260
2007-02-12,265.3999938964844,268.0,263.20001220703125,263.9599914550781,125.31063842773438,5725
2007-02-13,264.0,266.0,256.0,256.8800048828125,121.94951629638672,14805
2007-02-14,251.22000122070312,280.0,245.0,260.0899963378906,123.4734115600586,3630
2007-02-15,269.79998779296875,269.79998779296875,259.79998779296875,262.8500061035156,124.78368377685547,845
2007-02-19,261.0,263.20001220703125,256.0,259.8399963378906,123.35472869873047,7210
2007-02-20,259.0,261.6000061035156,255.0,255.14999389648438,121.1281967163086,1940
2007-02-21,253.39999389648438,263.6000061035156,252.0,255.38999938964844,121.24214935302734,1470
2007-02-22,254.39999389648438,254.39999389648438,242.39999389648438,249.02999877929688,118.22285461425781,4200
2007-02-23,258.0,259.0,245.60000610351562,247.8000030517578,117.63893127441406,7600
2007-02-26,249.0,253.60000610351562,245.60000610351562,248.0399932861328,117.75286102294922,410
2007-02-27,248.39999389648438,253.0,248.39999389648438,249.8000030517578,118.58839416503906,1805
2007-02-28,247.0,273.3999938964844,226.1999969482422,247.4199981689453,117.45851135253906,33820
2007-03-01,244.39999389648438,248.0,242.39999389648438,245.42999267578125,116.51380157470703,5640
2007-03-02,246.0,248.0,240.0,240.72000122070312,114.27782440185547,12920
2007-03-05,238.0,238.0,230.0,232.13999938964844,110.2046127319336,4080
2007-03-06,243.8000030517578,244.0,232.0,234.5,111.3249740600586,2225
2007-03-07,242.8000030517578,242.8000030517578,216.1999969482422,220.64999389648438,104.74991607666016,13415
2007-03-08,222.0,225.0,213.11000061035156,220.8699951171875,104.85435485839844,13730
2007-03-09,216.0,222.0,216.0,220.1199951171875,104.498291015625,6710
2007-03-12,224.0,224.0,220.0,220.72000122070312,104.78314208984375,12920
2007-03-13,227.60000610351562,233.60000610351562,222.60000610351562,231.55999755859375,109.92925262451172,3290
2007-03-14,224.0,224.0,221.39999389648438,222.22000122070312,105.49525451660156,2430
2007-03-15,222.0,229.7100067138672,222.0,222.69000244140625,105.71837615966797,1050
2007-03-16,222.39999389648438,228.8000030517578,221.05999755859375,227.88999938964844,108.1869888305664,2995
2007-03-19,224.0,227.8000030517578,221.1999969482422,227.07000732421875,107.7977066040039,1585
2007-03-20,227.0,227.6999969482422,227.0,227.6999969482422,108.09679412841797,1850
2007-03-21,222.60000610351562,234.0,222.60000610351562,230.10000610351562,109.23617553710938,625
2007-03-22,227.10000610351562,230.0,226.02000427246094,229.52000427246094,108.96082305908203,5950
2007-03-23,230.0,232.0,227.0,228.0399932861328,108.2582015991211,13300
2007-03-26,228.0,229.0,226.5,227.99000549316406,108.2344741821289,19485
2007-03-28,228.0,229.60000610351562,223.1999969482422,226.99000549316406,107.75973510742188,10185
2007-03-29,224.0,228.8000030517578,224.0,228.27000427246094,108.36740112304688,11680
2007-03-30,231.5800018310547,235.0,229.0399932861328,230.69000244140625,109.5162582397461,1660
2007-04-02,223.1999969482422,232.0,223.1999969482422,230.74000549316406,109.53997039794922,1475
2007-04-03,228.0,230.0,228.0,228.22000122070312,108.3436508178711,42770
2007-04-04,232.8800048828125,234.8000030517578,231.1699981689453,232.05999755859375,110.16661834716797,8780
2007-04-05,236.99000549316406,236.99000549316406,230.1999969482422,232.83999633789062,110.53691101074219,2700
2007-04-09,235.0,235.0,232.0,233.0,110.61286926269531,1850
2007-04-10,233.1999969482422,235.1999969482422,233.1999969482422,235.0,111.56234741210938,315
2007-04-11,232.0399932861328,239.0,232.0399932861328,236.2100067138672,112.13676452636719,44265
2007-04-12,235.0,240.0,235.0,238.00999450683594,112.99128723144531,4085
2007-04-13,224.0,245.39999389648438,224.0,243.08999633789062,115.4029312133789,2115
2007-04-16,244.0,255.0,244.0,253.61000061035156,120.39714813232422,4055
2007-04-17,253.60000610351562,253.60000610351562,250.00999450683594,251.2899932861328,119.29573059082031,1535
2007-04-18,244.1999969482422,251.60000610351562,244.1999969482422,250.1999969482422,118.77828216552734,1380
2007-04-19,251.5,266.0,249.60000610351562,259.8399963378906,123.35472869873047,2950
2007-04-20,256.0,261.0,255.39999389648438,259.9100036621094,123.38795471191406,6310
2007-04-23,262.0,265.0,262.0,264.1700134277344,125.41031646728516,2070
2007-04-24,259.0,265.0,259.0,261.5299987792969,124.15699768066406,2710
2007-04-25,251.0,267.0,251.0,262.95001220703125,124.83113861083984,121550
2007-04-26,262.0,289.25,262.0,289.25,137.31663513183594,119535
2007-04-27,300.0,305.3999938964844,282.3999938964844,293.30999755859375,139.24404907226562,68060
2007-04-30,289.3999938964844,308.79998779296875,289.3999938964844,304.1400146484375,144.38540649414062,44510
2007-05-03,302.20001220703125,309.9800109863281,302.0799865722656,304.6700134277344,144.63702392578125,66475
2007-05-04,308.0,309.0,303.0,305.8900146484375,145.21620178222656,22500
2007-05-07,303.6000061035156,313.0,303.6000061035156,308.0299987792969,146.23211669921875,65535
2007-05-08,306.0,319.79998779296875,306.0,312.9100036621094,148.54881286621094,42555
2007-05-09,312.0,313.0,300.0,301.2900085449219,143.0324249267578,35675
2007-05-10,305.0,309.6000061035156,301.0,302.9700012207031,143.8299560546875,16440
2007-05-11,300.0,310.0,300.0,309.489990234375,146.92518615722656,29870
2007-05-14,309.0,315.0,298.0199890136719,301.8299865722656,143.28875732421875,19085
2007-05-15,305.760009765625,307.3999938964844,301.0,303.94000244140625,144.29046630859375,13155
2007-05-16,302.0,302.0,296.0199890136719,298.1600036621094,141.54647827148438,7405
2007-05-17,298.20001220703125,300.0,295.0,295.239990234375,140.16030883789062,5085
2007-05-18,295.0,314.0,295.0,302.0299987792969,143.38369750976562,9065
2007-05-21,304.0,308.0,301.4599914550781,304.489990234375,144.55157470703125,10370
2007-05-22,307.989990234375,308.0,297.4200134277344,299.6600036621094,142.2585906982422,24110
2007-05-23,301.20001220703125,301.20001220703125,298.0,298.8500061035156,141.87405395507812,27565
2007-05-24,299.0,301.6000061035156,297.20001220703125,297.4200134277344,141.19520568847656,10280
2007-05-25,299.79998779296875,301.0,297.2200012207031,299.2300109863281,142.054443359375,6775
2007-05-28,302.0,312.0,302.0,306.45001220703125,145.4820556640625,58640
2007-05-29,307.0,308.95001220703125,304.0,305.79998779296875,145.1734619140625,5995
2007-05-30,308.0,308.0,300.0,300.42999267578125,142.62416076660156,3810
2007-05-31,300.0,306.6000061035156,300.0,303.6499938964844,144.15280151367188,3965
2007-06-01,305.0199890136719,305.79998779296875,296.20001220703125,300.6600036621094,142.7333526611328,11455
2007-06-04,300.20001220703125,310.0,297.20001220703125,299.9700012207031,142.40574645996094,21400
2007-06-05,296.3999938964844,303.0,296.3999938964844,298.92999267578125,141.9120330810547,4250
2007-06-06,301.6000061035156,301.6000061035156,295.0400085449219,296.9599914550781,140.97683715820312,1385
2007-06-07,299.8999938964844,300.0,299.0,299.0,141.94525146484375,4120
2007-06-08,296.0,302.0,296.0,300.3500061035156,142.58616638183594,89935
2007-06-11,305.0199890136719,305.0199890136719,297.25,297.3900146484375,141.18096923828125,4065
2007-06-12,296.0199890136719,298.79998779296875,286.3999938964844,288.3599853515625,136.89410400390625,4120
2007-06-13,297.0,297.0,292.510009765625,292.80999755859375,139.00665283203125,505
2007-06-14,297.0,297.20001220703125,290.0,291.4200134277344,138.34681701660156,2035
2007-06-15,295.989990234375,297.0,290.0,291.75,138.50343322753906,8770
2007-06-18,288.3999938964844,301.760009765625,285.0,287.8999938964844,136.67572021484375,12445
2007-06-19,294.0,299.0,293.20001220703125,297.760009765625,141.3566131591797,2780
2007-06-20,301.0,303.2200012207031,290.0,292.6099853515625,138.91171264648438,9865
2007-06-21,303.3599853515625,303.3999938964844,290.20001220703125,294.239990234375,139.68553161621094,5290
2007-06-22,290.0,297.0,289.3999938964844,291.07000732421875,138.18064880371094,3315
2007-06-25,290.0,292.3999938964844,278.0,282.20001220703125,133.96975708007812,5855
2007-06-26,283.0,286.20001220703125,282.0,285.0,135.29901123046875,2900
2007-06-27,285.010009765625,288.0,285.010009765625,286.79998779296875,136.15354919433594,1130
2007-06-28,285.0,287.20001220703125,285.0,287.0899963378906,136.2911834716797,4185
2007-06-29,284.2200012207031,290.0,284.2200012207031,285.92999267578125,135.74050903320312,1945
2007-07-02,287.20001220703125,288.0,286.0,286.79998779296875,136.15354919433594,1425
2007-07-03,287.0,288.0,286.0,286.1300048828125,135.83547973632812,3290
2007-07-04,286.0,287.75,283.0,285.32000732421875,135.45094299316406,2425
2007-07-05,278.0199890136719,291.3999938964844,273.04998779296875,279.1499938964844,132.52182006835938,4445
2007-07-06,286.19000244140625,287.79998779296875,281.0,282.0899963378906,133.91754150390625,5875
2007-07-09,284.79998779296875,284.79998779296875,280.0,280.2200012207031,133.02978515625,5525
2007-07-10,284.6000061035156,285.0,280.0,283.9200134277344,134.78631591796875,2160
2007-07-11,278.3999938964844,286.0,278.3999938964844,282.2200012207031,133.97923278808594,1725
2007-07-12,296.0,296.0,282.0,282.3399963378906,134.03623962402344,875
2007-07-13,287.70001220703125,287.70001220703125,277.79998779296875,278.239990234375,132.08981323242188,3005
2007-07-16,281.0,281.0,276.6099853515625,276.6199951171875,131.3207550048828,4305
2007-07-17,278.20001220703125,278.9800109863281,273.3999938964844,274.0799865722656,130.1149444580078,2570
2007-07-18,279.79998779296875,279.79998779296875,273.0,276.25,131.14511108398438,2230
2007-07-19,277.79998779296875,277.79998779296875,273.79998779296875,274.1400146484375,130.14341735839844,2785
2007-07-20,282.0,282.0,269.6000061035156,273.3599853515625,129.77310180664062,4315
2007-07-23,278.79998779296875,278.79998779296875,267.3999938964844,269.1000061035156,127.75074768066406,1560
2007-07-24,270.0,275.3999938964844,261.0199890136719,267.79998779296875,127.1335678100586,1840
2007-07-25,259.3999938964844,278.0,259.3999938964844,265.2799987792969,125.93726348876953,1950
2007-07-26,265.5799865722656,267.79998779296875,265.3999938964844,267.6199951171875,127.04814910888672,1645
2007-07-27,266.0,270.79998779296875,260.79998779296875,264.54998779296875,125.5907211303711,3340
2007-07-30,256.0,270.0,256.0,265.1199951171875,125.86131286621094,5685
2007-07-31,266.0,266.0,262.1000061035156,263.239990234375,124.96881103515625,3275
2007-08-01,246.0,265.0,246.0,253.1999969482422,120.20247650146484,7545
2007-08-02,277.79998779296875,277.79998779296875,256.04998779296875,260.19000244140625,123.52086639404297,2180
2007-08-03,267.0,267.0,258.3999938964844,258.3999938964844,122.67109680175781,2190
2007-08-06,254.0,256.3999938964844,245.60000610351562,246.32000732421875,116.93633270263672,16875
2007-08-07,245.8000030517578,253.99000549316406,245.8000030517578,249.85000610351562,118.61212921142578,4560
2007-08-08,251.0,256.3999938964844,248.0,253.14999389648438,120.17875671386719,7235
2007-08-09,250.1999969482422,259.6000061035156,250.1999969482422,253.82000732421875,120.49683380126953,2925
2007-08-10,250.1999969482422,255.1999969482422,248.3800048828125,253.1699981689453,120.188232421875,845
2007-08-13,250.22000122070312,257.0,250.22000122070312,254.1300048828125,120.64399719238281,4420
2007-08-14,252.0,256.0,252.0,255.8699951171875,121.47004699707031,2280
2007-08-16,250.0,255.0,240.0,251.82000732421875,119.54736328125,9195
2007-08-17,254.0,256.0,250.0,255.27999877929688,121.18992614746094,7195
2007-08-20,256.0,261.79998779296875,255.4199981689453,259.3900146484375,123.14108276367188,2190
2007-08-21,260.1600036621094,260.1600036621094,252.0,252.00999450683594,119.6375961303711,320
2007-08-22,250.39999389648438,264.0,233.99000549316406,249.07000732421875,118.24185943603516,3505
2007-08-23,250.89999389648438,256.0,247.05999755859375,247.63999938964844,130.6797637939453,1600
2007-08-24,245.16000366210938,254.0,245.16000366210938,247.69000244140625,130.7061309814453,795
2007-08-27,252.0,255.1999969482422,249.02999877929688,254.33999633789062,134.21534729003906,2070
2007-08-28,253.14999389648438,255.0,246.10000610351562,250.08999633789062,131.97259521484375,19920
2007-08-29,252.0,255.8000030517578,248.39999389648438,253.02999877929688,133.5240478515625,11810
2007-08-30,266.9800109863281,266.9800109863281,255.0,255.22999572753906,134.6849822998047,1045
2007-08-31,256.0,256.0,250.60000610351562,255.0,134.56362915039062,15675
2007-09-03,258.6000061035156,262.0,258.6000061035156,261.6400146484375,138.06753540039062,13925
2007-09-04,261.989990234375,262.0,260.0,260.20001220703125,137.30767822265625,710
2007-09-05,263.0,267.20001220703125,260.0,266.0,140.36831665039062,4705
2007-09-06,267.20001220703125,268.0,258.0,267.989990234375,141.41844177246094,22305
2007-09-07,273.0,320.0,273.0,283.6700134277344,149.6927947998047,15715
2007-09-10,280.0,289.3999938964844,280.0,282.239990234375,148.93817138671875,5135
2007-09-11,289.7900085449219,289.7900085449219,282.20001220703125,282.5199890136719,149.08592224121094,2670
2007-09-12,286.0,286.0,280.0,280.1000061035156,147.80889892578125,1055
2007-09-13,280.79998779296875,280.79998779296875,274.0,277.5400085449219,146.45797729492188,3770
2007-09-14,293.3999938964844,315.0,293.0,296.2799987792969,156.3471221923828,42700
2007-09-17,305.0,312.0,295.3999938964844,297.6700134277344,157.08062744140625,19570
2007-09-18,299.0,299.9599914550781,290.20001220703125,293.2900085449219,154.769287109375,3530
2007-09-19,288.0199890136719,297.0,288.0199890136719,290.5899963378906,153.34449768066406,5185
2007-09-20,293.0,304.0,293.0,299.80999755859375,158.20985412597656,41125
2007-09-21,301.0,307.20001220703125,298.010009765625,300.2200012207031,158.42620849609375,34195
2007-09-24,308.0,308.0,295.4200134277344,298.8599853515625,157.7085418701172,6930
2007-09-25,298.0,298.0,295.0,297.4100036621094,156.94342041015625,3065
2007-09-26,299.20001220703125,300.0,295.0,295.3500061035156,155.85633850097656,4410
2007-09-27,296.0,301.0,296.0,298.25,157.38665771484375,5820
2007-09-28,308.0,308.0,295.20001220703125,300.1199951171875,158.37344360351562,5315
2007-10-01,305.95001220703125,308.0,294.260009765625,305.4700012207031,161.19664001464844,17855
2007-10-03,305.0,309.0,301.0,305.0899963378906,160.99612426757812,12080
2007-10-04,303.0,306.0,301.0,301.4100036621094,159.05419921875,12430
2007-10-05,295.0,300.0,295.0,295.0799865722656,155.7138214111328,3780
2007-10-08,263.510009765625,299.79998779296875,263.510009765625,288.0,151.9777374267578,7505
2007-10-09,294.0,294.0,282.3500061035156,285.8500061035156,150.8431854248047,4670
2007-10-10,285.0,300.0,283.0,287.5199890136719,151.7244415283203,2430
2007-10-11,285.0,285.0,275.0,282.0,148.81150817871094,3725
2007-10-12,285.0,285.0,278.0,280.0,147.75613403320312,7990
2007-10-15,292.0,292.0,275.0,275.6300048828125,145.45008850097656,2335
2007-10-16,279.70001220703125,279.70001220703125,272.0,273.3599853515625,144.25216674804688,5180
2007-10-17,260.0,278.0,260.0,272.82000732421875,143.9672393798828,1340
2007-10-18,273.3999938964844,286.0,268.0400085449219,271.5199890136719,143.2812042236328,2375
2007-10-19,263.20001220703125,278.3999938964844,257.3999938964844,258.75,136.54248046875,7450
2007-10-22,259.9800109863281,259.9800109863281,252.41000366210938,253.9199981689453,133.9936981201172,3885
2007-10-23,260.0,270.0,250.0,254.97000122070312,134.5477752685547,20650
2007-10-24,264.0,264.0,258.05999755859375,261.510009765625,137.99893188476562,955
2007-10-25,264.6400146484375,286.0,262.5,280.4200134277344,147.977783203125,5475
2007-10-26,282.79998779296875,287.0,272.20001220703125,279.0899963378906,147.27590942382812,5260
2007-10-29,282.6199951171875,282.6199951171875,268.29998779296875,273.3999938964844,144.27330017089844,5840
2007-10-30,270.2200012207031,279.79998779296875,270.0,273.1000061035156,144.11500549316406,2030
2007-10-31,285.0,317.3999938964844,266.5299987792969,303.05999755859375,159.9249267578125,223675
2007-11-01,318.0,325.20001220703125,280.0,284.010009765625,149.87220764160156,14035
2007-11-02,299.989990234375,299.989990234375,275.04998779296875,282.05999755859375,148.84320068359375,6025
2007-11-05,275.0,288.0,275.0,279.25,147.36036682128906,3895
2007-11-06,280.0,282.0,275.0,275.4700012207031,145.36566162109375,1750
2007-11-07,279.79998779296875,280.0,274.0,275.3299865722656,145.29177856445312,4300
2007-11-08,286.79998779296875,286.79998779296875,272.0,273.3900146484375,144.2680206298828,950
2007-11-12,268.1000061035156,278.0,267.0,271.29998779296875,143.1651153564453,2870
2007-11-13,265.3999938964844,278.0,265.3999938964844,270.1600036621094,142.5635528564453,2050
2007-11-14,278.0,278.0,266.6199951171875,273.92999267578125,144.552978515625,7505
2007-11-15,277.0,277.6000061035156,270.0,271.7099914550781,143.38148498535156,1910
2007-11-16,284.0,287.0,276.4100036621094,278.42999267578125,146.92764282226562,6225
2007-11-19,280.0,283.3999938964844,275.0,275.0,145.1176300048828,3685
2007-11-20,278.0,280.0,269.0,269.0,141.951416015625,2635
2007-11-21,279.79998779296875,288.0,275.0,280.0,147.75613403320312,27580
2007-11-22,280.0,283.0,273.6000061035156,275.45001220703125,145.3551025390625,10235
2007-11-23,285.9800109863281,285.9800109863281,277.0,277.2099914550781,146.28384399414062,1505
2007-11-26,276.4200134277344,283.7799987792969,276.4200134277344,282.0,148.81150817871094,4455
2007-11-27,280.20001220703125,308.0,280.20001220703125,306.5,161.74017333984375,213365
2007-11-28,309.3999938964844,315.0,302.0,308.0199890136719,162.54229736328125,27755
2007-11-29,312.0,313.989990234375,296.04998779296875,297.20001220703125,156.83258056640625,18080
2007-11-30,297.0,309.1000061035156,295.0,295.0,155.6716766357422,4315
2007-12-03,305.8999938964844,305.8999938964844,290.8399963378906,292.9100036621094,154.56875610351562,4575
2007-12-04,309.79998779296875,309.79998779296875,292.0,294.17999267578125,155.23892211914062,3515
2007-12-05,298.0,302.79998779296875,290.20001220703125,299.6400146484375,158.12017822265625,60020
2007-12-06,303.0,304.0,294.0,298.3999938964844,157.46580505371094,1425
2007-12-07,315.0,315.0,290.30999755859375,301.6400146484375,159.17556762695312,10150
2007-12-10,307.6000061035156,307.79998779296875,300.20001220703125,302.70001220703125,159.73495483398438,82120
2007-12-11,305.0,305.0,295.6000061035156,296.19000244140625,156.2996063232422,11655
2007-12-12,300.0,300.0,293.1000061035156,295.32000732421875,155.84051513671875,2810
2007-12-13,292.20001220703125,302.0,292.20001220703125,298.0,157.25473022460938,2405
2007-12-14,294.4200134277344,299.9800109863281,293.0,293.1199951171875,154.6795654296875,2725
2007-12-17,294.0,299.30999755859375,291.0,291.3299865722656,153.73495483398438,6250
2007-12-18,290.0,291.95001220703125,285.0,288.20001220703125,152.08328247070312,5015
2007-12-19,295.0,296.5,287.6000061035156,288.5,152.2415771484375,4355
2007-12-20,286.739990234375,296.0,285.0,287.9599914550781,151.95660400390625,6710
2007-12-24,295.0,295.0,285.0,287.82000732421875,151.8827362060547,1530
2007-12-26,291.9800109863281,293.6000061035156,288.0,289.2900085449219,152.65847778320312,2785
2007-12-27,293.5899963378906,293.6000061035156,286.0199890136719,288.9200134277344,152.4632110595703,2780
2007-12-28,288.0,294.8999938964844,286.6000061035156,292.30999755859375,154.2521209716797,2555
2007-12-31,290.3999938964844,316.0,289.989990234375,309.260009765625,163.19668579101562,22970
2008-01-01,315.0,333.0,288.0,324.1000061035156,171.02774047851562,88825
2008-01-02,333.3999938964844,342.9800109863281,324.0,334.9100036621094,176.73214721679688,26465
2008-01-03,340.0,344.0,338.0,340.07000732421875,179.45510864257812,29890
2008-01-04,348.32000732421875,349.79998779296875,335.3999938964844,340.7900085449219,179.83505249023438,11050
2008-01-07,350.0,408.95001220703125,336.8599853515625,407.3299865722656,214.94822692871094,81800
2008-01-08,433.19000244140625,447.79998779296875,360.6300048828125,374.07000732421875,197.39694213867188,75470
2008-01-09,382.989990234375,428.0,368.0,385.8500061035156,203.6132354736328,19395
2008-01-10,385.0,385.0,340.20001220703125,354.7300109863281,187.191162109375,6275
2008-01-11,354.20001220703125,361.82000732421875,340.0,353.80999755859375,186.70570373535156,12870
2008-01-14,354.20001220703125,354.20001220703125,338.0,340.8800048828125,179.88253784179688,7225
2008-01-15,340.0,349.9800109863281,330.0,331.1099853515625,174.7269287109375,4340
2008-01-16,328.0,336.0,320.0,323.19000244140625,170.54750061035156,4300
2008-01-17,322.989990234375,340.0,322.989990234375,330.69000244140625,174.50526428222656,4200
2008-01-18,334.4599914550781,335.55999755859375,305.29998779296875,311.0,164.11485290527344,2675
2008-01-21,298.0,319.6000061035156,250.8000030517578,272.7799987792969,143.9461212158203,10485
2008-01-22,250.0,275.9599914550781,220.1999969482422,260.44000244140625,137.43429565429688,11585
2008-01-23,297.3999938964844,297.3999938964844,225.6199951171875,263.1499938964844,138.86436462402344,5185
2008-01-24,270.0,289.0,260.0,264.2300109863281,139.43429565429688,11865
2008-01-25,256.79998779296875,275.20001220703125,256.79998779296875,274.04998779296875,144.61631774902344,1300
2008-01-28,276.0,284.79998779296875,262.0199890136719,276.9100036621094,146.1255645751953,6320
2008-01-29,280.0,288.0,277.20001220703125,284.1099853515625,149.92498779296875,2280
2008-01-30,279.79998779296875,290.0,267.0,267.3999938964844,141.1071319580078,3140
2008-01-31,277.0,282.0,265.0,269.0299987792969,141.9672393798828,3205
2008-02-01,270.3999938964844,278.010009765625,270.20001220703125,273.9700012207031,144.5740966796875,1210
2008-02-04,291.0,291.0,275.0,277.5,146.43690490722656,2810
2008-02-05,286.6000061035156,286.6000061035156,273.0,275.79998779296875,145.53977966308594,2675
2008-02-06,277.0,277.0,264.3999938964844,267.2699890136719,141.03846740722656,4535
2008-02-07,275.6000061035156,275.6000061035156,262.0,266.0,140.36831665039062,1085
2008-02-08,257.3999938964844,263.6000061035156,252.0,261.17999267578125,137.82479858398438,12845
2008-02-11,260.20001220703125,269.20001220703125,252.0,260.3299865722656,137.37625122070312,9805
2008-02-12,260.0199890136719,266.0,257.1000061035156,259.6000061035156,136.99102783203125,9685
2008-02-13,269.6000061035156,269.6000061035156,251.0,252.3300018310547,133.1546630859375,1415
2008-02-14,255.39999389648438,262.79998779296875,255.39999389648438,260.9800109863281,137.71926879882812,3585
2008-02-15,252.0,266.0,252.0,265.0799865722656,139.88282775878906,5425
2008-02-18,258.0199890136719,265.0,248.0,252.22000122070312,133.09661865234375,8090
2008-02-19,260.75,264.0,256.5199890136719,259.6000061035156,136.99102783203125,1000
2008-02-20,260.0,263.0,258.4100036621094,258.6000061035156,136.4633331298828,4050
2008-02-21,263.79998779296875,263.79998779296875,258.6000061035156,261.0299987792969,137.74563598632812,1070
2008-02-22,260.0,260.0,255.60000610351562,256.1300048828125,135.15992736816406,3755
2008-02-25,263.0,263.0,254.0,257.2900085449219,135.77206420898438,3465
2008-02-26,258.20001220703125,263.0,256.0,256.7300109863281,135.47654724121094,1360
2008-02-27,261.79998779296875,262.0,258.0,258.57000732421875,136.44752502441406,2230
2008-02-28,251.39999389648438,261.0,251.0,258.6400146484375,136.4844512939453,1350
2008-02-29,261.0,261.0,257.0,258.8599853515625,136.60052490234375,2255
2008-03-03,248.39999389648438,257.0,248.39999389648438,252.07000732421875,133.01744079589844,1985
2008-03-04,256.0,256.0,241.07000732421875,245.72999572753906,129.67184448242188,2275
2008-03-05,242.02000427246094,250.0,242.02000427246094,248.8000030517578,131.2918701171875,2225
2008-03-07,233.39999389648438,246.0,233.39999389648438,235.77000427246094,124.41593933105469,2040
2008-03-10,235.0,242.0,220.0,237.89999389648438,125.53992462158203,25860
2008-03-11,243.39999389648438,249.0,240.0,248.0,130.8697052001953,2985
2008-03-12,254.0,256.0,248.0,256.0,135.09132385253906,9625
2008-03-13,248.0,251.0,248.0,248.00999450683594,130.87501525878906,1670
2008-03-14,248.0,250.0,248.0,248.0,130.8697052001953,8765
2008-03-17,256.0,256.0,231.0,247.7899932861328,130.75888061523438,23250
2008-03-18,240.1999969482422,249.39999389648438,236.0,248.0,130.8697052001953,3915
2008-03-19,246.02000427246094,252.0,246.0,248.0,130.8697052001953,5850
2008-03-24,233.0,249.89999389648438,216.39999389648438,247.3300018310547,130.5161590576172,13465
2008-03-25,236.0,249.8000030517578,236.0,248.13999938964844,130.94358825683594,56605
2008-03-26,247.0,249.60000610351562,228.0,247.0800018310547,130.3842315673828,17215
2008-03-27,238.0,249.6999969482422,238.0,239.89999389648438,126.59532165527344,19020
2008-03-28,247.97999572753906,259.6000061035156,243.39999389648438,254.60000610351562,134.35255432128906,4435
2008-03-31,251.8000030517578,260.0,251.8000030517578,258.30999755859375,136.310302734375,4160
2008-04-01,250.1999969482422,263.0,250.1999969482422,260.010009765625,137.2073974609375,870
2008-04-02,260.0,268.0,256.0,263.3299865722656,138.95936584472656,1300
2008-04-03,258.3999938964844,262.0,258.3999938964844,260.1700134277344,137.29185485839844,5970
2008-04-04,263.70001220703125,263.70001220703125,258.0,260.0,137.20211791992188,11155
2008-04-07,258.0,264.20001220703125,258.0,260.0,137.20211791992188,2295
2008-04-08,258.6199951171875,270.3999938964844,258.6199951171875,266.1499938964844,140.4474639892578,2905
2008-04-09,270.0,272.0,262.4800109863281,270.1300048828125,142.54771423339844,1095
2008-04-10,270.0,271.0,266.2200012207031,270.0,142.47911071777344,775
2008-04-11,271.6000061035156,276.0,270.20001220703125,273.0,144.06222534179688,750
2008-04-15,270.20001220703125,272.0,270.0,270.7900085449219,142.89601135253906,1475
2008-04-16,270.0,277.6000061035156,270.0,275.5799865722656,145.42369079589844,3860
2008-04-17,274.0,282.0,274.0,276.3999938964844,145.85638427734375,2680
2008-04-21,278.0,286.6000061035156,276.0,282.7200012207031,149.1914825439453,5210
2008-04-22,280.0,289.0,280.0,286.42999267578125,151.1492156982422,1020
2008-04-23,284.3999938964844,288.0,280.0,282.3999938964844,149.0225830078125,273840
2008-04-24,283.20001220703125,290.0,283.20001220703125,286.3299865722656,151.09646606445312,4615
2008-04-25,285.20001220703125,291.0,284.2300109863281,285.3599853515625,150.58460998535156,5500
2008-04-28,283.2099914550781,286.7900085449219,283.0,283.2200012207031,149.455322265625,51205
2008-04-29,287.17999267578125,287.17999267578125,281.0,283.1600036621094,149.4236602783203,1470
2008-04-30,292.20001220703125,292.20001220703125,281.4200134277344,283.0,149.3392333984375,520
2008-05-02,282.2200012207031,287.3699951171875,282.0,284.6700134277344,150.22052001953125,1120
2008-05-05,281.3999938964844,285.989990234375,280.0,280.0299987792969,147.77194213867188,1585
2008-05-06,280.20001220703125,285.79998779296875,280.0,280.0,147.75613403320312,6305
2008-05-07,280.0,284.0,280.0,282.3299865722656,148.9856719970703,4030
2008-05-08,282.0,285.0,280.0,283.04998779296875,149.36561584472656,1255
2008-05-09,280.0,283.0,277.20001220703125,280.1400146484375,147.83001708984375,3705
2008-05-12,280.0,280.79998779296875,277.0199890136719,280.4100036621094,147.97250366210938,295
2008-05-13,300.0,300.0,274.0199890136719,278.6300048828125,147.033203125,2735
2008-05-14,287.20001220703125,287.20001220703125,275.6000061035156,278.2799987792969,146.84848022460938,1500
2008-05-15,276.0,285.79998779296875,274.20001220703125,279.69000244140625,147.59255981445312,4610
2008-05-16,280.0,286.79998779296875,280.0,286.2799987792969,151.070068359375,2435
2008-05-20,280.20001220703125,285.0,280.20001220703125,284.75,150.26271057128906,1235
2008-05-21,280.0,281.79998779296875,277.0,281.7900085449219,148.70068359375,7410
2008-05-22,276.010009765625,284.9599914550781,276.010009765625,283.3900146484375,149.54502868652344,885
2008-05-23,280.0,289.79998779296875,277.3999938964844,283.44000244140625,149.57142639160156,6385
2008-05-26,280.0,281.0,276.0,277.1199951171875,146.23635864257812,1170
2008-05-27,273.20001220703125,279.9800109863281,273.20001220703125,275.239990234375,145.24427795410156,3790
2008-05-28,272.3999938964844,281.0,268.0,279.6199951171875,147.55557250976562,5540
2008-05-29,283.6000061035156,283.6000061035156,280.0,280.94000244140625,148.2521514892578,1770
2008-05-30,280.0,287.6000061035156,280.0,285.8800048828125,150.85899353027344,5015
2008-06-02,286.20001220703125,291.0,282.0199890136719,285.0,150.39463806152344,7465
2008-06-03,279.2900085449219,287.79998779296875,279.2900085449219,285.3399963378906,150.57403564453125,4995
2008-06-04,283.0,296.0,283.0,285.010009765625,150.39991760253906,1930
2008-06-05,285.20001220703125,286.29998779296875,284.0,285.260009765625,150.53184509277344,4825
2008-06-06,281.010009765625,284.20001220703125,281.010009765625,284.20001220703125,149.9724884033203,620
2008-06-09,280.0,288.0,280.0,286.19000244140625,151.02261352539062,2960
2008-06-10,280.04998779296875,290.0,280.04998779296875,288.0299987792969,151.99356079101562,1305
2008-06-11,290.0,290.0,283.1700134277344,286.2699890136719,151.0648193359375,3685
2008-06-12,280.79998779296875,291.1199951171875,280.79998779296875,289.9200134277344,152.9909210205078,825
2008-06-13,284.0,284.0,284.0,284.0,149.86692810058594,500
2008-06-16,286.0,286.0,281.3500061035156,284.0,149.86692810058594,390
2008-06-17,284.0,284.20001220703125,283.0,284.0899963378906,149.91441345214844,715
2008-06-18,284.0,286.07000732421875,283.0,286.0,150.92233276367188,1470
2008-06-19,286.0,290.0,286.0,286.0,150.92233276367188,4680
2008-06-20,286.0,289.7799987792969,282.0,282.0,148.81150817871094,5405
2008-06-23,280.0,284.0,264.0,280.0199890136719,147.76666259765625,6225
2008-06-24,279.0,281.0,279.0,280.6700134277344,148.1096954345703,3285
2008-06-25,275.9800109863281,280.0,272.010009765625,280.0,147.75613403320312,2515
2008-06-26,275.20001220703125,280.0,275.20001220703125,276.0199890136719,145.65586853027344,730
2008-06-27,272.0,272.0,261.29998779296875,261.42999267578125,137.9567108154297,1910
2008-06-30,259.79998779296875,262.0,238.0,255.17999267578125,134.6586151123047,5500
2008-07-01,248.0,257.0,240.0,248.5399932861328,131.15467834472656,2435
2008-07-02,236.1999969482422,253.1999969482422,236.1999969482422,242.36000061035156,127.89351654052734,415
2008-07-03,240.0,247.1999969482422,240.0,244.6199951171875,129.08609008789062,1325
2008-07-04,231.1999969482422,250.60000610351562,231.1999969482422,243.0399932861328,128.25233459472656,55
2008-07-07,255.0,255.77999877929688,246.0,254.2899932861328,134.18893432617188,350
2008-07-08,254.39999389648438,257.6000061035156,250.00999450683594,257.6000061035156,135.93563842773438,965
2008-07-09,246.0,264.0,246.0,252.08999633789062,133.02801513671875,1150
2008-07-10,260.0,260.0,253.63999938964844,258.5199890136719,136.42111206054688,135
2008-07-11,256.20001220703125,270.0,256.0,268.0299987792969,141.43954467773438,2230
2008-07-14,278.0,278.0,258.3999938964844,265.20001220703125,139.9461669921875,85
2008-07-15,263.0,268.6000061035156,260.0,261.010009765625,137.73509216308594,605
2008-07-16,258.010009765625,267.17999267578125,258.010009765625,263.989990234375,139.30764770507812,1405
2008-07-17,265.0,268.0,262.0,267.6099853515625,141.21791076660156,2105
2008-07-18,260.6000061035156,271.0,260.6000061035156,269.6700134277344,142.30499267578125,1600
2008-07-21,261.6700134277344,270.0,257.25,257.2699890136719,135.76148986816406,1500
2008-07-22,267.9800109863281,273.0,262.3999938964844,271.510009765625,143.27597045898438,110
2008-07-23,265.6400146484375,276.0,265.6400146484375,270.0,142.47911071777344,810
2008-07-24,267.25,270.9800109863281,260.20001220703125,268.9700012207031,141.93557739257812,275
2008-07-25,277.5299987792969,278.0,270.0,275.0,145.1176300048828,1295
2008-07-28,266.6600036621094,274.0,257.0,258.3999938964844,136.3577880859375,10365
2008-07-29,257.0,259.989990234375,250.2100067138672,259.0799865722656,136.71661376953125,770
2008-07-30,267.0,280.0,259.79998779296875,275.1499938964844,145.19676208496094,367225
2008-07-31,280.0,290.0,276.20001220703125,281.44000244140625,148.5159912109375,4650
2008-08-01,289.3900146484375,290.0,281.5199890136719,285.5799865722656,150.70066833496094,1375
2008-08-04,289.9599914550781,290.0,282.0,285.70001220703125,150.76400756835938,1170
2008-08-05,287.9800109863281,288.8699951171875,284.0,286.32000732421875,151.0911865234375,2500
2008-08-06,289.79998779296875,303.79998779296875,287.0,300.20001220703125,158.41566467285156,24390
2008-08-07,292.79998779296875,303.6000061035156,292.79998779296875,299.989990234375,158.30487060546875,1030
2008-08-08,308.8999938964844,308.8999938964844,300.0,300.0,158.3101348876953,1745
2008-08-11,300.3999938964844,301.20001220703125,295.20001220703125,297.6700134277344,157.08062744140625,4745
2008-08-12,300.0,300.6000061035156,296.0,296.20001220703125,156.3048553466797,1000
2008-08-13,300.0,300.6000061035156,295.0,300.4800109863281,158.56341552734375,835
2008-08-14,303.0,303.0,294.3999938964844,298.3999938964844,157.46580505371094,3200
2008-08-18,298.3999938964844,300.3999938964844,298.3999938964844,300.0,158.3101348876953,2640
2008-08-19,300.0,300.9800109863281,300.0,300.3399963378906,158.48953247070312,2730
2008-08-20,300.0,301.6000061035156,300.0,300.0199890136719,158.3207244873047,2430
2008-08-21,299.8999938964844,299.9200134277344,294.1400146484375,294.1400146484375,169.32749938964844,275
2008-08-22,296.79998779296875,297.9800109863281,294.0,294.95001220703125,169.7937469482422,4545
2008-08-25,288.20001220703125,299.6000061035156,288.20001220703125,293.0,168.67123413085938,2255
2008-08-26,280.0,296.6000061035156,280.0,295.0,169.82260131835938,920
2008-08-27,295.0,295.0,295.0,295.0,169.82260131835938,165
2008-08-28,295.0,299.6000061035156,293.79998779296875,297.8800048828125,171.48049926757812,3940
2008-08-29,295.0,295.0,295.0,295.0,169.82260131835938,880
2008-09-01,290.79998779296875,295.0,290.79998779296875,295.0,169.82260131835938,110
2008-09-02,299.79998779296875,300.0,292.0400085449219,299.8399963378906,172.60879516601562,4430
2008-09-04,284.3999938964844,300.6000061035156,284.3999938964844,300.05999755859375,172.73544311523438,6995
2008-09-05,295.0,302.0,295.0,301.30999755859375,173.45506286621094,27045
2008-09-08,291.0,301.7900085449219,290.0,299.0,172.12522888183594,2265
2008-09-09,295.0,301.6000061035156,295.0,299.9599914550781,172.67791748046875,2590
2008-09-10,294.0400085449219,299.95001220703125,294.0,294.0400085449219,169.2699432373047,245
2008-09-11,296.0,296.0,295.0,295.010009765625,169.8283233642578,1780
2008-09-12,295.0,302.5799865722656,295.0,299.8999938964844,172.64334106445312,2705
2008-09-15,286.3999938964844,295.1000061035156,286.3999938964844,294.0,169.24691772460938,5780
2008-09-16,292.0,293.0,290.0,291.57000732421875,167.84805297851562,805
2008-09-17,285.0199890136719,294.0,285.0199890136719,293.54998779296875,168.9878387451172,1780
2008-09-18,288.0,294.0,281.2099914550781,288.260009765625,165.94256591796875,2685
2008-09-19,290.29998779296875,293.95001220703125,287.0,293.0,168.67123413085938,2990
2008-09-22,294.0,294.0,290.0,290.0,166.94422912597656,700
2008-09-23,280.3999938964844,296.0,280.3999938964844,290.0,166.94422912597656,360
2008-09-24,285.0,295.0,285.0,289.9599914550781,166.9211883544922,3980
2008-09-25,289.0,291.0,288.9200134277344,290.3999938964844,167.17449951171875,1200
2008-09-26,289.3999938964844,289.6000061035156,275.0,283.8299865722656,163.392333984375,1530
2008-09-29,280.0,280.0199890136719,261.0,277.0,159.46051025390625,455
2008-09-30,270.0400085449219,284.0,270.0,282.79998779296875,162.7993927001953,1550
2008-10-01,270.20001220703125,282.0,270.20001220703125,273.20001220703125,157.27297973632812,100
2008-10-03,267.0,267.0,262.0,263.0,151.4011688232422,160
2008-10-06,245.0,251.0,240.0,240.8000030517578,138.6212615966797,2030
2008-10-07,235.1999969482422,240.0,228.57000732421875,230.60000610351562,132.74945068359375,72465
2008-10-08,220.0,220.0,203.0,215.9600067138672,124.32164764404297,75145
2008-10-10,207.17999267578125,207.17999267578125,191.0,200.05999755859375,115.16848754882812,1575
2008-10-13,199.8000030517578,220.0,196.0,206.8800048828125,119.09455108642578,2655
2008-10-14,216.0,225.0,216.0,216.1999969482422,124.45980834960938,720
2008-10-15,218.0,222.72000122070312,191.02000427246094,215.0,123.76897430419922,21490
2008-10-16,200.0,218.0,197.0,209.82000732421875,120.78704071044922,79355
2008-10-17,210.24000549316406,216.0,210.24000549316406,211.0800018310547,121.51236724853516,315
2008-10-20,210.2100067138672,226.7899932861328,210.1999969482422,226.7899932861328,130.5561065673828,2290
2008-10-21,211.10000610351562,230.39999389648438,211.10000610351562,222.8300018310547,128.27647399902344,1940
2008-10-22,215.6300048828125,228.99000549316406,215.6300048828125,222.66000366210938,128.17860412597656,2555
2008-10-23,210.9600067138672,211.00999450683594,210.9600067138672,211.00999450683594,121.47207641601562,55
2008-10-24,173.0,214.9600067138672,173.0,205.0,118.01228332519531,885
2008-10-27,200.0,208.0,195.0,200.75,115.5656967163086,3740
2008-10-29,206.0,206.0,200.0,200.1999969482422,115.24906921386719,1455
2008-10-31,173.1999969482422,230.0,173.1999969482422,220.0,126.64735412597656,208870
2008-11-03,214.1999969482422,214.1999969482422,214.0,214.0,123.19331359863281,100
2008-11-04,215.02000427246094,220.0,215.0,219.22999572753906,126.20407104492188,1205
2008-11-05,228.97999572753906,228.97999572753906,220.0,220.02000427246094,126.65886688232422,600
2008-11-06,214.63999938964844,224.97999572753906,214.63999938964844,224.97999572753906,129.51419067382812,445
2008-11-07,200.1999969482422,219.8000030517578,200.1999969482422,219.4499969482422,126.33069610595703,160
2008-11-10,212.1999969482422,212.1999969482422,200.0,204.69000244140625,117.83383178710938,6855
2008-11-11,202.0,209.8000030517578,198.0,199.9600067138672,115.11091613769531,1645
2008-11-12,201.57000732421875,201.57000732421875,194.0,195.0,112.25559997558594,670
2008-11-14,196.0,204.0,190.0,190.3699951171875,109.59022521972656,1040
2008-11-17,192.0,198.0,176.0,177.0500030517578,101.92233276367188,1995
2008-11-18,176.1999969482422,179.0,163.10000610351562,172.89999389648438,99.53329467773438,1935
2008-11-19,174.0,180.0,165.25999450683594,167.27000427246094,96.29228973388672,895
2008-11-20,161.0,168.0,161.0,162.1999969482422,93.37364959716797,420
2008-11-21,163.0,168.0,154.0500030517578,156.2100067138672,89.92538452148438,1210
2008-11-24,146.0,161.0,146.0,154.0,88.65312194824219,3435
2008-11-25,160.60000610351562,162.97000122070312,158.0,161.0800018310547,92.72887420654297,2285
2008-11-26,160.39999389648438,174.60000610351562,160.0,169.6699981689453,97.67386627197266,800
2008-11-27,169.6699981689453,169.6699981689453,169.6699981689453,169.6699981689453,97.67386627197266,0
2008-11-28,170.0,170.39999389648438,168.0,168.75,97.1442642211914,435
2008-12-01,170.0,170.0,160.1999969482422,160.47000122070312,92.37772369384766,690
2008-12-02,160.39999389648438,166.39999389648438,159.00999450683594,163.32000732421875,94.01837158203125,235
2008-12-03,165.60000610351562,165.60000610351562,161.0,161.0,92.68282318115234,35
2008-12-04,165.97999572753906,165.97999572753906,160.0,160.27000427246094,92.26260375976562,265
2008-12-05,160.0,160.0,154.0,155.6199951171875,89.58573150634766,1585
2008-12-08,160.0,168.77999877929688,153.07000732421875,159.8000030517578,91.99201965332031,3350
2008-12-10,161.97999572753906,164.92999267578125,161.97999572753906,163.99000549316406,94.40406799316406,855
2008-12-11,156.4199981689453,165.0,155.42999267578125,160.24000549316406,92.24530792236328,260
2008-12-12,175.97999572753906,175.97999572753906,153.0,166.8800048828125,96.0677490234375,515
2008-12-15,164.0399932861328,167.0,162.1999969482422,162.89999389648438,93.77660369873047,900
2008-12-16,162.1999969482422,168.0,162.0,164.22000122070312,94.53649139404297,135
2008-12-17,169.5,169.5,164.39999389648438,164.92999267578125,94.94520568847656,420
2008-12-18,165.0,169.39999389648438,164.6199951171875,169.39999389648438,97.51844787597656,225
2008-12-19,169.9499969482422,169.9499969482422,158.0,159.8300018310547,92.00929260253906,2355
2008-12-22,158.0,158.0,158.0,158.0,90.95582580566406,0
2008-12-23,166.0,166.0,160.4600067138672,161.27999877929688,92.84402465820312,530
2008-12-24,159.02000427246094,162.8000030517578,157.2100067138672,159.0500030517578,91.56025695800781,495
2008-12-26,162.0,162.0,160.0,160.0,92.10717010498047,410
2008-12-29,160.0,162.0,156.22000122070312,160.0,92.10717010498047,415
2008-12-30,160.0,171.0,159.0399932861328,170.0,97.86386108398438,1950
2008-12-31,174.60000610351562,183.0,165.60000610351562,180.00999450683594,103.6263198852539,2150
2009-01-02,178.0,178.0,173.60000610351562,173.97000122070312,100.14926147460938,300
2009-01-05,173.97000122070312,184.60000610351562,173.97000122070312,174.02000427246094,100.17804718017578,280
2009-01-06,179.0,179.0,172.4600067138672,174.0,100.16653442382812,525
2009-01-07,170.39999389648438,170.39999389648438,156.6199951171875,159.67999267578125,91.92292785644531,1415
2009-01-09,151.4600067138672,169.58999633789062,151.4600067138672,158.0800018310547,91.00188446044922,380
2009-01-12,160.0,160.0,154.0500030517578,156.89999389648438,90.32257843017578,1490
2009-01-13,159.0,159.0,155.0,155.8800048828125,89.73540496826172,2330
2009-01-14,159.0,159.0,154.47000122070312,154.47000122070312,88.9237060546875,195
2009-01-15,158.0,165.0,156.0,158.39999389648438,91.18608093261719,465
2009-01-16,164.0,164.0,156.02000427246094,158.0,90.95582580566406,165
2009-01-19,156.0,156.02000427246094,151.1999969482422,154.35000610351562,88.8546371459961,2200
2009-01-20,170.0,173.77999877929688,152.0,159.8000030517578,91.99201965332031,1100
2009-01-21,160.0,160.0,154.0,154.97999572753906,89.21728515625,915
2009-01-22,154.60000610351562,157.89999389648438,154.60000610351562,155.55999755859375,89.5511703491211,1295
2009-01-23,157.8000030517578,157.8000030517578,150.0,150.6699981689453,86.73615264892578,3225
2009-01-27,150.0,156.8000030517578,149.0,150.49000549316406,86.63253021240234,4830
2009-01-28,151.0,154.0,151.0,151.39999389648438,87.15640258789062,9835
2009-01-29,157.0,180.0,157.0,170.83999633789062,98.347412109375,96080
2009-01-30,197.0,198.0,169.99000549316406,175.5,101.0300521850586,24625
2009-02-02,174.0,175.0,167.02000427246094,170.7100067138672,98.2725830078125,95
2009-02-03,162.6300048828125,165.0,160.8000030517578,160.85000610351562,92.59647369384766,9335
2009-02-04,165.8000030517578,165.8000030517578,160.32000732421875,160.32000732421875,92.29136657714844,6780
2009-02-05,160.8000030517578,160.8000030517578,156.8000030517578,159.0,91.53150939941406,3345
2009-02-06,158.0,158.0,156.1999969482422,158.0,90.95582580566406,1355
2009-02-09,156.0,156.0,154.72999572753906,156.0,89.80448150634766,1305
2009-02-10,156.0,156.0,150.4199981689453,152.0800018310547,87.54785919189453,2595
2009-02-11,154.97999572753906,164.0,148.0,148.0,85.19913482666016,7920
2009-02-12,148.0,148.0,145.0,145.08999633789062,83.52392578125,67955
2009-02-13,146.1999969482422,150.0,146.1999969482422,148.39999389648438,85.42939758300781,7195
2009-02-16,150.39999389648438,159.39999389648438,150.39999389648438,152.47999572753906,87.77812194824219,5100
2009-02-17,150.60000610351562,151.77999877929688,150.1999969482422,151.72999572753906,87.34636688232422,295
2009-02-18,154.0,164.0,152.02999877929688,160.2899932861328,92.27409362792969,11130
2009-02-19,159.0,161.0,158.8300018310547,159.6199951171875,91.8884048461914,970
2009-02-20,155.1999969482422,155.1999969482422,149.39999389648438,150.0,86.3504638671875,11975
2009-02-24,145.30999755859375,146.8000030517578,143.0,144.02999877929688,82.91371154785156,23340
2009-02-25,148.0,148.0,137.39999389648438,138.27000427246094,79.59785461425781,15295
2009-02-26,140.0,140.0,136.8000030517578,137.1199951171875,78.93582916259766,4490
2009-02-27,141.97999572753906,141.97999572753906,132.39999389648438,139.97999572753906,80.58224487304688,405
2009-03-02,139.8000030517578,139.8000030517578,136.39999389648438,139.0,80.0180892944336,340
2009-03-03,133.0,135.97999572753906,133.0,133.32000732421875,76.748291015625,550
2009-03-04,133.0,136.0,130.0,130.3699951171875,75.05005645751953,1450
2009-03-05,128.1999969482422,132.1999969482422,128.1999969482422,129.3300018310547,74.45137023925781,725
2009-03-06,133.0,133.4499969482422,133.0,133.0399932861328,76.58709716796875,115
2009-03-09,122.41000366210938,137.60000610351562,122.4000015258789,128.35000610351562,73.88720703125,5430
2009-03-12,133.0,134.0,126.61000061035156,130.2100067138672,74.95796203613281,420
2009-03-13,130.39999389648438,133.6999969482422,129.1999969482422,129.8000030517578,74.72191619873047,2870
2009-03-16,130.02000427246094,132.0,129.11000061035156,129.5500030517578,74.57801818847656,770
2009-03-17,131.8000030517578,132.99000549316406,122.0,126.5199966430664,72.833740234375,7395
2009-03-18,129.0,132.0,129.0,130.6999969482422,75.24003601074219,790
2009-03-19,129.39999389648438,136.9499969482422,129.39999389648438,130.83999633789062,75.32062530517578,3225
2009-03-20,130.1999969482422,131.6999969482422,126.0,128.1199951171875,73.75479888916016,745
2009-03-23,133.19000244140625,133.1999969482422,129.11000061035156,129.39999389648438,74.49166107177734,1200
2009-03-24,134.1999969482422,135.58999633789062,132.0,132.0,75.98841094970703,1365
2009-03-25,137.8000030517578,144.8000030517578,130.02000427246094,131.0500030517578,75.44152069091797,1250
2009-03-26,135.97999572753906,135.97999572753906,131.0,131.07000732421875,75.45303344726562,1335
2009-03-27,135.0,147.97999572753906,132.27999877929688,144.8699951171875,83.39726257324219,7555
2009-03-30,150.0,150.0,140.41000366210938,146.57000732421875,84.37590789794922,2890
2009-03-31,142.39999389648438,147.0,140.41000366210938,145.75,83.90386962890625,2925
2009-04-01,142.0,147.3000030517578,142.0,145.32000732421875,83.65631866455078,690
2009-04-02,148.0,155.0,148.0,148.19000244140625,85.3084945678711,3005
2009-04-06,146.0,160.02000427246094,146.0,158.9499969482422,91.50269317626953,9565
2009-04-08,141.60000610351562,157.0,141.60000610351562,154.6199951171875,89.01004028320312,1055
2009-04-09,159.39999389648438,166.0,157.39999389648438,162.22000122070312,93.38513946533203,4855
2009-04-13,164.0,164.0,150.1999969482422,162.0,93.25849151611328,2635
2009-04-15,162.0,172.0,160.39999389648438,168.00999450683594,96.7182846069336,2640
2009-04-16,160.8000030517578,171.77999877929688,160.0500030517578,165.77000427246094,95.42877197265625,1085
2009-04-17,167.8000030517578,172.0,167.1999969482422,171.75,98.87127685546875,5485
2009-04-20,172.0,172.0,164.22999572753906,167.4499969482422,96.39588165283203,1350
2009-04-21,162.22000122070312,166.0,162.0,163.47000122070312,94.104736328125,525
2009-04-22,162.99000549316406,164.0,162.02999877929688,162.02999877929688,93.27576446533203,215
2009-04-23,164.0,164.0,161.0,162.0,93.25849151611328,380
2009-04-24,164.67999267578125,168.17999267578125,164.0,166.6999969482422,95.96414184570312,1780
2009-04-27,176.0,200.0399932861328,164.05999755859375,200.0399932861328,115.1569595336914,25865
2009-04-28,206.0,210.0,180.60000610351562,185.08999633789062,106.55070495605469,38255
2009-04-29,185.0,190.0,181.1999969482422,187.22000122070312,107.77689361572266,13695
2009-04-30,184.0,184.0,184.0,184.0,105.9232406616211,0
2009-05-04,184.39999389648438,194.39999389648438,181.22999572753906,184.97000122070312,106.48162078857422,36820
2009-05-05,186.0,188.0,181.7100067138672,186.27999877929688,107.23576354980469,3475
2009-05-06,189.5800018310547,189.5800018310547,180.2100067138672,183.2899932861328,105.51448822021484,2030
2009-05-07,180.39999389648438,190.0,180.39999389648438,188.49000549316406,108.50800323486328,6535
2009-05-08,188.5,189.8000030517578,174.0,187.02000427246094,107.66177368164062,3275
2009-05-11,186.0,189.0,177.1999969482422,184.39999389648438,106.15350341796875,1450
2009-05-12,179.0,185.77999877929688,177.39999389648438,185.32000732421875,106.6831283569336,1135
2009-05-13,180.02999877929688,189.8000030517578,180.02999877929688,186.0500030517578,107.10334014892578,1935
2009-05-14,188.0,188.1999969482422,179.4600067138672,184.0399932861328,105.94625091552734,1235
2009-05-15,181.22999572753906,187.99000549316406,181.22999572753906,183.02000427246094,105.35910034179688,2105
2009-05-18,183.02000427246094,183.02000427246094,183.02000427246094,183.02000427246094,105.35910034179688,0
2009-05-19,190.0,206.8000030517578,186.39999389648438,199.0800018310547,114.60433197021484,109995
2009-05-20,203.0,214.0,193.0,210.22000122070312,121.01728820800781,331595
2009-05-21,250.0,250.0,214.0,222.3800048828125,128.0174560546875,36765
2009-05-22,230.0,230.0,212.0,223.8000030517578,128.8348846435547,43630
2009-05-25,239.97999572753906,268.55999755859375,236.1999969482422,268.55999755859375,154.60186767578125,103425
2009-05-26,289.0,289.0,241.7100067138672,241.7100067138672,139.14512634277344,51820
2009-05-27,240.1999969482422,246.94000244140625,218.0,220.67999267578125,127.03878784179688,25845
2009-05-28,221.0,230.0,203.05999755859375,207.0500030517578,119.19242095947266,53040
2009-05-29,220.0,221.0,207.8000030517578,210.50999450683594,121.18424987792969,21920
2009-06-01,217.77000427246094,217.77000427246094,205.39999389648438,206.75999450683594,119.02548217773438,11150
2009-06-02,208.39999389648438,222.0,207.00999450683594,216.75999450683594,124.78216552734375,64440
2009-06-03,218.0,222.60000610351562,211.1999969482422,212.0399932861328,122.06502532958984,9205
2009-06-04,210.0,219.7899932861328,210.0,213.6999969482422,123.0206069946289,18210
2009-06-05,212.00999450683594,231.97999572753906,210.0,223.92999267578125,128.90972900390625,51910
2009-06-08,220.1999969482422,224.3699951171875,215.0,215.19000244140625,123.87837219238281,13330
2009-06-09,200.0,224.0,200.0,214.30999755859375,123.37177276611328,26305
2009-06-10,235.75,235.75,228.0,235.75,135.71414184570312,49000
2009-06-11,259.3299865722656,259.3299865722656,220.1999969482422,241.60000610351562,139.08181762695312,148920
2009-06-12,244.0,246.0,234.4600067138672,242.16000366210938,139.4041748046875,43955
2009-06-15,240.1999969482422,260.0,230.0,245.9600067138672,141.59173583984375,54920
2009-06-16,239.99000549316406,245.99000549316406,239.99000549316406,244.08999633789062,140.51519775390625,4660
2009-06-17,241.60000610351562,249.94000244140625,228.0,231.42999267578125,133.22723388671875,6545
2009-06-18,220.8000030517578,232.0,220.8000030517578,230.22000122070312,132.5306854248047,6400
2009-06-19,236.97999572753906,236.97999572753906,232.97999572753906,234.4600067138672,134.97154235839844,23435
2009-06-22,236.0,236.0,230.0,230.49000549316406,132.6861114501953,585
2009-06-23,225.39999389648438,233.97999572753906,225.0,230.0,132.40402221679688,40080
2009-06-24,224.0,234.0,224.0,230.25999450683594,132.55374145507812,1305
2009-06-25,226.0,235.77000427246094,220.1999969482422,230.22000122070312,132.5306854248047,3520
2009-06-26,233.0,238.0,229.00999450683594,235.85000610351562,135.77169799804688,2165
2009-06-29,230.1999969482422,244.39999389648438,230.1999969482422,239.24000549316406,137.72323608398438,15275
2009-06-30,240.00999450683594,247.0,239.97999572753906,245.6999969482422,141.44204711914062,82335
2009-07-01,242.0,245.8000030517578,240.00999450683594,244.0,140.46340942382812,14310
2009-07-02,242.05999755859375,248.5800018310547,242.0,244.05999755859375,140.49794006347656,7820
2009-07-03,243.0,249.1999969482422,243.0,244.97000122070312,141.02182006835938,4025
2009-07-06,244.3300018310547,252.0,241.2899932861328,248.75,143.19786071777344,32065
2009-07-07,247.0,257.6000061035156,242.0,256.1000061035156,147.4290313720703,25915
2009-07-08,256.0,257.79998779296875,252.0,255.92999267578125,147.33114624023438,19905
2009-07-09,251.0,263.94000244140625,251.0,255.47999572753906,147.07211303710938,20890
2009-07-10,256.6099853515625,260.0,253.0,253.63999938964844,146.0128631591797,6285
2009-07-13,252.0800018310547,257.67999267578125,252.0,255.75,147.2275390625,22830
2009-07-14,253.61000061035156,260.0,253.61000061035156,259.7900085449219,149.55320739746094,4725
2009-07-15,259.0,266.79998779296875,259.0,264.5299987792969,152.28192138671875,7520
2009-07-16,258.29998779296875,269.6000061035156,258.29998779296875,266.3699951171875,153.3411407470703,6040
2009-07-17,262.20001220703125,278.0,260.260009765625,274.739990234375,158.15951538085938,24235
2009-07-20,269.0,276.0,268.6000061035156,275.1000061035156,158.3667449951172,3560
2009-07-21,275.79998779296875,282.0,270.0,270.9599914550781,155.98345947265625,2550
2009-07-22,277.989990234375,277.989990234375,270.05999755859375,272.3699951171875,156.79518127441406,3585
2009-07-23,270.29998779296875,282.0,270.29998779296875,280.1199951171875,161.25660705566406,9850
2009-07-24,280.0,288.6000061035156,280.0,285.4599914550781,164.33067321777344,7430
2009-07-27,289.489990234375,291.3900146484375,280.04998779296875,280.5,161.47535705566406,2180
2009-07-28,289.9800109863281,336.0,277.0,334.2900085449219,192.4406280517578,59915
2009-07-29,334.20001220703125,334.7900085449219,299.6000061035156,321.8299865722656,185.26779174804688,12455
2009-07-30,320.0,320.0,308.010009765625,315.6300048828125,181.69866943359375,2790
2009-07-31,330.0,365.0,330.0,353.57000732421875,203.53955078125,67615
2009-08-03,377.0,377.0,334.0,353.04998779296875,203.2401885986328,22930
2009-08-04,353.0,360.0,353.0,355.0,204.36273193359375,3285
2009-08-05,359.20001220703125,360.0,350.010009765625,355.0199890136719,204.37428283691406,3320
2009-08-06,350.20001220703125,359.0,344.4200134277344,348.739990234375,200.75904846191406,4225
2009-08-07,350.0,350.0,339.0,339.9700012207031,195.71043395996094,5560
2009-08-10,340.1000061035156,340.1000061035156,321.20001220703125,326.6099853515625,188.01943969726562,6095
2009-08-11,318.2099914550781,327.989990234375,318.2099914550781,323.80999755859375,186.4075927734375,4470
2009-08-12,311.3999938964844,327.79998779296875,311.3999938964844,324.57000732421875,186.84510803222656,4865
2009-08-13,343.8299865722656,343.8299865722656,324.010009765625,334.7900085449219,192.72845458984375,9665
2009-08-14,325.4200134277344,335.010009765625,325.4200134277344,332.1000061035156,191.17990112304688,2830
2009-08-17,320.2300109863281,325.3999938964844,320.0,321.19000244140625,184.89938354492188,6605
2009-08-18,310.20001220703125,330.0,310.20001220703125,325.1199951171875,187.1616973876953,3685
2009-08-19,328.79998779296875,328.79998779296875,314.3999938964844,319.4599914550781,183.9034423828125,1045
2009-08-20,322.3999938964844,330.0,318.0,323.8699951171875,186.44212341308594,3680
2009-08-21,323.79998779296875,325.0,318.0,323.260009765625,186.09100341796875,1815
2009-08-24,325.0,328.79998779296875,321.42999267578125,327.44000244140625,188.49729919433594,5940
2009-08-25,327.3999938964844,327.3999938964844,320.0,320.67999267578125,184.6057891845703,2540
2009-08-26,322.6000061035156,322.6000061035156,310.260009765625,320.0,184.21434020996094,11890
2009-08-27,310.20001220703125,321.79998779296875,310.20001220703125,316.0199890136719,181.92315673828125,20120
2009-08-28,301.5199890136719,322.3999938964844,288.79998779296875,319.510009765625,183.9322052001953,22050
2009-08-31,319.2900085449219,319.989990234375,314.2099914550781,315.5199890136719,181.6353302001953,1480
2009-09-01,313.20001220703125,326.0,311.0,314.29998779296875,180.93299865722656,23365
2009-09-02,319.79998779296875,327.79998779296875,315.20001220703125,315.989990234375,181.90585327148438,42235
2009-09-03,317.79998779296875,321.0,314.69000244140625,318.3299865722656,183.25294494628906,3495
2009-09-04,316.0,323.20001220703125,315.0,320.0299987792969,184.23159790039062,23255
2009-09-07,326.0,326.0,318.0,319.8599853515625,184.13369750976562,4465
2009-09-08,322.0299987792969,323.20001220703125,317.0,317.4599914550781,182.75210571289062,5900
2009-09-09,320.0,320.0,315.0,315.1099853515625,181.3992919921875,130515
2009-09-10,320.0,323.9800109863281,316.20001220703125,320.6099853515625,184.56549072265625,2695
2009-09-11,326.79998779296875,335.5,320.20001220703125,328.6499938964844,189.19386291503906,18240
2009-09-14,326.0,331.0,326.0,327.2300109863281,188.3763885498047,4545
2009-09-15,329.0,350.0,329.0,344.3599853515625,198.23757934570312,33370
2009-09-16,335.2099914550781,347.9599914550781,335.2099914550781,343.70001220703125,197.85768127441406,14770
2009-09-17,346.6000061035156,361.9599914550781,346.6000061035156,349.1700134277344,216.77430725097656,19005
2009-09-18,350.0,361.79998779296875,350.0,359.5899963378906,223.2433624267578,21775
2009-09-22,373.9800109863281,373.9800109863281,342.0299987792969,358.0899963378906,222.31207275390625,9900
2009-09-23,370.0,370.0,348.0,350.2699890136719,217.45713806152344,3920
2009-09-24,344.20001220703125,369.7900085449219,344.0299987792969,359.67999267578125,223.29920959472656,4905
2009-09-25,356.6199951171875,367.0,350.6000061035156,360.010009765625,223.5040740966797,2890
2009-09-29,352.2099914550781,375.6000061035156,352.2099914550781,365.0400085449219,226.62686157226562,20830
2009-09-30,360.010009765625,368.0,357.010009765625,364.5899963378906,226.347412109375,8420
2009-10-01,362.0,362.0,350.0,350.5799865722656,217.6496124267578,2765
2009-10-05,354.0,359.9800109863281,345.0199890136719,352.8599853515625,219.06509399414062,2485
2009-10-06,352.0,362.0,351.3999938964844,358.75,222.7218475341797,3540
2009-10-07,356.20001220703125,362.0,354.2099914550781,360.0199890136719,223.5102996826172,2075
2009-10-08,369.989990234375,369.989990234375,354.4100036621094,360.010009765625,223.5040740966797,3400
2009-10-09,360.010009765625,362.0,360.0,360.0,223.4978485107422,1930
2009-10-12,360.0,362.0,355.04998779296875,361.0199890136719,224.13113403320312,5505
2009-10-13,361.79998779296875,361.79998779296875,361.79998779296875,361.79998779296875,224.61537170410156,0
2009-10-14,364.989990234375,365.20001220703125,356.0199890136719,361.2300109863281,224.26145935058594,11585
2009-10-15,363.6000061035156,363.79998779296875,355.6000061035156,362.9800109863281,225.34796142578125,1850
2009-10-16,360.0,374.0,360.0,365.25,226.75721740722656,10620
2009-10-20,360.5899963378906,367.8900146484375,360.5899963378906,361.20001220703125,224.24285888671875,910
2009-10-21,361.0400085449219,369.20001220703125,361.0400085449219,362.20001220703125,224.8637237548828,2360
2009-10-22,360.0299987792969,364.9200134277344,357.3999938964844,359.510009765625,223.1936492919922,5575
2009-10-23,369.79998779296875,370.0,359.4200134277344,367.9800109863281,228.4520721435547,3620
2009-10-26,359.6600036621094,364.7799987792969,359.6600036621094,362.0,224.73948669433594,755
2009-10-27,355.0299987792969,359.79998779296875,348.0,350.0899963378906,217.34547424316406,2800
2009-10-28,352.0,354.79998779296875,342.20001220703125,353.79998779296875,219.6487579345703,5940
2009-10-29,410.0,410.0,357.0,360.0400085449219,223.522705078125,6575
2009-10-30,360.0199890136719,365.20001220703125,350.0,351.8900146484375,218.46298217773438,2565
2009-11-03,351.8900146484375,352.010009765625,332.0,340.0,211.08131408691406,6715
2009-11-04,345.0,353.3999938964844,344.6499938964844,349.6000061035156,217.04127502441406,3715
2009-11-05,344.0,354.3999938964844,338.0,349.0199890136719,216.68115234375,5195
2009-11-06,345.5199890136719,355.3999938964844,344.010009765625,351.0400085449219,217.93527221679688,2745
2009-11-09,346.0,370.0,339.79998779296875,350.6499938964844,217.69317626953125,5670
2009-11-10,354.0,355.3999938964844,350.0,350.0,217.28961181640625,1860
2009-11-11,358.3800048828125,369.0,344.4100036621094,352.8699951171875,219.0713653564453,5920
2009-11-12,350.739990234375,357.7799987792969,350.6400146484375,354.8299865722656,220.28817749023438,860
2009-11-13,359.9599914550781,360.0,344.0,355.6600036621094,220.80345153808594,1925
2009-11-16,358.989990234375,360.0,350.0,355.07000732421875,220.4372100830078,2355
2009-11-17,362.79998779296875,362.79998779296875,344.010009765625,347.0899963378906,215.4829559326172,1575
2009-11-18,348.20001220703125,360.0,347.0899963378906,355.6199951171875,220.7786407470703,3185
2009-11-19,355.0,359.3999938964844,346.20001220703125,353.05999755859375,219.18930053710938,2035
2009-11-20,347.0,358.5899963378906,347.0,356.3900146484375,221.2567138671875,2025
2009-11-23,359.79998779296875,362.69000244140625,352.20001220703125,355.510009765625,220.7103729248047,1425
2009-11-24,356.0,368.0,354.0,357.0,221.6354217529297,1065
2009-11-25,356.0,358.0,348.0,353.17999267578125,219.2638397216797,2930
2009-11-26,356.9700012207031,358.0,348.2300109863281,354.82000732421875,220.28195190429688,740
2009-11-27,344.0,355.989990234375,341.0199890136719,354.3699951171875,220.0026397705078,2085
2009-11-30,342.3999938964844,369.79998779296875,342.3999938964844,360.4200134277344,223.75860595703125,6605
2009-12-01,346.0,364.9800109863281,346.0,359.4599914550781,223.1626434326172,610
2009-12-02,358.0,359.989990234375,354.05999755859375,355.32000732421875,220.5924072265625,1155
2009-12-03,353.20001220703125,359.9800109863281,352.0,355.20001220703125,220.51791381835938,725
2009-12-04,359.7799987792969,360.0,354.6000061035156,355.4599914550781,220.67929077148438,1330
2009-12-07,364.0,365.0,358.0,358.25,222.41140747070312,2750
2009-12-08,367.0,367.0,354.010009765625,355.94000244140625,220.97731018066406,1515
2009-12-09,356.2099914550781,359.79998779296875,353.0,358.260009765625,222.41761779785156,1120
2009-12-10,353.2099914550781,359.989990234375,350.0,351.9700012207031,218.51258850097656,2185
2009-12-11,355.0,360.0,350.5199890136719,358.7200012207031,222.70321655273438,4780
2009-12-14,355.20001220703125,360.0,351.30999755859375,357.6199951171875,222.02027893066406,870
2009-12-15,360.0,360.0,350.0,350.67999267578125,217.71176147460938,2055
2009-12-16,355.0,357.489990234375,354.0,354.55999755859375,220.12059020996094,300
2009-12-17,349.2200012207031,362.0,349.2099914550781,356.82000732421875,221.5236358642578,3265
2009-12-18,361.6000061035156,365.0,350.0,361.6000061035156,224.4911651611328,5910
2009-12-21,361.0,366.3999938964844,356.3999938964844,363.75,225.82595825195312,6685
2009-12-22,360.6000061035156,369.0,360.6000061035156,365.010009765625,226.60821533203125,21810
2009-12-23,365.0,374.0,365.0,372.29998779296875,231.13401794433594,40820
2009-12-24,371.0,387.0,371.0,379.9599914550781,235.88955688476562,13135
2009-12-29,379.0,417.3999938964844,379.0,395.05999755859375,245.2640380859375,24360
2009-12-30,396.0199890136719,400.0,386.0,388.45001220703125,241.160400390625,740
2009-12-31,399.79998779296875,404.0,394.0,400.6199951171875,248.71588134765625,7535
2010-01-04,403.8800048828125,403.8800048828125,383.010009765625,389.8599853515625,242.0357666015625,4140
2010-01-05,397.5899963378906,397.5899963378906,386.0,389.0,241.5018310546875,2280
2010-01-06,388.1499938964844,400.0,383.0199890136719,390.7099914550781,242.56344604492188,40100
2010-01-07,391.0,398.20001220703125,384.0,392.6199951171875,243.749267578125,1575
2010-01-08,386.2099914550781,394.6499938964844,386.2099914550781,388.0299987792969,240.89959716796875,630
2010-01-11,389.3999938964844,393.0,381.4700012207031,388.20001220703125,241.00521850585938,2865
2010-01-12,388.0,397.3999938964844,384.4200134277344,390.3399963378906,242.33377075195312,2280
2010-01-13,386.4200134277344,392.69000244140625,385.010009765625,386.92999267578125,240.21673583984375,1055
2010-01-14,385.04998779296875,392.3999938964844,385.010009765625,389.1499938964844,241.594970703125,1325
2010-01-15,394.7799987792969,396.20001220703125,385.0,396.0,245.8476104736328,4385
2010-01-18,388.4200134277344,395.9599914550781,386.6099853515625,393.0400085449219,244.00997924804688,7030
2010-01-19,392.0199890136719,400.0,392.0199890136719,398.3399963378906,247.30038452148438,2095
2010-01-20,396.0,400.20001220703125,396.0,398.739990234375,247.54872131347656,4330
2010-01-21,400.0,403.0,396.20001220703125,399.69000244140625,248.13845825195312,10850
2010-01-22,383.20001220703125,397.79998779296875,383.20001220703125,396.9700012207031,246.4498748779297,7225
2010-01-25,395.0,399.79998779296875,392.2099914550781,397.989990234375,247.08303833007812,16945
2010-01-27,392.0299987792969,395.79998779296875,385.0,392.25,243.51956176757812,11140
2010-01-28,386.6300048828125,389.0,376.0,378.70001220703125,235.10736083984375,2450
2010-01-29,366.20001220703125,400.0,356.0,387.6400146484375,240.65753173828125,15680
2010-02-01,380.010009765625,386.0,380.010009765625,380.510009765625,236.23101806640625,515
2010-02-02,382.0,397.6000061035156,380.0,388.3900146484375,241.1231689453125,8120
2010-02-03,383.69000244140625,389.67999267578125,380.0,385.3599853515625,239.2420654296875,1630
2010-02-04,381.0,385.0,380.010009765625,384.8900146484375,238.95025634765625,1690
2010-02-05,361.7799987792969,382.29998779296875,361.7799987792969,375.3900146484375,233.0524139404297,3375
2010-02-08,340.0,390.0,340.0,369.25,229.2405242919922,3095
2010-02-09,369.0,380.20001220703125,369.0,375.9200134277344,233.38145446777344,5810
2010-02-10,376.0,380.0,373.0,373.6000061035156,231.94113159179688,775
2010-02-11,380.0,380.0,371.0,375.3599853515625,233.03375244140625,655
2010-02-15,371.010009765625,377.0,368.010009765625,370.29998779296875,229.89239501953125,6500
2010-02-16,372.3999938964844,389.79998779296875,370.0199890136719,376.3699951171875,233.66078186035156,1145
2010-02-17,378.0,378.989990234375,362.0,366.82000732421875,227.73190307617188,3910
2010-02-18,364.0,364.0,356.2300109863281,360.0,223.4978485107422,18505
2010-02-19,360.0,363.0,356.0,361.07000732421875,224.162109375,1305
2010-02-22,355.0,355.0,344.8399963378906,348.489990234375,216.3520965576172,2655
2010-02-23,340.0,359.79998779296875,340.0,358.760009765625,222.72805786132812,3665
2010-02-24,350.20001220703125,364.0,350.20001220703125,362.44000244140625,225.01271057128906,7650
2010-02-25,359.79998779296875,364.79998779296875,354.2699890136719,363.0,225.36033630371094,3160
2010-02-26,353.760009765625,363.9800109863281,353.6000061035156,361.0199890136719,224.13113403320312,23915
2010-03-02,368.989990234375,368.989990234375,353.989990234375,358.8800048828125,222.8025360107422,2815
2010-03-03,354.010009765625,365.0,354.010009765625,361.44000244140625,224.391845703125,885
2010-03-04,359.6000061035156,361.989990234375,357.0,357.07000732421875,221.67886352539062,745
2010-03-05,356.0,365.0,356.0,357.0,221.6354217529297,1725
2010-03-08,357.0,357.0,351.0,351.0799865722656,217.9600372314453,380
2010-03-09,352.0,357.989990234375,350.0,351.7200012207031,218.35743713378906,4970
2010-03-10,356.0,356.0,348.20001220703125,351.6300048828125,218.3015899658203,2270
2010-03-11,350.0,355.57000732421875,347.6199951171875,355.57000732421875,220.7476043701172,235
2010-03-12,347.0,357.3999938964844,347.0,352.6099853515625,218.9099578857422,2755
2010-03-15,345.20001220703125,353.3699951171875,336.0199890136719,341.6300048828125,212.09327697753906,1170
2010-03-16,336.20001220703125,354.94000244140625,332.0,339.8500061035156,210.98822021484375,3995
2010-03-17,348.67999267578125,348.79998779296875,336.0,343.6300048828125,213.33493041992188,4390
2010-03-18,340.010009765625,345.0,337.79998779296875,340.9800109863281,211.6897430419922,2240
2010-03-19,346.0,346.0,336.2200012207031,341.2099914550781,211.83248901367188,2905
2010-03-22,335.0,351.989990234375,335.0,349.9599914550781,217.2647247314453,3835
2010-03-23,352.0,357.9800109863281,345.0,355.55999755859375,220.74139404296875,5195
2010-03-25,355.0,370.0,348.239990234375,365.95001220703125,227.19178771972656,13740
2010-03-26,368.3999938964844,376.0,360.0199890136719,372.3900146484375,231.18995666503906,13305
2010-03-29,368.010009765625,373.5899963378906,368.010009765625,371.760009765625,230.79884338378906,12935
2010-03-30,362.4100036621094,399.79998779296875,362.4100036621094,392.489990234375,243.6685791015625,19290
2010-03-31,390.0,399.79998779296875,385.79998779296875,397.70001220703125,246.90309143066406,12360
2010-04-01,394.0,394.0,386.4200134277344,386.6000061035156,240.0118408203125,1135
2010-04-05,355.6000061035156,387.0,355.6000061035156,375.8299865722656,233.32554626464844,595
2010-04-06,389.3999938964844,389.3999938964844,372.0,380.2799987792969,236.08824157714844,690
2010-04-07,391.20001220703125,391.20001220703125,376.2200012207031,380.0,235.91439819335938,5730
2010-04-08,380.0,387.7900085449219,380.0,380.0,235.91439819335938,2790
2010-04-09,379.0,385.7300109863281,379.0,380.0,235.91439819335938,2870
2010-04-12,377.0199890136719,385.3999938964844,377.0199890136719,380.0299987792969,235.9330291748047,640
2010-04-13,380.010009765625,381.20001220703125,380.0,380.010009765625,235.92062377929688,3655
2010-04-15,380.3999938964844,380.6000061035156,380.0,380.010009765625,235.92062377929688,12445
2010-04-16,380.0,382.0,380.0,380.0,235.91439819335938,1095
2010-04-19,373.0,380.0,365.010009765625,380.0,235.91439819335938,2710
2010-04-20,380.0,382.3999938964844,380.0,380.010009765625,235.92062377929688,2055
2010-04-21,380.010009765625,382.0,380.0,380.0,235.91439819335938,4795
2010-04-22,375.04998779296875,380.0,375.04998779296875,380.0,235.91439819335938,2565
2010-04-23,380.0,380.6000061035156,374.010009765625,380.0,235.91439819335938,6410
2010-04-26,380.0,380.989990234375,380.0,380.0,235.91439819335938,7015
2010-04-27,380.0,381.0,380.0,380.0,235.91439819335938,9435
2010-04-28,368.3299865722656,381.0,368.3299865722656,380.6099853515625,236.2930908203125,1385
2010-04-29,380.6000061035156,381.0,380.0,380.0,235.91439819335938,7080
2010-04-30,380.79998779296875,380.9200134277344,380.0,380.0,235.91439819335938,795
2010-05-03,380.0,380.0,372.0199890136719,378.0,234.67276000976562,460
2010-05-04,379.0,380.6000061035156,378.0,378.489990234375,234.9769287109375,6885
2010-05-05,370.0,374.0,369.6000061035156,370.0,229.70614624023438,2980
2010-05-06,370.0,374.17999267578125,370.0,374.0,232.189453125,2775
2010-05-07,399.989990234375,399.989990234375,370.0,370.0299987792969,229.72476196289062,4150
2010-05-10,370.0,376.9800109863281,364.2200012207031,369.67999267578125,229.50746154785156,49180
2010-05-11,370.0,370.79998779296875,368.4100036621094,370.0,229.70614624023438,7050
2010-05-12,357.2099914550781,369.6000061035156,357.2099914550781,365.1600036621094,226.70135498046875,3890
2010-05-13,366.0,366.0,360.0,360.0,223.4978485107422,960
2010-05-14,376.3999938964844,376.3999938964844,370.32000732421875,370.32000732421875,229.90480041503906,2965
2010-05-17,364.010009765625,372.0,364.0,368.0,228.46450805664062,2525
2010-05-18,368.3999938964844,374.0,368.0,368.0,228.46450805664062,50
2010-05-19,365.0,378.0,365.0,376.3900146484375,233.67324829101562,3560
2010-05-20,360.010009765625,372.0,360.010009765625,368.69000244140625,228.89283752441406,835
2010-05-21,360.30999755859375,370.0,360.30999755859375,365.0899963378906,226.65786743164062,1895
2010-05-24,368.0400085449219,370.0,368.010009765625,369.79998779296875,229.58197021484375,1865
2010-05-25,368.3999938964844,370.79998779296875,368.010009765625,370.1000061035156,229.7681884765625,965
2010-05-26,368.4100036621094,377.989990234375,368.4100036621094,370.0,229.70614624023438,315
2010-05-27,370.0,370.20001220703125,370.0,370.0,229.70614624023438,1550
2010-05-28,371.0,375.95001220703125,370.2300109863281,372.0,230.94778442382812,445
2010-05-31,369.0,373.0,361.79998779296875,367.0,227.84365844726562,6455
2010-06-01,370.20001220703125,370.20001220703125,368.0,370.20001220703125,229.83033752441406,12145
2010-06-02,372.989990234375,373.0,370.010009765625,371.7300109863281,230.78021240234375,3050
2010-06-03,372.9700012207031,375.0,370.0,374.7099914550781,232.6301727294922,6455
2010-06-04,370.0799865722656,374.29998779296875,364.010009765625,367.0,227.84365844726562,1930
2010-06-07,373.8999938964844,373.8999938964844,361.20001220703125,369.7900085449219,229.5757598876953,530
2010-06-08,368.0,368.0,361.79998779296875,364.6199951171875,226.3660888671875,110
2010-06-09,362.0,370.0,362.0,367.8800048828125,228.3899688720703,785
2010-06-10,362.32000732421875,369.79998779296875,360.0,366.510009765625,227.5394744873047,1265
2010-06-11,364.0,372.0,360.29998779296875,368.7200012207031,228.91146850585938,1015
2010-06-14,368.0,370.0,364.0,369.3800048828125,229.32125854492188,1415
2010-06-15,369.3900146484375,369.3900146484375,364.4100036621094,364.82000732421875,226.490234375,890
2010-06-16,365.4100036621094,365.4100036621094,360.2099914550781,361.55999755859375,224.46633911132812,69865
2010-06-17,360.20001220703125,364.70001220703125,358.04998779296875,359.2300109863281,223.0198211669922,370
2010-06-18,359.79998779296875,359.79998779296875,356.0,356.0,221.0145721435547,730
2010-06-21,359.95001220703125,367.20001220703125,359.95001220703125,366.2699890136719,227.3904266357422,40390
2010-06-22,368.0,370.0,366.0,366.80999755859375,227.72567749023438,1540
2010-06-23,366.80999755859375,370.0,366.0,369.0199890136719,229.09774780273438,190710
2010-06-24,371.989990234375,371.989990234375,366.07000732421875,369.32000732421875,229.2839813232422,960
2010-06-25,365.010009765625,368.7900085449219,365.0,368.3800048828125,228.70037841796875,220
2010-06-28,365.010009765625,367.6000061035156,361.20001220703125,365.19000244140625,226.71994018554688,1750
2010-06-29,365.0,365.0,361.3999938964844,365.0,226.60203552246094,645
2010-06-30,362.010009765625,364.0,359.79998779296875,359.79998779296875,223.37368774414062,300
2010-07-01,360.0,369.5899963378906,360.0,360.0199890136719,223.5102996826172,4325
2010-07-02,359.6000061035156,365.010009765625,356.239990234375,358.0299987792969,222.2748260498047,1380
2010-07-05,358.20001220703125,360.20001220703125,357.20001220703125,360.010009765625,223.5040740966797,235
2010-07-06,365.94000244140625,365.94000244140625,360.0,360.4200134277344,223.75860595703125,580
2010-07-07,360.6099853515625,364.79998779296875,360.0,360.2799987792969,223.6717071533203,3570
2010-07-08,364.0,366.0,361.0299987792969,364.6199951171875,226.3660888671875,3770
2010-07-09,367.0,372.0,364.0,370.1700134277344,229.81170654296875,4685
2010-07-12,373.0,377.3999938964844,369.0,370.2799987792969,229.8799591064453,3215
2010-07-13,375.0,391.0,374.0,382.1300048828125,237.23680114746094,50415
2010-07-14,380.0,392.0,376.0,377.8399963378906,234.57339477539062,7925
2010-07-15,380.0199890136719,386.0,375.0,379.80999755859375,235.7964630126953,2145
2010-07-16,380.0,380.0,370.8999938964844,377.19000244140625,234.16986083984375,1130
2010-07-19,370.4100036621094,389.5,370.4100036621094,385.6499938964844,239.4220733642578,6280
2010-07-20,378.30999755859375,383.989990234375,373.4200134277344,374.8599853515625,232.72332763671875,575
2010-07-21,375.010009765625,380.5899963378906,372.239990234375,375.6300048828125,233.20140075683594,2635
2010-07-22,377.79998779296875,377.79998779296875,372.0,373.1099853515625,231.63685607910156,1315
2010-07-23,375.0,379.0,372.0,378.30999755859375,234.86517333984375,825
2010-07-26,375.79998779296875,376.0,371.010009765625,376.0,233.4311065673828,555
2010-07-27,374.0199890136719,376.0,370.1300048828125,374.4200134277344,232.45022583007812,1200
2010-07-28,371.2300109863281,374.760009765625,368.0199890136719,373.3500061035156,231.78591918945312,2085
2010-07-29,366.0,375.0,366.0,372.3299865722656,231.15264892578125,1645
2010-07-30,370.0,370.0,370.0,370.0,229.70614624023438,45
2010-08-02,368.0,369.79998779296875,367.20001220703125,369.7900085449219,229.5757598876953,1610
2010-08-03,371.0,371.0,364.2200012207031,370.5,230.01651000976562,890
2010-08-04,373.6000061035156,373.6000061035156,370.0,370.0,229.70614624023438,1315
2010-08-05,374.0,374.0,358.0,362.5799865722656,225.09957885742188,4590
2010-08-06,361.3999938964844,365.5799865722656,348.0,350.94000244140625,217.8731689453125,3300
2010-08-09,353.010009765625,361.760009765625,352.4200134277344,358.67999267578125,222.6783905029297,4145
2010-08-10,360.0,362.20001220703125,355.0,355.1700134277344,220.49929809570312,700
2010-08-11,357.0,357.0,350.20001220703125,351.760009765625,218.38221740722656,4420
2010-08-12,355.0,358.0,348.04998779296875,352.69000244140625,218.95962524414062,1940
2010-08-13,352.20001220703125,354.0,350.0,350.1099853515625,217.3578643798828,1150
2010-08-16,359.0,360.0,353.8900146484375,355.70001220703125,220.82830810546875,8385
2010-08-17,358.0,358.0,354.0,355.0,220.39370727539062,1180
2010-08-18,354.0,356.0,354.0,355.4200134277344,220.6544647216797,415
2010-08-19,372.8599853515625,372.8599853515625,352.0,352.70001220703125,218.96585083007812,3390
2010-08-20,355.0,356.0,351.0,355.3299865722656,220.5985870361328,1825
2010-08-23,351.0,359.20001220703125,351.0,358.7200012207031,222.70321655273438,530
2010-08-24,364.79998779296875,370.0,354.3999938964844,359.3500061035156,223.09434509277344,2355
2010-08-25,359.79998779296875,364.79998779296875,354.6000061035156,356.5199890136719,221.33737182617188,3410
2010-08-26,352.3999938964844,359.9700012207031,352.3999938964844,355.2200012207031,220.53028869628906,585
2010-08-27,352.4200134277344,359.0,352.4200134277344,354.6199951171875,220.15782165527344,590
2010-08-30,369.8699951171875,369.8699951171875,348.45001220703125,350.17999267578125,217.4012908935547,3060
2010-08-31,349.8999938964844,352.8599853515625,345.0,349.7799987792969,217.15304565429688,1340
2010-09-01,349.3999938964844,360.0,345.4100036621094,358.05999755859375,222.29344177246094,132360
2010-09-02,351.20001220703125,359.7900085449219,351.20001220703125,355.2699890136719,237.1170196533203,490
2010-09-03,355.20001220703125,355.20001220703125,348.0,349.82000732421875,233.47955322265625,1360
2010-09-06,352.0,357.739990234375,352.0,356.7900085449219,238.1315460205078,3010
2010-09-07,357.0,357.0,351.0400085449219,352.75,235.43507385253906,1960
2010-09-08,348.0199890136719,357.79998779296875,348.0199890136719,353.0,235.6019744873047,600
2010-09-09,354.20001220703125,359.3999938964844,353.0,355.0400085449219,236.96353149414062,1205
2010-09-13,354.20001220703125,355.3800048828125,347.0,347.8599853515625,232.17137145996094,6210
2010-09-14,356.0,357.3999938964844,344.79998779296875,348.6300048828125,232.6853485107422,2855
2010-09-15,351.0,357.5899963378906,350.0,352.0,234.9345245361328,2635
2010-09-16,353.0,353.0,345.0,350.0,233.59970092773438,2095
2010-09-17,351.79998779296875,351.79998779296875,345.0199890136719,350.6199951171875,234.01351928710938,1540
2010-09-20,346.20001220703125,351.989990234375,345.0,348.2900085449219,232.45840454101562,2190
2010-09-21,348.2900085449219,353.0,346.010009765625,352.5199890136719,235.2816162109375,7700
2010-09-22,352.9800109863281,358.20001220703125,345.0,350.4100036621094,233.87335205078125,33305
2010-09-23,348.4599914550781,355.0,348.4599914550781,351.260009765625,234.44061279296875,1510
2010-09-24,346.1300048828125,360.0,346.1300048828125,356.5199890136719,237.9512939453125,4895
2010-09-27,359.5899963378906,359.5899963378906,350.1099853515625,350.17999267578125,233.7197723388672,1515
2010-09-28,357.7699890136719,358.20001220703125,348.010009765625,355.17999267578125,237.05694580078125,4650
2010-09-29,360.0,360.0199890136719,349.05999755859375,351.07000732421875,234.31381225585938,3955
2010-09-30,347.45001220703125,352.0,347.45001220703125,351.07000732421875,234.31381225585938,1135
2010-10-01,352.0,355.6000061035156,350.3399963378906,351.8699951171875,234.8477783203125,1415
2010-10-04,350.0199890136719,350.0199890136719,346.0,346.92999267578125,231.55068969726562,1615
2010-10-05,359.7799987792969,359.7799987792969,349.04998779296875,351.8699951171875,234.8477783203125,1360
2010-10-06,351.17999267578125,359.0,349.20001220703125,355.4800109863281,237.2571563720703,8685
2010-10-07,350.0,359.0,348.0199890136719,356.30999755859375,237.81112670898438,44940
2010-10-08,351.0,357.79998779296875,348.0,353.54998779296875,235.9690704345703,1905
2010-10-11,352.3999938964844,353.0,345.6000061035156,346.760009765625,231.43724060058594,3410
2010-10-12,348.0,348.0,346.2200012207031,346.32000732421875,231.1435546875,1915
2010-10-13,346.3999938964844,352.0,343.3999938964844,347.7900085449219,232.12469482421875,7935
2010-10-14,347.989990234375,347.989990234375,343.4200134277344,344.79998779296875,230.12904357910156,355
2010-10-15,346.20001220703125,346.20001220703125,342.2200012207031,345.1700134277344,230.37600708007812,1215
2010-10-18,360.0,360.0,341.1000061035156,344.739990234375,230.08901977539062,2210
2010-10-19,344.82000732421875,344.989990234375,340.0,342.17999267578125,228.38038635253906,248675
2010-10-20,342.0,344.989990234375,342.0,343.5799865722656,229.31472778320312,1215
2010-10-21,338.6700134277344,343.0,337.1400146484375,340.5799865722656,227.3125,1260
2010-10-22,336.1000061035156,341.79998779296875,336.1000061035156,340.0199890136719,226.93875122070312,3080
2010-10-25,340.0,343.9800109863281,336.0,341.3699951171875,227.8397674560547,3355
2010-10-26,340.010009765625,351.989990234375,340.010009765625,342.6600036621094,228.70077514648438,1120
2010-10-27,339.6099853515625,343.0,338.0,341.8900146484375,228.18685913085938,1325
2010-10-28,337.010009765625,346.0,337.010009765625,344.1199951171875,229.67518615722656,3415
2010-10-29,348.1000061035156,349.989990234375,334.1000061035156,339.9800109863281,226.91212463378906,985
2010-11-01,352.0,363.9800109863281,345.0,351.239990234375,234.42727661132812,60995
2010-11-02,353.6000061035156,382.0,353.6000061035156,367.30999755859375,245.1528778076172,34800
2010-11-03,370.0,375.0,363.25,372.42999267578125,248.57008361816406,22915
2010-11-04,372.3999938964844,388.0,370.0,383.3900146484375,255.88510131835938,27975
2010-11-08,402.0,442.79998779296875,397.79998779296875,401.1300048828125,267.7253112792969,13915
2010-11-09,404.0,404.0,395.79998779296875,397.6199951171875,265.382568359375,4300
2010-11-10,400.0,402.0,386.0,399.5400085449219,266.6640625,5215
2010-11-11,429.0,429.0,400.1199951171875,409.8900146484375,273.5719299316406,11350
2010-11-12,411.760009765625,418.0,395.20001220703125,399.7799987792969,266.8242492675781,40735
2010-11-15,398.6000061035156,406.0,390.3999938964844,400.8900146484375,267.5650939941406,18595
2010-11-16,400.8900146484375,415.9800109863281,390.20001220703125,397.29998779296875,265.1689758300781,10300
2010-11-18,388.0,407.6000061035156,388.0,398.67999267578125,266.09002685546875,3745
2010-11-19,394.0,402.0,393.0,393.8800048828125,262.8863830566406,3855
2010-11-22,393.0,394.6000061035156,391.3900146484375,391.9100036621094,261.5715637207031,1340
2010-11-23,393.6000061035156,395.0,382.3999938964844,390.760009765625,260.8040466308594,3860
2010-11-24,392.0,392.0,375.0,385.0,256.95965576171875,207075
2010-11-25,374.010009765625,389.32000732421875,374.010009765625,384.3900146484375,256.55255126953125,1770
2010-11-26,379.0,380.6000061035156,353.0,377.2300109863281,251.7737579345703,4820
2010-11-29,364.20001220703125,389.20001220703125,363.010009765625,387.17999267578125,258.4146728515625,5235
2010-11-30,399.94000244140625,399.94000244140625,367.2099914550781,390.7799987792969,260.8173828125,1340
2010-12-01,419.8999938964844,419.8999938964844,386.0,398.3299865722656,265.8564758300781,1900
2010-12-02,400.0,406.0,400.0,404.3999938964844,269.9077453613281,2710
2010-12-03,393.0,410.20001220703125,383.79998779296875,408.25,272.4773864746094,19705
2010-12-06,393.0,411.70001220703125,393.0,403.0,268.9733581542969,30750
2010-12-07,412.0,412.0,396.3999938964844,397.2699890136719,265.14892578125,1325
2010-12-08,408.20001220703125,410.0,394.20001220703125,396.1499938964844,264.4015197753906,3650
2010-12-09,394.0,395.79998779296875,370.0,376.7200012207031,251.43338012695312,102240
2010-12-10,350.2099914550781,392.0,350.2099914550781,387.6000061035156,258.6949462890625,3145
2010-12-13,396.0,397.9599914550781,385.04998779296875,389.4800109863281,259.9497375488281,740
2010-12-14,395.989990234375,403.7799987792969,395.0,400.45001220703125,267.2713928222656,4380
2010-12-15,392.4100036621094,407.0,392.4100036621094,404.30999755859375,269.84765625,8935
2010-12-16,394.5,401.989990234375,394.5,397.5,265.302490234375,1610
2010-12-20,395.1000061035156,400.6000061035156,395.1000061035156,400.29998779296875,267.17132568359375,10120
2010-12-21,397.010009765625,401.0,397.010009765625,400.6000061035156,267.37152099609375,1570
2010-12-22,398.4100036621094,403.0,397.0,399.489990234375,266.6306457519531,320
2010-12-23,400.010009765625,400.3999938964844,398.20001220703125,400.0,266.9710998535156,1435
2010-12-24,396.25,401.0,396.25,399.6000061035156,266.7041015625,295
2010-12-27,401.9800109863281,401.9800109863281,398.0,400.0,266.9710998535156,210
2010-12-28,395.010009765625,400.0,395.010009765625,399.6199951171875,266.7174377441406,1045
2010-12-29,397.6099853515625,401.0,397.3999938964844,399.010009765625,266.3103332519531,460
2010-12-30,398.4100036621094,405.79998779296875,398.4100036621094,403.5,269.3070373535156,1285
2010-12-31,401.0,422.0,400.0,414.8699951171875,276.8957214355469,5000
2011-01-03,487.989990234375,487.989990234375,398.3399963378906,421.5799865722656,281.3741149902344,4855
2011-01-04,430.0,433.0,420.0,430.69000244140625,287.45440673828125,4590
2011-01-05,424.0,436.0,424.0,434.9100036621094,290.27093505859375,5740
2011-01-06,434.7799987792969,439.3999938964844,432.010009765625,436.45001220703125,291.2987976074219,2045
2011-01-07,439.0,442.0,426.0,436.0199890136719,291.01177978515625,10325
2011-01-10,422.3999938964844,434.0,418.0,423.7799987792969,282.8425598144531,1555
2011-01-11,418.0,420.0,407.0,413.20001220703125,275.7811279296875,585
2011-01-12,410.010009765625,433.75,394.20001220703125,425.0199890136719,283.6701354980469,7340
2011-01-13,422.0,430.0,399.6300048828125,405.1000061035156,270.37493896484375,9345
2011-01-14,401.04998779296875,412.9800109863281,390.0,407.7799987792969,272.1637268066406,9215
2011-01-17,400.6000061035156,414.0,398.4200134277344,410.3800048828125,273.8989562988281,2835
2011-01-18,401.3999938964844,416.04998779296875,400.0,402.3699951171875,268.5528869628906,1145
2011-01-19,401.1600036621094,405.6000061035156,397.3999938964844,399.3399963378906,266.5305480957031,1125
2011-01-20,382.010009765625,403.79998779296875,382.010009765625,396.8599853515625,264.87530517578125,830
2011-01-21,400.0,403.9599914550781,394.4100036621094,398.8599853515625,266.2101745605469,825
2011-01-24,400.0,400.7799987792969,398.0,399.9800109863281,266.95770263671875,165
2011-01-25,396.0,398.0,395.0,395.6499938964844,264.0677490234375,435
2011-01-27,395.6499938964844,398.20001220703125,394.20001220703125,396.0400085449219,264.3280944824219,200
2011-01-28,390.0,393.6700134277344,386.2200012207031,392.6499938964844,262.0654602050781,4065
2011-01-31,385.0199890136719,395.0,368.0,394.79998779296875,263.5004577636719,3280
2011-02-01,375.0,386.9800109863281,375.0,377.3500061035156,251.85386657714844,1680
2011-02-02,375.0,380.0,375.0,378.0,252.2876739501953,1120
2011-02-03,371.0,379.69000244140625,371.0,373.45001220703125,249.25083923339844,480
2011-02-04,381.489990234375,419.95001220703125,371.0,372.92999267578125,248.90379333496094,1170
2011-02-07,375.010009765625,376.3900146484375,366.0,369.95001220703125,246.9148712158203,930
2011-02-08,357.010009765625,379.5799865722656,357.0,368.989990234375,246.27415466308594,875
2011-02-09,354.0199890136719,375.0,350.010009765625,353.1300048828125,235.68873596191406,1935
2011-02-10,342.42999267578125,358.0,342.42999267578125,343.70001220703125,229.39488220214844,440
2011-02-11,342.20001220703125,373.0,340.0,365.70001220703125,244.07830810546875,2855
2011-02-14,390.3999938964844,390.3999938964844,362.010009765625,366.5,244.6122283935547,545
2011-02-15,362.0,370.79998779296875,350.0,355.95001220703125,237.5708770751953,2280
2011-02-16,356.0,368.0,336.0,341.6700134277344,228.04005432128906,6490
2011-02-17,357.989990234375,370.0,341.79998779296875,361.6700134277344,241.3886260986328,2345
2011-02-18,357.04998779296875,363.0,355.0,361.0799865722656,240.99478149414062,1805
2011-02-21,365.0,367.0,360.0,365.6499938964844,244.04489135742188,610
2011-02-22,360.0,364.5,360.0,363.55999755859375,242.6499786376953,155
2011-02-23,364.29998779296875,364.3999938964844,360.0,363.989990234375,242.93698120117188,1015
2011-02-24,384.989990234375,384.989990234375,356.0,360.010009765625,240.28060913085938,5990
2011-02-25,367.2099914550781,367.2099914550781,359.5,360.0,240.27392578125,5200
2011-02-28,360.0,399.9800109863281,360.0,391.239990234375,261.1244201660156,6720
2011-03-01,398.0,402.0,374.2200012207031,398.4200134277344,265.9165344238281,15515
2011-03-03,390.0,395.0,384.20001220703125,388.20001220703125,259.0954284667969,770
2011-03-04,396.0,399.1000061035156,388.0,391.1199951171875,261.0442810058594,735
2011-03-07,369.1000061035156,390.3999938964844,369.1000061035156,390.0899963378906,260.35687255859375,1705
2011-03-08,381.2200012207031,392.0,381.2200012207031,388.739990234375,259.4557800292969,3030
2011-03-09,390.0,395.6000061035156,390.0,390.0,260.29681396484375,525
2011-03-10,388.0,390.0,367.20001220703125,373.5,249.2842559814453,18395
2011-03-11,380.0,384.70001220703125,370.6000061035156,378.0,252.2876739501953,2225
2011-03-14,385.55999755859375,385.55999755859375,368.79998779296875,377.6700134277344,252.06744384765625,135
2011-03-15,371.0,380.0,356.20001220703125,377.2799987792969,251.80714416503906,240
2011-03-16,373.0,375.0,371.0,372.6400146484375,248.71023559570312,1215
2011-03-17,376.0,378.0,370.05999755859375,375.67999267578125,250.73924255371094,980
2011-03-18,370.04998779296875,379.79998779296875,370.04998779296875,378.2200012207031,252.43447875976562,1285
2011-03-21,384.79998779296875,384.989990234375,372.0,377.1199951171875,251.70030212402344,400
2011-03-22,380.0,381.3999938964844,373.0,376.6700134277344,251.39999389648438,710
2011-03-23,381.6000061035156,381.6000061035156,375.0,375.3699951171875,250.53231811523438,605
2011-03-24,373.0199890136719,378.0,370.2699890136719,373.7900085449219,249.47776794433594,255
2011-03-25,367.3999938964844,379.0,367.3999938964844,376.25,251.11968994140625,860
2011-03-28,379.75,379.75,370.0,372.17999267578125,248.40318298339844,5285
2011-03-29,376.0,379.7900085449219,370.0199890136719,377.0,251.62020874023438,2080
2011-03-30,384.79998779296875,384.79998779296875,375.20001220703125,379.57000732421875,253.33554077148438,530
2011-03-31,388.0,388.0,372.0299987792969,384.2799987792969,256.4791259765625,1140
2011-04-01,378.010009765625,386.57000732421875,378.010009765625,380.0,253.6224822998047,40
2011-04-04,377.0,384.9800109863281,377.0,383.3699951171875,255.87176513671875,770
2011-04-05,388.0,398.0,378.0,388.9599914550781,259.6026306152344,75850
2011-04-06,375.29998779296875,394.0,375.29998779296875,387.8599853515625,258.86846923828125,3910
2011-04-07,389.7799987792969,389.7799987792969,380.239990234375,381.489990234375,254.61692810058594,30795
2011-04-08,380.20001220703125,387.0,380.20001220703125,384.0,256.292236328125,635
2011-04-11,384.0,384.0,377.0,377.9800109863281,252.2743377685547,2165
2011-04-13,379.79998779296875,384.0,377.0,383.9700012207031,256.27215576171875,14770
2011-04-15,384.0,384.0,376.0,377.0400085449219,251.6469268798828,11070
2011-04-18,394.9800109863281,394.9800109863281,377.0,380.0299987792969,253.6425018310547,7605
2011-04-19,378.0,381.7900085449219,377.0,380.0,253.6224822998047,275
2011-04-20,372.2099914550781,383.9700012207031,372.2099914550781,380.2200012207031,253.7693634033203,75
2011-04-21,378.0299987792969,410.0,378.0,385.20001220703125,257.0931091308594,6715
2011-04-25,382.0,403.92999267578125,382.0,397.94000244140625,265.5961608886719,6720
2011-04-26,397.9800109863281,397.9800109863281,385.79998779296875,388.3299865722656,259.1821594238281,3395
2011-04-27,408.0,408.0,395.0,405.9800109863281,270.9622497558594,7770
2011-04-28,407.79998779296875,416.0,406.79998779296875,411.45001220703125,274.6131286621094,4405
2011-04-29,412.0,415.0,405.20001220703125,409.989990234375,273.638671875,1330
2011-05-02,410.0,416.0,402.010009765625,403.3999938964844,269.24029541015625,300
2011-05-03,395.0299987792969,402.989990234375,395.0299987792969,397.6000061035156,265.3692626953125,630
2011-05-04,384.010009765625,414.0,384.010009765625,407.55999755859375,272.0168762207031,3645
2011-05-05,412.739990234375,412.739990234375,400.0,404.2799987792969,269.8276672363281,200
2011-05-06,412.0,412.0,403.0,408.0,272.31048583984375,190
2011-05-09,400.3999938964844,412.0,400.3999938964844,404.0,269.6407775878906,265
2011-05-10,400.0,400.0,390.0,393.6700134277344,262.7463073730469,350
2011-05-11,392.0,400.0,392.0,393.2200012207031,262.4458923339844,65
2011-05-12,392.6000061035156,392.6000061035156,391.0,391.4700012207031,261.27789306640625,155
2011-05-13,399.6000061035156,399.6000061035156,394.0,394.25,263.1333312988281,165
2011-05-16,398.0,398.0,386.510009765625,387.1000061035156,258.3612365722656,125
2011-05-17,395.3999938964844,395.3999938964844,386.6400146484375,386.6400146484375,258.05426025390625,75
2011-05-18,388.79998779296875,388.79998779296875,384.0,385.0899963378906,257.0197448730469,155
2011-05-19,387.0,390.0,383.010009765625,385.20001220703125,257.0931091308594,135
2011-05-20,382.3999938964844,388.79998779296875,380.20001220703125,383.04998779296875,255.6581268310547,700
2011-05-23,384.0,384.0,384.0,384.0,256.292236328125,105
2011-05-24,384.0,384.0,384.0,384.0,256.292236328125,0
2011-05-25,380.44000244140625,391.94000244140625,378.4200134277344,379.4700012207031,253.2687530517578,185
2011-05-26,380.6000061035156,390.79998779296875,380.6000061035156,388.0,258.9619445800781,60
2011-05-27,395.79998779296875,395.79998779296875,384.0,385.5899963378906,257.35345458984375,260
2011-05-30,398.0,423.0,398.0,418.6700134277344,279.4319763183594,9750
2011-05-31,422.20001220703125,430.0,415.0199890136719,422.05999755859375,281.6944885253906,3090
2011-06-01,420.0,425.70001220703125,420.0,425.4599914550781,283.9637756347656,1170
2011-06-02,420.0,422.9700012207031,420.0,421.3900146484375,281.2473449707031,630
2011-06-03,421.20001220703125,421.20001220703125,406.3999938964844,414.5899963378906,276.7088623046875,1920
2011-06-06,414.0,414.0,404.05999755859375,405.0400085449219,270.3349304199219,980
2011-06-07,406.0199890136719,427.0,406.0199890136719,418.6700134277344,279.4319763183594,2190
2011-06-08,412.3999938964844,420.0,412.3999938964844,417.45001220703125,278.61767578125,6280
2011-06-09,419.3999938964844,419.3999938964844,415.1300048828125,416.260009765625,277.82342529296875,350
2011-06-10,416.79998779296875,417.0,412.82000732421875,413.7699890136719,276.1614990234375,455
2011-06-13,412.0,416.69000244140625,409.989990234375,411.9200134277344,274.9268493652344,2385
2011-06-14,414.0,454.989990234375,414.0,434.5199890136719,290.0106506347656,16230
2011-06-15,434.3999938964844,465.0,430.0,453.5299987792969,302.6984558105469,7290
2011-06-16,448.80999755859375,459.79998779296875,440.3999938964844,456.19000244140625,304.4737854003906,1930
2011-06-17,477.0,477.0,450.79998779296875,460.05999755859375,307.0567626953125,2200
2011-06-20,460.0,482.79998779296875,458.1300048828125,479.1400146484375,319.7912902832031,17200
2011-06-21,479.5,482.7900085449219,470.0400085449219,479.94000244140625,320.32525634765625,5845
2011-06-22,480.20001220703125,480.5,472.25,474.510009765625,316.7010803222656,1985
2011-06-23,477.0,481.0,474.0,480.0400085449219,320.3919677734375,6395
2011-06-24,480.0,569.1799926757812,480.0,544.2000122070312,363.21417236328125,79100
2011-06-27,542.1699829101562,550.0,520.0,535.3800048828125,357.327392578125,12610
2011-06-28,548.0,549.5900268554688,522.2100219726562,529.5499877929688,353.436279296875,3500
2011-06-29,526.0,542.0,526.0,539.4400024414062,360.0372009277344,5385
2011-06-30,555.0,588.0,540.0,567.4000244140625,378.6985168457031,29375
2011-07-01,576.0,599.780029296875,575.0,587.4600219726562,392.0870361328125,53750
2011-07-04,599.5999755859375,599.5999755859375,564.0,568.8099975585938,379.6395568847656,12905
2011-07-05,576.0,584.989990234375,568.1099853515625,575.1799926757812,383.89105224609375,6525
2011-07-06,574.0,584.0,574.0,582.3499755859375,388.6765441894531,5945
2011-07-07,580.0,614.2000122070312,576.0,609.3800048828125,406.717041015625,36345
2011-07-08,603.8900146484375,617.989990234375,600.2000122070312,605.280029296875,403.98065185546875,10095
2011-07-11,600.0,637.7999877929688,600.0,629.6699829101562,420.2591552734375,16205
2011-07-12,630.0,650.0,600.0,603.3200073242188,402.6724548339844,18025
2011-07-13,624.0,624.0,589.0,601.1400146484375,401.2174377441406,12800
2011-07-14,602.7999877929688,611.5999755859375,576.0,581.4299926757812,388.0624694824219,8645
2011-07-15,578.0,597.7899780273438,578.0,589.780029296875,393.6354675292969,11560
2011-07-18,599.97998046875,657.0,590.239990234375,649.8400268554688,433.72119140625,56775
2011-07-19,658.0,663.5999755859375,639.0,647.4199829101562,432.10601806640625,24305
2011-07-20,645.219970703125,657.5999755859375,624.0,633.5800170898438,422.86883544921875,3925
2011-07-21,639.7999877929688,644.0,619.7999877929688,623.3400268554688,416.0344543457031,3240
2011-07-22,624.0,654.0,624.0,640.4600219726562,427.4606628417969,13725
2011-07-25,642.4000244140625,654.0,630.0,630.6400146484375,420.9066162109375,8100
2011-07-26,630.0,635.0,620.0,621.47998046875,414.7928771972656,6210
2011-07-27,620.0999755859375,624.0,610.0,611.9500122070312,408.43231201171875,7385
2011-07-28,620.0,620.4000244140625,600.0,602.3400268554688,402.0184326171875,5070
2011-07-29,605.7999877929688,612.0,589.5999755859375,600.3699951171875,400.7034912109375,11515
2011-08-01,636.7999877929688,710.0,636.7999877929688,660.8499755859375,441.0695495605469,71600
2011-08-02,610.0,668.0,610.0,659.6300048828125,440.25531005859375,13415
2011-08-03,646.0,666.9600219726562,641.4199829101562,649.530029296875,433.5142822265625,17250
2011-08-04,648.0,663.0999755859375,630.0,632.0399780273438,421.8410339355469,22325
2011-08-05,620.0,640.0,610.0,633.489990234375,422.8087158203125,12410
2011-08-08,610.4000244140625,653.0,600.6099853515625,645.5,430.82452392578125,8555
2011-08-09,634.4000244140625,650.0,614.0,644.5999755859375,430.223876953125,7930
2011-08-10,658.0,675.0,640.0,661.8300170898438,441.7237243652344,12625
2011-08-11,654.7999877929688,666.0,647.2000122070312,654.3400268554688,436.7245788574219,30920
2011-08-12,664.0,666.0,645.2000122070312,647.9299926757812,432.44635009765625,32495
2011-08-16,658.0,665.989990234375,645.0,652.989990234375,435.8236083984375,7590
2011-08-17,650.0,666.0,650.0,663.5,442.83819580078125,6330
2011-08-18,666.0,666.0,634.02001953125,645.1400146484375,430.584228515625,11935
2011-08-19,645.4099731445312,650.0,636.3800048828125,648.22998046875,432.6466064453125,6425
2011-08-22,642.2000122070312,656.0,642.2000122070312,653.7899780273438,436.35748291015625,7935
2011-08-23,647.2000122070312,657.969970703125,643.2000122070312,649.3099975585938,433.3674011230469,1865
2011-08-24,646.2000122070312,651.0,640.0,645.8599853515625,431.06488037109375,31135
2011-08-25,640.5999755859375,649.0,638.219970703125,646.239990234375,431.3184509277344,15945
2011-08-26,638.0,653.0,624.0,626.010009765625,417.81640625,3460
2011-08-29,629.989990234375,644.0,629.02001953125,631.4500122070312,421.4471740722656,3190
2011-08-30,635.0,659.97998046875,635.0,645.3900146484375,456.02789306640625,6210
2011-09-02,654.0,659.7999877929688,637.0499877929688,650.8900146484375,459.91412353515625,10105
2011-09-05,654.0,707.0,648.0,680.739990234375,481.0058288574219,26660
2011-09-06,687.7999877929688,719.5900268554688,674.2000122070312,710.5800170898438,502.0906677246094,53735
2011-09-07,717.97998046875,725.7999877929688,710.0,718.8800048828125,507.955322265625,30415
2011-09-08,718.0,721.0,705.0,711.1099853515625,528.1804809570312,11135
2011-09-09,719.97998046875,719.97998046875,686.4099731445312,693.5900268554688,515.16748046875,3555
2011-09-12,690.0,717.0,677.010009765625,693.2000122070312,514.8778686523438,3100
2011-09-13,700.0,706.7999877929688,690.0,697.4400024414062,518.027099609375,1585
2011-09-14,697.7999877929688,700.0,690.0,693.9099731445312,515.4052124023438,4170
2011-09-15,697.3900146484375,698.0,691.0,695.8800048828125,516.868408203125,3045
2011-09-16,690.0,723.5999755859375,690.0,705.9199829101562,524.3256225585938,14460
2011-09-19,664.0,714.0,660.0,697.27001953125,517.9007568359375,30165
2011-09-20,705.0999755859375,708.0,678.0499877929688,695.6599731445312,516.7050170898438,3885
2011-09-21,709.7999877929688,744.7999877929688,696.0,732.5900268554688,544.1348876953125,33820
2011-09-22,729.7999877929688,731.7999877929688,694.0,699.7100219726562,519.713134765625,9570
2011-09-23,700.0,709.0,682.0,698.9000244140625,519.1116333007812,18340
2011-09-26,718.0,718.0,670.0,688.280029296875,511.2234802246094,8370
2011-09-27,667.0,718.0,667.0,717.0900268554688,532.6222534179688,10925
2011-09-28,722.2999877929688,722.3099975585938,693.0,704.6900024414062,523.4120483398438,76160
2011-09-29,699.989990234375,699.989990234375,680.2100219726562,690.8800048828125,513.1546630859375,1690
2011-09-30,689.7999877929688,691.97998046875,675.2000122070312,675.4099731445312,501.66424560546875,2900
2011-10-03,672.7999877929688,677.97998046875,664.0,666.9500122070312,495.3805236816406,1140
2011-10-04,664.0,671.1099853515625,624.010009765625,638.3200073242188,474.1153869628906,4255
2011-10-05,640.0,649.7899780273438,600.7999877929688,605.9299926757812,450.0575866699219,7365
2011-10-07,610.2000122070312,708.0,610.0,681.6599731445312,506.306396484375,32670
2011-10-10,665.4500122070312,699.0,665.4099731445312,687.25,510.4584045410156,3945
2011-10-11,695.0,700.0,692.010009765625,699.5499877929688,519.59423828125,10515
2011-10-12,704.0,704.0,686.4000244140625,688.5599975585938,511.4314270019531,2070
2011-10-13,699.5800170898438,699.5800170898438,685.0,688.4600219726562,511.35723876953125,990
2011-10-14,707.0,716.0,691.0,704.3300170898438,523.144775390625,9505
2011-10-17,705.7999877929688,772.7999877929688,705.7999877929688,718.9400024414062,533.996337890625,31860
2011-10-18,708.0399780273438,722.010009765625,695.0999755859375,699.0999755859375,519.2600708007812,6525
2011-10-19,726.5999755859375,731.9600219726562,701.989990234375,726.75,539.7973022460938,18395
2011-10-20,708.0,730.7000122070312,708.0,718.9500122070312,534.0037231445312,10670
2011-10-21,729.5999755859375,730.0,714.1099853515625,715.989990234375,531.8052368164062,5540
2011-10-24,701.0,723.6900024414062,701.0,710.510009765625,527.7349853515625,1365
2011-10-25,717.7999877929688,718.97998046875,699.75,709.9299926757812,527.3040161132812,1700
2011-10-28,690.0,720.0,690.0,717.02001953125,532.5702514648438,3525
2011-10-31,720.0,720.0,686.0,695.3200073242188,516.452392578125,5695
2011-11-01,690.2000122070312,693.0,675.1099853515625,682.5499877929688,506.96746826171875,4430
2011-11-02,675.0,685.4000244140625,673.260009765625,682.489990234375,506.9229431152344,2850
2011-11-03,686.0,696.0,684.02001953125,689.969970703125,512.4786987304688,1270
2011-11-04,696.0,719.4000244140625,654.0,673.030029296875,499.896484375,42835
2011-11-08,675.0,683.6500244140625,660.6199951171875,664.280029296875,493.3974304199219,5990
2011-11-09,670.010009765625,682.0,659.5999755859375,663.489990234375,492.8106384277344,3390
2011-11-11,664.0,677.7999877929688,653.4099731445312,658.9600219726562,489.4458923339844,5680
2011-11-14,650.4500122070312,659.75,631.0,634.3400268554688,471.1592712402344,4720
2011-11-15,624.0,648.0,610.0,615.1199951171875,456.8835144042969,3240
2011-11-16,610.4000244140625,633.5999755859375,588.0,601.1099853515625,446.47747802734375,10685
2011-11-17,595.4000244140625,624.0,595.4000244140625,600.4000244140625,445.95013427734375,4870
2011-11-18,595.0,615.9299926757812,591.2000122070312,609.2000122070312,452.4864501953125,4565
2011-11-21,600.0,606.7999877929688,599.0,599.3900146484375,445.1999816894531,4910
2011-11-22,599.989990234375,602.7999877929688,597.010009765625,599.6400146484375,445.3857116699219,16095
2011-11-23,599.7999877929688,599.7999877929688,579.7999877929688,584.0,433.76904296875,1705
2011-11-24,562.0,585.4299926757812,530.4000244140625,580.3699951171875,431.07275390625,4355
2011-11-25,562.2100219726562,600.0,562.2000122070312,585.280029296875,434.7197265625,7425
2011-11-28,590.0,595.0,582.260009765625,586.1799926757812,435.38812255859375,4090
2011-11-29,585.0,590.0,579.75,580.22998046875,430.96875,1075
2011-11-30,566.010009765625,576.719970703125,564.0,570.0,423.3703918457031,1895
2011-12-01,570.0,592.7999877929688,565.010009765625,582.0800170898438,432.34295654296875,1390
2011-12-02,584.0,589.0,575.010009765625,585.280029296875,434.7197265625,1615
2011-12-05,589.780029296875,592.010009765625,585.010009765625,589.6300048828125,437.9506530761719,4885
2011-12-07,586.2000122070312,592.989990234375,571.4099731445312,579.7999877929688,430.64935302734375,1330
2011-12-08,580.0,584.0,557.0,561.280029296875,416.8935852050781,6370
2011-12-09,560.0,579.0,560.0,573.739990234375,426.1483459472656,585
2011-12-12,568.0,568.0,545.0,551.9500122070312,409.96368408203125,4195
2011-12-13,541.0,568.0,541.0,565.6799926757812,420.16168212890625,2460
2011-12-14,556.2000122070312,565.5999755859375,555.989990234375,558.0,414.4573059082031,15560
2011-12-15,550.1099853515625,550.1099853515625,528.0,541.6599731445312,402.32073974609375,2145
2011-12-16,544.8900146484375,553.989990234375,533.0499877929688,533.9299926757812,396.5792236328125,1255
2011-12-19,533.0999755859375,539.7999877929688,501.260009765625,520.969970703125,386.9530944824219,1495
2011-12-20,521.0,540.0,462.20001220703125,479.70001220703125,356.29962158203125,9175
2011-12-21,482.69000244140625,502.69000244140625,479.20001220703125,484.0299987792969,359.5157470703125,6050
2011-12-22,482.20001220703125,490.0,478.0,480.7699890136719,357.0943603515625,2145
2011-12-23,476.20001220703125,489.6000061035156,470.2200012207031,485.9100036621094,360.9121398925781,620
2011-12-26,489.9800109863281,496.79998779296875,480.6000061035156,490.1400146484375,364.05401611328125,1110
2011-12-27,497.79998779296875,531.7999877929688,490.20001220703125,520.8900146484375,386.8936767578125,3375
2011-12-28,525.2000122070312,525.2000122070312,515.0,516.1599731445312,383.38043212890625,650
2011-12-29,509.989990234375,520.0,505.989990234375,508.4700012207031,377.668701171875,945
2011-12-30,500.20001220703125,518.0,490.20001220703125,503.6099853515625,374.05889892578125,1755
2012-01-02,495.0,499.20001220703125,495.0,496.0400085449219,368.436279296875,235
2012-01-03,494.0199890136719,510.989990234375,494.0199890136719,498.8699951171875,370.53826904296875,635
2012-01-04,507.79998779296875,507.79998779296875,490.0,494.25,367.10662841796875,420
2012-01-05,491.4100036621094,508.010009765625,491.4100036621094,500.1300048828125,371.47412109375,1235
2012-01-06,501.0,502.0,490.3999938964844,495.760009765625,368.2283020019531,330
2012-01-09,508.0,513.0,503.010009765625,508.0,377.3195495605469,1595
2012-01-10,504.0,519.7999877929688,504.0,519.2899780273438,385.705322265625,3685
2012-01-11,510.6000061035156,519.2000122070312,510.6000061035156,519.1599731445312,385.60870361328125,790
2012-01-12,518.0,520.0,508.0,513.0700073242188,381.0853576660156,3135
2012-01-13,504.0199890136719,529.7999877929688,504.0199890136719,526.4500122070312,391.0234069824219,21875
2012-01-16,526.0,543.2000122070312,517.5999755859375,536.5900268554688,398.5549621582031,2740
2012-01-17,537.4000244140625,574.0,536.1300048828125,560.52001953125,416.32904052734375,5315
2012-01-18,555.2000122070312,579.7999877929688,555.2000122070312,578.1900024414062,429.45355224609375,7610
2012-01-19,583.8900146484375,594.5800170898438,570.4099731445312,591.7000122070312,439.4881286621094,3405
2012-01-20,572.0,600.0,572.0,595.239990234375,442.11749267578125,2850
2012-01-23,599.7999877929688,602.989990234375,586.0999755859375,593.8800048828125,441.107421875,24375
2012-01-24,593.8800048828125,593.8800048828125,574.4000244140625,577.9199829101562,429.2530212402344,655
2012-01-25,592.0,602.0,572.2000122070312,579.969970703125,430.7756042480469,1165
2012-01-27,580.2000122070312,596.0,572.5999755859375,576.030029296875,427.84918212890625,2590
2012-01-30,576.0,584.989990234375,575.0,577.1799926757812,428.703369140625,780
2012-01-31,562.219970703125,582.989990234375,551.2000122070312,578.0,429.3123779296875,800
2012-02-01,576.02001953125,659.989990234375,576.02001953125,632.6300048828125,469.88916015625,15245
2012-02-02,635.0,640.0,610.4000244140625,616.6099853515625,457.99017333984375,10000
2012-02-03,616.6099853515625,618.0,592.030029296875,599.989990234375,445.64556884765625,1755
2012-02-06,610.0,610.0,582.4000244140625,589.219970703125,437.6460876464844,3040
2012-02-07,576.4000244140625,599.3900146484375,545.0,575.7999877929688,427.6783752441406,2385
2012-02-08,559.5999755859375,593.7999877929688,559.5999755859375,577.6799926757812,429.07470703125,875
2012-02-09,576.0,585.989990234375,576.0,581.510009765625,431.9195556640625,720
2012-02-10,580.4000244140625,595.0,580.02001953125,584.1300048828125,433.865478515625,140
2012-02-13,593.4000244140625,596.0,582.0,583.8599853515625,433.66497802734375,690
2012-02-14,585.7999877929688,588.7899780273438,575.0,577.3800048828125,428.8519287109375,755
2012-02-15,592.0,599.0,560.0,571.8099975585938,424.7148132324219,2270
2012-02-16,600.0,600.0,570.0,579.8800048828125,430.7088317871094,5105
2012-02-17,604.0,604.0,568.0,575.3800048828125,427.3664245605469,2815
2012-02-21,570.0,579.5999755859375,570.0,572.0,424.85589599609375,2970
2012-02-22,592.7999877929688,592.7999877929688,564.0,576.75,428.38397216796875,19710
2012-02-23,579.77001953125,582.0,542.4099731445312,564.0999755859375,418.9881591796875,33625
2012-02-24,570.0,575.989990234375,560.7000122070312,564.6300048828125,419.38189697265625,1030
2012-02-27,562.2000122070312,574.7999877929688,560.0,560.780029296875,416.5221862792969,2305
2012-02-28,573.0,573.3900146484375,561.02001953125,562.4600219726562,417.7699890136719,560
2012-02-29,569.4000244140625,570.0,550.4099731445312,556.3900146484375,413.2615661621094,6570
2012-03-01,559.5999755859375,559.5999755859375,533.1599731445312,540.75,401.6448059082031,5025
2012-03-02,542.6199951171875,555.4000244140625,536.0,548.4199829101562,407.3416748046875,5495
2012-03-05,550.010009765625,575.77001953125,550.0,555.6699829101562,412.72674560546875,3845
2012-03-06,637.989990234375,637.989990234375,540.0,543.2000122070312,403.4645690917969,13090
2012-03-07,630.0,630.0,542.0,548.22998046875,407.2006530761719,2775
2012-03-09,579.0,579.0,556.010009765625,560.0399780273438,415.9725341796875,1980
2012-03-12,576.0,576.0,560.0,562.1500244140625,417.5398254394531,1825
2012-03-13,567.0,583.77001953125,562.47998046875,579.969970703125,430.7756042480469,22520
2012-03-14,586.0,595.5999755859375,582.010009765625,592.030029296875,439.7332763671875,11510
2012-03-15,592.2000122070312,603.5999755859375,582.5999755859375,600.3200073242188,445.8907470703125,51025
2012-03-16,591.0,645.0,570.2000122070312,618.4000244140625,459.3197021484375,25185
2012-03-19,701.0,701.0,610.6699829101562,640.5700073242188,475.7865905761719,13420
2012-03-20,657.7899780273438,657.7899780273438,626.3099975585938,635.5,472.0209045410156,6195
2012-03-21,638.0,649.52001953125,620.0,625.1099853515625,464.3036193847656,4580
2012-03-22,625.010009765625,630.9600219726562,612.0,619.1500244140625,459.8768615722656,5835
2012-03-23,622.6099853515625,629.7999877929688,620.0,621.1099853515625,461.33258056640625,2995
2012-03-26,620.0,629.3900146484375,611.010009765625,619.6900024414062,460.27789306640625,5405
2012-03-27,621.2100219726562,635.989990234375,615.0,619.47998046875,460.12188720703125,52980
2012-03-28,620.010009765625,630.0,620.0,622.6400146484375,462.468994140625,905
2012-03-29,620.2000122070312,654.5900268554688,620.2000122070312,645.6500244140625,479.559814453125,15240
2012-03-30,630.0,657.5999755859375,620.010009765625,639.9400024414062,475.3186950683594,87945
2012-04-02,655.780029296875,655.780029296875,627.2000122070312,633.5399780273438,470.5649719238281,1630
2012-04-03,634.0,660.0,634.0,655.239990234375,486.682861328125,7450
2012-04-04,638.010009765625,664.0,638.0,661.7899780273438,491.54791259765625,2275
2012-04-09,650.010009765625,664.989990234375,650.010009765625,660.1799926757812,490.3520202636719,935
2012-04-10,666.0,678.0,660.219970703125,670.5700073242188,498.0692138671875,7390
2012-04-11,670.0,717.739990234375,661.0399780273438,709.1900024414062,526.7545166015625,15620
2012-04-12,700.4099731445312,756.0,700.4099731445312,749.3499755859375,556.5835571289062,26405
2012-04-13,730.0999755859375,757.0,730.0,742.3499755859375,551.3842163085938,78800
2012-04-16,756.0,756.0,730.0,747.8200073242188,555.4470825195312,2095
2012-04-17,754.97998046875,760.0,730.4099731445312,757.010009765625,562.2730102539062,6450
2012-04-18,745.2100219726562,788.0,745.2100219726562,771.989990234375,573.3994750976562,205720
2012-04-19,770.0,780.0,755.0,768.6400146484375,570.9113159179688,4910
2012-04-20,754.4099731445312,764.0,740.0,748.239990234375,555.7590942382812,3035
2012-04-23,800.0,800.0,682.4099731445312,709.4099731445312,526.9179077148438,6355
2012-04-24,700.0,729.0,687.989990234375,706.489990234375,524.7490234375,3400
2012-04-25,705.0,713.2000122070312,698.02001953125,699.5700073242188,519.6092529296875,1665
2012-04-26,695.030029296875,701.8499755859375,690.0,692.3400268554688,514.2390747070312,1135
2012-04-27,720.0,780.0,692.239990234375,758.52001953125,563.3945922851562,37695
2012-04-30,753.0,754.97998046875,730.4500122070312,739.1099853515625,548.9776611328125,1815
2012-05-02,738.0700073242188,740.0,724.5999755859375,728.8400268554688,541.349609375,2180
2012-05-03,724.010009765625,731.97998046875,712.4000244140625,714.3099975585938,530.557373046875,1890
2012-05-04,710.02001953125,720.0,697.4000244140625,703.9500122070312,522.8624877929688,7845
2012-05-07,698.0,720.0,692.010009765625,718.1799926757812,533.431884765625,3650
2012-05-08,710.0,719.97998046875,682.0,686.4099731445312,509.83447265625,3240
2012-05-09,674.0999755859375,690.0,663.0,673.760009765625,500.438720703125,4240
2012-05-10,677.010009765625,712.0,672.2000122070312,709.6300048828125,527.081298828125,14565
2012-05-11,739.989990234375,739.989990234375,700.0,704.9400024414062,523.5978393554688,1450
2012-05-14,713.2000122070312,718.7999877929688,703.0499877929688,704.7999877929688,523.4938354492188,1065
2012-05-15,705.0999755859375,710.0,696.0,702.0399780273438,521.4437866210938,315
2012-05-16,694.0,700.0,680.4000244140625,688.3599853515625,511.282958984375,690
2012-05-17,714.0,714.0,690.0,691.3499755859375,513.5037231445312,1210
2012-05-18,692.0499877929688,696.0,680.0,686.530029296875,509.9236145019531,765
2012-05-21,684.2100219726562,694.0,673.4000244140625,686.3900146484375,509.8196716308594,1320
2012-05-22,690.0,690.0,680.2000122070312,682.1900024414062,506.7000427246094,280
2012-05-23,680.239990234375,683.989990234375,644.0,660.010009765625,490.2257995605469,14710
2012-05-24,679.760009765625,679.760009765625,664.4099731445312,667.27001953125,495.6181640625,445
2012-05-25,740.0,740.0,656.0399780273438,659.739990234375,490.02520751953125,2615
2012-05-28,659.5999755859375,673.0,645.0,663.010009765625,492.45404052734375,1355
2012-05-29,663.0,723.97998046875,638.2000122070312,645.4099731445312,479.3815612792969,58280
2012-05-30,659.7999877929688,659.989990234375,622.22998046875,643.4299926757812,477.9108581542969,4625
2012-05-31,640.010009765625,640.02001953125,623.219970703125,632.2000122070312,469.56976318359375,3290
2012-06-01,630.4099731445312,639.989990234375,630.4000244140625,635.719970703125,472.1842346191406,1210
2012-06-04,646.7999877929688,646.7999877929688,628.25,636.530029296875,472.78594970703125,2460
2012-06-05,635.030029296875,649.3900146484375,614.2100219726562,628.6300048828125,466.9181823730469,3030
2012-06-06,629.010009765625,629.8900146484375,615.0,617.5399780273438,458.68096923828125,3015
2012-06-07,620.0,628.0,615.5999755859375,618.4000244140625,459.3197021484375,5320
2012-06-08,617.0,629.989990234375,612.2000122070312,617.8200073242188,458.88897705078125,2620
2012-06-11,626.5900268554688,626.5900268554688,602.280029296875,611.6699829101562,454.32098388671875,1785
2012-06-12,615.5999755859375,620.6400146484375,600.010009765625,618.0800170898438,459.0820617675781,2540
2012-06-13,613.6099853515625,632.2000122070312,613.5999755859375,619.5599975585938,460.18121337890625,6590
2012-06-14,631.969970703125,691.7899780273438,620.2100219726562,663.1400146484375,492.5506591796875,46675
2012-06-15,674.7899780273438,674.7999877929688,656.4099731445312,667.27001953125,495.6181640625,13375
2012-06-18,675.5900268554688,675.5900268554688,656.0,657.469970703125,488.3391418457031,1295
2012-06-19,669.0,669.0,656.0,660.5900268554688,490.6566162109375,2475
2012-06-20,661.7999877929688,669.1400146484375,660.0,665.3699951171875,494.20697021484375,2255
2012-06-21,660.0800170898438,685.0,660.0,671.5900268554688,498.826904296875,5640
2012-06-22,670.0,700.0,669.0,687.8499755859375,510.9040222167969,9335
2012-06-25,684.0,702.0,680.0399780273438,697.8499755859375,518.3316650390625,4940
2012-06-26,697.8499755859375,704.0,694.4099731445312,701.1199951171875,520.7604370117188,2310
2012-06-27,707.0,707.0,690.2000122070312,703.1599731445312,522.2755737304688,2375
2012-06-28,700.4400024414062,702.2000122070312,697.4099731445312,699.47998046875,519.542236328125,1690
2012-06-29,702.010009765625,720.0,695.4000244140625,705.8200073242188,524.2514038085938,4400
2012-07-02,701.2100219726562,706.5800170898438,695.7999877929688,699.25,519.3715209960938,1650
2012-07-03,705.0,705.0,695.010009765625,698.030029296875,518.46533203125,870
2012-07-04,695.0,710.0,694.2100219726562,702.6599731445312,521.904296875,2020
2012-07-05,700.010009765625,703.1900024414062,693.8099975585938,700.25,520.1143188476562,7435
2012-07-06,702.0,707.2000122070312,682.010009765625,703.5800170898438,522.587646484375,1855
2012-07-09,703.4000244140625,703.4000244140625,695.0,698.6699829101562,518.9407348632812,425
2012-07-10,700.0,716.0,700.0,712.4600219726562,529.1832885742188,5225
2012-07-11,713.0,715.0,700.6099853515625,703.780029296875,522.7361450195312,300
2012-07-12,697.5999755859375,703.7999877929688,686.0,689.2899780273438,511.9736022949219,16300
2012-07-13,698.0,698.0,685.0,692.72998046875,514.5286254882812,1190
2012-07-16,690.2000122070312,690.2000122070312,682.2000122070312,684.1599731445312,508.1632080078125,375
2012-07-17,680.0499877929688,685.2000122070312,675.0,677.7000122070312,503.3651123046875,725
2012-07-18,676.0,676.0,660.0,663.3900146484375,492.7362976074219,2020
2012-07-19,666.02001953125,666.2000122070312,650.7000122070312,653.8299560546875,485.6355285644531,2315
2012-07-20,648.02001953125,659.0,648.02001953125,650.6099853515625,483.2437744140625,1175
2012-07-23,646.0,659.25,628.7999877929688,632.8099975585938,470.0228271484375,3240
2012-07-24,637.5999755859375,649.6799926757812,630.2100219726562,646.3900146484375,480.1094970703125,1970
2012-07-25,668.0,668.0,650.0,661.3299560546875,491.2062072753906,1905
2012-07-26,669.989990234375,669.989990234375,635.6099853515625,642.9400024414062,477.5469055175781,2365
2012-07-27,663.989990234375,663.989990234375,645.0,652.5799560546875,484.7071228027344,510
2012-07-30,644.02001953125,656.0,628.2999877929688,645.5700073242188,479.5003662109375,1915
2012-07-31,646.0,653.4000244140625,636.0,644.72998046875,478.87652587890625,995
2012-08-01,642.2000122070312,642.2000122070312,625.0,631.3400268554688,468.93109130859375,3850
2012-08-02,631.0,634.1699829101562,618.27001953125,630.3599853515625,468.2030944824219,1760
2012-08-03,622.5900268554688,638.0,622.5900268554688,627.1500244140625,465.8188781738281,2030
2012-08-06,635.7000122070312,643.97998046875,634.030029296875,636.239990234375,472.5704650878906,2700
2012-08-07,644.75,644.75,631.1500244140625,639.9500122070312,475.326171875,1335
2012-08-08,646.0,646.0,634.2100219726562,636.010009765625,472.39971923828125,240
2012-08-09,645.7999877929688,645.7999877929688,636.2000122070312,637.9000244140625,473.8034973144531,1675
2012-08-10,635.010009765625,638.7999877929688,632.010009765625,633.4600219726562,470.5057067871094,1085
2012-08-13,646.4000244140625,646.4000244140625,633.2100219726562,639.7799682617188,475.1998291015625,1655
2012-08-14,641.8800048828125,650.4000244140625,640.239990234375,642.77001953125,477.420654296875,1540
2012-08-16,642.6099853515625,642.6099853515625,628.0399780273438,631.9700317382812,469.3988952636719,5250
2012-08-17,620.010009765625,655.7999877929688,620.0,650.2100219726562,482.9468078613281,5530
2012-08-21,645.0,667.7999877929688,630.0,650.3400268554688,483.0433654785156,4180
2012-08-22,650.0,665.2000122070312,648.6099853515625,654.4700317382812,486.1108093261719,2905
2012-08-23,659.7999877929688,675.0,657.7999877929688,669.75,497.4602966308594,5040
2012-08-24,663.989990234375,679.5999755859375,663.989990234375,676.0,502.1024169921875,1905
2012-08-27,678.0,688.989990234375,678.0,685.3099975585938,509.01751708984375,3120
2012-08-28,699.97998046875,699.97998046875,683.010009765625,685.7200317382812,509.3221130371094,3055
2012-08-29,691.0,691.0,662.1599731445312,667.52001953125,495.8038330078125,1255
2012-08-30,660.010009765625,677.989990234375,650.22998046875,652.3900146484375,515.4536743164062,1675
2012-08-31,642.0,679.5900268554688,631.260009765625,640.0599975585938,505.7117614746094,1915
2012-09-03,646.0,655.9500122070312,632.2000122070312,636.989990234375,503.2861022949219,955
2012-09-04,640.0,640.0,626.2000122070312,628.3599853515625,496.46759033203125,1535
2012-09-05,624.2100219726562,633.7899780273438,622.6099853515625,629.3400268554688,497.24188232421875,1840
2012-09-06,632.0,639.989990234375,632.0,633.9200439453125,500.8605041503906,360
2012-09-07,630.0,638.5999755859375,630.0,632.8699951171875,500.0308532714844,745
2012-09-10,632.0,635.7999877929688,632.0,633.239990234375,500.3232727050781,110
2012-09-11,633.0,658.0,628.0,634.2200317382812,501.0976257324219,2400
2012-09-12,640.0,648.0,631.989990234375,634.3400268554688,501.1923828125,2455
2012-09-13,637.0,659.7000122070312,637.0,646.5399780273438,510.8314514160156,3090
2012-09-14,668.0,668.0,640.0,640.0700073242188,505.7196350097656,2830
2012-09-17,636.2000122070312,638.0,628.010009765625,630.4600219726562,498.1267395019531,2690
2012-09-18,631.0,632.0,626.2000122070312,627.739990234375,495.97760009765625,1480
2012-09-20,628.2100219726562,639.5800170898438,628.2000122070312,629.8900146484375,497.6764221191406,2365
2012-09-21,638.4000244140625,639.9000244140625,631.4199829101562,638.4700317382812,504.4555358886719,2570
2012-09-24,635.010009765625,647.0,635.0,635.0,501.71380615234375,12460
2012-09-25,637.010009765625,646.0,637.0,640.3900146484375,505.9725036621094,980
2012-09-26,640.0,710.0,640.0,699.0,552.2802124023438,141270
2012-09-27,705.0,717.5999755859375,657.0599975585938,698.0799560546875,551.5533447265625,10485
2012-09-28,698.0,704.0,692.3699951171875,698.0499877929688,551.5296630859375,8610
2012-10-01,697.010009765625,703.7999877929688,697.0,698.0,551.4901733398438,1595
2012-10-03,698.0,700.7999877929688,680.0999755859375,698.3499755859375,551.7666625976562,14515
2012-10-04,699.0,699.0,680.4500122070312,689.0499877929688,544.4187622070312,2220
2012-10-05,702.0,702.0,674.0,677.1199951171875,534.9928588867188,1260
2012-10-08,660.0,680.0,660.0,675.6799926757812,533.85498046875,1325
2012-10-09,675.989990234375,679.0,652.010009765625,668.8400268554688,528.4508056640625,1300
2012-10-10,679.0,680.0,665.1799926757812,674.0499877929688,532.5673217773438,755
2012-10-11,678.3599853515625,682.0,670.010009765625,678.1400146484375,535.7987060546875,715
2012-10-12,682.0,694.0,672.239990234375,690.0,545.1692504882812,1455
2012-10-15,684.8900146484375,695.5999755859375,680.0,680.2000122070312,537.4264526367188,370
2012-10-16,680.0,686.0,680.0,684.0299682617188,540.4524536132812,930
2012-10-17,676.0,686.0,675.0,684.3599853515625,540.7131958007812,310
2012-10-18,693.0,693.0,680.010009765625,681.9600219726562,538.8169555664062,1410
2012-10-19,672.4000244140625,686.0,672.4000244140625,683.47998046875,540.017822265625,670
2012-10-22,694.0,758.5900268554688,682.0,698.3800048828125,551.7903442382812,3645
2012-10-23,692.0,701.0,682.0,684.8699951171875,541.1161499023438,1775
2012-10-25,695.7999877929688,699.9000244140625,671.1199951171875,680.0700073242188,537.3236083984375,1115
2012-10-29,681.2000122070312,684.0,670.510009765625,672.8299560546875,531.603271484375,640
2012-10-30,674.0,680.989990234375,662.5999755859375,668.2200317382812,527.9609375,1895
2012-10-31,667.7999877929688,675.989990234375,660.0,663.9099731445312,524.5556030273438,1505
2012-11-01,656.7999877929688,676.0,656.7999877929688,664.010009765625,524.6347045898438,455
2012-11-02,662.0,674.0,660.4000244140625,672.4000244140625,531.2635498046875,1020
2012-11-05,677.4199829101562,677.4199829101562,663.0,664.52001953125,525.0376586914062,265
2012-11-06,669.989990234375,675.9000244140625,635.2000122070312,644.6900024414062,509.3699035644531,6940
2012-11-07,660.0,665.0,639.0,647.4200439453125,511.5268859863281,14665
2012-11-08,662.010009765625,668.0,648.0,648.75,512.5776977539062,915
2012-11-09,645.2000122070312,667.780029296875,631.030029296875,654.1900024414062,516.8757934570312,5820
2012-11-12,646.010009765625,652.0,632.0,643.25,508.232177734375,975
2012-11-15,632.0,657.780029296875,632.0,641.1700439453125,506.58880615234375,840
2012-11-16,641.4600219726562,649.989990234375,637.0,637.0,503.2940979003906,710
2012-11-19,640.0,640.0,630.0,631.8099975585938,499.1934814453125,1830
2012-11-20,634.030029296875,635.0,621.0999755859375,623.5499877929688,492.6671447753906,1495
2012-11-21,619.2000122070312,639.989990234375,618.010009765625,625.760009765625,494.413330078125,240
2012-11-22,632.0,645.0,632.0,641.3099975585938,506.6994323730469,29850
2012-11-23,640.0,649.0,633.02001953125,646.9500122070312,511.155517578125,1050
2012-11-26,643.2000122070312,647.7999877929688,630.4600219726562,640.1199951171875,505.7591552734375,20755
2012-11-27,661.0,661.0,637.7999877929688,639.0900268554688,504.9453430175781,635
2012-11-29,638.7100219726562,638.7100219726562,631.760009765625,631.760009765625,499.15386962890625,2835
2012-11-30,624.010009765625,640.0,624.010009765625,638.6099853515625,504.56610107421875,510
2012-12-03,626.219970703125,644.7999877929688,626.219970703125,637.8499755859375,503.9656677246094,2660
2012-12-04,663.2000122070312,663.2000122070312,631.0,636.1699829101562,502.63824462890625,635
2012-12-05,627.5399780273438,639.4000244140625,626.2000122070312,630.0900268554688,497.8343811035156,1420
2012-12-06,649.5999755859375,649.5999755859375,626.2000122070312,632.8300170898438,499.999267578125,770
2012-12-07,626.7999877929688,705.010009765625,626.7999877929688,699.4500122070312,552.6359252929688,223635
2012-12-10,719.5999755859375,733.2100219726562,680.0,681.5799560546875,538.5165405273438,2440
2012-12-11,720.6599731445312,720.6599731445312,680.0,690.22998046875,545.3510131835938,2700
2012-12-12,699.989990234375,699.989990234375,680.0,682.280029296875,539.06982421875,920
2012-12-13,682.2000122070312,683.0,679.5999755859375,679.7999877929688,537.1102905273438,1140
2012-12-14,689.7899780273438,700.0,660.2000122070312,682.3900146484375,539.15673828125,980
2012-12-17,680.0,686.0,680.0,685.1500244140625,541.3373413085938,635
2012-12-18,680.0,686.0,679.7000122070312,680.469970703125,537.6396484375,2045
2012-12-19,680.010009765625,684.0,679.989990234375,680.5,537.6634521484375,3780
2012-12-20,680.2000122070312,684.97998046875,677.989990234375,678.6699829101562,536.217529296875,2870
2012-12-21,680.0,695.4000244140625,678.010009765625,688.969970703125,544.3555908203125,87330
2012-12-24,689.0,689.5999755859375,682.010009765625,686.010009765625,542.0169067382812,1665
2012-12-26,676.2100219726562,687.5900268554688,672.0,677.719970703125,535.4669799804688,175
2012-12-27,680.0,700.0,673.0,688.0399780273438,543.6207885742188,43450
2012-12-28,690.0,699.5999755859375,690.0,695.6400146484375,549.6256103515625,7800
2012-12-31,695.5999755859375,699.5999755859375,684.02001953125,698.1300048828125,551.5928344726562,635
2013-01-01,698.1199951171875,698.1199951171875,685.0,689.4000244140625,544.6952514648438,330
2013-01-02,687.0,687.0,680.0,682.47998046875,539.227783203125,595
2013-01-03,692.989990234375,692.989990234375,678.5999755859375,679.1500244140625,536.5968627929688,3140
2013-01-04,680.0,686.2000122070312,679.0,679.7899780273438,537.1023559570312,925
2013-01-07,692.1900024414062,692.1900024414062,679.4000244140625,685.27001953125,541.43212890625,935
2013-01-08,680.0,687.9600219726562,678.0,680.3900146484375,537.5765380859375,1765
2013-01-09,688.2000122070312,689.77001953125,660.4500122070312,679.97998046875,537.2525634765625,3355
2013-01-10,690.0,690.0,679.5999755859375,687.9400024414062,543.5418090820312,4580
2013-01-11,679.8200073242188,682.0,679.7000122070312,682.0,538.8484497070312,185
2013-01-14,680.0,682.0,679.7999877929688,680.0,537.2683715820312,285
2013-01-15,680.0,681.7999877929688,672.0,680.0,537.2683715820312,5465
2013-01-16,679.7899780273438,679.7999877929688,664.6199951171875,668.989990234375,528.5692749023438,650
2013-01-17,668.7999877929688,679.989990234375,660.0,665.030029296875,525.4405517578125,1250
2013-01-18,673.7999877929688,684.7999877929688,660.0,679.780029296875,537.0945434570312,7455
2013-01-21,684.7999877929688,684.989990234375,656.2000122070312,670.010009765625,529.375244140625,4475
2013-01-22,664.02001953125,672.5900268554688,661.010009765625,669.1099853515625,528.6641235351562,1505
2013-01-23,664.010009765625,669.989990234375,651.0999755859375,662.3499755859375,523.322998046875,490
2013-01-24,665.489990234375,681.989990234375,654.0,669.3499755859375,528.8536987304688,7325
2013-01-25,659.0599975585938,671.989990234375,657.2000122070312,661.4600219726562,522.6199340820312,1210
2013-01-28,661.2000122070312,680.0,660.0,671.9400024414062,530.900146484375,2770
2013-01-29,660.3200073242188,679.0,656.02001953125,674.8699951171875,533.2151489257812,1625
2013-01-30,659.0,680.0,659.0,675.0800170898438,533.381103515625,3515
2013-01-31,661.219970703125,675.0,661.219970703125,674.0800170898438,532.5910034179688,865
2013-02-01,679.7999877929688,690.969970703125,656.1199951171875,665.9600219726562,526.1753540039062,28540
2013-02-04,666.0,670.0,654.22998046875,657.2899780273438,519.3250732421875,1890
2013-02-05,656.4199829101562,656.4199829101562,652.0,652.7999877929688,515.7776489257812,435
2013-02-06,655.989990234375,655.989990234375,632.4000244140625,640.4000244140625,505.9803771972656,1545
2013-02-07,644.7999877929688,653.27001953125,639.8400268554688,648.5900268554688,512.4512939453125,2755
2013-02-08,640.4099731445312,650.989990234375,637.2000122070312,649.9199829101562,513.5021362304688,6630
2013-02-11,646.510009765625,650.7999877929688,640.010009765625,647.7999877929688,511.8270568847656,10060
2013-02-12,644.010009765625,646.2000122070312,640.0,640.510009765625,506.0672607421875,560
2013-02-13,645.8599853515625,646.0,637.989990234375,640.9600219726562,506.4227600097656,710
2013-02-14,640.7999877929688,640.7999877929688,630.0,633.0,500.1335754394531,500
2013-02-15,622.010009765625,639.5900268554688,620.2000122070312,622.489990234375,491.82965087890625,710
2013-02-18,649.5900268554688,649.5900268554688,616.0,629.9000244140625,497.68438720703125,1180
2013-02-19,622.3300170898438,639.9500122070312,617.2999877929688,621.9400024414062,491.3951110839844,1530
2013-02-20,629.989990234375,637.780029296875,613.7999877929688,615.9000244140625,486.6229553222656,1710
2013-02-21,621.989990234375,629.3800048828125,604.0,606.219970703125,478.9747314453125,2325
2013-02-22,612.0,612.0,598.0,602.9099731445312,476.3594970703125,3335
2013-02-25,600.0,610.0,595.6099853515625,609.5900268554688,481.63739013671875,1295
2013-02-26,598.6300048828125,609.2000122070312,597.3900146484375,601.2999877929688,475.0873718261719,975
2013-02-27,601.0,617.7999877929688,598.0,605.97998046875,478.78509521484375,1175
2013-02-28,599.0,616.0,599.0,603.1599731445312,476.5570373535156,97190
2013-03-01,603.0,610.0,597.9000244140625,606.77001953125,479.4093322753906,1030
2013-03-04,616.0,616.0,580.0,589.8400268554688,466.0328674316406,2440
2013-03-05,584.0,606.0,584.0,598.8900146484375,473.18328857421875,1660
2013-03-06,604.7999877929688,609.1900024414062,590.02001953125,602.02001953125,475.6563720703125,1930
2013-03-07,589.5999755859375,605.0,589.5999755859375,599.25,473.46771240234375,3210
2013-03-08,601.989990234375,606.0,577.0,597.7000122070312,472.24310302734375,2455
2013-03-11,591.7999877929688,605.7899780273438,591.7999877929688,597.02001953125,471.70574951171875,1090
2013-03-12,600.0,606.0,580.0,599.719970703125,473.8390808105469,260190
2013-03-13,600.010009765625,604.989990234375,584.6199951171875,595.7000122070312,470.6628723144531,7730
2013-03-14,599.2000122070312,600.0,592.7000122070312,597.260009765625,471.8955078125,1000
2013-03-15,608.5599975585938,609.7899780273438,600.02001953125,604.9199829101562,477.94757080078125,565
2013-03-18,604.9199829101562,604.9199829101562,590.010009765625,596.02001953125,470.9157409667969,1250
2013-03-19,594.2000122070312,599.719970703125,590.0,594.75,469.9122619628906,1435
2013-03-20,594.9600219726562,594.9600219726562,573.0,582.1900024414062,459.98858642578125,1585
2013-03-21,580.1300048828125,580.1300048828125,555.0,564.7999877929688,446.2487487792969,2530
2013-03-22,558.0,578.7999877929688,540.2100219726562,556.7000122070312,439.8489685058594,2310
2013-03-25,551.1099853515625,569.739990234375,550.0,554.8400268554688,438.37939453125,1215
2013-03-26,554.8099975585938,559.97998046875,548.239990234375,554.3200073242188,437.9685974121094,880
2013-03-28,560.0,560.0,542.5499877929688,545.510009765625,431.0077819824219,1475
2013-04-01,545.510009765625,559.989990234375,501.3699951171875,542.239990234375,428.4241027832031,7655
2013-04-02,530.0,554.989990234375,525.3099975585938,533.8499755859375,421.795166015625,2960
2013-04-03,539.7899780273438,545.0,520.0399780273438,524.7999877929688,414.64471435546875,6040
2013-04-04,537.3099975585938,537.3099975585938,515.2100219726562,525.260009765625,415.0082092285156,2910
2013-04-05,530.2000122070312,530.2000122070312,517.02001953125,519.8699951171875,410.7495422363281,1220
2013-04-08,528.989990234375,560.7999877929688,518.2000122070312,543.5999755859375,429.49859619140625,25735
2013-04-09,545.989990234375,546.0,522.0499877929688,527.25,416.5805358886719,1315
2013-04-10,521.010009765625,539.7899780273438,521.010009765625,528.3300170898438,417.4338073730469,5050
2013-04-11,530.0,530.0,520.2999877929688,524.1799926757812,414.1549072265625,1550
2013-04-12,528.0,528.0,504.79998779296875,511.1600036621094,403.8677673339844,9455
2013-04-15,511.6199951171875,517.5999755859375,498.1300048828125,500.82000732421875,395.6980895996094,9740
2013-04-16,500.82000732421875,519.0,495.0,500.0299987792969,395.0739440917969,3770
2013-04-17,495.239990234375,502.0,495.0400085449219,499.5899963378906,394.7262878417969,6200
2013-04-18,499.5899963378906,501.989990234375,450.0,496.7900085449219,392.5140380859375,382860
2013-04-22,499.989990234375,499.989990234375,485.010009765625,489.0899963378906,386.4302673339844,1255
2013-04-23,488.510009765625,500.0,488.0,489.8999938964844,387.0702209472656,1695
2013-04-25,499.7900085449219,499.79998779296875,475.20001220703125,481.2900085449219,380.2674865722656,3465
2013-04-26,481.3999938964844,489.57000732421875,475.19000244140625,478.2900085449219,377.89715576171875,1110
2013-04-29,490.0,490.0,476.0,480.3599853515625,379.53265380859375,760
2013-04-30,480.3599853515625,520.0,466.04998779296875,484.79998779296875,383.04071044921875,6815
2013-05-02,485.0,489.6000061035156,478.3999938964844,482.25,381.02593994140625,2010
2013-05-03,478.0,488.7799987792969,478.0,479.7699890136719,379.0664978027344,2995
2013-05-06,465.1000061035156,499.3999938964844,465.1000061035156,478.70001220703125,378.2210998535156,2440
2013-05-07,470.0,498.0,470.0,484.7699890136719,383.0169982910156,55380
2013-05-08,488.010009765625,581.719970703125,488.0,581.719970703125,459.6172790527344,45215
2013-05-09,600.5999755859375,649.5999755859375,600.5999755859375,618.5999755859375,488.7561340332031,168155
2013-05-10,622.5999755859375,664.010009765625,613.1500244140625,659.3800048828125,520.9764404296875,72425
2013-05-13,663.2000122070312,670.0,645.1799926757812,658.8499755859375,520.5576782226562,21850
2013-05-14,659.2000122070312,694.0,642.0,678.6300048828125,536.1858520507812,33185
2013-05-15,683.3900146484375,712.0,674.010009765625,687.6799926757812,543.3363647460938,55180
2013-05-16,689.0,694.1900024414062,681.3099975585938,684.0800170898438,540.491943359375,4520
2013-05-17,685.7999877929688,691.7999877929688,675.0,681.9099731445312,538.7774047851562,4520
2013-05-20,682.7999877929688,689.1900024414062,675.0,681.9700317382812,538.8248291015625,5225
2013-05-21,680.0,684.0,676.0,681.4199829101562,538.3902587890625,2605
2013-05-22,673.010009765625,680.0,667.02001953125,677.739990234375,535.482666015625,1650
2013-05-23,673.030029296875,674.010009765625,642.0,648.0999755859375,512.0641479492188,8560
2013-05-24,631.47998046875,650.0,631.469970703125,641.219970703125,506.6282043457031,670
2013-05-27,630.280029296875,659.1900024414062,630.27001953125,647.7000122070312,511.7480773925781,1100
2013-05-28,650.030029296875,670.0,645.1099853515625,654.969970703125,517.4920043945312,1535
2013-05-29,654.0,694.0,636.0,664.7000122070312,525.1798095703125,57635
2013-05-30,663.7999877929688,669.5999755859375,642.0,643.8200073242188,508.6825256347656,3545
2013-05-31,651.5999755859375,680.0,626.1900024414062,629.25,497.1707763671875,3110
2013-06-03,674.2000122070312,690.0,590.0,597.2999877929688,471.927001953125,9740
2013-06-04,590.02001953125,592.0,552.989990234375,559.47998046875,442.0453796386719,35670
2013-06-05,559.3900146484375,588.989990234375,554.7999877929688,580.1799926757812,458.4004821777344,6640
2013-06-06,560.0,584.6199951171875,556.0399780273438,571.3299560546875,451.4080810546875,1380
2013-06-07,565.6099853515625,575.4600219726562,560.5999755859375,561.9099731445312,443.9653015136719,1560
2013-06-10,579.7999877929688,579.7999877929688,540.0,542.6599731445312,428.7558898925781,5615
2013-06-11,540.0,549.5599975585938,532.02001953125,536.5,423.88885498046875,2630
2013-06-12,530.260009765625,546.75,530.260009765625,536.5499877929688,423.9284973144531,2515
2013-06-13,529.7999877929688,551.97998046875,529.7999877929688,534.489990234375,422.3008117675781,7980
2013-06-14,538.2000122070312,550.0,534.3099975585938,540.4600219726562,427.0177001953125,2130
2013-06-17,549.72998046875,549.72998046875,534.989990234375,545.72998046875,431.1815490722656,1355
2013-06-18,537.0399780273438,545.0,537.0,543.0900268554688,429.0957336425781,1315
2013-06-19,559.989990234375,595.4000244140625,532.2100219726562,580.9199829101562,458.9851989746094,9870
2013-06-20,560.3099975585938,583.3900146484375,552.219970703125,560.6799926757812,442.9935607910156,3030
2013-06-21,574.0,574.0,557.2000122070312,557.469970703125,440.457275390625,5030
2013-06-24,541.5999755859375,593.9299926757812,541.5999755859375,587.8299560546875,464.4447937011719,8695
2013-06-25,607.7999877929688,607.7999877929688,581.219970703125,593.4200439453125,468.8614807128906,8480
2013-06-26,604.0,604.0,571.7100219726562,581.27001953125,459.2616882324219,550
2013-06-27,580.4000244140625,592.7999877929688,569.7999877929688,575.4200439453125,454.6396484375,7910
2013-06-28,557.010009765625,600.0,557.0,580.4600219726562,458.6217346191406,6300
2013-07-01,558.010009765625,591.989990234375,558.0,580.989990234375,459.0404968261719,3750
2013-07-02,598.0,598.0,570.25,574.1400146484375,453.62835693359375,775
2013-07-03,579.5499877929688,579.5999755859375,555.219970703125,558.4200439453125,441.20794677734375,1220
2013-07-04,556.0,569.9500122070312,554.0,563.0599975585938,444.87396240234375,1605
2013-07-05,560.2100219726562,579.5800170898438,550.5999755859375,556.3900146484375,439.6040344238281,725
2013-07-08,558.010009765625,574.0,553.0,571.6799926757812,451.68463134765625,2090
2013-07-09,585.989990234375,586.0,558.0,560.780029296875,443.0725402832031,3540
2013-07-10,557.0,562.0,554.5999755859375,555.760009765625,439.1063232421875,240
2013-07-11,560.2000122070312,560.2000122070312,544.2000122070312,546.3599853515625,431.6792907714844,1745
2013-07-12,559.989990234375,561.4000244140625,544.6500244140625,547.7799682617188,432.80126953125,1120
2013-07-15,551.0,552.2000122070312,543.4000244140625,546.469970703125,431.7661437988281,1125
2013-07-16,559.7999877929688,559.7999877929688,543.0,547.6500244140625,432.6985778808594,705
2013-07-17,549.0,549.0,542.02001953125,547.1799926757812,432.32720947265625,5915
2013-07-18,547.989990234375,550.4000244140625,544.0,545.25,430.80224609375,3290
2013-07-19,548.0,555.22998046875,502.0,519.77001953125,410.6705627441406,14085
2013-07-22,559.7999877929688,559.7999877929688,522.2100219726562,524.22998046875,414.1943664550781,1645
2013-07-23,535.0,535.0,528.9600219726562,531.3200073242188,419.7962341308594,510
2013-07-24,530.0,532.6699829101562,526.0,527.469970703125,416.75433349609375,380
2013-07-25,526.02001953125,531.5599975585938,518.1799926757812,519.989990234375,410.8443603515625,2555
2013-07-26,510.010009765625,532.989990234375,510.010009765625,524.9199829101562,414.739501953125,3345
2013-07-29,520.8099975585938,576.7999877929688,519.5999755859375,558.4099731445312,441.199951171875,25445
2013-07-30,565.0,578.0,550.5999755859375,568.5599975585938,449.219482421875,4045
2013-07-31,568.0,602.0,560.0,595.52001953125,470.5206604003906,9390
2013-08-01,575.0,616.02001953125,564.219970703125,573.760009765625,453.3280029296875,5635
2013-08-02,561.4600219726562,591.75,551.8699951171875,567.4700317382812,448.3583984375,80865
2013-08-05,568.260009765625,590.010009765625,566.510009765625,577.7999877929688,456.5200500488281,41460
2013-08-06,565.6599731445312,581.0399780273438,526.010009765625,554.4099731445312,438.03955078125,43820
2013-08-07,574.7999877929688,574.7999877929688,524.2999877929688,530.22998046875,418.9349365234375,2785
2013-08-08,532.010009765625,540.0,532.010009765625,536.280029296875,423.7151184082031,955
2013-08-12,547.989990234375,548.0,533.010009765625,538.0,425.0741271972656,475
2013-08-13,540.0,543.0,534.0,539.8699951171875,426.551513671875,765
2013-08-14,544.0,544.0,535.0,538.469970703125,425.44537353515625,590
2013-08-16,530.010009765625,532.0,520.2000122070312,522.8900146484375,413.1356201171875,1060
2013-08-19,517.5999755859375,535.3499755859375,517.5999755859375,533.3699951171875,421.4158935546875,570
2013-08-20,521.4600219726562,544.0,520.7999877929688,540.9000244140625,427.3653869628906,1795
2013-08-21,542.0,552.1099853515625,525.030029296875,537.3599853515625,424.5683898925781,2925
2013-08-22,531.0,549.7999877929688,530.7000122070312,546.989990234375,432.1770324707031,735
2013-08-23,547.989990234375,548.0,540.0,544.7000122070312,430.36773681640625,1225
2013-08-26,545.0,554.2000122070312,538.4000244140625,539.6300048828125,426.3619689941406,290
2013-08-27,543.7899780273438,543.7999877929688,534.010009765625,537.0599975585938,424.33135986328125,150
2013-08-28,531.5999755859375,534.989990234375,519.4099731445312,525.3800048828125,415.10296630859375,1230
2013-08-29,524.7000122070312,530.0,518.0,527.2000122070312,416.54095458984375,295
2013-08-30,530.0,543.9299926757812,530.0,538.75,425.6666564941406,500
2013-09-02,542.0,557.7999877929688,542.0,553.4700317382812,437.2969665527344,1090
2013-09-03,558.0,564.8900146484375,550.0,552.2100219726562,436.3013916015625,555
2013-09-04,544.2100219726562,560.0,544.2100219726562,554.6799926757812,438.2529296875,1140
2013-09-05,543.010009765625,557.7000122070312,543.010009765625,545.0,464.07061767578125,1425
2013-09-06,557.72998046875,563.0,536.0999755859375,549.0700073242188,467.5363464355469,700
2013-09-10,540.8200073242188,545.719970703125,535.4000244140625,538.3300170898438,458.3910217285156,1760
2013-09-11,539.0,540.4000244140625,535.010009765625,540.030029296875,459.8386535644531,2800
2013-09-12,554.0,554.0,537.0,538.0,458.110107421875,640
2013-09-13,535.2000122070312,540.0,528.0,530.3200073242188,451.5705261230469,925
2013-09-16,539.5,539.7999877929688,522.5900268554688,526.9400024414062,448.6924133300781,550
2013-09-17,525.989990234375,540.0,525.989990234375,537.1799926757812,457.411865234375,1525
2013-09-18,533.9199829101562,538.77001953125,532.0,536.1599731445312,456.54327392578125,125
2013-09-19,539.989990234375,540.0,523.2000122070312,523.97998046875,446.171875,2750
2013-09-20,539.6500244140625,539.6500244140625,519.989990234375,521.1300048828125,443.7451171875,2370
2013-09-23,521.1300048828125,529.7899780273438,517.0999755859375,521.8599853515625,444.36676025390625,590
2013-09-24,513.4000244140625,532.0,513.4000244140625,526.9500122070312,448.70098876953125,450
2013-09-25,521.4099731445312,531.7999877929688,520.0,525.0999755859375,447.12567138671875,155
2013-09-26,525.010009765625,530.97998046875,520.0,523.1599731445312,445.4736633300781,1015
2013-09-27,534.0,534.0,516.0,517.3300170898438,440.5094299316406,695
2013-09-30,517.5999755859375,531.989990234375,510.0,510.510009765625,434.70220947265625,1055
2013-10-01,508.1400146484375,517.989990234375,505.4200134277344,508.29998779296875,432.8203125,1035
2013-10-03,520.02001953125,526.0,510.2099914550781,524.1900024414062,446.3507080078125,675
2013-10-04,516.030029296875,526.6799926757812,516.02001953125,517.5599975585938,440.70526123046875,385
2013-10-07,523.989990234375,525.5700073242188,515.0,515.4600219726562,438.9171447753906,565
2013-10-08,522.989990234375,527.9600219726562,516.0,518.4500122070312,441.4631652832031,2050
2013-10-09,517.7999877929688,539.7999877929688,517.7999877929688,531.02001953125,452.16656494140625,3285
2013-10-10,535.989990234375,535.989990234375,524.0,531.8800048828125,452.8988037109375,865
2013-10-11,539.0,544.3900146484375,531.010009765625,538.7999877929688,458.7912292480469,900
2013-10-14,538.0,549.7999877929688,538.0,538.3699951171875,458.4250793457031,655
2013-10-15,537.02001953125,544.0,532.5999755859375,535.0399780273438,455.58953857421875,945
2013-10-17,538.989990234375,538.989990234375,532.5999755859375,533.77001953125,454.5082092285156,430
2013-10-18,532.6300048828125,538.0,530.0,535.4600219726562,455.94720458984375,445
2013-10-21,524.4000244140625,539.5499877929688,524.4000244140625,529.6500244140625,450.9999694824219,365
2013-10-22,529.5999755859375,536.0499877929688,525.7999877929688,527.1300048828125,448.85418701171875,2450
2013-10-23,535.9600219726562,543.989990234375,531.0,537.3900146484375,457.59063720703125,2000
2013-10-24,544.8400268554688,544.8400268554688,528.6300048828125,540.3099975585938,460.0769958496094,1115
2013-10-25,540.0,541.7999877929688,540.0,540.3599853515625,460.1195983886719,1190
2013-10-28,544.9400024414062,544.9400024414062,530.260009765625,530.8699951171875,452.03887939453125,605
2013-10-29,531.219970703125,535.0,528.0,530.010009765625,451.3064880371094,665
2013-10-30,538.0,539.25,520.4000244140625,522.3200073242188,444.7584228515625,1940
2013-10-31,522.4000244140625,533.7999877929688,522.4000244140625,525.1599731445312,447.1767272949219,710
2013-11-01,534.02001953125,563.8499755859375,526.7999877929688,550.9400024414062,469.1285400390625,7930
2013-11-05,560.2100219726562,560.2100219726562,536.0,539.739990234375,459.5916442871094,10725
2013-11-06,548.0999755859375,548.0999755859375,540.52001953125,540.52001953125,460.2558898925781,355
2013-11-07,545.989990234375,557.0,520.0,548.760009765625,467.27227783203125,2720
2013-11-08,548.760009765625,553.0,538.0,539.489990234375,459.3787841796875,1025
2013-11-11,548.9199829101562,555.2000122070312,516.0,518.1699829101562,441.2247314453125,10645
2013-11-12,525.7999877929688,539.989990234375,520.0,523.3699951171875,445.65252685546875,2230
2013-11-13,524.0,525.9400024414062,522.0,523.2899780273438,445.5843811035156,325
2013-11-14,522.4000244140625,525.0,518.0,518.25,441.29278564453125,1110
2013-11-18,525.5999755859375,525.5999755859375,500.010009765625,504.2300109863281,429.354736328125,2810
2013-11-19,516.5900268554688,516.5900268554688,508.0,513.7999877929688,437.50360107421875,3460
2013-11-20,517.0,522.2000122070312,514.0,516.0599975585938,439.4280090332031,1835
2013-11-21,511.0,516.7999877929688,506.20001220703125,506.82000732421875,431.56011962890625,1510
2013-11-22,517.5999755859375,517.5999755859375,504.04998779296875,505.79998779296875,430.6915283203125,2710
2013-11-25,518.72998046875,518.72998046875,504.0,506.45001220703125,431.2450866699219,1510
2013-11-26,508.3999938964844,524.989990234375,505.0,518.0399780273438,441.1139831542969,4495
2013-11-27,518.0399780273438,557.7999877929688,512.4299926757812,537.4099731445312,457.60760498046875,10915
2013-11-28,537.7999877929688,547.7999877929688,528.22998046875,532.6199951171875,453.5289611816406,2075
2013-11-29,532.010009765625,535.7999877929688,516.2000122070312,523.5900268554688,445.8399353027344,1185
2013-12-02,530.0,555.0,528.0,538.4600219726562,458.501708984375,5710
2013-12-03,538.0,557.5900268554688,532.030029296875,552.4199829101562,470.38873291015625,7740
2013-12-04,552.4199829101562,553.5900268554688,535.8400268554688,550.0,468.328125,3175
2013-12-05,549.989990234375,584.989990234375,549.989990234375,564.3499755859375,480.54718017578125,8615
2013-12-06,564.6799926757812,573.989990234375,558.0,570.1500244140625,485.48602294921875,2515
2013-12-09,587.7999877929688,587.7999877929688,564.0,566.75,482.5908203125,3005
2013-12-10,550.0,575.0,550.0,565.0,481.1006774902344,1910
2013-12-11,565.02001953125,573.7999877929688,544.0,547.469970703125,466.1737976074219,3490
2013-12-12,568.989990234375,569.969970703125,535.4299926757812,543.4400024414062,462.7422180175781,3915
2013-12-13,543.7899780273438,552.0,532.0,535.0599975585938,455.6065368652344,1955
2013-12-16,546.7999877929688,546.7999877929688,527.0399780273438,527.780029296875,449.40771484375,2125
2013-12-17,530.9099731445312,539.739990234375,501.4100036621094,504.6600036621094,429.7208557128906,28260
2013-12-18,502.0,516.0,502.0,505.6499938964844,430.5638732910156,10185
2013-12-19,506.4700012207031,514.7999877929688,500.2200012207031,505.8999938964844,430.7767028808594,8460
2013-12-20,512.3900146484375,516.0,504.82000732421875,508.67999267578125,433.1438903808594,7895
2013-12-23,516.0,541.5700073242188,501.67999267578125,507.22998046875,431.9092102050781,56710
2013-12-24,513.969970703125,517.7999877929688,504.0199890136719,506.239990234375,431.06622314453125,79200
2013-12-26,511.0,520.0,508.0,515.2100219726562,438.7042236328125,7135
2013-12-27,523.989990234375,524.0,503.9800109863281,506.2900085449219,431.1087951660156,31590
2013-12-30,506.5199890136719,527.2000122070312,506.5199890136719,523.260009765625,445.55889892578125,8965
2013-12-31,523.2000122070312,526.5700073242188,519.989990234375,520.7999877929688,443.46417236328125,5950
2014-01-01,526.0,545.0,520.5700073242188,540.9000244140625,460.5794677734375,5765
2014-01-02,543.0,550.0,530.0,539.72998046875,459.5831298828125,7810
2014-01-03,539.989990234375,540.0,530.6099853515625,533.2899780273438,454.09942626953125,595
2014-01-06,533.7999877929688,538.0,516.7999877929688,520.1500244140625,442.91064453125,133180
2014-01-07,525.0,525.0599975585938,520.0,520.239990234375,442.9873046875,108325
2014-01-08,520.0,528.8400268554688,517.0999755859375,519.989990234375,442.7744140625,80040
2014-01-09,520.0,527.5999755859375,516.22998046875,521.510009765625,444.0686950683594,6005
2014-01-10,525.0,530.010009765625,516.0,518.969970703125,441.9058837890625,4805
2014-01-13,521.4199829101562,528.0,511.010009765625,515.9000244140625,439.29180908203125,7105
2014-01-14,522.9500122070312,522.9500122070312,512.02001953125,515.6599731445312,439.0873718261719,3065
2014-01-15,522.760009765625,522.760009765625,514.0,518.1099853515625,441.173583984375,2340
2014-01-16,522.0,530.0,506.4100036621094,509.2099914550781,433.5951232910156,11975
2014-01-17,507.0199890136719,530.0,502.44000244140625,524.2000122070312,446.3592834472656,17210
2014-01-20,524.2000122070312,526.0,506.2099914550781,512.1599731445312,436.10711669921875,14440
2014-01-21,511.010009765625,519.989990234375,511.0,515.8900146484375,439.28326416015625,2275
2014-01-22,519.4000244140625,529.0,513.0,515.6500244140625,439.07891845703125,9530
2014-01-23,517.7000122070312,524.4099731445312,515.0,518.0900268554688,441.1566162109375,23970
2014-01-24,518.0,523.7899780273438,512.0,513.1199951171875,436.9245910644531,72985
2014-01-27,524.7999877929688,524.7999877929688,506.20001220703125,509.0299987792969,433.44189453125,2580
2014-01-28,507.0,516.3300170898438,500.010009765625,504.80999755859375,429.84857177734375,4240
2014-01-29,509.989990234375,514.989990234375,506.3999938964844,511.07000732421875,435.1789855957031,8530
2014-01-30,512.0,513.0,503.010009765625,505.94000244140625,430.8108215332031,3360
2014-01-31,508.0,511.0,506.79998779296875,508.9800109863281,433.39935302734375,10655
2014-02-03,522.0,522.0,506.4200134277344,508.19000244140625,432.7266845703125,1475
2014-02-04,501.44000244140625,554.0,501.44000244140625,522.1500244140625,444.6137390136719,119740
2014-02-05,530.0,560.7899780273438,524.0,551.9600219726562,469.9971008300781,957975
2014-02-06,568.0,587.989990234375,557.1099853515625,584.0399780273438,497.31329345703125,109560
2014-02-07,586.9299926757812,646.2100219726562,584.030029296875,620.010009765625,527.9420166015625,393745
2014-02-10,620.02001953125,642.0,610.2000122070312,634.1900024414062,540.0164184570312,72425
2014-02-11,634.0,643.010009765625,625.1099853515625,631.2100219726562,537.4789428710938,16585
2014-02-12,631.8699951171875,639.3800048828125,621.0,624.0800170898438,531.4075927734375,18850
2014-02-13,621.760009765625,637.7899780273438,621.760009765625,633.0800170898438,539.0712890625,18945
2014-02-14,634.0,644.0,629.0,630.780029296875,537.1127319335938,12535
2014-02-17,630.0,653.75,625.2000122070312,649.3300170898438,552.908203125,31570
2014-02-18,649.760009765625,706.0,648.0,699.989990234375,596.0455322265625,118665
2014-02-19,700.0,733.8699951171875,692.0,722.7000122070312,615.3831176757812,50750
2014-02-20,715.47998046875,733.9099731445312,694.0,701.010009765625,596.9140014648438,15555
2014-02-21,702.0,719.0,684.0,713.9099731445312,607.8983154296875,41445
2014-02-24,707.6400146484375,712.7899780273438,695.4000244140625,695.969970703125,592.6224365234375,9180
2014-02-25,689.989990234375,709.3599853515625,672.0700073242188,680.260009765625,579.2452392578125,14245
2014-02-26,682.010009765625,696.0,680.2000122070312,681.97998046875,580.7097778320312,2640
2014-02-28,660.4099731445312,676.0,586.5,662.030029296875,563.7223510742188,10910
2014-03-03,650.02001953125,666.0,650.02001953125,652.8200073242188,555.8800048828125,5595
2014-03-04,646.2999877929688,671.4000244140625,646.2999877929688,664.6799926757812,565.9786987304688,5325
2014-03-05,672.6599731445312,672.6599731445312,639.0499877929688,641.8800048828125,546.5645141601562,9635
2014-03-06,642.0999755859375,650.0,626.030029296875,642.02001953125,546.6836547851562,12655
2014-03-07,642.4199829101562,659.97998046875,637.1099853515625,651.1599731445312,554.4663696289062,12380
2014-03-10,647.0,667.760009765625,647.0,651.1799926757812,554.4834594726562,5215
2014-03-11,670.0,670.0,650.0,660.4400024414062,562.368408203125,5335
2014-03-12,649.780029296875,667.7899780273438,649.0,663.9400024414062,565.3487548828125,850
2014-03-13,680.0,680.0,650.0,650.6599731445312,554.0406494140625,3640
2014-03-14,632.030029296875,657.9500122070312,632.030029296875,645.3200073242188,549.4935913085938,5590
2014-03-18,649.8499755859375,649.8499755859375,631.0,632.6599731445312,538.7135620117188,19490
2014-03-19,636.010009765625,639.3699951171875,626.2000122070312,627.6700439453125,534.4645385742188,7775
2014-03-20,634.7899780273438,634.7999877929688,615.1199951171875,616.72998046875,525.1490478515625,11725
2014-03-21,626.0,626.3800048828125,617.1300048828125,619.7999877929688,527.76318359375,4745
2014-03-24,629.7999877929688,637.780029296875,626.22998046875,634.1099853515625,539.9482421875,17745
2014-03-25,635.9400024414062,649.7999877929688,624.6099853515625,643.6699829101562,548.088623046875,50180
2014-03-26,650.0,650.0,634.0,637.030029296875,542.4347534179688,5635
2014-03-27,633.2000122070312,641.9500122070312,630.010009765625,632.75,538.790283203125,2285
2014-03-28,634.02001953125,650.0,633.0,646.239990234375,550.2770385742188,2825
2014-03-31,651.2100219726562,657.9099731445312,639.0,641.0499877929688,545.8577270507812,4400
2014-04-01,647.989990234375,648.530029296875,636.0,641.0,545.815185546875,2890
2014-04-02,647.989990234375,664.0,640.8099975585938,661.6500244140625,563.3987426757812,9735
2014-04-03,677.969970703125,677.969970703125,646.010009765625,651.9099731445312,555.10498046875,2410
2014-04-04,666.0,666.0,640.219970703125,642.5499877929688,547.1349487304688,3110
2014-04-07,650.0,659.7999877929688,637.0,654.3200073242188,557.1572265625,7870
2014-04-09,659.0,669.969970703125,650.969970703125,659.9299926757812,561.9340209960938,6460
2014-04-10,671.989990234375,672.9600219726562,651.0,651.5900268554688,554.8326416015625,2535
2014-04-11,645.0800170898438,659.3099975585938,640.219970703125,644.7799682617188,549.0337524414062,2560
2014-04-15,640.4000244140625,650.989990234375,640.4000244140625,648.7100219726562,552.3803100585938,6430
2014-04-16,642.0800170898438,657.72998046875,641.7999877929688,651.27001953125,554.56005859375,4090
2014-04-17,650.02001953125,657.4000244140625,642.7899780273438,653.0900268554688,556.1098022460938,6190
2014-04-21,652.0,659.7899780273438,651.27001953125,659.010009765625,561.1507568359375,2485
2014-04-22,648.0,711.9199829101562,645.25,682.1400146484375,580.8461303710938,18015
2014-04-23,680.0,706.9000244140625,680.0,698.239990234375,594.5553588867188,7030
2014-04-24,698.239990234375,698.239990234375,698.239990234375,698.239990234375,594.5553588867188,0
2014-04-25,702.219970703125,702.3699951171875,682.25,682.739990234375,581.3569946289062,4195
2014-04-28,682.0,684.0900268554688,673.8499755859375,676.0599975585938,575.6689453125,3180
2014-04-29,673.989990234375,678.7899780273438,656.8699951171875,660.2200317382812,562.1810302734375,5450
2014-04-30,659.989990234375,669.7999877929688,650.0,655.9500122070312,558.5451049804688,6420
2014-05-02,633.02001953125,663.5999755859375,633.02001953125,662.3900146484375,564.0288696289062,1350
2014-05-05,659.0999755859375,665.0,652.5900268554688,658.3599853515625,560.5972290039062,2080
2014-05-06,660.0,673.9299926757812,654.010009765625,668.9299926757812,569.5977172851562,8355
2014-05-07,669.989990234375,675.739990234375,652.5599975585938,659.1799926757812,561.2954711914062,11940
2014-05-08,658.010009765625,669.7999877929688,620.0,647.52001953125,551.366943359375,5195
2014-05-09,650.9400024414062,656.0,638.4099731445312,650.9099731445312,554.2535400390625,3655
2014-05-12,658.0,661.9199829101562,652.3900146484375,657.4099731445312,559.788330078125,2500
2014-05-13,650.2100219726562,666.0,641.0,643.219970703125,547.7055053710938,3945
2014-05-14,653.0,653.0,640.0,642.5399780273438,547.1264038085938,2770
2014-05-15,643.219970703125,667.9400024414062,640.1699829101562,653.760009765625,556.680419921875,6865
2014-05-16,634.0,674.0,634.0,643.7100219726562,548.122802734375,6205
2014-05-19,643.6099853515625,665.0,610.02001953125,618.6900024414062,526.8179931640625,23025
2014-05-20,625.219970703125,646.2000122070312,618.0,626.2100219726562,533.2213134765625,13790
2014-05-21,633.469970703125,654.0,630.0,650.27001953125,553.7085571289062,8575
2014-05-22,654.0,711.989990234375,654.0,688.22998046875,586.0316772460938,93510
2014-05-23,701.969970703125,709.989990234375,670.6199951171875,689.3599853515625,586.9939575195312,31195
2014-05-26,709.989990234375,717.5999755859375,671.27001953125,675.5700073242188,575.2516479492188,14425
2014-05-27,676.030029296875,690.0,670.0,676.5399780273438,576.0776977539062,1255
2014-05-28,675.0,696.0,609.0,617.4000244140625,525.7196655273438,213385
2014-05-29,617.4000244140625,636.1599731445312,611.0,615.9500122070312,524.48486328125,18860
2014-05-30,624.7999877929688,624.7999877929688,602.530029296875,618.5,526.65625,26570
2014-06-02,620.0,631.5999755859375,619.0,621.02001953125,528.802001953125,15220
2014-06-03,620.02001953125,633.4000244140625,620.0,623.1700439453125,530.6328735351562,9415
2014-06-04,622.0,626.7999877929688,619.5999755859375,620.010009765625,527.9420166015625,31480
2014-06-05,626.0,629.7999877929688,608.0,614.8099975585938,523.51416015625,60985
2014-06-06,620.1199951171875,622.7899780273438,598.0,601.8099975585938,512.4446411132812,56040
2014-06-09,609.1900024414062,619.97998046875,602.8099975585938,613.7899780273438,522.6455688476562,11555
2014-06-10,612.5999755859375,613.989990234375,601.7899780273438,605.4000244140625,515.5015869140625,11555
2014-06-11,619.7999877929688,619.7999877929688,595.4000244140625,598.9299926757812,509.99237060546875,15600
2014-06-12,600.0,600.0,593.7999877929688,595.2000122070312,506.8162536621094,8720
2014-06-13,595.4099731445312,600.0,583.989990234375,586.72998046875,499.60382080078125,13685
2014-06-16,586.3099975585938,586.3099975585938,575.989990234375,579.97998046875,493.85626220703125,11295
2014-06-17,576.02001953125,588.72998046875,576.0,577.4500122070312,491.7018737792969,10115
2014-06-18,585.7899780273438,585.7899780273438,575.010009765625,576.6199951171875,490.9952087402344,14940
2014-06-19,580.3599853515625,584.760009765625,576.0,578.6400146484375,492.7151794433594,7560
2014-06-20,584.0,587.9400024414062,578.030029296875,580.760009765625,494.5204772949219,17280
2014-06-23,581.2000122070312,587.0,568.0,570.8300170898438,486.0649719238281,5990
2014-06-24,570.8300170898438,581.0,570.8300170898438,575.8099975585938,490.30548095703125,8220
2014-06-25,580.0,581.989990234375,566.2000122070312,569.0800170898438,484.5748291015625,10670
2014-06-26,567.0,579.3800048828125,559.989990234375,565.2999877929688,481.3560791015625,8220
2014-06-27,573.7999877929688,573.989990234375,559.7999877929688,560.3599853515625,477.14971923828125,13205
2014-06-30,565.5499877929688,569.0,560.4199829101562,566.3099975585938,482.2161560058594,8445
2014-07-01,570.0,574.7999877929688,567.0,571.1500244140625,486.33746337890625,4720
2014-07-02,576.2000122070312,597.5999755859375,572.219970703125,589.52001953125,501.9797058105469,25825
2014-07-03,593.7899780273438,606.5999755859375,588.0,590.5700073242188,502.8737487792969,17140
2014-07-04,593.3599853515625,594.0,583.010009765625,589.8200073242188,502.2350769042969,9845
2014-07-07,590.0,591.5999755859375,583.3099975585938,584.3400268554688,497.56884765625,4215
2014-07-08,584.5999755859375,584.989990234375,546.0,546.0800170898438,464.99017333984375,129410
2014-07-09,556.4000244140625,560.0,543.3099975585938,546.9600219726562,465.73956298828125,9175
2014-07-10,555.010009765625,555.010009765625,514.0,520.75,443.4216003417969,41595
2014-07-11,531.0,555.989990234375,531.0,539.5800170898438,459.4554138183594,34365
2014-07-14,546.0,577.0,529.010009765625,531.510009765625,452.58380126953125,19695
2014-07-15,551.989990234375,551.989990234375,523.2000122070312,524.77001953125,446.84466552734375,18680
2014-07-16,529.0,533.0,518.7999877929688,522.2000122070312,444.6562805175781,19965
2014-07-17,522.2000122070312,551.0,522.2000122070312,546.3599853515625,465.2286376953125,31595
2014-07-18,542.2000122070312,549.0,536.0,540.25,460.0259094238281,31495
2014-07-21,542.4000244140625,544.9000244140625,538.0,539.9099731445312,459.7364501953125,21685
2014-07-22,541.7999877929688,544.0,538.0,540.47998046875,460.2218017578125,15405
2014-07-23,541.010009765625,544.0,536.0,538.0900268554688,458.1867370605469,7395
2014-07-24,540.0,541.989990234375,535.0,536.8300170898438,457.11376953125,13855
2014-07-25,536.0,539.0,532.0,535.5800170898438,456.0494689941406,7035
2014-07-28,538.0,538.0,531.7999877929688,533.6099853515625,454.3719482421875,5435
2014-07-30,536.0,541.0,532.0,535.7999877929688,456.2367248535156,70945
2014-07-31,536.010009765625,540.0,529.4000244140625,530.4299926757812,451.6641540527344,10760
2014-08-01,530.4000244140625,538.7999877929688,525.0,527.6199951171875,449.27142333984375,11000
2014-08-04,586.2000122070312,618.0,573.0900268554688,577.6300048828125,491.8552551269531,161975
2014-08-05,582.0,588.77001953125,575.0,579.0800170898438,493.08990478515625,32415
2014-08-06,584.0,585.0,576.0,576.22998046875,490.6631164550781,12760
2014-08-07,573.280029296875,579.5499877929688,569.0,570.719970703125,485.9713134765625,13225
2014-08-08,568.0700073242188,570.0,562.239990234375,563.0700073242188,479.4573669433594,13590
2014-08-11,578.0,578.0,566.4099731445312,572.0399780273438,487.09527587890625,8330
2014-08-12,572.0399780273438,575.0,566.4199829101562,567.9099731445312,483.5786437988281,6645
2014-08-13,570.0,570.0,558.030029296875,560.1300048828125,476.953857421875,9060
2014-08-14,560.010009765625,562.0,552.5999755859375,559.77001953125,476.6473388671875,11785
2014-08-18,556.4000244140625,578.0,556.4000244140625,559.6699829101562,476.5621643066406,18075
2014-08-19,560.8499755859375,568.0,560.8499755859375,563.3599853515625,479.7041931152344,7100
2014-08-20,561.739990234375,563.22998046875,553.219970703125,554.6799926757812,472.3131408691406,27945
2014-08-21,552.0,560.5999755859375,552.0,554.719970703125,472.3471374511719,10475
2014-08-22,558.989990234375,563.7999877929688,555.0,555.9500122070312,473.3946228027344,15330
2014-08-25,556.0,559.5399780273438,548.0,549.9400024414062,468.27703857421875,28130
2014-08-26,550.0,551.989990234375,538.0,541.3599853515625,460.97113037109375,31845
2014-08-27,544.02001953125,549.0,537.2000122070312,538.260009765625,458.33148193359375,33150
2014-08-28,545.5800170898438,545.5999755859375,533.3800048828125,539.260009765625,459.1829528808594,13275
2014-09-01,539.0,552.0,539.0,540.5599975585938,460.2899169921875,26200
2014-09-02,541.2100219726562,564.9600219726562,541.2100219726562,559.5599975585938,476.468505859375,35855
2014-09-03,560.0,567.7999877929688,560.0,562.0999755859375,478.6313171386719,23725
2014-09-04,560.0,629.9500122070312,560.0,619.3900146484375,527.4140625,207915
2014-09-05,626.010009765625,634.97998046875,615.02001953125,627.5700073242188,534.37939453125,56905
2014-09-08,630.0,646.4000244140625,630.0,639.75,544.750732421875,54995
2014-09-09,640.2000122070312,646.0,630.0,635.6199951171875,541.2340698242188,19595
2014-09-10,624.0,632.0,595.0,598.52001953125,509.64324951171875,69715
2014-09-11,595.2000122070312,602.0,566.2000122070312,568.8400268554688,484.37054443359375,79320
2014-09-12,564.02001953125,589.5999755859375,564.0,583.719970703125,497.04083251953125,71195
2014-09-15,576.2100219726562,585.0,568.5999755859375,569.6900024414062,520.7813720703125,28575
2014-09-16,570.0,580.0,552.02001953125,557.6400146484375,509.76580810546875,21915
2014-09-17,563.719970703125,567.0,548.2000122070312,552.8599853515625,505.39617919921875,22995
2014-09-18,554.9600219726562,562.4099731445312,549.7999877929688,558.3699951171875,510.4332275390625,16630
2014-09-19,560.97998046875,579.7999877929688,557.0,576.6799926757812,527.1712646484375,18955
2014-09-22,571.2000122070312,585.0,568.2000122070312,573.989990234375,524.7122192382812,14525
2014-09-23,574.0,584.0,570.5999755859375,573.0900268554688,523.8894653320312,18305
2014-09-24,568.5800170898438,576.0,565.0,568.6400146484375,519.821533203125,11480
2014-09-25,566.3699951171875,571.2000122070312,550.0,555.9199829101562,508.1935729980469,13065
2014-09-26,551.2000122070312,558.0,550.2000122070312,554.0399780273438,506.47491455078125,10440
2014-09-29,550.4000244140625,573.5999755859375,550.4000244140625,571.280029296875,522.2348022460938,10170
2014-09-30,565.5599975585938,574.0,560.0,568.2100219726562,519.4284057617188,8550
2014-10-01,562.52001953125,573.969970703125,562.52001953125,570.510009765625,521.5309448242188,13435
2014-10-07,569.5999755859375,577.5399780273438,569.02001953125,573.4000244140625,524.1728515625,20190
2014-10-08,573.4000244140625,577.0,564.989990234375,567.3800048828125,518.6697387695312,11595
2014-10-09,570.02001953125,578.1799926757812,568.0,576.9199829101562,527.3906860351562,7930
2014-10-10,576.8099975585938,578.0,560.02001953125,565.7999877929688,517.2252197265625,12880
2014-10-13,566.4099731445312,575.5999755859375,560.22998046875,564.0999755859375,515.6712036132812,6705
2014-10-14,566.02001953125,575.5900268554688,563.5999755859375,566.260009765625,517.645751953125,13385
2014-10-15,566.260009765625,566.260009765625,566.260009765625,566.260009765625,517.645751953125,0
2014-10-16,561.5999755859375,570.010009765625,556.0,562.3400268554688,514.0623779296875,16455
2014-10-17,560.1799926757812,560.1799926757812,555.0,558.3900146484375,510.4515075683594,4055
2014-10-20,568.0,568.0,554.0,554.3800048828125,506.7857666015625,5975
2014-10-21,550.0,562.5999755859375,550.0,560.3800048828125,512.2706298828125,5130
2014-10-22,557.6599731445312,565.0,554.4000244140625,562.0999755859375,513.8428955078125,16755
2014-10-27,565.7899780273438,570.0,558.4000244140625,566.8900146484375,518.2217407226562,5905
2014-10-28,567.2100219726562,568.0,561.4000244140625,563.739990234375,515.3421020507812,8760
2014-10-29,564.010009765625,574.0,560.25,569.5900268554688,520.6900024414062,10555
2014-10-30,572.0,595.5599975585938,567.4400024414062,589.2899780273438,538.6986694335938,28250
2014-10-31,600.0,600.7999877929688,593.0399780273438,595.7899780273438,544.640625,29215
2014-11-03,600.0,603.780029296875,594.0,597.72998046875,546.4140625,15600
2014-11-05,602.0,624.5999755859375,596.25,615.0599975585938,562.2562866210938,40290
2014-11-07,630.0,630.0,605.0,618.5800170898438,565.47412109375,23105
2014-11-10,608.0,608.4000244140625,579.9600219726562,591.5,540.7189331054688,96250
2014-11-11,591.5,609.5999755859375,585.0,595.0599975585938,543.9732666015625,15915
2014-11-12,596.0,610.010009765625,596.0,603.1099853515625,551.3322143554688,30300
2014-11-13,609.989990234375,609.989990234375,595.0,596.5900268554688,545.3718872070312,19645
2014-11-14,597.02001953125,600.75,592.0,596.52001953125,545.3079223632812,14165
2014-11-17,598.4000244140625,612.989990234375,598.4000244140625,606.6799926757812,554.595703125,40490
2014-11-18,616.0,639.7999877929688,616.0,626.5800170898438,572.7872924804688,102130
2014-11-19,626.0,631.5999755859375,617.5999755859375,619.8499755859375,566.635009765625,28795
2014-11-20,616.0,626.0,613.2000122070312,617.260009765625,564.2674560546875,19150
2014-11-21,623.5999755859375,643.0,623.22998046875,640.5900268554688,585.5945434570312,55500
2014-11-24,644.5999755859375,654.0,642.02001953125,651.3599853515625,595.4398803710938,43825
2014-11-25,652.0,654.0,576.4000244140625,594.22998046875,543.2145385742188,284465
2014-11-26,601.5999755859375,613.8400268554688,600.0,605.989990234375,553.9649658203125,59000
2014-11-27,606.0,616.9500122070312,606.0,610.72998046875,558.2979125976562,38810
2014-11-28,614.0,634.9000244140625,610.0,616.4500122070312,563.52685546875,43107
2014-12-01,615.0,619.5999755859375,596.0499877929688,606.4500122070312,554.3853759765625,12196
2014-12-02,608.0499877929688,610.0,581.25,598.8499755859375,547.4378662109375,20076
2014-12-03,601.0,601.0,583.25,590.6500244140625,539.9419555664062,28226
2014-12-04,634.0,643.75,608.0,618.9000244140625,565.7665405273438,179476
2014-12-05,621.0,628.0,611.0,612.4500122070312,559.870361328125,37236
2014-12-08,610.0499877929688,628.7999877929688,606.0499877929688,613.2999877929688,560.6472778320312,38387
2014-12-09,610.0,622.0,600.0,601.75,550.0888671875,31561
2014-12-10,598.0,609.0,598.0,604.0,552.145751953125,10653
2014-12-11,605.75,605.75,590.0,593.0,542.0901489257812,11134
2014-12-12,591.0,602.9500122070312,591.0,592.2000122070312,541.3588256835938,9119
2014-12-15,588.0,593.0499877929688,571.2000122070312,577.0499877929688,527.5094604492188,9400
2014-12-16,579.0,579.9500122070312,550.0999755859375,554.0,506.4383850097656,18929
2014-12-17,558.0,578.0,558.0,570.9000244140625,521.8875122070312,18695
2014-12-18,571.5999755859375,586.0,562.5,578.0,528.3779296875,9110
2014-12-19,579.0999755859375,587.8499755859375,576.3499755859375,581.9500122070312,531.9888305664062,7506
2014-12-22,590.0,592.0,580.5,590.2999877929688,539.6219482421875,5409
2014-12-23,586.0,592.0,580.0,583.5999755859375,533.4971313476562,4654
2014-12-24,580.0,587.5,577.2000122070312,581.0999755859375,531.2117309570312,2338
2014-12-26,578.0,585.0,576.0499877929688,581.7999877929688,531.8516845703125,3838
2014-12-29,583.7999877929688,594.9500122070312,580.2000122070312,582.9000244140625,532.8572387695312,6077
2014-12-30,581.5999755859375,594.9500122070312,579.0,588.25,537.7479248046875,6325
2014-12-31,590.9500122070312,609.0,582.4000244140625,598.0,546.660888671875,9019
2015-01-01,601.9500122070312,604.0499877929688,588.0,590.9500122070312,540.2161865234375,4594
2015-01-02,587.25,599.9000244140625,587.25,592.5499877929688,541.6787719726562,5213
2015-01-05,592.0,596.0,584.0,586.3499755859375,536.0110473632812,4156
2015-01-06,585.0,585.0,571.2000122070312,576.1500244140625,526.686767578125,7678
2015-01-07,576.0499877929688,580.0,568.0,571.2000122070312,522.1616821289062,5727
2015-01-08,572.0499877929688,579.4500122070312,567.8499755859375,572.0499877929688,522.9386596679688,7338
2015-01-09,574.0499877929688,579.9000244140625,565.0499877929688,569.0,520.1505737304688,6792
2015-01-12,572.5499877929688,573.8499755859375,562.1500244140625,570.0999755859375,521.1561279296875,10570
2015-01-13,566.0,574.0499877929688,566.0,573.0499877929688,523.8529052734375,6612
2015-01-14,565.0,575.0,555.0,561.3499755859375,513.1572875976562,24247
2015-01-15,556.2000122070312,573.9500122070312,531.5,561.7999877929688,513.5687255859375,17905
2015-01-16,559.25,565.0,552.0,557.9500122070312,510.0492248535156,7915
2015-01-19,560.0,569.9500122070312,554.9500122070312,556.5499877929688,508.7694091796875,9496
2015-01-20,559.0,570.0,558.8499755859375,559.9000244140625,511.83184814453125,13361
2015-01-21,562.0,569.0,559.2000122070312,561.8499755859375,513.6143188476562,10209
2015-01-22,560.4500122070312,567.0,560.0,562.5499877929688,514.2543334960938,4888
2015-01-23,565.0,565.0,550.0499877929688,553.7000122070312,506.1640930175781,9222
2015-01-27,556.0,563.0,554.0499877929688,560.7000122070312,512.5631713867188,3631
2015-01-28,559.0999755859375,565.9500122070312,555.0,560.0999755859375,512.0146484375,5354
2015-01-29,562.0,602.9000244140625,560.0,599.7000122070312,548.2149658203125,34892
2015-01-30,602.0,605.0,590.0,590.5999755859375,539.896240234375,14536
2015-02-02,588.0,595.9500122070312,585.0,589.4500122070312,538.8450317382812,10930
2015-02-03,588.1500244140625,592.75,580.0,590.0999755859375,539.4391479492188,13694
2015-02-04,589.0999755859375,599.0,578.4500122070312,587.25,536.8338012695312,9659
2015-02-05,585.7000122070312,594.9500122070312,575.0,580.75,530.8919067382812,8171
2015-02-06,560.0,560.0,512.5999755859375,522.4500122070312,477.59698486328125,83008
2015-02-09,525.0,525.0,490.0,499.1000061035156,456.2516174316406,22042
2015-02-10,500.0,518.0,492.5,499.5,456.61724853515625,14945
2015-02-11,499.95001220703125,510.0,495.04998779296875,497.20001220703125,454.5146789550781,10625
2015-02-12,498.95001220703125,508.0,481.0,501.1499938964844,458.1255798339844,15003
2015-02-13,503.0,505.0,495.1000061035156,500.5,457.5313720703125,10561
2015-02-16,503.0,505.0,495.0,499.54998779296875,456.6629333496094,12012
2015-02-18,498.04998779296875,505.0,494.0,503.45001220703125,460.2281188964844,10384
2015-02-19,503.0,503.8999938964844,492.0,496.6000061035156,453.96624755859375,9930
2015-02-20,495.1000061035156,503.0,495.04998779296875,500.29998779296875,457.34857177734375,10314
2015-02-23,498.3500061035156,504.0,494.6499938964844,496.3500061035156,453.7376708984375,5697
2015-02-24,498.0,498.0,484.0,486.20001220703125,444.4591064453125,13118
2015-02-25,488.0,488.04998779296875,474.8999938964844,477.25,436.2774353027344,10196
2015-02-26,479.0,480.8500061035156,462.0,470.45001220703125,430.0612487792969,11213
2015-02-27,471.95001220703125,483.95001220703125,466.75,480.04998779296875,438.8370361328125,20771
2015-03-02,460.0,469.8999938964844,452.0,465.25,425.3076171875,39109
2015-03-03,464.1499938964844,487.0,464.0,481.79998779296875,440.43682861328125,12003
2015-03-04,484.8999938964844,492.0,475.1000061035156,477.45001220703125,436.4602966308594,9042
2015-03-05,478.95001220703125,479.0,462.0,465.20001220703125,425.261962890625,88341
2015-03-09,467.0,477.29998779296875,464.8999938964844,472.8500061035156,432.2552185058594,8686
2015-03-10,472.0,478.0,468.0,473.8999938964844,433.2150573730469,13349
2015-03-11,475.95001220703125,480.0,468.0,474.45001220703125,433.71783447265625,8264
2015-03-12,476.0,484.8999938964844,471.0,475.04998779296875,434.26629638671875,8482
2015-03-13,475.5,480.0,468.5,470.04998779296875,429.695556640625,15264
2015-03-16,472.0,478.95001220703125,468.1000061035156,470.3999938964844,430.0155334472656,6060
2015-03-17,472.0,475.75,469.04998779296875,471.70001220703125,431.20391845703125,5742
2015-03-18,471.75,481.29998779296875,466.5,471.20001220703125,430.7468566894531,112181
2015-03-19,472.95001220703125,480.0,464.29998779296875,468.75,428.50714111328125,217424
2015-03-20,471.0,471.0,454.8999938964844,457.04998779296875,417.8116149902344,5033
2015-03-23,459.0,464.0,453.0,455.29998779296875,416.21185302734375,12674
2015-03-24,455.54998779296875,455.54998779296875,445.0,445.3999938964844,407.1618347167969,8640
2015-03-25,447.0,448.5,435.0,436.1000061035156,398.6602478027344,8653
2015-03-26,434.0,444.0,430.0,437.3500061035156,399.8029479980469,6870
2015-03-27,437.3999938964844,446.8500061035156,420.54998779296875,425.3500061035156,388.8330993652344,12687
2015-03-30,427.0,431.0,424.0,426.3500061035156,389.747314453125,28416
2015-03-31,430.04998779296875,432.45001220703125,416.1499938964844,421.5,385.3136291503906,14818
2015-04-01,430.0,446.25,421.54998779296875,442.3500061035156,404.3736572265625,14098
2015-04-06,445.04998779296875,458.0,445.04998779296875,456.5,417.308837890625,8718
2015-04-07,456.5,459.95001220703125,441.5,456.6000061035156,417.4002685546875,3819
2015-04-08,456.6000061035156,464.0,455.0,458.70001220703125,419.32000732421875,3810
2015-04-09,460.0,477.95001220703125,456.6000061035156,461.6499938964844,422.0167236328125,3768
2015-04-10,451.54998779296875,480.0,451.54998779296875,477.3999938964844,436.4145812988281,5761
2015-04-13,474.45001220703125,481.5,472.1499938964844,479.0,437.877197265625,6546
2015-04-15,479.0,550.0,476.45001220703125,529.0,483.5846252441406,43969
2015-04-16,517.0,545.0,512.0499877929688,530.25,484.7273254394531,25620
2015-04-17,530.0,544.5,530.0,537.3499755859375,491.21771240234375,16628
2015-04-20,538.0499877929688,538.0499877929688,505.1000061035156,515.5,471.24365234375,7672
2015-04-21,511.25,520.0,502.6000061035156,510.8500061035156,466.99285888671875,4718
2015-04-22,495.5,514.9500122070312,495.5,508.29998779296875,464.6617431640625,4475
2015-04-23,509.3999938964844,514.9000244140625,500.25,505.79998779296875,462.3763732910156,1671
2015-04-24,500.25,510.0,500.20001220703125,504.04998779296875,460.7766418457031,1729
2015-04-27,501.04998779296875,511.8999938964844,470.0,478.70001220703125,437.6029357910156,10697
2015-04-28,475.1000061035156,497.95001220703125,474.0,489.70001220703125,447.6585998535156,2045
2015-04-29,482.25,504.0,475.1000061035156,496.1499938964844,453.5548400878906,6711
2015-04-30,498.0,499.0,486.1000061035156,487.8500061035156,445.9674072265625,1245
2015-05-04,475.5,502.5,475.5,485.75,444.0476989746094,1339
2015-05-05,484.0,500.0,461.25,494.29998779296875,451.8636474609375,5272
2015-05-06,499.95001220703125,499.95001220703125,480.0,486.0,444.2762451171875,3754
2015-05-07,475.1499938964844,498.70001220703125,475.1000061035156,484.1000061035156,442.53936767578125,2567
2015-05-08,494.95001220703125,500.0,475.20001220703125,496.6000061035156,453.96624755859375,5188
2015-05-11,502.6499938964844,514.9500122070312,492.79998779296875,511.5,467.5870056152344,5620
2015-05-12,503.95001220703125,511.0,492.3999938964844,504.6000061035156,461.2794189453125,2256
2015-05-13,506.95001220703125,507.8999938964844,489.0,494.70001220703125,452.2293395996094,2565
2015-05-14,500.0,504.8500061035156,492.0,496.6499938964844,454.0119323730469,1685
2015-05-15,500.0,500.1000061035156,493.04998779296875,497.04998779296875,454.3775634765625,462
2015-05-18,499.45001220703125,514.0,497.0,506.95001220703125,463.42767333984375,5933
2015-05-19,503.95001220703125,514.0,500.0,509.79998779296875,466.032958984375,1979
2015-05-20,507.95001220703125,518.0,507.04998779296875,509.95001220703125,466.17010498046875,2159
2015-05-21,509.04998779296875,512.8499755859375,496.8500061035156,499.8500061035156,456.93719482421875,1458
2015-05-22,497.75,512.0,494.1499938964844,500.79998779296875,457.80560302734375,1151
2015-05-25,496.0,498.5,485.1000061035156,487.79998779296875,445.9216613769531,8835
2015-05-26,487.1000061035156,499.5,485.1000061035156,490.3500061035156,448.2528076171875,2152
2015-05-27,493.8500061035156,496.5,486.20001220703125,494.8999938964844,452.41217041015625,2644
2015-05-28,491.8999938964844,494.8999938964844,486.0,491.45001220703125,449.25830078125,1118
2015-05-29,493.54998779296875,502.95001220703125,486.5,496.70001220703125,454.0576477050781,3575
2015-06-01,537.75,537.75,507.04998779296875,526.7999877929688,481.5735168457031,28928
2015-06-02,524.0,524.0,509.95001220703125,511.29998779296875,467.4041748046875,11132
2015-06-03,515.0,515.9500122070312,482.0,487.95001220703125,446.0588684082031,10392
2015-06-04,494.0,494.95001220703125,479.1499938964844,482.29998779296875,440.89385986328125,4374
2015-06-05,480.04998779296875,489.95001220703125,468.0,474.0,433.3064880371094,7089
2015-06-08,474.95001220703125,487.5,468.0,470.1000061035156,429.7413024902344,3121
2015-06-09,474.95001220703125,478.79998779296875,468.0,471.45001220703125,430.9753723144531,2121
2015-06-10,471.0,481.8999938964844,468.25,476.75,435.8204040527344,891
2015-06-11,472.6000061035156,480.95001220703125,465.0,470.79998779296875,430.38116455078125,2758
2015-06-12,467.1000061035156,474.8999938964844,461.1000061035156,465.04998779296875,425.12481689453125,1818
2015-06-15,471.6499938964844,471.95001220703125,460.1000061035156,462.79998779296875,423.0679626464844,1993
2015-06-16,469.8999938964844,471.79998779296875,459.0,463.1000061035156,423.34222412109375,3180
2015-06-17,463.3500061035156,467.75,454.95001220703125,465.95001220703125,425.9475402832031,3134
2015-06-18,466.0,498.0,464.0,475.6000061035156,434.76910400390625,43991
2015-06-19,475.95001220703125,497.0,473.0,486.20001220703125,444.4591064453125,3700
2015-06-22,488.70001220703125,488.79998779296875,479.0,483.79998779296875,442.2651062011719,1133
2015-06-23,480.29998779296875,486.0,470.3999938964844,474.6499938964844,433.9006652832031,3541
2015-06-24,476.95001220703125,481.8999938964844,462.3500061035156,466.54998779296875,426.49603271484375,92104
2015-06-25,466.0,472.04998779296875,463.1000061035156,466.20001220703125,426.17608642578125,57059
2015-06-26,468.95001220703125,470.0,461.1000061035156,465.95001220703125,425.9475402832031,9156
2015-06-29,465.3999938964844,465.45001220703125,460.0,460.3999938964844,420.8740234375,7635
2015-06-30,459.54998779296875,462.0,451.1000061035156,457.79998779296875,418.4972229003906,5628
2015-07-01,461.95001220703125,467.70001220703125,458.0,461.79998779296875,422.1538391113281,218260
2015-07-02,459.5,469.8999938964844,459.5,463.95001220703125,424.1192626953125,5394
2015-07-03,466.25,524.9500122070312,465.29998779296875,474.1000061035156,433.3978576660156,148795
2015-07-06,470.0,520.0,469.54998779296875,514.5499877929688,470.37518310546875,50422
2015-07-07,513.0,524.7000122070312,502.54998779296875,517.4500122070312,473.0262451171875,36445
2015-07-08,512.0,522.0,505.0,519.5999755859375,474.9916076660156,20246
2015-07-09,508.1000061035156,526.5999755859375,508.1000061035156,518.5999755859375,474.07745361328125,13729
2015-07-10,519.9000244140625,526.0,514.0,523.2000122070312,478.2825927734375,11120
2015-07-13,523.25,544.9500122070312,520.5499877929688,537.0,490.8978271484375,18634
2015-07-14,535.0,547.75,527.0999755859375,544.2999877929688,497.57110595703125,21997
2015-07-15,545.0,555.0999755859375,539.0,545.1500244140625,498.3481140136719,22686
2015-07-16,542.7000122070312,559.5,541.5,551.2999877929688,503.9700622558594,12936
2015-07-17,550.0,584.9500122070312,545.0,571.3499755859375,522.2987670898438,42192
2015-07-20,565.0999755859375,584.0,555.5,578.2000122070312,528.5606689453125,33603
2015-07-21,576.0,579.5,555.0,556.2999877929688,508.54083251953125,9409
2015-07-22,556.0499877929688,577.0,556.0,562.7000122070312,514.3914184570312,5369
2015-07-23,562.0,584.9500122070312,560.0,576.0999755859375,526.6410522460938,24436
2015-07-24,579.9000244140625,582.5,556.4000244140625,565.1500244140625,516.6311645507812,11643
2015-07-27,566.0,569.9500122070312,540.0,542.9500122070312,496.33697509765625,14457
2015-07-28,547.9000244140625,583.8499755859375,538.0,572.25,523.12158203125,42889
2015-07-29,575.9000244140625,579.9500122070312,550.2999877929688,555.7000122070312,507.99237060546875,6968
2015-07-30,555.7000122070312,575.0,555.7000122070312,564.0999755859375,515.6712036132812,8791
2015-07-31,565.0,598.0,545.0499877929688,560.5499877929688,512.4260864257812,32422
2015-08-03,554.0,592.0499877929688,542.0,579.7999877929688,530.0233154296875,60312
2015-08-04,581.0,589.7999877929688,566.4000244140625,576.7999877929688,527.2808837890625,14069
2015-08-05,572.0,588.2000122070312,569.25,581.5999755859375,531.6688232421875,17084
2015-08-06,581.5999755859375,595.0,570.5,582.4000244140625,532.4002075195312,25551
2015-08-07,582.4000244140625,612.0,580.0,588.9500122070312,538.3878784179688,27946
2015-08-10,592.0,616.0,591.0,603.0999755859375,551.3229370117188,24016
2015-08-11,608.0,615.0499877929688,593.0999755859375,611.4000244140625,558.9104614257812,37233
2015-08-12,611.0,611.0,582.25,588.0499877929688,537.5651245117188,11843
2015-08-13,592.25,603.9500122070312,575.1500244140625,585.0,534.7769165039062,10636
2015-08-14,591.0,607.0,577.5,594.5999755859375,543.5526733398438,12237
2015-08-17,592.4000244140625,620.0,588.2000122070312,599.7000122070312,548.2149658203125,30159
2015-08-18,600.0,610.0,596.7000122070312,598.5499877929688,547.1636352539062,5761
2015-08-19,600.0499877929688,607.9500122070312,592.5,599.3499755859375,547.8949584960938,8240
2015-08-20,601.4500122070312,605.0999755859375,581.6500244140625,592.5,541.633056640625,4677
2015-08-21,588.0499877929688,602.0,571.8499755859375,595.4500122070312,544.3297729492188,11374
2015-08-24,576.0,584.7000122070312,555.0,561.5999755859375,513.3859252929688,12892
2015-08-25,565.9500122070312,580.0,522.5,565.2999877929688,516.7681274414062,17197
2015-08-26,554.9500122070312,579.7999877929688,540.0499877929688,566.0,517.4081420898438,7131
2015-08-27,589.9500122070312,590.0,565.0,570.5,521.521728515625,3017
2015-08-28,567.9500122070312,581.7999877929688,550.0,561.0,512.8373413085938,6730
2015-08-31,564.9500122070312,565.0,548.5,550.25,503.01031494140625,24763
2015-09-01,559.0,560.0,546.0999755859375,551.5999755859375,504.2443542480469,6803
2015-09-02,550.9500122070312,565.0,542.0,556.0,508.26666259765625,6126
2015-09-03,555.9500122070312,590.0,555.0,576.5,527.0066528320312,9557
2015-09-04,570.9500122070312,578.0,555.5499877929688,570.0499877929688,521.1104125976562,7924
2015-09-07,564.4500122070312,568.9000244140625,555.7999877929688,558.9500122070312,510.96337890625,3468
2015-09-08,570.0,571.0,548.0999755859375,559.5,511.46612548828125,9041
2015-09-09,560.0,580.25,559.0,561.0999755859375,512.9287109375,3584
2015-09-10,550.3499755859375,565.0999755859375,550.3499755859375,557.75,509.866455078125,4105
2015-09-11,560.9000244140625,570.0,552.0499877929688,559.3499755859375,511.3290710449219,9169
2015-09-14,564.0499877929688,570.0,558.25,563.25,514.8942260742188,4947
2015-09-15,561.0,564.0,557.0499877929688,562.0,513.7515869140625,3376
2015-09-16,562.0499877929688,581.9000244140625,562.0,576.6500244140625,527.1438598632812,10439
2015-09-18,580.0,688.0,579.5,662.25,605.3949584960938,145297
2015-09-21,650.0,689.3499755859375,637.2000122070312,661.7999877929688,612.381103515625,81181
2015-09-22,625.0,677.75,625.0,640.75,592.9030151367188,30281
2015-09-23,640.0499877929688,647.0,632.8499755859375,638.5,590.821044921875,6203
2015-09-24,630.0499877929688,650.0,630.0,642.0499877929688,594.1058959960938,7585
2015-09-28,640.0,694.0,635.0499877929688,664.4500122070312,614.833251953125,32387
2015-09-29,647.0499877929688,659.0,631.0499877929688,641.25,593.36572265625,7823
2015-09-30,646.6500244140625,655.0,632.0,640.3499755859375,592.5328369140625,8908
2015-10-01,640.1500244140625,644.6500244140625,630.0,633.1500244140625,585.8704833984375,4563
2015-10-05,634.9500122070312,684.9500122070312,634.8499755859375,674.5999755859375,624.2252807617188,21430
2015-10-06,670.0,680.0,650.0,653.0499877929688,604.2845458984375,24620
2015-10-07,661.5999755859375,670.0,646.0499877929688,651.0,602.3876342773438,7200
2015-10-08,651.0499877929688,655.5,636.0499877929688,642.0499877929688,594.1058959960938,3206
2015-10-09,642.7999877929688,667.9500122070312,611.0,625.5999755859375,578.8843383789062,15060
2015-10-12,631.0499877929688,655.0,630.0,650.1500244140625,601.60107421875,12140
2015-10-13,652.0,680.2000122070312,641.9000244140625,671.0,620.8941650390625,43505
2015-10-14,672.0,701.0,668.5,681.2000122070312,630.3324584960938,80941
2015-10-15,690.0,725.0,680.0,709.3499755859375,656.38037109375,124457
2015-10-16,710.0,851.2000122070312,709.5999755859375,851.2000122070312,787.6380004882812,375918
2015-10-19,880.0,1021.4000244140625,870.0,1010.0499877929688,934.6261596679688,1075694
2015-10-20,1004.7000122070312,1004.7000122070312,914.0,924.5,855.4644165039062,477424
2015-10-21,920.0,980.0,912.2999877929688,968.4500122070312,896.1325073242188,311084
2015-10-23,973.9000244140625,1011.0,960.0,967.7999877929688,895.5310668945312,345634
2015-10-26,969.9000244140625,977.5,935.0999755859375,960.5499877929688,888.822509765625,126892
2015-10-27,950.2999877929688,972.0,947.9500122070312,955.8499755859375,884.4734497070312,74386
2015-10-28,950.0,965.0,940.0,942.7000122070312,872.3053588867188,46469
2015-10-29,940.0999755859375,949.0,910.0,917.0999755859375,848.6170043945312,37351
2015-10-30,923.9500122070312,971.9500122070312,921.0,939.75,869.57568359375,132844
2015-11-02,950.4500122070312,970.2000122070312,896.1500244140625,920.0999755859375,851.3930053710938,123630
2015-11-03,928.4500122070312,960.0,925.0,953.0499877929688,881.8825073242188,65764
2015-11-04,961.7000122070312,973.9500122070312,942.0,946.7999877929688,876.0992431640625,59454
2015-11-05,948.0,982.0,940.0,951.7000122070312,880.6333618164062,132449
2015-11-06,952.0,990.0,928.0,935.0999755859375,865.2728271484375,103591
2015-11-09,923.0,963.7000122070312,900.0,956.8499755859375,885.3987426757812,44523
2015-11-10,962.0,968.0,925.0,934.5999755859375,864.8102416992188,25535
2015-11-13,962.5,1000.0,947.0999755859375,989.25,915.3793334960938,105926
2015-11-16,1010.0,1187.0999755859375,965.2999877929688,1139.8499755859375,1054.7335205078125,485338
2015-11-17,1155.9000244140625,1349.9000244140625,1155.0,1267.449951171875,1172.8050537109375,1034552
2015-11-18,1270.0,1278.3499755859375,1170.0999755859375,1187.3499755859375,1098.6866455078125,382411
2015-11-19,1200.0,1227.0,1157.800048828125,1198.550048828125,1109.0501708984375,345815
2015-11-20,1182.0,1309.0,1182.0,1267.699951171875,1173.03662109375,411109
2015-11-23,1275.75,1390.0,1252.199951171875,1361.449951171875,1259.7857666015625,485520
2015-11-24,1368.0,1407.0,1354.0,1371.0,1268.622802734375,265018
2015-11-26,1380.0,1443.800048828125,1380.0,1431.1500244140625,1324.28125,358968
2015-11-27,1440.0,1470.0,1301.0,1381.8499755859375,1278.6624755859375,500158
2015-11-30,1409.5,1426.0,1361.0,1415.699951171875,1309.98486328125,261038
2015-12-01,1418.0,1439.300048828125,1383.8499755859375,1398.5,1294.069091796875,127115
2015-12-02,1410.0,1590.0,1370.0,1568.050048828125,1450.9583740234375,790163
2015-12-03,1545.0,1662.800048828125,1542.4000244140625,1632.3499755859375,1510.4569091796875,729601
2015-12-04,1625.0,1639.0,1547.0,1567.800048828125,1450.7269287109375,331678
2015-12-07,1575.0,1595.449951171875,1466.5999755859375,1490.050048828125,1378.782958984375,545951
2015-12-08,1490.0,1538.0,1482.4000244140625,1495.449951171875,1383.779541015625,242885
2015-12-09,1505.199951171875,1536.0,1405.8499755859375,1452.25,1343.8055419921875,399758
2015-12-10,1470.0,1479.0,1380.0999755859375,1398.0,1293.6065673828125,254512
2015-12-11,1410.0,1414.9000244140625,1375.0,1385.9000244140625,1282.4100341796875,108461
2015-12-14,1376.0,1504.0,1365.0,1479.4000244140625,1368.9281005859375,461536
2015-12-15,1489.0,1489.0,1374.0,1386.949951171875,1283.3817138671875,268629
2015-12-16,1403.0,1413.8499755859375,1351.550048828125,1399.699951171875,1295.1795654296875,271358
2015-12-17,1395.0,1395.0,1315.300048828125,1335.3499755859375,1235.634765625,261461
2015-12-18,1332.0,1348.699951171875,1201.8499755859375,1201.8499755859375,1112.103759765625,472234
2015-12-21,1150.0,1249.9000244140625,1091.5999755859375,1235.0,1142.7784423828125,718166
2015-12-22,1235.0,1287.0,1177.8499755859375,1259.550048828125,1165.4949951171875,361018
2015-12-23,1255.0,1307.699951171875,1245.0,1255.3499755859375,1161.608642578125,241509
2015-12-24,1261.699951171875,1294.0,1246.0,1266.050048828125,1171.509765625,142851
2015-12-28,1260.0,1292.0,1246.0,1270.75,1175.8587646484375,114936
2015-12-29,1266.5999755859375,1276.949951171875,1250.0,1253.9000244140625,1160.2669677734375,56606
2015-12-30,1255.0,1345.0,1255.0,1323.9000244140625,1225.039794921875,535148
2015-12-31,1330.0,1389.0,1324.0,1368.3499755859375,1266.170654296875,413971
2016-01-01,1374.9000244140625,1437.9000244140625,1355.0,1413.75,1308.180419921875,353133
2016-01-04,1415.0,1458.0,1335.1500244140625,1359.3499755859375,1257.8426513671875,228164
2016-01-05,1379.0,1424.0,1325.0,1394.1500244140625,1290.044189453125,336679
2016-01-06,1427.0,1449.4000244140625,1362.0999755859375,1369.300048828125,1267.0498046875,247533
2016-01-07,1343.9000244140625,1350.0,1285.0,1301.449951171875,1204.2662353515625,132229
2016-01-08,1323.6500244140625,1440.0,1309.300048828125,1402.75,1298.0018310546875,515929
2016-01-11,1390.0,1437.5,1350.0,1390.5,1286.666748046875,300112
2016-01-12,1408.0,1408.0,1326.0,1333.300048828125,1233.7381591796875,188486
2016-01-13,1359.0,1380.0,1232.0,1295.3499755859375,1198.621826171875,327410
2016-01-14,1275.0,1314.449951171875,1240.550048828125,1268.949951171875,1174.1929931640625,145303
2016-01-15,1280.0,1288.0,1200.0,1208.9000244140625,1118.62744140625,145945
2016-01-18,1199.800048828125,1199.800048828125,1045.050048828125,1080.25,999.5840454101562,143067
2016-01-19,1080.0,1123.949951171875,1050.0,1056.1500244140625,977.28369140625,230767
2016-01-20,1025.0,1250.0,1005.0,1169.0,1081.7066650390625,657255
2016-01-21,1198.9000244140625,1249.949951171875,1191.5,1210.3499755859375,1119.968994140625,348426
2016-01-22,1234.0,1255.0,1206.0999755859375,1213.0999755859375,1122.5135498046875,205595
2016-01-25,1227.0,1245.0,1171.0,1229.5999755859375,1137.7816162109375,215399
2016-01-27,1231.0,1248.0,1204.0,1222.75,1131.4429931640625,90472
2016-01-28,1225.0,1246.0,1203.800048828125,1213.4000244140625,1122.791259765625,74560
2016-01-29,1215.0,1251.0,1205.050048828125,1222.550048828125,1131.2581787109375,122103
2016-02-01,1255.0,1365.0,1255.0,1276.300048828125,1180.994384765625,430784
2016-02-02,1285.4000244140625,1291.5,1226.050048828125,1238.1500244140625,1145.6932373046875,80841
2016-02-03,1202.5,1224.1500244140625,1188.0999755859375,1196.800048828125,1107.430908203125,60067
2016-02-04,1225.0,1226.0,1126.3499755859375,1139.199951171875,1054.1319580078125,123528
2016-02-05,1146.0,1175.0,1131.0999755859375,1164.449951171875,1077.4964599609375,80369
2016-02-08,1159.9000244140625,1225.0,1131.0,1167.9000244140625,1080.68896484375,127320
2016-02-09,1148.0,1197.8499755859375,1115.050048828125,1123.800048828125,1039.882080078125,168277
2016-02-10,1114.0,1147.9000244140625,1046.0,1058.75,979.6895751953125,141289
2016-02-11,1051.0,1077.0,950.0,968.25,895.9474487304688,117552
2016-02-12,997.0,997.0,876.3499755859375,952.7999877929688,881.6511840820312,188489
2016-02-15,968.0,1056.8499755859375,968.0,1030.800048828125,953.82666015625,119598
2016-02-16,1040.0,1065.0,975.0,993.2000122070312,919.0343627929688,119295
2016-02-17,1003.0,1023.0,950.0,1015.4500122070312,939.6229248046875,120573
2016-02-18,1025.0,1042.9000244140625,983.0,999.2000122070312,924.5863647460938,111468
2016-02-19,999.2000122070312,1096.5,991.7999877929688,1059.949951171875,980.7999267578125,236958
2016-02-22,1069.0,1145.0,1066.0,1124.5,1040.52978515625,360447
2016-02-23,1121.0,1148.6500244140625,1091.0,1136.0999755859375,1051.2635498046875,210755
2016-02-24,1136.0,1143.0,1085.25,1093.3499755859375,1011.7057495117188,96554
2016-02-25,1095.0,1114.6500244140625,1055.0,1062.300048828125,982.9745483398438,103597
2016-02-26,1078.0,1092.0,1001.2000122070312,1022.5999755859375,946.2389526367188,143227
2016-02-29,1012.0,1120.0,961.0999755859375,1074.0999755859375,993.8931884765625,343363
2016-03-01,1080.1500244140625,1188.699951171875,1078.0,1178.6500244140625,1090.63623046875,415796
2016-03-02,1194.0,1219.0,1140.0,1159.1500244140625,1072.59228515625,267031
2016-03-03,1165.0,1169.0,1134.0,1151.3499755859375,1065.374755859375,150161
2016-03-04,1146.199951171875,1198.949951171875,1131.0,1165.800048828125,1078.74560546875,207871
2016-03-08,1160.0,1187.949951171875,1142.699951171875,1164.0999755859375,1077.1727294921875,90163
2016-03-09,1150.0,1159.699951171875,1126.0,1134.8499755859375,1050.1070556640625,103748
2016-03-10,1146.0999755859375,1231.0999755859375,1145.949951171875,1198.300048828125,1108.8189697265625,370547
2016-03-11,1208.0,1221.0,1190.4000244140625,1208.0,1117.794677734375,195098
2016-03-14,1217.9000244140625,1239.800048828125,1193.0,1202.699951171875,1112.890380859375,117348
2016-03-15,1202.699951171875,1214.0,1172.0,1185.3499755859375,1096.8359375,97199
2016-03-16,1183.800048828125,1196.25,1158.0,1167.9000244140625,1080.68896484375,127687
2016-03-17,1179.0,1220.0,1166.6500244140625,1173.75,1086.10205078125,187157
2016-03-18,1183.9000244140625,1196.0,1176.0,1189.050048828125,1100.259521484375,83813
2016-03-21,1200.050048828125,1209.0,1180.0999755859375,1184.0,1095.586669921875,95655
2016-03-22,1194.0,1194.0,1167.5,1176.3499755859375,1088.5079345703125,88633
2016-03-23,1176.3499755859375,1227.699951171875,1160.0,1211.5999755859375,1121.1256103515625,157772
2016-03-28,1200.0,1207.0,1160.0,1165.8499755859375,1078.7919921875,118263
2016-03-29,1174.699951171875,1184.699951171875,1146.0,1162.9000244140625,1076.062255859375,77459
2016-03-30,1177.0,1217.050048828125,1171.699951171875,1198.949951171875,1109.4202880859375,160148
2016-03-31,1199.0,1216.449951171875,1181.050048828125,1188.449951171875,1099.704345703125,92134
2016-04-01,1189.0,1212.0,1181.0,1189.550048828125,1100.7222900390625,62150
2016-04-04,1172.0,1174.0,1127.0,1144.25,1058.8048095703125,204081
2016-04-05,1139.0,1168.699951171875,1125.0,1147.8499755859375,1062.1361083984375,130956
2016-04-06,1158.0,1180.0,1134.949951171875,1163.0999755859375,1076.2474365234375,53251
2016-04-07,1175.0,1175.0,1147.199951171875,1153.6500244140625,1067.503173828125,41605
2016-04-08,1154.050048828125,1165.0,1142.0,1146.949951171875,1061.3033447265625,52119
2016-04-11,1145.0,1194.9000244140625,1145.0,1187.0999755859375,1098.4552001953125,162041
2016-04-12,1176.0,1224.0,1175.0,1208.449951171875,1118.2108154296875,176747
2016-04-13,1218.0,1252.0,1206.1500244140625,1222.8499755859375,1131.5355224609375,219984
2016-04-18,1230.0,1230.0,1180.0,1202.5,1112.7052001953125,61397
2016-04-20,1210.699951171875,1210.699951171875,1168.0999755859375,1173.8499755859375,1086.194580078125,47214
2016-04-21,1184.9000244140625,1205.0,1145.0999755859375,1154.949951171875,1068.7060546875,119326
2016-04-22,1156.0,1183.0,1141.5,1163.699951171875,1076.8023681640625,69023
2016-04-25,1174.0,1174.5999755859375,1123.050048828125,1127.3499755859375,1043.1669921875,75342
2016-04-26,1039.0,1039.0,918.0,931.2999877929688,861.7566528320312,1799472
2016-04-27,940.0,972.0,936.0999755859375,943.1500244140625,872.7218017578125,587962
2016-04-28,949.9500122070312,957.0,879.0,909.4500122070312,841.5382080078125,703364
2016-04-29,915.4000244140625,927.7999877929688,891.7999877929688,905.2000122070312,837.6055908203125,243866
2016-05-02,895.5499877929688,914.5,889.5,896.4000244140625,829.4628295898438,130272
2016-05-03,903.9000244140625,906.7000122070312,875.0,881.2999877929688,815.4903564453125,95060
2016-05-04,870.0,911.5,870.0,880.1500244140625,814.4262084960938,249130
2016-05-05,881.0,890.0,820.0,843.5999755859375,780.6054077148438,141121
2016-05-06,818.2999877929688,839.0,800.0999755859375,807.8499755859375,747.5250244140625,395676
2016-05-09,826.0,877.9500122070312,819.25,863.5,799.01953125,456838
2016-05-10,867.0,874.0999755859375,840.0,850.7999877929688,787.267822265625,176589
2016-05-11,840.0,858.9000244140625,820.0999755859375,844.7000122070312,781.6234130859375,79070
2016-05-12,854.0,856.6500244140625,835.0999755859375,838.75,776.11767578125,56973
2016-05-13,839.9500122070312,850.0999755859375,822.6500244140625,829.7000122070312,767.7434692382812,75691
2016-05-16,828.5,844.5999755859375,828.5,831.6500244140625,769.5479736328125,47747
2016-05-17,834.9500122070312,917.0,831.0,897.3499755859375,830.341796875,459098
2016-05-18,885.0,916.7999877929688,874.7999877929688,890.0,823.5406494140625,208469
2016-05-19,885.0499877929688,924.9000244140625,875.5999755859375,881.9500122070312,816.091796875,176847
2016-05-20,888.0,893.0,867.0999755859375,872.0499877929688,806.9310913085938,62282
2016-05-23,879.9000244140625,890.0,866.9500122070312,871.4000244140625,806.32958984375,38894
2016-05-24,866.5,874.4000244140625,856.0,859.75,795.5494995117188,41042
2016-05-25,869.3499755859375,902.0,855.0,885.2000122070312,819.09912109375,120756
2016-05-26,886.2999877929688,893.2999877929688,866.0,873.7000122070312,808.4578857421875,68691
2016-05-27,872.0,901.0,872.0,888.0,821.6900024414062,113206
2016-05-30,896.0,917.9500122070312,868.0999755859375,895.75,828.861328125,231206
2016-05-31,896.75,899.0,832.0,886.2000122070312,820.0244140625,65635
2016-06-01,892.0,914.0,884.0499877929688,903.5499877929688,836.078857421875,92313
2016-06-02,890.75,899.8499755859375,880.0,882.9500122070312,817.0171508789062,43761
2016-06-03,882.9500122070312,896.0999755859375,860.0,861.5,797.1688232421875,60263
2016-06-06,863.6500244140625,881.0,863.5999755859375,868.9000244140625,804.0162963867188,29651
2016-06-07,875.8499755859375,888.0,868.0,878.0,812.4368286132812,40638
2016-06-08,878.0,893.8499755859375,873.0,877.3499755859375,811.8352661132812,40809
2016-06-09,879.9500122070312,885.0,867.0,870.75,805.7280883789062,26937
2016-06-10,872.5999755859375,895.0,860.0,868.4000244140625,803.5536499023438,77388
2016-06-13,864.0,883.4000244140625,862.0,879.1500244140625,813.5008544921875,51499
2016-06-14,879.9500122070312,892.5,868.0,871.2999877929688,806.237060546875,49424
2016-06-15,875.0499877929688,887.0,872.0,875.9000244140625,810.4935913085938,30735
2016-06-16,875.0999755859375,877.8499755859375,862.0,867.5499877929688,802.7670288085938,22119
2016-06-17,872.9500122070312,877.4500122070312,862.0999755859375,865.3499755859375,800.7313842773438,22168
2016-06-20,860.0,876.0,826.6500244140625,862.5499877929688,798.140380859375,19708
2016-06-21,867.7999877929688,871.0999755859375,858.7999877929688,860.3499755859375,796.104736328125,28423
2016-06-22,860.0,867.2000122070312,850.0,851.9000244140625,788.2858276367188,16420
2016-06-23,859.0,859.0,844.2000122070312,848.25,784.9082641601562,17372
2016-06-24,824.0,838.0,804.25,816.5499877929688,755.5755004882812,39454
2016-06-27,821.9500122070312,844.0,816.0,830.3499755859375,768.3449096679688,31783
2016-06-28,837.7000122070312,909.0,830.5499877929688,899.8499755859375,832.6551513671875,347944
2016-06-29,905.9500122070312,910.0,866.9500122070312,870.75,805.7280883789062,136962
2016-06-30,877.7999877929688,885.0,868.0,871.0999755859375,806.052001953125,38295
2016-07-01,877.5999755859375,882.0,862.0499877929688,864.0499877929688,799.5284423828125,24283
2016-07-04,864.0499877929688,884.3499755859375,860.0999755859375,873.2999877929688,808.0877075195312,37384
2016-07-05,873.2999877929688,924.9000244140625,873.2000122070312,898.9000244140625,831.776123046875,228259
2016-07-07,903.8499755859375,942.0,895.0,925.75,856.6211547851562,261681
2016-07-08,931.6500244140625,937.7999877929688,912.0499877929688,917.3499755859375,848.8483276367188,108740
2016-07-11,917.5499877929688,977.0,917.5499877929688,972.5999755859375,899.97265625,374037
2016-07-12,975.25,1068.0,967.0,1052.75,974.1375122070312,817704
2016-07-13,1058.0,1210.0,1055.0,1193.5999755859375,1104.4698486328125,1569700
2016-07-14,1204.0,1229.0,1174.0999755859375,1183.25,1094.892578125,604392
2016-07-15,1183.25,1225.0,1102.0,1172.0,1084.48291015625,603453
2016-07-18,1174.9000244140625,1188.699951171875,1142.0,1150.800048828125,1064.865966796875,213117
2016-07-19,1150.0999755859375,1180.0,1135.300048828125,1166.050048828125,1078.9771728515625,155783
2016-07-20,1163.0,1214.0,1156.25,1198.800048828125,1109.2816162109375,342539
2016-07-21,1207.9000244140625,1279.8499755859375,1205.550048828125,1219.1500244140625,1128.1116943359375,537941
2016-07-22,1230.0,1275.0,1228.0,1253.75,1160.1282958984375,288989
2016-07-25,1260.0999755859375,1295.0,1251.0,1263.800048828125,1169.427734375,313332
2016-07-26,1273.949951171875,1281.949951171875,1201.25,1217.699951171875,1126.77001953125,123968
2016-07-27,1227.0,1255.0,1166.0,1176.5,1088.646728515625,190990
2016-07-28,1188.0,1224.800048828125,1188.0,1206.8499755859375,1116.7303466796875,137681
2016-07-29,1213.699951171875,1223.0,1174.1500244140625,1188.449951171875,1099.704345703125,144550
2016-08-01,1195.0,1199.8499755859375,1154.0,1169.4000244140625,1082.076904296875,141076
2016-08-02,1177.8499755859375,1177.8499755859375,1125.0,1148.050048828125,1062.3212890625,77646
2016-08-03,1148.0,1148.0,1092.050048828125,1102.6500244140625,1020.3113403320312,76448
2016-08-04,1104.0,1163.800048828125,1082.0,1148.800048828125,1063.0152587890625,185484
2016-08-05,1158.800048828125,1186.9000244140625,1150.0,1175.1500244140625,1087.3975830078125,109333
2016-08-08,1184.0,1225.0,1155.0,1220.4000244140625,1129.2686767578125,174365
2016-08-09,1218.0,1304.949951171875,1218.0,1266.949951171875,1172.342529296875,431984
2016-08-10,1276.0,1278.9000244140625,1205.300048828125,1243.0999755859375,1150.2735595703125,167982
2016-08-11,1243.5,1267.800048828125,1235.0999755859375,1250.5999755859375,1157.21337890625,58825
2016-08-12,1257.0,1259.949951171875,1205.0,1214.6500244140625,1123.947998046875,49009
2016-08-16,1223.050048828125,1247.8499755859375,1194.949951171875,1204.5,1114.5557861328125,35845
2016-08-17,1203.050048828125,1227.9000244140625,1175.0,1185.9000244140625,1097.344970703125,36684
2016-08-18,1193.6500244140625,1227.0,1158.050048828125,1193.0,1103.9146728515625,83884
2016-08-19,1185.0,1226.0,1182.050048828125,1195.550048828125,1106.2744140625,62394
2016-08-22,1196.0,1208.0,1156.050048828125,1165.3499755859375,1078.329345703125,48998
2016-08-23,1175.4000244140625,1189.5,1158.0,1165.25,1078.23681640625,46502
2016-08-24,1171.1500244140625,1180.0,1161.199951171875,1165.050048828125,1078.0518798828125,39908
2016-08-25,1167.0999755859375,1231.949951171875,1165.5,1199.800048828125,1110.2069091796875,259319
2016-08-26,1200.550048828125,1215.0,1188.0,1194.300048828125,1105.11767578125,53613
2016-08-29,1181.300048828125,1204.9000244140625,1169.949951171875,1177.0999755859375,1089.201904296875,35683
2016-08-30,1180.0,1223.0,1180.0,1190.949951171875,1102.017822265625,124186
2016-08-31,1190.0,1235.0,1180.0999755859375,1207.3499755859375,1117.1929931640625,225559
2016-09-01,1215.0,1288.3499755859375,1215.0,1244.25,1151.3377685546875,453384
2016-09-02,1256.0,1359.0,1247.4000244140625,1343.9000244140625,1243.54638671875,694126
2016-09-06,1371.0,1434.0,1362.050048828125,1411.8499755859375,1306.4224853515625,409301
2016-09-07,1425.449951171875,1487.699951171875,1400.0,1461.3499755859375,1352.2259521484375,349571
2016-09-08,1493.4000244140625,1525.0,1478.25,1512.1500244140625,1399.232666015625,358725
2016-09-09,1510.0,1518.0,1451.050048828125,1467.25,1357.685546875,178803
2016-09-12,1435.0,1464.8499755859375,1411.0999755859375,1446.3499755859375,1338.345947265625,127864
2016-09-14,1374.8499755859375,1446.0,1301.0999755859375,1331.199951171875,1231.794677734375,769952
2016-09-15,1334.949951171875,1394.0,1332.949951171875,1368.5,1266.3095703125,252930
2016-09-16,1370.0,1394.800048828125,1335.0,1350.0,1256.5364990234375,235451
2016-09-19,1345.0,1363.5,1310.3499755859375,1316.9000244140625,1225.72802734375,75506
2016-09-20,1320.0,1356.199951171875,1310.0999755859375,1319.050048828125,1227.7291259765625,121750
2016-09-21,1316.0999755859375,1340.0,1311.8499755859375,1316.6500244140625,1225.495361328125,84155
2016-09-22,1330.800048828125,1340.0,1292.800048828125,1297.300048828125,1207.485107421875,84117
2016-09-23,1300.0,1310.449951171875,1291.0,1295.3499755859375,1205.669921875,51933
2016-09-26,1295.0,1363.0,1264.0,1326.300048828125,1234.4774169921875,375346
2016-09-27,1327.0,1336.6500244140625,1284.0,1294.3499755859375,1204.7391357421875,85808
2016-09-28,1299.050048828125,1325.0,1271.0,1278.1500244140625,1189.660888671875,82111
2016-09-29,1288.300048828125,1303.0,1129.0,1218.550048828125,1134.1871337890625,180142
2016-09-30,1218.550048828125,1296.0,1200.0,1286.5999755859375,1197.525634765625,151413
2016-10-03,1295.0,1346.199951171875,1278.0,1319.9000244140625,1228.5205078125,211486
2016-10-04,1320.0,1338.0,1303.5999755859375,1320.699951171875,1229.2650146484375,94759
2016-10-05,1320.699951171875,1350.0,1302.8499755859375,1312.0999755859375,1221.26025390625,113380
2016-10-06,1323.800048828125,1325.0,1282.25,1290.800048828125,1201.4349365234375,94456
2016-10-07,1290.0,1347.0,1284.0,1339.0,1246.2978515625,155764
2016-10-10,1345.0,1349.800048828125,1306.0,1313.199951171875,1222.2841796875,56349
2016-10-13,1320.0,1384.0,1292.300048828125,1345.449951171875,1252.3013916015625,307231
2016-10-14,1351.0,1442.5,1351.0,1406.699951171875,1309.3109130859375,235974
2016-10-17,1430.050048828125,1517.699951171875,1430.050048828125,1490.949951171875,1387.72802734375,603500
2016-10-18,1495.0,1542.5,1473.199951171875,1513.949951171875,1409.1358642578125,369331
2016-10-19,1500.0999755859375,1512.0,1451.0999755859375,1459.300048828125,1358.2694091796875,127819
2016-10-20,1466.0,1489.5,1445.0,1458.550048828125,1357.5711669921875,113474
2016-10-21,1464.800048828125,1508.800048828125,1441.0,1487.25,1384.2843017578125,116412
2016-10-24,1473.0,1515.0,1460.550048828125,1499.550048828125,1395.73291015625,196086
2016-10-25,1507.0,1507.0,1455.0,1469.8499755859375,1368.0888671875,76027
2016-10-26,1462.550048828125,1513.9000244140625,1432.0,1445.800048828125,1345.7041015625,123352
2016-10-27,1445.800048828125,1470.0,1386.5999755859375,1412.5,1314.7093505859375,95294
2016-10-28,1419.0,1469.9000244140625,1405.0,1459.0,1357.9901123046875,120758
2016-11-01,1448.4000244140625,1459.8499755859375,1392.050048828125,1415.9000244140625,1317.8740234375,50950
2016-11-02,1407.0,1445.0,1397.0999755859375,1426.1500244140625,1327.4141845703125,77071
2016-11-03,1431.0,1461.300048828125,1384.800048828125,1398.0,1301.2132568359375,163627
2016-11-04,1465.0,1491.0,1375.550048828125,1389.050048828125,1292.8829345703125,229894
2016-11-07,1409.800048828125,1419.9000244140625,1370.0,1377.0,1281.6671142578125,54647
2016-11-08,1386.550048828125,1396.800048828125,1330.699951171875,1343.1500244140625,1250.1607666015625,71472
2016-11-09,1240.0,1299.4000244140625,1074.550048828125,1276.800048828125,1188.404296875,169100
2016-11-10,1320.0,1329.0,1280.0999755859375,1289.550048828125,1200.2716064453125,53891
2016-11-11,1279.699951171875,1279.699951171875,1185.0,1220.699951171875,1136.1881103515625,86888
2016-11-15,1230.0,1230.0,1145.0,1150.800048828125,1071.1275634765625,67093
2016-11-16,1168.0,1189.800048828125,920.6500244140625,951.9500122070312,886.0443725585938,420269
2016-11-17,919.0,973.2000122070312,871.1500244140625,930.4000244140625,865.986328125,902513
2016-11-18,946.0,978.0,932.5,943.1500244140625,877.8535766601562,336695
2016-11-21,968.9500122070312,973.9500122070312,930.0,944.8499755859375,879.4358520507812,110616
2016-11-22,959.0,963.0,932.7000122070312,941.8499755859375,876.6435546875,55483
2016-11-23,946.0,958.2999877929688,941.8499755859375,950.9500122070312,885.1135864257812,49655
2016-11-24,957.0,975.9500122070312,907.0,942.9000244140625,877.6209106445312,258319
2016-11-25,950.0,964.9000244140625,940.0,948.0499877929688,882.414306640625,93074
2016-11-28,950.1500244140625,957.6500244140625,934.4500122070312,937.5999755859375,872.687744140625,52574
2016-11-29,945.7999877929688,949.9000244140625,920.0,922.75,858.865966796875,65467
2016-11-30,924.0,944.9500122070312,920.6500244140625,928.9500122070312,864.6366577148438,186781
2016-12-01,930.0,942.1500244140625,920.0,923.1500244140625,859.23828125,41515
2016-12-02,925.0,928.0,900.0,906.75,843.9736328125,37763
2016-12-05,915.0,932.0,906.0999755859375,920.3499755859375,856.632080078125,73604
2016-12-06,928.0,934.0,910.75,912.9500122070312,849.7444458007812,46826
2016-12-07,923.0,924.75,913.0,917.0499877929688,853.5604858398438,41655
2016-12-08,917.0,940.0,914.5,918.3499755859375,854.7705078125,77794
2016-12-09,920.5499877929688,927.4500122070312,915.0499877929688,916.4000244140625,852.95556640625,30410
2016-12-12,923.4000244140625,930.0,910.0,913.7999877929688,850.5355224609375,42771
2016-12-13,917.2999877929688,924.9500122070312,909.0,910.9000244140625,847.8363037109375,21833
2016-12-14,917.0,930.0,896.0,904.7999877929688,842.1586303710938,92708
2016-12-15,896.25,918.0,894.0,898.3499755859375,836.1552124023438,42971
2016-12-16,906.4000244140625,909.9000244140625,875.0,882.8499755859375,821.728271484375,42516
2016-12-19,882.9000244140625,900.0,876.0,886.7000122070312,825.311767578125,38768
2016-12-20,892.75,894.0,867.0,874.1500244140625,813.6306762695312,44140
2016-12-21,876.2000122070312,880.0,868.0999755859375,871.5999755859375,811.2572021484375,16981
2016-12-22,871.5999755859375,871.6500244140625,840.0,843.4000244140625,785.0094604492188,37386
2016-12-23,843.4000244140625,874.9000244140625,840.0,852.3499755859375,793.3397827148438,59127
2016-12-26,851.0,854.2000122070312,822.9500122070312,833.0999755859375,775.4225463867188,35207
2016-12-27,839.9500122070312,999.7000122070312,831.5,999.7000122070312,930.4884643554688,947508
2016-12-28,1040.0,1103.300048828125,1014.4500122070312,1025.800048828125,954.7815551757812,1050219
2016-12-29,1029.699951171875,1031.0,971.5,1012.5999755859375,942.4954223632812,466191
2016-12-30,1014.9000244140625,1058.300048828125,1005.5,1021.9000244140625,951.1515502929688,318327
2017-01-02,1013.0,1043.4000244140625,1007.0,1014.0999755859375,943.8914794921875,134080
2017-01-03,1024.449951171875,1043.75,1006.3499755859375,1027.75,956.5964965820312,113062
2017-01-04,1030.0,1079.5999755859375,1026.199951171875,1063.0999755859375,989.4991455078125,393931
2017-01-05,1075.9000244140625,1094.6500244140625,1046.4000244140625,1054.1500244140625,981.1688232421875,189068
2017-01-06,1056.0999755859375,1065.0,1021.0,1034.050048828125,962.4605102539062,71987
2017-01-09,1040.0,1052.800048828125,1013.0,1036.199951171875,964.46142578125,53205
2017-01-10,1037.5,1097.0,1024.0999755859375,1066.550048828125,992.7103881835938,366953
2017-01-11,1069.6500244140625,1076.0,1045.050048828125,1053.800048828125,980.8430786132812,72113
2017-01-12,1052.0,1092.949951171875,1052.0,1067.5,993.5945434570312,176839
2017-01-13,1075.0,1088.0,1061.0,1068.5,994.5252685546875,98110
2017-01-16,1057.0,1075.0,1049.050048828125,1052.5,979.633056640625,51964
2017-01-17,1057.0,1068.25,1045.0,1048.3499755859375,975.770263671875,62696
2017-01-18,1052.0,1085.0,1035.0999755859375,1057.800048828125,984.566162109375,189756
2017-01-19,1035.0999755859375,1069.8499755859375,1035.0999755859375,1048.699951171875,976.0960083007812,47301
2017-01-20,1051.0999755859375,1057.800048828125,1022.0,1028.6500244140625,957.4342041015625,50616
2017-01-23,1034.949951171875,1065.0,1028.0,1044.550048828125,972.2334594726562,75566
2017-01-24,1050.0,1070.0,1045.199951171875,1053.9000244140625,980.9360961914062,111577
2017-01-25,1052.449951171875,1068.699951171875,1042.0,1051.449951171875,978.6555786132812,53707
2017-01-27,1050.0,1067.75,1045.0,1049.949951171875,977.2594604492188,48635
2017-01-30,1051.0,1060.0,1025.0,1030.5999755859375,959.2491455078125,39399
2017-01-31,1034.0,1039.199951171875,1006.25,1010.7000122070312,940.7269897460938,50863
2017-02-01,1011.7000122070312,1053.949951171875,975.5999755859375,1024.949951171875,953.9902954101562,286644
2017-02-02,1028.0,1063.0,1028.0,1042.300048828125,970.1392211914062,163061
2017-02-03,1089.0,1118.0,1065.0,1070.949951171875,996.8056640625,280288
2017-02-06,1075.0,1092.4000244140625,1050.0999755859375,1060.3499755859375,986.9395751953125,66172
2017-02-07,1063.5999755859375,1092.0,1052.0999755859375,1063.699951171875,990.0574340820312,83552
2017-02-08,1064.0,1083.800048828125,1059.0,1073.9000244140625,999.5514526367188,75468
2017-02-09,1075.199951171875,1082.75,1050.0,1062.6500244140625,989.080322265625,54885
2017-02-10,1064.3499755859375,1072.9000244140625,1046.0,1050.449951171875,977.724853515625,34223
2017-02-13,1051.0999755859375,1072.0,1046.1500244140625,1057.0999755859375,983.9146118164062,61133
2017-02-14,1060.0,1065.0,1035.0999755859375,1043.75,971.48876953125,26523
2017-02-15,1055.0,1055.0,1020.4000244140625,1022.6500244140625,951.849609375,40006
2017-02-16,1024.050048828125,1038.0,1015.0,1022.9500122070312,952.1288452148438,34308
2017-02-17,1033.9000244140625,1060.0,1025.050048828125,1042.5999755859375,970.4183959960938,85880
2017-02-20,1045.0,1053.5999755859375,1037.0999755859375,1041.0,968.92919921875,29114
2017-02-21,1022.0499877929688,1050.0,1022.0499877929688,1037.199951171875,965.3921508789062,53966
2017-02-22,1048.0,1050.0999755859375,1025.0999755859375,1032.25,960.7849731445312,26015
2017-02-23,1032.25,1043.949951171875,1027.25,1035.75,964.0426025390625,46383
2017-02-27,1035.0,1043.0,1027.25,1037.4000244140625,965.5784912109375,41942
2017-02-28,1037.4000244140625,1065.0,1030.0,1036.5,964.7407836914062,72110
2017-03-01,1040.0,1060.0,1040.0,1051.4000244140625,978.6093139648438,62396
2017-03-02,1052.1500244140625,1058.0,1025.0,1027.8499755859375,956.6895751953125,36885
2017-03-03,1028.0,1030.0,1012.0,1017.0999755859375,946.6837768554688,29680
2017-03-06,1025.0,1025.0,1005.25,1009.8499755859375,939.935791015625,41038
2017-03-07,1009.0,1019.9000244140625,993.0,998.75,929.604248046875,31514
2017-03-08,1004.7999877929688,1019.2999877929688,992.0,998.1500244140625,929.0458374023438,41274
2017-03-09,999.75,1018.5999755859375,992.1500244140625,1005.5,935.886962890625,33464
2017-03-10,1010.0,1024.5999755859375,1004.9000244140625,1021.2000122070312,950.5000610351562,48147
2017-03-14,1030.0,1089.050048828125,1030.0,1077.25,1002.6694946289062,223851
2017-03-15,1081.0,1278.0,1080.050048828125,1258.699951171875,1171.557373046875,1578745
2017-03-16,1270.0,1312.0,1270.0,1284.1500244140625,1195.245361328125,652122
2017-03-17,1284.1500244140625,1345.0,1282.0,1303.4000244140625,1213.16259765625,635248
2017-03-20,1302.699951171875,1309.0,1235.199951171875,1247.949951171875,1161.551513671875,153970
2017-03-21,1256.75,1275.0,1220.0,1228.8499755859375,1143.77392578125,132124
2017-03-22,1223.0,1223.0,1172.5,1178.050048828125,1096.4910888671875,124802
2017-03-23,1184.550048828125,1210.0,1175.4000244140625,1181.0999755859375,1099.329833984375,76596
2017-03-24,1181.0,1210.0,1167.0,1176.800048828125,1095.327392578125,104029
2017-03-27,1180.0,1184.9000244140625,1106.699951171875,1117.800048828125,1040.4122314453125,107977
2017-03-28,1125.0,1225.4000244140625,1118.0,1184.25,1102.26171875,721778
2017-03-29,1181.0,1186.9000244140625,1136.0999755859375,1141.300048828125,1062.2852783203125,172882
2017-03-30,1150.0,1168.0,1136.3499755859375,1142.8499755859375,1063.7279052734375,81884
2017-03-31,1154.0,1158.949951171875,1129.699951171875,1133.0999755859375,1054.65283203125,51549
2017-04-03,1170.050048828125,1210.0,1150.5,1158.0,1077.8291015625,298532
2017-04-05,1158.0,1185.0,1138.3499755859375,1148.4000244140625,1068.8936767578125,111393
2017-04-06,1135.050048828125,1158.0,1135.050048828125,1139.1500244140625,1060.2841796875,45307
2017-04-07,1142.0,1185.0,1137.050048828125,1142.3499755859375,1063.262451171875,147595
2017-04-10,1151.949951171875,1160.0,1132.050048828125,1138.800048828125,1059.958251953125,50172
2017-04-11,1141.0,1170.0,1135.75,1137.800048828125,1059.027587890625,130419
2017-04-12,1144.9000244140625,1145.9000244140625,1117.0,1121.0999755859375,1043.4837646484375,72058
2017-04-13,1121.0999755859375,1130.800048828125,1106.0,1111.550048828125,1034.5948486328125,41606
2017-04-17,1118.949951171875,1146.0,1108.0,1123.050048828125,1045.298828125,96495
2017-04-18,1124.5,1141.0,1080.0,1088.0,1012.6753540039062,78657
2017-04-19,1090.0,1095.0,1070.0,1081.449951171875,1006.5786743164062,47167
2017-04-20,1101.9000244140625,1160.0,1101.9000244140625,1149.449951171875,1069.8709716796875,382368
2017-04-21,1157.949951171875,1178.949951171875,1123.050048828125,1135.75,1057.119384765625,175685
2017-04-24,1145.0,1179.0,1131.0999755859375,1159.449951171875,1079.178466796875,92117
2017-04-25,1161.300048828125,1224.9000244140625,1154.6500244140625,1210.1500244140625,1126.36865234375,397173
2017-04-26,1219.949951171875,1249.0,1152.5,1187.550048828125,1105.333251953125,209563
2017-04-27,1185.300048828125,1235.0,1185.300048828125,1228.949951171875,1143.866943359375,165521
2017-04-28,1230.8499755859375,1240.0,1171.0,1193.4000244140625,1110.7783203125,185801
2017-05-02,1198.0,1234.0,1194.050048828125,1221.050048828125,1136.5140380859375,194130
2017-05-03,1221.0,1275.050048828125,1219.9000244140625,1243.5,1157.40966796875,240266
2017-05-04,1249.0,1254.699951171875,1210.0999755859375,1226.1500244140625,1141.2608642578125,82554
2017-05-05,1216.5,1229.800048828125,1181.050048828125,1195.6500244140625,1112.872314453125,117594
2017-05-08,1199.4000244140625,1210.0,1166.0,1179.0999755859375,1097.4681396484375,49629
2017-05-09,1184.0,1219.0,1179.5999755859375,1195.8499755859375,1113.0584716796875,80324
2017-05-10,1208.0,1223.0,1195.0,1202.25,1119.0155029296875,74905
2017-05-11,1202.0999755859375,1314.949951171875,1201.800048828125,1290.0999755859375,1200.7835693359375,772451
2017-05-12,1295.0,1302.300048828125,1237.0,1256.5,1169.5096435546875,155936
2017-05-15,1257.0,1289.9000244140625,1255.0,1266.0999755859375,1178.4449462890625,96754
2017-05-16,1274.800048828125,1274.800048828125,1236.4000244140625,1249.3499755859375,1162.8546142578125,81948
2017-05-17,1257.8499755859375,1317.699951171875,1248.550048828125,1288.050048828125,1198.8753662109375,357750
2017-05-18,1257.0999755859375,1274.9000244140625,1230.3499755859375,1240.75,1154.8499755859375,144056
2017-05-19,1260.0,1305.0,1242.5999755859375,1253.0,1166.251953125,224155
2017-05-22,1255.0,1290.1500244140625,1230.050048828125,1236.300048828125,1150.708251953125,174191
2017-05-23,1244.0,1249.300048828125,1175.0,1181.050048828125,1099.283203125,130856
2017-05-24,1182.4000244140625,1204.5,1154.050048828125,1170.0,1088.998291015625,94297
2017-05-25,1184.0,1227.9000244140625,1158.0,1212.25,1128.3232421875,143989
2017-05-26,1224.0,1248.1500244140625,1212.0,1231.699951171875,1146.426513671875,125796
2017-05-29,1213.0999755859375,1235.199951171875,1181.5,1197.949951171875,1115.01318359375,86000
2017-05-30,1201.300048828125,1242.4000244140625,1176.050048828125,1212.050048828125,1128.1370849609375,135589
2017-05-31,1224.0,1243.9000244140625,1217.050048828125,1228.699951171875,1143.6341552734375,133436
2017-06-01,1228.0999755859375,1272.449951171875,1228.0999755859375,1256.6500244140625,1169.6492919921875,253214
2017-06-02,1264.300048828125,1285.0,1248.300048828125,1260.5,1173.2327880859375,91073
2017-06-05,1264.800048828125,1278.199951171875,1251.25,1259.5,1172.302001953125,65147
2017-06-06,1269.9000244140625,1269.9000244140625,1236.300048828125,1242.949951171875,1156.8975830078125,47499
2017-06-07,1243.5999755859375,1260.699951171875,1227.0,1234.8499755859375,1149.3585205078125,57853
2017-06-08,1236.6500244140625,1249.949951171875,1221.0,1228.9000244140625,1143.820556640625,33067
2017-06-09,1231.0,1244.800048828125,1219.9000244140625,1229.449951171875,1144.332275390625,47871
2017-06-12,1224.4000244140625,1278.0,1215.5,1246.4000244140625,1160.1090087890625,146047
2017-06-13,1250.050048828125,1277.0,1248.1500244140625,1253.050048828125,1166.2984619140625,158885
2017-06-14,1256.0,1263.449951171875,1235.0,1243.699951171875,1157.595703125,52524
2017-06-15,1250.0,1257.6500244140625,1240.0,1246.3499755859375,1160.0623779296875,38798
2017-06-16,1252.0,1255.5999755859375,1230.199951171875,1233.6500244140625,1148.2415771484375,37160
2017-06-19,1240.050048828125,1261.949951171875,1235.050048828125,1240.050048828125,1154.198486328125,70262
2017-06-20,1242.0,1248.75,1234.0,1236.699951171875,1151.080322265625,34886
2017-06-21,1236.699951171875,1258.25,1226.0,1237.1500244140625,1151.499267578125,43169
2017-06-22,1245.0,1322.4000244140625,1241.3499755859375,1278.300048828125,1189.80029296875,679076
2017-06-23,1294.0,1319.5,1252.6500244140625,1263.800048828125,1176.304443359375,428056
2017-06-27,1274.300048828125,1275.0,1201.5999755859375,1219.4000244140625,1134.9781494140625,161838
2017-06-28,1220.0,1257.949951171875,1192.0,1222.949951171875,1138.2823486328125,202975
2017-06-29,1230.0,1249.0,1207.050048828125,1216.550048828125,1132.3255615234375,123070
2017-06-30,1218.0,1269.0,1203.050048828125,1259.5999755859375,1172.3948974609375,215156
2017-07-03,1305.0,1329.0,1273.5999755859375,1281.300048828125,1192.5928955078125,343515
2017-07-04,1287.0,1298.6500244140625,1264.9000244140625,1270.6500244140625,1182.6800537109375,122951
2017-07-05,1274.0,1280.0,1245.800048828125,1253.699951171875,1166.9033203125,122331
2017-07-06,1250.4000244140625,1271.1500244140625,1241.0999755859375,1255.300048828125,1168.392822265625,132671
2017-07-07,1260.0,1260.3499755859375,1242.0,1250.300048828125,1163.739013671875,48912
2017-07-10,1252.1500244140625,1261.949951171875,1240.0,1247.1500244140625,1160.8070068359375,15368
2017-07-11,1251.25,1286.0,1247.550048828125,1256.050048828125,1169.0909423828125,257160
2017-07-12,1257.0,1266.1500244140625,1243.0,1253.5,1166.71728515625,120724
2017-07-13,1259.75,1277.9000244140625,1252.0,1274.800048828125,1186.542724609375,253258
2017-07-14,1280.0,1280.0,1256.050048828125,1260.0999755859375,1172.8603515625,110817
2017-07-17,1251.0,1259.800048828125,1217.050048828125,1227.050048828125,1142.0986328125,161386
2017-07-18,1105.0,1185.0,1100.050048828125,1157.050048828125,1076.94482421875,653602
2017-07-19,1167.5,1181.25,1161.0,1166.9000244140625,1086.1129150390625,137138
2017-07-20,1173.1500244140625,1174.949951171875,1153.300048828125,1158.050048828125,1077.8756103515625,65197
2017-07-21,1152.0,1176.0,1077.8499755859375,1161.199951171875,1080.8074951171875,179159
2017-07-24,1164.699951171875,1202.050048828125,1158.949951171875,1170.949951171875,1089.88232421875,137400
2017-07-25,1171.0,1180.0,1156.0,1160.75,1080.3885498046875,44629
2017-07-26,1162.0,1172.0,1157.0,1162.75,1082.2501220703125,45545
2017-07-27,1163.5,1178.0,1133.0,1145.4000244140625,1066.1014404296875,156731
2017-07-28,1144.5,1181.9000244140625,1144.5,1163.199951171875,1082.6688232421875,195396
2017-07-31,1168.949951171875,1168.949951171875,1127.550048828125,1130.5999755859375,1052.3260498046875,88620
2017-08-01,1135.0999755859375,1140.0,1117.0,1123.949951171875,1046.13623046875,91999
2017-08-02,1124.699951171875,1136.0,1080.199951171875,1091.449951171875,1015.8864135742188,101912
2017-08-03,1094.949951171875,1095.0,1042.25,1056.300048828125,983.1699829101562,102365
2017-08-04,1058.0,1081.5,1042.5,1057.75,984.5195922851562,166576
2017-08-07,1060.0,1066.5,1044.050048828125,1050.449951171875,977.724853515625,58416
2017-08-08,1056.9000244140625,1061.300048828125,1012.0,1017.4500122070312,947.0096435546875,102524
2017-08-09,1010.2000122070312,1018.7999877929688,974.0,985.7000122070312,917.457763671875,121071
2017-08-10,984.8499755859375,984.8499755859375,890.0,900.9000244140625,838.5286865234375,128908
2017-08-11,878.0,915.0,830.0,895.5499877929688,833.549072265625,230559
2017-08-14,925.0,933.7999877929688,900.0,909.75,846.7659912109375,73415
2017-08-16,914.7999877929688,1053.75,893.5999755859375,1041.800048828125,969.673828125,1201615
2017-08-17,1044.949951171875,1134.699951171875,1030.5,1076.8499755859375,1002.2971801757812,1346806
2017-08-18,1060.0,1109.0,1045.0,1086.6500244140625,1011.4187622070312,663725
2017-08-21,1086.0999755859375,1109.1500244140625,1061.949951171875,1069.3499755859375,995.3165283203125,201926
2017-08-22,1078.449951171875,1089.8499755859375,1036.5,1054.5999755859375,981.5877075195312,281095
2017-08-23,1051.0,1077.25,1045.1500244140625,1051.9000244140625,979.0745849609375,222224
2017-08-24,1055.300048828125,1062.9000244140625,1040.0,1051.4000244140625,978.6093139648438,120282
2017-08-28,1051.4000244140625,1070.0,1045.0,1050.699951171875,977.9576416015625,158285
2017-08-29,1050.0,1050.0,1021.0999755859375,1032.0,960.5523071289062,147682
2017-08-30,1034.949951171875,1055.0,1034.949951171875,1038.949951171875,967.0211181640625,170814
2017-08-31,1046.449951171875,1050.5999755859375,1011.1500244140625,1022.7000122070312,951.8961791992188,122752
2017-09-01,1022.7000122070312,1069.0,1022.0,1051.0999755859375,978.329833984375,241824
2017-09-04,1049.949951171875,1055.0,1031.0999755859375,1039.300048828125,967.3468627929688,91726
2017-09-05,1044.5,1069.0,1039.3499755859375,1049.9000244140625,977.2130737304688,231607
2017-09-06,1046.0,1050.0,1031.0,1045.699951171875,973.3037719726562,130599
2017-09-07,1044.9000244140625,1058.0,1033.0999755859375,1040.449951171875,975.883056640625,131045
2017-09-08,1055.0,1058.9000244140625,1025.0999755859375,1029.9000244140625,965.9879150390625,94595
2017-09-11,1045.0,1068.5,1035.050048828125,1050.4000244140625,985.2157592773438,236826
2017-09-12,1060.9000244140625,1062.0,1039.050048828125,1046.800048828125,981.8391723632812,162986
2017-09-13,1054.0,1085.0,1042.5,1049.25,984.1370849609375,325392
2017-09-14,1059.0,1063.300048828125,1040.0,1044.3499755859375,979.5411376953125,96386
2017-09-15,1042.0,1056.3499755859375,1037.050048828125,1049.300048828125,984.1839599609375,102960
2017-09-18,1055.0,1069.4000244140625,1047.5,1061.9000244140625,996.0020141601562,139655
2017-09-19,1065.0,1081.449951171875,1054.550048828125,1059.9000244140625,994.1261596679688,196553
2017-09-20,1061.0,1073.300048828125,1048.0,1051.1500244140625,985.9191284179688,86456
2017-09-21,1060.0,1060.0,1029.800048828125,1038.1500244140625,973.7259521484375,93395
2017-09-22,1041.0,1041.0,1010.0999755859375,1016.1500244140625,953.0911865234375,85263
2017-09-25,1009.0,1020.0,955.2000122070312,964.8499755859375,904.9745483398438,129216
2017-09-26,962.0,1056.0,950.0,1044.300048828125,979.4943237304688,491332
2017-09-27,1052.0,1059.949951171875,981.7999877929688,992.0,930.4398193359375,188242
2017-09-28,993.25,1017.9000244140625,981.9000244140625,1003.75,941.4606323242188,181399
2017-09-29,1014.7999877929688,1029.5,1003.8499755859375,1008.2000122070312,945.6344604492188,123009
2017-10-03,1015.0,1034.75,1014.25,1024.550048828125,960.9699096679688,123292
2017-10-04,1026.0999755859375,1043.9000244140625,1010.5,1016.5999755859375,953.5131225585938,113819
2017-10-05,1010.0999755859375,1031.449951171875,1010.0999755859375,1024.550048828125,960.9699096679688,97314
2017-10-06,1016.7999877929688,1040.9000244140625,1016.7999877929688,1028.550048828125,964.7216186523438,90883
2017-10-09,1027.0,1040.0,1020.2000122070312,1026.9000244140625,963.1741333007812,50285
2017-10-10,1030.0,1061.0,1026.0,1044.0999755859375,979.3065795898438,245620
2017-10-11,1037.0,1054.449951171875,1018.0,1024.949951171875,961.344970703125,97100
2017-10-12,1027.5,1033.800048828125,1018.0,1024.699951171875,961.1104736328125,86134
2017-10-13,1027.0,1029.550048828125,1015.0,1017.3499755859375,954.2166137695312,36504
2017-10-16,1021.0,1027.0,1010.4500122070312,1015.9000244140625,952.8566284179688,58667
2017-10-17,1019.0,1039.5,1003.9500122070312,1024.75,961.1574096679688,243748
2017-10-18,1024.699951171875,1029.050048828125,1012.0,1014.25,951.3090209960938,36079
2017-10-19,1014.0,1020.0,1005.0,1009.5999755859375,946.947509765625,12184
2017-10-23,1008.0,1021.5999755859375,1001.0499877929688,1006.7999877929688,944.3213500976562,68320
2017-10-24,1010.0999755859375,1018.0,1005.0,1008.9500122070312,946.3379516601562,53603
2017-10-25,1022.0,1022.0,1001.5,1004.25,941.9295654296875,46481
2017-10-26,1005.0999755859375,1015.0,1000.0,1004.2999877929688,941.9765014648438,70807
2017-10-27,1009.0,1034.0,1002.7999877929688,1006.9000244140625,944.4151611328125,144666
2017-10-30,1007.0,1018.2999877929688,1007.0,1010.2999877929688,947.6041259765625,32783
2017-10-31,1014.8499755859375,1014.8499755859375,1003.2999877929688,1007.5999755859375,945.0717163085938,30398
2017-11-01,1012.0,1054.8499755859375,1007.9500122070312,1029.1500244140625,965.284423828125,270726
2017-11-02,1036.0,1043.6500244140625,1018.0,1021.1500244140625,957.7808837890625,80960
2017-11-03,1021.0999755859375,1033.3499755859375,1016.7999877929688,1025.0999755859375,961.4857788085938,37992
2017-11-06,1025.6500244140625,1032.449951171875,1012.0,1020.9500122070312,957.59326171875,31380
2017-11-07,1022.0,1026.9000244140625,981.0999755859375,995.5999755859375,933.8163452148438,87801
2017-11-08,996.0,1008.5499877929688,983.5,989.25,927.8604125976562,63995
2017-11-09,993.0499877929688,1002.8499755859375,980.0,986.7000122070312,925.4686889648438,36520
2017-11-10,985.0,1051.8499755859375,980.0,1044.8499755859375,980.0100708007812,409455
2017-11-13,1071.1500244140625,1076.25,1040.0,1045.800048828125,980.9012451171875,309973
2017-11-14,1050.0,1055.0,1015.0,1034.6500244140625,970.4430541992188,104045
2017-11-15,1025.0,1054.4000244140625,1021.25,1026.449951171875,962.7518310546875,113183
2017-11-16,1030.5,1039.199951171875,1017.0,1029.300048828125,965.4251098632812,67894
2017-11-17,1032.0,1054.0,1024.0,1042.300048828125,977.6183471679688,202887
2017-11-20,1049.0,1049.0,1025.0,1030.0,966.0817260742188,60804
2017-11-21,1032.25,1046.5,1027.4000244140625,1030.9000244140625,966.92578125,114812
2017-11-22,1035.0,1046.0,1025.0,1032.199951171875,968.1450805664062,148249
2017-11-23,1033.25,1043.1500244140625,1008.9500122070312,1020.25,956.9366455078125,63099
2017-11-24,1027.0,1034.199951171875,1011.0,1014.2999877929688,951.35595703125,90505
2017-11-27,1020.0,1020.0,1005.2999877929688,1008.4000244140625,945.8220825195312,86930
2017-11-28,1018.9000244140625,1028.199951171875,1010.0,1013.75,950.8400268554688,99468
2017-11-29,1020.0999755859375,1020.2999877929688,1005.5499877929688,1009.1500244140625,946.5255737304688,37076
2017-11-30,1010.2999877929688,1014.0,995.0,1003.5999755859375,941.3198852539062,65929
2017-12-01,1009.7999877929688,1018.0,990.0,995.75,933.9570922851562,51420
2017-12-04,1000.0,1009.9000244140625,986.6500244140625,990.4000244140625,928.9390869140625,60619
2017-12-05,991.0,1003.6500244140625,981.7999877929688,986.4500122070312,925.2342529296875,64157
2017-12-06,990.0999755859375,991.0499877929688,966.25,970.5999755859375,910.3677978515625,43364
2017-12-07,975.0,985.0,962.0999755859375,976.5999755859375,915.9954223632812,60598
2017-12-08,981.0499877929688,997.9500122070312,980.0499877929688,991.2000122070312,929.689453125,57784
2017-12-11,992.0,1015.0,992.0,999.1500244140625,937.1461181640625,67688
2017-12-12,999.1500244140625,999.1500244140625,983.0,987.6500244140625,926.3597412109375,41564
2017-12-13,988.75,993.0,966.1500244140625,976.4000244140625,915.8079223632812,64370
2017-12-14,979.7999877929688,1003.5999755859375,965.0,998.0499877929688,936.1143188476562,246030
2017-12-15,1003.0,1025.949951171875,990.0,999.6500244140625,937.6151123046875,228293
2017-12-18,1000.0499877929688,1004.4500122070312,971.0,993.2999877929688,931.6591186523438,67783
2017-12-19,1000.0,1002.9000244140625,974.0,982.0,921.0603637695312,89110
2017-12-20,992.4000244140625,992.6500244140625,980.4500122070312,985.3499755859375,924.202392578125,44844
2017-12-21,990.0,996.9000244140625,985.0,987.3499755859375,926.078369140625,56698
2017-12-22,987.3499755859375,1009.7999877929688,987.3499755859375,995.0499877929688,933.300537109375,130065
2017-12-26,996.0,1013.0,960.1500244140625,991.2000122070312,929.689453125,58255
2017-12-27,994.75,1004.9500122070312,985.25,993.1500244140625,931.5184326171875,65010
2017-12-28,990.0,1000.1500244140625,984.2000122070312,987.6500244140625,926.3597412109375,36861
2017-12-29,987.0,999.9000244140625,985.0999755859375,987.0,925.7500610351562,32166
2018-01-01,993.0,997.5,984.0,989.2999877929688,927.9073486328125,38700
2018-01-02,993.75,994.7000122070312,978.2000122070312,986.0499877929688,924.8590087890625,40829
2018-01-03,990.0,993.9500122070312,980.7000122070312,986.3499755859375,925.140380859375,40933
2018-01-04,986.0,991.9500122070312,979.9500122070312,988.7000122070312,927.3445434570312,91946
2018-01-05,991.0,1032.0,983.8499755859375,1019.25,955.998779296875,245562
2018-01-08,1015.0,1038.9000244140625,1011.0,1018.9000244140625,955.6705322265625,187691
2018-01-09,1017.0,1050.0,1002.2000122070312,1040.25,975.6956176757812,325451
2018-01-10,1045.0,1057.1500244140625,1030.0,1036.3499755859375,972.03759765625,132142
2018-01-11,1045.0,1073.949951171875,1018.0,1068.8499755859375,1002.5206909179688,334640
2018-01-12,1075.0,1080.0,1030.0,1048.050048828125,983.0115966796875,121746
2018-01-15,1050.199951171875,1057.0,1031.0,1036.5,972.1783447265625,49123
2018-01-16,1035.1500244140625,1046.6500244140625,1009.0999755859375,1014.4000244140625,951.44970703125,60490
2018-01-17,1010.0999755859375,1019.1500244140625,984.0499877929688,997.9500122070312,936.0205078125,150191
2018-01-18,1018.0,1018.0,977.5,985.4500122070312,924.2962646484375,135919
2018-01-19,989.7999877929688,994.5,976.0,989.7999877929688,928.3762817382812,50067
2018-01-22,990.0,1000.9500122070312,978.5999755859375,985.25,924.1087646484375,64053
2018-01-23,988.0,995.0,981.2999877929688,984.3499755859375,923.2645263671875,43519
2018-01-24,987.0,1000.0,972.0,977.9000244140625,917.2147827148438,108434
2018-01-25,990.0,990.0,957.4000244140625,962.75,903.0050048828125,71396
2018-01-29,968.7999877929688,978.1500244140625,956.75,961.4500122070312,901.78564453125,75692
2018-01-30,964.9500122070312,973.0,955.0999755859375,959.4000244140625,899.8628540039062,33105
2018-01-31,950.0,953.6500244140625,917.0,922.7000122070312,865.4403076171875,99428
2018-02-01,917.0,984.0,901.2999877929688,926.0,868.5355834960938,325535
2018-02-02,915.0,956.4000244140625,880.0499877929688,891.0,835.70751953125,233926
2018-02-05,885.0,893.5,865.4000244140625,888.8499755859375,833.69091796875,102583
2018-02-06,870.0,870.0499877929688,825.1500244140625,850.0499877929688,797.2987060546875,181540
2018-02-07,860.0,880.0,843.4000244140625,848.75,796.0794067382812,79056
2018-02-08,852.0999755859375,871.0,850.0999755859375,859.2000122070312,805.8809204101562,48239
2018-02-09,850.0,874.0,844.6500244140625,862.0499877929688,808.5540161132812,142548
2018-02-12,871.3499755859375,905.0,867.7000122070312,895.0999755859375,839.5531005859375,152540
2018-02-14,921.0,924.8499755859375,901.1500244140625,905.0499877929688,848.8855590820312,239800
2018-02-15,910.0,913.0,885.25,890.0499877929688,834.8164672851562,185333
2018-02-16,894.0,902.0,875.0,878.5999755859375,824.0770263671875,132065
2018-02-19,882.0,886.5,855.0,871.75,817.6521606445312,138924
2018-02-20,869.2999877929688,884.9000244140625,865.0,867.8499755859375,813.994140625,85761
2018-02-21,870.0,875.7999877929688,855.0,859.5499877929688,806.2091674804688,67613
2018-02-22,854.5499877929688,874.2000122070312,854.5499877929688,867.9000244140625,814.0410766601562,175309
2018-02-23,860.1500244140625,883.2000122070312,860.1500244140625,875.7000122070312,821.3569946289062,105752
2018-02-26,877.0,912.7000122070312,876.5,906.0499877929688,849.8236083984375,224929
2018-02-27,905.2000122070312,914.8499755859375,880.0,884.4500122070312,829.5640258789062,62032
2018-02-28,884.0,884.0,870.0,873.1500244140625,818.9652099609375,60867
2018-03-01,873.1500244140625,888.0,868.8499755859375,871.1500244140625,817.08935546875,28703
2018-03-05,878.0,878.0,848.0999755859375,855.1500244140625,802.082275390625,137575
2018-03-06,862.9000244140625,864.4500122070312,833.0,840.25,788.1068725585938,103844
2018-03-07,832.25,843.1500244140625,805.0999755859375,809.5,759.2651977539062,131876
2018-03-08,817.7000122070312,826.9000244140625,793.0499877929688,808.7000122070312,758.5148315429688,171419
2018-03-09,811.0,816.4000244140625,803.0,804.6500244140625,754.716064453125,45464
2018-03-12,815.0,840.0,815.0,833.6500244140625,781.91650390625,160355
2018-03-13,833.9500122070312,878.7000122070312,833.9500122070312,873.25,819.0590209960938,155122
2018-03-14,870.0,870.0,856.0,867.0499877929688,813.2437133789062,40215
2018-03-15,865.9500122070312,910.6500244140625,865.9500122070312,907.1500244140625,850.8553466796875,130398
2018-03-16,900.0,903.2000122070312,869.5499877929688,876.5999755859375,822.2011108398438,170399
2018-03-19,880.0,882.0,826.0499877929688,832.5,780.8378295898438,134343
2018-03-20,827.5,847.8499755859375,827.5,833.8499755859375,782.1040649414062,37859
2018-03-21,841.7999877929688,848.7999877929688,832.0999755859375,835.2000122070312,783.3703002929688,40634
2018-03-22,836.0999755859375,840.0,809.0499877929688,813.5499877929688,763.0637817382812,54877
2018-03-23,803.0,808.7999877929688,790.2999877929688,799.0,749.416748046875,56876
2018-03-26,801.2999877929688,819.75,785.0,808.75,758.5617065429688,62740
2018-03-27,813.0,835.0,807.5,828.5499877929688,777.1329345703125,89297
2018-03-28,817.5,849.7999877929688,812.0499877929688,821.25,770.2859497070312,242550
2018-04-02,823.0,841.0,816.75,838.9000244140625,786.8406372070312,79086
2018-04-03,838.0999755859375,867.0999755859375,831.2000122070312,854.25,801.2381591796875,170815
2018-04-04,856.0,873.5999755859375,840.5999755859375,844.2999877929688,791.905517578125,108153
2018-04-05,844.0999755859375,864.5,839.0,856.4500122070312,803.3015747070312,159227
2018-04-06,853.0,869.9500122070312,851.2000122070312,863.3499755859375,809.7733764648438,141591
2018-04-09,879.0,903.4000244140625,870.0999755859375,886.5999755859375,831.5805053710938,195702
2018-04-10,894.5999755859375,895.4500122070312,875.2999877929688,885.0499877929688,830.126708984375,59120
2018-04-11,894.0,929.7000122070312,876.9000244140625,900.25,844.3834838867188,379983
2018-04-12,901.0,902.0,880.9500122070312,884.1500244140625,829.2825927734375,68903
2018-04-13,881.0,889.2000122070312,863.0,867.9000244140625,814.0410766601562,46264
2018-04-16,867.0,876.0,861.0,870.3499755859375,816.3389892578125,32271
2018-04-17,872.9000244140625,889.6500244140625,867.4000244140625,874.9000244140625,820.6066284179688,68587
2018-04-18,874.9000244140625,889.1500244140625,870.7999877929688,876.5999755859375,822.2011108398438,46004
2018-04-19,884.0,898.4000244140625,875.0499877929688,890.5499877929688,835.2854614257812,156582
2018-04-20,890.0,905.0,881.0,896.2000122070312,840.5847778320312,113891
2018-04-23,897.75,899.9500122070312,885.75,892.1500244140625,836.7861938476562,40006
2018-04-24,892.1500244140625,914.0,887.3499755859375,901.9500122070312,845.9779663085938,161700
2018-04-25,900.0,903.3499755859375,861.0,863.2999877929688,809.7265014648438,138019
2018-04-26,862.9500122070312,878.0,851.0499877929688,873.0999755859375,818.9182739257812,135960
2018-04-27,873.0499877929688,882.0,865.8499755859375,869.5,815.5416870117188,37408
2018-04-30,872.0,886.5,872.0,880.9500122070312,826.2811889648438,58622
2018-05-02,884.0,890.9500122070312,864.3499755859375,869.75,815.7761840820312,33148
2018-05-03,870.0499877929688,870.0499877929688,850.5,855.9500122070312,802.8326416015625,32257
2018-05-04,868.0,868.0,854.0,856.7000122070312,803.5361328125,18874
2018-05-07,857.0,867.25,854.25,857.5999755859375,804.3801879882812,22349
2018-05-08,859.4000244140625,874.9000244140625,857.1500244140625,865.7000122070312,811.9775390625,49512
2018-05-09,870.0,870.0,855.0,856.5,803.3484497070312,11461
2018-05-10,858.7000122070312,865.4500122070312,835.8499755859375,839.9000244140625,787.7786254882812,35349
2018-05-11,838.5,838.5,824.0,827.7999877929688,776.429443359375,44799
2018-05-14,831.0,835.0999755859375,815.0,820.25,769.3480224609375,24372
2018-05-15,821.0,832.0,803.7999877929688,810.2000122070312,759.9216918945312,42532
2018-05-16,810.0,827.4000244140625,802.0,817.5,766.7687377929688,21236
2018-05-17,816.0,822.5499877929688,809.0,811.9500122070312,761.5631713867188,17074
2018-05-18,814.2000122070312,824.3499755859375,776.1500244140625,783.9000244140625,735.2538452148438,47324
2018-05-21,789.9000244140625,792.2999877929688,768.4000244140625,781.8499755859375,733.3309936523438,49099
2018-05-22,778.0,794.1500244140625,778.0,789.1500244140625,740.177978515625,30640
2018-05-23,789.0,789.0,758.4500122070312,764.4500122070312,717.0108032226562,36447
2018-05-24,760.0,776.9000244140625,737.7999877929688,769.2000122070312,721.4660034179688,154293
2018-05-25,773.0,783.75,757.7000122070312,778.4500122070312,730.1419677734375,53629
2018-05-28,780.0,810.5,775.5499877929688,798.9500122070312,749.3699340820312,86405
2018-05-29,802.0,823.7000122070312,736.5999755859375,758.1500244140625,711.1017456054688,948877
2018-05-30,752.0,776.0,749.0999755859375,764.7000122070312,717.2453002929688,136815
2018-05-31,773.6500244140625,773.6500244140625,747.4500122070312,753.2999877929688,706.552734375,69468
2018-06-01,753.2999877929688,762.1500244140625,732.6500244140625,745.7999877929688,699.5181274414062,56638
2018-06-04,748.0999755859375,748.0999755859375,720.9000244140625,723.8499755859375,678.9302978515625,46863
2018-06-05,728.2000122070312,732.8499755859375,702.25,711.75,667.5811767578125,114965
2018-06-06,703.0499877929688,735.0,703.0499877929688,730.1500244140625,684.83935546875,65185
2018-06-07,735.0,748.0,730.1500244140625,743.5,697.36083984375,65883
2018-06-08,740.5,748.9500122070312,730.3499755859375,741.25,695.25048828125,27314
2018-06-11,745.7000122070312,765.0,733.0999755859375,748.6500244140625,702.1913452148438,57893
2018-06-12,753.0,756.6500244140625,744.0,745.4000244140625,699.1430053710938,33482
2018-06-13,745.4000244140625,758.0,730.0499877929688,737.3499755859375,691.592529296875,32334
2018-06-14,735.0999755859375,747.4000244140625,730.7000122070312,741.5499877929688,695.5318603515625,46161
2018-06-15,741.0499877929688,763.2000122070312,730.5,732.75,687.2780151367188,115236
2018-06-18,733.0499877929688,740.0,730.0,731.5,686.1055908203125,32980
2018-06-19,733.0,734.9000244140625,720.0499877929688,724.7999877929688,679.8213500976562,36246
2018-06-20,725.4500122070312,740.0,725.2999877929688,729.4500122070312,684.1828002929688,48835
2018-06-21,729.7999877929688,747.7999877929688,728.0,743.5999755859375,697.45458984375,113818
2018-06-22,740.0,774.9000244140625,740.0,770.7999877929688,722.966796875,348459
2018-06-25,770.9000244140625,785.5499877929688,759.25,763.0499877929688,715.6976928710938,172380
2018-06-26,760.0,763.25,752.2000122070312,756.5499877929688,709.60107421875,74758
2018-06-27,763.9000244140625,763.9000244140625,708.4000244140625,726.2999877929688,681.228271484375,117154
2018-06-28,731.0,738.0499877929688,710.0,716.5499877929688,672.0833129882812,102808
2018-06-29,721.0,737.1500244140625,716.5999755859375,726.25,681.1813354492188,83215
2018-07-02,734.8499755859375,734.8499755859375,707.25,716.5499877929688,672.0833129882812,54065
2018-07-03,716.5499877929688,727.8499755859375,712.0999755859375,719.0499877929688,674.4281616210938,35687
2018-07-04,720.0,727.3499755859375,710.75,712.2999877929688,668.0971069335938,84768
2018-07-05,712.3499755859375,725.25,708.5999755859375,718.6500244140625,674.052978515625,70234
2018-07-06,724.0,727.0,713.6500244140625,717.8499755859375,673.3026123046875,41918
2018-07-09,724.5999755859375,737.4000244140625,718.8499755859375,728.4500122070312,683.2448120117188,64033
2018-07-10,732.0,742.6500244140625,725.0,740.0999755859375,694.171875,78623
2018-07-11,740.0999755859375,745.9500122070312,724.0,727.7999877929688,682.6351318359375,64454
2018-07-12,727.7999877929688,753.7999877929688,727.7999877929688,735.2999877929688,689.6697387695312,121504
2018-07-13,738.7999877929688,738.7999877929688,725.0499877929688,729.7000122070312,684.4172973632812,32856
2018-07-16,726.0,734.7000122070312,701.0,703.2999877929688,659.655517578125,108370
2018-07-17,703.4000244140625,725.0,677.0999755859375,704.7000122070312,660.9686889648438,255001
2018-07-18,710.0,716.0,675.5,681.1500244140625,638.880126953125,293264
2018-07-19,686.6500244140625,702.7999877929688,670.9500122070312,677.75,635.6910400390625,113576
2018-07-20,678.0999755859375,701.7000122070312,672.3499755859375,699.2000122070312,655.81005859375,125667
2018-07-23,701.0,760.0,694.0499877929688,755.1500244140625,708.2879638671875,525845
2018-07-24,750.0999755859375,764.75,729.0,751.8499755859375,705.192626953125,176701
2018-07-25,753.0,762.9500122070312,741.9000244140625,746.9500122070312,700.5968017578125,76660
2018-07-26,745.25,794.4000244140625,744.5499877929688,778.25,729.9544067382812,119174
2018-07-27,789.0,824.4000244140625,789.0,812.9500122070312,762.5010375976562,355796
2018-07-30,810.0,815.0,777.0,793.8499755859375,744.5863037109375,175426
2018-07-31,791.1500244140625,801.5,778.0499877929688,797.2000122070312,747.7283935546875,166093
2018-08-01,794.9500122070312,827.7000122070312,794.9500122070312,814.5,763.9548950195312,181587
2018-08-02,815.0,830.0,801.6500244140625,825.2000122070312,773.9908447265625,128607
2018-08-03,824.0,840.0,817.0999755859375,832.5,780.8378295898438,78105
2018-08-06,832.0,841.0,805.9000244140625,816.3499755859375,765.6900634765625,85477
2018-08-07,816.5499877929688,827.0999755859375,800.3499755859375,814.2999877929688,763.7672729492188,93818
2018-08-08,814.0,839.0,802.2999877929688,833.2999877929688,781.588134765625,122607
2018-08-09,832.0,850.0,826.4500122070312,840.5499877929688,788.3882446289062,153749
2018-08-10,839.7000122070312,847.2999877929688,832.9000244140625,836.7000122070312,784.7772216796875,84181
2018-08-13,860.0,883.1500244140625,846.2999877929688,853.25,800.3001098632812,475431
2018-08-14,851.0999755859375,855.0,832.5999755859375,844.6500244140625,792.23388671875,136461
2018-08-16,845.0,854.0999755859375,835.0499877929688,838.4000244140625,786.3717651367188,46008
2018-08-17,839.0999755859375,854.2000122070312,837.5,840.4000244140625,788.2476196289062,31352
2018-08-20,837.0,861.9500122070312,835.0499877929688,851.8499755859375,798.9869995117188,83236
2018-08-21,858.0,877.0499877929688,855.6500244140625,863.7999877929688,810.1953735351562,216191
2018-08-23,864.0,873.9000244140625,834.9500122070312,845.6500244140625,793.1718139648438,166221
2018-08-24,845.75,853.9500122070312,835.0,842.5499877929688,790.2642211914062,82017
2018-08-27,842.0,862.9000244140625,841.9500122070312,856.2000122070312,803.067138671875,62957
2018-08-28,855.25,875.0,855.25,867.2999877929688,813.4782104492188,100670
2018-08-29,867.0,874.7000122070312,863.25,866.2999877929688,812.5403442382812,59550
2018-08-30,854.7999877929688,897.9500122070312,848.2999877929688,892.7999877929688,837.3958129882812,189144
2018-08-31,890.0,907.9500122070312,880.0499877929688,884.2000122070312,829.32958984375,99978
2018-09-03,885.9000244140625,895.5499877929688,867.2000122070312,873.7999877929688,819.5748901367188,52820
2018-09-04,873.5,873.5,833.5999755859375,837.5499877929688,785.574462890625,72916
2018-09-05,837.0,855.0,828.0999755859375,848.7999877929688,796.1262817382812,47268
2018-09-06,859.0,929.0,846.7000122070312,913.5,856.811279296875,674259
2018-09-07,917.5499877929688,968.0,906.0,951.4500122070312,892.40625,1045126
2018-09-10,944.4500122070312,967.5499877929688,930.0,948.2999877929688,889.45166015625,311024
2018-09-11,942.0,955.0,910.2999877929688,921.5,864.3148193359375,128543
2018-09-12,922.1500244140625,955.0,911.3499755859375,949.6500244140625,890.7179565429688,167291
2018-09-14,952.1500244140625,998.0,952.1500244140625,991.2999877929688,929.7832641601562,481368
2018-09-17,980.0,986.0,959.0,964.75,912.2427978515625,185534
2018-09-18,972.5,978.9000244140625,914.6500244140625,923.2999877929688,873.0487670898438,158988
2018-09-19,931.0999755859375,944.2000122070312,894.7000122070312,900.3499755859375,851.3478393554688,229060
2018-09-21,913.5,924.6500244140625,766.0,826.0999755859375,781.1389770507812,435166
2018-09-24,830.0,830.0,764.0,771.6500244140625,729.6524658203125,269497
2018-09-25,761.3499755859375,775.9000244140625,726.25,757.0999755859375,715.894287109375,417937
2018-09-26,764.9500122070312,781.0,755.0499877929688,760.0499877929688,718.6837768554688,148406
2018-09-27,759.0499877929688,761.7000122070312,712.3499755859375,748.4000244140625,707.6679077148438,474769
2018-09-28,755.9000244140625,773.9000244140625,734.2000122070312,751.4000244140625,710.5045776367188,327396
2018-10-01,751.0,765.8499755859375,718.5499877929688,760.6500244140625,719.2511596679688,198354
2018-10-03,750.0,770.8499755859375,720.0,742.6500244140625,702.2308349609375,166127
2018-10-04,716.5,730.7000122070312,699.2999877929688,714.3499755859375,675.4710083007812,261863
2018-10-05,709.9500122070312,712.0,672.9500122070312,682.2999877929688,645.1654052734375,378723
2018-10-08,683.0,702.4000244140625,640.25,672.2000122070312,635.6150512695312,284632
2018-10-09,665.0999755859375,693.7999877929688,661.0,681.2999877929688,644.2197875976562,155999
2018-10-10,684.9000244140625,728.5499877929688,681.0,722.7000122070312,683.3665771484375,192364
2018-10-11,700.0,713.4500122070312,671.5499877929688,695.1500244140625,657.3160400390625,148161
2018-10-12,709.7999877929688,757.0,707.5,730.4000244140625,690.6475219726562,321243
2018-10-15,736.0,746.4500122070312,726.5,735.5999755859375,695.564453125,148804
2018-10-16,736.9500122070312,755.0,731.0,739.5999755859375,699.3467407226562,119696
2018-10-17,746.0,762.5,730.2000122070312,737.6500244140625,697.5029296875,304302
2018-10-19,725.25,743.9500122070312,721.8499755859375,736.25,696.1790771484375,118872
2018-10-22,743.7000122070312,744.4000244140625,715.2000122070312,719.1500244140625,680.009765625,77194
2018-10-23,705.0,737.0,700.5499877929688,706.3499755859375,667.9064331054688,129925
2018-10-24,710.0,729.0,704.5999755859375,715.1500244140625,676.2275390625,90591
2018-10-25,709.9000244140625,729.8499755859375,698.1500244140625,718.7999877929688,679.6787719726562,147524
2018-10-26,714.0999755859375,739.9000244140625,707.8499755859375,726.2000122070312,686.6760864257812,180449
2018-10-29,728.0,769.7000122070312,720.0,762.8499755859375,721.3314208984375,167679
2018-10-30,758.9000244140625,794.0,751.0,774.0999755859375,731.9690551757812,303051
2018-10-31,781.7000122070312,792.4500122070312,766.2000122070312,772.2000122070312,730.1724853515625,180091
2018-11-01,776.0,784.3499755859375,765.4500122070312,772.5499877929688,730.5034790039062,164926
2018-11-02,784.7000122070312,814.0,776.0499877929688,791.7999877929688,748.7057495117188,321454
2018-11-05,814.5999755859375,818.9500122070312,777.0499877929688,784.4000244140625,741.7085571289062,229897
2018-11-06,789.2999877929688,797.0,770.0,777.9000244140625,735.5623779296875,90448
2018-11-07,781.0,789.9000244140625,773.25,784.2999877929688,741.6139526367188,18385
2018-11-09,785.0,861.25,781.0499877929688,852.7999877929688,806.3858032226562,331759
2018-11-12,858.0999755859375,861.25,831.4000244140625,834.8499755859375,789.4126586914062,189307
2018-11-13,830.0,852.5999755859375,810.0999755859375,836.3499755859375,790.8311157226562,289394
2018-11-14,843.9000244140625,852.2999877929688,817.0,827.7999877929688,782.7463989257812,223286
2018-11-15,832.0,876.9000244140625,826.3499755859375,867.6500244140625,820.4276123046875,250510
2018-11-16,867.0,875.0,838.5499877929688,842.9500122070312,797.0719604492188,190040
2018-11-19,844.0,870.4000244140625,844.0,864.6500244140625,817.5908813476562,167282
2018-11-20,863.0,880.9500122070312,846.5,852.9500122070312,806.527587890625,268913
2018-11-21,855.9000244140625,858.9500122070312,842.0,848.0,801.8470458984375,68755
2018-11-22,857.6500244140625,857.6500244140625,837.0,846.4000244140625,800.3341674804688,69477
2018-11-26,841.1500244140625,874.0,837.0999755859375,854.4500122070312,807.9459838867188,297232
2018-11-27,855.6500244140625,904.3499755859375,840.0,886.9500122070312,838.6771850585938,380235
2018-11-28,892.4500122070312,946.0,884.2999877929688,938.0499877929688,886.9959716796875,543080
2018-11-29,938.2000122070312,955.0,925.5,934.0499877929688,883.2137451171875,315020
2018-11-30,938.9500122070312,944.9000244140625,921.4000244140625,926.4000244140625,875.9801025390625,135945
2018-12-03,928.4000244140625,936.0,917.2000122070312,922.5999755859375,872.3868408203125,232754
2018-12-04,928.7000122070312,928.7000122070312,902.0,908.9500122070312,859.4797973632812,243988
2018-12-05,908.0,919.9000244140625,889.0499877929688,894.7000122070312,846.00537109375,281949
2018-12-06,894.0,902.0,871.5,897.5499877929688,848.7002563476562,168416
2018-12-07,899.0,919.25,880.5,889.0,840.6156005859375,396061
2018-12-10,875.0499877929688,881.2999877929688,863.2999877929688,867.2000122070312,820.0020751953125,147561
2018-12-11,855.0499877929688,898.9000244140625,855.0499877929688,889.9500122070312,841.5138549804688,174353
2018-12-12,887.0,920.0,887.0,908.5999755859375,859.1488647460938,220582
2018-12-13,916.0,940.0,913.5,917.9000244140625,867.9427490234375,328564
2018-12-14,915.5499877929688,933.1500244140625,909.4000244140625,925.9000244140625,875.5072631835938,158683
2018-12-17,928.0,929.9000244140625,905.0,909.7000122070312,860.1890258789062,76027
2018-12-18,907.2000122070312,912.1500244140625,895.0,907.2000122070312,857.8250732421875,104555
2018-12-19,906.0,922.0,900.1500244140625,905.9000244140625,856.5958251953125,161357
2018-12-20,902.0,929.6500244140625,890.0,895.4500122070312,846.7145385742188,408731
2018-12-21,900.9500122070312,908.8499755859375,841.2999877929688,849.4500122070312,803.2181396484375,330700
2018-12-24,854.9000244140625,864.0,828.0499877929688,843.4000244140625,797.4974365234375,295106
2018-12-26,841.0,889.0,766.5499877929688,844.0499877929688,798.1119995117188,467488
2018-12-27,866.0,879.3499755859375,842.0,872.5,825.0136108398438,418341
2018-12-28,875.0,892.0,867.2999877929688,886.4500122070312,838.2044067382812,252313
2018-12-31,887.4000244140625,899.25,882.25,887.0499877929688,838.771728515625,173906
2019-01-01,883.0499877929688,889.4500122070312,876.7999877929688,879.7999877929688,831.916259765625,98177
2019-01-02,880.5499877929688,893.9500122070312,860.1500244140625,868.0499877929688,820.8057861328125,235187
2019-01-03,866.75,878.0,862.75,873.8499755859375,826.2901000976562,81336
2019-01-04,880.9000244140625,899.9500122070312,850.0,893.2999877929688,844.6815185546875,349268
2019-01-07,898.8499755859375,909.5,893.9000244140625,899.2999877929688,850.35498046875,171639
2019-01-08,897.0,907.9000244140625,892.0,905.7000122070312,856.4066162109375,85529
2019-01-09,914.0,916.7999877929688,892.2999877929688,906.6500244140625,857.3049926757812,187118
2019-01-10,909.7999877929688,909.7999877929688,886.0499877929688,891.25,842.7431640625,75058
2019-01-11,890.0,914.7999877929688,888.4000244140625,908.25,858.8179321289062,227483
2019-01-14,901.0499877929688,924.75,886.0999755859375,920.2999877929688,870.2120361328125,151460
2019-01-15,916.6500244140625,996.7000122070312,916.6500244140625,985.75,932.0999145507812,1297283
2019-01-16,979.7000122070312,990.0,957.0499877929688,964.5,912.0064697265625,420501
2019-01-17,965.0,988.7999877929688,946.9500122070312,964.5999755859375,912.1009521484375,596318
2019-01-18,970.5,973.0,947.25,951.7999877929688,899.9976806640625,189091
2019-01-21,960.0,963.75,949.5,956.2999877929688,904.2527465820312,199549
2019-01-22,957.9500122070312,978.5999755859375,947.2999877929688,958.5999755859375,906.4275512695312,316807
2019-01-23,961.0999755859375,977.8499755859375,950.0,955.75,903.732666015625,373785
2019-01-24,950.0,963.0,938.5499877929688,958.25,906.0966186523438,142196
2019-01-25,956.0999755859375,962.25,940.25,945.7999877929688,894.32421875,150511
2019-01-28,945.0,945.0,904.0999755859375,907.8499755859375,858.4396362304688,153040
2019-01-29,912.0,942.4500122070312,905.0,933.1500244140625,882.3626708984375,207649
2019-01-30,942.7000122070312,943.7999877929688,924.9500122070312,936.2999877929688,885.3412475585938,147406
2019-01-31,936.2999877929688,943.0,926.1500244140625,929.2999877929688,878.7222900390625,51646
2019-02-01,929.2999877929688,969.9000244140625,923.0499877929688,942.75,891.440185546875,223978
2019-02-04,968.9500122070312,968.9500122070312,936.3499755859375,949.0499877929688,897.3972778320312,349544
2019-02-05,948.7999877929688,950.0,926.4500122070312,934.4500122070312,883.5919189453125,113663
2019-02-06,933.25,970.75,920.5999755859375,968.0,915.3159790039062,226870
2019-02-07,975.0,975.0,937.0,942.5999755859375,891.29833984375,473447
2019-02-08,942.5999755859375,949.0,926.2999877929688,934.2999877929688,883.4501342773438,145024
2019-02-11,933.0999755859375,933.1500244140625,906.0,910.5999755859375,861.0399780273438,124525
2019-02-12,912.9000244140625,912.9000244140625,865.0,874.3499755859375,826.762939453125,400328
2019-02-14,868.0,882.9000244140625,862.75,877.1500244140625,829.4105834960938,95655
2019-02-15,875.0,890.0499877929688,845.9500122070312,854.7000122070312,808.1824340820312,182204
2019-02-18,857.6500244140625,877.0,852.5499877929688,871.5499877929688,824.1152954101562,205559
2019-02-19,870.0,897.5,867.5499877929688,876.75,829.0322875976562,266824
2019-02-20,881.0,892.0,865.4000244140625,874.2000122070312,826.62109375,113640
2019-02-21,874.3499755859375,898.5499877929688,871.0,893.7999877929688,845.1543579101562,106229
2019-02-22,892.0,934.5999755859375,887.0,927.75,877.256591796875,342718
2019-02-25,932.0,932.0,912.3499755859375,914.9500122070312,865.1531982421875,115447
2019-02-26,910.0,927.4000244140625,877.8499755859375,885.5499877929688,837.3533325195312,171759
2019-02-27,882.0999755859375,903.9500122070312,866.9500122070312,877.5,829.7415161132812,186505
2019-02-28,877.5,889.0,873.0999755859375,885.5999755859375,837.4005737304688,84029
2019-03-01,890.0,910.1500244140625,883.8499755859375,906.5,857.1630859375,160270
2019-03-05,906.0,964.0,896.5499877929688,958.1500244140625,906.0020141601562,238223
2019-03-06,974.9000244140625,974.9000244140625,925.0,933.0,882.2208862304688,434239
2019-03-07,933.5,942.9500122070312,916.2999877929688,927.7999877929688,877.3038330078125,151891
2019-03-08,927.9000244140625,963.0,921.9000244140625,946.25,894.749755859375,575695
2019-03-11,948.5,1043.300048828125,943.0999755859375,1033.449951171875,977.2037353515625,1344371
2019-03-12,1035.9000244140625,1080.800048828125,1020.0,1053.199951171875,995.8788452148438,1413695
2019-03-13,1040.0,1090.0,1031.6500244140625,1064.199951171875,1006.2800903320312,924741
2019-03-14,1069.0,1093.6500244140625,1055.699951171875,1080.25,1021.4567260742188,488073
2019-03-15,1081.0,1095.0,1072.0999755859375,1082.550048828125,1023.631591796875,363530
2019-03-18,1089.9000244140625,1135.5,1073.0,1129.5999755859375,1068.120849609375,974714
2019-03-19,1134.9000244140625,1153.9000244140625,1120.25,1130.0,1068.4990234375,724456
2019-03-20,1131.0,1147.949951171875,1117.9000244140625,1141.949951171875,1079.798583984375,394002
2019-03-22,1133.0,1151.300048828125,1119.8499755859375,1125.25,1064.0074462890625,248949
2019-03-25,1121.0,1127.9000244140625,1111.0,1117.5,1056.6793212890625,156286
2019-03-26,1116.0,1127.0,1100.0,1119.800048828125,1058.8541259765625,229761
2019-03-27,1122.0,1148.0,1116.0999755859375,1122.0,1060.934326171875,296633
2019-03-28,1130.0,1144.050048828125,1119.0999755859375,1136.449951171875,1074.597900390625,249119
2019-04-01,1160.300048828125,1185.0,1146.800048828125,1162.25,1098.9937744140625,370749
2019-04-02,1151.0,1174.449951171875,1124.0,1129.8499755859375,1068.3570556640625,324174
2019-04-03,1131.0,1148.0,1120.0,1125.449951171875,1064.1966552734375,161350
2019-04-04,1135.9000244140625,1136.0,1112.3499755859375,1127.4000244140625,1066.04052734375,168821
2019-04-05,1137.0,1142.0999755859375,1115.0,1121.949951171875,1060.8870849609375,140169
2019-04-08,1126.0,1139.0,1105.550048828125,1115.550048828125,1054.83544921875,160841
2019-04-09,1123.800048828125,1123.800048828125,1100.300048828125,1103.800048828125,1043.724853515625,138704
2019-04-10,1108.699951171875,1164.699951171875,1100.0,1159.5999755859375,1096.4879150390625,638204
2019-04-11,1158.550048828125,1166.800048828125,1135.050048828125,1140.3499755859375,1078.28564453125,273769
2019-04-12,1142.4000244140625,1160.0,1129.0,1152.699951171875,1089.9635009765625,175880
2019-04-15,1152.699951171875,1209.9000244140625,1149.5999755859375,1203.3499755859375,1137.8568115234375,592748
2019-04-16,1204.0,1207.75,1181.050048828125,1187.0,1122.396728515625,270773
2019-04-18,1190.0,1194.949951171875,1152.800048828125,1160.4000244140625,1097.2445068359375,151192
2019-04-22,1155.0,1181.199951171875,1143.550048828125,1149.5,1086.937744140625,135803
2019-04-23,1155.0999755859375,1158.699951171875,1131.5,1137.699951171875,1075.77978515625,132181
2019-04-24,1142.0,1146.800048828125,1112.300048828125,1129.25,1067.789794921875,149523
2019-04-25,1136.3499755859375,1155.75,1115.0,1123.199951171875,1062.0689697265625,273698
2019-04-26,1130.0,1139.0,1116.25,1125.5,1064.2440185546875,92893
2019-04-30,1125.5,1127.949951171875,1087.0,1105.449951171875,1045.2850341796875,125585
2019-05-02,1093.199951171875,1104.0,1069.3499755859375,1076.5,1017.9107666015625,134953
2019-05-03,1070.550048828125,1110.0,1057.9000244140625,1065.300048828125,1007.3204345703125,433098
2019-05-06,1057.1500244140625,1074.699951171875,1050.050048828125,1058.050048828125,1000.4649658203125,95684
2019-05-07,1065.0999755859375,1073.0,1021.5999755859375,1027.1500244140625,971.2467651367188,142977
2019-05-08,1027.0,1035.9000244140625,1011.0,1024.75,968.977294921875,146071
2019-05-09,1025.550048828125,1033.050048828125,1015.0,1020.0,964.48583984375,79988
2019-05-10,1023.0,1039.9000244140625,1010.9500122070312,1031.800048828125,975.6436157226562,89097
2019-05-13,1038.0,1038.0,1000.0499877929688,1006.8499755859375,952.051513671875,80119
2019-05-14,1006.25,1039.050048828125,989.9500122070312,1026.4000244140625,970.5375366210938,205088
2019-05-15,1032.0,1037.199951171875,1008.2000122070312,1018.2000122070312,962.7838134765625,97900
2019-05-16,1026.300048828125,1030.0,997.0,1016.4500122070312,961.1290893554688,117572
2019-05-17,1013.5499877929688,1040.0,1001.2000122070312,1019.9000244140625,964.3912963867188,134313
2019-05-20,1065.0,1076.199951171875,1030.199951171875,1060.949951171875,1003.2070922851562,213577
2019-05-21,1067.6500244140625,1067.699951171875,1025.800048828125,1031.25,975.12353515625,112525
2019-05-22,1033.0,1036.3499755859375,1005.2999877929688,1013.8499755859375,958.6705322265625,85449
2019-05-23,1025.0999755859375,1033.9000244140625,988.1500244140625,991.9500122070312,937.9625244140625,76784
2019-05-24,996.9000244140625,1034.9000244140625,981.0,1029.550048828125,973.51611328125,154970
2019-05-27,1038.449951171875,1046.5999755859375,1021.5499877929688,1029.5999755859375,973.5632934570312,164357
2019-05-28,1033.0,1059.8499755859375,1022.5499877929688,1030.449951171875,974.3670654296875,213013
2019-05-29,1031.0,1031.0,983.2999877929688,990.9000244140625,936.9696655273438,126256
2019-05-30,990.9000244140625,1012.9000244140625,939.0499877929688,948.5499877929688,896.9244995117188,594182
2019-05-31,936.0499877929688,968.0,929.2000122070312,935.6500244140625,884.7266235351562,417392
2019-06-03,932.4000244140625,932.4000244140625,907.0,912.9500122070312,863.2621459960938,197913
2019-06-04,914.9000244140625,934.4500122070312,910.0,922.5,872.2922973632812,160928
2019-06-06,929.9000244140625,941.3499755859375,897.1500244140625,901.4500122070312,852.3880004882812,358559
2019-06-07,906.0,910.4000244140625,885.4500122070312,892.1500244140625,843.5941772460938,155113
2019-06-10,899.0,908.0,886.25,891.0499877929688,842.5540161132812,104502
2019-06-11,898.5999755859375,898.5999755859375,888.0,895.25,846.5254516601562,71620
2019-06-12,902.0,923.5499877929688,890.4000244140625,906.0999755859375,856.7848510742188,371092
2019-06-13,900.75,904.5,881.7999877929688,893.4500122070312,844.8233642578125,119520
2019-06-14,895.7999877929688,900.9500122070312,878.2999877929688,883.4000244140625,835.3203735351562,73161
2019-06-17,884.0499877929688,888.9000244140625,852.5,868.0499877929688,820.8057861328125,156866
2019-06-18,868.0499877929688,875.0499877929688,837.0,855.9500122070312,809.3644409179688,146028
2019-06-19,859.0,881.4000244140625,852.2000122070312,858.5,811.7755737304688,275117
2019-06-20,852.0,886.0,842.5499877929688,881.9000244140625,833.9020385742188,161756
2019-06-21,881.0,901.9500122070312,870.0,893.1500244140625,844.5397338867188,295895
2019-06-24,898.7000122070312,898.7000122070312,860.0,866.9500122070312,819.7657470703125,156226
2019-06-25,859.0,878.0,852.0,873.5,825.9591674804688,101133
2019-06-26,868.25,896.0,860.0,871.5,824.0680541992188,164641
2019-06-27,870.0,881.0999755859375,829.5,841.1500244140625,795.369873046875,372153
2019-06-28,844.5,849.7999877929688,825.25,830.8499755859375,785.6304321289062,81872
2019-07-01,831.0,835.0999755859375,816.0,821.7999877929688,777.0729370117188,46228
2019-07-02,818.4500122070312,837.0,815.0,824.2999877929688,779.4368896484375,65420
2019-07-03,825.0,828.9000244140625,818.0,822.1500244140625,777.4039306640625,33829
2019-07-04,821.0,846.7999877929688,820.9500122070312,832.8499755859375,787.5216064453125,100476
2019-07-05,833.9000244140625,843.2000122070312,812.5,818.5999755859375,774.0471801757812,104400
2019-07-08,815.0,819.0,788.2999877929688,794.5499877929688,751.3060913085938,47953
2019-07-09,794.0,804.7999877929688,786.5499877929688,791.25,748.1857299804688,48968
2019-07-10,797.5999755859375,797.5999755859375,761.0,772.4500122070312,730.408935546875,37056
2019-07-11,777.0,779.9000244140625,767.0499877929688,772.7000122070312,730.645263671875,30733
2019-07-12,776.7000122070312,782.9500122070312,765.0999755859375,772.2999877929688,730.26708984375,73547
2019-07-15,779.4500122070312,779.4500122070312,764.0,770.4000244140625,728.470458984375,22434
2019-07-16,767.5,775.9500122070312,762.0,767.0,725.2554931640625,20123
2019-07-17,769.75,787.9500122070312,764.0999755859375,773.25,731.1653442382812,29606
2019-07-18,774.2999877929688,790.0,769.0,782.3499755859375,739.7700805664062,34705
2019-07-19,785.5,797.4000244140625,758.4500122070312,764.7999877929688,723.1752319335938,41312
2019-07-22,764.0,766.0,747.2999877929688,750.5999755859375,709.748046875,28172
2019-07-23,750.9000244140625,755.9500122070312,737.7999877929688,740.0999755859375,699.819580078125,30924
2019-07-24,740.4000244140625,743.0,721.6500244140625,725.6500244140625,686.1560668945312,34591
2019-07-25,722.0999755859375,732.5,716.0499877929688,719.75,680.5770874023438,28141
2019-07-26,717.5,722.0,705.0,709.5499877929688,670.9322509765625,22323
2019-07-29,709.5499877929688,730.0499877929688,706.0499877929688,721.2999877929688,682.0427856445312,54642
2019-07-30,716.6500244140625,730.0,692.0,700.3499755859375,662.2329711914062,51540
2019-07-31,700.0999755859375,708.8499755859375,684.0,694.5999755859375,656.7958984375,35266
2019-08-01,696.0,701.9500122070312,681.7999877929688,691.25,653.6282958984375,21048
2019-08-02,693.2999877929688,696.4000244140625,676.9000244140625,692.9000244140625,655.1884765625,24999
2019-08-05,686.7000122070312,705.0,673.2999877929688,693.25,655.5194702148438,36384
2019-08-06,685.25,709.5999755859375,685.0,690.2999877929688,652.7299194335938,35305
2019-08-07,695.0,707.9500122070312,685.6500244140625,695.9000244140625,658.0252075195312,68124
2019-08-08,695.5,717.0,692.7999877929688,699.3499755859375,661.287353515625,89200
2019-08-09,707.0,742.0,701.0,708.9500122070312,670.364990234375,97546
2019-08-13,790.0,850.7000122070312,762.25,850.7000122070312,804.4000854492188,436827
2019-08-14,897.0,908.0,840.2000122070312,855.25,808.7024536132812,551867
2019-08-16,852.5,1026.300048828125,835.7000122070312,994.2999877929688,940.1845703125,1004587
2019-08-19,1038.9000244140625,1088.699951171875,1012.0,1055.0,997.5809326171875,974678
2019-08-20,1045.0,1063.800048828125,1016.2999877929688,1035.949951171875,979.5677490234375,371370
2019-08-21,1030.0,1035.949951171875,970.0,977.1500244140625,923.9679565429688,256237
2019-08-22,972.0,972.7999877929688,896.2000122070312,916.9500122070312,867.04443359375,268145
2019-08-23,900.0,999.0,887.0499877929688,971.2999877929688,918.4363403320312,354914
2019-08-26,982.0,1028.800048828125,976.0,997.9000244140625,943.5886840820312,254091
2019-08-27,1001.9000244140625,1025.0,988.0,1005.5999755859375,950.8695678710938,187477
2019-08-28,1025.0,1097.800048828125,1022.9000244140625,1037.8499755859375,981.3643188476562,511643
2019-08-29,1037.4000244140625,1060.0,1020.0,1026.1500244140625,970.3011474609375,127886
2019-08-30,1033.9000244140625,1047.0,1018.5999755859375,1024.699951171875,968.9299926757812,85568
2019-09-03,1000.0999755859375,1041.699951171875,999.75,1005.0999755859375,950.396728515625,91115
2019-09-04,1005.75,1022.0,975.0,990.5,936.5913696289062,74612
2019-09-05,996.0,1009.9000244140625,976.9500122070312,988.2999877929688,934.5110473632812,71986
2019-09-06,992.7999877929688,992.7999877929688,971.9500122070312,981.4000244140625,927.9866333007812,56063
2019-09-09,972.5,1037.9000244140625,972.2999877929688,1013.5,958.339599609375,182622
2019-09-11,1010.0,1038.9000244140625,998.5499877929688,1014.25,959.0487670898438,82482
2019-09-12,1017.8499755859375,1032.0,998.9500122070312,1005.6500244140625,950.9168701171875,76293
2019-09-13,1004.7000122070312,1045.0,1000.0999755859375,1021.25,975.36669921875,151093
2019-09-16,1021.0,1024.9000244140625,1000.0499877929688,1006.1500244140625,960.9451293945312,60927
2019-09-17,1002.0,1014.0499877929688,932.5,943.0499877929688,900.6800537109375,149615
2019-09-18,955.0999755859375,1024.0,941.0,992.7000122070312,948.0994262695312,807643
2019-09-19,999.0,999.0,955.5499877929688,964.25,920.9276123046875,156376
2019-09-20,967.5999755859375,990.7999877929688,949.5499877929688,977.1500244140625,933.248046875,182630
2019-09-23,992.0999755859375,1053.0,992.0999755859375,1007.25,961.9956665039062,203099
2019-09-24,1012.9000244140625,1013.5,983.0499877929688,987.4500122070312,943.0852661132812,72143
2019-09-25,992.25,997.0,971.0,977.6500244140625,933.7255859375,58296
2019-09-26,976.5499877929688,1007.0,974.0,981.5499877929688,937.4503173828125,103659
2019-09-27,979.9500122070312,1005.0,979.5,984.7000122070312,940.4588012695312,84861
2019-09-30,985.0,988.0,951.0499877929688,960.9000244140625,917.7281494140625,43840
2019-10-01,960.8499755859375,973.75,934.25,954.3499755859375,911.472412109375,46208
2019-10-03,959.0,967.0,950.5999755859375,959.5499877929688,916.438720703125,40642
2019-10-04,958.0999755859375,966.8499755859375,945.0,947.2999877929688,904.7391357421875,26953
2019-10-07,951.0,963.7000122070312,930.6500244140625,935.8499755859375,893.8035278320312,25574
2019-10-09,940.0,988.0,926.0,970.7000122070312,927.087890625,98716
2019-10-10,969.7999877929688,989.4000244140625,943.0499877929688,975.0499877929688,931.2423706054688,64679
2019-10-11,980.25,1000.0,972.0999755859375,979.5999755859375,935.5879516601562,53859
2019-10-14,985.0,1016.9000244140625,975.0499877929688,1002.9500122070312,957.888916015625,84974
2019-10-15,1011.0,1039.800048828125,1008.0,1015.9500122070312,970.3048095703125,82194
2019-10-16,1022.0,1050.0,1001.75,1034.75,988.2601318359375,125523
2019-10-17,1036.0,1070.0,1018.0,1062.75,1015.0021362304688,90474
2019-10-18,1064.75,1095.0,1057.050048828125,1089.300048828125,1040.3592529296875,113396
2019-10-22,1092.9000244140625,1125.0,1072.8499755859375,1080.699951171875,1032.1456298828125,79172
2019-10-23,1089.800048828125,1107.6500244140625,1076.300048828125,1081.949951171875,1033.3394775390625,68092
2019-10-24,1087.6500244140625,1092.0,1062.6500244140625,1070.0999755859375,1022.0218505859375,36279
2019-10-25,1079.0,1098.0,1063.5,1070.550048828125,1022.4517211914062,29110
2019-10-27,1076.949951171875,1088.9000244140625,1064.9000244140625,1082.449951171875,1033.8170166015625,10749
2019-10-29,1086.949951171875,1086.949951171875,1067.050048828125,1076.6500244140625,1028.277587890625,27145
2019-10-30,1081.6500244140625,1130.0,1075.050048828125,1098.4000244140625,1049.0504150390625,92068
2019-10-31,1106.949951171875,1125.0,1075.050048828125,1092.75,1043.654296875,80310
2019-11-01,1100.0,1134.9000244140625,1087.3499755859375,1114.800048828125,1064.7137451171875,97306
2019-11-04,1105.0,1134.4000244140625,1082.449951171875,1101.5999755859375,1052.1065673828125,55263
2019-11-05,1105.0,1120.0,1092.4000244140625,1100.949951171875,1051.48583984375,28749
2019-11-06,1101.0999755859375,1128.9000244140625,1092.3499755859375,1118.9000244140625,1068.62939453125,57276
2019-11-07,1116.0,1147.25,1116.0,1135.199951171875,1084.197021484375,56405
2019-11-08,1143.0,1193.0,1134.5,1146.0999755859375,1094.607421875,189655
2019-11-11,1149.9000244140625,1178.0,1128.0,1165.0999755859375,1112.7537841796875,64688
2019-11-13,1164.0,1271.0,1164.0,1249.6500244140625,1193.505126953125,361277
2019-11-14,1285.0,1300.0,1120.0999755859375,1262.0,1205.3001708984375,950394
2019-11-15,1259.0,1268.0,1195.0,1218.050048828125,1163.32470703125,112996
2019-11-18,1214.0,1242.050048828125,1165.0,1170.5,1117.9111328125,107453
2019-11-19,1170.0,1245.0,1167.9000244140625,1224.75,1169.7237548828125,238071
2019-11-20,1224.75,1225.050048828125,1125.550048828125,1146.300048828125,1094.7984619140625,182018
2019-11-21,1154.0,1180.0,1150.0,1154.25,1102.3912353515625,67638
2019-11-22,1155.449951171875,1172.050048828125,1132.0,1151.449951171875,1099.7169189453125,90683
2019-11-25,1155.0,1175.75,1140.050048828125,1158.8499755859375,1106.7845458984375,71970
2019-11-26,1162.4000244140625,1284.0,1152.0,1254.300048828125,1197.9461669921875,632465
2019-11-27,1262.800048828125,1354.0,1235.0999755859375,1333.8499755859375,1273.9219970703125,795521
2019-11-28,1327.050048828125,1374.9000244140625,1292.0999755859375,1362.1500244140625,1300.9505615234375,465557
2019-11-29,1351.949951171875,1351.949951171875,1305.0,1321.6500244140625,1262.270263671875,130811
2019-12-02,1320.0,1404.949951171875,1280.0,1385.300048828125,1323.0604248046875,471031
2019-12-03,1368.9000244140625,1428.0,1353.8499755859375,1401.949951171875,1338.96240234375,322358
2019-12-04,1392.0,1414.0,1361.300048828125,1373.5,1311.7906494140625,180867
2019-12-05,1365.300048828125,1377.0,1331.050048828125,1339.300048828125,1279.127197265625,101697
2019-12-06,1342.0,1367.9000244140625,1287.0,1307.4000244140625,1248.660400390625,103928
2019-12-09,1309.9000244140625,1354.0,1290.0999755859375,1320.1500244140625,1260.837646484375,147529
2019-12-10,1324.9000244140625,1340.0,1280.6500244140625,1289.800048828125,1231.8511962890625,79633
2019-12-11,1293.6500244140625,1312.3499755859375,1230.0,1239.25,1183.572265625,165958
2019-12-12,1241.9000244140625,1272.0,1235.5,1244.949951171875,1189.01611328125,97557
2019-12-13,1250.0,1267.8499755859375,1236.0,1242.5,1186.67626953125,60155
2019-12-16,1249.0,1253.0,1214.0,1222.699951171875,1167.7657470703125,50689
2019-12-17,1225.0,1288.449951171875,1221.9000244140625,1256.300048828125,1199.8563232421875,166591
2019-12-18,1260.0,1302.5,1230.0,1260.8499755859375,1204.2017822265625,226903
2019-12-19,1265.0,1318.6500244140625,1260.9000244140625,1304.0,1245.4130859375,320743
2019-12-20,1309.5,1322.0,1305.0,1309.550048828125,1250.7138671875,121649
2019-12-23,1305.0,1319.8499755859375,1284.0,1293.25,1235.1461181640625,59353
2019-12-24,1294.9000244140625,1325.0,1278.0,1303.1500244140625,1244.6014404296875,90134
2019-12-26,1310.800048828125,1328.0,1282.0,1290.949951171875,1232.949462890625,137062
2019-12-27,1296.0,1309.9000244140625,1290.1500244140625,1296.5,1238.2501220703125,46491
2019-12-30,1300.0,1308.949951171875,1281.0,1286.300048828125,1228.5084228515625,48496
2019-12-31,1285.0,1303.9000244140625,1260.800048828125,1271.9000244140625,1214.75537109375,61022
2020-01-01,1275.0,1307.0,1275.0,1293.3499755859375,1235.2415771484375,75696
2020-01-02,1296.0999755859375,1420.0,1296.0999755859375,1357.050048828125,1296.0797119140625,404995
2020-01-03,1352.0,1365.800048828125,1325.0,1335.449951171875,1275.4500732421875,93223
2020-01-06,1330.0,1330.0,1290.8499755859375,1294.0999755859375,1235.9578857421875,56601
2020-01-07,1300.1500244140625,1323.5,1300.1500244140625,1311.9000244140625,1252.9581298828125,77554
2020-01-08,1282.25,1335.199951171875,1282.25,1314.0999755859375,1255.059326171875,67465
2020-01-09,1326.25,1343.949951171875,1317.050048828125,1325.949951171875,1266.3768310546875,49134
2020-01-10,1330.8499755859375,1340.0,1316.300048828125,1327.949951171875,1268.287109375,54155
2020-01-13,1337.800048828125,1374.5,1325.0,1368.3499755859375,1306.8719482421875,150557
2020-01-14,1372.75,1430.0,1372.0,1412.699951171875,1349.2293701171875,198762
2020-01-15,1417.449951171875,1424.8499755859375,1381.0,1392.050048828125,1329.5072021484375,69723
2020-01-16,1392.0,1423.699951171875,1392.0,1399.800048828125,1336.908935546875,99397
2020-01-17,1399.800048828125,1481.0,1396.0,1458.5999755859375,1393.067138671875,314366
2020-01-20,1469.0,1477.800048828125,1405.6500244140625,1414.9000244140625,1351.33056640625,83049
2020-01-21,1412.9000244140625,1481.75,1394.0999755859375,1417.0999755859375,1353.431640625,191568
2020-01-22,1423.6500244140625,1447.0,1406.550048828125,1412.0999755859375,1348.65625,54413
2020-01-23,1414.0,1430.0,1376.0,1381.0999755859375,1319.049072265625,68976
2020-01-24,1389.4000244140625,1408.0,1372.5999755859375,1380.1500244140625,1318.141845703125,71032
2020-01-27,1379.0,1478.5999755859375,1375.0,1441.5,1376.7354736328125,340229
2020-01-28,1457.050048828125,1469.300048828125,1352.0,1373.5,1311.7906494140625,324580
2020-01-29,1379.0,1397.0,1235.0,1248.050048828125,1191.9769287109375,361077
2020-01-30,1246.1500244140625,1259.9000244140625,1172.0,1181.0999755859375,1128.0347900390625,379860
2020-01-31,1195.0,1245.3499755859375,1181.0,1213.1500244140625,1158.6448974609375,271379
2020-02-03,1126.8499755859375,1152.9000244140625,1085.0,1126.449951171875,1075.840087890625,139932
2020-02-04,1132.5999755859375,1270.0,1132.5999755859375,1258.3499755859375,1201.8140869140625,307560
2020-02-05,1260.25,1291.0,1215.199951171875,1254.699951171875,1198.328125,176985
2020-02-06,1261.4000244140625,1289.699951171875,1250.1500244140625,1256.5,1200.0472412109375,111184
2020-02-07,1264.0,1310.0999755859375,1262.0,1275.0,1217.716064453125,139288
2020-02-10,1312.0,1364.8499755859375,1295.0,1351.75,1291.017822265625,468845
2020-02-11,1377.0999755859375,1386.449951171875,1336.199951171875,1350.699951171875,1290.014892578125,142535
2020-02-12,1361.0,1361.0,1321.25,1341.050048828125,1280.798583984375,65190
2020-02-13,1346.5,1401.0,1320.25,1371.8499755859375,1310.2147216796875,182314
2020-02-14,1380.0,1410.0,1370.0,1373.5999755859375,1311.8861083984375,121805
2020-02-17,1386.75,1399.0,1325.0,1341.550048828125,1281.276123046875,64794
2020-02-18,1342.0,1345.3499755859375,1292.0,1301.8499755859375,1243.3597412109375,60016
2020-02-19,1305.25,1330.0,1290.0,1299.6500244140625,1241.2586669921875,67185
2020-02-20,1302.9000244140625,1395.0,1271.0,1340.3499755859375,1280.1298828125,365867
2020-02-24,1335.0,1335.0,1261.050048828125,1273.550048828125,1216.331298828125,102324
2020-02-25,1282.0,1292.949951171875,1216.0,1226.800048828125,1171.681640625,102803
2020-02-26,1215.949951171875,1230.0,1182.550048828125,1187.699951171875,1134.3382568359375,117876
2020-02-27,1194.0,1214.3499755859375,1122.050048828125,1156.6500244140625,1104.683349609375,120812
2020-02-28,1122.0,1190.0,1057.050048828125,1149.050048828125,1097.4248046875,299372
2020-03-02,1174.0,1197.0,1100.0,1121.449951171875,1071.0648193359375,94070
2020-03-03,1156.449951171875,1189.0,1130.0999755859375,1173.3499755859375,1120.633056640625,144837
2020-03-04,1178.9000244140625,1196.25,1140.0,1165.449951171875,1113.087890625,112842
2020-03-05,1175.0,1226.0,1170.0,1184.199951171875,1130.9954833984375,164291
2020-03-06,1149.0,1189.0,1123.0,1175.75,1122.92529296875,64184
2020-03-09,1133.25,1164.4000244140625,1130.0,1138.050048828125,1086.9190673828125,77132
2020-03-11,1145.0,1159.199951171875,1102.550048828125,1148.0,1096.4219970703125,49349
2020-03-12,1083.25,1109.949951171875,1030.25,1050.800048828125,1003.589111328125,80201
2020-03-13,862.0,1162.0,862.0,1118.25,1068.0086669921875,95597
2020-03-16,1053.0,1088.9000244140625,1036.75,1041.949951171875,995.1365966796875,46113
2020-03-17,1030.0,1030.0,923.0,946.2999877929688,925.0924072265625,71030
2020-03-18,950.0,977.0,863.0499877929688,888.4500122070312,868.5389404296875,64840
2020-03-19,830.0,877.5499877929688,790.0,808.2000122070312,790.08740234375,93829
2020-03-20,819.0,870.0,805.0499877929688,850.7999877929688,831.732666015625,109767
2020-03-23,810.0,810.0,750.0,763.7000122070312,746.584716796875,29784
2020-03-24,802.0,829.6500244140625,738.0499877929688,751.4000244140625,734.5603637695312,43851
2020-03-25,732.0,810.0,732.0,793.9000244140625,776.10791015625,39714
2020-03-26,801.5999755859375,940.0,801.5999755859375,894.0999755859375,874.062255859375,178773
2020-03-27,937.0,990.0,890.0,918.0999755859375,897.5244140625,72558
2020-03-30,875.0,939.0,830.0,905.2999877929688,885.0112915039062,37473
2020-03-31,975.0,983.9500122070312,911.3499755859375,940.5,919.4224243164062,63764
2020-04-01,949.7000122070312,989.9500122070312,940.1500244140625,962.5,940.9293823242188,43372
2020-04-03,975.0,975.0,940.0,949.9500122070312,928.66064453125,119244
2020-04-07,970.0499877929688,996.7999877929688,955.0,980.5999755859375,958.6237182617188,84064
2020-04-08,972.0,1113.1500244140625,963.25,980.25,958.2815551757812,163204
2020-04-09,1005.0499877929688,1032.8499755859375,991.0,995.0,972.7009887695312,43230
2020-04-13,995.0,1028.050048828125,970.2000122070312,993.2000122070312,970.9413452148438,73403
2020-04-15,1002.0,1041.0,988.0,997.4500122070312,975.0961303710938,111589
2020-04-16,973.0,1010.0,973.0,1000.5,978.0777587890625,32719
2020-04-17,1015.0,1044.0,1000.0,1004.7999877929688,982.2813720703125,120499
2020-04-20,1020.0,1020.0,982.75,991.6500244140625,969.4260864257812,42039
2020-04-21,985.0,985.0,925.0,941.2000122070312,920.1067504882812,34391
2020-04-22,935.0,1069.0,932.4000244140625,1040.449951171875,1017.1323852539062,393526
2020-04-23,1020.0,1098.0,1005.0,1061.6500244140625,1037.8572998046875,544604
2020-04-24,1040.0,1072.5,1029.0,1033.8499755859375,1010.6802978515625,153669
2020-04-27,1028.3499755859375,1049.9000244140625,1015.2000122070312,1021.5999755859375,998.704833984375,96177
2020-04-28,1031.0,1059.199951171875,1013.6500244140625,1055.0999755859375,1031.4541015625,105009
2020-04-29,1058.0,1074.0,1031.699951171875,1033.75,1010.5825805664062,72038
2020-04-30,1045.0,1059.0,1001.0,1005.0,982.4768676757812,107096
2020-05-04,1030.0,1060.0,1020.0,1028.8499755859375,1005.7923583984375,138647
2020-05-05,1038.699951171875,1046.0,972.0,983.5,961.458740234375,61060
2020-05-06,985.0,989.9500122070312,952.0,961.75,940.1961669921875,110037
2020-05-07,960.0,981.8499755859375,957.0,962.0,940.4405517578125,44517
2020-05-08,971.0,993.5999755859375,945.0,954.5499877929688,933.1575317382812,130421
2020-05-11,963.0,967.75,939.0499877929688,951.2000122070312,929.8826293945312,58562
2020-05-12,953.0,953.0,920.0499877929688,942.4000244140625,921.2798461914062,60198
2020-05-13,965.0,965.0,940.1500244140625,941.9000244140625,920.7910766601562,44591
2020-05-14,930.0,953.7999877929688,921.25,942.6500244140625,921.5242309570312,53347
2020-05-15,943.0,978.0,933.0,968.2000122070312,946.5016479492188,104048
2020-05-18,979.0,983.0,923.0,928.7000122070312,907.8868408203125,50625
2020-05-19,934.1500244140625,946.0,925.0,930.25,909.402099609375,52452
2020-05-20,926.5,940.0,922.0999755859375,926.9000244140625,906.127197265625,51835
2020-05-21,931.5,960.0,926.3499755859375,940.6500244140625,919.569091796875,117457
2020-05-22,941.6500244140625,974.0,940.0,965.6500244140625,944.0087890625,96281
2020-05-26,974.7000122070312,987.0,951.0,981.5,959.5035400390625,83884
2020-05-27,986.0,999.0,965.0499877929688,990.5999755859375,968.3995971679688,82232
2020-05-28,994.0,1020.0,968.0,974.6500244140625,952.8070678710938,91127
2020-05-29,974.5,991.5999755859375,970.0,987.4000244140625,965.2713623046875,55259
2020-06-01,990.0999755859375,1019.9000244140625,990.0999755859375,999.2000122070312,976.806884765625,59024
2020-06-02,1003.2000122070312,1037.9000244140625,998.2000122070312,1016.5999755859375,993.81689453125,104652
2020-06-03,1029.699951171875,1040.0,980.0,999.7999877929688,977.3934326171875,66421
2020-06-04,1001.9500122070312,1018.9500122070312,987.9500122070312,998.4500122070312,976.07373046875,46186
2020-06-05,999.9500122070312,1020.0,992.0999755859375,999.7999877929688,977.3934326171875,44511
2020-06-08,1018.9500122070312,1024.4000244140625,995.0,1009.9000244140625,987.26708984375,53889
2020-06-09,1016.0999755859375,1064.5,1001.0499877929688,1030.4000244140625,1007.3076782226562,443255
2020-06-10,1032.0,1037.9000244140625,1005.6500244140625,1011.2000122070312,988.5379638671875,95659
2020-06-11,1012.0499877929688,1021.7000122070312,985.7000122070312,993.2000122070312,970.9413452148438,60148
2020-06-12,960.0499877929688,979.5999755859375,953.2000122070312,973.1500244140625,951.3406982421875,82149
2020-06-15,978.5,985.7000122070312,956.5,960.5999755859375,939.0718994140625,47651
2020-06-16,974.0,980.5999755859375,950.0499877929688,958.2000122070312,936.7257690429688,54062
2020-06-17,957.0,967.0,948.2999877929688,956.75,935.3082275390625,20234
2020-06-18,956.75,966.0,953.2999877929688,955.9500122070312,934.5261840820312,46001
2020-06-19,965.9000244140625,980.0,962.0,965.2999877929688,943.6666259765625,64482
2020-06-22,972.0,979.7999877929688,956.5,962.7999877929688,941.22265625,51474
2020-06-23,972.5,1019.5,964.5499877929688,1002.3499755859375,979.8862915039062,153280
2020-06-24,1006.0,1035.0,996.0,1001.5499877929688,979.1041870117188,123945
2020-06-25,991.0,1003.75,980.0,997.5,975.1449584960938,63577
2020-06-26,1005.0,1013.9500122070312,993.0,996.5499877929688,974.2162475585938,39922
2020-06-29,997.0,1048.75,997.0,1031.75,1008.6273803710938,252426
2020-06-30,1051.0,1053.1500244140625,1010.0,1017.5499877929688,994.74560546875,154244
2020-07-01,999.9000244140625,1008.9500122070312,960.0,981.6500244140625,959.6502075195312,194564
2020-07-02,986.0,993.8499755859375,980.3499755859375,983.7000122070312,961.6542358398438,53810
2020-07-03,985.0499877929688,990.0,978.0,981.75,959.7479248046875,28263
2020-07-06,985.25,995.3499755859375,975.0,977.3499755859375,955.446533203125,44334
2020-07-07,985.0,985.9500122070312,974.5499877929688,976.7999877929688,954.9088745117188,34832
2020-07-08,979.2999877929688,985.0,971.0999755859375,973.9000244140625,952.0739135742188,36730
2020-07-09,974.0,984.1500244140625,966.2000122070312,970.4500122070312,948.7012329101562,24304
2020-07-10,968.0,972.9500122070312,960.5999755859375,965.2999877929688,943.6666259765625,33766
2020-07-13,970.5,977.5999755859375,962.2000122070312,966.2000122070312,944.5464477539062,28769
2020-07-14,963.0499877929688,971.7000122070312,946.0,950.0999755859375,928.8072509765625,37919
2020-07-15,955.0,970.0999755859375,925.0,929.5999755859375,908.7666625976562,50751
2020-07-16,947.0,949.0,923.0999755859375,943.1500244140625,922.0130615234375,32809
2020-07-17,950.0999755859375,950.0999755859375,931.6500244140625,935.5,914.5344848632812,59261
2020-07-20,938.5,945.9000244140625,931.0,935.0,914.045654296875,33640
2020-07-21,938.7000122070312,948.0,927.5499877929688,929.7999877929688,908.9622192382812,39592
2020-07-22,939.9000244140625,944.9500122070312,927.0499877929688,932.25,911.3572998046875,41449
2020-07-23,933.0,935.5,923.0,925.0,904.269775390625,42060
2020-07-24,926.2000122070312,926.25,904.2000122070312,908.7999877929688,888.4328002929688,43549
2020-07-27,915.0,931.0,901.5499877929688,923.5999755859375,902.901123046875,76703
2020-07-28,923.5999755859375,934.0,913.25,916.5499877929688,896.0091552734375,40105
2020-07-29,919.7999877929688,930.0,910.7000122070312,916.2999877929688,895.7647705078125,33684
2020-07-30,924.7000122070312,940.0,912.0999755859375,916.0999755859375,895.5692138671875,63418
2020-07-31,920.0,932.4500122070312,911.0,916.5999755859375,896.0579833984375,38830
2020-08-03,915.0,923.9000244140625,910.0,915.1500244140625,894.6405639648438,30287
2020-08-04,925.0,928.8499755859375,913.0499877929688,916.4500122070312,895.911376953125,34844
2020-08-05,926.0,926.0,913.0,914.5999755859375,894.1028442382812,23903
2020-08-06,915.0499877929688,923.9000244140625,914.25,919.5,898.89306640625,19961
2020-08-07,920.0,954.25,920.0,944.6500244140625,923.4794311523438,101994
2020-08-10,950.0,990.0,931.0999755859375,960.7999877929688,939.2674560546875,133912
2020-08-11,964.0,977.9500122070312,957.0,958.5,937.0189819335938,58240
2020-08-12,958.0,976.9000244140625,945.3499755859375,955.7000122070312,934.2817993164062,46711
2020-08-13,958.2999877929688,967.9000244140625,932.2000122070312,955.3499755859375,933.9395751953125,56247
2020-08-14,964.9000244140625,964.9000244140625,932.0,938.4500122070312,917.4183349609375,44869
2020-08-17,959.0,959.0,932.4500122070312,940.5,919.4224243164062,38630
2020-08-18,940.0,959.3499755859375,936.75,951.8499755859375,930.5180053710938,35785
2020-08-19,955.0,959.2999877929688,945.5999755859375,947.8499755859375,926.607666015625,36471
2020-08-20,948.0,955.0,933.0499877929688,937.2000122070312,916.1963500976562,51418
2020-08-21,949.0,967.6500244140625,938.25,950.3499755859375,929.0516357421875,92030
2020-08-24,961.0999755859375,972.7000122070312,938.1500244140625,944.4000244140625,923.2350463867188,147285
2020-08-25,943.0,970.0499877929688,938.5,944.4000244140625,923.2350463867188,111880
2020-08-26,943.9500122070312,970.0,941.0,959.5,937.99658203125,91898
2020-08-27,1065.0,1092.4000244140625,1010.2999877929688,1035.449951171875,1012.2444458007812,1408519
2020-08-28,1023.9500122070312,1024.550048828125,1000.0,1002.7000122070312,980.2284545898438,155822
2020-08-31,1071.4000244140625,1071.4000244140625,956.2999877929688,964.0,942.395751953125,130736
2020-09-01,967.0,997.0,954.0499877929688,957.7999877929688,936.3346557617188,95805
2020-09-02,960.1500244140625,972.3499755859375,949.0,949.75,928.465087890625,60788
2020-09-03,957.7999877929688,964.5,945.0499877929688,949.0499877929688,927.78076171875,53012
2020-09-04,940.0,944.7000122070312,932.4000244140625,938.4500122070312,917.4183349609375,41832
2020-09-07,941.0,949.9000244140625,917.5,923.4000244140625,902.7056884765625,85333
2020-09-08,928.7999877929688,934.0,920.0,926.6500244140625,905.8828125,38185
2020-09-09,926.0,945.0,907.3499755859375,910.7000122070312,890.290283203125,79071
2020-09-10,917.9500122070312,924.75,910.0,913.25,892.7830810546875,39566
2020-09-11,917.5999755859375,918.5999755859375,905.0999755859375,907.9000244140625,887.5530395507812,38669
2020-09-14,914.0,962.0,910.2000122070312,940.2000122070312,919.129150390625,209150
2020-09-15,945.0,954.5,931.0499877929688,943.9000244140625,922.7462158203125,42688
2020-09-16,943.5,958.0,916.0,940.9000244140625,919.8134765625,43206
2020-09-17,931.6500244140625,952.0,925.0,946.5999755859375,925.3856811523438,39453
2020-09-18,950.0499877929688,954.7000122070312,940.25,948.9000244140625,927.6341552734375,56717
2020-09-21,951.0,951.8499755859375,907.0999755859375,916.4500122070312,895.911376953125,58856
2020-09-22,915.7999877929688,916.4500122070312,885.4500122070312,901.3499755859375,881.1497802734375,51350
2020-09-23,908.0,923.0,899.0999755859375,912.2000122070312,891.7566528320312,22599
2020-09-24,899.0,924.5,897.0,917.75,897.1822509765625,51302
2020-09-25,922.0499877929688,953.0,907.0,917.9000244140625,897.3289184570312,109586
2020-09-28,925.5999755859375,930.9000244140625,908.9500122070312,922.1500244140625,901.4837036132812,43311
2020-09-29,928.0,931.9000244140625,911.0,916.3499755859375,895.8135986328125,24890
2020-09-30,919.0,927.0,913.0999755859375,923.25,902.5590209960938,19110
2020-10-01,927.9000244140625,931.4000244140625,913.25,920.3499755859375,899.7239379882812,18196
2020-10-05,929.0,929.0,915.2000122070312,918.25,897.6710815429688,11505
2020-10-06,921.9500122070312,924.7000122070312,906.0499877929688,911.5499877929688,891.1212158203125,36340
2020-10-07,909.0,922.0,901.3499755859375,906.5999755859375,886.2821044921875,26055
2020-10-08,909.0,914.7999877929688,902.0,903.4000244140625,883.1538696289062,18617
2020-10-09,904.0,910.0,898.0,899.9000244140625,879.7322998046875,40021
2020-10-12,908.0,923.3499755859375,873.25,882.5999755859375,862.8200073242188,65080
2020-10-13,882.5999755859375,893.9500122070312,870.3499755859375,875.5499877929688,855.927978515625,26266
2020-10-14,870.0,901.5499877929688,870.0,885.4500122070312,865.6061401367188,33112
2020-10-15,889.8499755859375,902.25,860.0,866.1500244140625,846.7387084960938,53913
2020-10-16,870.4500122070312,878.0,858.25,859.7999877929688,840.5309448242188,29390
2020-10-19,864.7999877929688,867.2999877929688,846.5999755859375,850.0999755859375,831.04833984375,30813
2020-10-20,851.0499877929688,870.0,850.3499755859375,857.4500122070312,838.233642578125,31037
2020-10-21,868.4000244140625,868.4000244140625,855.75,859.3499755859375,840.091064453125,13046
2020-10-22,861.5999755859375,910.25,859.7999877929688,899.7999877929688,879.634521484375,70628
2020-10-23,909.8499755859375,909.8499755859375,886.9500122070312,896.5999755859375,876.5062255859375,23056
2020-10-26,901.0499877929688,914.7999877929688,887.8499755859375,891.75,871.7649536132812,26028
2020-10-27,891.75,916.5999755859375,881.75,909.0499877929688,888.67724609375,24121
2020-10-28,911.0,915.0,895.0,899.9000244140625,879.7322998046875,14417
2020-10-29,890.0,904.1500244140625,885.0999755859375,894.9500122070312,874.8932495117188,17968
2020-10-30,892.0,910.7999877929688,889.0,896.9500122070312,876.8484497070312,36013
2020-11-02,901.4500122070312,901.9500122070312,877.75,881.7999877929688,862.0379028320312,12408
2020-11-03,886.2000122070312,896.4000244140625,871.0,872.9000244140625,853.33740234375,22558
2020-11-04,870.0,878.7999877929688,861.0499877929688,864.2999877929688,844.9301147460938,19914
2020-11-05,868.6500244140625,880.0,865.0999755859375,875.2999877929688,855.68359375,21017
2020-11-06,876.9000244140625,887.0,876.9000244140625,881.9500122070312,862.1845703125,15339
2020-11-09,880.0499877929688,890.0,863.9500122070312,883.0999755859375,863.3087768554688,29162
2020-11-10,887.0,913.7999877929688,883.1500244140625,895.5999755859375,875.5286254882812,100416
2020-11-11,894.0,900.0,880.0,885.2999877929688,865.45947265625,22457
2020-11-12,885.2999877929688,891.4500122070312,877.0499877929688,879.3499755859375,859.642822265625,23356
2020-11-13,879.3499755859375,888.75,847.0,853.4500122070312,834.3233032226562,152770
2020-11-14,864.5,879.9500122070312,855.0,875.75,856.12353515625,17043
2020-11-17,873.1500244140625,878.0,861.75,875.25,855.6347045898438,43460
2020-11-18,879.9500122070312,887.7000122070312,874.0,883.7999877929688,863.9931030273438,45498
2020-11-19,883.7999877929688,926.5499877929688,880.0499877929688,909.7999877929688,889.410400390625,124119
2020-11-20,918.4000244140625,947.0,910.3499755859375,927.6500244140625,906.8604125976562,217539
2020-11-23,935.0,937.5,920.0499877929688,925.4500122070312,904.709716796875,38818
2020-11-24,925.7000122070312,965.4000244140625,921.7000122070312,936.4000244140625,915.414306640625,160761
2020-11-25,949.0499877929688,949.0499877929688,903.1500244140625,906.9000244140625,886.575439453125,65585
2020-11-26,919.9000244140625,919.9000244140625,904.75,913.5999755859375,893.125244140625,29067
2020-11-27,915.0,919.5999755859375,901.0499877929688,907.25,886.9176025390625,52918
2020-12-01,917.0,917.0,897.5499877929688,900.25,880.074462890625,104463
2020-12-02,907.0,922.2999877929688,899.0,902.0,881.7852172851562,76889
2020-12-03,906.5499877929688,915.2999877929688,904.75,907.25,886.9176025390625,80853
2020-12-04,911.0,912.5999755859375,900.0,904.3499755859375,884.08251953125,63055
2020-12-07,914.7000122070312,944.4000244140625,909.0999755859375,930.0,909.15771484375,166383
2020-12-08,934.6500244140625,957.5499877929688,926.7999877929688,943.7999877929688,922.6484375,131148
2020-12-09,947.0,1040.9000244140625,943.7999877929688,1017.2000122070312,994.4035034179688,1056867
2020-12-10,1022.0,1035.0,992.1500244140625,1019.2000122070312,996.358642578125,239532
2020-12-11,1027.9000244140625,1056.699951171875,1002.6500244140625,1016.3499755859375,993.572509765625,198066
2020-12-14,1019.0,1034.0,1005.0,1008.4000244140625,985.8007202148438,85694
2020-12-15,1010.0,1019.9500122070312,993.0,996.75,974.4118041992188,76512
2020-12-16,1005.0999755859375,1018.0,996.0,998.9000244140625,976.5136108398438,65302
2020-12-17,997.4000244140625,1019.7999877929688,996.2000122070312,999.5999755859375,977.1978759765625,51917
2020-12-18,1000.0,1006.9000244140625,985.0999755859375,990.2999877929688,968.1063232421875,49143
2020-12-21,988.2999877929688,1001.0,920.0,930.9500122070312,910.08642578125,87058
2020-12-22,935.0,959.0,905.0,921.8499755859375,901.1903686523438,89273
2020-12-23,929.9000244140625,959.0,925.0499877929688,949.8499755859375,928.5628662109375,67356
2020-12-24,965.0,1025.0,960.6500244140625,984.0999755859375,962.0452880859375,279760
2020-12-28,995.9500122070312,999.0499877929688,974.1500244140625,979.9500122070312,957.98828125,55113
2020-12-29,986.0,992.5499877929688,971.0,976.8499755859375,954.957763671875,46257
2020-12-30,976.0,991.1500244140625,965.5499877929688,974.8499755859375,953.0025634765625,48452
2020-12-31,980.9500122070312,981.2999877929688,968.0,972.1500244140625,950.3630981445312,34086
2021-01-01,978.7999877929688,1009.0,974.0,989.8499755859375,967.6663818359375,54987
2021-01-04,990.0,995.0,977.0,986.2000122070312,964.0982055664062,58449
2021-01-05,981.0,997.0,978.5,980.5999755859375,958.6237182617188,55676
2021-01-06,978.0,992.5,957.0,965.9000244140625,944.253173828125,105200
2021-01-07,970.0,976.0,955.0,958.2999877929688,936.823486328125,63433
2021-01-08,963.0,974.7000122070312,958.9500122070312,970.9000244140625,949.14111328125,70463
2021-01-11,971.0,979.5999755859375,961.0,964.0999755859375,942.4934692382812,51749
2021-01-12,967.0,978.0,964.0,966.7000122070312,945.0352783203125,46903
2021-01-13,971.5499877929688,1018.0,970.0499877929688,980.5,958.5259399414062,240677
2021-01-14,988.3499755859375,1010.0,974.5499877929688,989.5,967.3242797851562,187779
2021-01-15,998.0,998.0,970.0,974.7000122070312,952.85595703125,63773
2021-01-18,977.1500244140625,977.2000122070312,955.5499877929688,962.9500122070312,941.3692626953125,29719
2021-01-19,965.0499877929688,973.5,958.5,965.7000122070312,944.0576782226562,58812
2021-01-20,969.9000244140625,975.0,952.0,953.5999755859375,932.2288208007812,70719
2021-01-21,962.0,962.0,930.0,935.5,914.5344848632812,72688
2021-01-22,940.2000122070312,946.1500244140625,918.0,921.7999877929688,901.1414794921875,50810
2021-01-25,931.7999877929688,954.8499755859375,919.0,922.7999877929688,902.1190795898438,58883
2021-01-27,928.7000122070312,929.0499877929688,915.0,917.7000122070312,897.1334228515625,27793
2021-01-28,918.0,927.0,911.5,919.7999877929688,899.186279296875,17496
2021-01-29,923.0,931.75,914.5499877929688,917.7999877929688,897.2311401367188,25292
2021-02-01,930.0,952.1500244140625,905.0,928.0499877929688,907.2514038085938,133629
2021-02-02,947.4000244140625,952.5,931.8499755859375,937.5999755859375,916.58740234375,62195
2021-02-03,942.2000122070312,944.9500122070312,934.0,939.9500122070312,918.884765625,47041
2021-02-04,943.5499877929688,972.7999877929688,935.0,960.2000122070312,938.680908203125,119130
2021-02-05,978.2000122070312,978.2000122070312,925.25,935.5499877929688,914.5833129882812,85739
2021-02-08,940.0,957.0,932.1500244140625,936.7999877929688,915.8052978515625,81017
2021-02-09,938.0,938.4000244140625,912.0,916.4000244140625,895.862548828125,111036
2021-02-10,923.0,924.0,913.0,917.2999877929688,896.7423095703125,40575
2021-02-11,919.9500122070312,935.5,913.0,926.6500244140625,905.8828125,48067
2021-02-12,933.0,938.9000244140625,920.0999755859375,923.75,903.0477905273438,41514
2021-02-15,940.0,940.0499877929688,920.0499877929688,923.5499877929688,902.8522338867188,76184
2021-02-16,928.4000244140625,929.9000244140625,921.2000122070312,922.9500122070312,902.2657470703125,26988
2021-02-17,922.0,937.0499877929688,921.0,923.7999877929688,903.0966796875,38401
2021-02-18,925.0,928.0,921.0,922.5999755859375,901.9235229492188,28219
2021-02-19,925.0,927.0,910.0,913.7999877929688,893.32080078125,32703
2021-02-22,918.0,921.8499755859375,900.0999755859375,905.75,885.451171875,38558
2021-02-23,920.0,924.4000244140625,908.7999877929688,911.4000244140625,890.974609375,28526
2021-02-24,916.0,919.6500244140625,880.0499877929688,906.5,886.1843872070312,35234
2021-02-25,914.0,914.9500122070312,903.2999877929688,908.2999877929688,887.9440307617188,44348
2021-02-26,912.7999877929688,916.0,895.0,898.8499755859375,878.705810546875,47227
2021-03-01,902.0,910.0,896.0,902.2999877929688,882.0784912109375,43325
2021-03-02,905.0,909.2000122070312,903.0,905.2000122070312,884.9135131835938,26387
2021-03-03,912.3499755859375,914.0,901.0999755859375,906.0499877929688,885.7444458007812,60785
2021-03-04,906.0,909.7999877929688,904.5,906.0499877929688,885.7444458007812,43265
2021-03-05,906.0,907.0499877929688,899.0,903.7000122070312,883.4471435546875,27960
2021-03-08,905.0,911.9500122070312,901.2999877929688,902.5,882.2740478515625,30003
2021-03-09,903.9000244140625,909.0999755859375,895.0,901.25,881.0520629882812,37418
2021-03-10,905.7999877929688,906.25,898.0,903.4000244140625,883.1538696289062,30748
2021-03-12,907.9500122070312,912.3499755859375,895.0,897.2999877929688,877.1905517578125,46794
2021-03-15,904.9000244140625,905.0,890.0,893.9000244140625,873.8667602539062,47004
2021-03-16,903.8499755859375,903.8499755859375,893.7999877929688,895.6500244140625,875.5775756835938,32477
2021-03-17,896.0,898.6500244140625,876.0,879.5499877929688,859.83837890625,52927
2021-03-18,883.9000244140625,891.7000122070312,874.0,882.8499755859375,863.0643920898438,53909
2021-03-19,871.2000122070312,890.9500122070312,864.75,888.0499877929688,868.1478271484375,29237
2021-03-22,875.0,894.0,875.0,886.6500244140625,866.779296875,26985
2021-03-23,891.2999877929688,931.0,882.3499755859375,895.9500122070312,875.870849609375,183264
2021-03-24,895.9500122070312,909.0,895.0,897.5999755859375,877.4838256835938,31748
2021-03-25,894.0,894.0499877929688,873.0,877.9000244140625,858.225341796875,46836
2021-03-26,882.5,891.7000122070312,845.0,887.3499755859375,867.4635620117188,269666
2021-03-30,896.0,899.9000244140625,881.4500122070312,895.75,875.67529296875,72874
2021-03-31,895.75,927.0999755859375,888.1500244140625,915.75,895.2271118164062,118135
2021-04-01,920.3499755859375,935.0,916.0,928.0,907.2025756835938,72171
2021-04-05,927.9000244140625,927.9000244140625,891.5,915.0,894.493896484375,33347
2021-04-06,910.0,920.0,900.0,903.2999877929688,883.0560913085938,21448
2021-04-07,903.0,915.0,901.0,905.75,885.451171875,21699
2021-04-08,910.0,914.3499755859375,905.0999755859375,910.9000244140625,890.4857788085938,16233
2021-04-09,910.0,922.0,904.5999755859375,906.1500244140625,885.8422241210938,29208
2021-04-12,900.0,902.0,880.0999755859375,883.1500244140625,863.3577270507812,26878
2021-04-13,887.7999877929688,894.5499877929688,879.5999755859375,883.3499755859375,863.5531616210938,17105
2021-04-15,872.0,886.9000244140625,870.4000244140625,874.5,854.9015502929688,17557
2021-04-16,874.7999877929688,882.0,869.0,870.7999877929688,851.284423828125,18463
2021-04-19,867.0,867.0,841.5,843.5999755859375,824.6940307617188,41852
2021-04-20,858.9000244140625,864.0,850.6500244140625,860.7999877929688,841.508544921875,24448
2021-04-22,860.7999877929688,865.0,855.8499755859375,859.0999755859375,839.8466186523438,11764
2021-04-23,863.4000244140625,882.0,860.2999877929688,864.75,845.3700561523438,36712
2021-04-26,869.2999877929688,870.0,861.7000122070312,864.4000244140625,845.0278930664062,13720
2021-04-27,868.75,872.3499755859375,862.0499877929688,864.7000122070312,845.3211669921875,15541
2021-04-28,865.0,876.25,862.2000122070312,864.0499877929688,844.6857299804688,20953
2021-04-29,868.5999755859375,875.8499755859375,862.0499877929688,864.5999755859375,845.223388671875,20927
2021-04-30,864.7999877929688,869.7000122070312,859.5499877929688,861.9000244140625,842.5839233398438,18279
2021-05-03,861.0,868.6500244140625,856.2000122070312,861.5,842.19287109375,16517
2021-05-04,863.0,867.0999755859375,861.9500122070312,863.0499877929688,843.7081298828125,14009
2021-05-05,866.0,875.6500244140625,857.0499877929688,864.4000244140625,845.0278930664062,23102
2021-05-06,870.0,870.0,860.0999755859375,863.9500122070312,844.5880126953125,11438
2021-05-07,868.25,872.25,860.0,861.5999755859375,842.2905883789062,14224
2021-05-10,869.0,869.0,860.0,861.2999877929688,841.9973754882812,43071
2021-05-11,860.4000244140625,869.8499755859375,860.0,864.3499755859375,844.97900390625,29318
2021-05-12,867.9500122070312,867.9500122070312,855.0999755859375,857.25,838.0381469726562,31486
2021-05-14,859.5999755859375,888.4000244140625,859.5999755859375,869.9500122070312,850.4534912109375,113587
2021-05-17,875.0,886.0,871.0499877929688,882.0,862.2334594726562,62164
2021-05-18,885.0,919.0,883.3499755859375,908.5499877929688,888.1884155273438,132288
2021-05-19,910.0,928.0,909.0,913.7000122070312,893.2230224609375,69116
2021-05-20,922.9500122070312,922.9500122070312,892.0,893.4500122070312,873.4268798828125,46020
2021-05-21,906.9000244140625,925.5499877929688,885.0,901.0499877929688,880.8565063476562,112320
2021-05-24,904.9000244140625,916.3499755859375,897.2000122070312,906.5499877929688,886.2332763671875,46497
2021-05-25,914.5,917.9000244140625,900.0,902.0,881.7852172851562,63208
2021-05-26,909.9500122070312,910.0,902.0499877929688,905.25,884.96240234375,25982
2021-05-27,905.25,908.7999877929688,896.25,897.9500122070312,877.8259887695312,32478
2021-05-28,891.0999755859375,904.9000244140625,891.0999755859375,897.6500244140625,877.5327758789062,25044
2021-05-31,902.1500244140625,908.0,896.0,897.4500122070312,877.3372192382812,42826
2021-06-01,900.0,921.2999877929688,897.8499755859375,907.9000244140625,887.5530395507812,67136
2021-06-02,913.0,917.1500244140625,905.0,907.8499755859375,887.5040893554688,31960
2021-06-03,908.0,918.5999755859375,902.0499877929688,913.2999877929688,892.8319702148438,155102
2021-06-04,916.9000244140625,953.0999755859375,914.8499755859375,936.0499877929688,915.0721435546875,279243
2021-06-07,950.0,952.0,930.0,934.0,913.0680541992188,83092
2021-06-08,937.0,941.0,920.5,931.25,910.3796997070312,47693
2021-06-09,931.25,979.0,931.25,944.5,923.332763671875,355391
2021-06-10,947.0,967.75,942.0,950.0,928.7095336914062,87849
2021-06-11,959.0,959.9000244140625,920.0,933.7000122070312,912.7748413085938,70883
2021-06-14,929.5999755859375,937.7000122070312,915.0499877929688,927.3499755859375,906.5670776367188,47682
2021-06-15,958.0,958.0,939.0,942.2000122070312,921.0843505859375,69980
2021-06-16,948.8499755859375,948.8499755859375,933.0,936.4000244140625,915.414306640625,46534
2021-06-17,936.0,936.0,921.0999755859375,923.3499755859375,902.65673828125,32478
2021-06-18,923.6500244140625,929.3499755859375,904.0,911.75,891.3167114257812,61461
2021-06-21,909.7000122070312,927.4500122070312,905.0,923.9000244140625,903.1944580078125,35347
2021-06-22,930.0,951.0999755859375,928.0,931.2000122070312,910.3308715820312,67266
2021-06-23,938.9000244140625,957.4000244140625,931.0999755859375,950.9500122070312,929.6382446289062,113951
2021-06-24,957.7999877929688,1017.5,955.6500244140625,971.5499877929688,949.7765502929688,1293861
2021-06-25,976.9000244140625,1110.0,976.9000244140625,1025.6500244140625,1002.6641235351562,2825495
2021-06-28,1025.6500244140625,1034.8499755859375,995.0,1008.0,985.40966796875,427466
2021-06-29,1008.0,1026.75,1003.0,1006.8499755859375,984.285400390625,157358
2021-06-30,1013.7000122070312,1013.7000122070312,975.0,981.5,959.5035400390625,111075
2021-07-01,990.0,1004.6500244140625,984.0,989.6500244140625,967.470947265625,87079
2021-07-02,997.7000122070312,997.7000122070312,972.0,976.2000122070312,954.3223266601562,90671
2021-07-05,983.0999755859375,991.0999755859375,979.0999755859375,982.6500244140625,960.6278076171875,55974
2021-07-06,982.6500244140625,1012.0,982.0499877929688,993.2999877929688,971.0391235351562,107599
2021-07-07,999.5499877929688,1019.0,994.4000244140625,1004.75,982.2324829101562,138911
2021-07-08,1009.0,1022.0,998.3499755859375,1006.7999877929688,984.236572265625,73183
2021-07-09,1009.7999877929688,1015.8499755859375,1000.0,1012.6500244140625,989.9555053710938,36525
2021-07-12,1012.6500244140625,1050.0,1012.6500244140625,1031.1500244140625,1008.0408935546875,195580
2021-07-13,1040.0,1062.5,1038.199951171875,1048.050048828125,1024.5621337890625,167744
2021-07-14,1050.0,1085.0,1049.949951171875,1055.9000244140625,1032.2362060546875,222466
2021-07-15,1064.0,1077.0,1055.0,1059.3499755859375,1035.60888671875,82035
2021-07-16,1062.9000244140625,1069.0,1040.0,1042.9000244140625,1019.5275268554688,62277
2021-07-19,1030.0,1065.5,1026.0,1044.800048828125,1021.385009765625,71985
2021-07-20,1045.0,1053.5999755859375,1013.7999877929688,1027.050048828125,1004.0327758789062,56341
2021-07-22,1035.0,1049.0,1026.4000244140625,1039.300048828125,1016.0082397460938,43577
2021-07-23,1048.0,1049.949951171875,1031.6500244140625,1044.0,1020.6028442382812,45727
2021-07-26,1055.0,1074.0,1051.0999755859375,1062.9000244140625,1039.079345703125,104453
2021-07-27,1062.0999755859375,1084.5999755859375,1061.949951171875,1070.9000244140625,1046.9000244140625,95977
2021-07-28,1055.0,1059.949951171875,1035.75,1052.550048828125,1052.550048828125,48467
2021-07-29,1053.75,1053.75,1036.050048828125,1043.0,1043.0,26042
2021-07-30,1040.0,1045.0999755859375,1016.0,1022.75,1022.75,31158
2021-08-02,1023.0,1052.5,1023.0,1042.4000244140625,1042.4000244140625,40525
2021-08-03,1046.4000244140625,1046.4000244140625,1031.0,1034.199951171875,1034.199951171875,21614
2021-08-04,1040.0,1071.3499755859375,1036.25,1050.800048828125,1050.800048828125,135728
2021-08-05,1059.9000244140625,1064.699951171875,1040.949951171875,1053.800048828125,1053.800048828125,56360
2021-08-06,1058.0,1058.0,1035.0,1036.949951171875,1036.949951171875,16676
2021-08-09,1037.0,1052.050048828125,1032.050048828125,1039.3499755859375,1039.3499755859375,35975
2021-08-10,1032.0,1049.699951171875,993.1500244140625,1000.8499755859375,1000.8499755859375,48401
2021-08-11,1000.1500244140625,1006.0,968.5999755859375,985.1500244140625,985.1500244140625,46033
2021-08-12,988.0999755859375,1020.0,980.0,1014.6500244140625,1014.6500244140625,47176
2021-08-13,1014.0,1075.0,1014.0,1047.550048828125,1047.550048828125,412456
2021-08-16,1050.0,1065.550048828125,1035.300048828125,1046.949951171875,1046.949951171875,107673
2021-08-17,1045.050048828125,1050.050048828125,1030.9000244140625,1041.5999755859375,1041.5999755859375,31900
2021-08-18,1050.0,1054.0,1020.0,1023.4000244140625,1023.4000244140625,24273
2021-08-20,1016.0,1020.0,994.0499877929688,1000.3499755859375,1000.3499755859375,27413
2021-08-23,1000.3499755859375,1004.7000122070312,973.8499755859375,977.2000122070312,977.2000122070312,20428
2021-08-24,985.0,987.7000122070312,970.5999755859375,973.8499755859375,973.8499755859375,22817
2021-08-25,973.9000244140625,997.9000244140625,973.9000244140625,990.5,990.5,26102
2021-08-26,986.0,997.4500122070312,977.0,984.4500122070312,984.4500122070312,16203
2021-08-27,985.0,993.0,977.3499755859375,986.75,986.75,13859
2021-08-30,989.5,999.0,988.75,991.0499877929688,991.0499877929688,18250
2021-08-31,995.0,996.9000244140625,982.9500122070312,984.5999755859375,984.5999755859375,16335
2021-09-01,985.6500244140625,994.6500244140625,980.0,984.7000122070312,984.7000122070312,15045
2021-09-02,996.9000244140625,996.9000244140625,980.0,981.7000122070312,981.7000122070312,18417
2021-09-03,989.0,989.0,972.7999877929688,978.9500122070312,978.9500122070312,20686
2021-09-06,988.7999877929688,988.7999877929688,978.0499877929688,983.0499877929688,983.0499877929688,12613
2021-09-07,988.0,988.0,978.0,982.25,982.25,20336
2021-09-08,983.0,984.9500122070312,973.0,977.25,977.25,12173
2021-09-09,970.1500244140625,979.0,970.1500244140625,972.8499755859375,972.8499755859375,13814
2021-09-13,972.8499755859375,981.0,972.0999755859375,977.6500244140625,977.6500244140625,40289
2021-09-14,975.2000122070312,1014.4000244140625,975.2000122070312,997.25,997.25,72788
2021-09-15,991.0999755859375,1020.0,991.0999755859375,1004.4500122070312,1004.4500122070312,62849
2021-09-16,1005.0,1098.0,1004.0,1050.699951171875,1050.699951171875,671294
2021-09-17,1051.0,1069.800048828125,1023.25,1049.25,1049.25,105547
2021-09-20,1039.699951171875,1078.949951171875,1023.2999877929688,1039.9000244140625,1039.9000244140625,115767
2021-09-21,1040.0,1060.5999755859375,1032.5999755859375,1044.6500244140625,1044.6500244140625,51169
2021-09-22,1046.3499755859375,1084.0,1041.699951171875,1063.0999755859375,1063.0999755859375,133622
2021-09-23,1064.0999755859375,1074.550048828125,1046.0999755859375,1051.3499755859375,1051.3499755859375,40531
2021-09-24,1062.0,1062.0,1041.8499755859375,1043.8499755859375,1043.8499755859375,24724
2021-09-27,1041.3499755859375,1075.0,1041.3499755859375,1052.199951171875,1052.199951171875,77762
2021-09-28,1059.0,1089.0,1053.0,1058.8499755859375,1058.8499755859375,130445
2021-09-29,1062.0,1185.0,1050.0999755859375,1167.300048828125,1167.300048828125,1061414
2021-09-30,1166.0,1224.9000244140625,1150.300048828125,1195.699951171875,1195.699951171875,762080
2021-10-01,1180.0,1290.0,1166.3499755859375,1260.9000244140625,1260.9000244140625,617313
2021-10-04,1265.0,1368.0,1265.0,1354.199951171875,1354.199951171875,899294
2021-10-05,1348.699951171875,1350.0,1319.800048828125,1324.8499755859375,1324.8499755859375,170052
2021-10-06,1328.550048828125,1328.550048828125,1244.5999755859375,1249.75,1249.75,101120
2021-10-07,1260.0,1294.949951171875,1250.300048828125,1278.800048828125,1278.800048828125,51393
2021-10-08,1279.25,1308.5,1250.0,1260.6500244140625,1260.6500244140625,50283
2021-10-11,1264.800048828125,1286.050048828125,1231.9000244140625,1268.75,1268.75,44152
2021-10-12,1268.75,1279.0,1235.0999755859375,1247.449951171875,1247.449951171875,32647
2021-10-13,1251.3499755859375,1350.0,1251.0,1339.699951171875,1339.699951171875,164807
2021-10-14,1367.0,1377.0,1325.1500244140625,1329.949951171875,1329.949951171875,135585
2021-10-18,1341.0,1352.0,1310.199951171875,1314.75,1314.75,115636
2021-10-19,1330.050048828125,1335.4000244140625,1271.0,1302.550048828125,1302.550048828125,64449
2021-10-20,1293.0,1315.0,1260.0,1285.0999755859375,1285.0999755859375,60618
2021-10-21,1287.0,1301.25,1171.199951171875,1205.75,1205.75,106357
2021-10-22,1216.699951171875,1299.4000244140625,1182.25,1285.75,1285.75,150930
2021-10-25,1305.0,1335.0,1258.8499755859375,1319.449951171875,1319.449951171875,114850
2021-10-26,1336.0,1350.300048828125,1301.699951171875,1311.199951171875,1311.199951171875,75222
2021-10-27,1325.699951171875,1375.0,1308.8499755859375,1365.0,1365.0,234221
2021-10-28,1365.0,1408.75,1339.949951171875,1369.8499755859375,1369.8499755859375,130903
2021-10-29,1356.0,1370.0,1287.050048828125,1294.75,1294.75,63719
2021-11-01,1290.050048828125,1318.550048828125,1249.050048828125,1269.300048828125,1269.300048828125,85244
2021-11-02,1280.0,1295.0,1258.6500244140625,1272.1500244140625,1272.1500244140625,40124
2021-11-03,1272.0999755859375,1274.9000244140625,1238.4000244140625,1250.9000244140625,1250.9000244140625,27504
2021-11-04,1243.5,1272.300048828125,1243.5,1259.199951171875,1259.199951171875,4651
2021-11-08,1260.0,1275.5999755859375,1250.800048828125,1272.300048828125,1272.300048828125,17043
2021-11-09,1272.5,1339.0,1272.5,1297.5999755859375,1297.5999755859375,66050
2021-11-10,1300.0,1304.4000244140625,1258.0999755859375,1262.25,1262.25,24426
2021-11-11,1248.300048828125,1267.949951171875,1235.699951171875,1259.3499755859375,1259.3499755859375,24279
2021-11-12,1251.5999755859375,1290.0,1251.5999755859375,1282.4000244140625,1282.4000244140625,18371
2021-11-15,1282.4000244140625,1282.4000244140625,1252.300048828125,1259.3499755859375,1259.3499755859375,16749
2021-11-16,1259.3499755859375,1288.1500244140625,1243.0999755859375,1254.25,1254.25,17108
2021-11-17,1245.5999755859375,1256.800048828125,1235.0,1237.949951171875,1237.949951171875,14879
2021-11-18,1235.0,1254.550048828125,1178.0,1187.550048828125,1187.550048828125,42498
2021-11-22,1193.800048828125,1193.800048828125,1125.0,1135.949951171875,1135.949951171875,29452
2021-11-23,1133.800048828125,1165.0,1119.449951171875,1156.050048828125,1156.050048828125,18088
2021-11-24,1166.0,1188.0,1131.0999755859375,1139.1500244140625,1139.1500244140625,27510
2021-11-25,1154.199951171875,1176.4000244140625,1132.050048828125,1151.1500244140625,1151.1500244140625,16985
2021-11-26,1150.0,1194.1500244140625,1142.0,1181.3499755859375,1181.3499755859375,52469
2021-11-29,1181.0,1190.0,1134.949951171875,1181.3499755859375,1181.3499755859375,26901
2021-11-30,1180.0999755859375,1230.8499755859375,1180.0999755859375,1213.4000244140625,1213.4000244140625,66537
2021-12-01,1219.800048828125,1254.0,1200.75,1226.1500244140625,1226.1500244140625,43925
2021-12-02,1222.800048828125,1289.699951171875,1209.25,1279.300048828125,1279.300048828125,71107
2021-12-03,1300.0,1365.0,1295.0,1315.550048828125,1315.550048828125,122186
2021-12-06,1315.050048828125,1337.0,1215.0,1229.3499755859375,1229.3499755859375,59593
2021-12-07,1235.0,1272.5999755859375,1229.0999755859375,1238.1500244140625,1238.1500244140625,32392
2021-12-08,1244.0,1269.75,1244.0,1251.949951171875,1251.949951171875,12669
2021-12-09,1258.5,1260.050048828125,1225.5,1236.3499755859375,1236.3499755859375,16216
2021-12-10,1255.0,1255.0,1224.9000244140625,1229.1500244140625,1229.1500244140625,11686
2021-12-13,1242.949951171875,1287.949951171875,1215.0,1224.0999755859375,1224.0999755859375,52043
2021-12-14,1218.050048828125,1237.050048828125,1215.1500244140625,1221.949951171875,1221.949951171875,11563
2021-12-15,1229.0,1229.0,1201.0,1207.0,1207.0,10015
2021-12-16,1209.0,1235.75,1205.0,1210.449951171875,1210.449951171875,10088
2021-12-17,1214.0,1214.0,1188.0,1198.550048828125,1198.550048828125,11948
2021-12-20,1187.699951171875,1187.699951171875,1156.75,1166.3499755859375,1166.3499755859375,19339
2021-12-21,1172.0,1187.199951171875,1130.0,1138.8499755859375,1138.8499755859375,12850
2021-12-22,1123.0,1163.75,1123.0,1143.449951171875,1143.449951171875,17071
2021-12-23,1149.5,1171.449951171875,1136.0999755859375,1149.800048828125,1149.800048828125,19395
2021-12-24,1155.9000244140625,1166.8499755859375,1125.0,1132.6500244140625,1132.6500244140625,8909
2021-12-27,1125.0,1134.949951171875,1108.8499755859375,1124.4000244140625,1124.4000244140625,8712
2021-12-28,1130.300048828125,1145.0,1124.0,1128.050048828125,1128.050048828125,10678
2021-12-29,1125.0999755859375,1142.050048828125,1120.199951171875,1123.1500244140625,1123.1500244140625,8172
2021-12-30,1114.5,1147.75,1112.0,1135.5999755859375,1135.5999755859375,14776
2021-12-31,1168.0,1168.0,1120.199951171875,1126.0999755859375,1126.0999755859375,15446
2022-01-03,1131.550048828125,1138.9000244140625,1121.0,1131.699951171875,1131.699951171875,19523
2022-01-04,1145.0,1157.949951171875,1130.300048828125,1141.0,1141.0,19843
2022-01-05,1146.75,1150.0,1125.449951171875,1142.449951171875,1142.449951171875,16490
2022-01-06,1121.0999755859375,1135.9000244140625,1121.0999755859375,1127.0,1127.0,8045
2022-01-07,1122.0,1134.0,1120.0999755859375,1121.4000244140625,1121.4000244140625,21098
2022-01-10,1121.4000244140625,1131.5,1117.6500244140625,1122.050048828125,1122.050048828125,8057
2022-01-11,1126.9000244140625,1158.300048828125,1124.0,1145.6500244140625,1145.6500244140625,25169
2022-01-12,1159.949951171875,1188.0,1147.0999755859375,1168.199951171875,1168.199951171875,18479
2022-01-13,1185.699951171875,1188.0,1156.1500244140625,1164.3499755859375,1164.3499755859375,22359
2022-01-14,1170.0,1170.0,1146.1500244140625,1150.449951171875,1150.449951171875,8007
2022-01-17,1135.550048828125,1154.0,1126.050048828125,1141.8499755859375,1141.8499755859375,20325
2022-01-18,1147.550048828125,1153.699951171875,1135.0,1139.699951171875,1139.699951171875,10355
2022-01-19,1140.0,1158.0,1122.5,1146.1500244140625,1146.1500244140625,11518
2022-01-20,1146.1500244140625,1146.1500244140625,1121.0999755859375,1129.449951171875,1129.449951171875,11072
2022-01-21,1129.449951171875,1149.199951171875,1111.0,1122.25,1122.25,10750
2022-01-24,1112.0,1120.0,1080.0,1094.0999755859375,1094.0999755859375,16673
2022-01-25,1075.050048828125,1094.800048828125,1051.6500244140625,1084.4000244140625,1084.4000244140625,13632
2022-01-27,1090.0,1143.4000244140625,1075.0,1094.0999755859375,1094.0999755859375,31761
2022-01-28,1088.0,1193.5999755859375,1088.0,1135.550048828125,1135.550048828125,91903
2022-01-31,1136.0,1147.550048828125,1108.050048828125,1115.25,1115.25,19806
2022-02-01,1116.0,1164.300048828125,1092.199951171875,1139.5,1139.5,58758
2022-02-02,1168.800048828125,1180.0,1130.3499755859375,1145.0999755859375,1145.0999755859375,18742
2022-02-03,1155.0,1195.0,1135.0,1142.300048828125,1142.300048828125,48080
2022-02-04,1160.0,1171.050048828125,1108.5,1114.4000244140625,1114.4000244140625,48966
2022-02-07,1113.0,1124.9000244140625,1100.0,1110.800048828125,1110.800048828125,15739
2022-02-08,1115.0,1120.0,1084.5,1096.699951171875,1096.699951171875,12602
2022-02-09,1101.3499755859375,1113.0,1076.199951171875,1081.75,1081.75,12631
2022-02-10,1085.0,1093.8499755859375,1072.199951171875,1077.25,1077.25,11246
2022-02-11,1077.0,1102.199951171875,1067.5,1079.4000244140625,1079.4000244140625,22643
2022-02-14,1084.800048828125,1084.949951171875,1051.0,1055.6500244140625,1055.6500244140625,19494
2022-02-15,1047.0,1080.5,1047.0,1070.6500244140625,1070.6500244140625,16004
2022-02-16,1068.0,1087.9000244140625,1065.4000244140625,1073.6500244140625,1073.6500244140625,7890
2022-02-17,1075.0,1084.75,1062.0,1067.199951171875,1067.199951171875,14058
2022-02-18,1060.0,1075.75,1060.0,1062.5999755859375,1062.5999755859375,10500
2022-02-21,1065.0,1065.0,1005.25,1011.0999755859375,1011.0999755859375,16517
2022-02-22,1004.9000244140625,1017.0,980.0,1004.25,1004.25,17984
2022-02-23,1013.3499755859375,1029.0,1011.0,1017.0,1017.0,10962
2022-02-24,999.9000244140625,1008.0499877929688,933.0,951.3499755859375,951.3499755859375,42562
2022-02-25,962.3499755859375,1020.8499755859375,962.3499755859375,1008.5999755859375,1008.5999755859375,20882
2022-02-28,1005.0,1038.4000244140625,984.0,1023.4000244140625,1023.4000244140625,10839
2022-03-02,1017.0,1038.0,1007.0,1012.6500244140625,1012.6500244140625,9098
2022-03-03,1014.0,1045.0,1005.0999755859375,1016.6500244140625,1016.6500244140625,25556
2022-03-04,1006.0,1033.5999755859375,993.0,1012.25,1012.25,21200
2022-03-07,1000.0,1004.7999877929688,977.0,983.7999877929688,983.7999877929688,19378
2022-03-08,988.75,999.9000244140625,978.0,992.5499877929688,992.5499877929688,16917
2022-03-09,993.2999877929688,1011.0,991.5999755859375,1006.0499877929688,1006.0499877929688,9119
2022-03-10,1018.9000244140625,1030.0,1008.6500244140625,1011.9500122070312,1011.9500122070312,11497
2022-03-11,1010.0,1031.050048828125,1003.8499755859375,1025.0,1025.0,13771
2022-03-14,1040.0,1064.5,1025.0,1040.3499755859375,1040.3499755859375,80336
2022-03-15,1031.300048828125,1064.0,1005.0,1016.6500244140625,1016.6500244140625,65765
2022-03-16,1021.75,1038.3499755859375,1013.0,1020.9000244140625,1020.9000244140625,9274
2022-03-17,1024.25,1040.0,1022.5,1038.4000244140625,1038.4000244140625,38992
2022-03-21,1035.0,1068.699951171875,1034.5,1064.75,1064.75,27932
2022-03-22,1065.0,1100.0,1048.1500244140625,1085.449951171875,1085.449951171875,52312
2022-03-23,1100.0,1105.0999755859375,1065.0,1075.550048828125,1075.550048828125,20382
2022-03-24,1070.0,1116.699951171875,1069.25,1096.300048828125,1096.300048828125,46441
2022-03-25,1101.800048828125,1106.699951171875,1048.550048828125,1064.050048828125,1064.050048828125,56735
2022-03-28,1069.4000244140625,1072.300048828125,1025.0,1031.9000244140625,1031.9000244140625,24531
2022-03-29,1042.699951171875,1042.699951171875,1008.0,1012.1500244140625,1012.1500244140625,16018
2022-03-30,1012.1500244140625,1035.0,1012.1500244140625,1023.2000122070312,1023.2000122070312,13216
2022-03-31,1020.4000244140625,1034.949951171875,1005.0,1009.5999755859375,1009.5999755859375,14655
2022-04-01,1014.6500244140625,1049.0,1011.6500244140625,1041.9000244140625,1041.9000244140625,15491
2022-04-04,1041.9000244140625,1093.5,1040.949951171875,1085.550048828125,1085.550048828125,36453
2022-04-05,1083.0999755859375,1094.75,1075.0,1080.25,1080.25,12929
2022-04-06,1080.25,1104.75,1076.0,1084.0999755859375,1084.0999755859375,20122
2022-04-07,1089.0,1098.75,1051.0,1061.949951171875,1061.949951171875,19693
2022-04-08,1061.949951171875,1105.0,1061.949951171875,1087.75,1087.75,24265
2022-04-11,1088.0,1250.0999755859375,1088.0,1234.699951171875,1234.699951171875,1301552
2022-04-12,1229.699951171875,1241.0,1185.800048828125,1222.8499755859375,1222.8499755859375,297273
2022-04-13,1229.0,1325.0,1212.9000244140625,1292.25,1292.25,915396
2022-04-18,1299.949951171875,1359.800048828125,1271.199951171875,1286.5,1286.5,483247
2022-04-19,1300.0,1345.0,1265.0,1290.6500244140625,1290.6500244140625,297011
2022-04-20,1300.9000244140625,1374.800048828125,1299.949951171875,1320.6500244140625,1320.6500244140625,487973
2022-04-21,1336.800048828125,1350.0,1295.0,1306.3499755859375,1306.3499755859375,98413
2022-04-22,1300.0,1317.449951171875,1243.6500244140625,1257.300048828125,1257.300048828125,109723
2022-04-25,1257.0,1257.0,1190.0,1199.449951171875,1199.449951171875,116653
2022-04-26,1209.949951171875,1257.699951171875,1209.949951171875,1237.800048828125,1237.800048828125,133460
2022-04-27,1235.0,1239.6500244140625,1215.0,1225.449951171875,1225.449951171875,30626
2022-04-28,1245.699951171875,1247.3499755859375,1195.0,1200.6500244140625,1200.6500244140625,32278
2022-04-29,1210.9000244140625,1245.0,1202.8499755859375,1215.0999755859375,1215.0999755859375,49285
2022-05-02,1219.0,1249.0,1195.0,1213.3499755859375,1213.3499755859375,96956
2022-05-04,1213.0,1226.300048828125,1161.199951171875,1175.75,1175.75,39725
2022-05-05,1190.0,1196.699951171875,1158.0,1173.9000244140625,1173.9000244140625,39840
2022-05-06,1169.949951171875,1173.800048828125,1140.0999755859375,1157.199951171875,1157.199951171875,36295
2022-05-09,1140.0,1202.199951171875,1115.050048828125,1174.8499755859375,1174.8499755859375,65215
2022-05-10,1190.0,1246.0,1173.050048828125,1194.449951171875,1194.449951171875,208025
2022-05-11,1208.449951171875,1220.449951171875,1116.3499755859375,1128.300048828125,1128.300048828125,47565
2022-05-12,1120.0,1165.449951171875,1107.0,1134.0,1134.0,61531
2022-05-13,1141.050048828125,1173.3499755859375,1126.8499755859375,1139.25,1139.25,19197
2022-05-16,1125.0,1163.5,1113.050048828125,1130.5999755859375,1130.5999755859375,32454
2022-05-17,1136.300048828125,1181.0,1133.0,1167.050048828125,1167.050048828125,39405
2022-05-18,1184.0,1198.6500244140625,1143.0,1160.9000244140625,1160.9000244140625,42573
2022-05-19,1126.0,1184.0,1124.0,1177.8499755859375,1177.8499755859375,72567
2022-05-20,1181.050048828125,1232.0,1181.050048828125,1213.800048828125,1213.800048828125,52676
2022-05-23,1226.0,1259.5999755859375,1181.0,1196.550048828125,1196.550048828125,127990
2022-05-24,1208.0,1218.0999755859375,1175.5,1193.050048828125,1193.050048828125,32377
2022-05-25,1181.050048828125,1198.5,1160.0,1171.199951171875,1171.199951171875,12581
2022-05-26,1166.3499755859375,1227.949951171875,1151.0999755859375,1215.800048828125,1215.800048828125,50305
2022-05-27,1256.0,1275.0,1217.0,1225.199951171875,1225.199951171875,88504
2022-05-30,1246.5999755859375,1246.5999755859375,1175.0999755859375,1189.550048828125,1189.550048828125,41777
2022-05-31,1205.0,1205.0,1145.050048828125,1153.25,1153.25,51423
2022-06-01,1164.0,1170.4000244140625,1134.25,1143.199951171875,1143.199951171875,18451
2022-06-02,1149.0,1219.8499755859375,1135.0,1208.5,1208.5,148993
2022-06-03,1220.0,1221.9000244140625,1195.0,1199.6500244140625,1199.6500244140625,23268
2022-06-06,1204.949951171875,1224.800048828125,1189.4000244140625,1200.25,1200.25,31792
2022-06-07,1194.0,1233.0,1185.0,1214.0999755859375,1214.0999755859375,53878
2022-06-08,1228.0,1228.0,1195.9000244140625,1204.25,1204.25,13392
2022-06-09,1210.300048828125,1211.0,1193.1500244140625,1204.5,1204.5,11257
2022-06-10,1193.449951171875,1203.300048828125,1170.0,1177.300048828125,1177.300048828125,13093
2022-06-13,1170.0999755859375,1173.5,1151.699951171875,1156.300048828125,1156.300048828125,14124
2022-06-14,1132.25,1161.699951171875,1132.25,1154.550048828125,1154.550048828125,13964
2022-06-15,1141.0999755859375,1194.5999755859375,1141.0999755859375,1170.949951171875,1170.949951171875,24509
2022-06-16,1180.949951171875,1198.5,1116.050048828125,1127.300048828125,1127.300048828125,14652
2022-06-17,1129.800048828125,1131.0,1100.0,1103.75,1103.75,13246
2022-06-20,1100.0,1124.050048828125,1022.7999877929688,1054.8499755859375,1054.8499755859375,30315
2022-06-21,1054.8499755859375,1059.8499755859375,1021.0499877929688,1046.3499755859375,1046.3499755859375,42487
2022-06-22,1040.300048828125,1060.0,1016.0,1025.050048828125,1025.050048828125,15202
2022-06-23,1030.199951171875,1045.300048828125,1018.0,1023.6500244140625,1023.6500244140625,13649
2022-06-24,1030.0,1049.4000244140625,1025.050048828125,1044.0,1044.0,11193
2022-06-27,1052.0,1062.0,1046.5999755859375,1052.949951171875,1052.949951171875,10260
2022-06-28,1053.0,1094.8499755859375,1040.949951171875,1081.3499755859375,1081.3499755859375,55206
2022-06-29,1081.3499755859375,1081.3499755859375,1064.5,1068.75,1068.75,8485
2022-06-30,1074.0999755859375,1090.5,1051.0,1059.1500244140625,1059.1500244140625,10264
2022-07-01,1089.0,1089.0,1042.6500244140625,1068.199951171875,1068.199951171875,12787
2022-07-04,1073.550048828125,1079.8499755859375,1055.1500244140625,1063.699951171875,1063.699951171875,16323
2022-07-05,1069.050048828125,1089.9000244140625,1065.6500244140625,1071.1500244140625,1071.1500244140625,21538
2022-07-06,1069.550048828125,1087.949951171875,1056.0,1074.550048828125,1074.550048828125,22894
2022-07-07,1074.550048828125,1092.699951171875,1067.0,1083.5999755859375,1083.5999755859375,12950
2022-07-08,1089.050048828125,1128.0,1066.949951171875,1070.0999755859375,1070.0999755859375,53533
2022-07-11,1070.0,1082.800048828125,1067.0,1077.449951171875,1077.449951171875,11404
2022-07-12,1078.8499755859375,1084.25,1065.0,1070.0999755859375,1070.0999755859375,12396
2022-07-13,1075.5,1079.949951171875,1060.0,1062.8499755859375,1062.8499755859375,10563
2022-07-14,1068.0,1080.0,1055.4000244140625,1072.199951171875,1072.199951171875,12624
2022-07-15,1075.0,1082.0,1065.949951171875,1078.1500244140625,1078.1500244140625,16594
2022-07-18,1079.949951171875,1090.0,1060.949951171875,1074.1500244140625,1074.1500244140625,15297
2022-07-19,1070.0,1115.0,1067.050048828125,1099.9000244140625,1099.9000244140625,63895
2022-07-20,1111.75,1121.8499755859375,1097.0,1109.050048828125,1109.050048828125,27370
2022-07-21,1114.5999755859375,1118.800048828125,1091.050048828125,1105.050048828125,1105.050048828125,22211
2022-07-22,1110.5999755859375,1144.0,1105.25,1131.1500244140625,1131.1500244140625,55803
2022-07-25,1136.8499755859375,1145.0,1104.800048828125,1112.550048828125,1112.550048828125,43546
2022-07-26,1103.6500244140625,1126.0,1103.6500244140625,1114.949951171875,1114.949951171875,19173
2022-07-27,1103.0,1122.199951171875,1102.199951171875,1113.1500244140625,1113.1500244140625,24318
2022-07-28,1120.0,1124.3499755859375,1090.0999755859375,1097.25,1097.25,29891
2022-07-29,1105.0,1149.0,1101.0,1140.949951171875,1140.949951171875,38750
2022-08-01,1204.9000244140625,1253.0,1172.0,1185.5999755859375,1185.5999755859375,405052
2022-08-02,1185.0,1193.800048828125,1156.550048828125,1163.25,1163.25,47806
2022-08-03,1163.800048828125,1169.0999755859375,1145.0,1162.0999755859375,1162.0999755859375,22682
2022-08-04,1167.949951171875,1199.0,1151.25,1187.449951171875,1187.449951171875,42007
2022-08-05,1199.0,1199.0,1173.800048828125,1184.449951171875,1184.449951171875,32962
2022-08-08,1199.9000244140625,1216.949951171875,1187.699951171875,1199.3499755859375,1199.3499755859375,46898
2022-08-10,1223.300048828125,1229.0,1200.199951171875,1212.699951171875,1212.699951171875,36263
2022-08-11,1206.0,1207.0,1185.0,1198.6500244140625,1198.6500244140625,22769
2022-08-12,1204.0,1204.0,1181.0,1185.25,1185.25,15131
2022-08-16,1187.050048828125,1191.199951171875,1162.550048828125,1176.300048828125,1176.300048828125,39301
2022-08-17,1173.5,1214.300048828125,1165.6500244140625,1173.449951171875,1173.449951171875,49264
2022-08-18,1178.9000244140625,1189.4000244140625,1170.050048828125,1182.1500244140625,1182.1500244140625,25238
2022-08-19,1188.0,1194.699951171875,1151.550048828125,1160.25,1160.25,64586
2022-08-22,1160.300048828125,1160.3499755859375,1110.0,1118.6500244140625,1118.6500244140625,44370
2022-08-23,1116.0,1139.0,1111.0,1127.300048828125,1127.300048828125,17477
2022-08-24,1137.0,1154.0,1126.800048828125,1148.300048828125,1148.300048828125,25234
2022-08-25,1150.0,1167.300048828125,1140.5,1144.550048828125,1144.550048828125,24935
2022-08-26,1151.0,1155.0,1119.5,1123.75,1123.75,47496
2022-08-29,1117.699951171875,1117.699951171875,1098.0,1106.3499755859375,1106.3499755859375,35905
2022-08-30,1115.0,1120.8499755859375,1103.050048828125,1110.3499755859375,1110.3499755859375,49436
2022-09-01,1111.0,1118.1500244140625,1097.449951171875,1104.449951171875,1104.449951171875,49323
2022-09-02,1106.0,1113.0,1065.550048828125,1072.800048828125,1072.800048828125,126804
2022-09-05,1088.0,1088.0,1057.0,1059.949951171875,1059.949951171875,54469
2022-09-06,1061.0,1078.9000244140625,1047.0,1054.8499755859375,1054.8499755859375,43246
2022-09-07,1060.0,1119.0,1059.050048828125,1106.9000244140625,1106.9000244140625,121996
2022-09-08,1119.0,1145.0,1107.0,1133.550048828125,1133.550048828125,70913
2022-09-09,1139.949951171875,1141.0,1111.0,1114.0,1114.0,28249
2022-09-12,1129.9000244140625,1146.800048828125,1119.6500244140625,1134.550048828125,1134.550048828125,40377
2022-09-13,1145.0,1177.9000244140625,1134.0,1172.9000244140625,1172.9000244140625,95467
2022-09-14,1151.4000244140625,1197.699951171875,1145.4000244140625,1169.9000244140625,1169.9000244140625,59272
2022-09-15,1189.0,1189.0,1153.199951171875,1160.0,1160.0,33266
2022-09-16,1164.949951171875,1176.800048828125,1082.050048828125,1099.699951171875,1099.699951171875,67539
2022-09-19,1099.699951171875,1151.3499755859375,1079.0,1122.949951171875,1122.949951171875,74635
2022-09-20,1135.0,1140.1500244140625,1125.199951171875,1129.1500244140625,1129.1500244140625,14133
2022-09-21,1125.199951171875,1139.8499755859375,1111.0,1119.6500244140625,1119.6500244140625,22744
2022-09-22,1129.0,1150.0,1118.8499755859375,1139.75,1139.75,37249
2022-09-23,1145.0,1189.0,1130.550048828125,1179.75,1179.75,158735
2022-09-26,1189.0,1210.0,1107.199951171875,1118.0999755859375,1118.0999755859375,204264
2022-09-27,1119.0,1160.0,1119.0,1146.8499755859375,1146.8499755859375,68541
2022-09-28,1135.0,1144.25,1123.0,1133.199951171875,1133.199951171875,21040
2022-09-29,1135.0,1142.949951171875,1129.949951171875,1133.5,1133.5,12633
2022-09-30,1130.0,1158.0,1121.449951171875,1147.9000244140625,1147.9000244140625,30374
2022-10-03,1153.6500244140625,1175.0,1122.0999755859375,1135.300048828125,1135.300048828125,69076
2022-10-04,1145.0,1214.4000244140625,1145.0,1197.3499755859375,1197.3499755859375,235143
2022-10-06,1205.0,1265.0,1200.550048828125,1246.25,1246.25,259062
2022-10-07,1280.0,1326.0,1260.0,1310.3499755859375,1310.3499755859375,246851
2022-10-10,1310.0,1345.0,1300.0,1332.5,1332.5,233660
2022-10-11,1335.0,1348.0,1293.25,1310.6500244140625,1310.6500244140625,98786
2022-10-12,1317.25,1324.699951171875,1273.0999755859375,1293.449951171875,1293.449951171875,90230
2022-10-13,1293.25,1324.5,1278.199951171875,1304.050048828125,1304.050048828125,151903
2022-10-14,1329.949951171875,1334.800048828125,1304.9000244140625,1311.949951171875,1311.949951171875,50359
2022-10-17,1310.0,1427.0,1310.0,1410.5,1410.5,652157
2022-10-18,1429.5,1434.8499755859375,1380.0,1399.199951171875,1399.199951171875,386252
2022-10-19,1402.0,1419.5999755859375,1375.0,1380.949951171875,1380.949951171875,162901
2022-10-20,1380.0,1409.0,1375.0,1403.1500244140625,1403.1500244140625,100813
2022-10-21,1412.8499755859375,1457.75,1408.949951171875,1423.449951171875,1423.449951171875,235154
2022-10-24,1451.0,1460.0,1438.0,1450.9000244140625,1450.9000244140625,49573
2022-10-25,1456.9000244140625,1500.0,1432.0,1490.300048828125,1490.300048828125,159806
2022-10-27,1500.5999755859375,1505.0,1461.050048828125,1475.25,1475.25,82609
2022-10-28,1460.0,1505.0,1460.0,1470.5999755859375,1470.5999755859375,65407
2022-10-31,1470.050048828125,1495.0,1469.0,1484.5,1484.5,76697
2022-11-01,1485.050048828125,1600.0,1485.050048828125,1590.550048828125,1590.550048828125,666168
2022-11-02,1599.550048828125,1630.050048828125,1580.699951171875,1601.3499755859375,1601.3499755859375,201398
2022-11-03,1588.4000244140625,1619.0,1582.0,1597.3499755859375,1597.3499755859375,79355
2022-11-04,1590.0,1680.0,1590.0,1619.300048828125,1619.300048828125,371129
2022-11-07,1638.9000244140625,1666.0,1620.300048828125,1656.550048828125,1656.550048828125,88512
2022-11-09,1658.050048828125,1670.5,1615.0,1622.449951171875,1622.449951171875,59553
2022-11-10,1608.300048828125,1617.0,1571.0,1600.4000244140625,1600.4000244140625,65627
2022-11-11,1630.0,1717.0,1607.050048828125,1681.75,1681.75,249691
2022-11-14,1715.0,1837.699951171875,1702.0999755859375,1782.5999755859375,1782.5999755859375,777384
2022-11-15,1779.9000244140625,1779.9000244140625,1744.550048828125,1760.9000244140625,1760.9000244140625,104487
2022-11-16,1760.5999755859375,1830.0,1730.800048828125,1751.25,1751.25,236831
2022-11-17,1755.0,1885.0,1747.050048828125,1860.050048828125,1860.050048828125,514707
2022-11-18,1875.0,1915.0,1820.0,1842.5999755859375,1842.5999755859375,391534
2022-11-21,1840.0,1840.0,1795.0,1803.949951171875,1803.949951171875,106125
2022-11-22,1815.0,1885.75,1806.5,1831.800048828125,1831.800048828125,298656
2022-11-23,1831.800048828125,1853.449951171875,1789.8499755859375,1798.6500244140625,1798.6500244140625,148973
2022-11-24,1811.0,1814.0,1762.0,1771.949951171875,1771.949951171875,89082
2022-11-25,1763.0,1771.449951171875,1731.550048828125,1741.050048828125,1741.050048828125,68582
2022-11-28,1749.800048828125,1794.75,1730.050048828125,1742.050048828125,1742.050048828125,85453
2022-11-29,1755.0,1819.0,1750.0,1814.949951171875,1814.949951171875,147918
2022-11-30,1830.0,1849.949951171875,1781.0999755859375,1804.949951171875,1804.949951171875,156882
2022-12-01,1821.4000244140625,1832.0,1786.25,1817.6500244140625,1817.6500244140625,102279
2022-12-02,1824.449951171875,1833.0999755859375,1789.300048828125,1819.75,1819.75,82394
2022-12-05,1830.0,1835.1500244140625,1755.0,1772.5999755859375,1772.5999755859375,60544
2022-12-06,1773.699951171875,1785.0,1754.3499755859375,1771.949951171875,1771.949951171875,50826
2022-12-07,1783.6500244140625,1795.0,1774.0999755859375,1789.6500244140625,1789.6500244140625,42410
2022-12-08,1800.9000244140625,1949.949951171875,1791.5999755859375,1912.199951171875,1912.199951171875,1052040
2022-12-09,1921.0,1985.0,1921.0,1953.0,1953.0,446113
2022-12-12,1955.0,2100.0,1942.5999755859375,2016.199951171875,2016.199951171875,1171008
2022-12-13,2031.25,2033.949951171875,1951.0,1963.75,1963.75,202036
2022-12-14,1978.800048828125,1978.800048828125,1920.0,1925.0999755859375,1925.0999755859375,94747
2022-12-15,1925.449951171875,1994.0,1922.0,1974.949951171875,1974.949951171875,138716
2022-12-16,1980.0,1990.0,1873.5999755859375,1893.4000244140625,1893.4000244140625,147770
2022-12-19,1894.0,2024.0,1889.949951171875,1998.25,1998.25,517269
2022-12-20,1970.0,2054.550048828125,1878.4000244140625,2031.5,2031.5,298194
2022-12-21,2036.0,2063.5,1922.0,1943.800048828125,1943.800048828125,145711
2022-12-22,1956.0,1961.9000244140625,1796.0999755859375,1818.4000244140625,1818.4000244140625,227729
2022-12-23,1819.0,1819.0,1651.25,1667.0999755859375,1667.0999755859375,287077
2022-12-26,1670.0,1828.0,1638.800048828125,1805.8499755859375,1805.8499755859375,258636
2022-12-27,1839.0,1861.8499755859375,1770.0999755859375,1833.449951171875,1833.449951171875,208700
2022-12-28,1808.75,1891.949951171875,1780.0,1873.199951171875,1873.199951171875,162246
2022-12-29,1871.300048828125,1920.0,1844.6500244140625,1907.6500244140625,1907.6500244140625,168582
2022-12-30,1890.0,1999.9000244140625,1890.0,1978.699951171875,1978.699951171875,219992
2023-01-02,1986.0,2020.0,1960.0,2006.800048828125,2006.800048828125,165335
2023-01-03,1995.0,2029.4000244140625,1986.0,1998.8499755859375,1998.8499755859375,93342
2023-01-04,1996.0,2005.4000244140625,1907.25,1923.6500244140625,1923.6500244140625,109832
2023-01-05,1927.0,1988.949951171875,1913.199951171875,1955.25,1955.25,133844
2023-01-06,1955.0,2035.800048828125,1932.949951171875,1997.4000244140625,1997.4000244140625,268038
2023-01-09,2012.0,2149.0,2011.4000244140625,2127.64990234375,2127.64990234375,1046922
2023-01-10,2112.35009765625,2145.699951171875,2072.199951171875,2102.89990234375,2102.89990234375,408895
2023-01-11,2101.0,2108.800048828125,2026.1500244140625,2041.4000244140625,2041.4000244140625,193407
2023-01-12,2044.0,2094.85009765625,2023.449951171875,2077.64990234375,2077.64990234375,172574
2023-01-13,2084.0,2094.85009765625,2016.050048828125,2040.050048828125,2040.050048828125,126724
2023-01-16,2042.0,2049.0,1927.449951171875,1948.050048828125,1948.050048828125,126387
2023-01-17,1949.0,1975.0,1876.0,1929.25,1929.25,146340
2023-01-18,1930.0,1973.800048828125,1922.0,1936.800048828125,1936.800048828125,129613
2023-01-19,1923.050048828125,1962.0,1914.300048828125,1940.050048828125,1940.050048828125,77575
2023-01-20,1935.0,1944.949951171875,1901.9000244140625,1914.8499755859375,1914.8499755859375,57726
2023-01-23,1930.0,1949.25,1905.3499755859375,1915.3499755859375,1915.3499755859375,64194
2023-01-24,1924.800048828125,1949.9000244140625,1916.699951171875,1924.75,1924.75,64085
2023-01-25,1931.949951171875,1983.25,1906.0999755859375,1970.699951171875,1970.699951171875,79413
2023-01-27,1982.949951171875,1982.949951171875,1870.5,1890.75,1890.75,101778
2023-01-30,1908.0,1944.0,1820.0,1835.300048828125,1835.300048828125,132737
2023-01-31,1843.9000244140625,1928.800048828125,1835.0,1923.199951171875,1923.199951171875,158686
2023-02-01,1926.050048828125,1928.9000244140625,1779.0,1820.050048828125,1820.050048828125,287013
2023-02-02,1799.3499755859375,1910.0,1795.050048828125,1829.4000244140625,1829.4000244140625,110642
2023-02-03,1829.949951171875,1858.5,1803.550048828125,1819.8499755859375,1819.8499755859375,65324
2023-02-06,1827.0,1861.949951171875,1784.0,1801.9000244140625,1801.9000244140625,62633
2023-02-07,1809.0,1824.9000244140625,1765.9000244140625,1776.3499755859375,1776.3499755859375,56086
2023-02-08,1780.0,1863.0,1777.300048828125,1852.75,1852.75,89086
2023-02-09,1863.3499755859375,1889.3499755859375,1800.0999755859375,1816.75,1816.75,81578
2023-02-10,1821.949951171875,1841.449951171875,1780.0,1789.25,1789.25,42205
2023-02-13,1771.0,1788.0,1667.699951171875,1681.050048828125,1681.050048828125,117500
2023-02-14,1688.949951171875,1704.75,1637.0999755859375,1672.5999755859375,1672.5999755859375,113228
2023-02-15,1679.9000244140625,1772.5,1675.0,1762.949951171875,1762.949951171875,166334
2023-02-16,1781.8499755859375,1790.0,1740.0,1752.1500244140625,1752.1500244140625,106656
2023-02-17,1745.0,1780.0,1735.0,1757.300048828125,1757.300048828125,49864
2023-02-20,1766.050048828125,1770.4000244140625,1703.0999755859375,1714.949951171875,1714.949951171875,34857
2023-02-21,1723.0,1733.199951171875,1694.050048828125,1703.199951171875,1703.199951171875,32938
2023-02-22,1699.0,1728.199951171875,1670.1500244140625,1678.5,1678.5,50336
2023-02-23,1686.9000244140625,1739.0,1654.8499755859375,1726.199951171875,1726.199951171875,63769
2023-02-24,1734.8499755859375,1768.300048828125,1715.9000244140625,1730.199951171875,1730.199951171875,62301
2023-02-27,1715.0,1726.25,1685.0,1699.4000244140625,1699.4000244140625,33971
2023-02-28,1703.0,1789.75,1703.0,1775.5,1775.5,94980
2023-03-01,1775.5,1818.0,1752.0,1807.449951171875,1807.449951171875,104467
2023-03-02,1816.5,1850.0,1800.0,1842.199951171875,1842.199951171875,105181
2023-03-03,1848.0,1899.9000244140625,1838.199951171875,1891.1500244140625,1891.1500244140625,100108
2023-03-06,1892.0,2009.0,1892.0,1998.25,1998.25,265498
2023-03-08,1975.5999755859375,2072.0,1929.0999755859375,2039.050048828125,2039.050048828125,234834
2023-03-09,2041.0,2049.0,1970.0,1988.6500244140625,1988.6500244140625,90627
2023-03-10,1977.75,1977.800048828125,1900.0,1915.449951171875,1915.449951171875,85664
2023-03-13,1897.0999755859375,1909.699951171875,1832.0,1848.75,1848.75,75846
2023-03-14,1830.050048828125,1876.949951171875,1797.050048828125,1870.199951171875,1870.199951171875,77924
2023-03-15,1879.5999755859375,1954.0,1871.6500244140625,1911.1500244140625,1911.1500244140625,155959
2023-03-16,1911.1500244140625,1942.449951171875,1866.0,1876.800048828125,1876.800048828125,70528
2023-03-17,1892.050048828125,1934.9000244140625,1892.0,1919.0999755859375,1919.0999755859375,79615
2023-03-20,1985.0,1995.0,1863.25,1886.050048828125,1886.050048828125,62806
2023-03-21,1890.0,1897.5,1851.050048828125,1862.3499755859375,1862.3499755859375,37710
2023-03-22,1873.0,1906.4000244140625,1867.050048828125,1877.5999755859375,1877.5999755859375,34243
2023-03-23,1878.9000244140625,1878.9000244140625,1836.0,1841.4000244140625,1841.4000244140625,29807
2023-03-24,1845.9000244140625,1850.550048828125,1808.3499755859375,1814.25,1814.25,25058
2023-03-27,1806.550048828125,1823.699951171875,1768.0,1788.550048828125,1788.550048828125,42212
2023-03-28,1790.0,1820.0,1750.0,1797.4000244140625,1797.4000244140625,54180
2023-03-29,1806.0,1869.0,1791.0,1853.050048828125,1853.050048828125,71059
2023-03-31,1855.199951171875,1884.75,1811.0,1819.75,1819.75,51049
2023-04-03,1823.0,1828.8499755859375,1760.0,1768.4000244140625,1768.4000244140625,80490
2023-04-05,1768.4000244140625,1794.0,1755.0,1768.5,1768.5,66822
2023-04-06,1775.0,1795.800048828125,1750.050048828125,1757.8499755859375,1757.8499755859375,79607
2023-04-10,1769.0,1769.0,1713.25,1718.449951171875,1718.449951171875,49785
2023-04-11,1727.550048828125,1774.949951171875,1722.5999755859375,1762.5999755859375,1762.5999755859375,75224
2023-04-12,1775.0,1787.4000244140625,1755.0,1775.0,1775.0,78913
2023-04-13,1777.5999755859375,1792.949951171875,1762.050048828125,1789.25,1789.25,61603
2023-04-17,1789.25,1803.5999755859375,1740.0,1749.449951171875,1749.449951171875,37599
2023-04-18,1763.3499755859375,1763.3499755859375,1679.699951171875,1688.5999755859375,1688.5999755859375,98840
2023-04-19,1699.9000244140625,1769.0,1695.300048828125,1707.199951171875,1707.199951171875,172184
2023-04-20,1718.6500244140625,1739.0,1711.0,1733.5,1733.5,63051
2023-04-21,1744.949951171875,1747.3499755859375,1686.1500244140625,1694.800048828125,1694.800048828125,50804
2023-04-24,1700.199951171875,1738.0,1673.6500244140625,1698.5,1698.5,129914
2023-04-25,1701.949951171875,1766.0,1697.0,1756.3499755859375,1756.3499755859375,83788
2023-04-26,1757.1500244140625,1800.0,1733.0,1794.449951171875,1794.449951171875,109998
2023-04-27,1798.0,1810.5,1750.050048828125,1762.550048828125,1762.550048828125,107235
2023-04-28,1770.0,1791.199951171875,1760.0,1770.300048828125,1770.300048828125,42065
2023-05-02,1777.5,1789.0,1694.0,1698.3499755859375,1698.3499755859375,158754
2023-05-03,1716.949951171875,1716.949951171875,1669.3499755859375,1681.1500244140625,1681.1500244140625,134878
2023-05-04,1688.199951171875,1712.449951171875,1688.1500244140625,1707.1500244140625,1707.1500244140625,59978
2023-05-05,1712.9000244140625,1712.9000244140625,1675.5,1681.5,1681.5,40832
2023-05-08,1683.300048828125,1713.199951171875,1683.300048828125,1696.9000244140625,1696.9000244140625,50492
2023-05-09,1697.800048828125,1741.4000244140625,1686.5,1694.5999755859375,1694.5999755859375,93151
2023-05-10,1705.0,1722.0,1689.0,1707.0,1707.0,39413
2023-05-11,1716.9000244140625,1740.0,1710.0,1720.199951171875,1720.199951171875,62087
2023-05-12,1720.5,1739.199951171875,1705.0,1710.550048828125,1710.550048828125,36997
2023-05-15,1712.0,1712.0,1693.0,1708.800048828125,1708.800048828125,28252
2023-05-16,1715.0,1745.3499755859375,1702.4000244140625,1709.8499755859375,1709.8499755859375,88500
2023-05-17,1712.0,1738.0,1706.0,1734.050048828125,1734.050048828125,55715
2023-05-18,1748.199951171875,1779.25,1729.949951171875,1735.300048828125,1735.300048828125,77496
2023-05-19,1740.0,1745.8499755859375,1724.5,1736.5,1736.5,28001
2023-05-22,1736.5,1759.9000244140625,1730.0999755859375,1746.699951171875,1746.699951171875,32015
2023-05-23,1758.0,1777.300048828125,1741.699951171875,1756.75,1756.75,37134
2023-05-24,1756.75,1770.0,1725.0999755859375,1732.1500244140625,1732.1500244140625,26409
2023-05-25,1732.1500244140625,1795.300048828125,1732.1500244140625,1777.550048828125,1777.550048828125,79359
2023-05-26,1792.0999755859375,1819.0,1765.0,1812.4000244140625,1812.4000244140625,130431
2023-05-29,1790.0,1790.0,1750.3499755859375,1768.0999755859375,1768.0999755859375,102756
2023-05-30,1768.0,1778.949951171875,1741.0,1745.949951171875,1745.949951171875,43967
2023-05-31,1749.0,1759.3499755859375,1722.0999755859375,1741.5999755859375,1741.5999755859375,45526
2023-06-01,1741.5999755859375,1754.949951171875,1711.0999755859375,1717.8499755859375,1717.8499755859375,43209
2023-06-02,1731.800048828125,1732.5999755859375,1700.050048828125,1704.5,1704.5,54641
2023-06-05,1718.0999755859375,1718.0999755859375,1682.0,1686.9000244140625,1686.9000244140625,45433
2023-06-06,1699.949951171875,1729.949951171875,1688.050048828125,1722.199951171875,1722.199951171875,63988
2023-06-07,1730.0,1731.949951171875,1697.0,1700.5999755859375,1700.5999755859375,60343
2023-06-08,1714.449951171875,1714.449951171875,1688.5999755859375,1692.1500244140625,1692.1500244140625,33249
2023-06-09,1692.3499755859375,1721.5999755859375,1692.0,1714.1500244140625,1714.1500244140625,37358
2023-06-12,1722.0,1728.0,1695.25,1702.1500244140625,1702.1500244140625,30408
2023-06-13,1702.1500244140625,1719.0,1698.0,1703.449951171875,1703.449951171875,36335
2023-06-14,1710.0,1778.0,1701.0,1760.699951171875,1760.699951171875,192180
2023-06-15,1764.800048828125,1769.0,1736.9000244140625,1745.0999755859375,1745.0999755859375,65249
2023-06-16,1753.8499755859375,1768.949951171875,1739.0,1746.3499755859375,1746.3499755859375,33692
2023-06-19,1746.3499755859375,1748.050048828125,1710.1500244140625,1714.8499755859375,1714.8499755859375,48942
2023-06-20,1719.6500244140625,1729.050048828125,1705.0,1722.0,1722.0,27389
2023-06-21,1722.0,1728.0,1704.0999755859375,1706.6500244140625,1706.6500244140625,44095
2023-06-22,1709.949951171875,1714.9000244140625,1690.050048828125,1696.5,1696.5,28451
2023-06-23,1691.0,1700.550048828125,1674.5,1677.4000244140625,1677.4000244140625,39242
2023-06-26,1673.8499755859375,1675.0,1620.0,1625.5999755859375,1625.5999755859375,87916
2023-06-27,1660.0,1666.25,1632.4000244140625,1643.949951171875,1643.949951171875,66556
2023-06-28,1652.199951171875,1655.0,1632.550048828125,1638.5999755859375,1638.5999755859375,44887
2023-06-30,1649.8499755859375,1695.25,1647.050048828125,1685.5999755859375,1685.5999755859375,90162
2023-07-03,1699.1500244140625,1711.0,1690.0,1695.800048828125,1695.800048828125,45648
2023-07-04,1719.0,1726.0,1700.0,1706.949951171875,1706.949951171875,41188
2023-07-05,1706.949951171875,1749.0,1699.0999755859375,1738.6500244140625,1738.6500244140625,74870
2023-07-06,1738.800048828125,1755.25,1716.1500244140625,1726.050048828125,1726.050048828125,57144
2023-07-07,1726.050048828125,1740.9000244140625,1707.0999755859375,1724.0,1724.0,45049
2023-07-10,1713.0999755859375,1715.0,1676.3499755859375,1683.1500244140625,1683.1500244140625,82680
2023-07-11,1675.0,1678.0,1623.0,1661.5999755859375,1661.5999755859375,147920
2023-07-12,1673.949951171875,1674.0,1635.0,1640.5999755859375,1640.5999755859375,109454
2023-07-13,1649.25,1657.050048828125,1620.0,1633.6500244140625,1633.6500244140625,79455
2023-07-14,1633.6500244140625,1659.0,1623.0,1649.75,1649.75,92902
2023-07-17,1653.0999755859375,1658.25,1633.0,1635.949951171875,1635.949951171875,55763
2023-07-18,1639.0,1647.949951171875,1625.0,1641.949951171875,1641.949951171875,48862
2023-07-19,1641.949951171875,1648.449951171875,1628.0,1633.9000244140625,1633.9000244140625,44451
2023-07-20,1644.0,1654.0,1631.8499755859375,1643.449951171875,1643.449951171875,52453
2023-07-21,1654.0,1654.0,1620.0,1632.699951171875,1632.699951171875,46847
2023-07-24,1635.0,1654.0,1635.0,1647.8499755859375,1647.8499755859375,46649
2023-07-25,1650.0,1694.449951171875,1637.0,1687.199951171875,1687.199951171875,108018
2023-07-26,1699.3499755859375,1740.0,1696.0,1723.550048828125,1723.550048828125,153065
2023-07-27,1975.0,1975.0,1880.800048828125,1908.1500244140625,1908.1500244140625,1678397
2023-07-28,1915.0,2101.60009765625,1910.0999755859375,2073.0,2073.0,1398667
2023-07-31,2120.0,2197.0,2082.699951171875,2155.449951171875,2155.449951171875,854852
2023-08-01,2155.60009765625,2155.60009765625,2046.050048828125,2084.5,2084.5,154417
2023-08-02,2088.199951171875,2136.60009765625,2002.25,2032.5,2032.5,134707
2023-08-03,2025.25,2052.199951171875,1969.0,2029.199951171875,2029.199951171875,93588
2023-08-04,2040.25,2059.89990234375,1990.199951171875,2003.0,2003.0,59011
2023-08-07,2016.75,2149.949951171875,2010.0,2053.550048828125,2053.550048828125,162669
2023-08-08,2066.89990234375,2099.0,2047.800048828125,2073.89990234375,2073.89990234375,53493
2023-08-09,2090.0,2191.0,2083.35009765625,2179.5,2179.5,204919
2023-08-10,2185.800048828125,2252.199951171875,2145.25,2165.199951171875,2165.199951171875,219982
2023-08-11,2153.0,2169.0,2118.0,2147.35009765625,2147.35009765625,64994
2023-08-14,2150.0,2150.199951171875,2011.1500244140625,2029.199951171875,2029.199951171875,154862
2023-08-16,2035.0,2068.0,2011.5999755859375,2041.25,2041.25,64636
2023-08-17,2047.949951171875,2095.800048828125,2035.550048828125,2090.949951171875,2090.949951171875,67042
2023-08-18,2096.5,2219.0,2086.10009765625,2195.949951171875,2195.949951171875,389734
2023-08-21,2202.75,2232.699951171875,2145.050048828125,2192.199951171875,2192.199951171875,109597
2023-08-22,2171.0,2191.75,2145.25,2166.050048828125,2166.050048828125,69671
2023-08-23,2171.300048828125,2220.0,2161.89990234375,2176.449951171875,2176.449951171875,87991
2023-08-24,2190.0,2245.0,2166.0,2191.64990234375,2191.64990234375,135804
2023-08-25,2188.75,2190.0,2120.050048828125,2156.5,2156.5,67438
2023-08-28,2168.0,2173.89990234375,2128.0,2134.25,2134.25,35371
2023-08-29,2134.25,2171.949951171875,2118.800048828125,2166.14990234375,2166.14990234375,59340
2023-08-30,2178.0,2200.25,2149.0,2159.35009765625,2159.35009765625,48233
2023-08-31,2159.0,2188.0,2135.0,2151.25,2151.25,54439
2023-09-01,2164.0,2187.949951171875,2126.10009765625,2132.35009765625,2132.35009765625,53365
2023-09-04,2141.949951171875,2183.449951171875,2116.10009765625,2133.699951171875,2133.699951171875,45121
2023-09-05,2143.0,2145.0,2088.300048828125,2098.75,2098.75,64030
2023-09-06,2100.050048828125,2145.0,2090.050048828125,2100.699951171875,2100.699951171875,64168
2023-09-07,2100.699951171875,2124.0,2099.550048828125,2113.5,2113.5,36013
2023-09-08,2108.0,2149.25,2095.0,2123.300048828125,2123.300048828125,48468
2023-09-11,2134.85009765625,2134.85009765625,2100.050048828125,2105.699951171875,2105.699951171875,36215
2023-09-12,2105.699951171875,2119.10009765625,2015.449951171875,2052.5,2052.5,79842
2023-09-13,2052.0,2083.89990234375,2037.4000244140625,2072.449951171875,2072.449951171875,37169
2023-09-14,2088.949951171875,2098.89990234375,2054.10009765625,2085.699951171875,2085.699951171875,22843
2023-09-15,2088.89990234375,2102.39990234375,2055.050048828125,2069.89990234375,2069.89990234375,26807
2023-09-18,2086.449951171875,2086.449951171875,2041.050048828125,2056.35009765625,2056.35009765625,31122
2023-09-20,2056.35009765625,2084.949951171875,2027.550048828125,2045.5,2045.5,31442
2023-09-21,2045.5,2070.949951171875,2022.0,2041.9000244140625,2041.9000244140625,29318
2023-09-22,2040.0,2073.35009765625,2026.0999755859375,2053.449951171875,2053.449951171875,36313
2023-09-25,2053.550048828125,2158.0,2041.449951171875,2132.5,2132.5,99652
2023-09-26,2134.75,2173.25,2092.949951171875,2118.449951171875,2118.449951171875,82472
2023-09-27,2118.449951171875,2122.949951171875,2065.0,2086.449951171875,2086.449951171875,55292
2023-09-28,2086.449951171875,2172.0,2075.14990234375,2114.89990234375,2114.89990234375,115331
2023-09-29,2130.60009765625,2193.0,2110.199951171875,2177.5,2177.5,76282
2023-10-03,2174.949951171875,2221.0,2129.199951171875,2148.10009765625,2148.10009765625,84231
2023-10-04,2110.10009765625,2172.949951171875,2034.0,2103.050048828125,2103.050048828125,82220
2023-10-05,2119.89990234375,2172.0,2109.949951171875,2136.25,2136.25,68843
2023-10-06,2144.85009765625,2152.64990234375,2110.050048828125,2117.800048828125,2117.800048828125,41870
2023-10-09,2080.14990234375,2154.64990234375,2080.14990234375,2110.60009765625,2110.60009765625,51626
2023-10-10,2116.10009765625,2345.300048828125,2105.050048828125,2263.699951171875,2263.699951171875,902429
2023-10-11,2260.0,2289.39990234375,2225.10009765625,2242.300048828125,2242.300048828125,128023
2023-10-12,2244.300048828125,2258.0,2175.0,2187.39990234375,2187.39990234375,134137
2023-10-13,2189.0,2254.0,2175.449951171875,2212.949951171875,2212.949951171875,82285
2023-10-16,2200.050048828125,2232.75,2168.85009765625,2184.800048828125,2184.800048828125,47332
2023-10-17,2199.64990234375,2227.85009765625,2175.050048828125,2207.60009765625,2207.60009765625,77048
2023-10-18,2221.89990234375,2357.800048828125,2207.699951171875,2304.39990234375,2304.39990234375,444239
2023-10-19,2308.0,2335.699951171875,2284.10009765625,2302.14990234375,2302.14990234375,108925
2023-10-20,2304.0,2332.449951171875,2218.10009765625,2230.050048828125,2230.050048828125,72856
2023-10-23,2238.949951171875,2238.949951171875,2085.0,2103.199951171875,2103.199951171875,93695
2023-10-25,2107.85009765625,2198.0,2032.300048828125,2063.199951171875,2063.199951171875,69682
2023-10-26,2035.0,2173.0,1992.0999755859375,2105.85009765625,2105.85009765625,134585
2023-10-27,2105.0,2189.0,2105.0,2165.449951171875,2165.449951171875,60355
2023-10-30,2166.5,2288.300048828125,2147.050048828125,2246.60009765625,2246.60009765625,151305
2023-10-31,2243.550048828125,2325.0,2243.550048828125,2264.0,2264.0,81108
2023-11-01,2265.0,2382.0,2265.0,2360.75,2360.75,253336
2023-11-02,2400.0,2405.0,2323.699951171875,2348.550048828125,2348.550048828125,112690
2023-11-03,2368.0,2398.0,2132.75,2149.0,2149.0,535691
2023-11-06,2149.0,2170.0,2100.0,2116.949951171875,2116.949951171875,153367
2023-11-07,2127.0,2127.0,2084.10009765625,2089.89990234375,2089.89990234375,83439
2023-11-08,2110.85009765625,2138.0,2091.0,2101.14990234375,2101.14990234375,49941
2023-11-09,2101.14990234375,2113.14990234375,2083.0,2087.550048828125,2087.550048828125,30334
2023-11-10,2090.0,2115.0,2070.0,2079.35009765625,2079.35009765625,39890
2023-11-13,2090.050048828125,2115.0,2076.550048828125,2086.39990234375,2086.39990234375,38897
2023-11-15,2104.050048828125,2130.949951171875,2088.949951171875,2094.75,2094.75,49249
2023-11-16,2109.0,2109.0,2081.10009765625,2087.300048828125,2087.300048828125,30107
2023-11-17,2090.0,2104.25,2075.0,2087.5,2087.5,45108
2023-11-20,2087.5,2102.300048828125,2075.0,2077.550048828125,2077.550048828125,19919
2023-11-21,2081.050048828125,2097.0,2058.0,2066.550048828125,2066.550048828125,27562
2023-11-22,2083.39990234375,2083.39990234375,2055.0,2059.0,2059.0,21510
2023-11-23,2065.0,2099.949951171875,2060.050048828125,2065.550048828125,2065.550048828125,30193
2023-11-24,2072.0,2082.39990234375,2025.050048828125,2033.25,2033.25,64956
2023-11-28,2033.25,2045.0,2015.0,2017.949951171875,2017.949951171875,30637
2023-11-29,2030.0,2033.9000244140625,2010.0,2022.449951171875,2022.449951171875,33756
2023-11-30,2022.449951171875,2038.75,2018.0,2024.550048828125,2024.550048828125,35615
2023-12-01,2031.5999755859375,2080.0,2023.800048828125,2074.35009765625,2074.35009765625,71668
2023-12-04,2098.85009765625,2125.0,2051.0,2101.800048828125,2101.800048828125,89233
2023-12-05,2101.800048828125,2129.89990234375,2100.0,2121.85009765625,2121.85009765625,47706
2023-12-06,2131.949951171875,2144.0,2110.0,2116.699951171875,2116.699951171875,48500
2023-12-07,2126.0,2126.0,2094.25,2104.25,2104.25,20538
2023-12-08,2104.25,2118.10009765625,2055.0,2058.64990234375,2058.64990234375,33008
2023-12-11,2060.0,2120.0,2060.0,2081.85009765625,2081.85009765625,70074
2023-12-12,2081.050048828125,2119.0,2081.0,2108.75,2108.75,53766
2023-12-13,2117.0,2130.0,2085.14990234375,2101.39990234375,2101.39990234375,50059
2023-12-14,2117.0,2118.5,2077.699951171875,2087.75,2087.75,32096
2023-12-15,2102.0,2102.0,2068.0,2085.050048828125,2085.050048828125,24882
2023-12-18,2085.0,2085.0,2059.800048828125,2070.39990234375,2070.39990234375,24526
2023-12-19,2075.0,2119.85009765625,2075.0,2102.5,2102.5,51875
2023-12-20,2117.0,2137.60009765625,2050.0,2068.75,2068.75,74212
2023-12-21,2059.0,2116.25,2040.0,2104.39990234375,2104.39990234375,42278
2023-12-22,2117.699951171875,2117.699951171875,2075.0,2098.050048828125,2098.050048828125,21569
2023-12-26,2115.0,2123.0,2093.0,2111.050048828125,2111.050048828125,26142
2023-12-27,2120.0,2125.0,2087.60009765625,2102.449951171875,2102.449951171875,21445
2023-12-28,2114.0,2116.85009765625,2085.550048828125,2093.449951171875,2093.449951171875,20585
2023-12-29,2097.949951171875,2117.89990234375,2081.949951171875,2108.85009765625,2108.85009765625,30775
2024-01-01,2112.85009765625,2119.89990234375,2081.050048828125,2092.550048828125,2092.550048828125,31493
2024-01-02,2104.75,2200.0,2072.35009765625,2153.25,2153.25,174093
2024-01-03,2190.0,2206.89990234375,2140.199951171875,2181.699951171875,2181.699951171875,133626
2024-01-04,2196.0,2197.0,2150.5,2175.25,2175.25,44609
2024-01-05,2175.25,2225.0,2161.199951171875,2216.89990234375,2216.89990234375,84873
2024-01-08,2224.0,2229.0,2189.14990234375,2204.64990234375,2204.64990234375,45827
2024-01-09,2217.64990234375,2246.0,2197.050048828125,2235.199951171875,2235.199951171875,50029
2024-01-10,2240.0,2240.0,2181.35009765625,2196.39990234375,2196.39990234375,63674
2024-01-11,2196.39990234375,2241.39990234375,2165.10009765625,2219.050048828125,2219.050048828125,58092
2024-01-12,2241.0,2251.300048828125,2193.75,2199.199951171875,2199.199951171875,34159
2024-01-15,2213.949951171875,2216.75,2151.0,2161.550048828125,2161.550048828125,30204
2024-01-16,2164.35009765625,2180.14990234375,2108.0,2131.449951171875,2131.449951171875,44278
2024-01-17,2111.39990234375,2156.60009765625,2106.0,2130.300048828125,2130.300048828125,36303
2024-01-18,2130.300048828125,2142.800048828125,2065.0,2128.89990234375,2128.89990234375,61447
2024-01-19,2135.0,2236.0,2124.10009765625,2215.800048828125,2215.800048828125,91847
2024-01-23,2195.0,2229.949951171875,2165.0,2190.050048828125,2190.050048828125,56044
2024-01-24,2180.0,2241.949951171875,2172.0,2209.64990234375,2209.64990234375,127210
2024-01-25,2227.5,2283.5,2224.60009765625,2261.14990234375,2261.14990234375,127229
2024-01-29,2290.949951171875,2324.949951171875,2250.0,2298.85009765625,2298.85009765625,97112
2024-01-30,2275.10009765625,2289.10009765625,2229.550048828125,2252.35009765625,2252.35009765625,221533
2024-01-31,2272.64990234375,2645.300048828125,2267.199951171875,2459.949951171875,2459.949951171875,1693523
2024-02-01,2481.949951171875,2586.0,2413.60009765625,2443.39990234375,2443.39990234375,219351
2024-02-02,2469.89990234375,2585.0,2445.0,2544.10009765625,2544.10009765625,255808
2024-02-05,2544.89990234375,2574.5,2397.0,2423.39990234375,2423.39990234375,139578
2024-02-06,2429.0,2494.949951171875,2418.0,2471.5,2471.5,61851
2024-02-07,2489.89990234375,2526.10009765625,2411.5,2422.800048828125,2422.800048828125,42371
2024-02-08,2450.0,2464.949951171875,2365.199951171875,2385.75,2385.75,25823
2024-02-09,2385.75,2394.949951171875,2285.0,2374.60009765625,2374.60009765625,64509
2024-02-12,2380.550048828125,2621.449951171875,2380.550048828125,2581.800048828125,2581.800048828125,617280
2024-02-13,2581.800048828125,2594.75,2481.199951171875,2491.0,2491.0,98218
2024-02-14,2460.0,2546.85009765625,2450.0,2500.449951171875,2500.449951171875,80979
2024-02-15,2560.0,2620.0,2541.0,2571.64990234375,2571.64990234375,104178
2024-02-16,2579.89990234375,2608.949951171875,2524.0,2546.25,2546.25,51063
2024-02-19,2547.699951171875,2719.800048828125,2530.699951171875,2680.800048828125,2680.800048828125,165821
2024-02-20,2689.0,2718.0,2634.050048828125,2656.85009765625,2656.85009765625,34670
2024-02-21,2670.14990234375,2769.449951171875,2606.050048828125,2637.14990234375,2637.14990234375,211032
2024-02-22,2660.0,2779.0,2650.0,2765.89990234375,2765.89990234375,176234
2024-02-23,2800.0,2800.0,2740.0,2748.60009765625,2748.60009765625,58393
2024-02-26,2761.75,2811.699951171875,2761.75,2786.60009765625,2786.60009765625,44396
2024-02-27,2800.0,2835.0,2786.60009765625,2808.64990234375,2808.64990234375,29908
2024-02-28,2818.949951171875,2913.449951171875,2753.050048828125,2801.800048828125,2801.800048828125,124416
2024-02-29,2795.5,3000.0,2678.10009765625,2957.449951171875,2957.449951171875,161773
2024-03-01,2957.949951171875,3011.0,2872.0,2962.5,2962.5,116933
2024-03-04,2990.0,3035.0,2923.25,3020.10009765625,3020.10009765625,72681
2024-03-05,3029.5,3102.0,2997.050048828125,3087.0,3087.0,80060
2024-03-06,3081.0,3182.949951171875,3060.0,3164.0,3164.0,167002
2024-03-07,3164.0,3338.550048828125,3148.0,3298.10009765625,3298.10009765625,124568
2024-03-11,3337.35009765625,3686.0,3301.550048828125,3637.050048828125,3637.050048828125,774893
2024-03-12,3570.050048828125,3580.0,3163.0,3246.35009765625,3246.35009765625,464162
2024-03-13,3246.35009765625,3308.949951171875,2805.550048828125,2932.550048828125,2932.550048828125,311285
2024-03-14,2875.0,3118.35009765625,2840.050048828125,3030.64990234375,3030.64990234375,262852
2024-03-15,3030.449951171875,3084.050048828125,2875.0,2942.89990234375,2942.89990234375,190420
2024-03-18,2967.0,3188.0,2913.75,3130.25,3130.25,469666
2024-03-19,3119.050048828125,3179.699951171875,3046.0,3065.10009765625,3065.10009765625,159527
2024-03-20,3070.0,3111.85009765625,2964.60009765625,2978.75,2978.75,97708
2024-03-21,3009.25,3073.199951171875,2987.60009765625,3054.10009765625,3054.10009765625,68100
2024-03-22,3060.0,3169.0,3046.0,3128.300048828125,3128.300048828125,81680
2024-03-26,3129.0,3155.800048828125,3047.60009765625,3063.699951171875,3063.699951171875,52066
2024-03-27,3089.050048828125,3132.0,3051.0,3080.699951171875,3080.699951171875,58707
2024-03-28,3099.0,3139.0,3060.0,3089.199951171875,3089.199951171875,84852
2024-04-01,3119.14990234375,3168.64990234375,3090.0,3098.85009765625,3098.85009765625,36744
2024-04-02,3129.85009765625,3379.0,3101.39990234375,3352.10009765625,3352.10009765625,315232
2024-04-03,3348.89990234375,3387.800048828125,3281.0,3297.0,3297.0,91650
2024-04-04,3315.60009765625,3328.89990234375,3185.449951171875,3206.89990234375,3206.89990234375,60063
2024-04-05,3206.89990234375,3246.75,3180.0,3198.449951171875,3198.449951171875,44740
2024-04-08,3209.199951171875,3285.0,3201.050048828125,3272.75,3272.75,47179
2024-04-09,3292.949951171875,3306.0,3113.699951171875,3126.050048828125,3126.050048828125,71289
2024-04-10,3147.550048828125,3165.550048828125,3080.0,3094.39990234375,3094.39990234375,57606
2024-04-12,3072.0,3220.0,3005.050048828125,3048.050048828125,3048.050048828125,263291
2024-04-15,3047.0,3047.0,2907.550048828125,2987.949951171875,2987.949951171875,65095
2024-04-16,2920.0,3052.0,2920.0,3004.60009765625,3004.60009765625,47721
2024-04-18,3052.39990234375,3098.800048828125,2983.699951171875,2998.050048828125,2998.050048828125,46491
2024-04-19,2978.0,3069.300048828125,2960.0,3058.699951171875,3058.699951171875,46517
2024-04-22,3073.10009765625,3096.35009765625,3060.89990234375,3072.85009765625,3072.85009765625,22258
2024-04-23,3074.949951171875,3141.25,3061.25,3121.800048828125,3121.800048828125,36964
2024-04-24,3150.0,3161.89990234375,3119.85009765625,3131.199951171875,3131.199951171875,22605
2024-04-25,3144.199951171875,3488.0,3129.35009765625,3449.699951171875,3449.699951171875,633890
2024-04-26,3445.0,3449.699951171875,3293.949951171875,3312.5,3312.5,112884
2024-04-29,3329.89990234375,3348.800048828125,3260.050048828125,3311.800048828125,3311.800048828125,67453
2024-04-30,3330.64990234375,3359.800048828125,3306.60009765625,3344.89990234375,3344.89990234375,40940
2024-05-02,3344.89990234375,3386.800048828125,3226.14990234375,3291.0,3291.0,96066
2024-05-03,3296.25,3538.800048828125,3280.0,3388.199951171875,3388.199951171875,518669
2024-05-06,3395.10009765625,3409.14990234375,3265.0,3283.050048828125,3283.050048828125,43783
2024-05-07,3285.0,3285.0,3125.10009765625,3180.25,3180.25,69574
2024-05-08,3160.0,3319.0,3142.550048828125,3297.64990234375,3297.64990234375,65108
2024-05-09,3297.64990234375,3540.0,3251.0,3448.75,3448.75,343895
2024-05-10,3470.0,3470.0,3329.550048828125,3396.14990234375,3396.14990234375,58895
2024-05-13,3395.0,3395.0,3274.89990234375,3316.300048828125,3316.300048828125,43240
2024-05-14,3299.85009765625,3635.949951171875,3260.35009765625,3605.050048828125,3605.050048828125,354093
2024-05-15,3564.550048828125,3688.0,3527.050048828125,3545.35009765625,3545.35009765625,104581
2024-05-16,3545.35009765625,3621.64990234375,3533.89990234375,3597.5,3597.5,58836
2024-05-17,3630.0,4288.0,3609.550048828125,3992.64990234375,3992.64990234375,736264
2024-05-21,4129.0,4129.0,3905.050048828125,3933.25,3933.25,106634
2024-05-22,3968.0,4000.0,3812.0,3932.0,3932.0,84021
2024-05-23,3925.0,4002.0,3888.0,3910.14990234375,3910.14990234375,114019
2024-05-24,3910.14990234375,3978.0,3832.0,3855.199951171875,3855.199951171875,51960
2024-05-27,3857.949951171875,3988.0,3797.5,3955.050048828125,3955.050048828125,82647
2024-05-28,3990.0,3990.0,3865.0,3876.800048828125,3876.800048828125,53150
2024-05-29,4021.0,4021.0,3844.0,3872.550048828125,3872.550048828125,78282
2024-05-30,3870.050048828125,4115.0,3790.64990234375,3845.89990234375,3845.89990234375,412108
2024-05-31,3828.85009765625,3984.89990234375,3752.64990234375,3882.10009765625,3882.10009765625,151426
2024-06-03,3770.0,3889.949951171875,3715.5,3743.39990234375,3743.39990234375,154547
2024-06-04,3759.949951171875,3759.949951171875,3310.0,3549.949951171875,3549.949951171875,95853
2024-06-05,3595.0,3682.0,3420.050048828125,3661.14990234375,3661.14990234375,57567
2024-06-06,3670.14990234375,3829.0,3660.0,3780.0,3780.0,65897
2024-06-07,3792.25,3858.699951171875,3780.0,3842.300048828125,3842.300048828125,61811
2024-06-10,3873.550048828125,3965.0,3850.0,3897.64990234375,3897.64990234375,57691
2024-06-11,3900.0,3968.800048828125,3900.0,3930.0,3930.0,33993
