Date,Open,High,Low,Close,Adj Close,Volume
2017-07-04,170.0,175.0,162.0,171.64999389648438,158.73927307128906,14138363
2017-07-05,170.1999969482422,172.3000030517578,167.3000030517578,169.89999389648438,157.1208953857422,779615
2017-07-06,171.0,176.0,168.35000610351562,171.75,158.8317413330078,1181250
2017-07-07,172.0,183.25,168.0,179.1999969482422,165.72140502929688,3137606
2017-07-10,178.0,184.6999969482422,175.0,183.1999969482422,169.42054748535156,575129
2017-07-11,183.5,190.4499969482422,176.3000030517578,177.35000610351562,164.0105438232422,1780195
2017-07-12,179.14999389648438,183.89999389648438,178.0,180.75,167.1548309326172,838264
2017-07-13,182.39999389648438,185.5,178.5,180.10000610351562,166.5537109375,907601
2017-07-14,181.0,184.89999389648438,164.0500030517578,170.8000030517578,157.95321655273438,1203937
2017-07-17,171.10000610351562,174.0,169.10000610351562,170.0,157.21339416503906,302605
2017-07-18,169.10000610351562,171.9499969482422,166.1999969482422,167.14999389648438,154.5777587890625,188357
2017-07-19,168.14999389648438,170.0,167.1999969482422,168.0500030517578,155.41006469726562,114062
2017-07-20,169.39999389648438,169.8000030517578,165.0500030517578,166.60000610351562,154.06912231445312,194347
2017-07-21,165.1999969482422,168.9499969482422,163.0,163.39999389648438,151.1097869873047,298067
2017-07-24,163.3000030517578,164.4499969482422,155.64999389648438,156.8000030517578,145.0062255859375,203695
2017-07-25,155.64999389648438,161.0,150.0,155.0,143.34161376953125,422546
2017-07-26,155.6999969482422,158.0,155.6999969482422,156.39999389648438,144.6363067626953,197420
2017-07-27,156.89999389648438,161.8000030517578,155.60000610351562,156.8000030517578,145.0062255859375,173457
2017-07-28,154.14999389648438,159.39999389648438,154.14999389648438,156.60000610351562,144.82127380371094,129568
2017-07-31,156.0,158.9499969482422,156.0,157.5500030517578,145.69981384277344,130338
2017-08-01,157.5500030517578,157.64999389648438,147.75,151.75,140.33607482910156,97587
2017-08-02,152.0,155.0,150.1999969482422,151.8000030517578,140.38230895996094,110713
2017-08-03,151.10000610351562,153.0,145.0,147.35000610351562,136.26699829101562,96801
2017-08-04,148.64999389648438,148.64999389648438,141.25,142.4499969482422,131.73556518554688,266775
2017-08-07,142.1999969482422,148.5,142.1999969482422,146.14999389648438,135.1572723388672,205690
2017-08-08,148.1999969482422,150.0,142.60000610351562,143.85000610351562,133.0302734375,109122
2017-08-09,147.0,150.0,141.10000610351562,144.1999969482422,133.3539276123047,490616
2017-08-10,144.75,149.3000030517578,142.60000610351562,147.4499969482422,136.35948181152344,160537
2017-08-11,144.0,146.0,141.0,141.9499969482422,131.27316284179688,69578
2017-08-14,143.0500030517578,143.5,139.0,141.25,130.62582397460938,80830
2017-08-16,141.0500030517578,150.64999389648438,141.0500030517578,146.1999969482422,135.20350646972656,273610
2017-08-17,146.0,146.60000610351562,141.0,141.8000030517578,131.13446044921875,87350
2017-08-18,141.1999969482422,142.89999389648438,141.0,141.89999389648438,131.22694396972656,75974
2017-08-21,142.5,142.8000030517578,135.0,137.14999389648438,126.83422088623047,503003
2017-08-22,136.5500030517578,138.35000610351562,130.25,131.89999389648438,121.97908020019531,116382
2017-08-23,133.75,133.75,127.0,127.94999694824219,118.3261947631836,127098
2017-08-24,126.25,133.1999969482422,126.25,131.89999389648438,121.97908020019531,187918
2017-08-28,132.10000610351562,136.60000610351562,132.10000610351562,134.64999389648438,124.5222396850586,88637
2017-08-29,134.0,134.0,129.75,130.85000610351562,121.008056640625,54591
2017-08-30,131.14999389648438,134.0,131.14999389648438,133.5500030517578,123.50498962402344,30318
2017-08-31,134.89999389648438,135.60000610351562,132.35000610351562,133.39999389648438,123.36625671386719,43825
2017-09-01,134.35000610351562,135.4499969482422,130.1999969482422,132.10000610351562,122.16404724121094,91325
2017-09-04,138.0,138.0,131.25,131.9499969482422,122.02534484863281,221566
2017-09-05,134.0,134.39999389648438,132.0,132.14999389648438,122.21028900146484,89755
2017-09-06,132.14999389648438,132.9499969482422,129.5,129.85000610351562,120.08328247070312,36316
2017-09-07,130.9499969482422,131.9499969482422,128.0,128.75,119.0660171508789,164925
2017-09-08,133.9499969482422,137.5,130.5500030517578,134.39999389648438,124.29105377197266,373428
2017-09-11,134.39999389648438,138.5,134.0,135.3000030517578,125.12335968017578,188494
2017-09-12,134.89999389648438,138.75,134.5500030517578,137.85000610351562,127.4815673828125,159233
2017-09-13,138.4499969482422,140.5,136.9499969482422,138.85000610351562,128.40634155273438,131705
2017-09-14,136.10000610351562,149.5,136.10000610351562,148.85000610351562,138.6527557373047,346103
2017-09-15,147.0,159.0,144.0,154.6999969482422,144.1020050048828,519871
2017-09-18,153.0,157.3000030517578,147.0,153.39999389648438,142.89105224609375,144462
2017-09-19,153.0,155.6999969482422,148.5,149.5500030517578,139.30484008789062,89355
2017-09-20,150.0,150.14999389648438,147.5,147.89999389648438,137.76785278320312,130258
2017-09-21,148.0,149.9499969482422,146.0,146.39999389648438,136.37062072753906,76755
2017-09-22,145.0,145.9499969482422,138.60000610351562,139.5,129.94329833984375,47285
2017-09-25,137.60000610351562,139.9499969482422,130.0,130.64999389648438,121.69957733154297,129607
2017-09-26,131.89999389648438,133.1999969482422,130.0,130.6999969482422,121.74617004394531,55280
2017-09-27,133.64999389648438,134.3000030517578,130.0,131.4499969482422,122.44478607177734,94778
2017-09-28,131.4499969482422,132.39999389648438,129.10000610351562,130.0500030517578,121.14069366455078,35183
2017-09-29,129.85000610351562,140.89999389648438,129.85000610351562,137.5500030517578,128.1269073486328,72472
2017-10-03,140.39999389648438,140.75,136.39999389648438,137.89999389648438,128.4529266357422,38248
2017-10-04,139.64999389648438,143.39999389648438,136.5,140.6999969482422,131.0611114501953,113221
2017-10-05,139.25,144.0,139.0500030517578,143.0500030517578,133.25013732910156,39497
2017-10-06,140.1999969482422,147.6999969482422,139.9499969482422,146.3000030517578,136.27748107910156,83064
2017-10-09,147.9499969482422,148.8000030517578,143.35000610351562,147.64999389648438,137.5349578857422,50563
2017-10-10,147.85000610351562,149.3000030517578,142.39999389648438,144.89999389648438,134.97335815429688,78796
2017-10-11,146.5,150.0,143.6999969482422,145.0500030517578,135.11309814453125,98910
2017-10-12,143.75,147.85000610351562,143.5,146.14999389648438,136.1377410888672,57502
2017-10-13,146.5,147.8000030517578,140.5500030517578,143.25,133.4364013671875,39831
2017-10-16,144.0,145.0,137.0,139.5,129.94329833984375,66211
2017-10-17,141.0,145.0,136.14999389648438,141.85000610351562,132.13232421875,51756
2017-10-18,144.89999389648438,144.89999389648438,139.0,140.75,131.107666015625,37638
2017-10-19,139.0500030517578,147.0500030517578,139.0500030517578,143.6999969482422,133.85556030273438,19492
2017-10-23,147.0,147.0,142.0,142.60000610351562,132.83094787597656,18403
2017-10-24,141.5,144.0,140.9499969482422,141.85000610351562,132.13232421875,48287
2017-10-25,141.0,145.1999969482422,141.0,142.0500030517578,132.31861877441406,35214
2017-10-26,139.1999969482422,145.0,139.1999969482422,142.5500030517578,132.78436279296875,40517
2017-10-27,142.10000610351562,147.0,141.0,145.14999389648438,135.20623779296875,380615
2017-10-30,145.0,153.0,144.0,146.0,135.99803161621094,94244
2017-10-31,145.0,148.5,145.0,146.1999969482422,136.18431091308594,19927
2017-11-01,145.0,149.89999389648438,143.6999969482422,144.6999969482422,134.78707885742188,25343
2017-11-02,145.4499969482422,145.4499969482422,139.75,141.10000610351562,131.4337158203125,57592
2017-11-03,142.0,153.0,142.0,152.3000030517578,141.86643981933594,203148
2017-11-06,152.0,156.0,148.35000610351562,153.9499969482422,143.4033966064453,131501
2017-11-07,158.0500030517578,160.5500030517578,149.0,149.85000610351562,139.5842742919922,216827
2017-11-08,147.14999389648438,152.1999969482422,144.10000610351562,148.4499969482422,138.28016662597656,109027
2017-11-09,149.0500030517578,152.0,146.75,149.0,138.79248046875,42179
2017-11-10,148.64999389648438,149.75,146.5,146.9499969482422,136.8829345703125,81154
2017-11-13,146.9499969482422,148.0,145.0,145.25,135.2993927001953,79320
2017-11-14,144.14999389648438,146.14999389648438,142.39999389648438,143.10000610351562,133.2966766357422,17951
2017-11-15,152.3000030517578,152.35000610351562,143.0,144.9499969482422,135.0199432373047,86207
2017-11-16,145.9499969482422,145.9499969482422,142.0,143.1999969482422,133.3898468017578,69859
2017-11-17,143.6999969482422,145.0,140.0,142.0500030517578,132.31861877441406,41792
2017-11-20,142.0,154.89999389648438,142.0,150.0500030517578,139.77056884765625,212489
2017-11-21,151.0,152.4499969482422,147.0,147.39999389648438,137.30210876464844,59257
2017-11-22,147.0,151.0,145.25,146.14999389648438,136.1377410888672,44793
2017-11-23,147.0,148.0,143.5,144.8000030517578,134.88021850585938,35038
2017-11-24,144.39999389648438,155.0,143.64999389648438,152.5500030517578,142.09930419921875,167590
2017-11-27,153.9499969482422,162.0,150.39999389648438,157.9499969482422,147.1293487548828,266216
2017-11-28,156.25,171.0,155.1999969482422,165.1999969482422,153.88267517089844,427070
2017-11-29,167.85000610351562,174.0,167.0,169.5500030517578,157.93467712402344,305094
2017-11-30,167.0,172.0,162.0,163.0,151.83340454101562,91555
2017-12-01,165.0,169.39999389648438,162.1999969482422,166.9499969482422,155.51280212402344,155329
2017-12-04,169.9499969482422,170.0,158.4499969482422,160.75,149.737548828125,74270
2017-12-05,160.0,169.8000030517578,158.5,160.5500030517578,149.55123901367188,67043
2017-12-06,159.35000610351562,164.0,152.6999969482422,154.60000610351562,144.00885009765625,46707
2017-12-07,154.60000610351562,158.10000610351562,154.14999389648438,155.5,144.84719848632812,41661
2017-12-08,156.60000610351562,164.89999389648438,155.85000610351562,162.3000030517578,151.18136596679688,61161
2017-12-11,163.0,171.3000030517578,163.0,168.9499969482422,157.37579345703125,110221
2017-12-12,169.0,171.0,165.5,168.9499969482422,157.37579345703125,79912
2017-12-13,170.0,172.0,156.0,157.8000030517578,146.98963928222656,98505
2017-12-14,163.0,164.35000610351562,159.8000030517578,162.1999969482422,151.08819580078125,50389
2017-12-15,164.8000030517578,171.4499969482422,162.1999969482422,169.10000610351562,157.51551818847656,270102
2017-12-18,167.89999389648438,170.0,160.0,164.64999389648438,153.370361328125,38148
2017-12-19,165.89999389648438,167.0,163.10000610351562,164.1999969482422,152.95120239257812,27567
2017-12-20,162.5,170.0,162.1999969482422,166.5,155.0936279296875,39031
2017-12-21,163.10000610351562,168.0,160.75,164.4499969482422,153.18405151367188,42425
2017-12-22,165.14999389648438,166.75,163.0,163.3000030517578,152.11285400390625,19828
2017-12-26,161.14999389648438,165.5,161.14999389648438,162.0,150.90191650390625,13889
2017-12-27,164.35000610351562,164.39999389648438,159.25,160.0500030517578,149.08547973632812,18395
2017-12-28,160.0,161.9499969482422,156.25,157.4499969482422,146.6636199951172,18243
2017-12-29,160.14999389648438,166.0,160.14999389648438,165.0,153.69639587402344,89316
2018-01-01,165.1999969482422,166.4499969482422,160.0,163.75,152.5320281982422,51137
2018-01-02,165.5,167.5,162.0,163.35000610351562,152.15943908691406,34527
2018-01-03,163.60000610351562,166.0,162.0500030517578,163.14999389648438,151.97312927246094,36235
2018-01-04,161.0500030517578,164.9499969482422,160.4499969482422,161.85000610351562,150.76220703125,23375
2018-01-05,163.85000610351562,164.0,159.14999389648438,160.75,149.737548828125,34016
2018-01-08,160.9499969482422,164.8000030517578,160.5500030517578,161.4499969482422,150.38958740234375,33986
2018-01-09,161.14999389648438,164.5500030517578,158.0,159.0,148.107421875,31323
2018-01-10,160.0,161.5,157.14999389648438,158.64999389648438,147.78140258789062,25302
2018-01-11,158.5,187.0,158.5,176.14999389648438,164.08253479003906,854992
2018-01-12,174.60000610351562,182.0,170.0,180.0,167.6687774658203,638886
2018-01-15,177.1999969482422,182.5,175.10000610351562,177.10000610351562,164.96746826171875,347332
2018-01-16,178.0,178.5,173.10000610351562,175.10000610351562,163.10447692871094,313763
2018-01-17,171.0500030517578,174.5,170.5500030517578,172.0500030517578,160.26339721679688,165867
2018-01-18,174.8000030517578,174.89999389648438,168.14999389648438,170.39999389648438,158.72645568847656,82243
2018-01-19,168.0500030517578,173.0,165.64999389648438,166.64999389648438,155.23333740234375,30521
2018-01-22,169.39999389648438,169.39999389648438,162.6999969482422,164.39999389648438,153.1374969482422,14697
2018-01-23,163.9499969482422,179.60000610351562,163.25,175.75,163.70994567871094,526504
2018-01-24,175.0,177.5,170.10000610351562,175.10000610351562,163.10447692871094,193533
2018-01-25,177.60000610351562,187.39999389648438,172.25,180.1999969482422,167.85507202148438,2900441
2018-01-29,176.60000610351562,179.9499969482422,161.0,164.4499969482422,153.18405151367188,148311
2018-01-30,164.89999389648438,167.75,158.6999969482422,160.5500030517578,149.55123901367188,61424
2018-01-31,161.10000610351562,164.89999389648438,157.25,159.75,148.8060302734375,37015
2018-02-01,164.60000610351562,170.0,160.0,165.35000610351562,154.02239990234375,69587
2018-02-02,159.64999389648438,162.89999389648438,153.0,155.25,144.6143341064453,72216
2018-02-05,155.5,159.89999389648438,135.5500030517578,153.35000610351562,142.84449768066406,382216
2018-02-06,149.0,152.3000030517578,144.5500030517578,150.25,139.9568634033203,117890
2018-02-07,153.9499969482422,157.75,151.39999389648438,155.14999389648438,144.52117919921875,25937
2018-02-08,153.25,167.8000030517578,153.25,166.9499969482422,155.51280212402344,85018
2018-02-09,157.25,170.0,157.25,166.10000610351562,154.72103881835938,31182
2018-02-12,161.14999389648438,171.0,161.14999389648438,168.0,156.49085998535156,37586
2018-02-14,168.1999969482422,170.60000610351562,164.0,168.14999389648438,156.63058471679688,38810
2018-02-15,170.0,173.39999389648438,167.6999969482422,168.64999389648438,157.09634399414062,131397
2018-02-16,172.0,172.0,162.4499969482422,164.0,152.764892578125,16240
2018-02-19,162.0,164.0500030517578,158.75,162.0,150.90191650390625,14842
2018-02-20,162.0500030517578,167.5,161.14999389648438,165.0,153.69639587402344,20766
2018-02-21,165.10000610351562,165.5,161.89999389648438,163.9499969482422,152.71832275390625,11971
2018-02-22,162.10000610351562,166.0,160.64999389648438,165.0,153.69639587402344,18606
2018-02-23,166.75,167.0,164.8000030517578,165.8000030517578,154.44158935546875,16765
2018-02-26,165.89999389648438,166.75,162.10000610351562,163.3000030517578,152.11285400390625,17189
2018-02-27,163.5500030517578,165.3000030517578,162.14999389648438,164.5500030517578,153.2772216796875,29660
2018-02-28,165.0,165.85000610351562,162.39999389648438,165.14999389648438,153.8361053466797,10378
2018-03-01,165.0500030517578,168.89999389648438,162.39999389648438,165.0500030517578,153.74295043945312,224515
2018-03-05,169.8000030517578,169.8000030517578,163.85000610351562,165.4499969482422,154.1155548095703,19367
2018-03-06,169.5,169.5,156.3000030517578,158.64999389648438,147.78140258789062,22588
2018-03-07,155.0500030517578,161.5,152.0,153.89999389648438,143.3568115234375,21418
2018-03-08,155.0500030517578,157.89999389648438,151.4499969482422,152.8000030517578,142.33216857910156,11741
2018-03-09,152.0,155.8000030517578,151.10000610351562,151.5,141.1212158203125,79005
2018-03-12,154.6999969482422,154.6999969482422,144.10000610351562,147.60000610351562,137.48841857910156,39242
2018-03-13,147.1999969482422,150.0,144.0,145.10000610351562,135.15966796875,68074
2018-03-14,145.5500030517578,149.4499969482422,142.3000030517578,143.64999389648438,133.80902099609375,127534
2018-03-15,144.64999389648438,147.85000610351562,143.35000610351562,144.14999389648438,134.27474975585938,16734
2018-03-16,143.8000030517578,150.0500030517578,138.0,139.39999389648438,129.85015869140625,75041
2018-03-19,136.0,141.5,135.0,135.89999389648438,126.58992767333984,177377
2018-03-20,135.3000030517578,137.0,134.5,135.89999389648438,126.58992767333984,23717
2018-03-21,134.10000610351562,137.6999969482422,134.10000610351562,135.75,126.45020294189453,24536
2018-03-22,135.89999389648438,137.9499969482422,133.0,135.10000610351562,125.8447494506836,262981
2018-03-23,133.9499969482422,137.0500030517578,130.14999389648438,133.9499969482422,124.77352142333984,1578361
2018-03-26,132.0500030517578,139.5,132.0500030517578,137.39999389648438,127.98716735839844,107029
2018-03-27,137.64999389648438,140.0,135.25,136.25,126.91595458984375,441134
2018-03-28,135.0,139.39999389648438,133.8000030517578,139.0,129.47755432128906,41221
2018-04-02,139.9499969482422,149.89999389648438,139.35000610351562,146.8000030517578,136.74322509765625,54490
2018-04-03,146.0,149.5,143.14999389648438,145.35000610351562,135.39254760742188,189506
2018-04-04,148.9499969482422,150.0,141.35000610351562,144.1999969482422,134.32131958007812,47230
2018-04-05,146.85000610351562,150.0,146.3000030517578,148.89999389648438,138.6993408203125,33859
2018-04-06,148.0,157.5,147.0,155.14999389648438,144.52117919921875,63520
2018-04-09,155.0,162.35000610351562,153.6999969482422,161.5500030517578,150.48275756835938,59114
2018-04-10,160.1999969482422,165.0,159.0,164.3000030517578,153.04434204101562,52731
2018-04-11,165.89999389648438,165.89999389648438,160.64999389648438,163.10000610351562,151.92654418945312,25084
2018-04-12,161.0500030517578,164.8000030517578,156.3000030517578,158.75,147.8745574951172,28243
2018-04-13,169.9499969482422,169.9499969482422,159.0500030517578,162.14999389648438,151.04164123535156,34448
2018-04-16,161.0,161.5,158.0,160.0,149.03892517089844,276696
2018-04-17,159.1999969482422,163.9499969482422,159.1999969482422,161.9499969482422,150.85533142089844,27487
2018-04-18,163.0500030517578,165.5,161.10000610351562,162.9499969482422,151.7868194580078,164138
2018-04-19,162.0500030517578,164.75,157.25,158.75,147.8745574951172,24451
2018-04-20,158.75,160.0500030517578,155.0500030517578,158.64999389648438,147.78140258789062,36340
2018-04-23,159.6999969482422,162.75,155.0,156.14999389648438,145.45266723632812,54357
2018-04-24,157.14999389648438,163.64999389648438,156.25,161.75,150.66905212402344,29836
2018-04-25,161.0,163.0,155.35000610351562,156.8000030517578,146.05813598632812,12644
2018-04-26,157.14999389648438,159.4499969482422,146.64999389648438,152.85000610351562,142.37875366210938,28560
2018-04-27,152.1999969482422,160.85000610351562,151.14999389648438,152.75,142.2855987548828,43380
2018-04-30,153.0,155.60000610351562,151.25,154.3000030517578,143.72940063476562,25774
2018-05-02,148.6999969482422,159.85000610351562,148.6999969482422,154.3000030517578,143.72940063476562,73579
2018-05-03,154.3000030517578,154.3000030517578,147.0500030517578,150.0,139.72398376464844,16726
2018-05-04,148.1999969482422,151.0,146.10000610351562,147.14999389648438,137.06922912597656,28146
2018-05-07,147.5,149.8000030517578,142.0500030517578,144.9499969482422,135.0199432373047,16478
2018-05-08,146.89999389648438,149.60000610351562,144.0,144.85000610351562,134.9268035888672,7697
2018-05-09,144.60000610351562,146.75,141.0,142.89999389648438,133.1103973388672,11578
2018-05-10,143.14999389648438,144.75,138.10000610351562,140.8000030517578,131.1542510986328,15308
2018-05-11,141.0500030517578,142.0,138.0,139.1999969482422,129.66384887695312,6907
2018-05-14,139.10000610351562,139.75,132.9499969482422,134.0500030517578,124.8666763305664,114865
2018-05-15,135.5,141.0,134.5,137.75,128.31321716308594,12615
2018-05-16,138.1999969482422,139.0,134.10000610351562,134.75,125.51870727539062,43859
2018-05-17,134.0500030517578,136.25,134.0500030517578,134.39999389648438,125.19269561767578,30983
2018-05-18,134.4499969482422,138.9499969482422,134.10000610351562,134.4499969482422,125.23926544189453,41501
2018-05-21,134.35000610351562,138.89999389648438,129.1999969482422,131.0,122.0256118774414,21885
2018-05-22,131.6999969482422,133.10000610351562,129.0,130.0500030517578,121.14069366455078,24195
2018-05-23,130.0,135.75,128.9499969482422,130.25,121.32699584960938,23563
2018-05-24,131.4499969482422,131.4499969482422,129.0,129.64999389648438,120.76809692382812,14603
2018-05-25,129.9499969482422,131.0,128.0,129.14999389648438,120.30235290527344,17052
2018-05-28,128.5,134.5500030517578,128.5,133.39999389648438,124.26119232177734,19675
2018-05-29,133.5,143.5,131.25,136.5500030517578,127.1954116821289,92406
2018-05-30,136.9499969482422,142.0,136.0,137.6999969482422,128.26661682128906,45192
2018-05-31,138.4499969482422,142.0,132.85000610351562,134.6999969482422,125.4721450805664,50592
2018-06-01,135.14999389648438,138.5,132.0500030517578,132.85000610351562,123.74888610839844,25431
2018-06-04,134.9499969482422,135.0500030517578,128.10000610351562,130.39999389648438,121.46672058105469,29976
2018-06-05,131.35000610351562,131.35000610351562,108.5999984741211,116.19999694824219,108.23951721191406,91220
2018-06-06,123.0,124.0,116.30000305175781,119.94999694824219,111.73261260986328,514653
2018-06-07,123.0,130.25,121.44999694824219,127.9000015258789,119.13799285888672,27035
2018-06-08,127.05000305175781,131.89999389648438,126.44999694824219,128.35000610351562,119.55716705322266,16147
2018-06-11,129.5,132.14999389648438,121.69999694824219,122.94999694824219,114.52709197998047,100004
2018-06-12,122.94999694824219,125.0,120.05000305175781,123.30000305175781,114.85311889648438,133923
2018-06-13,123.80000305175781,125.0,122.80000305175781,123.44999694824219,114.99283599853516,6424
2018-06-14,124.0999984741211,126.6500015258789,121.6500015258789,122.9000015258789,114.48052215576172,18128
2018-06-15,123.0,126.0,121.0,122.30000305175781,113.921630859375,28889
2018-06-18,122.05000305175781,125.0,122.05000305175781,124.69999694824219,116.15721130371094,9742
2018-06-19,124.0,125.75,121.5,123.55000305175781,115.08599853515625,84818
2018-06-20,123.0999984741211,124.05000305175781,122.0,122.3499984741211,113.96820068359375,5343
2018-06-21,122.44999694824219,124.0999984741211,121.80000305175781,122.0999984741211,113.7353286743164,8459
2018-06-22,122.44999694824219,125.0,121.5,122.69999694824219,114.2942123413086,9108
2018-06-25,122.8499984741211,123.44999694824219,120.0,120.30000305175781,112.05863952636719,13595
2018-06-26,120.25,120.30000305175781,115.0,116.05000305175781,108.09980010986328,24440
2018-06-27,116.30000305175781,120.69999694824219,112.80000305175781,115.25,107.35459899902344,46419
2018-06-28,115.4000015258789,115.75,113.0999984741211,113.4000015258789,105.63134002685547,15275
2018-06-29,113.30000305175781,116.9000015258789,112.6500015258789,114.30000305175781,106.46968078613281,8162
2018-07-02,114.55000305175781,115.0,106.6500015258789,108.19999694824219,100.78756713867188,28646
2018-07-03,109.0,112.0,104.5,105.05000305175781,97.8533706665039,75936
2018-07-04,105.05000305175781,106.0,100.6500015258789,101.05000305175781,94.12739562988281,30801
2018-07-05,101.55000305175781,105.0,90.55000305175781,93.19999694824219,86.8151626586914,220230
2018-07-06,93.25,94.5,87.0,90.05000305175781,83.88097381591797,152874
2018-07-09,90.30000305175781,98.19999694824219,89.5,92.19999694824219,85.88367462158203,50308
2018-07-10,92.30000305175781,97.4000015258789,92.30000305175781,95.0999984741211,88.58500671386719,34671
2018-07-11,95.25,96.0999984741211,91.5,93.0999984741211,86.7220230102539,23064
2018-07-12,92.05000305175781,94.9000015258789,92.05000305175781,94.1500015258789,87.7000961303711,49230
2018-07-13,93.0999984741211,94.55000305175781,88.9000015258789,90.3499984741211,84.16041564941406,39088
2018-07-16,90.4000015258789,90.55000305175781,84.5,84.9000015258789,79.08378601074219,60077
2018-07-17,84.9000015258789,88.5999984741211,83.25,87.44999694824219,81.45907592773438,61978
2018-07-18,87.69999694824219,87.69999694824219,79.19999694824219,81.0,75.45095825195312,66952
2018-07-19,83.0,85.5,79.30000305175781,81.0,75.45095825195312,118798
2018-07-20,81.0,94.69999694824219,81.0,87.69999694824219,81.69195556640625,83313
2018-07-23,89.0,94.94999694824219,87.80000305175781,88.6500015258789,82.57688903808594,95396
2018-07-24,88.5,94.0,85.8499984741211,88.44999694824219,82.39057159423828,46816
2018-07-25,89.0,91.5,88.80000305175781,89.55000305175781,83.41522216796875,27338
2018-07-26,88.1500015258789,94.55000305175781,88.1500015258789,93.4000015258789,87.00147247314453,71736
2018-07-27,92.0,93.94999694824219,90.5,91.69999694824219,85.41793060302734,97355
2018-07-30,91.0999984741211,92.8499984741211,89.4000015258789,90.9000015258789,84.67274475097656,29387
2018-07-31,90.55000305175781,94.0999984741211,89.69999694824219,92.0999984741211,85.79052734375,76553
2018-08-01,90.94999694824219,93.8499984741211,90.5,91.3499984741211,85.09191131591797,67359
2018-08-02,91.9000015258789,93.69999694824219,89.75,90.0999984741211,83.92753601074219,58967
2018-08-03,93.9000015258789,98.5,89.05000305175781,97.05000305175781,90.40142822265625,72641
2018-08-06,95.5,104.4000015258789,95.5,100.80000305175781,93.89452362060547,48493
2018-08-07,101.94999694824219,105.0,97.0,98.44999694824219,91.70550537109375,51100
2018-08-08,98.44999694824219,100.5,95.05000305175781,96.25,89.65621948242188,22096
2018-08-09,95.6500015258789,97.1500015258789,92.94999694824219,94.0999984741211,87.65352630615234,141686
2018-08-10,94.1500015258789,98.0,93.0,97.3499984741211,90.68087005615234,30220
2018-08-13,96.05000305175781,96.1500015258789,92.0,93.55000305175781,87.14119720458984,29570
2018-08-14,93.0999984741211,94.3499984741211,91.94999694824219,92.5999984741211,86.25627136230469,27662
2018-08-16,95.0,95.0,91.3499984741211,91.80000305175781,85.5110855102539,26220
2018-08-17,92.3499984741211,93.30000305175781,89.0,90.0999984741211,83.92753601074219,24496
2018-08-20,90.05000305175781,90.94999694824219,87.1500015258789,88.05000305175781,82.01798248291016,11542
2018-08-21,87.05000305175781,88.8499984741211,84.5,85.05000305175781,79.2235107421875,23330
2018-08-23,86.19999694824219,92.4000015258789,85.1500015258789,88.3499984741211,82.29743957519531,56378
2018-08-24,89.0,90.0,83.0,83.80000305175781,78.05914306640625,33717
2018-08-27,84.05000305175781,87.1500015258789,83.0,84.0999984741211,78.33858489990234,16884
2018-08-28,83.55000305175781,84.80000305175781,82.0,82.75,77.08106231689453,17979
2018-08-29,82.1500015258789,85.0,80.0999984741211,80.30000305175781,74.79891204833984,112770
2018-08-30,80.30000305175781,84.5999984741211,80.30000305175781,81.0,75.45095825195312,44828
2018-08-31,81.69999694824219,84.94999694824219,80.55000305175781,83.19999694824219,77.500244140625,56952
2018-09-03,83.19999694824219,83.8499984741211,79.80000305175781,80.0,74.51946258544922,65973
2018-09-04,80.05000305175781,89.69999694824219,79.94999694824219,82.8499984741211,77.1742172241211,219442
2018-09-05,88.55000305175781,88.55000305175781,80.0999984741211,81.30000305175781,75.73040771484375,105221
2018-09-06,81.30000305175781,83.25,80.4000015258789,82.0999984741211,76.47560119628906,51754
2018-09-07,82.1500015258789,84.0999984741211,79.94999694824219,80.69999694824219,75.1715087890625,249343
2018-09-10,81.0,86.0,81.0,84.19999694824219,78.43172454833984,148222
2018-09-11,82.1500015258789,84.1500015258789,79.3499984741211,80.4000015258789,74.89205932617188,94240
2018-09-12,80.30000305175781,86.0,80.0,81.3499984741211,75.77696990966797,57815
2018-09-14,81.3499984741211,85.0,80.94999694824219,81.94999694824219,76.33587646484375,51392
2018-09-17,81.44999694824219,82.69999694824219,80.0,80.4000015258789,75.81722259521484,114405
2018-09-18,80.44999694824219,81.94999694824219,79.5999984741211,79.69999694824219,75.15711975097656,21313
2018-09-19,80.94999694824219,81.9000015258789,76.0,76.9000015258789,72.5167236328125,55541
2018-09-21,77.5999984741211,79.0,68.05000305175781,71.30000305175781,67.23592376708984,93462
2018-09-24,71.55000305175781,73.0,69.0,69.1500015258789,65.20846557617188,42540
2018-09-25,68.0999984741211,71.30000305175781,68.0999984741211,68.9000015258789,64.97271728515625,28894
2018-09-26,69.05000305175781,71.69999694824219,68.5999984741211,70.19999694824219,66.19861602783203,65777
2018-09-27,69.0999984741211,77.0,56.900001525878906,65.9000015258789,62.14371871948242,387634
2018-09-28,67.0,67.55000305175781,63.0,65.5,61.766517639160156,41133
2018-10-01,62.400001525878906,64.94999694824219,61.45000076293945,63.150001525878906,59.55046463012695,31740
2018-10-03,66.5,70.0,65.0999984741211,68.30000305175781,64.40692138671875,107179
2018-10-04,69.75,69.75,64.5,65.1500015258789,61.43647384643555,108161
2018-10-05,66.8499984741211,68.0,64.80000305175781,66.1500015258789,62.37946701049805,19279
2018-10-08,66.0,66.75,62.0,64.6500015258789,60.964969635009766,19076
2018-10-09,62.20000076293945,69.0,62.20000076293945,65.30000305175781,61.57792282104492,26558
2018-10-10,65.0,69.0,64.3499984741211,67.9000015258789,64.02972412109375,19186
2018-10-11,63.900001525878906,66.0,63.849998474121094,64.30000305175781,60.634918212890625,37597
2018-10-12,64.8499984741211,69.0,64.75,67.9000015258789,64.02972412109375,23655
2018-10-15,68.25,81.44999694824219,68.0999984741211,81.44999694824219,76.807373046875,124744
2018-10-16,91.05000305175781,97.69999694824219,91.05000305175781,97.69999694824219,92.1311264038086,368079
2018-10-17,105.69999694824219,107.44999694824219,100.0,102.94999694824219,97.08187866210938,533685
2018-10-19,99.0,99.0,92.69999694824219,92.69999694824219,87.41612243652344,42775
2018-10-22,86.0,87.0,83.44999694824219,83.44999694824219,78.69336700439453,20660
2018-10-23,76.0999984741211,88.55000305175781,76.0999984741211,83.25,78.50477600097656,139372
2018-10-24,86.0,88.0,83.30000305175781,86.0999984741211,81.19232177734375,77307
2018-10-25,85.69999694824219,87.0,81.69999694824219,85.94999694824219,81.05087280273438,50967
2018-10-26,86.80000305175781,90.94999694824219,82.5,85.3499984741211,80.48507690429688,52677
2018-10-29,86.94999694824219,92.4000015258789,85.6500015258789,88.80000305175781,83.73843383789062,42862
2018-10-30,88.5,92.80000305175781,85.9000015258789,86.75,81.8052749633789,23693
2018-10-31,86.55000305175781,88.0,82.5,86.69999694824219,81.75811767578125,12695
2018-11-01,86.55000305175781,89.5,85.0,88.69999694824219,83.64412689208984,16952
2018-11-02,88.94999694824219,92.30000305175781,88.0,90.05000305175781,84.91717529296875,17241
2018-11-05,92.5,92.5,89.0,90.8499984741211,85.67157745361328,8029
2018-11-06,90.05000305175781,93.0,90.0,90.6500015258789,85.48297119140625,7213
2018-11-07,91.94999694824219,93.0,91.0,91.9000015258789,86.66172790527344,1262
2018-11-09,93.0,93.0,86.0999984741211,88.69999694824219,83.64412689208984,8585
2018-11-12,90.0,93.0,88.55000305175781,89.5,84.39852142333984,4169
2018-11-13,88.6500015258789,90.94999694824219,88.5999984741211,90.0,84.87002563476562,5422
2018-11-14,91.0,91.0,87.30000305175781,90.3499984741211,85.2000732421875,5410
2018-11-15,90.0,91.9000015258789,88.1500015258789,89.0,83.9270248413086,8363
2018-11-16,88.5,93.0,88.30000305175781,92.9000015258789,87.60472106933594,24989
2018-11-19,93.3499984741211,93.4000015258789,88.5999984741211,89.6500015258789,84.53997039794922,5733
2018-11-20,89.0,90.5,88.0,88.4000015258789,83.3612289428711,3396
2018-11-21,89.0,89.94999694824219,86.0,86.80000305175781,81.85242462158203,12678
2018-11-22,88.0,91.0,85.1500015258789,88.19999694824219,83.17262268066406,17215
2018-11-26,88.19999694824219,90.55000305175781,85.0,87.5,82.51252746582031,23847
2018-11-27,86.0999984741211,88.0,86.0,86.30000305175781,81.38092803955078,5495
2018-11-28,88.5,88.5,84.19999694824219,85.0,80.155029296875,5918
2018-11-29,85.30000305175781,85.30000305175781,82.94999694824219,84.19999694824219,79.40061950683594,6165
2018-11-30,85.0,86.19999694824219,83.0,84.55000305175781,79.73067474365234,12982
2018-12-03,84.0,84.8499984741211,82.0,83.1500015258789,78.41047668457031,5896
2018-12-04,83.25,84.69999694824219,82.5999984741211,83.30000305175781,78.55192565917969,2881
2018-12-05,83.8499984741211,84.30000305175781,82.0,82.8499984741211,78.12757110595703,4476
2018-12-06,83.05000305175781,91.0999984741211,81.30000305175781,90.55000305175781,85.388671875,82323
2018-12-07,90.55000305175781,90.55000305175781,82.0999984741211,83.0999984741211,78.36332702636719,23113
2018-12-10,82.05000305175781,87.6500015258789,81.5999984741211,85.5,80.62652587890625,12303
2018-12-11,83.0,84.9000015258789,82.0,83.1500015258789,78.41047668457031,11216
2018-12-12,82.30000305175781,85.8499984741211,82.30000305175781,83.94999694824219,79.16487121582031,7645
2018-12-13,84.75,84.9000015258789,83.25,84.19999694824219,79.40061950683594,4358
2018-12-14,84.75,85.9000015258789,83.3499984741211,85.0,80.155029296875,2747
2018-12-17,84.0,85.94999694824219,83.5999984741211,83.69999694824219,78.92912292480469,4986
2018-12-18,83.44999694824219,84.3499984741211,82.80000305175781,82.94999694824219,78.22187042236328,11319
2018-12-19,83.80000305175781,84.5,83.0,84.30000305175781,79.49492645263672,4855
2018-12-20,84.30000305175781,85.0,83.0,83.94999694824219,79.16487121582031,3368
2018-12-21,83.94999694824219,87.0,83.4000015258789,85.69999694824219,80.81512451171875,10038
2018-12-24,85.0,85.8499984741211,83.5999984741211,83.69999694824219,78.92912292480469,6047
2018-12-26,84.75,84.8499984741211,83.0999984741211,84.05000305175781,79.25917053222656,1822
2018-12-27,84.94999694824219,85.80000305175781,82.30000305175781,83.05000305175781,78.31617736816406,18863
2018-12-28,83.94999694824219,91.69999694824219,82.5999984741211,89.30000305175781,84.20993041992188,44757
2018-12-31,90.0,92.0,89.0999984741211,90.3499984741211,85.2000732421875,32586
2019-01-01,90.05000305175781,91.0,83.0,84.94999694824219,80.10787200927734,34790
2019-01-02,84.44999694824219,88.5999984741211,81.0999984741211,84.6500015258789,79.82496643066406,90191
2019-01-03,84.05000305175781,88.0,83.0,85.44999694824219,80.57937622070312,14725
2019-01-04,85.3499984741211,85.94999694824219,84.30000305175781,84.69999694824219,79.87211608886719,5466
2019-01-07,85.44999694824219,85.9000015258789,84.05000305175781,84.25,79.4477767944336,4008
2019-01-08,84.3499984741211,84.94999694824219,84.0,84.19999694824219,79.40061950683594,4636
2019-01-09,85.0,85.6500015258789,83.30000305175781,83.8499984741211,79.07057189941406,3709
2019-01-10,84.94999694824219,85.0,83.0,83.80000305175781,79.02342987060547,3602
2019-01-11,83.25,84.94999694824219,83.1500015258789,83.5999984741211,78.83482360839844,2855
2019-01-14,83.1500015258789,85.0,83.1500015258789,83.9000015258789,79.11772155761719,3689
2019-01-15,84.05000305175781,86.05000305175781,84.0,84.25,79.4477767944336,18700
2019-01-16,84.05000305175781,84.55000305175781,83.0,83.3499984741211,78.59907531738281,20412
2019-01-17,83.55000305175781,84.69999694824219,83.5,84.30000305175781,79.49492645263672,2634
2019-01-18,83.19999694824219,85.0,83.0,83.05000305175781,78.31617736816406,4039
2019-01-21,82.0999984741211,84.9000015258789,82.0999984741211,82.55000305175781,77.84468078613281,4845
2019-01-22,83.0999984741211,83.0999984741211,82.25,82.25,77.56177520751953,1501
2019-01-23,83.0999984741211,83.94999694824219,82.25,82.55000305175781,77.84468078613281,3090
2019-01-24,82.1500015258789,82.30000305175781,81.0,81.1500015258789,76.52447509765625,22440
2019-01-25,82.0,82.9000015258789,81.05000305175781,81.30000305175781,76.66592407226562,2564
2019-01-28,81.0,82.19999694824219,80.8499984741211,81.1500015258789,76.52447509765625,11000
2019-01-29,80.30000305175781,81.4000015258789,80.30000305175781,81.1500015258789,76.52447509765625,50179
2019-01-30,81.44999694824219,82.0,81.0,81.25,76.61876678466797,45588
2019-01-31,82.94999694824219,82.94999694824219,81.0,81.4000015258789,76.76022338867188,2143
2019-02-01,81.0999984741211,82.0,81.05000305175781,81.0999984741211,76.4773178100586,5168
2019-02-04,82.55000305175781,82.55000305175781,81.0999984741211,81.44999694824219,76.807373046875,5633
2019-02-05,81.55000305175781,81.94999694824219,81.0,81.5,76.85452270507812,10129
2019-02-06,82.5,82.5,81.0,81.5,76.85452270507812,14582
2019-02-07,81.5,82.69999694824219,81.44999694824219,81.94999694824219,77.27887725830078,8444
2019-02-08,84.0,84.0,81.5,81.5999984741211,76.94882202148438,26511
2019-02-11,81.5999984741211,82.55000305175781,81.5999984741211,81.6500015258789,76.9959716796875,9705
2019-02-12,81.6500015258789,82.69999694824219,81.6500015258789,81.9000015258789,77.23172760009766,26464
2019-02-14,82.4000015258789,82.4000015258789,81.75,81.8499984741211,77.18456268310547,6768
2019-02-15,82.5,82.5,81.0,81.8499984741211,77.18456268310547,29009
2019-02-18,82.0,82.0,81.69999694824219,81.80000305175781,77.13742065429688,4428
2019-02-19,81.69999694824219,82.0999984741211,81.0999984741211,81.80000305175781,77.13742065429688,3047
2019-02-20,82.30000305175781,82.3499984741211,81.30000305175781,81.6500015258789,76.9959716796875,5641
2019-02-21,81.05000305175781,82.19999694824219,80.55000305175781,81.19999694824219,76.57161712646484,1794
2019-02-22,80.6500015258789,81.94999694824219,80.55000305175781,81.1500015258789,76.52447509765625,1423
2019-02-25,81.94999694824219,82.05000305175781,80.0,81.5999984741211,76.94882202148438,2432
2019-02-26,80.05000305175781,82.0,80.0,81.1500015258789,76.52447509765625,3001
2019-02-27,81.6500015258789,81.94999694824219,80.0,80.05000305175781,75.48717498779297,1558
2019-02-28,81.0,82.6500015258789,78.0,79.1500015258789,74.63847351074219,6180
2019-03-01,79.94999694824219,81.94999694824219,78.0,79.19999694824219,74.68562316894531,107135
2019-03-05,79.55000305175781,81.9000015258789,79.0,80.4000015258789,75.81722259521484,6634
2019-03-06,80.5,82.0,79.0999984741211,79.5,74.96852111816406,9053
2019-03-07,79.94999694824219,80.94999694824219,79.0999984741211,79.0999984741211,74.59132385253906,2085
2019-03-08,80.3499984741211,80.44999694824219,78.69999694824219,78.80000305175781,74.30842590332031,5110
2019-03-11,79.0,83.0,79.0,80.5,75.9115219116211,598363
2019-03-12,81.6500015258789,81.8499984741211,80.0,80.80000305175781,76.19441986083984,593487
2019-03-13,81.80000305175781,81.9000015258789,79.0999984741211,80.25,75.67576599121094,171208
2019-03-14,80.44999694824219,80.8499984741211,79.0,79.44999694824219,74.92137145996094,21465
2019-03-15,80.80000305175781,80.80000305175781,69.94999694824219,73.6500015258789,69.45198059082031,344710
2019-03-18,72.30000305175781,80.0,72.30000305175781,74.94999694824219,70.67786407470703,96969
2019-03-19,74.5,75.80000305175781,73.55000305175781,74.5,70.2535171508789,5466
2019-03-20,74.1500015258789,75.0,71.44999694824219,73.05000305175781,68.88616943359375,30945
2019-03-22,73.94999694824219,73.94999694824219,70.0,70.55000305175781,66.52867889404297,17387
2019-03-25,70.0,70.19999694824219,68.0,69.1500015258789,65.20846557617188,16358
2019-03-26,68.80000305175781,71.0,68.80000305175781,69.30000305175781,65.34992218017578,28642
2019-03-27,69.94999694824219,70.0,69.0,69.6500015258789,65.67996215820312,51439
2019-03-28,69.0,70.5,68.55000305175781,68.9000015258789,64.97271728515625,23374
2019-04-01,69.69999694824219,71.9000015258789,69.30000305175781,70.5,66.48152160644531,9373
2019-04-02,70.80000305175781,72.0,70.05000305175781,70.5999984741211,66.57582092285156,13378
2019-04-03,70.5999984741211,72.25,70.5,70.75,66.71726989746094,2882
2019-04-04,71.5,71.6500015258789,70.0,70.9000015258789,66.85872650146484,5165
2019-04-05,71.5999984741211,72.0,70.19999694824219,72.0,67.8960189819336,3170
2019-04-08,72.05000305175781,74.5,71.9000015258789,73.30000305175781,69.1219253540039,21362
2019-04-09,72.3499984741211,73.5,70.6500015258789,71.05000305175781,67.00017547607422,11172
2019-04-10,71.75,71.80000305175781,69.5,69.69999694824219,65.72711181640625,12975
2019-04-11,70.4000015258789,70.4000015258789,68.0,69.25,65.30277252197266,13939
2019-04-12,69.8499984741211,72.0,66.0,67.75,63.888267517089844,42597
2019-04-15,69.0,71.05000305175781,67.9000015258789,69.9000015258789,65.91571807861328,57488
2019-04-16,69.80000305175781,71.0,68.94999694824219,69.6500015258789,65.67996215820312,18246
2019-04-18,70.0999984741211,70.0999984741211,67.5,68.3499984741211,64.45407104492188,12945
2019-04-22,68.69999694824219,68.94999694824219,67.0,67.5,63.652523040771484,8052
2019-04-23,67.4000015258789,67.94999694824219,66.1500015258789,66.8499984741211,63.0395622253418,12628
2019-04-24,67.5,67.5,66.19999694824219,66.55000305175781,62.75667190551758,14492
2019-04-25,66.6500015258789,66.6500015258789,64.5,65.0,61.295021057128906,9808
2019-04-26,65.6500015258789,71.5,53.29999923706055,66.05000305175781,62.28517150878906,77011
2019-04-30,66.69999694824219,67.0,63.400001525878906,64.55000305175781,60.87066650390625,20100
2019-05-02,64.0,65.0,62.54999923706055,63.29999923706055,59.691917419433594,13915
2019-05-03,63.29999923706055,65.0,60.04999923706055,62.0,58.46601867675781,10237
2019-05-06,62.04999923706055,65.25,60.0,65.05000305175781,61.34217071533203,21815
2019-05-07,64.3499984741211,65.1500015258789,61.150001525878906,62.54999923706055,58.98466491699219,3916
2019-05-08,62.0,63.0,60.0,61.45000076293945,57.947364807128906,10096
2019-05-09,61.0,63.0,61.0,61.5,57.99451446533203,4519
2019-05-10,62.04999923706055,63.5,61.25,62.599998474121094,59.03181457519531,7115
2019-05-13,61.150001525878906,63.25,60.099998474121094,60.599998474121094,57.145816802978516,6215
2019-05-14,60.04999923706055,61.95000076293945,55.95000076293945,59.150001525878906,55.77846908569336,5947
2019-05-15,59.5,59.70000076293945,56.95000076293945,57.95000076293945,54.64686965942383,4623
2019-05-16,57.54999923706055,60.79999923706055,57.0,60.0,56.58001708984375,3915
2019-05-17,59.54999923706055,60.79999923706055,59.5,60.150001525878906,56.72146987915039,5122
2019-05-20,61.900001525878906,63.0,60.04999923706055,61.95000076293945,58.41886901855469,8201
2019-05-21,61.599998474121094,65.0,61.54999923706055,64.0,60.35201644897461,15413
2019-05-22,63.04999923706055,71.0,61.0,69.44999694824219,65.49136352539062,31224
2019-05-23,69.5,72.44999694824219,65.30000305175781,67.30000305175781,63.46392059326172,18069
2019-05-24,66.6500015258789,69.0,66.5999984741211,68.0999984741211,64.21832275390625,7508
2019-05-27,69.05000305175781,69.05000305175781,65.19999694824219,68.05000305175781,64.17117309570312,34889
2019-05-28,68.0,69.8499984741211,67.05000305175781,69.25,65.30277252197266,2546
2019-05-29,68.05000305175781,69.0,66.30000305175781,67.9000015258789,64.02972412109375,16046
2019-05-30,67.1500015258789,68.5,63.79999923706055,66.9000015258789,63.08671951293945,5033
2019-05-31,66.94999694824219,68.55000305175781,66.94999694824219,68.0999984741211,64.21832275390625,3598
2019-06-03,68.0999984741211,69.0,66.05000305175781,68.3499984741211,64.45407104492188,9591
2019-06-04,68.05000305175781,68.05000305175781,66.0,67.25,63.416770935058594,3319
2019-06-06,71.0,71.0,65.94999694824219,66.75,62.94526672363281,12088
2019-06-07,65.44999694824219,67.8499984741211,65.0,66.1500015258789,62.37946701049805,10848
2019-06-10,66.1500015258789,67.9000015258789,66.0999984741211,66.94999694824219,63.13386154174805,2750
2019-06-11,67.75,67.75,65.0999984741211,65.44999694824219,61.71936798095703,1337
2019-06-12,66.8499984741211,66.8499984741211,65.05000305175781,66.05000305175781,62.28517150878906,1951
2019-06-13,65.05000305175781,65.94999694824219,64.0,64.5,60.823516845703125,1398
2019-06-14,64.5,65.69999694824219,64.0999984741211,64.75,61.059268951416016,2476
2019-06-17,64.05000305175781,64.8499984741211,63.0,63.099998474121094,59.50331497192383,1311
2019-06-18,63.099998474121094,63.95000076293945,61.29999923706055,63.20000076293945,59.597618103027344,9393
2019-06-19,63.04999923706055,63.849998474121094,56.099998474121094,58.79999923706055,55.44841766357422,6622
2019-06-20,59.849998474121094,60.900001525878906,57.95000076293945,59.95000076293945,56.532867431640625,4890
2019-06-21,60.0,60.900001525878906,59.099998474121094,60.599998474121094,57.145816802978516,1617
2019-06-24,61.54999923706055,62.0,59.0,60.400001525878906,56.957218170166016,1802
2019-06-25,59.099998474121094,59.29999923706055,58.0,58.29999923706055,54.9769172668457,5276
2019-06-26,58.400001525878906,60.54999923706055,58.099998474121094,59.849998474121094,56.43856430053711,2468
2019-06-27,61.0,61.0,56.599998474121094,57.04999923706055,53.79816436767578,20575
2019-06-28,58.849998474121094,58.900001525878906,56.099998474121094,57.150001525878906,53.8924674987793,9811
2019-07-01,63.0,63.0,56.20000076293945,57.04999923706055,53.79816436767578,10328
2019-07-02,56.650001525878906,57.900001525878906,55.25,57.150001525878906,53.8924674987793,7598
2019-07-03,56.0,57.849998474121094,54.150001525878906,54.95000076293945,51.817867279052734,18522
2019-07-04,54.150001525878906,55.70000076293945,54.099998474121094,55.45000076293945,52.28936767578125,6572
2019-07-05,55.900001525878906,61.95000076293945,55.5,55.95000076293945,52.760868072509766,24850
2019-07-08,56.45000076293945,61.0,55.0,55.349998474121094,52.19506072998047,6550
2019-07-09,55.04999923706055,59.0,54.5,56.349998474121094,53.138065338134766,8205
2019-07-10,58.0,65.80000305175781,53.04999923706055,53.54999923706055,50.49766540527344,150560
2019-07-11,60.849998474121094,64.25,60.0,64.25,60.587764739990234,942114
2019-07-12,68.4000015258789,77.0999984741211,67.5,77.0999984741211,72.705322265625,1526737
2019-07-15,88.4000015258789,92.5,83.30000305175781,90.0999984741211,84.96431732177734,3077859
2019-07-16,86.05000305175781,88.44999694824219,81.0999984741211,81.55000305175781,76.90167236328125,823969
2019-07-17,80.0,89.69999694824219,75.0999984741211,88.69999694824219,83.64412689208984,533639
2019-07-18,87.25,95.80000305175781,85.3499984741211,89.25,84.16278076171875,678801
2019-07-19,89.0,91.80000305175781,84.55000305175781,89.30000305175781,84.20993041992188,243286
2019-07-22,89.0,89.0,83.9000015258789,85.0999984741211,80.24932098388672,102115
2019-07-23,85.9000015258789,87.80000305175781,81.0999984741211,85.8499984741211,80.95658111572266,93769
2019-07-24,86.0,88.0,81.5,82.44999694824219,77.7503662109375,69642
2019-07-25,82.0999984741211,84.0,79.0,80.0,75.44002532958984,60752
2019-07-26,73.0,79.25,73.0,76.30000305175781,71.950927734375,80089
2019-07-29,73.5999984741211,74.94999694824219,70.5999984741211,74.30000305175781,70.06492614746094,58859
2019-07-30,74.4000015258789,81.4000015258789,74.05000305175781,78.3499984741211,73.88407135009766,122002
2019-07-31,78.30000305175781,83.5,75.0,80.75,76.14727020263672,94967
2019-08-01,80.55000305175781,83.0,77.05000305175781,78.4000015258789,73.93122100830078,70181
2019-08-02,78.9000015258789,81.5,76.0999984741211,79.5999984741211,75.06282043457031,41222
2019-08-05,79.94999694824219,79.94999694824219,72.19999694824219,76.8499984741211,72.46956634521484,24191
2019-08-06,76.94999694824219,79.4000015258789,76.25,77.44999694824219,73.03536224365234,31099
2019-08-07,77.9000015258789,80.5,76.0,79.69999694824219,75.15711975097656,55365
2019-08-08,79.0,80.8499984741211,78.30000305175781,79.1500015258789,74.63847351074219,20030
2019-08-09,80.0,80.0,76.0,76.3499984741211,71.9980697631836,19201
2019-08-13,77.0,80.94999694824219,74.0,74.69999694824219,70.4421157836914,76293
2019-08-14,75.0,77.80000305175781,75.0,75.4000015258789,71.10221862792969,15722
2019-08-16,76.0,78.0,74.0999984741211,75.6500015258789,71.33796691894531,17002
2019-08-19,76.0,77.94999694824219,74.0,74.94999694824219,70.67786407470703,19102
2019-08-20,75.0,75.5,73.0999984741211,73.6500015258789,69.45198059082031,14984
2019-08-21,74.0,78.25,73.5,76.5999984741211,73.22809600830078,78507
2019-08-22,77.80000305175781,79.0,73.0999984741211,76.3499984741211,72.98909759521484,77333
2019-08-23,75.5,77.5,73.94999694824219,75.4000015258789,72.08092498779297,32442
2019-08-26,77.0,77.5,73.0,73.5,70.26455688476562,23200
2019-08-27,74.94999694824219,75.0,71.19999694824219,72.05000305175781,68.87838745117188,30725
2019-08-28,72.75,79.25,72.0,76.5,73.13249206542969,208210
2019-08-29,78.0,78.80000305175781,73.0,73.69999694824219,70.45574951171875,30304
2019-08-30,74.0,74.80000305175781,73.0,73.5,70.26455688476562,14766
2019-09-03,73.0,73.80000305175781,70.1500015258789,72.5999984741211,69.4041748046875,31757
2019-09-04,72.94999694824219,74.0,71.0999984741211,71.69999694824219,68.54378509521484,10059
2019-09-05,72.44999694824219,73.05000305175781,71.30000305175781,71.8499984741211,68.68718719482422,44811
2019-09-06,72.5,73.3499984741211,71.44999694824219,71.8499984741211,68.68718719482422,31033
2019-09-09,71.25,72.0,69.0,69.19999694824219,66.15383911132812,32400
2019-09-11,69.25,71.9000015258789,69.25,70.5,67.39661407470703,23669
2019-09-12,70.0,71.75,69.5,70.9000015258789,67.77900695800781,25489
2019-09-13,69.94999694824219,72.5,69.5,71.55000305175781,68.40039825439453,37673
2019-09-16,71.5,71.5,68.0,69.44999694824219,66.39282989501953,26558
2019-09-17,69.94999694824219,70.9000015258789,67.05000305175781,67.9000015258789,64.91107177734375,19637
2019-09-18,68.69999694824219,69.1500015258789,67.05000305175781,68.94999694824219,65.91484069824219,24029
2019-09-19,68.94999694824219,69.44999694824219,67.5,68.05000305175781,65.0544662475586,19343
2019-09-20,69.0,74.5,67.69999694824219,70.05000305175781,66.96642303466797,48689
2019-09-23,70.05000305175781,74.0,70.0,70.30000305175781,67.2054214477539,31993
2019-09-24,69.0999984741211,72.5,69.0999984741211,71.69999694824219,68.54378509521484,11808
2019-09-25,71.5,71.5,70.0,70.30000305175781,67.2054214477539,11026
2019-09-26,70.3499984741211,71.9000015258789,68.0,71.0,67.87460327148438,24326
2019-09-27,70.1500015258789,71.69999694824219,69.30000305175781,71.3499984741211,68.20919036865234,12469
2019-09-30,71.0,72.0,70.0,70.75,67.63561248779297,7867
2019-10-01,71.4000015258789,71.8499984741211,69.0,70.0,66.91862487792969,14094
2019-10-03,70.44999694824219,70.5999984741211,67.75,69.5999984741211,66.5362319946289,20456
2019-10-04,70.0,70.80000305175781,68.9000015258789,69.5999984741211,66.5362319946289,33156
2019-10-07,69.94999694824219,70.5,69.44999694824219,70.0999984741211,67.01422119140625,5542
2019-10-09,70.8499984741211,80.25,69.30000305175781,73.4000015258789,70.16895294189453,153146
2019-10-10,74.8499984741211,77.0,72.25,73.0999984741211,69.88216400146484,49783
2019-10-11,74.05000305175781,78.0999984741211,73.0,74.30000305175781,71.02934265136719,55881
2019-10-14,78.0,89.1500015258789,78.0,85.8499984741211,82.07091522216797,408732
2019-10-15,90.0,91.94999694824219,73.4000015258789,77.75,74.32747650146484,982449
2019-10-16,77.0,78.0,70.6500015258789,72.0999984741211,68.92617797851562,148287
2019-10-17,75.0,75.0,71.0,72.3499984741211,69.16517639160156,76995
2019-10-18,72.8499984741211,73.80000305175781,70.0,71.19999694824219,68.0657958984375,90055
2019-10-22,71.30000305175781,73.94999694824219,69.05000305175781,70.1500015258789,67.06202697753906,45119
2019-10-23,69.5999984741211,74.80000305175781,69.0,72.69999694824219,69.49976348876953,1172731
2019-10-24,72.0,73.0,70.30000305175781,71.1500015258789,68.01800537109375,32055
2019-10-25,70.0,71.4000015258789,69.5,69.6500015258789,66.58403015136719,23603
2019-10-27,70.94999694824219,72.0,70.0,71.3499984741211,68.20919036865234,8530
2019-10-29,71.94999694824219,72.8499984741211,70.0,72.44999694824219,69.26077270507812,30219
2019-10-30,71.19999694824219,72.44999694824219,70.5999984741211,71.75,68.59159088134766,48425
2019-10-31,71.6500015258789,73.0,70.0,72.55000305175781,69.35637664794922,42665
2019-11-01,73.5,74.9000015258789,72.5,73.5,70.26455688476562,162904
2019-11-04,74.94999694824219,75.0,72.8499984741211,74.5,71.22053527832031,31036
2019-11-05,74.4000015258789,75.0,72.0,72.5999984741211,69.4041748046875,19731
2019-11-06,72.69999694824219,73.4000015258789,71.0,71.4000015258789,68.25699615478516,12930
2019-11-07,71.0,72.0,70.05000305175781,70.30000305175781,67.2054214477539,13281
2019-11-08,71.0,73.0,70.0999984741211,70.80000305175781,67.68341064453125,20553
2019-11-11,70.75,70.9000015258789,70.0999984741211,70.19999694824219,67.10981750488281,7154
2019-11-13,70.05000305175781,71.6500015258789,65.0,67.1500015258789,64.19408416748047,35289
2019-11-14,66.5,67.05000305175781,65.9000015258789,66.0,63.094703674316406,31427
2019-11-15,66.05000305175781,66.80000305175781,65.30000305175781,65.5,62.6167106628418,12257
2019-11-18,67.0,70.0,65.30000305175781,66.94999694824219,64.00287628173828,22735
2019-11-19,65.3499984741211,67.0,65.3499984741211,65.9000015258789,62.99910354614258,26394
2019-11-20,67.0,67.0,65.5,65.94999694824219,63.046897888183594,22520
2019-11-21,67.0,67.0,65.55000305175781,65.8499984741211,62.95130920410156,145523
2019-11-22,65.69999694824219,66.25,65.5,65.55000305175781,62.66451644897461,15694
2019-11-25,65.9000015258789,66.8499984741211,65.5999984741211,66.4000015258789,63.47709655761719,28940
2019-11-26,67.0,67.5,66.30000305175781,66.6500015258789,63.71609115600586,21168
2019-11-27,66.6500015258789,67.94999694824219,66.5,67.6500015258789,64.67207336425781,11523
2019-11-28,67.9000015258789,68.0999984741211,65.5,67.05000305175781,64.0984878540039,16144
2019-11-29,67.8499984741211,67.9000015258789,66.8499984741211,67.19999694824219,64.24188232421875,10215
2019-12-02,67.1500015258789,69.0,66.0,66.05000305175781,63.14250564575195,20853
2019-12-03,66.25,67.0,65.5,65.5,62.6167106628418,10846
2019-12-04,65.05000305175781,66.5999984741211,65.05000305175781,65.55000305175781,62.66451644897461,9858
2019-12-05,66.0,66.69999694824219,65.4000015258789,66.1500015258789,63.23810577392578,9661
2019-12-06,66.0,66.5999984741211,65.5,65.5999984741211,62.712310791015625,247241
2019-12-09,65.55000305175781,67.0,65.0,66.0,63.094703674316406,413627
2019-12-10,65.55000305175781,66.19999694824219,65.0,65.0999984741211,62.23432159423828,10560
2019-12-11,64.30000305175781,65.1500015258789,63.5,63.95000076293945,61.134944915771484,23011
2019-12-12,63.0,65.0,63.0,64.05000305175781,61.23054504394531,9486
2019-12-13,63.75,67.0,63.650001525878906,64.30000305175781,61.469539642333984,117284
2019-12-16,65.44999694824219,65.5999984741211,64.5999984741211,65.0999984741211,62.23432159423828,178167
2019-12-17,65.1500015258789,67.05000305175781,64.75,66.30000305175781,63.381500244140625,23230
2019-12-18,66.1500015258789,67.44999694824219,65.0,66.0,63.094703674316406,9205
2019-12-19,65.3499984741211,67.0,65.05000305175781,66.05000305175781,63.14250564575195,4914
2019-12-20,66.1500015258789,66.6500015258789,66.0,66.0,63.094703674316406,10963
2019-12-23,65.0999984741211,66.69999694824219,65.05000305175781,66.1500015258789,63.23810577392578,7906
2019-12-24,66.05000305175781,68.55000305175781,66.0,68.19999694824219,65.19786071777344,12776
2019-12-26,69.0,72.0,68.5,70.8499984741211,67.73120880126953,38379
2019-12-27,72.0,72.69999694824219,70.1500015258789,72.5,69.30857849121094,53759
2019-12-30,73.0,73.75,72.0999984741211,73.0,69.78656768798828,7921
2019-12-31,73.9000015258789,74.5,71.4000015258789,73.5,70.26455688476562,13951
2020-01-01,73.1500015258789,77.75,73.05000305175781,77.1500015258789,73.7538833618164,38274
2020-01-02,78.0,78.0,74.0,75.3499984741211,72.03311920166016,27387
2020-01-03,75.6500015258789,75.9000015258789,73.5,74.0,70.74254608154297,25235
2020-01-06,75.0,76.94999694824219,73.0,73.44999694824219,70.21675109863281,23297
2020-01-07,74.0,76.9000015258789,73.55000305175781,76.19999694824219,72.84569549560547,28751
2020-01-08,75.0,80.5999984741211,73.0,79.94999694824219,76.43062591552734,117048
2020-01-09,81.0,82.5999984741211,80.5,81.25,77.67340087890625,222889
2020-01-10,87.9000015258789,90.0,81.5,82.5999984741211,78.96397399902344,2039946
2020-01-13,83.0,83.8499984741211,77.69999694824219,78.69999694824219,75.23564910888672,219848
2020-01-14,79.55000305175781,79.55000305175781,74.75,75.5,72.176513671875,170956
2020-01-15,76.0,80.9000015258789,74.0,78.80000305175781,75.33126068115234,192037
2020-01-16,78.0,80.5,77.4000015258789,78.8499984741211,75.37904357910156,89398
2020-01-17,79.1500015258789,80.4000015258789,77.5,78.0,74.56646728515625,74603
2020-01-20,78.0999984741211,79.0,76.0,76.9000015258789,73.514892578125,52488
2020-01-21,76.05000305175781,77.9000015258789,76.05000305175781,77.25,73.84947967529297,69046
2020-01-22,78.0,78.44999694824219,75.0,75.30000305175781,71.9853286743164,61670
2020-01-23,74.0,76.30000305175781,74.0,75.1500015258789,71.84192657470703,35330
2020-01-24,74.0999984741211,76.05000305175781,74.0999984741211,74.55000305175781,71.26834106445312,42502
2020-01-27,75.75,76.9000015258789,74.0,74.8499984741211,71.55513000488281,54166
2020-01-28,75.44999694824219,75.5,73.0,73.25,70.02555847167969,26650
2020-01-29,74.0,74.5,73.0,73.30000305175781,70.0733642578125,29854
2020-01-30,73.44999694824219,73.80000305175781,72.6500015258789,73.0,69.78656768798828,23263
2020-01-31,74.0,74.0,71.6500015258789,71.9000015258789,68.73499298095703,28468
2020-02-03,70.0,71.0,68.0,68.8499984741211,65.81924438476562,34854
2020-02-04,68.0999984741211,76.0,68.0999984741211,74.55000305175781,71.26834106445312,74850
2020-02-05,75.0,75.0,72.0999984741211,73.4000015258789,70.16895294189453,36555
2020-02-06,73.4000015258789,73.9000015258789,71.69999694824219,72.25,69.069580078125,44289
2020-02-07,71.55000305175781,75.0,71.55000305175781,73.05000305175781,69.83436584472656,48532
2020-02-10,73.9000015258789,73.9000015258789,71.55000305175781,71.9000015258789,68.73499298095703,26847
2020-02-11,72.05000305175781,72.6500015258789,69.0,69.80000305175781,66.72743225097656,57027
2020-02-12,69.0,71.19999694824219,69.0,69.94999694824219,66.8708267211914,34306
2020-02-13,69.5,71.25,68.55000305175781,68.8499984741211,65.81924438476562,27211
2020-02-14,68.8499984741211,70.5,68.0,68.55000305175781,65.53245544433594,32574
2020-02-17,68.75,70.0999984741211,68.25,68.44999694824219,65.43685150146484,31615
2020-02-18,71.0,77.0,70.5,71.0999984741211,67.97019958496094,303360
2020-02-19,73.0,73.0,68.19999694824219,68.94999694824219,65.91484069824219,98902
2020-02-20,69.8499984741211,70.3499984741211,68.05000305175781,68.5,65.48465728759766,36517
2020-02-24,68.6500015258789,68.6500015258789,66.55000305175781,67.3499984741211,64.3852767944336,74482
2020-02-25,68.3499984741211,68.44999694824219,66.0,66.75,63.81168746948242,37328
2020-02-26,66.05000305175781,68.0,65.3499984741211,67.0,64.0506820678711,41363
2020-02-27,66.94999694824219,67.0,65.30000305175781,65.9000015258789,62.99910354614258,15905
2020-02-28,64.0,64.80000305175781,61.29999923706055,61.5,58.79279327392578,168035
2020-03-02,62.5,62.849998474121094,60.54999923706055,61.099998474121094,58.410396575927734,35331
2020-03-03,61.95000076293945,61.95000076293945,59.04999923706055,59.5,56.880828857421875,19715
2020-03-04,59.54999923706055,60.5,58.5,58.900001525878906,56.30724334716797,17129
2020-03-05,59.099998474121094,60.79999923706055,59.0,59.95000076293945,57.3110237121582,15248
2020-03-06,59.0,59.0,57.099998474121094,58.650001525878906,56.0682487487793,31244
2020-03-09,58.04999923706055,58.04999923706055,52.5,53.75,51.383941650390625,68924
2020-03-11,53.75,55.349998474121094,53.54999923706055,54.650001525878906,52.244327545166016,71596
2020-03-12,51.099998474121094,53.0,46.54999923706055,47.04999923706055,44.978878021240234,135579
2020-03-13,44.099998474121094,47.0,38.04999923706055,45.75,43.73609924316406,147117
2020-03-16,45.75,45.75,40.45000076293945,43.400001525878906,41.48954772949219,53390
2020-03-17,43.75,47.900001525878906,42.0,44.5,42.5411262512207,49883
2020-03-18,44.95000076293945,46.0,38.79999923706055,40.70000076293945,38.90840148925781,66596
2020-03-19,40.75,40.75,38.25,39.95000076293945,38.19141387939453,50151
2020-03-20,39.95000076293945,43.70000076293945,39.0,42.150001525878906,40.29457092285156,35373
2020-03-23,40.0,40.0,33.75,33.849998474121094,32.35993194580078,99199
2020-03-24,36.70000076293945,36.70000076293945,32.849998474121094,33.849998474121094,32.35993194580078,37054
2020-03-25,33.0,36.70000076293945,32.349998474121094,35.150001525878906,33.60271072387695,50681
2020-03-26,37.0,37.0,35.099998474121094,36.20000076293945,34.60648727416992,37856
2020-03-27,37.45000076293945,40.0,36.25,37.20000076293945,35.562469482421875,42655
2020-03-30,37.20000076293945,38.349998474121094,35.95000076293945,37.900001525878906,36.23165512084961,39371
2020-03-31,39.0,44.0,37.54999923706055,41.75,39.91218185424805,37401
2020-04-01,44.0,44.900001525878906,41.150001525878906,43.79999923706055,41.87194061279297,65937
2020-04-03,43.349998474121094,47.349998474121094,43.0,45.79999923706055,43.78390121459961,135945
2020-04-07,47.5,48.5,45.900001525878906,47.849998474121094,45.74365997314453,115415
2020-04-08,49.95000076293945,49.95000076293945,46.79999923706055,48.54999923706055,46.412845611572266,116972
2020-04-09,50.0,50.0,47.45000076293945,48.0,45.88705825805664,43147
2020-04-13,46.099998474121094,53.0,46.099998474121094,51.650001525878906,49.37638854980469,76348
2020-04-15,58.0,61.54999923706055,52.0,59.95000076293945,57.3110237121582,166052
2020-04-16,60.0,60.95000076293945,55.099998474121094,59.900001525878906,57.26322555541992,84619
2020-04-17,60.650001525878906,64.4000015258789,59.349998474121094,61.54999923706055,58.8405876159668,126053
2020-04-20,61.95000076293945,63.79999923706055,61.650001525878906,62.70000076293945,59.939971923828125,101753
2020-04-21,63.29999923706055,63.29999923706055,56.45000076293945,58.599998474121094,56.02044677734375,144735
2020-04-22,54.5,57.0,52.75,52.75,50.42796325683594,326026
2020-04-23,51.099998474121094,54.0,48.20000076293945,48.900001525878906,46.747440338134766,334719
2020-04-24,48.5,49.0,46.5,47.70000076293945,45.60026550292969,100303
2020-04-27,48.79999923706055,49.0,46.599998474121094,46.900001525878906,44.835479736328125,53489
2020-04-28,47.900001525878906,47.900001525878906,45.75,46.099998474121094,44.07069396972656,48927
2020-04-29,46.5,46.75,44.900001525878906,45.29999923706055,43.305908203125,78790
2020-04-30,47.5,47.54999923706055,45.54999923706055,47.45000076293945,45.36126708984375,84704
2020-05-04,46.349998474121094,46.95000076293945,45.099998474121094,45.650001525878906,43.640506744384766,123727
2020-05-05,46.0,46.5,44.25,44.75,42.780120849609375,50817
2020-05-06,45.45000076293945,45.95000076293945,44.0,45.54999923706055,43.54490280151367,35120
2020-05-07,45.04999923706055,46.0,43.849998474121094,44.099998474121094,42.15873336791992,132092
2020-05-08,43.75,45.75,43.75,44.599998474121094,42.636722564697266,35697
2020-05-11,45.75,45.75,43.0,43.25,41.34614944458008,55318
2020-05-12,43.5,45.400001525878906,43.349998474121094,45.400001525878906,43.40150833129883,67772
2020-05-13,47.650001525878906,47.650001525878906,45.5,46.29999923706055,44.26189041137695,128951
2020-05-14,47.599998474121094,47.599998474121094,44.79999923706055,45.349998474121094,43.35371017456055,24282
2020-05-15,46.0,46.0,44.75,45.5,43.497108459472656,12183
2020-05-18,45.900001525878906,46.0,43.29999923706055,43.599998474121094,41.68074417114258,47802
2020-05-19,43.599998474121094,44.79999923706055,42.5,42.75,40.868160247802734,46762
2020-05-20,42.79999923706055,43.599998474121094,42.0,42.04999923706055,40.198974609375,23228
2020-05-21,41.150001525878906,42.650001525878906,41.150001525878906,41.95000076293945,40.10337829589844,18387
2020-05-22,42.400001525878906,43.79999923706055,41.79999923706055,42.04999923706055,40.198974609375,24412
2020-05-26,42.0,42.79999923706055,41.0,41.75,39.91218185424805,17761
2020-05-27,42.5,43.79999923706055,41.75,43.75,41.82414245605469,31100
2020-05-28,44.0,45.75,42.599998474121094,43.400001525878906,41.48954772949219,25553
2020-05-29,41.79999923706055,44.70000076293945,41.79999923706055,44.04999923706055,42.110931396484375,31626
2020-06-01,44.04999923706055,45.70000076293945,43.45000076293945,44.599998474121094,42.636722564697266,34745
2020-06-02,44.599998474121094,46.79999923706055,44.25,46.79999923706055,44.7398796081543,38379
2020-06-03,49.099998474121094,49.099998474121094,48.150001525878906,48.70000076293945,46.556243896484375,59212
2020-06-04,50.0,51.099998474121094,49.0,51.099998474121094,48.85059356689453,80028
2020-06-05,52.0,53.650001525878906,52.0,53.650001525878906,51.28834915161133,72657
2020-06-08,55.900001525878906,56.29999923706055,54.20000076293945,56.29999923706055,53.821693420410156,40237
2020-06-09,59.099998474121094,59.099998474121094,54.099998474121094,56.29999923706055,53.821693420410156,217899
2020-06-10,58.0,58.0,53.5,54.849998474121094,52.43552017211914,60578
2020-06-11,52.5,57.54999923706055,52.5,56.150001525878906,53.67829895019531,68093
2020-06-12,54.04999923706055,58.0,53.900001525878906,57.5,54.968868255615234,65736
2020-06-15,59.0,59.95000076293945,57.099998474121094,57.75,55.20786666870117,61261
2020-06-16,58.04999923706055,60.599998474121094,57.0,58.70000076293945,56.11604690551758,183353
2020-06-17,60.0,60.95000076293945,57.599998474121094,57.900001525878906,55.35126495361328,81411
2020-06-18,59.0,59.900001525878906,58.099998474121094,59.04999923706055,56.45063781738281,68206
2020-06-19,60.0,62.0,59.099998474121094,62.0,59.270782470703125,62365
2020-06-22,65.0999984741211,65.0999984741211,64.0,65.0999984741211,62.23432159423828,38634
2020-06-23,68.3499984741211,68.3499984741211,68.3499984741211,68.3499984741211,65.34125518798828,13001
2020-06-24,71.75,71.75,64.94999694824219,70.4000015258789,67.30101776123047,131486
2020-06-25,73.80000305175781,73.9000015258789,67.0999984741211,70.75,67.63561248779297,256495
2020-06-26,68.4000015258789,71.5,67.25,67.94999694824219,64.9588623046875,143772
2020-06-29,65.0999984741211,70.0,64.80000305175781,68.94999694824219,65.91484069824219,81284
2020-06-30,69.94999694824219,70.4000015258789,65.5999984741211,67.0,64.0506820678711,138144
2020-07-01,68.05000305175781,68.5,66.30000305175781,66.5999984741211,63.66828918457031,34475
2020-07-02,68.0,68.0,65.8499984741211,66.5999984741211,63.66828918457031,35595
2020-07-03,66.5999984741211,69.9000015258789,66.55000305175781,69.75,66.67962646484375,131981
2020-07-06,70.05000305175781,73.19999694824219,70.0,72.4000015258789,69.21297454833984,150068
2020-07-07,72.0,73.5,70.25,71.0,67.87460327148438,53446
2020-07-08,70.55000305175781,72.5,70.5,70.94999694824219,67.8268051147461,25843
2020-07-09,70.5,71.94999694824219,69.6500015258789,70.05000305175781,66.96642303466797,34357
2020-07-10,70.5999984741211,73.19999694824219,67.0999984741211,69.25,66.20164489746094,255460
2020-07-13,71.3499984741211,72.5,70.1500015258789,71.5999984741211,68.44819641113281,96453
2020-07-14,73.69999694824219,75.1500015258789,72.1500015258789,75.1500015258789,71.84192657470703,241594
2020-07-15,76.0,78.9000015258789,72.0,73.0999984741211,69.88216400146484,343696
2020-07-16,76.75,76.75,76.75,76.75,73.37149810791016,117707
2020-07-17,80.55000305175781,80.55000305175781,74.3499984741211,76.6500015258789,73.27589416503906,433742
2020-07-20,80.3499984741211,80.44999694824219,77.80000305175781,80.44999694824219,76.90861511230469,183393
2020-07-21,84.44999694824219,84.44999694824219,84.44999694824219,84.44999694824219,80.73253631591797,62289
2020-07-22,88.6500015258789,88.6500015258789,86.5999984741211,88.6500015258789,84.74766540527344,280481
2020-07-23,89.44999694824219,91.94999694824219,85.30000305175781,90.0999984741211,86.13382720947266,425621
2020-07-24,92.0,94.5999984741211,89.0,94.5999984741211,90.43573760986328,473672
2020-07-27,95.80000305175781,96.0,89.9000015258789,89.9000015258789,85.94263458251953,300541
2020-07-28,90.0,92.94999694824219,86.0,87.44999694824219,83.60047912597656,162985
2020-07-29,88.0,88.0,83.5999984741211,84.80000305175781,81.067138671875,86244
2020-07-30,86.4000015258789,89.0,84.55000305175781,89.0,85.0822525024414,104025
2020-07-31,90.0,92.75,84.55000305175781,85.25,81.49732971191406,195519
2020-08-03,85.5,88.44999694824219,84.05000305175781,87.19999694824219,83.36148834228516,84170
2020-08-04,87.19999694824219,91.55000305175781,85.9000015258789,89.5,85.56024169921875,168091
2020-08-05,89.5,90.5999984741211,87.0,89.6500015258789,85.70364379882812,69707
2020-08-06,89.19999694824219,91.5999984741211,88.05000305175781,89.8499984741211,85.89483642578125,67756
2020-08-07,93.4000015258789,104.0,93.30000305175781,98.0999984741211,93.78166961669922,1329278
2020-08-10,100.0999984741211,106.5,100.0999984741211,105.6500015258789,100.99932861328125,367855
2020-08-11,108.94999694824219,108.94999694824219,101.25,102.19999694824219,97.70118713378906,174018
2020-08-12,105.0,105.5,97.4000015258789,98.5999984741211,94.25965881347656,150676
2020-08-13,98.5999984741211,103.4000015258789,98.5,101.5999984741211,97.12760925292969,133138
2020-08-14,103.5999984741211,103.5999984741211,93.6500015258789,97.75,93.44708251953125,151902
2020-08-17,101.0,101.0,98.0,99.9000015258789,95.50244140625,82039
2020-08-18,102.4000015258789,110.94999694824219,100.05000305175781,107.3499984741211,102.6244888305664,368321
2020-08-19,108.0,108.44999694824219,100.05000305175781,105.55000305175781,103.80465698242188,201633
2020-08-20,102.0,106.6500015258789,102.0,103.0999984741211,101.3951644897461,107045
2020-08-21,103.3499984741211,104.69999694824219,102.0,102.5,100.80508422851562,80195
2020-08-24,104.94999694824219,105.0,98.6500015258789,101.1500015258789,99.47740936279297,157477
2020-08-25,101.1500015258789,103.9000015258789,99.25,103.30000305175781,101.59185791015625,128238
2020-08-26,104.0,104.5999984741211,102.05000305175781,103.55000305175781,101.83772277832031,54310
2020-08-27,105.0,108.44999694824219,102.69999694824219,106.4000015258789,104.64059448242188,135024
2020-08-28,106.5999984741211,107.69999694824219,103.0,103.55000305175781,101.83772277832031,58987
2020-08-31,107.80000305175781,107.80000305175781,94.0,98.44999694824219,96.82205200195312,126087
2020-09-01,98.05000305175781,103.0,85.69999694824219,91.9000015258789,90.38036346435547,148334
2020-09-02,92.19999694824219,100.0,92.19999694824219,98.0,96.3794937133789,59445
2020-09-03,99.30000305175781,101.75,96.0,96.19999694824219,94.60926055908203,55710
2020-09-04,92.80000305175781,96.0,92.4000015258789,94.55000305175781,92.9865493774414,29103
2020-09-07,95.0,96.30000305175781,91.9000015258789,92.30000305175781,90.77375030517578,41905
2020-09-08,92.4000015258789,94.94999694824219,91.0,91.75,90.23284149169922,37782
2020-09-09,91.75,93.0,85.0,86.0999984741211,84.67626953125,105272
2020-09-10,90.80000305175781,93.5999984741211,87.55000305175781,90.94999694824219,89.4460678100586,72715
2020-09-11,91.1500015258789,95.44999694824219,91.1500015258789,92.94999694824219,91.41300201416016,46391
2020-09-14,94.69999694824219,96.44999694824219,93.0,93.3499984741211,91.80638885498047,34453
2020-09-15,96.44999694824219,96.44999694824219,91.5,92.8499984741211,91.31465148925781,35722
2020-09-16,96.0999984741211,97.0,93.0,93.75,92.19977569580078,73108
2020-09-17,93.80000305175781,95.30000305175781,91.5,92.1500015258789,90.62622833251953,37953
2020-09-18,94.0,94.4000015258789,92.25,93.44999694824219,91.90473175048828,25331
2020-09-21,94.0,94.69999694824219,87.6500015258789,89.4000015258789,87.92170715332031,37336
2020-09-22,89.0,98.0,85.0,90.8499984741211,89.34772491455078,111080
2020-09-23,90.5,91.6500015258789,86.55000305175781,87.3499984741211,85.90560150146484,42438
2020-09-24,86.0,86.9000015258789,83.55000305175781,84.75,83.34859466552734,42748
2020-09-25,86.0,87.69999694824219,85.4000015258789,86.55000305175781,85.11883544921875,30041
2020-09-28,86.94999694824219,90.0,86.0,87.8499984741211,86.39733123779297,20865
2020-09-29,88.55000305175781,89.19999694824219,86.80000305175781,87.0,85.56138610839844,15491
2020-09-30,87.94999694824219,88.80000305175781,86.0,86.30000305175781,84.87297058105469,19204
2020-10-01,86.30000305175781,88.5,86.0,87.80000305175781,86.34815979003906,29940
2020-10-05,87.80000305175781,92.6500015258789,87.05000305175781,92.05000305175781,90.52788543701172,47607
2020-10-06,93.0,110.44999694824219,93.0,110.44999694824219,108.62361907958984,562235
2020-10-07,115.9000015258789,125.0,100.30000305175781,102.9000015258789,101.19847106933594,1487206
2020-10-08,102.0,119.5,102.0,116.75,114.81945037841797,974085
2020-10-09,118.0,119.5,112.0999984741211,116.8499984741211,114.91779327392578,469058
2020-10-12,123.9000015258789,140.1999969482422,121.0,137.35000610351562,135.07882690429688,3796001
2020-10-13,129.89999389648438,133.0,125.0,125.5999984741211,123.52310943603516,775751
2020-10-14,124.75,129.85000610351562,120.0999984741211,127.19999694824219,125.09664916992188,422937
2020-10-15,128.60000610351562,129.5,121.19999694824219,121.8499984741211,119.83511352539062,280297
2020-10-16,123.9000015258789,128.0,120.9000015258789,123.5999984741211,121.5561752319336,167691
2020-10-19,124.0,126.44999694824219,120.0999984741211,121.30000305175781,119.2942123413086,166598
2020-10-20,123.80000305175781,123.80000305175781,115.3499984741211,118.1500015258789,116.19630432128906,213676
2020-10-21,119.19999694824219,122.6500015258789,115.1500015258789,119.3499984741211,117.37645721435547,244366
2020-10-22,119.3499984741211,121.30000305175781,115.6500015258789,119.05000305175781,117.0814208984375,188824
2020-10-23,122.0,122.0,117.0,118.05000305175781,116.09795379638672,114696
2020-10-26,119.94999694824219,121.4000015258789,117.44999694824219,119.0,117.03224182128906,166873
2020-10-27,120.0,120.0,115.0,115.9000015258789,113.98350524902344,128798
2020-10-28,115.05000305175781,118.1500015258789,112.5,113.19999694824219,111.3281478881836,212953
2020-10-29,110.94999694824219,115.05000305175781,110.94999694824219,111.9000015258789,110.04965209960938,58781
2020-10-30,111.5999984741211,114.9000015258789,111.5,114.05000305175781,112.16410064697266,73378
2020-11-02,115.80000305175781,116.69999694824219,110.94999694824219,112.44999694824219,110.5905532836914,63864
2020-11-03,114.0,117.19999694824219,112.19999694824219,116.25,114.32772064208984,90573
2020-11-04,116.25,116.25,111.69999694824219,112.30000305175781,110.44303894042969,55806
2020-11-05,112.19999694824219,115.0,112.19999694824219,114.1500015258789,112.26244354248047,58696
2020-11-06,112.30000305175781,116.0999984741211,112.30000305175781,113.55000305175781,111.67237091064453,74884
2020-11-09,116.0,118.0,113.5999984741211,117.3499984741211,115.40953063964844,93902
2020-11-10,117.8499984741211,118.0,112.5,113.0999984741211,111.22980499267578,68352
2020-11-11,113.94999694824219,115.0,111.0999984741211,112.44999694824219,110.5905532836914,66503
2020-11-12,113.9000015258789,114.30000305175781,111.30000305175781,112.4000015258789,110.5413818359375,46811
2020-11-13,112.3499984741211,113.9000015258789,111.3499984741211,112.9000015258789,111.03311157226562,28134
2020-11-14,115.5999984741211,118.0,111.0,115.4000015258789,113.49177551269531,29915
2020-11-17,116.80000305175781,117.3499984741211,112.4000015258789,113.3499984741211,111.47566986083984,65510
2020-11-18,113.5999984741211,124.6500015258789,113.0,124.6500015258789,122.58882141113281,253040
2020-11-19,127.0,134.8000030517578,119.5,121.0999984741211,119.09751892089844,475574
2020-11-20,126.69999694824219,127.0,122.0,123.30000305175781,121.26114654541016,139176
2020-11-23,122.0,125.75,119.3499984741211,125.1500015258789,123.08055114746094,138868
2020-11-24,125.8499984741211,126.5,121.30000305175781,122.6500015258789,120.62188720703125,54957
2020-11-25,120.8499984741211,125.80000305175781,118.5999984741211,119.19999694824219,117.22893524169922,108409
2020-11-26,119.19999694824219,121.80000305175781,119.19999694824219,120.3499984741211,118.35991668701172,31693
2020-11-27,121.0,123.0,119.0,120.3499984741211,118.35991668701172,51838
2020-12-01,120.44999694824219,122.69999694824219,119.6500015258789,120.1500015258789,118.1632308959961,77543
2020-12-02,120.80000305175781,121.75,120.05000305175781,120.3499984741211,118.35991668701172,29040
2020-12-03,121.0,128.39999389648438,120.5999984741211,124.8499984741211,122.78550720214844,150623
2020-12-04,124.8499984741211,128.0,122.25,124.69999694824219,122.63798522949219,121147
2020-12-07,124.69999694824219,132.1999969482422,124.69999694824219,127.19999694824219,125.09664916992188,188225
2020-12-08,128.75,128.9499969482422,122.0,124.0999984741211,122.04791259765625,124030
2020-12-09,124.75,134.8000030517578,120.0,129.85000610351562,127.70283508300781,518311
2020-12-10,135.0,139.0,130.0,132.89999389648438,130.702392578125,401262
2020-12-11,133.89999389648438,134.8000030517578,127.5,128.25,126.12928771972656,144899
2020-12-14,129.8000030517578,132.6999969482422,124.30000305175781,125.4000015258789,123.326416015625,151477
2020-12-15,126.44999694824219,127.75,123.30000305175781,123.80000305175781,121.75287628173828,127887
2020-12-16,124.44999694824219,127.5999984741211,123.75,124.3499984741211,122.29377746582031,101604
2020-12-17,126.0,126.30000305175781,122.0999984741211,122.8499984741211,120.8185806274414,77480
2020-12-18,122.8499984741211,124.0,119.30000305175781,121.19999694824219,119.19586181640625,78737
2020-12-21,115.5,119.75,112.5999984741211,115.6500015258789,113.73764038085938,142706
2020-12-22,116.25,120.3499984741211,111.6500015258789,115.44999694824219,113.54094696044922,164515
2020-12-23,116.05000305175781,129.89999389648438,116.05000305175781,125.69999694824219,123.62145233154297,868296
2020-12-24,132.0,134.6999969482422,127.19999694824219,127.94999694824219,125.83424377441406,251622
2020-12-28,127.0,127.9000015258789,124.3499984741211,125.6500015258789,123.57228088378906,91240
2020-12-29,126.30000305175781,127.0,122.19999694824219,124.1500015258789,122.09708404541016,53018
2020-12-30,124.1500015258789,124.94999694824219,120.5999984741211,124.4000015258789,122.34295654296875,49138
2020-12-31,124.4000015258789,135.0,124.3499984741211,133.8000030517578,131.5875244140625,491811
2021-01-01,133.8000030517578,139.6999969482422,132.3000030517578,137.25,134.98046875,298537
2021-01-04,137.9499969482422,138.8000030517578,133.5500030517578,134.1999969482422,131.98089599609375,150678
2021-01-05,130.10000610351562,133.89999389648438,130.10000610351562,130.8000030517578,128.6371307373047,113515
2021-01-06,131.0,152.5,130.25,143.14999389648438,140.78289794921875,1231574
2021-01-07,149.0,151.8000030517578,145.0,146.35000610351562,143.92999267578125,392783
2021-01-08,147.4499969482422,162.0,146.9499969482422,154.25,151.69935607910156,1016291
2021-01-11,156.0,163.0,155.1999969482422,160.14999389648438,157.5017852783203,569082
2021-01-12,160.14999389648438,162.35000610351562,150.10000610351562,151.4499969482422,148.94566345214844,584349
2021-01-13,152.8000030517578,161.9499969482422,149.10000610351562,156.5500030517578,153.96133422851562,732766
2021-01-14,152.0,152.0,132.5,140.60000610351562,138.27508544921875,667550
2021-01-15,143.0,143.0,137.10000610351562,139.1999969482422,136.89822387695312,272231
2021-01-18,136.5,141.0,131.5,133.75,131.53834533691406,290091
2021-01-19,137.8000030517578,137.8000030517578,132.1999969482422,132.85000610351562,130.65322875976562,213269
2021-01-20,133.6999969482422,144.0,133.64999389648438,138.1999969482422,135.9147491455078,369747
2021-01-21,140.4499969482422,144.89999389648438,134.0,135.8000030517578,133.554443359375,204026
2021-01-22,135.85000610351562,136.89999389648438,131.10000610351562,132.60000610351562,130.40736389160156,103450
2021-01-25,133.1999969482422,133.6999969482422,126.0,126.6500015258789,124.55574798583984,129096
2021-01-27,127.6500015258789,129.4499969482422,118.5,120.05000305175781,118.06488800048828,170581
2021-01-28,120.69999694824219,127.80000305175781,119.1500015258789,125.75,123.6706314086914,147642
2021-01-29,129.9499969482422,132.5,125.6500015258789,127.19999694824219,125.09664916992188,180014
2021-02-01,127.19999694824219,138.60000610351562,121.80000305175781,136.14999389648438,133.89865112304688,329120
2021-02-02,137.25,138.0,131.64999389648438,135.60000610351562,133.35775756835938,118599
2021-02-03,136.6999969482422,138.10000610351562,133.6999969482422,134.75,132.5218048095703,73883
2021-02-04,135.0,140.0,134.4499969482422,136.0500030517578,133.80030822753906,90586
2021-02-05,136.75,137.6999969482422,132.6999969482422,133.35000610351562,131.14495849609375,68803
2021-02-08,134.0500030517578,135.25,127.69999694824219,128.9499969482422,126.81771087646484,103227
2021-02-09,130.89999389648438,134.5500030517578,129.8000030517578,132.1999969482422,130.01397705078125,152383
2021-02-10,132.89999389648438,135.0,131.0,132.4499969482422,130.2598419189453,118374
2021-02-11,132.5,135.0,131.10000610351562,131.85000610351562,129.66976928710938,62836
2021-02-12,131.8000030517578,134.35000610351562,130.5,133.3000030517578,131.0957794189453,54830
2021-02-15,133.3000030517578,133.3000030517578,129.39999389648438,130.10000610351562,127.94869995117188,81876
2021-02-16,130.8000030517578,131.6999969482422,128.0,128.85000610351562,126.71937561035156,59496
2021-02-17,129.5,130.3000030517578,125.5,127.1500015258789,125.04747772216797,125959
2021-02-18,127.80000305175781,129.6999969482422,123.0,124.44999694824219,122.39212036132812,144186
2021-02-19,125.0,128.6999969482422,124.5999984741211,125.69999694824219,123.62145233154297,80568
2021-02-22,126.3499984741211,126.3499984741211,122.55000305175781,123.8499984741211,121.80204772949219,79260
2021-02-23,122.5999984741211,126.0,122.5999984741211,123.55000305175781,121.50701141357422,43763
2021-02-24,124.19999694824219,125.5,122.3499984741211,123.0,120.96610260009766,37338
2021-02-25,124.9000015258789,127.94999694824219,123.69999694824219,125.19999694824219,123.12972259521484,121134
2021-02-26,124.0999984741211,125.55000305175781,122.0,122.25,120.22850036621094,71332
2021-03-01,124.0,127.55000305175781,122.0,123.55000305175781,121.50701141357422,183292
2021-03-02,122.5,126.0,122.5,125.0999984741211,123.0313720703125,86874
2021-03-03,126.94999694824219,127.9000015258789,125.0,125.30000305175781,123.22807312011719,89400
2021-03-04,124.55000305175781,126.94999694824219,124.05000305175781,125.6500015258789,123.57228088378906,50083
2021-03-05,123.4000015258789,127.25,122.1500015258789,123.0,120.96610260009766,116810
2021-03-08,123.6500015258789,128.39999389648438,122.80000305175781,126.69999694824219,124.60491943359375,98397
2021-03-09,127.9000015258789,131.5,125.69999694824219,126.5,124.4082260131836,244898
2021-03-10,127.4000015258789,129.0,125.05000305175781,125.55000305175781,123.47393798828125,60085
2021-03-12,127.30000305175781,127.5,123.55000305175781,123.94999694824219,121.900390625,69798
2021-03-15,125.3499984741211,125.3499984741211,113.5,119.69999694824219,117.72066497802734,193705
2021-03-16,121.5999984741211,121.5999984741211,117.30000305175781,118.1500015258789,116.19630432128906,92603
2021-03-17,118.0,119.4000015258789,113.05000305175781,116.9000015258789,114.96697235107422,142067
2021-03-18,117.3499984741211,120.44999694824219,114.9000015258789,117.30000305175781,115.36035919189453,90815
2021-03-19,117.5,118.44999694824219,113.5999984741211,116.75,114.81945037841797,86907
2021-03-22,118.0,118.0,112.9000015258789,114.5,112.60665893554688,102980
2021-03-23,113.5,116.5,113.05000305175781,115.1500015258789,113.24591064453125,47316
2021-03-24,114.9000015258789,115.8499984741211,112.0,112.94999694824219,111.08228302001953,61844
2021-03-25,114.0,115.9000015258789,110.0,111.80000305175781,109.95130157470703,68603
2021-03-26,113.80000305175781,113.80000305175781,109.94999694824219,110.4000015258789,108.57445526123047,76726
2021-03-30,110.44999694824219,112.80000305175781,110.44999694824219,111.6500015258789,109.80378723144531,69111
2021-03-31,110.5999984741211,121.0,110.5999984741211,119.75,117.76984405517578,157476
2021-04-01,123.5999984741211,125.75,121.1500015258789,124.55000305175781,122.49047088623047,121598
2021-04-05,126.0,126.0,118.80000305175781,121.25,119.24504089355469,48683
2021-04-06,123.9000015258789,125.5,120.55000305175781,120.9000015258789,118.90082550048828,54302
2021-04-07,121.3499984741211,124.8499984741211,120.0,121.05000305175781,119.04834747314453,60600
2021-04-08,121.1500015258789,123.9000015258789,119.5999984741211,120.3499984741211,118.35991668701172,41824
2021-04-09,120.0,131.0,118.44999694824219,127.4000015258789,125.29334259033203,164290
2021-04-12,128.39999389648438,128.39999389648438,119.0,121.4000015258789,119.39256286621094,169656
2021-04-13,122.0,126.4000015258789,121.55000305175781,124.69999694824219,122.63798522949219,81221
2021-04-15,125.0,127.3499984741211,122.0,124.6500015258789,122.58882141113281,81815
2021-04-16,128.0,135.25,125.55000305175781,131.0,128.8338165283203,863007
2021-04-19,130.5,138.0,126.0,136.60000610351562,134.34121704101562,454308
2021-04-20,139.9499969482422,141.64999389648438,130.39999389648438,132.0500030517578,129.866455078125,203859
2021-04-22,133.0,137.0,131.0,134.1999969482422,131.98089599609375,200847
2021-04-23,136.5,136.5,132.0,132.1999969482422,130.01397705078125,99495
2021-04-26,129.0,133.4499969482422,128.9499969482422,129.4499969482422,127.30944061279297,114410
2021-04-27,128.10000610351562,131.5,127.55000305175781,128.8000030517578,126.67019653320312,94985
2021-04-28,131.4499969482422,131.60000610351562,128.5500030517578,130.8000030517578,128.6371307373047,158979
2021-04-29,132.0,132.0,128.1999969482422,130.4499969482422,128.29290771484375,118340
2021-04-30,130.0,130.14999389648438,127.75,129.0,126.86688995361328,54596
2021-05-03,129.0,137.35000610351562,127.75,132.25,130.06314086914062,105197
2021-05-04,134.0,135.39999389648438,128.85000610351562,131.0500030517578,128.88299560546875,82740
2021-05-05,134.0,137.5,131.0500030517578,136.8000030517578,134.5379180908203,151256
2021-05-06,136.8000030517578,139.35000610351562,134.89999389648438,136.25,133.99700927734375,99723
2021-05-07,138.9499969482422,138.9499969482422,135.1999969482422,137.39999389648438,135.1279754638672,64399
2021-05-10,138.0,143.6999969482422,138.0,139.10000610351562,136.7998809814453,159614
2021-05-11,144.0,144.0,138.0,139.0,136.70152282714844,620617
2021-05-12,140.9499969482422,141.10000610351562,136.64999389648438,137.0500030517578,134.78378295898438,48096
2021-05-14,137.10000610351562,139.0,134.89999389648438,135.75,133.50526428222656,61908
2021-05-17,140.5,143.0,137.35000610351562,139.5,137.19326782226562,58176
2021-05-18,140.5,141.85000610351562,137.35000610351562,137.5500030517578,135.2755126953125,65184
2021-05-19,138.89999389648438,144.85000610351562,138.0500030517578,142.8000030517578,140.43869018554688,145788
2021-05-20,143.6999969482422,144.75,138.64999389648438,143.10000610351562,140.73373413085938,80383
2021-05-21,143.10000610351562,148.85000610351562,142.8000030517578,146.35000610351562,143.92999267578125,172517
2021-05-24,146.5500030517578,149.5,146.3000030517578,147.64999389648438,145.20849609375,78086
2021-05-25,149.75,149.8000030517578,146.14999389648438,146.39999389648438,143.97915649414062,76788
2021-05-26,149.39999389648438,149.39999389648438,146.0,146.3000030517578,143.88082885742188,40662
2021-05-27,146.3000030517578,149.5,145.0500030517578,145.1999969482422,142.79901123046875,42442
2021-05-28,146.75,146.75,142.25,142.5500030517578,140.1928253173828,65798
2021-05-31,144.25,144.4499969482422,137.4499969482422,138.3000030517578,136.0131072998047,137582
2021-06-01,141.60000610351562,141.64999389648438,137.0,137.4499969482422,135.17715454101562,49871
2021-06-02,136.85000610351562,161.5,136.85000610351562,156.8000030517578,154.2071990966797,591866
2021-06-03,158.5,176.5,157.0,163.5,160.79640197753906,930954
2021-06-04,165.0,179.8000030517578,165.0,169.1999969482422,166.4021453857422,653858
2021-06-07,175.0,177.85000610351562,169.35000610351562,173.14999389648438,170.28683471679688,264715
2021-06-08,173.0,174.5500030517578,164.0500030517578,170.4499969482422,167.6314697265625,122809
2021-06-09,171.5,173.9499969482422,167.6999969482422,171.3000030517578,168.46742248535156,222497
2021-06-10,171.0,191.5,170.0500030517578,181.14999389648438,178.154541015625,809492
2021-06-11,182.5,189.6999969482422,177.0,180.5500030517578,177.56446838378906,269790
2021-06-14,182.0,182.0,168.8000030517578,173.0,170.13931274414062,165785
2021-06-15,174.0,178.4499969482422,170.8000030517578,171.39999389648438,168.56576538085938,105174
2021-06-16,169.5,172.8000030517578,165.25,167.25,164.48439025878906,101486
2021-06-17,168.0,174.75,165.0500030517578,167.0,164.238525390625,118183
2021-06-18,168.4499969482422,169.6999969482422,157.4499969482422,160.0500030517578,157.40345764160156,188629
2021-06-21,162.6999969482422,175.1999969482422,158.6999969482422,172.8000030517578,169.942626953125,174750
2021-06-22,175.10000610351562,175.9499969482422,171.0,172.35000610351562,169.50006103515625,115470
2021-06-23,173.0,174.35000610351562,168.9499969482422,170.1999969482422,167.38560485839844,56170
2021-06-24,171.5,175.0,166.0,167.35000610351562,164.58274841308594,56635
2021-06-25,168.9499969482422,172.4499969482422,166.4499969482422,170.89999389648438,168.07403564453125,47723
2021-06-28,172.0,175.0,170.3000030517578,173.75,170.8769073486328,78823
2021-06-29,175.64999389648438,182.85000610351562,172.85000610351562,181.1999969482422,178.20372009277344,258496
2021-06-30,182.64999389648438,188.0,180.10000610351562,182.89999389648438,179.8756103515625,238478
2021-07-01,184.0,186.5500030517578,180.0,181.60000610351562,178.59710693359375,80959
2021-07-02,183.5,189.89999389648438,182.0,183.60000610351562,180.5640411376953,219578
2021-07-05,189.39999389648438,189.39999389648438,180.3000030517578,182.5500030517578,179.53140258789062,97053
2021-07-06,183.9499969482422,184.1999969482422,176.0,176.89999389648438,173.97482299804688,70139
2021-07-07,178.60000610351562,186.89999389648438,177.8000030517578,183.0,179.9739532470703,189091
2021-07-08,184.9499969482422,186.5,176.5,178.35000610351562,175.40084838867188,93303
2021-07-09,178.5,186.35000610351562,175.8000030517578,184.25,181.2032928466797,98579
2021-07-12,186.6999969482422,195.0,186.6999969482422,189.1999969482422,186.07142639160156,419239
2021-07-13,193.4499969482422,194.9499969482422,191.0,192.3000030517578,189.12017822265625,205273
2021-07-14,194.6999969482422,206.0,194.6999969482422,204.1999969482422,200.82339477539062,686170
2021-07-15,206.6999969482422,206.6999969482422,198.4499969482422,200.60000610351562,197.28292846679688,283727
2021-07-16,201.6999969482422,206.0,199.0,200.4499969482422,197.13540649414062,186856
2021-07-19,200.4499969482422,205.0,180.8000030517578,184.4499969482422,181.3999786376953,625661
2021-07-20,187.25,187.25,177.39999389648438,181.85000610351562,178.8429718017578,291292
2021-07-22,182.0,187.5,181.85000610351562,186.5,183.41607666015625,148971
2021-07-23,188.9499969482422,188.9499969482422,184.0500030517578,185.5,182.4326171875,128136
2021-07-26,186.5,187.8000030517578,184.35000610351562,186.1999969482422,183.12103271484375,106324
2021-07-27,186.1999969482422,188.60000610351562,184.9499969482422,185.25,182.18675231933594,70507
2021-07-28,185.14999389648438,188.14999389648438,183.14999389648438,187.3000030517578,184.20285034179688,93948
2021-07-29,186.9499969482422,193.25,186.9499969482422,192.8000030517578,189.61190795898438,116923
2021-07-30,192.8000030517578,196.85000610351562,190.9499969482422,191.5,188.33340454101562,101379
2021-08-02,192.35000610351562,196.39999389648438,192.0500030517578,195.75,192.51312255859375,77428
2021-08-03,196.0,201.8000030517578,195.4499969482422,200.35000610351562,197.0370635986328,206294
2021-08-04,201.3000030517578,204.35000610351562,198.14999389648438,199.85000610351562,196.5453338623047,100219
2021-08-05,201.14999389648438,203.5500030517578,197.25,201.10000610351562,197.774658203125,126209
2021-08-06,202.6999969482422,204.0,199.0500030517578,202.10000610351562,198.7581329345703,87651
2021-08-09,202.0,230.0,200.5500030517578,225.3000030517578,221.57449340820312,1303157
2021-08-10,230.5,238.9499969482422,207.89999389648438,216.5500030517578,212.96917724609375,1380158
2021-08-11,218.5,219.4499969482422,204.0,212.4499969482422,208.93698120117188,250372
2021-08-12,213.5,228.5,213.5,221.5,217.8373260498047,271949
2021-08-13,223.5,250.0,218.10000610351562,240.89999389648438,236.91653442382812,545942
2021-08-16,249.6999969482422,255.9499969482422,240.0500030517578,241.89999389648438,237.89999389648438,532060
2021-08-17,239.5,239.64999389648438,224.75,229.35000610351562,229.35000610351562,234084
2021-08-18,229.35000610351562,236.75,223.5,225.1999969482422,225.1999969482422,166498
2021-08-20,223.0,225.1999969482422,215.4499969482422,217.3000030517578,217.3000030517578,128652
2021-08-23,221.60000610351562,221.85000610351562,210.64999389648438,211.10000610351562,211.10000610351562,113707
2021-08-24,215.0,248.5500030517578,213.9499969482422,230.0500030517578,230.0500030517578,524429
2021-08-25,233.0500030517578,237.5,225.0,225.3000030517578,225.3000030517578,93173
2021-08-26,225.0500030517578,228.6999969482422,222.64999389648438,223.5,223.5,71550
2021-08-27,222.64999389648438,225.10000610351562,220.39999389648438,221.5,221.5,62469
2021-08-30,222.0,231.0,222.0,229.9499969482422,229.9499969482422,113836
2021-08-31,230.0,234.0,225.10000610351562,230.39999389648438,230.39999389648438,100275
2021-09-01,232.25,233.0,225.0,226.0500030517578,226.0500030517578,49005
2021-09-02,226.0500030517578,226.0500030517578,219.39999389648438,219.85000610351562,219.85000610351562,78380
2021-09-03,221.14999389648438,225.3000030517578,219.39999389648438,220.4499969482422,220.4499969482422,64061
2021-09-06,224.5,230.0,220.14999389648438,221.39999389648438,221.39999389648438,84889
2021-09-07,224.8000030517578,224.8000030517578,219.89999389648438,220.25,220.25,42974
2021-09-08,224.0,224.3000030517578,220.0,220.8000030517578,220.8000030517578,29483
2021-09-09,219.64999389648438,235.0,219.64999389648438,228.60000610351562,228.60000610351562,221923
2021-09-13,231.0,231.85000610351562,226.64999389648438,230.4499969482422,230.4499969482422,174434
2021-09-14,232.9499969482422,235.0,228.64999389648438,231.35000610351562,231.35000610351562,154985
2021-09-15,234.6999969482422,241.0,231.5,239.4499969482422,239.4499969482422,306273
2021-09-16,241.89999389648438,245.5,236.0,237.0500030517578,237.0500030517578,152681
2021-09-17,237.1999969482422,238.89999389648438,228.0,236.10000610351562,236.10000610351562,83168
2021-09-20,239.0,239.0,212.8000030517578,221.8000030517578,221.8000030517578,82473
2021-09-21,221.9499969482422,229.6999969482422,216.10000610351562,228.25,228.25,120692
2021-09-22,229.0,234.14999389648438,223.0,225.8000030517578,225.8000030517578,79778
2021-09-23,231.0,233.0,225.0,227.35000610351562,227.35000610351562,71412
2021-09-24,229.5,229.60000610351562,220.5500030517578,223.64999389648438,223.64999389648438,60818
2021-09-27,221.5,226.0,220.10000610351562,222.89999389648438,222.89999389648438,46595
2021-09-28,224.0500030517578,237.0,220.6999969482422,232.9499969482422,232.9499969482422,140404
2021-09-29,237.0,243.39999389648438,233.0,241.6999969482422,241.6999969482422,256061
2021-09-30,242.9499969482422,259.0,238.5,254.25,254.25,331385
2021-10-01,256.0,305.1000061035156,242.5500030517578,293.6000061035156,293.6000061035156,3373182
2021-10-04,300.0,301.95001220703125,283.0,289.3999938964844,289.3999938964844,858255
2021-10-05,289.8999938964844,299.6000061035156,282.0,285.8500061035156,285.8500061035156,413368
2021-10-06,287.0,299.5,285.54998779296875,288.25,288.25,292212
2021-10-07,289.0,313.8999938964844,289.0,303.5,303.5,534851
2021-10-08,306.0,308.79998779296875,295.04998779296875,296.75,296.75,176733
2021-10-11,297.70001220703125,309.8999938964844,292.0,296.20001220703125,296.20001220703125,350727
2021-10-12,295.79998779296875,312.0,292.25,307.0,307.0,366432
2021-10-13,306.0,310.5,297.95001220703125,301.04998779296875,301.04998779296875,219098
2021-10-14,302.3999938964844,305.20001220703125,291.0,292.70001220703125,292.70001220703125,397528
2021-10-18,288.0,289.54998779296875,279.04998779296875,282.3500061035156,282.3500061035156,216615
2021-10-19,282.3500061035156,293.0,265.04998779296875,269.1000061035156,269.1000061035156,211682
2021-10-20,274.8500061035156,283.5,264.79998779296875,271.54998779296875,271.54998779296875,179909
2021-10-21,276.95001220703125,284.6499938964844,272.6499938964844,280.79998779296875,280.79998779296875,135125
2021-10-22,284.0,284.0,262.3500061035156,266.04998779296875,266.04998779296875,114506
2021-10-25,268.0,283.5,262.3500061035156,272.8500061035156,272.8500061035156,255431
2021-10-26,273.8999938964844,286.0,271.8999938964844,274.25,274.25,146948
2021-10-27,275.1000061035156,280.0,271.5,274.20001220703125,274.20001220703125,44461
2021-10-28,276.8999938964844,276.8999938964844,263.25,264.45001220703125,264.45001220703125,80414
2021-10-29,264.45001220703125,270.79998779296875,257.8999938964844,260.3500061035156,260.3500061035156,106965
2021-11-01,268.0,268.0,260.6000061035156,265.54998779296875,265.54998779296875,51724
2021-11-02,266.6499938964844,275.0,262.95001220703125,274.0,274.0,79049
2021-11-03,275.3999938964844,287.0,272.0,279.04998779296875,279.04998779296875,221358
2021-11-04,279.29998779296875,281.20001220703125,275.04998779296875,276.6499938964844,276.6499938964844,17471
2021-11-08,275.1000061035156,277.0,271.79998779296875,274.0,274.0,34600
2021-11-09,271.8500061035156,275.8999938964844,269.0,273.75,273.75,36346
2021-11-10,272.0,278.0,270.1499938964844,271.79998779296875,271.79998779296875,33286
2021-11-11,272.5,286.8999938964844,270.25,283.45001220703125,283.45001220703125,150044
2021-11-12,287.8999938964844,288.70001220703125,280.0,281.0,281.0,68049
2021-11-15,287.45001220703125,287.45001220703125,275.04998779296875,275.29998779296875,275.29998779296875,77832
2021-11-16,275.04998779296875,283.95001220703125,270.5,277.8999938964844,277.8999938964844,85800
2021-11-17,277.95001220703125,283.3999938964844,273.1000061035156,273.8500061035156,273.8500061035156,41671
2021-11-18,274.75,278.0,261.54998779296875,265.79998779296875,265.79998779296875,89264
2021-11-22,265.0,268.1499938964844,256.6000061035156,257.5,257.5,88373
2021-11-23,256.0,267.3999938964844,254.75,266.29998779296875,266.29998779296875,49375
2021-11-24,266.29998779296875,278.0,266.0,270.04998779296875,270.04998779296875,130386
2021-11-25,274.8999938964844,274.8999938964844,263.1000061035156,266.29998779296875,266.29998779296875,27286
2021-11-26,262.0,265.5,252.6999969482422,253.85000610351562,253.85000610351562,68036
2021-11-29,250.0,254.89999389648438,236.1999969482422,241.3000030517578,241.3000030517578,94899
2021-11-30,241.3000030517578,254.39999389648438,239.0,247.75,247.75,59750
2021-12-01,246.25,255.0,246.25,252.35000610351562,252.35000610351562,44888
2021-12-02,258.0,274.95001220703125,250.89999389648438,268.1499938964844,268.1499938964844,69610
2021-12-03,274.0,276.0,268.5,274.95001220703125,274.95001220703125,121131
2021-12-06,275.8999938964844,275.8999938964844,265.20001220703125,266.29998779296875,266.29998779296875,50882
2021-12-07,272.0,272.0,265.20001220703125,267.95001220703125,267.95001220703125,19573
2021-12-08,270.25,270.25,260.45001220703125,263.54998779296875,263.54998779296875,43111
2021-12-09,269.8999938964844,273.0,256.0,257.8999938964844,257.8999938964844,125694
2021-12-10,257.3500061035156,284.3500061035156,257.25,278.45001220703125,278.45001220703125,444242
2021-12-13,281.0,281.8999938964844,266.0,268.8999938964844,268.8999938964844,108584
2021-12-14,268.3999938964844,283.29998779296875,266.5,273.25,273.25,133852
2021-12-15,276.20001220703125,277.8999938964844,265.8500061035156,267.70001220703125,267.70001220703125,51001
2021-12-16,267.75,270.54998779296875,263.1000061035156,264.20001220703125,264.20001220703125,37468
2021-12-17,265.5,265.5,257.25,259.0,259.0,33173
2021-12-20,259.0,265.5,248.25,250.0,250.0,50083
2021-12-21,251.3000030517578,257.20001220703125,249.9499969482422,252.5500030517578,252.5500030517578,24501
2021-12-22,250.60000610351562,262.0,250.60000610351562,255.5500030517578,255.5500030517578,40729
2021-12-23,257.79998779296875,264.0,252.5500030517578,258.54998779296875,258.54998779296875,25066
2021-12-24,261.1000061035156,263.20001220703125,255.0,256.1000061035156,256.1000061035156,26252
2021-12-27,255.6999969482422,272.0,251.64999389648438,265.25,265.25,94764
2021-12-28,265.25,267.5,262.0,262.75,262.75,38009
2021-12-29,262.75,265.3999938964844,256.3500061035156,259.25,259.25,24063
2021-12-30,259.5,262.29998779296875,258.1000061035156,260.1000061035156,260.1000061035156,13957
2021-12-31,262.0,268.0,251.0500030517578,263.29998779296875,263.29998779296875,38904
2022-01-03,263.29998779296875,268.0,261.75,265.20001220703125,265.20001220703125,27248
2022-01-04,265.0,273.95001220703125,262.54998779296875,264.6499938964844,264.6499938964844,55839
2022-01-05,265.0,273.0,262.1499938964844,271.54998779296875,271.54998779296875,52747
2022-01-06,271.8999938964844,279.95001220703125,268.1000061035156,273.6499938964844,273.6499938964844,102686
2022-01-07,270.5,277.70001220703125,265.0,268.54998779296875,268.54998779296875,44527
2022-01-10,265.79998779296875,307.45001220703125,265.79998779296875,290.54998779296875,290.54998779296875,809841
2022-01-11,291.5,294.70001220703125,281.1499938964844,283.20001220703125,283.20001220703125,130253
2022-01-12,285.20001220703125,293.8999938964844,280.04998779296875,281.1000061035156,281.1000061035156,91009
2022-01-13,281.1000061035156,287.54998779296875,273.75,280.1499938964844,280.1499938964844,232424
2022-01-14,279.6499938964844,279.6499938964844,267.1499938964844,271.95001220703125,271.95001220703125,112143
2022-01-17,275.25,275.25,261.0,263.8500061035156,263.8500061035156,124309
2022-01-18,266.0,270.5,256.79998779296875,258.6499938964844,258.6499938964844,93136
2022-01-19,262.0,263.8500061035156,256.6499938964844,259.79998779296875,259.79998779296875,59999
2022-01-20,261.6000061035156,264.0,254.6999969482422,256.45001220703125,256.45001220703125,53222
2022-01-21,258.0,268.0,255.5500030517578,260.75,260.75,106683
2022-01-24,258.0,261.95001220703125,247.25,253.60000610351562,253.60000610351562,60736
2022-01-25,246.64999389648438,258.3500061035156,246.5,252.3000030517578,252.3000030517578,59762
2022-01-27,252.0,261.70001220703125,246.0,247.3000030517578,247.3000030517578,113932
2022-01-28,247.5,253.4499969482422,246.4499969482422,247.1999969482422,247.1999969482422,77508
2022-01-31,248.14999389648438,252.10000610351562,243.8000030517578,245.0500030517578,245.0500030517578,42842
2022-02-01,248.0,249.1999969482422,241.64999389648438,243.35000610351562,243.35000610351562,38839
2022-02-02,250.0,250.0,239.35000610351562,240.8000030517578,240.8000030517578,101013
2022-02-03,240.8000030517578,245.0500030517578,237.0,238.4499969482422,238.4499969482422,83658
2022-02-04,243.0,243.0,232.25,233.5,233.5,72926
2022-02-07,233.5,236.39999389648438,229.0,229.5500030517578,229.5500030517578,66036
2022-02-08,231.14999389648438,231.14999389648438,216.25,218.0500030517578,218.0500030517578,101512
2022-02-09,219.60000610351562,223.75,218.64999389648438,220.64999389648438,220.64999389648438,67251
2022-02-10,224.0,237.35000610351562,221.0,228.85000610351562,228.85000610351562,180891
2022-02-11,227.75,229.4499969482422,221.0,222.14999389648438,222.14999389648438,58739
2022-02-14,219.14999389648438,219.14999389648438,210.0,210.39999389648438,210.39999389648438,62366
2022-02-15,211.0,215.1999969482422,200.25,209.10000610351562,209.10000610351562,138236
2022-02-16,211.0,219.89999389648438,210.10000610351562,215.1999969482422,215.1999969482422,126688
2022-02-17,216.25,219.85000610351562,210.0,211.10000610351562,211.10000610351562,46145
2022-02-18,210.60000610351562,213.85000610351562,207.0,209.64999389648438,209.64999389648438,34871
2022-02-21,210.0500030517578,215.0,202.0,203.10000610351562,203.10000610351562,65130
2022-02-22,200.0,202.85000610351562,195.25,199.9499969482422,199.9499969482422,71650
2022-02-23,202.0500030517578,206.0,198.5,200.1999969482422,200.1999969482422,41219
2022-02-24,195.0,195.25,184.10000610351562,185.35000610351562,185.35000610351562,78675
2022-02-25,192.0,202.14999389648438,192.0,199.9499969482422,199.9499969482422,68045
2022-02-28,201.0,201.5,185.0500030517578,199.8000030517578,199.8000030517578,48411
2022-03-02,199.0,213.39999389648438,195.3000030517578,210.35000610351562,210.35000610351562,257034
2022-03-03,212.14999389648438,220.89999389648438,210.0500030517578,219.10000610351562,219.10000610351562,204976
2022-03-04,218.0,218.0,202.0,203.85000610351562,203.85000610351562,61309
2022-03-07,201.0,203.35000610351562,193.64999389648438,197.5,197.5,63425
2022-03-08,195.0,208.4499969482422,195.0,199.1999969482422,199.1999969482422,57701
2022-03-09,210.0,210.0,200.35000610351562,202.1999969482422,202.1999969482422,72254
2022-03-10,209.9499969482422,209.9499969482422,189.5500030517578,191.25,191.25,179282
2022-03-11,195.1999969482422,195.1999969482422,175.25,180.14999389648438,180.14999389648438,338540
2022-03-14,179.14999389648438,182.35000610351562,178.25,179.75,179.75,139774
2022-03-15,183.9499969482422,186.5,179.0,181.6999969482422,181.6999969482422,100574
2022-03-16,184.39999389648438,188.10000610351562,180.64999389648438,181.60000610351562,181.60000610351562,89934
2022-03-17,181.60000610351562,184.0,148.89999389648438,168.9499969482422,168.9499969482422,1447278
2022-03-21,172.60000610351562,172.9499969482422,163.0,170.6999969482422,170.6999969482422,299554
2022-03-22,170.60000610351562,183.60000610351562,168.5,182.75,182.75,236429
2022-03-23,184.4499969482422,192.0,181.1999969482422,183.9499969482422,183.9499969482422,173719
2022-03-24,184.0,196.35000610351562,183.3000030517578,193.5500030517578,193.5500030517578,244385
2022-03-25,196.5500030517578,199.0,184.25,185.85000610351562,185.85000610351562,166223
2022-03-28,187.35000610351562,187.35000610351562,181.64999389648438,182.64999389648438,182.64999389648438,83931
2022-03-29,184.0,184.0,174.25,176.6999969482422,176.6999969482422,111248
2022-03-30,179.89999389648438,182.6999969482422,176.0,177.14999389648438,177.14999389648438,72551
2022-03-31,177.0,179.4499969482422,169.25,173.3000030517578,173.3000030517578,139830
2022-04-01,176.0,186.0,173.25,183.1999969482422,183.1999969482422,239682
2022-04-04,188.6999969482422,198.6999969482422,188.64999389648438,197.89999389648438,197.89999389648438,211730
2022-04-05,199.0,204.0,199.0,201.89999389648438,201.89999389648438,150752
2022-04-06,203.5,207.14999389648438,199.0,203.39999389648438,203.39999389648438,94492
2022-04-07,203.39999389648438,207.5,196.3000030517578,197.4499969482422,197.4499969482422,82445
2022-04-08,196.14999389648438,226.6999969482422,196.14999389648438,213.4499969482422,213.4499969482422,1015516
2022-04-11,211.9499969482422,211.9499969482422,203.5,208.25,208.25,267825
2022-04-12,208.5,215.6999969482422,205.39999389648438,207.10000610351562,207.10000610351562,146867
2022-04-13,209.39999389648438,213.0,194.5,202.5,202.5,194930
2022-04-18,200.0,202.0500030517578,195.0,196.39999389648438,196.39999389648438,105991
2022-04-19,196.5,206.0500030517578,189.0,196.0,196.0,116534
2022-04-20,198.4499969482422,201.9499969482422,195.10000610351562,196.6999969482422,196.6999969482422,72119
2022-04-21,198.6999969482422,202.0,197.8000030517578,200.5500030517578,200.5500030517578,48706
2022-04-22,199.5,201.60000610351562,195.25,198.25,198.25,53129
2022-04-25,195.5,200.0,192.6999969482422,193.9499969482422,193.9499969482422,28908
2022-04-26,194.0,197.9499969482422,192.0,193.1999969482422,193.1999969482422,41537
2022-04-27,193.1999969482422,199.0,190.0,194.6999969482422,194.6999969482422,98077
2022-04-28,197.0,198.85000610351562,186.0,188.9499969482422,188.9499969482422,105371
2022-04-29,188.9499969482422,193.4499969482422,186.9499969482422,188.39999389648438,188.39999389648438,41459
2022-05-02,188.0,188.0,180.6999969482422,184.4499969482422,184.4499969482422,76166
2022-05-04,184.4499969482422,192.0,181.0,182.5,182.5,40901
2022-05-05,181.3000030517578,192.0,176.25,177.9499969482422,177.9499969482422,46419
2022-05-06,179.0,182.0,171.0,171.89999389648438,171.89999389648438,57077
2022-05-09,171.89999389648438,172.75,168.25,170.5500030517578,170.5500030517578,63038
2022-05-10,168.14999389648438,173.64999389648438,168.14999389648438,169.14999389648438,169.14999389648438,53214
2022-05-11,175.0,175.0,162.25,165.3000030517578,165.3000030517578,65734
2022-05-12,166.9499969482422,168.0,161.25,164.9499969482422,164.9499969482422,100088
2022-05-13,164.0,167.14999389648438,159.25,160.1999969482422,160.1999969482422,177424
2022-05-16,163.60000610351562,163.60000610351562,158.25,159.0,159.0,33388
2022-05-17,161.39999389648438,164.5,157.25,162.64999389648438,162.64999389648438,31408
2022-05-18,164.0,168.4499969482422,162.60000610351562,166.1999969482422,166.1999969482422,52762
2022-05-19,164.0,164.0,159.85000610351562,160.89999389648438,160.89999389648438,24289
2022-05-20,161.5500030517578,165.89999389648438,160.60000610351562,162.60000610351562,162.60000610351562,35288
2022-05-23,164.5,164.6999969482422,160.5500030517578,161.0,161.0,19977
2022-05-24,161.5,162.85000610351562,158.0,159.75,159.75,16306
2022-05-25,159.10000610351562,159.89999389648438,154.25,154.64999389648438,154.64999389648438,18791
2022-05-26,153.25,156.0,150.0,153.64999389648438,153.64999389648438,29160
2022-05-27,154.35000610351562,157.1999969482422,154.35000610351562,156.10000610351562,156.10000610351562,27476
2022-05-30,154.0,164.89999389648438,154.0,162.39999389648438,162.39999389648438,80751
2022-05-31,162.5,168.5500030517578,160.89999389648438,162.89999389648438,162.89999389648438,48851
2022-06-01,160.0500030517578,162.35000610351562,158.75,160.35000610351562,160.35000610351562,32682
2022-06-02,162.0,162.0,158.8000030517578,159.39999389648438,159.39999389648438,17694
2022-06-03,162.8000030517578,165.0500030517578,158.0,159.3000030517578,159.3000030517578,46706
2022-06-06,156.10000610351562,160.10000610351562,156.10000610351562,158.14999389648438,158.14999389648438,22286
2022-06-07,156.1999969482422,159.25,155.0,155.60000610351562,155.60000610351562,11156
2022-06-08,158.0,158.75,154.0,155.4499969482422,155.4499969482422,40143
2022-06-09,155.4499969482422,155.5,154.0,154.14999389648438,154.14999389648438,26980
2022-06-10,153.8000030517578,155.35000610351562,153.5,154.3000030517578,154.3000030517578,8400
2022-06-13,152.0,158.89999389648438,149.0,149.39999389648438,149.39999389648438,18942
2022-06-14,150.0,152.0,147.5,147.9499969482422,147.9499969482422,9705
2022-06-15,151.89999389648438,152.85000610351562,147.25,149.39999389648438,149.39999389648438,22411
2022-06-16,150.10000610351562,156.5,145.10000610351562,149.4499969482422,149.4499969482422,26052
2022-06-17,150.0,150.1999969482422,143.3000030517578,144.3000030517578,144.3000030517578,18313
2022-06-20,145.0,146.9499969482422,132.3000030517578,139.5500030517578,139.5500030517578,39080
2022-06-21,140.0,144.1999969482422,135.9499969482422,139.8000030517578,139.8000030517578,26107
2022-06-22,144.6999969482422,148.4499969482422,137.35000610351562,145.85000610351562,145.85000610351562,44648
2022-06-23,143.0,145.5500030517578,140.25,141.8000030517578,141.8000030517578,10048
2022-06-24,145.0,145.0,141.5,143.14999389648438,143.14999389648438,16796
2022-06-27,146.5,147.3000030517578,144.0,145.10000610351562,145.10000610351562,10164
2022-06-28,145.0,146.5500030517578,144.0500030517578,144.89999389648438,144.89999389648438,19457
2022-06-29,144.75,145.35000610351562,142.6999969482422,143.8000030517578,143.8000030517578,14981
2022-06-30,142.10000610351562,147.0,142.10000610351562,145.0,145.0,10683
2022-07-01,142.1999969482422,149.0,142.1999969482422,147.5,147.5,14766
2022-07-04,147.0,156.64999389648438,145.0,152.6999969482422,152.6999969482422,14908
2022-07-05,151.0,157.5,150.35000610351562,151.0,151.0,21449
2022-07-06,152.39999389648438,156.89999389648438,149.6999969482422,154.35000610351562,154.35000610351562,22153
2022-07-07,153.0,161.4499969482422,152.85000610351562,155.9499969482422,155.9499969482422,70599
2022-07-08,159.8000030517578,162.35000610351562,155.0,156.0500030517578,156.0500030517578,64844
2022-07-11,158.89999389648438,162.8000030517578,154.4499969482422,159.8000030517578,159.8000030517578,27954
2022-07-12,161.6999969482422,163.85000610351562,155.39999389648438,156.1999969482422,156.1999969482422,56614
2022-07-13,158.85000610351562,159.10000610351562,154.5500030517578,155.64999389648438,155.64999389648438,33849
2022-07-14,158.9499969482422,159.6999969482422,153.85000610351562,154.39999389648438,154.39999389648438,35109
2022-07-15,146.25,153.9499969482422,146.25,148.75,148.75,56151
2022-07-18,151.64999389648438,151.64999389648438,145.0,146.8000030517578,146.8000030517578,56927
2022-07-19,149.0,157.0,145.14999389648438,153.89999389648438,153.89999389648438,82357
2022-07-20,155.75,156.75,150.10000610351562,151.10000610351562,151.10000610351562,40281
2022-07-21,152.89999389648438,154.9499969482422,150.0500030517578,151.0500030517578,151.0500030517578,64810
2022-07-22,151.0500030517578,153.85000610351562,150.8000030517578,151.5,151.5,37684
2022-07-25,151.0,152.5500030517578,146.14999389648438,151.5,151.5,63528
2022-07-26,152.5,155.35000610351562,150.6999969482422,153.25,153.25,90052
2022-07-27,155.0,156.0,150.64999389648438,154.6999969482422,154.6999969482422,159507
2022-07-28,157.9499969482422,158.60000610351562,155.39999389648438,156.60000610351562,156.60000610351562,49503
2022-07-29,156.60000610351562,161.85000610351562,156.60000610351562,158.64999389648438,158.64999389648438,44766
2022-08-01,160.0,165.3000030517578,157.85000610351562,164.10000610351562,164.10000610351562,92207
2022-08-02,165.75,176.9499969482422,164.3000030517578,172.5500030517578,172.5500030517578,240715
2022-08-03,173.75,174.39999389648438,167.3000030517578,171.5500030517578,171.5500030517578,63320
2022-08-04,171.5500030517578,172.9499969482422,165.35000610351562,167.5,167.5,47026
2022-08-05,167.5,169.9499969482422,165.25,166.39999389648438,166.39999389648438,20768
2022-08-08,168.89999389648438,168.89999389648438,163.0,164.89999389648438,164.89999389648438,30859
2022-08-10,164.0,165.0,161.5,163.35000610351562,163.35000610351562,20818
2022-08-11,172.0,172.0,155.10000610351562,157.89999389648438,157.89999389648438,98826
2022-08-12,159.5,163.9499969482422,157.6999969482422,161.25,161.25,58676
2022-08-16,158.85000610351562,185.64999389648438,158.85000610351562,170.9499969482422,170.9499969482422,528977
2022-08-17,172.25,174.5,168.0,171.9499969482422,171.9499969482422,90666
2022-08-18,172.39999389648438,178.1999969482422,170.10000610351562,176.39999389648438,176.39999389648438,95363
2022-08-19,175.0,178.9499969482422,172.5,173.8000030517578,173.8000030517578,59548
2022-08-22,176.0,176.0,165.5,166.60000610351562,166.60000610351562,41088
2022-08-23,166.0,174.8000030517578,165.35000610351562,170.60000610351562,170.60000610351562,37514
2022-08-24,172.5,174.5,170.64999389648438,172.1999969482422,172.1999969482422,21975
2022-08-25,172.1999969482422,177.75,170.9499969482422,171.35000610351562,171.35000610351562,28249
2022-08-26,171.35000610351562,175.8000030517578,167.1999969482422,168.1999969482422,168.1999969482422,53985
2022-08-29,164.0,174.0,164.0,166.89999389648438,166.89999389648438,74396
2022-08-30,173.0,180.89999389648438,168.0500030517578,171.0,171.0,108793
2022-09-01,170.5,176.25,169.89999389648438,174.6999969482422,174.6999969482422,44311
2022-09-02,179.89999389648438,189.89999389648438,173.0,175.25,175.25,114967
2022-09-05,176.4499969482422,181.5,174.0,179.64999389648438,179.64999389648438,90044
2022-09-06,182.35000610351562,183.14999389648438,176.10000610351562,180.10000610351562,180.10000610351562,47847
2022-09-07,179.0,182.3000030517578,175.0500030517578,177.5500030517578,177.5500030517578,63849
2022-09-08,178.0,182.0,176.25,177.6999969482422,177.6999969482422,30881
2022-09-09,180.35000610351562,180.35000610351562,171.5500030517578,174.5500030517578,174.5500030517578,51023
2022-09-12,179.8000030517578,186.0,175.60000610351562,181.39999389648438,181.39999389648438,218758
2022-09-13,183.75,187.0,177.75,178.89999389648438,178.89999389648438,87088
2022-09-14,174.0,179.35000610351562,174.0,178.1999969482422,178.1999969482422,41631
2022-09-15,176.5,181.39999389648438,171.8000030517578,173.75,173.75,48232
2022-09-16,173.75,176.4499969482422,169.35000610351562,171.25,171.25,50831
2022-09-19,170.0,174.89999389648438,169.0500030517578,170.14999389648438,170.14999389648438,26171
2022-09-20,172.6999969482422,192.0,169.0,174.39999389648438,174.39999389648438,642774
2022-09-21,174.39999389648438,177.39999389648438,170.0,171.0,171.0,70474
2022-09-22,168.4499969482422,174.3000030517578,168.4499969482422,172.14999389648438,172.14999389648438,31059
2022-09-23,173.14999389648438,173.5500030517578,165.60000610351562,167.3000030517578,167.3000030517578,52794
2022-09-26,169.89999389648438,170.85000610351562,156.1999969482422,158.35000610351562,158.35000610351562,71877
2022-09-27,161.89999389648438,165.9499969482422,156.25,157.35000610351562,157.35000610351562,52573
2022-09-28,156.25,158.9499969482422,152.10000610351562,153.39999389648438,153.39999389648438,50651
2022-09-29,155.6999969482422,157.75,149.5,151.10000610351562,151.10000610351562,47426
2022-09-30,150.0,154.6999969482422,150.0,152.35000610351562,152.35000610351562,32649
2022-10-03,155.25,156.6999969482422,148.0,148.85000610351562,148.85000610351562,60536
2022-10-04,153.6999969482422,153.6999969482422,147.5,148.5,148.5,87511
2022-10-06,151.85000610351562,155.5,149.3000030517578,154.10000610351562,154.10000610351562,72091
2022-10-07,155.6999969482422,159.60000610351562,153.14999389648438,159.1999969482422,159.1999969482422,47471
2022-10-10,159.1999969482422,163.39999389648438,158.8000030517578,162.10000610351562,162.10000610351562,64873
2022-10-11,161.6999969482422,163.6999969482422,157.0,158.5,158.5,31973
2022-10-12,160.89999389648438,161.39999389648438,156.25,159.39999389648438,159.39999389648438,13771
2022-10-13,162.39999389648438,162.39999389648438,156.10000610351562,157.4499969482422,157.4499969482422,14739
2022-10-14,162.85000610351562,163.0,153.14999389648438,155.14999389648438,155.14999389648438,26562
2022-10-17,153.0,162.10000610351562,153.0,154.25,154.25,57587
2022-10-18,157.25,158.39999389648438,146.60000610351562,151.0500030517578,151.0500030517578,158489
2022-10-19,152.8000030517578,152.8000030517578,145.0,146.75,146.75,80838
2022-10-20,146.25,147.0,143.4499969482422,145.6999969482422,145.6999969482422,103292
2022-10-21,147.64999389648438,147.64999389648438,143.3000030517578,145.4499969482422,145.4499969482422,69751
2022-10-24,147.60000610351562,147.60000610351562,144.75,145.9499969482422,145.9499969482422,16540
2022-10-25,146.0,146.0,141.89999389648438,142.1999969482422,142.1999969482422,45001
2022-10-27,144.35000610351562,144.35000610351562,140.3000030517578,141.0,141.0,56822
2022-10-28,141.6999969482422,144.39999389648438,140.3000030517578,142.39999389648438,142.39999389648438,46681
2022-10-31,143.9499969482422,144.60000610351562,138.8000030517578,139.39999389648438,139.39999389648438,52733
2022-11-01,141.89999389648438,141.89999389648438,139.39999389648438,139.8000030517578,139.8000030517578,34783
2022-11-02,141.35000610351562,141.6999969482422,139.39999389648438,139.5500030517578,139.5500030517578,35597
2022-11-03,141.0,141.0,138.0,138.5,138.5,41319
2022-11-04,140.6999969482422,140.6999969482422,136.75,137.39999389648438,137.39999389648438,75565
2022-11-07,137.5,139.8000030517578,137.1999969482422,138.0500030517578,138.0500030517578,52146
2022-11-09,140.60000610351562,140.60000610351562,136.75,138.0,138.0,287412
2022-11-10,138.0,139.0,135.4499969482422,136.3000030517578,136.3000030517578,439515
2022-11-11,141.0,141.0,136.14999389648438,137.0,137.0,341358
2022-11-14,138.35000610351562,141.4499969482422,136.4499969482422,138.0500030517578,138.0500030517578,214506
2022-11-15,139.60000610351562,139.60000610351562,137.0500030517578,138.5500030517578,138.5500030517578,30407
2022-11-16,139.39999389648438,141.0,138.5500030517578,140.39999389648438,140.39999389648438,211773
2022-11-17,141.8000030517578,152.5,139.60000610351562,148.0,148.0,491302
2022-11-18,148.0500030517578,150.64999389648438,143.1999969482422,143.8000030517578,143.8000030517578,81177
2022-11-21,145.25,146.0,143.0,144.5,144.5,32575
2022-11-22,141.3000030517578,145.0,141.3000030517578,142.89999389648438,142.89999389648438,22653
2022-11-23,144.35000610351562,146.0,143.14999389648438,144.8000030517578,144.8000030517578,17875
2022-11-24,146.89999389648438,149.8000030517578,145.0,145.89999389648438,145.89999389648438,34005
2022-11-25,147.0,147.5,144.60000610351562,145.85000610351562,145.85000610351562,15485
2022-11-28,145.8000030517578,148.9499969482422,138.64999389648438,145.60000610351562,145.60000610351562,36419
2022-11-29,144.10000610351562,148.5,143.5500030517578,144.4499969482422,144.4499969482422,28893
2022-11-30,145.9499969482422,145.9499969482422,139.0500030517578,140.60000610351562,140.60000610351562,92062
2022-12-01,142.6999969482422,142.6999969482422,138.5,138.89999389648438,138.89999389648438,153958
2022-12-02,139.89999389648438,140.9499969482422,137.3000030517578,139.10000610351562,139.10000610351562,158485
2022-12-05,140.6999969482422,142.5,139.4499969482422,140.14999389648438,140.14999389648438,90413
2022-12-06,140.89999389648438,142.0,140.0,140.25,140.25,30020
2022-12-07,140.39999389648438,141.8000030517578,140.1999969482422,140.60000610351562,140.60000610351562,39973
2022-12-08,141.5500030517578,141.8000030517578,140.39999389648438,140.5,140.5,18202
2022-12-09,141.89999389648438,141.89999389648438,140.0,140.60000610351562,140.60000610351562,37886
2022-12-12,141.3000030517578,141.3000030517578,139.0500030517578,140.14999389648438,140.14999389648438,25080
2022-12-13,141.6999969482422,141.6999969482422,139.4499969482422,139.9499969482422,139.9499969482422,21267
2022-12-14,140.0,146.0,140.0,142.14999389648438,142.14999389648438,150927
2022-12-15,144.0,145.5,140.6999969482422,141.75,141.75,92231
2022-12-16,143.75,143.75,139.39999389648438,140.14999389648438,140.14999389648438,52560
2022-12-19,141.75,141.75,139.5,140.5500030517578,140.5500030517578,29691
2022-12-20,140.0,141.5,139.6999969482422,140.4499969482422,140.4499969482422,23299
2022-12-21,140.0,141.9499969482422,137.60000610351562,138.10000610351562,138.10000610351562,57465
2022-12-22,138.10000610351562,140.4499969482422,136.10000610351562,136.6999969482422,136.6999969482422,60682
2022-12-23,136.10000610351562,137.14999389648438,123.5999984741211,124.19999694824219,124.19999694824219,238540
2022-12-26,126.05000305175781,131.8000030517578,123.0999984741211,128.6999969482422,128.6999969482422,106484
2022-12-27,129.8000030517578,134.5,127.80000305175781,129.89999389648438,129.89999389648438,132322
2022-12-28,130.0,130.85000610351562,128.0,129.8000030517578,129.8000030517578,128599
2022-12-29,129.0,143.0,128.35000610351562,131.35000610351562,131.35000610351562,1044472
2022-12-30,132.35000610351562,143.39999389648438,132.35000610351562,139.60000610351562,139.60000610351562,277062
2023-01-02,138.1999969482422,139.1999969482422,133.8000030517578,136.4499969482422,136.4499969482422,134911
2023-01-03,136.4499969482422,138.1999969482422,136.4499969482422,136.89999389648438,136.89999389648438,74446
2023-01-04,137.6999969482422,137.75,133.5,134.6999969482422,134.6999969482422,63839
2023-01-05,135.8000030517578,146.8000030517578,133.64999389648438,143.3000030517578,143.3000030517578,505436
2023-01-06,143.5,144.5,135.89999389648438,138.89999389648438,138.89999389648438,165865
2023-01-09,142.0,144.8000030517578,140.0,140.5500030517578,140.5500030517578,278386
2023-01-10,141.5,142.14999389648438,139.0,139.5,139.5,190238
2023-01-11,140.10000610351562,144.1999969482422,139.0,139.8000030517578,139.8000030517578,178708
2023-01-12,141.14999389648438,141.14999389648438,136.0500030517578,138.14999389648438,138.14999389648438,66893
2023-01-13,138.0,138.0,132.10000610351562,133.39999389648438,133.39999389648438,307531
2023-01-16,135.39999389648438,136.25,133.5,134.3000030517578,134.3000030517578,54338
2023-01-17,133.5,138.0,133.25,134.60000610351562,134.60000610351562,63865
2023-01-18,134.10000610351562,135.8000030517578,132.9499969482422,133.3000030517578,133.3000030517578,62743
2023-01-19,132.64999389648438,135.5500030517578,123.0999984741211,124.05000305175781,124.05000305175781,448113
2023-01-20,125.69999694824219,127.44999694824219,124.69999694824219,126.55000305175781,126.55000305175781,108429
2023-01-23,127.94999694824219,127.94999694824219,125.69999694824219,126.9000015258789,126.9000015258789,47152
2023-01-24,127.0,127.9000015258789,125.55000305175781,126.19999694824219,126.19999694824219,47190
2023-01-25,126.55000305175781,126.69999694824219,125.0,125.75,125.75,53881
2023-01-27,126.5,126.8499984741211,120.05000305175781,122.30000305175781,122.30000305175781,80505
2023-01-30,120.94999694824219,124.0999984741211,120.94999694824219,122.5,122.5,36584
2023-01-31,124.3499984741211,125.0,122.1500015258789,124.3499984741211,124.3499984741211,25477
2023-02-01,123.25,125.6500015258789,120.94999694824219,121.30000305175781,121.30000305175781,57646
2023-02-02,123.0999984741211,124.75,121.0,121.94999694824219,121.94999694824219,41214
2023-02-03,123.80000305175781,123.80000305175781,119.75,120.6500015258789,120.6500015258789,66437
2023-02-06,121.0,123.94999694824219,120.05000305175781,121.0,121.0,68117
2023-02-07,122.8499984741211,122.8499984741211,120.05000305175781,120.30000305175781,120.30000305175781,34545
2023-02-08,120.30000305175781,122.75,119.9000015258789,121.05000305175781,121.05000305175781,76688
2023-02-09,122.5999984741211,122.69999694824219,120.3499984741211,121.9000015258789,121.9000015258789,29747
2023-02-10,122.19999694824219,124.5999984741211,121.30000305175781,123.8499984741211,123.8499984741211,30552
2023-02-13,128.0,128.0,121.55000305175781,122.44999694824219,122.44999694824219,58800
2023-02-14,121.55000305175781,122.55000305175781,119.44999694824219,120.25,120.25,42921
2023-02-15,120.0,120.5,118.5999984741211,118.94999694824219,118.94999694824219,30160
2023-02-16,122.0,122.0,119.8499984741211,120.25,120.25,31287
2023-02-17,118.55000305175781,121.55000305175781,118.0,118.5999984741211,118.5999984741211,29698
2023-02-20,118.0,118.69999694824219,115.25,116.0999984741211,116.0999984741211,47988
2023-02-21,115.55000305175781,117.0,114.94999694824219,115.55000305175781,115.55000305175781,35747
2023-02-22,114.6500015258789,115.6500015258789,112.9000015258789,113.05000305175781,113.05000305175781,49232
2023-02-23,113.0,115.3499984741211,111.75,111.9000015258789,111.9000015258789,36552
2023-02-24,114.5,114.5,111.5,111.6500015258789,111.6500015258789,46039
2023-02-27,111.6500015258789,112.94999694824219,110.1500015258789,110.5999984741211,110.5999984741211,43031
2023-02-28,110.5999984741211,111.9000015258789,110.3499984741211,110.9000015258789,110.9000015258789,24445
2023-03-01,110.55000305175781,115.0,110.55000305175781,113.69999694824219,113.69999694824219,60581
2023-03-02,112.0,114.55000305175781,112.0,112.3499984741211,112.3499984741211,26386
2023-03-03,114.0,114.5,111.8499984741211,112.0999984741211,112.0999984741211,32501
2023-03-06,112.5,114.55000305175781,111.94999694824219,112.1500015258789,112.1500015258789,36925
2023-03-08,113.0,115.0,111.94999694824219,112.55000305175781,112.55000305175781,105739
2023-03-09,112.55000305175781,115.0,112.0999984741211,112.80000305175781,112.80000305175781,71620
2023-03-10,114.0,114.0,111.69999694824219,112.05000305175781,112.05000305175781,52454
2023-03-13,114.9000015258789,114.9000015258789,108.6500015258789,108.8499984741211,108.8499984741211,60972
2023-03-14,111.25,111.25,106.55000305175781,106.9000015258789,106.9000015258789,46209
2023-03-15,106.94999694824219,108.19999694824219,103.55000305175781,103.94999694824219,103.94999694824219,95907
2023-03-16,104.0,105.19999694824219,99.94999694824219,101.6500015258789,101.6500015258789,134187
2023-03-17,101.3499984741211,104.4000015258789,101.3499984741211,102.9000015258789,102.9000015258789,34092
2023-03-20,103.0,105.30000305175781,100.1500015258789,102.3499984741211,102.3499984741211,62318
2023-03-21,102.3499984741211,104.55000305175781,100.55000305175781,101.05000305175781,101.05000305175781,55283
2023-03-22,108.94999694824219,111.6500015258789,101.0,101.44999694824219,101.44999694824219,450903
2023-03-23,102.94999694824219,103.55000305175781,100.55000305175781,101.1500015258789,101.1500015258789,65382
2023-03-24,101.1500015258789,102.0,100.05000305175781,100.9000015258789,100.9000015258789,103535
2023-03-27,100.1500015258789,101.55000305175781,95.0,96.19999694824219,96.19999694824219,161782
2023-03-28,95.25,96.9000015258789,93.75,94.5999984741211,94.5999984741211,206922
2023-03-29,94.19999694824219,97.55000305175781,93.94999694824219,94.44999694824219,94.44999694824219,171555
2023-03-31,95.8499984741211,99.80000305175781,95.69999694824219,97.6500015258789,97.6500015258789,273660
2023-04-03,99.0,104.0,98.80000305175781,103.1500015258789,103.1500015258789,87956
2023-04-05,103.5999984741211,104.05000305175781,102.0,103.1500015258789,103.1500015258789,48131
2023-04-06,103.8499984741211,109.69999694824219,102.44999694824219,107.94999694824219,107.94999694824219,121972
2023-04-10,109.0,111.0999984741211,106.5,108.25,108.25,66694
2023-04-11,109.8499984741211,110.5,108.05000305175781,109.30000305175781,109.30000305175781,50757
2023-04-12,109.3499984741211,110.9000015258789,108.0,110.19999694824219,110.19999694824219,41247
2023-04-13,110.19999694824219,115.4000015258789,110.19999694824219,112.5999984741211,112.5999984741211,103094
2023-04-17,105.3499984741211,108.69999694824219,98.6500015258789,101.69999694824219,101.69999694824219,671948
2023-04-18,103.25,103.80000305175781,101.69999694824219,103.05000305175781,103.05000305175781,68231
2023-04-19,103.9000015258789,106.6500015258789,103.0,103.8499984741211,103.8499984741211,77200
2023-04-20,104.69999694824219,105.5999984741211,102.69999694824219,104.5,104.5,39685
2023-04-21,104.0,105.0,103.5,103.9000015258789,103.9000015258789,21043
2023-04-24,103.19999694824219,104.94999694824219,103.0,103.94999694824219,103.94999694824219,28026
2023-04-25,103.94999694824219,104.5,102.19999694824219,103.6500015258789,103.6500015258789,50898
2023-04-26,103.0,104.1500015258789,102.4000015258789,103.1500015258789,103.1500015258789,38698
2023-04-27,103.69999694824219,106.0,103.0,104.5,104.5,52912
2023-04-28,104.1500015258789,107.3499984741211,103.3499984741211,104.80000305175781,104.80000305175781,83308
2023-05-02,105.3499984741211,109.19999694824219,104.80000305175781,107.0999984741211,107.0999984741211,50988
2023-05-03,107.6500015258789,109.0,105.9000015258789,106.4000015258789,106.4000015258789,45185
2023-05-04,106.94999694824219,108.9000015258789,106.0,108.3499984741211,108.3499984741211,41699
2023-05-05,108.8499984741211,109.5,107.0,107.05000305175781,107.05000305175781,41462
2023-05-08,107.5999984741211,107.8499984741211,105.05000305175781,106.05000305175781,106.05000305175781,28488
2023-05-09,106.5999984741211,107.94999694824219,105.8499984741211,106.5,106.5,16035
2023-05-10,107.05000305175781,107.80000305175781,105.0999984741211,107.0,107.0,30310
2023-05-11,107.0,107.55000305175781,105.05000305175781,106.4000015258789,106.4000015258789,23223
2023-05-12,106.3499984741211,106.94999694824219,105.3499984741211,105.75,105.75,19583
2023-05-15,106.30000305175781,107.94999694824219,105.30000305175781,106.3499984741211,106.3499984741211,27356
2023-05-16,106.9000015258789,107.30000305175781,105.1500015258789,106.94999694824219,106.94999694824219,22086
2023-05-17,107.4000015258789,107.9000015258789,105.0999984741211,105.8499984741211,105.8499984741211,27261
2023-05-18,105.5,106.3499984741211,104.55000305175781,104.8499984741211,104.8499984741211,19746
2023-05-19,104.55000305175781,105.3499984741211,103.6500015258789,104.30000305175781,104.30000305175781,16882
2023-05-22,104.80000305175781,106.30000305175781,102.1500015258789,103.6500015258789,103.6500015258789,36183
2023-05-23,103.4000015258789,105.30000305175781,103.05000305175781,103.94999694824219,103.94999694824219,30520
2023-05-24,103.9000015258789,107.4000015258789,103.6500015258789,105.5999984741211,105.5999984741211,41856
2023-05-25,105.5999984741211,106.44999694824219,102.3499984741211,103.9000015258789,103.9000015258789,35635
2023-05-26,103.9000015258789,108.4000015258789,103.9000015258789,106.55000305175781,106.55000305175781,75085
2023-05-29,107.0999984741211,107.30000305175781,105.80000305175781,106.6500015258789,106.6500015258789,29705
2023-05-30,107.05000305175781,107.75,105.5,106.3499984741211,106.3499984741211,23712
2023-05-31,106.75,106.9000015258789,105.1500015258789,106.0,106.0,16516
2023-06-01,106.0,109.80000305175781,105.44999694824219,108.1500015258789,108.1500015258789,53385
2023-06-02,108.69999694824219,109.9000015258789,107.5,109.3499984741211,109.3499984741211,43748
2023-06-05,109.9000015258789,111.80000305175781,108.55000305175781,109.05000305175781,109.05000305175781,41389
2023-06-06,109.5999984741211,111.0,108.1500015258789,109.4000015258789,109.4000015258789,35791
2023-06-07,109.55000305175781,114.0,108.0,112.69999694824219,112.69999694824219,168831
2023-06-08,114.69999694824219,114.69999694824219,110.0999984741211,110.5999984741211,110.5999984741211,69143
2023-06-09,111.19999694824219,113.4000015258789,110.0999984741211,112.75,112.75,43551
2023-06-12,113.3499984741211,114.80000305175781,110.0,111.5,111.5,60665
2023-06-13,112.0999984741211,113.0,111.0,112.4000015258789,112.4000015258789,30983
2023-06-14,113.0,116.0,111.5,114.69999694824219,114.69999694824219,86318
2023-06-15,115.0,116.0,113.5999984741211,113.9000015258789,113.9000015258789,38409
2023-06-16,114.94999694824219,117.75,114.19999694824219,116.19999694824219,116.19999694824219,126191
2023-06-19,116.0999984741211,118.19999694824219,114.0999984741211,114.94999694824219,114.94999694824219,51515
2023-06-20,115.5,117.75,113.6500015258789,116.3499984741211,116.3499984741211,46556
2023-06-21,116.94999694824219,118.55000305175781,111.19999694824219,113.94999694824219,113.94999694824219,81997
2023-06-22,114.55000305175781,117.75,113.0,114.9000015258789,114.9000015258789,81225
2023-06-23,115.5,115.5,112.0,112.3499984741211,112.3499984741211,42798
2023-06-26,112.3499984741211,113.8499984741211,111.0,111.6500015258789,111.6500015258789,33799
2023-06-27,112.4000015258789,113.9000015258789,112.4000015258789,113.19999694824219,113.19999694824219,16874
2023-06-28,113.80000305175781,114.3499984741211,111.0,111.75,111.75,22504
2023-06-30,111.6500015258789,113.0,111.0,111.5,111.5,16419
2023-07-03,112.0999984741211,115.30000305175781,111.69999694824219,113.05000305175781,113.05000305175781,31728
2023-07-04,114.1500015258789,114.1500015258789,110.80000305175781,111.30000305175781,111.30000305175781,29183
2023-07-05,111.8499984741211,113.1500015258789,110.55000305175781,111.55000305175781,111.55000305175781,51121
2023-07-06,111.55000305175781,114.9000015258789,111.55000305175781,112.6500015258789,112.6500015258789,58055
2023-07-07,113.25,117.0,113.0,115.19999694824219,115.19999694824219,83323
2023-07-10,115.80000305175781,119.0,112.3499984741211,114.55000305175781,114.55000305175781,76074
2023-07-11,115.1500015258789,116.94999694824219,114.5999984741211,115.5999984741211,115.5999984741211,32722
2023-07-12,116.19999694824219,116.5,111.5999984741211,113.6500015258789,113.6500015258789,56986
2023-07-13,114.25,117.0,112.69999694824219,113.9000015258789,113.9000015258789,65310
2023-07-14,114.5,115.55000305175781,113.75,115.05000305175781,115.05000305175781,28442
2023-07-17,119.0,138.0500030517578,118.69999694824219,132.25,132.25,1096651
2023-07-18,146.0,153.6999969482422,138.0,141.0,141.0,1759915
2023-07-19,141.75,141.75,133.25,135.64999389648438,135.64999389648438,290388
2023-07-20,137.14999389648438,140.10000610351562,135.10000610351562,138.3000030517578,138.3000030517578,170251
2023-07-21,138.0,139.0,134.6999969482422,135.5,135.5,105283
2023-07-24,133.5500030517578,138.14999389648438,132.5,134.14999389648438,134.14999389648438,102466
2023-07-25,135.64999389648438,135.64999389648438,129.5500030517578,130.10000610351562,130.10000610351562,90806
2023-07-26,130.0,142.0,130.0,133.0,133.0,257688
2023-07-27,133.6999969482422,136.4499969482422,133.0500030517578,135.25,135.25,87248
2023-07-28,135.9499969482422,136.25,131.35000610351562,134.35000610351562,134.35000610351562,58770
2023-07-31,135.0500030517578,136.0,132.1999969482422,133.60000610351562,133.60000610351562,58947
2023-08-01,133.60000610351562,136.3000030517578,132.10000610351562,134.5,134.5,52117
2023-08-02,134.89999389648438,138.6999969482422,129.9499969482422,131.25,131.25,100490
2023-08-03,131.9499969482422,134.39999389648438,131.64999389648438,132.8000030517578,132.8000030517578,41975
2023-08-04,134.4499969482422,136.5,132.5500030517578,133.5500030517578,133.5500030517578,58313
2023-08-07,134.89999389648438,138.9499969482422,133.14999389648438,137.89999389648438,137.89999389648438,117892
2023-08-08,139.0,145.39999389648438,138.0,143.5500030517578,143.5500030517578,197059
2023-08-09,145.64999389648438,147.39999389648438,138.0500030517578,139.9499969482422,139.9499969482422,121015
2023-08-10,140.9499969482422,148.1999969482422,140.4499969482422,141.39999389648438,141.39999389648438,180494
2023-08-11,142.4499969482422,143.1999969482422,138.1999969482422,139.0500030517578,139.0500030517578,57538
2023-08-14,139.6999969482422,145.5500030517578,136.85000610351562,140.89999389648438,140.89999389648438,96731
2023-08-16,141.4499969482422,143.60000610351562,140.9499969482422,142.10000610351562,142.10000610351562,34629
2023-08-17,142.85000610351562,145.89999389648438,140.89999389648438,141.6999969482422,141.6999969482422,82837
2023-08-18,142.4499969482422,145.3000030517578,140.9499969482422,141.5,141.5,48402
2023-08-21,143.8000030517578,158.10000610351562,142.0,155.75,155.75,885914
2023-08-22,159.85000610351562,164.60000610351562,153.10000610351562,155.5,155.5,699623
2023-08-23,155.5,157.25,152.85000610351562,153.64999389648438,153.64999389648438,132034
2023-08-24,155.0,158.4499969482422,153.0,154.0,154.0,147587
2023-08-25,152.4499969482422,155.64999389648438,149.60000610351562,150.1999969482422,150.1999969482422,137464
2023-08-28,151.0,155.5500030517578,150.89999389648438,151.5500030517578,151.5500030517578,80681
2023-08-29,152.35000610351562,155.4499969482422,151.10000610351562,152.10000610351562,152.10000610351562,76682
2023-08-30,152.89999389648438,154.35000610351562,151.5,152.60000610351562,152.60000610351562,52347
2023-08-31,154.0,158.89999389648438,149.9499969482422,152.39999389648438,152.39999389648438,195421
2023-09-01,157.89999389648438,157.89999389648438,152.4499969482422,153.85000610351562,153.85000610351562,86625
2023-09-04,155.0,156.4499969482422,153.0500030517578,155.25,155.25,125711
2023-09-05,156.1999969482422,164.5,155.6999969482422,163.6999969482422,163.6999969482422,358750
2023-09-06,169.0,172.0,164.1999969482422,170.25,170.25,380607
2023-09-07,172.8000030517578,174.14999389648438,168.1999969482422,172.75,172.75,262941
2023-09-08,174.0,177.0,171.1999969482422,175.9499969482422,175.9499969482422,181443
2023-09-11,177.0,184.8000030517578,174.4499969482422,183.39999389648438,183.39999389648438,256934
2023-09-12,187.3000030517578,188.0,170.9499969482422,172.0500030517578,172.0500030517578,248188
2023-09-13,172.9499969482422,174.10000610351562,168.4499969482422,171.39999389648438,171.39999389648438,90012
2023-09-14,172.0,178.60000610351562,172.0,173.0,173.0,51618
2023-09-15,173.89999389648438,185.25,173.89999389648438,183.64999389648438,183.64999389648438,275463
2023-09-18,184.0,184.6999969482422,176.9499969482422,177.9499969482422,177.9499969482422,168003
2023-09-20,177.5,181.0,177.4499969482422,179.14999389648438,179.14999389648438,126459
2023-09-21,180.85000610351562,189.6999969482422,178.6999969482422,179.89999389648438,179.89999389648438,412947
2023-09-22,176.4499969482422,177.6999969482422,168.5500030517578,170.89999389648438,170.89999389648438,161095
2023-09-25,171.8000030517578,179.10000610351562,171.1999969482422,177.89999389648438,177.89999389648438,122486
2023-09-26,177.89999389648438,180.1999969482422,172.0,172.5500030517578,172.5500030517578,54245
2023-09-27,173.0,175.10000610351562,171.4499969482422,172.1999969482422,172.1999969482422,24650
2023-09-28,173.10000610351562,173.6999969482422,170.10000610351562,170.6999969482422,170.6999969482422,33500
2023-09-29,170.3000030517578,173.0,169.4499969482422,170.1999969482422,170.1999969482422,38020
2023-10-03,184.89999389648438,196.6999969482422,178.6999969482422,186.0,186.0,2526843
2023-10-04,182.8000030517578,185.4499969482422,177.3000030517578,180.1999969482422,180.1999969482422,215506
2023-10-05,181.14999389648438,184.85000610351562,178.14999389648438,179.25,179.25,119240
2023-10-06,180.14999389648438,181.8000030517578,177.4499969482422,179.60000610351562,179.60000610351562,87732
2023-10-09,179.8000030517578,179.8000030517578,172.6999969482422,173.14999389648438,173.14999389648438,104306
2023-10-10,174.0500030517578,176.75,173.1999969482422,174.75,174.75,57123
2023-10-11,175.64999389648438,182.0,175.10000610351562,177.85000610351562,177.85000610351562,76690
2023-10-12,182.0,186.5,178.5,181.35000610351562,181.35000610351562,174448
2023-10-13,181.85000610351562,181.89999389648438,176.8000030517578,179.0,179.0,49770
2023-10-16,172.5500030517578,178.5,170.14999389648438,173.4499969482422,173.4499969482422,134809
2023-10-17,173.4499969482422,178.0,173.0,175.89999389648438,175.89999389648438,90897
2023-10-18,175.0500030517578,176.5,167.4499969482422,169.39999389648438,169.39999389648438,141250
2023-10-19,169.0,176.5,167.1999969482422,175.60000610351562,175.60000610351562,109651
2023-10-20,175.60000610351562,175.89999389648438,170.0,170.5,170.5,44748
2023-10-23,171.39999389648438,171.39999389648438,161.9499969482422,162.85000610351562,162.85000610351562,111906
2023-10-25,162.85000610351562,166.8000030517578,155.5,156.8000030517578,156.8000030517578,104644
2023-10-26,157.0,157.60000610351562,148.1999969482422,152.1999969482422,152.1999969482422,185841
2023-10-27,154.8000030517578,159.75,153.10000610351562,158.85000610351562,158.85000610351562,53741
2023-10-30,159.0,159.9499969482422,155.60000610351562,158.10000610351562,158.10000610351562,23224
2023-10-31,158.89999389648438,162.0,158.14999389648438,159.64999389648438,159.64999389648438,32986
2023-11-01,158.0,162.9499969482422,158.0,159.85000610351562,159.85000610351562,34290
2023-11-02,160.64999389648438,168.8000030517578,156.5500030517578,166.6999969482422,166.6999969482422,92376
2023-11-03,167.85000610351562,177.39999389648438,166.6999969482422,173.3000030517578,173.3000030517578,323498
2023-11-06,175.0,189.0,173.89999389648438,182.0,182.0,434491
2023-11-07,182.0,185.3000030517578,177.0,180.0,180.0,94489
2023-11-08,178.5,180.89999389648438,173.5,174.5,174.5,62535
2023-11-09,172.0,177.1999969482422,170.3000030517578,171.9499969482422,171.9499969482422,76043
2023-11-10,171.9499969482422,177.0,168.6999969482422,175.5,175.5,75214
2023-11-13,177.6999969482422,182.1999969482422,176.0,179.0,179.0,50943
2023-11-15,181.0,192.89999389648438,178.85000610351562,182.35000610351562,182.35000610351562,646397
2023-11-16,184.5,188.0,181.3000030517578,182.64999389648438,182.64999389648438,102219
2023-11-17,184.6999969482422,185.0500030517578,180.6999969482422,181.64999389648438,181.64999389648438,48760
2023-11-20,178.0,184.1999969482422,176.5500030517578,179.35000610351562,179.35000610351562,92573
2023-11-21,180.1999969482422,190.0,179.85000610351562,183.5,183.5,126861
2023-11-22,185.3000030517578,186.14999389648438,180.0,181.14999389648438,181.14999389648438,44241
2023-11-23,182.0,183.14999389648438,173.64999389648438,178.0500030517578,178.0500030517578,39271
2023-11-24,178.89999389648438,181.0,175.39999389648438,176.5500030517578,176.5500030517578,39659
2023-11-28,177.39999389648438,185.3000030517578,176.60000610351562,178.89999389648438,178.89999389648438,70502
2023-11-29,179.0,182.6999969482422,177.5500030517578,178.1999969482422,178.1999969482422,33356
2023-11-30,179.75,180.0500030517578,173.60000610351562,177.8000030517578,177.8000030517578,40216
2023-12-01,178.6999969482422,179.64999389648438,175.10000610351562,176.39999389648438,176.39999389648438,38574
2023-12-04,178.5,183.5,177.0,179.5,179.5,82636
2023-12-05,180.35000610351562,180.9499969482422,175.9499969482422,177.8000030517578,177.8000030517578,39030
2023-12-06,178.0,183.0,175.0,175.64999389648438,175.64999389648438,185753
2023-12-07,176.0,177.10000610351562,172.3000030517578,174.85000610351562,174.85000610351562,220010
2023-12-08,175.75,176.5500030517578,171.9499969482422,173.75,173.75,38876
2023-12-11,171.0500030517578,175.39999389648438,171.0500030517578,174.75,174.75,25129
2023-12-12,174.0,176.5,172.5500030517578,173.14999389648438,173.14999389648438,39155
2023-12-13,173.14999389648438,174.1999969482422,170.1999969482422,170.8000030517578,170.8000030517578,50384
2023-12-14,171.0,173.1999969482422,166.14999389648438,170.5500030517578,170.5500030517578,105547
2023-12-15,171.4499969482422,172.85000610351562,167.89999389648438,168.5,168.5,52517
2023-12-18,172.5,172.5,168.3000030517578,169.14999389648438,169.14999389648438,56297
2023-12-19,169.9499969482422,189.39999389648438,168.6999969482422,185.75,185.75,1438751
2023-12-20,194.6999969482422,195.60000610351562,171.0500030517578,173.4499969482422,173.4499969482422,870874
2023-12-21,172.0500030517578,179.1999969482422,169.8000030517578,177.8000030517578,177.8000030517578,158098
2023-12-22,178.4499969482422,194.6999969482422,178.25,191.6999969482422,191.6999969482422,567147
2023-12-26,194.75,202.25,193.0,198.0500030517578,198.0500030517578,962381
2023-12-27,198.0,200.0,187.0500030517578,191.5500030517578,191.5500030517578,348560
2023-12-28,191.8000030517578,192.75,184.3000030517578,186.14999389648438,186.14999389648438,209872
2023-12-29,187.39999389648438,193.5,185.89999389648438,191.10000610351562,191.10000610351562,188858
2024-01-01,192.6999969482422,194.39999389648438,185.0500030517578,187.64999389648438,187.64999389648438,138236
2024-01-02,188.9499969482422,191.1999969482422,182.5,184.35000610351562,184.35000610351562,134481
2024-01-03,184.0,193.5,180.5500030517578,192.64999389648438,192.64999389648438,301504
2024-01-04,193.9499969482422,199.35000610351562,193.4499969482422,194.89999389648438,194.89999389648438,280997
2024-01-05,197.8000030517578,198.39999389648438,194.5500030517578,195.9499969482422,195.9499969482422,215049
2024-01-08,196.9499969482422,210.0,196.9499969482422,203.85000610351562,203.85000610351562,1542015
2024-01-09,206.6999969482422,207.9499969482422,199.1999969482422,200.8000030517578,200.8000030517578,371579
2024-01-10,200.9499969482422,217.8000030517578,196.25,206.89999389648438,206.89999389648438,1306186
2024-01-11,208.10000610351562,212.89999389648438,190.14999389648438,198.3000030517578,198.3000030517578,1460720
2024-01-12,198.25,199.0,192.0500030517578,196.0500030517578,196.0500030517578,322808
2024-01-15,197.6999969482422,198.85000610351562,191.0500030517578,193.9499969482422,193.9499969482422,236569
2024-01-16,194.8000030517578,197.5,191.4499969482422,192.89999389648438,192.89999389648438,140864
2024-01-17,192.5,200.0,190.0,194.10000610351562,194.10000610351562,256158
2024-01-18,194.3000030517578,196.8000030517578,184.0,195.1999969482422,195.1999969482422,178427
2024-01-19,194.8000030517578,198.6999969482422,194.5,197.60000610351562,197.60000610351562,105360
2024-01-23,193.10000610351562,198.9499969482422,182.1999969482422,184.75,184.75,323458
2024-01-24,184.75,190.89999389648438,182.89999389648438,185.0500030517578,185.0500030517578,148189
2024-01-25,185.89999389648438,209.89999389648438,185.64999389648438,198.89999389648438,198.89999389648438,1068620
2024-01-29,199.9499969482422,201.6999969482422,195.75,197.9499969482422,197.9499969482422,190773
2024-01-30,199.5,200.0,192.0500030517578,193.9499969482422,193.9499969482422,96504
2024-01-31,194.39999389648438,199.0,193.4499969482422,195.10000610351562,195.10000610351562,128053
2024-02-01,196.4499969482422,201.0500030517578,191.0,192.25,192.25,111482
2024-02-02,193.25,196.0500030517578,179.35000610351562,186.35000610351562,186.35000610351562,713814
2024-02-05,186.0,197.5,186.0,189.6999969482422,189.6999969482422,373340
2024-02-06,190.64999389648438,198.75,188.39999389648438,197.1999969482422,197.1999969482422,304560
2024-02-07,198.1999969482422,200.0,194.0,194.3000030517578,194.3000030517578,99235
2024-02-08,194.0,195.6999969482422,189.0500030517578,193.89999389648438,193.89999389648438,118993
2024-02-09,192.85000610351562,195.1999969482422,185.39999389648438,194.3000030517578,194.3000030517578,347479
2024-02-12,195.85000610351562,196.6999969482422,184.0,185.3000030517578,185.3000030517578,231054
2024-02-13,185.3000030517578,214.0,178.8000030517578,204.89999389648438,204.89999389648438,1908812
2024-02-14,204.6999969482422,204.6999969482422,194.60000610351562,196.6999969482422,196.6999969482422,519237
2024-02-15,197.0,210.0,195.85000610351562,201.5500030517578,201.5500030517578,325568
2024-02-16,200.89999389648438,212.5,198.5,209.0,209.0,557279
2024-02-19,210.6999969482422,215.10000610351562,203.1999969482422,210.6999969482422,210.6999969482422,423187
2024-02-20,210.6999969482422,212.0,204.0,205.10000610351562,205.10000610351562,130972
2024-02-21,205.10000610351562,211.9499969482422,196.35000610351562,200.5500030517578,200.5500030517578,176674
2024-02-22,201.60000610351562,211.0,197.5500030517578,206.5500030517578,206.5500030517578,477923
2024-02-23,208.0,210.5,198.89999389648438,200.4499969482422,200.4499969482422,140254
2024-02-26,202.8000030517578,204.6999969482422,199.0500030517578,201.0500030517578,201.0500030517578,136819
2024-02-27,201.0,204.14999389648438,196.0500030517578,197.0500030517578,197.0500030517578,72146
2024-02-28,197.0,199.9499969482422,189.10000610351562,190.4499969482422,190.4499969482422,104453
2024-02-29,190.89999389648438,194.6999969482422,185.75,188.25,188.25,130346
2024-03-01,189.9499969482422,205.9499969482422,189.9499969482422,197.0500030517578,197.0500030517578,208513
2024-03-04,197.75,198.60000610351562,190.3000030517578,191.5,191.5,70252
2024-03-05,191.5,194.0,187.60000610351562,189.35000610351562,189.35000610351562,60553
2024-03-06,189.1999969482422,189.6999969482422,174.39999389648438,177.10000610351562,177.10000610351562,332833
2024-03-07,175.14999389648438,182.4499969482422,172.0,174.25,174.25,168876
2024-03-11,175.89999389648438,178.9499969482422,170.0500030517578,170.64999389648438,170.64999389648438,98371
2024-03-12,170.64999389648438,172.5500030517578,162.10000610351562,169.4499969482422,169.4499969482422,180364
2024-03-13,167.8000030517578,169.9499969482422,156.5500030517578,157.60000610351562,157.60000610351562,192992
2024-03-14,158.39999389648438,168.0,157.0500030517578,166.25,166.25,67863
2024-03-18,164.9499969482422,168.85000610351562,161.0,162.35000610351562,162.35000610351562,74880
2024-03-19,160.8000030517578,163.75,160.0500030517578,160.5500030517578,160.5500030517578,32309
2024-03-20,160.5500030517578,165.0,158.5500030517578,159.75,159.75,75359
2024-03-21,161.0,165.0,160.5,162.1999969482422,162.1999969482422,79859
2024-03-22,162.25,184.64999389648438,162.25,174.14999389648438,174.14999389648438,515850
2024-03-26,173.0,173.1999969482422,166.1999969482422,168.4499969482422,168.4499969482422,87235
2024-03-27,168.5500030517578,173.75,167.0,168.60000610351562,168.60000610351562,140368
2024-03-28,169.0,173.5,164.85000610351562,166.5,166.5,68188
2024-04-01,167.35000610351562,175.85000610351562,167.35000610351562,174.6999969482422,174.6999969482422,55895
2024-04-02,174.89999389648438,178.0,172.0500030517578,177.14999389648438,177.14999389648438,58027
2024-04-03,177.25,181.0,176.10000610351562,179.0500030517578,179.0500030517578,63372
2024-04-04,180.0500030517578,181.3000030517578,175.35000610351562,177.25,177.25,48964
2024-04-05,178.0,179.5,177.0,178.9499969482422,178.9499969482422,26195
2024-04-08,179.1999969482422,186.10000610351562,178.64999389648438,181.60000610351562,181.60000610351562,85110
2024-04-09,184.89999389648438,188.0,177.10000610351562,179.89999389648438,179.89999389648438,107914
2024-04-10,180.8000030517578,184.0,180.0500030517578,181.10000610351562,181.10000610351562,43000
2024-04-12,181.9499969482422,186.8000030517578,181.0500030517578,184.4499969482422,184.4499969482422,116668
2024-04-15,186.85000610351562,196.0,180.75,187.4499969482422,187.4499969482422,749678
2024-04-16,190.0,195.8000030517578,183.0,186.85000610351562,186.85000610351562,860709
2024-04-18,188.9499969482422,190.6999969482422,183.3000030517578,184.60000610351562,184.60000610351562,126933
2024-04-19,181.0,181.0,171.89999389648438,177.0500030517578,177.0500030517578,110776
2024-04-22,179.6999969482422,183.4499969482422,179.0500030517578,181.89999389648438,181.89999389648438,47926
2024-04-23,181.89999389648438,183.14999389648438,173.0,177.60000610351562,177.60000610351562,89724
2024-04-24,179.6999969482422,181.25,178.10000610351562,178.8000030517578,178.8000030517578,45344
2024-04-25,180.39999389648438,182.0500030517578,178.0,178.89999389648438,178.89999389648438,34042
2024-04-26,179.60000610351562,184.0,177.3000030517578,179.35000610351562,179.35000610351562,87131
2024-04-29,180.25,181.5,177.0500030517578,177.6999969482422,177.6999969482422,48767
2024-04-30,177.0500030517578,179.35000610351562,177.0,177.35000610351562,177.35000610351562,87245
2024-05-02,177.64999389648438,178.85000610351562,176.0500030517578,177.3000030517578,177.3000030517578,110378
2024-05-03,178.1999969482422,186.10000610351562,176.0500030517578,182.60000610351562,182.60000610351562,598846
2024-05-06,183.0500030517578,183.0500030517578,173.6999969482422,175.0500030517578,175.0500030517578,123767
2024-05-07,175.89999389648438,176.75,171.0500030517578,171.35000610351562,171.35000610351562,116033
2024-05-08,170.0500030517578,183.75,168.35000610351562,173.9499969482422,173.9499969482422,177159
2024-05-09,172.9499969482422,176.64999389648438,171.0,173.25,173.25,92059
2024-05-10,174.0500030517578,180.0,170.0,175.85000610351562,175.85000610351562,105819
2024-05-13,175.0,177.35000610351562,171.5,173.89999389648438,173.89999389648438,102496
2024-05-14,173.75,178.64999389648438,172.60000610351562,173.3000030517578,173.3000030517578,98311
2024-05-15,175.0,178.10000610351562,173.9499969482422,174.4499969482422,174.4499969482422,93337
2024-05-16,175.5,176.4499969482422,173.0500030517578,174.0500030517578,174.0500030517578,22608
2024-05-17,174.9499969482422,175.89999389648438,173.1999969482422,173.75,173.75,32915
2024-05-21,173.0500030517578,180.0,172.5,178.1999969482422,178.1999969482422,179627
2024-05-22,178.60000610351562,178.60000610351562,174.4499969482422,175.1999969482422,175.1999969482422,39089
2024-05-23,176.10000610351562,176.5500030517578,173.0,173.5,173.5,24520
2024-05-24,174.39999389648438,175.6999969482422,171.8000030517578,172.25,172.25,42921
2024-05-27,171.8000030517578,173.4499969482422,167.35000610351562,167.9499969482422,167.9499969482422,79234
2024-05-28,168.8000030517578,170.39999389648438,165.0500030517578,165.5,165.5,30758
2024-05-29,165.5,168.25,165.0,166.3000030517578,166.3000030517578,23337
2024-05-30,167.14999389648438,167.9499969482422,163.5,164.4499969482422,164.4499969482422,28168
2024-05-31,165.3000030517578,168.0,163.0,163.64999389648438,163.64999389648438,27135
2024-06-03,166.0,168.9499969482422,162.64999389648438,163.1999969482422,163.1999969482422,33931
2024-06-04,163.0,165.0,153.9499969482422,154.8000030517578,154.8000030517578,90612
2024-06-05,155.0,161.0,152.5500030517578,158.3000030517578,158.3000030517578,45646
2024-06-06,159.6999969482422,179.5,159.25,177.39999389648438,177.39999389648438,204720
2024-06-07,176.0,177.0,172.0,173.10000610351562,173.10000610351562,64935
2024-06-10,174.8000030517578,176.0,170.89999389648438,172.6699981689453,172.6699981689453,40970
2024-06-11,173.89999389648438,175.8000030517578,172.1999969482422,174.41000366210938,174.41000366210938,20743
