Date,Open,High,Low,Close,Adj Close,Volume
2008-02-19,149.82000732421875,149.82000732421875,149.82000732421875,149.82000732421875,125.4230728149414,0
2008-02-20,147.8000030517578,149.81500244140625,144.75,149.71499633789062,125.33518981933594,3960
2008-02-21,157.0,157.0,146.3000030517578,149.74000549316406,125.3561019897461,1880
2008-02-22,142.5,149.9499969482422,142.3000030517578,149.72500610351562,125.34356689453125,840
2008-02-25,143.5,145.0,142.25,144.4550018310547,120.93172454833984,1660
2008-02-26,142.5,147.75,140.5124969482422,146.63999938964844,122.76091766357422,1020
2008-02-27,149.89999389648438,149.9499969482422,142.5,143.24249267578125,119.91667938232422,1820
2008-02-28,140.25,145.4499969482422,140.25,145.4499969482422,121.76472473144531,300
2008-02-29,141.5,141.5,138.25,138.3000030517578,115.77903747558594,680
2008-03-03,137.10000610351562,137.10000610351562,131.39999389648438,132.00250244140625,110.50702667236328,1580
2008-03-04,131.39999389648438,131.75,125.40249633789062,125.40249633789062,104.98175811767578,3180
2008-03-05,125.5,125.5,119.94999694824219,119.94999694824219,100.41716766357422,2240
2008-03-07,120.0,120.0,115.0,115.05000305175781,96.31507873535156,5360
2008-03-10,117.44999694824219,117.44999694824219,103.80000305175781,108.56749725341797,90.88822174072266,3340
2008-03-11,110.0,119.42500305175781,110.0,119.42500305175781,99.9776611328125,15980
2008-03-12,121.5,131.0,120.0,120.0,100.45902252197266,3720
2008-03-13,112.5,112.5,108.55999755859375,109.10749816894531,91.34026336669922,2600
2008-03-14,107.5,119.94999694824219,107.5,114.32749938964844,95.71023559570312,6160
2008-03-17,109.0,109.0,103.8499984741211,104.45249938964844,87.44331359863281,2540
2008-03-18,100.0,101.9000015258789,94.00749969482422,97.36750030517578,81.51204681396484,5640
2008-03-19,98.60749816894531,103.44999694824219,88.05750274658203,96.51750183105469,80.8004379272461,10940
2008-03-24,99.5,99.5,93.75499725341797,94.82499694824219,79.383544921875,7380
2008-03-25,94.75,104.0,94.75,98.15750122070312,82.17340850830078,2040
2008-03-26,98.75,103.0,98.75,100.00250244140625,83.71793365478516,17460
2008-03-27,99.0,102.4000015258789,99.0,102.4000015258789,85.72503662109375,3040
2008-03-28,100.0,112.55000305175781,100.0,112.55000305175781,94.22219848632812,3200
2008-03-31,113.4000015258789,123.80000305175781,113.4000015258789,121.0,101.29618072509766,4880
2008-04-01,123.0,126.98750305175781,122.0,124.94999694824219,104.60295867919922,3480
2008-04-02,125.5,131.0,121.05750274658203,123.3949966430664,103.30117797851562,3320
2008-04-03,129.35000610351562,129.35000610351562,117.30000305175781,119.17749786376953,99.77045440673828,2460
2008-04-04,117.25,122.99749755859375,115.25749969482422,116.9000015258789,97.86384582519531,840
2008-04-07,111.0999984741211,114.5,111.0999984741211,112.8324966430664,94.45870208740234,400
2008-04-08,115.5,117.5,114.75749969482422,116.60749816894531,97.61895751953125,1780
2008-04-09,119.8499984741211,119.8499984741211,116.25,116.25,97.31968688964844,960
2008-04-10,117.0,121.0999984741211,116.50250244140625,120.2925033569336,100.70388793945312,880
2008-04-11,120.0,126.30750274658203,117.88749694824219,126.30750274658203,105.73939514160156,1220
2008-04-15,131.0,132.625,128.05250549316406,132.625,111.02813720703125,2420
2008-04-16,138.0,139.0,133.0,135.65249633789062,113.5626449584961,5760
2008-04-17,135.0,137.75,130.06500244140625,131.1425018310547,109.78706359863281,2060
2008-04-21,131.9499969482422,137.25,130.60000610351562,133.0625,111.39441680908203,3100
2008-04-22,134.5,136.59500122070312,130.125,130.14500427246094,108.9520034790039,1720
2008-04-23,128.5,130.0,126.25,127.30000305175781,106.5702896118164,640
2008-04-24,123.62000274658203,132.4499969482422,123.62000274658203,127.62750244140625,106.8444595336914,1980
2008-04-25,126.5999984741211,131.60000610351562,126.5999984741211,127.625,106.84235382080078,480
2008-04-28,126.0,130.9949951171875,126.0,128.07000732421875,107.21488189697266,1280
2008-04-29,130.5,134.47500610351562,126.0,134.47500610351562,112.57689666748047,1960
2008-04-30,141.1999969482422,141.1999969482422,137.0,139.8699951171875,117.09333801269531,8400
2008-05-02,142.0,144.0,137.9550018310547,138.54249572753906,115.98204040527344,920
2008-05-05,143.9499969482422,143.9499969482422,134.0,138.15499877929688,115.65763092041016,3380
2008-05-06,138.75,138.75,134.5,134.5,112.59782409667969,520
2008-05-07,132.75750732421875,135.2949981689453,128.0,129.82249450683594,108.6820068359375,2320
2008-05-08,130.07000732421875,132.0,127.5,131.23500061035156,109.86449432373047,2820
2008-05-09,128.0,129.89999389648438,125.0,128.14999389648438,107.28185272216797,840
2008-05-12,130.0,130.0,120.5,124.25,104.0169448852539,1120
2008-05-13,131.25,136.52999877929688,128.75,130.1875,108.98757934570312,1640
2008-05-14,128.75750732421875,133.75,127.5,132.17999267578125,110.65560913085938,500
2008-05-15,134.9499969482422,138.75,131.0,136.1875,114.01053619384766,4240
2008-05-16,137.5,141.6999969482422,135.25,135.5500030517578,113.47682189941406,1420
2008-05-20,140.05250549316406,142.1999969482422,136.0500030517578,138.99749755859375,116.3629150390625,2400
2008-05-21,139.94500732421875,152.8975067138672,137.5,150.95249938964844,126.37117004394531,8100
2008-05-22,145.0,150.0,136.25,138.1475067138672,115.65135955810547,7480
2008-05-23,133.0,140.92999267578125,129.9499969482422,131.53500366210938,110.11564636230469,40080
2008-05-26,130.0,134.25,128.16000366210938,129.39500427246094,108.32412719726562,3560
2008-05-27,127.05999755859375,132.9375,127.05999755859375,128.2274932861328,107.34673309326172,2120
2008-05-28,122.44999694824219,130.4499969482422,122.44999694824219,125.6675033569336,105.20362091064453,2680
2008-05-29,129.5,129.5,125.80000305175781,126.12999725341797,105.59080505371094,1540
2008-05-30,127.5,127.5,123.1500015258789,123.71749877929688,103.57115936279297,2080
2008-06-02,122.5,125.0,119.0625,121.07250213623047,101.35687255859375,840
2008-06-03,117.5,119.5,114.94999694824219,117.36499786376953,98.25309753417969,1560
2008-06-04,113.0,128.5,113.0,115.5875015258789,96.76506805419922,3900
2008-06-05,114.43000030517578,114.43000030517578,111.70500183105469,111.79499816894531,93.59012603759766,660
2008-06-06,114.9000015258789,115.54499816894531,110.25,112.64250183105469,94.29962921142578,1360
2008-06-09,110.0,110.75,105.01249694824219,108.70249938964844,91.00120544433594,1640
2008-06-10,105.5,112.5,102.55500030517578,109.3550033569336,91.54747772216797,1780
2008-06-11,106.0,112.0,106.0,109.04499816894531,91.2879409790039,3720
2008-06-12,101.30999755859375,107.5,101.30999755859375,107.5,89.99454498291016,5640
2008-06-13,106.1500015258789,112.5,106.1500015258789,110.37249755859375,92.39927673339844,2580
2008-06-16,103.0,113.0,103.0,110.3499984741211,92.38045501708984,2680
2008-06-17,111.21499633789062,113.75,110.5,111.37999725341797,93.24271392822266,2320
2008-06-18,117.4000015258789,122.5199966430664,114.5,119.90750122070312,100.38158416748047,5260
2008-06-19,115.75749969482422,122.5,114.0,115.2699966430664,96.49925994873047,3120
2008-06-20,110.80999755859375,116.78500366210938,106.5,108.44000244140625,90.78148651123047,3640
2008-06-23,103.75749969482422,106.69000244140625,101.76249694824219,105.97000122070312,88.71369171142578,1560
2008-06-24,114.5,114.5,103.76499938964844,103.9000015258789,86.98075866699219,1080
2008-06-25,113.59500122070312,113.59500122070312,100.0,107.00250244140625,89.57806396484375,1740
2008-06-26,112.8949966430664,112.8949966430664,105.81500244140625,107.58000183105469,90.06150817871094,540
2008-06-27,100.6500015258789,106.05500030517578,100.6500015258789,104.25499725341797,87.27794647216797,1220
2008-06-30,102.5,106.0,101.40499877929688,103.86250305175781,86.94937133789062,2080
2008-07-01,100.40499877929688,105.94999694824219,100.40499877929688,102.46499633789062,85.77944946289062,2380
2008-07-02,102.5,105.0,101.5,104.5,87.48306274414062,1180
2008-07-03,106.0,108.0,99.94999694824219,100.0250015258789,83.7367935180664,4060
2008-07-04,99.0,102.5,96.76499938964844,98.94999694824219,82.83683776855469,1840
2008-07-07,97.50499725341797,103.19999694824219,97.50499725341797,102.02999877929688,85.41527557373047,540
2008-07-08,100.0,102.44499969482422,100.0,100.25,83.92514038085938,860
2008-07-09,112.48999786376953,112.5,103.22750091552734,106.91500091552734,89.50479888916016,3420
2008-07-10,102.65750122070312,110.5,102.6050033569336,109.37999725341797,91.56839752197266,5760
2008-07-11,102.25499725341797,111.5,102.25499725341797,106.9749984741211,89.5550537109375,1080
2008-07-14,102.0,107.94000244140625,102.0,104.69499969482422,87.64632415771484,1600
2008-07-15,101.5250015258789,108.25,101.50499725341797,105.0,87.9016342163086,1080
2008-07-16,101.55500030517578,104.94999694824219,101.55500030517578,103.6500015258789,87.60581970214844,440
2008-07-17,102.90499877929688,106.25,101.3550033569336,105.12000274658203,88.84828186035156,2120
2008-07-18,105.0,106.75,105.0,106.31500244140625,89.85830688476562,1720
2008-07-21,103.09500122070312,107.5,103.09500122070312,107.44499969482422,90.81338500976562,220
2008-07-22,105.05000305175781,113.5,105.05000305175781,112.41000366210938,95.00984954833984,1020
2008-07-23,115.0,124.94999694824219,115.0,119.9800033569336,101.40806579589844,2980
2008-07-24,123.5,123.5,115.75749969482422,120.35749816894531,101.72711944580078,1240
2008-07-25,118.92500305175781,119.94999694824219,117.10250091552734,118.90249633789062,100.49736022949219,680
2008-07-28,118.49250030517578,121.0,117.75,119.9000015258789,101.3404541015625,4160
2008-07-29,115.0,119.0,115.0,119.0,100.57977294921875,520
2008-07-30,121.0,121.0,118.5,118.5,100.15715789794922,80
2008-07-31,117.30000305175781,119.91999816894531,114.55000305175781,117.49749755859375,99.30982208251953,740
2008-08-01,115.05000305175781,115.30750274658203,115.05000305175781,115.30750274658203,97.4588394165039,220
2008-08-04,119.74500274658203,119.94000244140625,119.49500274658203,119.49500274658203,100.99813079833984,120
2008-08-05,119.5999984741211,119.5999984741211,116.2699966430664,118.48999786376953,100.1487045288086,120
2008-08-06,118.5,119.94499969482422,116.75,117.23500061035156,99.08795928955078,2120
2008-08-07,120.0,120.0,116.25,118.5,100.15715789794922,680
2008-08-08,114.70500183105469,119.4000015258789,114.70500183105469,118.9574966430664,100.54386901855469,860
2008-08-11,121.0,121.0,118.0,119.26249694824219,100.80162811279297,720
2008-08-12,119.98500061035156,119.98500061035156,117.6500015258789,117.65499877929688,99.44295501708984,420
2008-08-13,116.25,116.26499938964844,116.25,116.26499938964844,98.26811218261719,80
2008-08-14,115.05000305175781,119.8949966430664,113.9000015258789,114.71499633789062,96.95805358886719,2040
2008-08-18,124.99250030517578,124.99250030517578,112.76000213623047,115.37999725341797,97.52010345458984,600
2008-08-19,115.0,115.0,110.0999984741211,110.73249816894531,93.59201049804688,1680
2008-08-20,112.5,113.0,112.5,113.0,95.50852966308594,100
2008-08-21,105.78250122070312,112.44999694824219,105.78250122070312,109.8375015258789,92.8355484008789,360
2008-08-22,108.75499725341797,114.5,108.75499725341797,112.5,95.0859146118164,680
2008-08-25,109.05000305175781,113.92749786376953,109.00499725341797,112.38999938964844,94.99293518066406,1600
2008-08-26,110.0,111.05000305175781,109.00499725341797,111.05000305175781,93.86035919189453,60
2008-08-27,111.05000305175781,111.05000305175781,111.05000305175781,111.05000305175781,93.86035919189453,0
2008-08-28,107.05000305175781,107.05000305175781,107.05000305175781,107.05000305175781,90.47953796386719,40
2008-08-29,103.00499725341797,110.77999877929688,103.00499725341797,108.99749755859375,92.12557220458984,580
2008-09-01,106.75,110.0,106.25499725341797,109.375,92.44463348388672,3380
2008-09-02,114.5999984741211,114.5999984741211,105.125,110.88999938964844,93.72512817382812,240
2008-09-04,110.00499725341797,113.5,108.77249908447266,109.31749725341797,92.39604187011719,2160
2008-09-05,108.73750305175781,111.98999786376953,108.73750305175781,110.80000305175781,93.64906311035156,960
2008-09-08,112.5,122.5,112.5,118.92749786376953,100.51849365234375,10000
2008-09-09,119.99500274658203,142.71499633789062,117.5,142.71499633789062,120.6238784790039,39000
2008-09-10,145.0,167.39999389648438,143.25,146.13250732421875,123.51237487792969,215220
2008-09-11,147.5,152.5050048828125,142.75750732421875,144.74249267578125,122.33753204345703,60820
2008-09-12,150.0,150.10000610351562,132.80499267578125,134.5625,113.73331451416016,42040
2008-09-15,126.25,130.0,123.0,125.25,105.86231231689453,43020
2008-09-16,120.0625,151.53750610351562,120.0,151.53750610351562,128.0807342529297,90120
2008-09-17,155.125,162.1999969482422,130.0,135.1999969482422,114.2721176147461,350244
2008-09-18,120.0,136.25,120.0,132.77499389648438,112.2225112915039,82314
2008-09-19,136.5,136.5,128.0500030517578,129.6999969482422,109.62347412109375,28312
2008-09-22,126.5,130.0,116.05000305175781,117.55000305175781,99.3542251586914,55498
2008-09-23,115.5,117.0,113.5,114.30000305175781,96.60726165771484,21932
2008-09-24,113.05000305175781,123.94999694824219,111.6500015258789,113.44999694824219,95.88887023925781,34578
2008-09-25,108.5,114.8499984741211,107.80000305175781,109.17500305175781,92.27559661865234,7932
2008-09-26,107.05000305175781,107.05000305175781,99.0,100.57499694824219,85.0068130493164,11874
2008-09-29,98.5,98.5,88.05000305175781,91.55000305175781,77.3788070678711,13394
2008-09-30,87.875,87.875,82.0,83.9000015258789,70.91297149658203,8012
2008-10-01,82.0,98.25,82.0,95.44999694824219,80.67510223388672,26480
2008-10-03,93.0,93.4749984741211,84.6500015258789,85.42500305175781,72.201904296875,13116
2008-10-06,82.5,82.5,77.6500015258789,78.42500305175781,66.28545379638672,8328
2008-10-07,77.0,85.0,75.0,78.4749984741211,66.32771301269531,10378
2008-10-08,75.0,75.5,68.5,70.92500305175781,59.94638442993164,4818
2008-10-10,71.0,71.0,57.349998474121094,61.67499923706055,52.128211975097656,7238
2008-10-13,70.94999694824219,71.07499694824219,55.5,62.625,52.931156158447266,6504
2008-10-14,64.5,69.2249984741211,64.5,66.7249984741211,56.39651107788086,5154
2008-10-15,67.0,67.0,61.0,61.974998474121094,52.381778717041016,3382
2008-10-16,52.57500076293945,58.5,51.75,56.95000076293945,48.13459396362305,4454
2008-10-17,65.0,65.0,56.125,57.20000076293945,48.34589767456055,4658
2008-10-20,56.54999923706055,58.79999923706055,55.04999923706055,57.599998474121094,48.68398666381836,948
2008-10-21,59.0,62.349998474121094,59.0,61.849998474121094,52.276119232177734,1682
2008-10-22,59.0,61.75,55.525001525878906,58.75,49.655975341796875,1480
2008-10-23,55.525001525878906,58.5,55.525001525878906,57.07500076293945,48.240257263183594,1984
2008-10-24,56.974998474121094,57.0,49.5,52.599998474121094,44.457942962646484,5590
2008-10-27,50.0,52.5,48.04999923706055,50.474998474121094,42.6618766784668,4880
2008-10-29,58.0,58.0,52.54999923706055,53.5,45.218631744384766,670
2008-10-31,50.17499923706055,62.5,50.17499923706055,59.025001525878906,49.88841247558594,8974
2008-11-03,56.5,66.6500015258789,56.5,65.875,55.678077697753906,5824
2008-11-04,67.5,67.5,61.04999923706055,67.05000305175781,56.671207427978516,3198
2008-11-05,65.5,68.94999694824219,62.5,63.67499923706055,53.81863021850586,4182
2008-11-06,61.54999923706055,62.650001525878906,58.375,60.150001525878906,50.839271545410156,3724
2008-11-07,57.5,61.5,57.5,60.224998474121094,50.90266418457031,1322
2008-11-10,62.0,64.44999694824219,60.525001525878906,62.849998474121094,53.121334075927734,1548
2008-11-11,62.849998474121094,62.849998474121094,60.5,60.57500076293945,51.1984748840332,1982
2008-11-12,55.25,63.5,55.25,59.025001525878906,49.88841247558594,2596
2008-11-14,59.025001525878906,61.5,57.775001525878906,58.900001525878906,49.78275680541992,2412
2008-11-17,56.0,60.0,49.0,50.625,42.788665771484375,9782
2008-11-18,48.5,52.75,48.5,51.5,43.52821731567383,3596
2008-11-19,50.0,53.974998474121094,49.0,50.70000076293945,42.85205078125,770
2008-11-20,48.5,50.900001525878906,48.5,50.0,42.260398864746094,3276
2008-11-21,49.0,51.5,49.0,50.025001525878906,42.28153991699219,954
2008-11-24,45.04999923706055,53.5,45.04999923706055,51.125,43.21126174926758,712
2008-11-25,50.0,52.349998474121094,50.0,51.849998474121094,43.824039459228516,1658
2008-11-26,50.0,51.07500076293945,49.5,50.849998474121094,42.978824615478516,656
2008-11-27,50.849998474121094,50.849998474121094,50.849998474121094,50.849998474121094,42.978824615478516,0
2008-11-28,48.5,50.54999923706055,48.5,49.900001525878906,42.17588424682617,2608
2008-12-01,47.42499923706055,50.29999923706055,47.42499923706055,50.25,42.47170639038086,758
2008-12-02,47.775001525878906,50.650001525878906,47.775001525878906,50.25,42.47170639038086,1206
2008-12-03,48.0,50.0,48.0,49.474998474121094,41.816673278808594,438
2008-12-04,47.0,50.5,47.0,49.150001525878906,41.54198455810547,2084
2008-12-05,49.849998474121094,52.5,49.07500076293945,49.650001525878906,41.96458435058594,1500
2008-12-08,49.0,51.900001525878906,47.5,50.025001525878906,42.28153991699219,1862
2008-12-10,50.0,51.0,48.375,48.775001525878906,41.22502136230469,5410
2008-12-11,47.150001525878906,50.5,47.150001525878906,50.349998474121094,42.55623245239258,1758
2008-12-12,48.525001525878906,55.0,48.525001525878906,52.32500076293945,44.22551727294922,4708
2008-12-15,52.57500076293945,54.5,52.57500076293945,53.67499923706055,45.366546630859375,2660
2008-12-16,55.5,63.0,54.724998474121094,61.79999923706055,52.23386764526367,18912
2008-12-17,62.0,65.0,58.0,60.07500076293945,50.775875091552734,10160
2008-12-18,60.95000076293945,61.0,57.349998474121094,58.32500076293945,49.2967643737793,2022
2008-12-19,57.57500076293945,62.400001525878906,57.54999923706055,59.150001525878906,49.99406433105469,2708
2008-12-22,68.80000305175781,68.80000305175781,59.57500076293945,60.875,51.45204544067383,2514
2008-12-23,59.0,60.95000076293945,56.57500076293945,57.70000076293945,48.76850509643555,2720
2008-12-24,55.0,62.849998474121094,55.0,59.17499923706055,50.01519012451172,3980
2008-12-26,59.0,59.45000076293945,56.400001525878906,57.0,48.1768684387207,992
2008-12-29,56.400001525878906,57.95000076293945,54.5,56.92499923706055,48.113468170166016,1856
2008-12-30,56.400001525878906,58.92499923706055,56.400001525878906,58.0,49.02207565307617,590
2008-12-31,58.5,65.0,58.29999923706055,58.650001525878906,49.57145690917969,2338
2009-01-02,61.5,62.5,59.849998474121094,60.95000076293945,51.515438079833984,3500
2009-01-05,61.525001525878906,63.45000076293945,60.849998474121094,62.775001525878906,53.057945251464844,8920
2009-01-06,61.25,63.45000076293945,61.0,62.54999923706055,52.867774963378906,3942
2009-01-07,70.94999694824219,70.94999694824219,56.67499923706055,56.67499923706055,47.90217208862305,4912
2009-01-09,56.5,58.45000076293945,52.5,56.95000076293945,48.13459396362305,5356
2009-01-12,54.5,57.0,52.79999923706055,53.275001525878906,45.028465270996094,4414
2009-01-13,56.599998474121094,56.599998474121094,51.5,51.775001525878906,43.760650634765625,4422
2009-01-14,52.0,53.724998474121094,52.0,53.45000076293945,45.176368713378906,1608
2009-01-15,50.07500076293945,54.875,50.07500076293945,52.474998474121094,44.352294921875,1596
2009-01-16,50.974998474121094,53.32500076293945,43.525001525878906,51.150001525878906,43.23239517211914,1192
2009-01-19,49.0,51.95000076293945,49.0,50.75,42.894317626953125,1490
2009-01-20,50.75,52.849998474121094,50.75,51.70000076293945,43.697265625,4644
2009-01-21,52.79999923706055,52.79999923706055,49.5,50.45000076293945,42.6407470703125,1678
2009-01-22,50.0,52.599998474121094,48.79999923706055,49.25,41.626495361328125,726
2009-01-23,49.5,51.29999923706055,49.42499923706055,50.125,42.36605453491211,1420
2009-01-27,48.650001525878906,50.5,48.625,48.75,41.20389938354492,1038
2009-01-28,49.849998474121094,50.0,49.0,49.150001525878906,41.54198455810547,1014
2009-01-29,50.0,50.04999923706055,50.0,50.0,42.260398864746094,820
2009-01-30,49.04999923706055,52.5,49.0,52.025001525878906,43.971954345703125,1552
2009-02-02,50.0,52.32500076293945,49.29999923706055,49.5,41.83780288696289,1310
2009-02-03,49.5,51.67499923706055,48.525001525878906,51.400001525878906,43.443695068359375,2920
2009-02-04,49.0,52.20000076293945,49.0,49.20000076293945,41.58423614501953,1102
2009-02-05,50.0,51.82500076293945,48.57500076293945,50.724998474121094,42.87317657470703,798
2009-02-06,48.95000076293945,52.29999923706055,48.95000076293945,50.42499923706055,42.619625091552734,1426
2009-02-09,53.70000076293945,53.775001525878906,50.099998474121094,51.25,43.316917419433594,1846
2009-02-10,49.375,53.75,49.375,50.125,42.36605453491211,2700
2009-02-11,49.599998474121094,51.5,49.599998474121094,50.25,42.47170639038086,1294
2009-02-12,49.900001525878906,51.724998474121094,49.900001525878906,50.0,42.260398864746094,288
2009-02-13,50.5,53.150001525878906,50.0,50.0,42.260398864746094,926
2009-02-16,50.0,51.95000076293945,47.0,47.82500076293945,40.42207717895508,3794
2009-02-17,47.04999923706055,48.375,47.0,47.5,40.14738845825195,1950
2009-02-18,46.25,47.95000076293945,46.25,46.849998474121094,39.597991943359375,416
2009-02-19,46.5,47.5,46.25,46.474998474121094,39.281044006347656,2900
2009-02-20,45.54999923706055,47.0,45.0,45.29999923706055,38.28792953491211,1872
2009-02-24,45.25,46.25,45.0,45.75,38.668270111083984,2914
2009-02-25,45.75,46.900001525878906,45.0,45.125,38.14002227783203,942
2009-02-26,43.099998474121094,45.92499923706055,43.099998474121094,44.67499923706055,37.759666442871094,274
2009-02-27,42.525001525878906,46.20000076293945,42.5,43.45000076293945,36.72428894042969,1384
2009-03-02,42.5,43.0,40.0,41.54999923706055,35.11839294433594,1258
2009-03-03,39.75,49.724998474121094,39.75,47.07500076293945,39.788177490234375,57960
2009-03-04,47.5,49.375,45.0,47.04999923706055,39.76704025268555,13714
2009-03-05,46.5,47.95000076293945,42.04999923706055,42.974998474121094,36.32282257080078,5640
2009-03-06,45.724998474121094,45.724998474121094,40.775001525878906,41.275001525878906,34.885963439941406,3754
2009-03-09,40.17499923706055,40.224998474121094,34.474998474121094,38.900001525878906,32.87859344482422,5698
2009-03-12,38.525001525878906,38.900001525878906,36.79999923706055,37.25,31.48400115966797,1364
2009-03-13,37.5,39.375,36.57500076293945,37.54999923706055,31.73756980895996,6510
2009-03-16,40.0,40.0,37.25,38.57500076293945,32.60390853881836,4744
2009-03-17,37.67499923706055,42.0,37.67499923706055,40.20000076293945,33.97736740112305,7998
2009-03-18,40.0,47.0,40.0,44.099998474121094,37.273677825927734,14600
2009-03-19,45.0,46.95000076293945,41.25,44.224998474121094,37.37933349609375,6158
2009-03-20,45.0,48.0,41.04999923706055,45.625,38.562618255615234,6976
2009-03-23,46.224998474121094,46.5,44.625,45.275001525878906,38.26679229736328,1898
2009-03-24,44.099998474121094,47.25,44.099998474121094,44.42499923706055,37.54837417602539,1728
2009-03-25,44.5,45.79999923706055,43.0,44.32500076293945,37.46384811401367,1088
2009-03-26,47.25,47.25,44.0,44.400001525878906,37.527244567871094,3554
2009-03-27,45.400001525878906,47.25,44.625,44.75,37.82306671142578,3768
2009-03-30,46.099998474121094,46.150001525878906,44.5,44.82500076293945,37.88645935058594,3138
2009-03-31,43.5,45.224998474121094,43.5,43.54999923706055,36.80881118774414,2886
2009-04-01,45.45000076293945,48.224998474121094,45.45000076293945,47.45000076293945,40.105133056640625,14852
2009-04-02,49.32500076293945,49.349998474121094,47.04999923706055,48.224998474121094,40.760162353515625,13998
2009-04-06,49.04999923706055,57.875,47.099998474121094,57.875,48.91641616821289,39892
2009-04-08,57.5,68.0,55.5,63.099998474121094,53.3326301574707,57278
2009-04-09,65.9749984741211,66.5,60.5,61.474998474121094,51.959171295166016,14790
2009-04-13,61.5,66.0,59.54999923706055,64.5250015258789,54.537052154541016,13292
2009-04-15,61.5,70.6500015258789,61.5,66.8499984741211,56.50215530395508,17156
2009-04-16,68.94999694824219,70.0,60.525001525878906,63.724998474121094,53.86088562011719,8944
2009-04-17,60.0,63.5,59.5,60.17499923706055,50.860389709472656,11386
2009-04-20,58.025001525878906,61.92499923706055,58.025001525878906,60.32500076293945,50.9871826171875,2704
2009-04-21,58.25,59.0,57.07500076293945,58.400001525878906,49.36015319824219,8918
2009-04-22,59.0,59.45000076293945,56.849998474121094,56.849998474121094,48.05007553100586,2452
2009-04-23,58.54999923706055,59.20000076293945,56.5,58.125,49.127723693847656,1646
2009-04-24,56.099998474121094,59.04999923706055,56.099998474121094,58.400001525878906,49.36015319824219,3950
2009-04-27,59.900001525878906,64.25,59.724998474121094,63.275001525878906,53.48054122924805,10532
2009-04-28,67.5,68.0,59.650001525878906,61.099998474121094,51.642215728759766,4694
2009-04-29,61.29999923706055,62.5,60.125,61.25,51.76899337768555,1312
2009-04-30,62.0,62.0,62.0,62.0,52.40290832519531,0
2009-05-04,62.5,63.349998474121094,60.650001525878906,61.599998474121094,52.0648193359375,9714
2009-05-05,60.5,62.224998474121094,60.5,61.025001525878906,51.578826904296875,2836
2009-05-06,63.150001525878906,63.400001525878906,61.525001525878906,61.849998474121094,52.276119232177734,2840
2009-05-07,60.025001525878906,64.0,60.025001525878906,61.79999923706055,52.23386764526367,6104
2009-05-08,62.900001525878906,63.849998474121094,59.5,59.875,50.606834411621094,3346
2009-05-11,60.0,66.0,59.5,62.375,52.7198600769043,4888
2009-05-12,63.5,71.4749984741211,61.54999923706055,69.7249984741211,58.93212890625,37198
2009-05-13,70.0,70.55000305175781,67.0,67.80000305175781,57.305118560791016,12154
2009-05-14,65.0,66.75,63.525001525878906,65.4000015258789,55.276611328125,3816
2009-05-15,64.05000305175781,68.94999694824219,64.05000305175781,68.4000015258789,57.812232971191406,9000
2009-05-18,82.0,82.0,82.0,82.0,69.30706787109375,148
2009-05-19,68.5,81.0,68.5,73.9749984741211,62.52428436279297,16466
2009-05-20,77.0,88.7750015258789,75.5,88.7750015258789,75.03335571289062,33134
2009-05-21,104.9749984741211,104.9749984741211,92.67500305175781,96.6500015258789,81.68936920166016,25736
2009-05-22,95.05000305175781,99.44999694824219,92.6500015258789,95.2249984741211,80.48495483398438,10014
2009-05-25,94.75,104.75,94.75,104.75,88.5355453491211,13102
2009-05-26,109.5,109.5,94.5,96.42500305175781,81.49919128417969,16470
2009-05-27,102.5,105.25,97.57499694824219,100.625,85.049072265625,9976
2009-05-28,101.5,110.69999694824219,96.75,107.42500305175781,90.79649353027344,25832
2009-05-29,113.0,113.0,107.0,108.44999694824219,91.66281127929688,12658
2009-06-01,110.5,113.5,107.0,111.05000305175781,93.86035919189453,11236
2009-06-02,112.55000305175781,112.55000305175781,103.125,105.32499694824219,89.02153015136719,7398
2009-06-03,109.4749984741211,109.4749984741211,100.6500015258789,105.7750015258789,89.40188598632812,8866
2009-06-04,102.5250015258789,116.0,101.0,113.17500305175781,95.65644073486328,18822
2009-06-05,118.5,119.9749984741211,104.5,110.69999694824219,93.56453704833984,31652
2009-06-08,114.75,114.75,99.6500015258789,101.44999694824219,85.74635314941406,17042
2009-06-09,102.6500015258789,107.0,97.5,105.1500015258789,88.87364196777344,7322
2009-06-10,103.0250015258789,109.9749984741211,100.75,103.07499694824219,87.11983489990234,7406
2009-06-11,101.2750015258789,102.5,99.5,100.875,85.26036834716797,7522
2009-06-12,100.5,103.5,96.55000305175781,97.0999984741211,82.0697021484375,7850
2009-06-15,95.19999694824219,99.9749984741211,92.5,93.2750015258789,78.8367919921875,4068
2009-06-16,91.05000305175781,92.5,90.3499984741211,91.5,77.33654022216797,4382
2009-06-17,92.05000305175781,94.0,88.5,89.125,75.32917785644531,3928
2009-06-18,93.44999694824219,93.75,81.0,85.4749984741211,72.24415588378906,5434
2009-06-19,90.57499694824219,90.57499694824219,81.0250015258789,82.7750015258789,69.96209716796875,3334
2009-06-22,82.875,86.9749984741211,82.875,84.75,71.63137817382812,2308
2009-06-23,82.5,85.875,76.2750015258789,82.375,69.6240234375,6992
2009-06-24,81.80000305175781,90.625,81.5,90.625,76.59697723388672,7630
2009-06-25,92.5,99.69999694824219,92.5,98.4000015258789,83.16847229003906,26430
2009-06-26,105.0,107.0,93.0999984741211,95.875,81.03433227539062,19174
2009-06-29,98.30000305175781,103.3499984741211,95.55000305175781,100.80000305175781,85.19698333740234,10182
2009-06-30,98.5999984741211,101.9749984741211,93.05000305175781,93.80000305175781,79.280517578125,5000
2009-07-01,93.0,93.44999694824219,90.0250015258789,91.6500015258789,77.46333312988281,4238
2009-07-02,90.1500015258789,97.44999694824219,90.1500015258789,93.1500015258789,78.73114776611328,4078
2009-07-03,92.69999694824219,97.5,90.7249984741211,94.07499694824219,79.51294708251953,19414
2009-07-06,94.07499694824219,94.07499694824219,86.2750015258789,88.875,75.11787414550781,8080
2009-07-07,90.9000015258789,90.9000015258789,83.5,84.19999694824219,71.1665267944336,7594
2009-07-08,81.125,86.5,78.5,81.0,68.46186065673828,9092
2009-07-09,79.0,83.5250015258789,79.0,80.19999694824219,67.78569793701172,9110
2009-07-10,79.7750015258789,86.5,79.75,80.75,68.25056457519531,4620
2009-07-13,76.55000305175781,80.0,75.6500015258789,76.1500015258789,64.36260986328125,6590
2009-07-14,79.0,88.5,76.07499694824219,86.7249984741211,73.30067443847656,15952
2009-07-15,91.44999694824219,91.5,87.0999984741211,88.17500305175781,74.5262222290039,20606
2009-07-16,91.4749984741211,91.4749984741211,80.0,85.875,72.5822525024414,8550
2009-07-17,88.75,91.375,88.5,88.875,75.11787414550781,4910
2009-07-20,87.9749984741211,90.5,87.9749984741211,89.5999984741211,76.5924301147461,3176
2009-07-21,88.5,88.8499984741211,87.5,88.1500015258789,75.35295867919922,2444
2009-07-22,90.0,94.92500305175781,88.92500305175781,89.05000305175781,76.1222915649414,10320
2009-07-23,92.0,92.5,89.82499694824219,91.875,78.53717041015625,3580
2009-07-24,91.30000305175781,92.94999694824219,90.0,91.3499984741211,78.08838653564453,5154
2009-07-27,91.5,92.5,90.75,91.44999694824219,78.17388153076172,3098
2009-07-28,92.5,95.0,91.0,92.67500305175781,79.22103881835938,5766
2009-07-29,99.0,99.0,90.0,90.75,77.57550048828125,8698
2009-07-30,91.0,91.5,88.0,88.5999984741211,75.73761749267578,8632
2009-07-31,91.69999694824219,91.69999694824219,87.57499694824219,88.375,75.5452880859375,3950
2009-08-03,85.0,89.9749984741211,82.5,88.69999694824219,75.8230972290039,4870
2009-08-04,88.0,91.5,88.0,89.25,76.29325866699219,2986
2009-08-05,87.57499694824219,91.2249984741211,87.57499694824219,89.94999694824219,76.89161682128906,706
2009-08-06,89.0,89.9749984741211,87.5,88.7750015258789,75.88720703125,10302
2009-08-07,80.0,86.9749984741211,80.0,84.7750015258789,72.4679183959961,3018
2009-08-10,86.5,88.9749984741211,82.55000305175781,83.5999984741211,71.4634780883789,2724
2009-08-11,84.5,87.5,82.55000305175781,83.32499694824219,71.22840118408203,5348
2009-08-12,82.5,83.5,81.0,81.9000015258789,70.01028442382812,4488
2009-08-13,83.0,92.5,82.0250015258789,90.32499694824219,77.21218872070312,23856
2009-08-14,91.5,94.94999694824219,86.5,91.6500015258789,78.34484100341797,11292
2009-08-17,90.0,91.75,87.05000305175781,87.5,74.79732513427734,4224
2009-08-18,86.0,91.25,85.07499694824219,88.9749984741211,76.05818176269531,3716
2009-08-19,91.44999694824219,91.44999694824219,87.0250015258789,87.7249984741211,74.9896469116211,2544
2009-08-20,86.75,88.8499984741211,86.75,87.375,74.69046020507812,2228
2009-08-21,87.5,88.9749984741211,86.25,86.94999694824219,74.3271484375,3720
2009-08-24,90.0,99.0,88.5,94.42500305175781,80.71699523925781,51850
2009-08-25,94.55000305175781,101.75,93.625,97.3499984741211,83.21733856201172,41478
2009-08-26,96.07499694824219,112.5,95.5,105.80000305175781,90.44062805175781,71712
2009-08-27,105.5,116.5,103.5250015258789,111.1500015258789,95.01395416259766,127680
2009-08-28,112.0,112.0,104.0,105.4749984741211,90.16280364990234,27266
2009-08-31,101.05000305175781,106.625,101.05000305175781,103.17500305175781,88.19671630859375,8440
2009-09-01,102.6500015258789,107.3499984741211,100.67500305175781,101.82499694824219,87.04269409179688,12926
2009-09-02,97.5,101.9749984741211,97.5,99.875,85.37578582763672,6480
2009-09-03,100.75,106.0,98.5,99.5250015258789,85.07659149169922,20602
2009-09-04,94.0,105.4749984741211,93.4000015258789,101.4749984741211,86.74349975585938,28048
2009-09-07,100.5,109.5,100.0,105.17500305175781,89.90635681152344,28944
2009-09-08,107.5,109.25,102.5999984741211,103.44999694824219,88.43177032470703,10568
2009-09-09,104.92500305175781,104.92500305175781,100.125,101.375,86.65802764892578,5958
2009-09-10,105.0,105.25,99.07499694824219,99.875,85.37578582763672,5846
2009-09-11,104.0,104.0,88.9000015258789,96.19999694824219,82.23429870605469,31248
2009-09-14,95.0,99.55000305175781,95.0,98.0999984741211,83.85848236083984,3276
2009-09-15,99.0,103.0,97.1500015258789,99.44999694824219,85.0124740600586,32116
2009-09-16,102.375,102.42500305175781,97.7750015258789,98.4749984741211,84.17903137207031,16584
2009-09-17,99.9749984741211,99.9749984741211,96.5,97.44999694824219,83.3028335571289,9578
2009-09-18,98.4749984741211,116.94999694824219,95.5250015258789,113.19999694824219,96.76636505126953,288496
2009-09-22,114.75,114.75,105.17500305175781,107.8499984741211,92.19302368164062,80882
2009-09-23,107.44999694824219,118.44999694824219,105.19999694824219,110.92500305175781,94.82161712646484,133226
2009-09-24,107.5,116.4000015258789,107.5,110.875,94.77886962890625,75596
2009-09-25,109.5,115.0,109.17500305175781,112.67500305175781,96.31756591796875,94556
2009-09-29,112.5,114.9749984741211,107.6500015258789,108.875,93.0692367553711,23844
2009-09-30,110.0,114.0,110.0,110.4749984741211,94.43695068359375,23542
2009-10-01,110.25,112.0,107.5250015258789,108.625,92.85552215576172,21986
2009-10-05,108.0,109.75,104.55000305175781,105.375,90.07732391357422,16398
2009-10-06,104.55000305175781,107.375,101.05000305175781,103.32499694824219,88.32493591308594,25618
2009-10-07,105.0,110.5250015258789,105.0,106.30000305175781,90.8680419921875,30088
2009-10-08,107.44999694824219,109.0,102.75,103.57499694824219,88.53865051269531,12578
2009-10-09,106.0,114.4000015258789,102.5250015258789,108.92500305175781,93.11197662353516,38816
2009-10-12,110.0,111.5,106.0,107.94999694824219,92.27850341796875,43602
2009-10-13,106.5,106.5,106.5,106.5,91.03900909423828,0
2009-10-14,107.55000305175781,108.375,105.6500015258789,106.5,91.03900909423828,11558
2009-10-15,107.9000015258789,109.5,106.5250015258789,107.30000305175781,91.7228775024414,7554
2009-10-16,107.30000305175781,111.94999694824219,105.0,108.2249984741211,92.51358795166016,39770
2009-10-20,110.25,116.94999694824219,110.25,111.375,95.20629119873047,104308
2009-10-21,111.0,112.44999694824219,108.0250015258789,108.875,93.0692367553711,17576
2009-10-22,110.92500305175781,110.92500305175781,105.05000305175781,105.75,90.39788818359375,19048
2009-10-23,108.9000015258789,108.94999694824219,105.625,105.7750015258789,90.41926574707031,10554
2009-10-26,104.8499984741211,108.44999694824219,104.0,105.0999984741211,89.84224700927734,8226
2009-10-27,104.0250015258789,104.8499984741211,100.05000305175781,100.625,86.01690673828125,11094
2009-10-28,97.55000305175781,100.0,96.55000305175781,98.07499694824219,83.83709716796875,11778
2009-10-29,97.0,99.0,95.44999694824219,95.9000015258789,81.97785186767578,10076
2009-10-30,95.0,99.0,94.0999984741211,95.5,81.63591766357422,6498
2009-11-03,95.55000305175781,95.55000305175781,88.0,88.82499694824219,75.9299545288086,6304
2009-11-04,89.0999984741211,91.25,87.0,89.4000015258789,76.4214859008789,11194
2009-11-05,87.75,91.5,87.05000305175781,90.4749984741211,77.34040832519531,13038
2009-11-06,92.5,99.4000015258789,92.0,97.7249984741211,83.53791046142578,9670
2009-11-09,97.75,98.5,94.5,96.0999984741211,82.1488037109375,22580
2009-11-10,99.0,99.3499984741211,93.5,94.07499694824219,80.41779327392578,16036
2009-11-11,93.625,97.5,93.55000305175781,95.75,81.84962463378906,10084
2009-11-12,95.125,96.9749984741211,93.5,94.8499984741211,81.08027648925781,8376
2009-11-13,95.0,97.3499984741211,93.5,94.125,80.46051788330078,6976
2009-11-16,94.5,95.94999694824219,94.0250015258789,94.5250015258789,80.8024673461914,4410
2009-11-17,96.44999694824219,96.44999694824219,92.57499694824219,93.125,79.60570526123047,14748
2009-11-18,93.125,95.9000015258789,93.0250015258789,94.9749984741211,81.18714141845703,7128
2009-11-19,95.9000015258789,95.92500305175781,93.5,94.1500015258789,80.48191833496094,6566
2009-11-20,95.0,95.9000015258789,92.5999984741211,93.9749984741211,80.3322982788086,9730
2009-11-23,94.1500015258789,95.44999694824219,93.5999984741211,94.4749984741211,80.75971984863281,5326
2009-11-24,90.0,95.5,90.0,94.0250015258789,80.37503814697266,4894
2009-11-25,93.75,95.9749984741211,92.5999984741211,92.75,79.28515625,8076
2009-11-26,94.80000305175781,95.5,93.07499694824219,94.7249984741211,80.97342681884766,8142
2009-11-27,90.30000305175781,93.0,89.5,91.80000305175781,78.47306823730469,12626
2009-11-30,93.625,93.625,90.75,91.3499984741211,78.08838653564453,7254
2009-12-01,92.0,93.5,91.125,92.69999694824219,79.24240112304688,4804
2009-12-02,93.05000305175781,98.44999694824219,93.05000305175781,96.0999984741211,82.1488037109375,22372
2009-12-03,96.0,97.875,95.0999984741211,95.9000015258789,81.97785186767578,7498
2009-12-04,95.8499984741211,96.0,95.0,95.25,81.4222183227539,3600
2009-12-07,94.55000305175781,106.5,94.5,101.2750015258789,86.5725326538086,107186
2009-12-08,102.5,106.25,99.05000305175781,102.2249984741211,87.38462829589844,48396
2009-12-09,101.30000305175781,101.30000305175781,97.5,98.5999984741211,84.28590393066406,10040
2009-12-10,99.0,101.0,95.55000305175781,96.0,82.06333923339844,11506
2009-12-11,98.9749984741211,98.9749984741211,95.0,95.55000305175781,81.67865753173828,14810
2009-12-14,95.5,96.8499984741211,94.5,95.5250015258789,81.65729522705078,8550
2009-12-15,95.17500305175781,103.5,94.1500015258789,96.75,82.70445251464844,116532
2009-12-16,97.25,116.0999984741211,95.32499694824219,112.25,95.95427703857422,1921448
2009-12-17,112.0,113.0,106.5,108.2249984741211,92.51358795166016,374060
2009-12-18,108.2249984741211,111.8499984741211,103.2750015258789,104.32499694824219,89.17977905273438,99456
2009-12-21,104.69999694824219,107.0,100.2750015258789,101.9000015258789,87.1068115234375,37370
2009-12-22,103.3499984741211,110.4749984741211,103.0,104.05000305175781,88.94469451904297,125106
2009-12-23,105.8499984741211,109.94999694824219,104.625,105.6500015258789,90.31240844726562,146188
2009-12-24,107.3499984741211,111.0,106.05000305175781,107.5250015258789,91.91520690917969,166386
2009-12-29,107.625,109.5,105.5,106.875,91.35957336425781,39106
2009-12-30,108.44999694824219,110.5,105.875,106.5250015258789,91.06038665771484,72266
2009-12-31,108.0,108.4749984741211,104.5,105.25,89.97047424316406,25976
2010-01-04,107.25,121.44999694824219,105.5250015258789,119.07499694824219,101.7884521484375,1259744
2010-01-05,119.92500305175781,119.92500305175781,113.0,114.30000305175781,97.70663452148438,276998
2010-01-06,115.69999694824219,117.5,112.07499694824219,112.375,96.06110382080078,55108
2010-01-07,112.375,122.5,111.5250015258789,116.07499694824219,99.22396850585938,490804
2010-01-08,117.4000015258789,117.4749984741211,111.125,111.80000305175781,95.56959533691406,64014
2010-01-11,113.44999694824219,122.0,112.6500015258789,115.9749984741211,99.13848876953125,133424
2010-01-12,117.5,117.75,111.44999694824219,112.19999694824219,95.9115219116211,47400
2010-01-13,110.5,116.875,110.5,114.25,97.6639175415039,71522
2010-01-14,116.0,123.625,114.55000305175781,120.875,103.32714080810547,434108
2010-01-15,121.5,126.4000015258789,118.625,119.92500305175781,102.51505279541016,240334
2010-01-18,119.19999694824219,122.25,117.0250015258789,117.44999694824219,100.39935302734375,69180
2010-01-19,118.42500305175781,121.25,115.17500305175781,116.0,99.15987396240234,39984
2010-01-20,115.0,119.9000015258789,115.0,115.8499984741211,99.03163146972656,34892
2010-01-21,114.5,122.5,108.5,112.375,96.06110382080078,104212
2010-01-22,108.5,117.0,108.0,110.67500305175781,94.60791778564453,63588
2010-01-25,109.5,113.4749984741211,109.42500305175781,110.5999984741211,94.5438003540039,22466
2010-01-27,111.19999694824219,115.3499984741211,105.44999694824219,106.92500305175781,91.4023208618164,64696
2010-01-28,105.5,111.3499984741211,105.07499694824219,105.7249984741211,90.37649536132812,30504
2010-01-29,103.9749984741211,114.5,100.55000305175781,108.0250015258789,92.3426284790039,318690
2010-02-01,108.9749984741211,111.69999694824219,107.5250015258789,108.625,92.85552215576172,30784
2010-02-02,111.75,120.2249984741211,109.69999694824219,112.42500305175781,96.10387420654297,496970
2010-02-03,113.75,116.0,111.69999694824219,112.5250015258789,96.18933868408203,42712
2010-02-04,112.0,115.375,109.19999694824219,110.17500305175781,94.18051147460938,39944
2010-02-05,102.75,108.0,102.75,104.25,89.11564636230469,30506
2010-02-08,103.0,108.44999694824219,103.0,104.5999984741211,89.41484832763672,25372
2010-02-09,105.7249984741211,108.25,104.0999984741211,105.5,90.1842041015625,44240
2010-02-10,108.92500305175781,108.92500305175781,104.5,105.55000305175781,90.22692108154297,35128
2010-02-11,105.5,109.0,105.5,107.25,91.68013763427734,56604
2010-02-15,108.80000305175781,109.19999694824219,105.55000305175781,106.2249984741211,90.80394744873047,22282
2010-02-16,106.7750015258789,107.3499984741211,105.0,105.7750015258789,90.41926574707031,12658
2010-02-17,107.75,109.19999694824219,105.75,106.42500305175781,90.97491455078125,23522
2010-02-18,105.7750015258789,116.44999694824219,105.75,109.8499984741211,93.90267181396484,470458
2010-02-19,109.3499984741211,112.9749984741211,107.5,108.17500305175781,92.4708480834961,106642
2010-02-22,110.125,117.69999694824219,108.5,111.25,95.09944915771484,653942
2010-02-23,111.0,113.44999694824219,108.6500015258789,109.0250015258789,93.19744873046875,61602
2010-02-24,108.5,114.25,107.5250015258789,108.875,93.0692367553711,115856
2010-02-25,111.9000015258789,111.9000015258789,106.75,107.375,91.78697967529297,33678
2010-02-26,108.44999694824219,111.0,105.0,106.92500305175781,91.4023208618164,57598
2010-03-02,108.94999694824219,109.94999694824219,107.5999984741211,108.05000305175781,92.36400604248047,23432
2010-03-03,108.5999984741211,111.5,107.0,109.25,93.3897933959961,42138
2010-03-04,110.4000015258789,110.75,108.5,109.0,93.17607879638672,25066
2010-03-05,112.4000015258789,112.4000015258789,109.55000305175781,109.9000015258789,93.9454345703125,22066
2010-03-08,110.5250015258789,112.5,110.0999984741211,110.375,94.35145568847656,31670
2010-03-09,110.25,111.6500015258789,109.32499694824219,109.75,93.81719970703125,16284
2010-03-10,109.07499694824219,113.8499984741211,109.07499694824219,110.625,94.5651626586914,79148
2010-03-11,108.5,113.9749984741211,108.5,110.55000305175781,94.50105285644531,83530
2010-03-12,112.5,113.9000015258789,110.5,110.9000015258789,94.80025482177734,28676
2010-03-15,110.625,111.7249984741211,108.57499694824219,109.17500305175781,93.32566833496094,16286
2010-03-16,110.375,111.0,109.5,109.80000305175781,93.85994720458984,11398
2010-03-17,110.5,112.44999694824219,108.25,108.67500305175781,92.89826202392578,24636
2010-03-18,109.82499694824219,115.5,109.25,111.82499694824219,95.59095001220703,247346
2010-03-19,113.0,115.0,111.0250015258789,111.5,95.31314086914062,31618
2010-03-22,110.05000305175781,113.5,109.0,111.67500305175781,95.46273803710938,32696
2010-03-23,112.5250015258789,115.9000015258789,112.5,113.55000305175781,97.06554412841797,100588
2010-03-25,113.0250015258789,117.92500305175781,113.0250015258789,114.625,97.9844741821289,72104
2010-03-26,114.5,116.0,114.0,114.5999984741211,97.96310424804688,28840
2010-03-29,113.19999694824219,118.9000015258789,113.0,116.55000305175781,99.6300277709961,109436
2010-03-30,116.55000305175781,118.0,114.0,114.9749984741211,98.28368377685547,14882
2010-03-31,116.32499694824219,116.32499694824219,114.5,114.94999694824219,98.26229858398438,6434
2010-04-01,115.0,117.9749984741211,115.0,115.80000305175781,98.98889923095703,20504
2010-04-05,116.5999984741211,119.0,116.25,117.42500305175781,100.37799072265625,30444
2010-04-06,116.75,119.92500305175781,116.0250015258789,116.9749984741211,99.99331665039062,27872
2010-04-07,118.19999694824219,118.19999694824219,115.0,115.42500305175781,98.66834259033203,9742
2010-04-08,117.9749984741211,117.9749984741211,115.2750015258789,115.92500305175781,99.09576416015625,11694
2010-04-09,116.17500305175781,117.0,114.55000305175781,115.1500015258789,98.43326568603516,5690
2010-04-12,115.0,115.9749984741211,113.5250015258789,114.2750015258789,97.68529510498047,6428
2010-04-13,114.67500305175781,118.5,114.5,114.8499984741211,98.17681121826172,31198
2010-04-15,115.75,116.4000015258789,113.7750015258789,114.2249984741211,97.64253234863281,7802
2010-04-16,113.5,114.3499984741211,111.0250015258789,112.19999694824219,95.9115219116211,6428
2010-04-19,111.44999694824219,113.5,110.0250015258789,112.94999694824219,96.5526351928711,18780
2010-04-20,113.5,115.5,112.125,114.9000015258789,98.21955108642578,14554
2010-04-21,117.25,117.25,114.2750015258789,114.5999984741211,97.96310424804688,8872
2010-04-22,114.5,115.9000015258789,114.125,114.69999694824219,98.048583984375,9926
2010-04-23,116.94999694824219,118.42500305175781,113.75,114.3499984741211,97.74939727783203,8976
2010-04-26,115.4749984741211,115.5,114.19999694824219,115.0999984741211,98.39051055908203,10474
2010-04-27,107.5999984741211,116.44999694824219,107.5999984741211,114.625,97.9844741821289,19210
2010-04-28,112.5,118.0,112.5,114.4749984741211,97.85624694824219,31458
2010-04-29,115.0,116.0,114.2249984741211,115.1500015258789,98.43326568603516,5592
2010-04-30,114.5250015258789,122.1500015258789,114.5250015258789,118.19999694824219,101.04048156738281,195368
2010-05-03,117.9749984741211,118.32499694824219,114.57499694824219,115.125,98.4118881225586,15794
2010-05-04,116.67500305175781,116.67500305175781,112.5,112.7750015258789,96.40303802490234,9102
2010-05-05,110.0,112.44999694824219,109.125,110.6500015258789,94.58653259277344,7146
2010-05-06,110.5,114.94999694824219,110.5,111.19999694824219,95.05667877197266,26528
2010-05-07,109.17500305175781,110.9749984741211,107.5,108.6500015258789,92.87689208984375,6260
2010-05-10,109.0,112.19999694824219,109.0,110.6500015258789,94.58653259277344,10830
2010-05-11,109.5,111.7750015258789,109.5,110.125,94.13775634765625,2546
2010-05-12,110.75,111.44999694824219,107.6500015258789,108.7249984741211,92.94099426269531,4526
2010-05-13,107.5,110.9749984741211,107.5,108.5999984741211,92.83415222167969,3552
2010-05-14,108.67500305175781,115.3499984741211,107.2750015258789,110.69999694824219,94.62928771972656,170534
2010-05-17,109.0999984741211,111.94999694824219,107.67500305175781,109.8499984741211,93.90267181396484,20864
2010-05-18,108.94999694824219,115.5,108.94999694824219,113.625,97.1296615600586,125536
2010-05-19,114.1500015258789,115.5,112.5,114.07499694824219,97.51432037353516,34906
2010-05-20,114.0,116.75,112.25,114.4000015258789,97.79212951660156,20002
2010-05-21,110.1500015258789,115.5,110.125,113.7750015258789,97.25788116455078,22716
2010-05-24,113.125,117.9000015258789,113.125,115.2750015258789,98.54012298583984,34710
2010-05-25,112.05000305175781,115.0,111.625,112.0999984741211,95.8260498046875,15662
2010-05-26,113.25,116.44999694824219,112.05000305175781,115.4749984741211,98.71107482910156,25148
2010-05-27,114.625,116.25,114.25,114.9749984741211,98.28368377685547,13072
2010-05-28,114.5,116.75,114.19999694824219,114.69999694824219,98.048583984375,7534
2010-05-31,114.0,117.0,114.0,115.19999694824219,98.47600555419922,10574
2010-06-01,114.5,116.8499984741211,111.67500305175781,112.17500305175781,95.89014434814453,6314
2010-06-02,114.0,114.0,111.82499694824219,112.4000015258789,96.08246612548828,1860
2010-06-03,114.5,114.5,111.9000015258789,112.55000305175781,96.2107162475586,3012
2010-06-04,110.55000305175781,114.0,110.55000305175781,112.4749984741211,96.1465835571289,1854
2010-06-07,111.5,112.4749984741211,110.05000305175781,111.0999984741211,94.97120666503906,4014
2010-06-08,114.5,114.5,108.17500305175781,108.67500305175781,92.89826202392578,8378
2010-06-09,110.0,110.44999694824219,107.5,107.9749984741211,92.29988861083984,4192
2010-06-10,108.5250015258789,109.9749984741211,108.5250015258789,109.0,93.17607879638672,2226
2010-06-11,110.0,110.30000305175781,108.5,108.75,92.96237182617188,4808
2010-06-14,109.0,110.5,108.7750015258789,110.0250015258789,94.05227661132812,6462
2010-06-15,110.75,112.0,108.75,110.94999694824219,94.84297943115234,13150
2010-06-16,112.25,113.0,110.5250015258789,110.9749984741211,94.86436462402344,16850
2010-06-17,110.5250015258789,112.94999694824219,108.625,109.9749984741211,94.00953674316406,19664
2010-06-18,110.9749984741211,112.1500015258789,108.125,108.67500305175781,92.89826202392578,17278
2010-06-21,106.32499694824219,111.0,105.25,109.55000305175781,93.64623260498047,1192
2010-06-22,110.0250015258789,111.5,108.7249984741211,109.7249984741211,93.79582977294922,7134
2010-06-23,109.69999694824219,110.5,108.5999984741211,109.5250015258789,93.62487030029297,4012
2010-06-24,110.0,110.0,108.625,109.0250015258789,93.19744873046875,1280
2010-06-25,108.625,109.44999694824219,108.0,108.42500305175781,92.68456268310547,2836
2010-06-28,108.05000305175781,111.44999694824219,108.05000305175781,109.80000305175781,93.85994720458984,13070
2010-06-29,109.5,110.8499984741211,108.5,108.92500305175781,93.11197662353516,2256
2010-06-30,108.2750015258789,109.92500305175781,108.2750015258789,108.625,92.85552215576172,4496
2010-07-01,108.57499694824219,110.42500305175781,107.625,108.2249984741211,92.51358795166016,6426
2010-07-02,108.0,109.0,107.0250015258789,107.5,91.89383697509766,2112
2010-07-05,108.0,108.5,105.25,106.55000305175781,91.08175659179688,8516
2010-07-06,107.5,108.0,105.5,106.55000305175781,91.08175659179688,5672
2010-07-07,101.0,108.375,101.0,107.625,92.00067901611328,5656
2010-07-08,108.2249984741211,109.3499984741211,107.75,107.8499984741211,92.19302368164062,7382
2010-07-09,107.6500015258789,108.44999694824219,105.5999984741211,106.5999984741211,91.12451171875,4556
2010-07-12,107.625,110.5,106.75,107.0999984741211,91.55191040039062,19310
2010-07-13,108.125,108.5,107.0250015258789,107.25,91.68013763427734,1518
2010-07-14,108.0,108.0,105.5,106.375,90.93215942382812,2060
2010-07-15,107.875,107.875,105.5250015258789,105.92500305175781,90.5474853515625,5388
2010-07-16,106.5,107.2249984741211,106.2249984741211,106.4000015258789,90.95353698730469,1722
2010-07-19,106.5,108.19999694824219,106.17500305175781,107.5250015258789,91.91520690917969,6354
2010-07-20,109.4749984741211,109.4749984741211,105.75,106.2750015258789,90.8466796875,9744
2010-07-21,105.5,110.0,105.5,107.69999694824219,92.06478118896484,18580
2010-07-22,106.0,124.3499984741211,106.0,121.4000015258789,103.77593231201172,2107448
2010-07-23,122.0,122.0,117.05000305175781,118.375,101.19009399414062,287548
2010-07-26,118.0,133.4499969482422,115.0,130.75,111.76856231689453,2327666
2010-07-27,129.02499389648438,137.22500610351562,126.67500305175781,131.27499389648438,112.21731567382812,1524168
2010-07-28,131.5,131.9499969482422,123.05000305175781,126.0,107.7081298828125,81358
2010-07-29,126.44999694824219,138.5,124.0,133.1999969482422,113.86286163330078,952464
2010-07-30,133.5,134.85000610351562,128.0,129.22500610351562,111.30054473876953,152160
2010-08-02,129.5,136.4499969482422,129.5,132.47500610351562,114.09974670410156,228112
2010-08-03,134.35000610351562,135.1999969482422,129.0749969482422,130.22500610351562,112.16183471679688,139198
2010-08-04,129.60000610351562,134.1999969482422,129.0,130.97500610351562,112.80780029296875,122282
2010-08-05,130.9499969482422,132.85000610351562,127.5,128.25,110.46076965332031,51306
2010-08-06,129.0,133.6999969482422,127.7750015258789,128.35000610351562,110.54690551757812,103124
2010-08-09,127.0,132.0,127.0,127.9000015258789,110.15930938720703,54872
2010-08-10,128.35000610351562,131.72500610351562,127.0,127.7249984741211,110.00858306884766,96042
2010-08-11,129.0500030517578,134.8249969482422,129.0500030517578,131.4499969482422,113.2169189453125,151504
2010-08-12,121.05000305175781,140.3249969482422,121.05000305175781,137.64999389648438,118.55691528320312,711610
2010-08-13,139.14999389648438,144.0,138.5,140.10000610351562,120.6670913696289,277130
2010-08-16,139.0,141.4499969482422,134.5,135.125,116.38217163085938,43028
2010-08-17,137.4499969482422,137.4499969482422,132.35000610351562,133.27499389648438,114.78876495361328,44610
2010-08-18,132.5,140.35000610351562,132.5,135.85000610351562,117.0066146850586,119874
2010-08-19,132.0,136.9499969482422,132.0,134.5749969482422,115.90843200683594,13152
2010-08-20,133.0,136.89999389648438,132.10000610351562,132.75,114.33659362792969,25518
2010-08-23,131.75,134.85000610351562,131.75,133.47500610351562,114.9610366821289,19888
2010-08-24,133.0,136.89999389648438,128.0749969482422,129.375,111.42972564697266,11402
2010-08-25,124.0,130.97500610351562,124.0,128.4499969482422,110.63302612304688,10438
2010-08-26,124.05000305175781,131.5,124.05000305175781,126.5250015258789,108.97505187988281,31800
2010-08-27,126.0,130.72500610351562,125.5999984741211,129.22500610351562,111.30054473876953,27842
2010-08-30,130.47500610351562,151.35000610351562,130.47500610351562,148.85000610351562,128.20338439941406,1956016
2010-08-31,145.0,149.39999389648438,137.75,140.35000610351562,120.8824234008789,418648
2010-09-01,137.14999389648438,153.25,137.14999389648438,147.02499389648438,126.6315689086914,1194680
2010-09-02,144.0,176.4499969482422,144.0,171.8249969482422,147.9916229248047,6375418
2010-09-03,171.5,180.25,165.625,173.52499389648438,149.45574951171875,2260100
2010-09-06,170.5,188.22500610351562,170.5,180.02499389648438,155.05419921875,2283538
2010-09-07,179.9499969482422,192.75,170.625,185.27499389648438,159.5759735107422,2054786
2010-09-08,177.47500610351562,190.8249969482422,177.0,184.22500610351562,158.671630859375,425522
2010-09-09,184.125,186.9499969482422,177.10000610351562,178.25,153.52542114257812,239292
2010-09-13,178.3000030517578,186.14999389648438,176.52499389648438,180.5,155.46331787109375,490930
2010-09-14,181.5,185.9250030517578,175.5,176.8249969482422,152.29806518554688,348774
2010-09-15,177.5,182.39999389648438,172.5749969482422,173.8000030517578,149.692626953125,293830
2010-09-16,174.4250030517578,177.9499969482422,169.0500030517578,171.0,147.2810516357422,323780
2010-09-17,172.0,175.75,168.0,169.52499389648438,146.0106201171875,154488
2010-09-20,170.60000610351562,175.0,168.0500030517578,170.6750030517578,147.00111389160156,301524
2010-09-21,171.89999389648438,172.4499969482422,164.0,166.10000610351562,143.06069946289062,108654
2010-09-22,167.4499969482422,167.4499969482422,157.8000030517578,159.0749969482422,137.01011657714844,86070
2010-09-23,160.0,174.85000610351562,156.3000030517578,172.3000030517578,148.4007110595703,1166474
2010-09-24,172.9250030517578,179.0,169.0,170.3000030517578,146.67811584472656,438304
2010-09-27,172.0,176.35000610351562,164.0,170.75,147.06568908691406,255862
2010-09-28,166.64999389648438,174.5,166.64999389648438,170.02499389648438,146.44125366210938,181118
2010-09-29,169.4250030517578,172.39999389648438,166.0500030517578,166.60000610351562,143.49134826660156,84962
2010-09-30,167.25,168.0,160.125,161.22500610351562,138.86190795898438,64714
2010-10-01,157.64999389648438,170.5,157.64999389648438,164.35000610351562,141.55343627929688,197948
2010-10-04,165.0,170.0,163.5,164.60000610351562,141.76876831054688,83250
2010-10-05,164.5,167.97500610351562,162.0,162.47500610351562,139.9385528564453,87190
2010-10-06,163.9250030517578,168.0,162.5,164.25,141.46730041503906,156460
2010-10-07,163.5,172.5,163.5,168.02499389648438,144.71865844726562,277140
2010-10-08,168.5,174.5500030517578,168.5,170.0,146.4197235107422,243394
2010-10-11,167.5,173.75,167.5,168.25,144.9124755859375,62166
2010-10-12,168.39999389648438,169.47500610351562,164.52499389648438,165.5500030517578,142.5869903564453,44812
2010-10-13,162.125,168.4499969482422,162.125,165.9499969482422,142.93148803710938,44736
2010-10-14,162.0,168.0,162.0,164.25,141.46730041503906,34028
2010-10-15,163.5,167.85000610351562,161.25,162.4499969482422,139.91697692871094,49980
2010-10-18,161.0,164.39999389648438,158.10000610351562,161.5,139.09873962402344,38018
2010-10-19,158.1999969482422,164.75,158.1999969482422,161.14999389648438,138.7973175048828,25446
2010-10-20,160.0,163.9250030517578,159.5,160.22500610351562,138.00062561035156,20564
2010-10-21,161.1999969482422,162.72500610351562,159.0,160.22500610351562,138.00062561035156,12648
2010-10-22,161.3000030517578,162.64999389648438,159.27499389648438,159.85000610351562,137.67764282226562,25762
2010-10-25,158.25,173.4499969482422,158.25,168.6750030517578,145.27853393554688,147222
2010-10-26,168.97500610351562,174.75,165.625,167.10000610351562,143.9219512939453,189886
2010-10-27,160.3000030517578,174.47500610351562,160.3000030517578,164.375,141.57501220703125,101370
2010-10-28,167.5,171.5,165.5,166.1999969482422,143.1468048095703,108484
2010-10-29,167.375,173.5,164.5,166.6999969482422,143.57745361328125,168082
2010-11-01,165.64999389648438,168.9499969482422,164.125,164.89999389648438,142.0271453857422,39372
2010-11-02,150.0,167.5,150.0,162.9499969482422,140.34767150878906,22880
2010-11-03,158.0,165.5,158.0,162.77499389648438,140.1968994140625,18626
2010-11-04,162.6999969482422,163.9250030517578,161.27499389648438,161.75,139.31407165527344,41728
2010-11-08,161.0,163.97500610351562,161.0,162.0,139.52940368652344,7566
2010-11-09,162.4250030517578,166.0,162.4250030517578,163.1999969482422,140.56292724609375,22150
2010-11-10,162.39999389648438,182.5,162.39999389648438,176.6750030517578,152.16883850097656,770084
2010-11-11,177.5,180.5,170.125,171.3249969482422,147.56094360351562,122172
2010-11-12,170.0,173.0,166.0,167.10000610351562,143.9219512939453,48710
2010-11-15,166.1999969482422,168.0,162.60000610351562,164.4250030517578,141.61802673339844,38018
2010-11-16,163.0,171.75,156.75,157.8000030517578,135.91195678710938,69414
2010-11-18,159.1999969482422,164.9250030517578,153.0,155.6999969482422,134.10324096679688,47526
2010-11-19,156.0,161.1999969482422,153.0,153.75,132.42372131347656,69656
2010-11-22,155.1999969482422,158.9499969482422,152.5749969482422,155.1999969482422,133.67259216308594,20484
2010-11-23,153.9250030517578,157.47500610351562,150.1750030517578,151.72500610351562,130.6796112060547,27390
2010-11-24,152.0,157.0,147.9499969482422,151.8249969482422,130.7657470703125,40300
2010-11-25,152.5,154.5,146.5,147.1999969482422,126.7822494506836,19292
2010-11-26,145.02499389648438,147.97500610351562,137.0,138.5500030517578,119.33207702636719,18672
2010-11-29,140.6999969482422,143.8000030517578,137.5,138.875,119.61199951171875,31526
2010-11-30,139.39999389648438,142.5,135.6999969482422,140.5,121.01162719726562,26598
2010-12-01,142.89999389648438,149.5,133.14999389648438,143.8000030517578,123.85387420654297,72100
2010-12-02,141.0,154.0,141.0,146.8249969482422,126.45929718017578,30558
2010-12-03,142.64999389648438,147.22500610351562,140.0,140.6750030517578,121.16231536865234,9370
2010-12-06,143.0,149.5,143.0,145.75,125.53338623046875,54118
2010-12-07,144.0,146.89999389648438,141.5,142.4499969482422,122.69110870361328,12068
2010-12-08,137.5,141.5,135.5,136.1750030517578,117.2864990234375,15290
2010-12-09,134.5500030517578,137.0,122.5,129.75,111.75269317626953,17644
2010-12-10,122.57499694824219,132.4499969482422,122.57499694824219,130.625,112.50634765625,15562
2010-12-13,130.52499389648438,144.0,129.0,138.625,119.39669799804688,17900
2010-12-14,141.5,145.0,137.75,139.3249969482422,119.99958038330078,63334
2010-12-15,139.22500610351562,144.8249969482422,135.0,136.97500610351562,117.97555541992188,405958
2010-12-16,137.89999389648438,141.0,134.5,136.39999389648438,117.48030090332031,8640
2010-12-20,134.60000610351562,140.0,134.5,136.3249969482422,117.41571807861328,7534
2010-12-21,135.60000610351562,139.5,133.75,134.25,115.62852478027344,9924
2010-12-22,135.0500030517578,137.25,133.5749969482422,134.14999389648438,115.54240417480469,11250
2010-12-23,134.0,136.5,133.64999389648438,134.35000610351562,115.71466827392578,5330
2010-12-24,128.0,157.89999389648438,128.0,155.39999389648438,133.84486389160156,1601898
2010-12-27,155.6750030517578,165.85000610351562,154.5,159.9499969482422,137.76373291015625,1456520
2010-12-28,156.0500030517578,160.8249969482422,151.4250030517578,154.0,132.63906860351562,125340
2010-12-29,155.6999969482422,166.8249969482422,151.0500030517578,157.27499389648438,135.4597625732422,1524896
2010-12-30,154.1750030517578,160.8000030517578,152.64999389648438,154.77499389648438,133.3065185546875,342472
2010-12-31,154.85000610351562,161.97500610351562,154.85000610351562,157.9499969482422,136.04115295410156,468532
2011-01-03,158.5,160.5,155.0500030517578,156.4250030517578,134.72769165039062,192536
2011-01-04,156.5,157.89999389648438,151.52499389648438,153.375,132.1007537841797,81930
2011-01-05,152.10000610351562,159.25,152.10000610351562,154.0,132.63906860351562,210366
2011-01-06,155.6999969482422,155.6999969482422,148.52499389648438,149.25,128.5479278564453,71634
2011-01-07,146.125,149.89999389648438,140.75,141.5,121.87289428710938,107714
2011-01-10,140.1999969482422,142.0,137.64999389648438,140.25,120.7962646484375,104278
2011-01-11,137.625,145.6999969482422,137.625,142.52499389648438,122.75570678710938,82128
2011-01-12,143.0,147.0,141.0,144.1999969482422,124.19837188720703,52828
2011-01-13,144.25,147.5,140.625,141.4499969482422,121.82982635498047,122192
2011-01-14,141.0,142.3000030517578,134.25,135.39999389648438,116.6190185546875,44798
2011-01-17,134.0,138.22500610351562,132.64999389648438,133.0,114.55191802978516,70748
2011-01-18,134.0,137.4499969482422,133.0,134.75,116.05915832519531,66130
2011-01-19,135.85000610351562,137.0,132.52499389648438,132.89999389648438,114.46578979492188,51724
2011-01-20,132.1999969482422,132.75,128.10000610351562,129.52499389648438,111.55891418457031,29062
2011-01-21,129.89999389648438,131.39999389648438,126.1500015258789,126.80000305175781,109.21188354492188,49740
2011-01-24,126.25,127.44999694824219,122.05000305175781,124.57499694824219,107.29551696777344,36250
2011-01-25,124.125,141.9499969482422,123.5999984741211,139.39999389648438,120.0641860961914,2254576
2011-01-27,139.89999389648438,142.3000030517578,131.25,132.89999389648438,114.46578979492188,1003640
2011-01-28,132.35000610351562,132.5,117.625,121.0250015258789,104.2379379272461,234394
2011-01-31,112.875,126.4749984741211,101.42500305175781,118.125,101.74018859863281,740278
2011-02-01,118.5,122.5,116.125,116.67500305175781,100.49131774902344,164824
2011-02-02,114.17500305175781,121.0,112.625,114.8499984741211,98.91944122314453,79206
2011-02-03,113.125,119.42500305175781,113.125,116.1500015258789,100.03913116455078,114874
2011-02-04,111.4000015258789,119.5,111.4000015258789,113.92500305175781,98.12275695800781,75490
2011-02-07,112.75,116.5,108.7750015258789,109.94999694824219,94.69911193847656,63558
2011-02-08,112.5,121.67500305175781,109.30000305175781,113.0250015258789,97.34759521484375,1561392
2011-02-09,113.0,116.3499984741211,108.0,108.875,93.77322387695312,364916
2011-02-10,107.92500305175781,113.0,107.92500305175781,108.82499694824219,93.73016357421875,133596
2011-02-11,109.875,112.5,108.8499984741211,110.92500305175781,95.53887939453125,119970
2011-02-14,111.92500305175781,117.0,111.625,113.4749984741211,97.73516082763672,156054
2011-02-15,114.4000015258789,118.0,108.67500305175781,112.0999984741211,96.5509033203125,155456
2011-02-16,112.5250015258789,117.5,112.5250015258789,113.9000015258789,98.10121154785156,183436
2011-02-17,114.2249984741211,117.25,113.5,114.1500015258789,98.31654357910156,69412
2011-02-18,114.80000305175781,116.5,109.0999984741211,110.25,94.95750427246094,56912
2011-02-21,110.7249984741211,113.5250015258789,109.5,111.0,95.60346221923828,57122
2011-02-22,109.875,115.25,109.875,111.25,95.81880187988281,201372
2011-02-23,111.25,114.07499694824219,108.55000305175781,108.94999694824219,93.83782958984375,72666
2011-02-24,109.4000015258789,111.1500015258789,101.6500015258789,105.1500015258789,90.5649185180664,80566
2011-02-25,106.875,107.7750015258789,99.17500305175781,102.92500305175781,88.6485366821289,63620
2011-02-28,104.19999694824219,106.5250015258789,101.3499984741211,103.625,89.25143432617188,44020
2011-03-01,105.5,110.4000015258789,103.9749984741211,107.5250015258789,92.61048889160156,200656
2011-03-03,109.0,109.0,105.55000305175781,107.2249984741211,92.35209655761719,71954
2011-03-04,109.0,111.5,101.82499694824219,107.82499694824219,92.86886596679688,174760
2011-03-07,106.9000015258789,108.0,104.75,105.69999694824219,91.03861999511719,66424
2011-03-08,106.9000015258789,110.0,106.5,107.5999984741211,92.67508697509766,111880
2011-03-09,108.94999694824219,111.94999694824219,107.5999984741211,109.4749984741211,94.28999328613281,156246
2011-03-10,108.92500305175781,111.0,107.7750015258789,108.19999694824219,93.19183349609375,39082
2011-03-11,107.42500305175781,115.9000015258789,106.0999984741211,109.92500305175781,94.67758178710938,639736
2011-03-14,109.92500305175781,114.4000015258789,109.92500305175781,110.7750015258789,95.40968322753906,163658
2011-03-15,108.5,110.7750015258789,106.0999984741211,108.55000305175781,93.4933090209961,121438
2011-03-16,109.9000015258789,113.92500305175781,109.875,111.3499984741211,95.90492248535156,158272
2011-03-17,109.9000015258789,113.9749984741211,109.9000015258789,111.19999694824219,95.77571868896484,196610
2011-03-18,112.42500305175781,112.875,109.25,109.9000015258789,94.65605926513672,44180
2011-03-21,111.17500305175781,112.9749984741211,109.5,110.19999694824219,94.91443634033203,100146
2011-03-22,110.92500305175781,114.0,110.7750015258789,111.44999694824219,95.99105072021484,200440
2011-03-23,111.69999694824219,113.19999694824219,110.5,111.30000305175781,95.86186981201172,78408
2011-03-24,112.0,113.5,111.2750015258789,111.7750015258789,96.27096557617188,103930
2011-03-25,112.5,113.44999694824219,111.5,111.94999694824219,96.42169952392578,87598
2011-03-28,112.375,120.25,111.0,115.7750015258789,99.71615600585938,987510
2011-03-29,116.5,118.42500305175781,112.5999984741211,113.2750015258789,97.56291198730469,206630
2011-03-30,114.3499984741211,117.2249984741211,113.80000305175781,114.67500305175781,98.76873016357422,81156
2011-03-31,115.19999694824219,117.94999694824219,113.17500305175781,114.5250015258789,98.63954162597656,172762
2011-04-01,114.9000015258789,116.9749984741211,114.32499694824219,115.30000305175781,99.30702209472656,82736
2011-04-04,116.3499984741211,118.75,115.75,117.30000305175781,101.02963256835938,111770
2011-04-05,118.1500015258789,120.92500305175781,117.0,119.0999984741211,102.57994842529297,142482
2011-04-06,119.875,123.19999694824219,119.05000305175781,121.1500015258789,104.34558868408203,166532
2011-04-07,121.92500305175781,132.6750030517578,121.67500305175781,130.5500030517578,112.44173431396484,540508
2011-04-08,131.9250030517578,133.89999389648438,125.5,126.69999694824219,109.1257553100586,154266
2011-04-11,127.6500015258789,127.6500015258789,124.0,124.5999984741211,107.31704711914062,48614
2011-04-13,121.5,128.72500610351562,121.5,124.75,107.44625854492188,164838
2011-04-15,126.0,128.22500610351562,123.67500305175781,124.2249984741211,106.99407196044922,140398
2011-04-18,124.92500305175781,126.5,120.625,122.2750015258789,105.3145523071289,51670
2011-04-19,121.4000015258789,124.0,121.125,121.875,104.97002410888672,43686
2011-04-20,123.375,127.8499984741211,122.32499694824219,125.75,108.30752563476562,199258
2011-04-21,126.67500305175781,128.39999389648438,123.5,124.55000305175781,107.27399444580078,107896
2011-04-25,125.67500305175781,126.9749984741211,123.125,123.44999694824219,106.32657623291016,51242
2011-04-26,123.92500305175781,124.44999694824219,121.5,122.8499984741211,105.80978393554688,26558
2011-04-27,123.6500015258789,124.5,121.0,122.07499694824219,105.14229583740234,65810
2011-04-28,122.92500305175781,136.5,122.5250015258789,124.8499984741211,107.5323715209961,339732
2011-04-29,125.30000305175781,126.25,120.9749984741211,121.875,104.97002410888672,59090
2011-05-02,122.6500015258789,123.44999694824219,119.5,120.17500305175781,103.50582122802734,23194
2011-05-03,119.0999984741211,122.5,116.1500015258789,117.0,100.7712173461914,87258
2011-05-04,117.375,117.375,113.0,114.82499694824219,98.89791870117188,68050
2011-05-05,115.375,116.80000305175781,111.82499694824219,112.2249984741211,96.65855407714844,43380
2011-05-06,113.1500015258789,114.4749984741211,111.32499694824219,112.625,97.00308990478516,24852
2011-05-09,112.625,115.0,110.94999694824219,111.67500305175781,96.1848373413086,65636
2011-05-10,112.6500015258789,114.2750015258789,110.55000305175781,111.8499984741211,96.33557891845703,77728
2011-05-11,112.42500305175781,113.5,112.0,112.625,97.00308990478516,28450
2011-05-12,112.7249984741211,113.4000015258789,110.55000305175781,111.05000305175781,95.64653015136719,18264
2011-05-13,111.6500015258789,114.375,111.0,113.125,97.43372344970703,31472
2011-05-16,112.92500305175781,114.69999694824219,112.0250015258789,114.1500015258789,98.31654357910156,25414
2011-05-17,114.92500305175781,117.5,112.7750015258789,113.82499694824219,98.03662109375,40614
2011-05-18,115.8499984741211,117.25,113.5,116.1500015258789,100.03913116455078,96846
2011-05-19,113.1500015258789,118.8499984741211,113.1500015258789,117.57499694824219,101.26646423339844,46338
2011-05-20,105.0250015258789,118.9749984741211,105.0250015258789,117.125,100.87889099121094,19254
2011-05-23,113.125,116.5,113.125,114.625,98.72566223144531,19682
2011-05-24,113.125,116.875,113.125,114.57499694824219,98.68258666992188,15558
2011-05-25,113.125,116.19999694824219,113.125,113.94999694824219,98.14427947998047,11918
2011-05-26,112.625,115.5,112.625,114.2750015258789,98.4242172241211,10150
2011-05-27,114.0,116.0,114.0,115.2750015258789,99.2854995727539,17888
2011-05-30,113.75,117.0999984741211,113.75,116.17500305175781,100.06066131591797,16978
2011-05-31,118.4749984741211,119.5250015258789,115.625,117.0,100.7712173461914,9574
2011-06-01,115.07499694824219,118.5250015258789,115.07499694824219,117.30000305175781,101.02963256835938,22590
2011-06-02,114.125,127.5,114.125,121.5999984741211,104.7331771850586,315550
2011-06-03,117.0,125.75,117.0,121.375,104.53939056396484,58180
2011-06-06,118.32499694824219,123.5,118.32499694824219,121.32499694824219,104.49633026123047,31628
2011-06-07,122.0,125.0,122.0,123.2249984741211,106.13277435302734,48630
2011-06-08,118.25,125.5,118.25,122.92500305175781,105.87438201904297,37872
2011-06-09,121.0,123.0,120.69999694824219,121.80000305175781,104.90544128417969,6558
2011-06-10,120.0,121.8499984741211,108.6500015258789,118.75,102.27849578857422,31480
2011-06-13,116.5,120.5,116.5,118.69999694824219,102.23542785644531,10310
2011-06-14,117.6500015258789,124.25,117.6500015258789,122.7249984741211,105.7021255493164,62316
2011-06-15,121.0250015258789,123.25,119.0250015258789,120.1500015258789,103.48431396484375,13434
2011-06-16,117.625,130.85000610351562,117.625,123.17500305175781,106.08971405029297,971638
2011-06-17,121.0,124.75,119.5,119.8499984741211,103.22591400146484,39178
2011-06-20,117.7249984741211,120.0,115.0,115.42500305175781,99.41470336914062,28588
2011-06-21,117.375,122.17500305175781,113.5,115.17500305175781,99.19938659667969,180044
2011-06-22,114.19999694824219,120.5,114.19999694824219,115.67500305175781,99.6300277709961,147574
2011-06-23,115.69999694824219,119.42500305175781,115.25,116.0999984741211,99.99606323242188,92148
2011-06-24,115.55000305175781,118.75,115.55000305175781,117.55000305175781,101.24494934082031,57808
2011-06-27,116.69999694824219,120.0999984741211,116.5,118.07499694824219,101.6971206665039,47662
2011-06-28,119.1500015258789,124.25,119.1500015258789,121.42500305175781,104.58244323730469,240200
2011-06-29,121.9749984741211,123.55000305175781,118.6500015258789,120.5,103.78575134277344,45670
2011-06-30,120.5,122.75,120.19999694824219,120.82499694824219,104.06565856933594,27398
2011-07-01,120.5,124.69999694824219,120.5,123.6500015258789,106.49883270263672,122920
2011-07-04,124.0,128.25,124.0,125.1500015258789,107.79077911376953,157298
2011-07-05,124.0,126.75,123.625,124.67500305175781,107.38166046142578,46840
2011-07-06,124.5,131.5,124.5,129.5500030517578,111.58045196533203,233418
2011-07-07,130.0,136.3000030517578,130.0,135.5500030517578,116.74819946289062,345312
2011-07-08,131.4250030517578,143.1999969482422,130.0500030517578,132.10000610351562,113.77674102783203,474358
2011-07-11,132.5,137.39999389648438,132.5,136.0749969482422,117.20039367675781,94538
2011-07-12,127.82499694824219,136.85000610351562,127.82499694824219,132.875,114.44424438476562,60524
2011-07-13,133.4250030517578,136.4499969482422,133.4250030517578,134.6999969482422,116.01610565185547,45276
2011-07-14,130.0,137.5,130.0,135.125,116.38217163085938,78606
2011-07-15,133.25,137.5,133.25,135.35000610351562,116.5759506225586,81658
2011-07-18,136.35000610351562,142.22500610351562,134.0500030517578,141.0749969482422,122.86852264404297,589474
2011-07-19,141.89999389648438,168.0,140.72500610351562,164.0749969482422,142.90020751953125,5466258
2011-07-20,165.27499389648438,181.39999389648438,162.0749969482422,167.4499969482422,145.83969116210938,7344188
2011-07-21,167.10000610351562,169.4250030517578,160.625,162.3249969482422,141.3760986328125,1660836
2011-07-22,162.5,172.25,162.5,164.39999389648438,143.18333435058594,1491170
2011-07-25,162.5,167.625,160.9499969482422,162.1750030517578,141.24546813964844,402494
2011-07-26,160.5,165.39999389648438,155.0,156.3249969482422,136.15042114257812,290842
2011-07-27,157.0,181.3000030517578,156.0,176.8000030517578,153.9829864501953,6938920
2011-07-28,174.39999389648438,185.89999389648438,169.5,172.5749969482422,150.30328369140625,4399174
2011-07-29,170.0500030517578,174.625,161.27499389648438,162.4250030517578,141.4631805419922,1160714
2011-08-01,165.89999389648438,168.9250030517578,161.1750030517578,162.52499389648438,141.55029296875,762792
2011-08-02,163.0500030517578,163.8249969482422,144.8000030517578,150.5749969482422,131.14248657226562,1369740
2011-08-03,149.97500610351562,149.97500610351562,141.39999389648438,144.0,125.416015625,786106
2011-08-04,144.25,153.89999389648438,143.6750030517578,145.10000610351562,126.37406921386719,817686
2011-08-05,140.0500030517578,140.0500030517578,130.5,135.5749969482422,118.07830810546875,468668
2011-08-08,130.02499389648438,132.6999969482422,123.9000015258789,127.57499694824219,111.11076354980469,374100
2011-08-09,125.0,127.69999694824219,118.05000305175781,123.82499694824219,107.8447265625,287400
2011-08-10,124.75,133.22500610351562,124.75,128.0,111.4809341430664,335052
2011-08-11,126.0,129.875,125.5,127.2249984741211,110.80593872070312,110872
2011-08-12,128.875,132.39999389648438,126.125,128.125,111.58979034423828,129158
2011-08-16,129.5,132.0,122.55000305175781,123.05000305175781,107.16973114013672,91048
2011-08-17,123.94999694824219,127.5,120.0250015258789,120.94999694824219,105.34075164794922,163588
2011-08-18,121.6500015258789,122.0,114.5,115.44999694824219,100.55056762695312,121784
2011-08-19,112.5,115.9749984741211,106.19999694824219,112.5250015258789,98.00304412841797,115088
2011-08-22,112.5,119.4000015258789,111.17500305175781,117.375,102.22713470458984,194218
2011-08-23,118.0,127.82499694824219,116.2750015258789,122.25,106.47299194335938,408070
2011-08-24,123.375,126.0,118.5250015258789,119.0999984741211,103.72950744628906,137718
2011-08-25,120.75,124.4000015258789,116.0,117.32499694824219,102.18360137939453,176038
2011-08-26,117.9000015258789,120.44999694824219,113.25,114.32499694824219,99.57074737548828,89372
2011-08-29,116.0,119.5,115.125,116.0250015258789,101.05134582519531,72494
2011-08-30,117.8499984741211,119.875,114.5999984741211,115.7249984741211,100.79008483886719,160258
2011-09-02,117.2249984741211,118.0,110.32499694824219,111.5999984741211,97.19742584228516,160390
2011-09-05,110.0,112.94999694824219,107.80000305175781,111.57499694824219,97.17564392089844,115014
2011-09-06,111.25,131.1999969482422,111.25,129.6750030517578,112.93974304199219,2075624
2011-09-07,130.35000610351562,136.1999969482422,129.0,130.35000610351562,113.52765655517578,1317882
2011-09-08,130.72500610351562,138.0,126.05000305175781,133.97500610351562,116.684814453125,1384492
2011-09-09,135.0,137.75,130.0749969482422,130.8249969482422,113.94132995605469,777248
2011-09-12,127.55000305175781,129.1999969482422,122.80000305175781,124.17500305175781,108.14957427978516,190300
2011-09-13,125.8499984741211,132.5,125.625,128.3249969482422,111.76396942138672,739222
2011-09-14,129.1750030517578,133.72500610351562,126.0,130.39999389648438,113.57117462158203,617206
2011-09-15,132.0,132.3000030517578,127.19999694824219,128.77499389648438,112.1559066772461,189368
2011-09-16,129.5,129.97500610351562,124.55000305175781,126.5250015258789,110.19627380371094,143662
2011-09-19,125.6500015258789,130.9499969482422,125.19999694824219,127.875,111.37203979492188,232918
2011-09-20,128.35000610351562,131.4499969482422,127.75,129.22500610351562,112.54784393310547,183378
2011-09-21,129.4250030517578,130.47500610351562,126.1500015258789,128.0500030517578,111.52446746826172,97518
2011-09-22,126.375,127.25,118.32499694824219,120.4749984741211,104.92707061767578,101758
2011-09-23,118.32499694824219,120.3499984741211,115.55000305175781,118.3499984741211,103.0762939453125,86874
2011-09-26,118.875,123.44999694824219,116.05000305175781,117.8499984741211,102.64083099365234,229478
2011-09-27,120.0,122.0,119.0,119.44999694824219,104.03433990478516,100800
2011-09-28,119.9000015258789,127.5,118.7249984741211,121.82499694824219,106.10283660888672,636174
2011-09-29,121.9000015258789,125.5,120.6500015258789,122.9749984741211,107.10442352294922,162254
2011-09-30,122.4000015258789,127.19999694824219,121.5,123.2249984741211,107.32215881347656,265864
2011-10-03,120.0999984741211,123.8499984741211,120.07499694824219,121.125,105.49315643310547,58098
2011-10-04,120.5,124.0,116.7750015258789,118.57499694824219,103.27224731445312,101126
2011-10-05,119.0250015258789,122.07499694824219,116.67500305175781,117.42500305175781,102.27067565917969,102964
2011-10-07,119.125,123.9749984741211,117.5,118.94999694824219,103.59886932373047,97338
2011-10-10,119.8499984741211,123.5,118.5250015258789,122.4000015258789,106.6036376953125,160812
2011-10-11,123.0,131.6999969482422,123.0,127.69999694824219,111.2196273803711,687994
2011-10-12,129.5,131.3000030517578,126.05000305175781,128.72500610351562,112.11235809326172,169694
2011-10-13,129.5,132.6999969482422,128.75,129.75,113.00508117675781,205852
2011-10-14,129.0749969482422,131.72500610351562,127.67500305175781,128.47500610351562,111.89462280273438,77718
2011-10-17,129.5,130.3249969482422,127.07499694824219,128.3249969482422,111.76396942138672,43390
2011-10-18,126.80000305175781,128.47500610351562,124.82499694824219,125.375,109.19469451904297,110072
2011-10-19,126.625,129.39999389648438,126.0,126.94999694824219,110.56642150878906,115462
2011-10-20,127.0,131.0,126.4749984741211,127.2750015258789,110.84947204589844,125192
2011-10-21,127.67500305175781,130.39999389648438,125.5,125.9000015258789,109.65193176269531,91184
2011-10-24,126.8499984741211,129.39999389648438,125.05000305175781,125.6500015258789,109.43419647216797,58550
2011-10-25,126.375,128.5,124.19999694824219,125.30000305175781,109.12937927246094,79910
2011-10-28,127.17500305175781,128.0,126.5250015258789,127.2750015258789,110.84947204589844,50242
2011-10-31,127.2750015258789,129.27499389648438,126.0250015258789,127.32499694824219,110.89303588867188,50322
2011-11-01,127.0,134.35000610351562,126.75,130.39999389648438,113.57117462158203,531898
2011-11-02,128.77499389648438,132.89999389648438,128.77499389648438,130.64999389648438,113.78890991210938,107794
2011-11-03,130.0,132.47500610351562,129.125,130.8249969482422,113.94132995605469,93038
2011-11-04,131.77499389648438,134.9250030517578,130.5,131.5500030517578,114.57276916503906,122750
2011-11-08,132.25,133.75,131.25,131.89999389648438,114.87760925292969,84304
2011-11-09,132.75,133.6999969482422,127.69999694824219,128.3000030517578,111.74222564697266,44222
2011-11-11,127.17500305175781,128.5749969482422,124.0,124.25,108.21487426757812,39180
2011-11-14,125.0999984741211,128.60000610351562,122.7249984741211,122.9749984741211,107.10442352294922,64820
2011-11-15,123.5,123.6500015258789,118.80000305175781,119.3499984741211,103.94725036621094,32090
2011-11-16,119.17500305175781,119.82499694824219,114.07499694824219,116.67500305175781,101.61748504638672,39114
2011-11-17,114.5250015258789,118.25,113.69999694824219,114.4000015258789,99.63607025146484,49618
2011-11-18,113.7249984741211,113.7249984741211,111.19999694824219,113.0250015258789,98.43852233886719,24036
2011-11-21,112.4000015258789,116.75,110.5,111.4000015258789,97.02323913574219,76354
2011-11-22,112.1500015258789,114.4000015258789,110.25,111.25,96.89259338378906,56272
2011-11-23,110.1500015258789,111.32499694824219,106.55000305175781,107.4749984741211,93.60476684570312,26678
2011-11-24,107.05000305175781,109.0,102.1500015258789,107.44999694824219,93.58300018310547,66586
2011-11-25,107.0,113.3499984741211,105.57499694824219,108.3499984741211,94.36685180664062,87778
2011-11-28,109.8499984741211,114.44999694824219,109.8499984741211,111.9000015258789,97.45870971679688,72988
2011-11-29,112.42500305175781,118.42500305175781,111.30000305175781,113.92500305175781,99.22236633300781,274200
2011-11-30,112.9749984741211,116.32499694824219,112.07499694824219,113.2750015258789,98.65625762939453,58914
2011-12-01,115.5,117.32499694824219,112.7750015258789,113.5250015258789,98.8740005493164,37574
2011-12-02,112.5999984741211,115.92500305175781,112.5999984741211,115.1500015258789,100.28927612304688,56784
2011-12-05,114.07499694824219,116.80000305175781,114.0250015258789,115.55000305175781,100.6376724243164,41440
2011-12-07,116.25,116.55000305175781,114.05000305175781,114.80000305175781,99.98444366455078,22196
2011-12-08,114.4749984741211,116.3499984741211,111.1500015258789,111.7249984741211,97.3062973022461,35012
2011-12-09,110.42500305175781,112.5,109.125,110.4000015258789,96.15229034423828,30186
2011-12-12,112.0,112.5,108.94999694824219,109.32499694824219,95.21601867675781,16740
2011-12-13,108.5,111.0,105.5,108.0,94.06202697753906,18842
2011-12-14,108.5,112.75,108.5,109.9749984741211,95.78214263916016,80152
2011-12-15,107.55000305175781,108.7750015258789,105.0,106.625,92.86447143554688,27926
2011-12-16,107.17500305175781,109.57499694824219,105.0,105.6500015258789,92.01531219482422,22716
2011-12-19,104.9749984741211,105.0,99.69999694824219,100.82499694824219,87.81298828125,24612
2011-12-20,101.67500305175781,102.30000305175781,95.5999984741211,96.625,84.15501403808594,19828
2011-12-21,97.5,99.0,96.0,97.0999984741211,84.5687484741211,10186
2011-12-22,97.0,102.92500305175781,95.2750015258789,100.0,87.09446716308594,32254
2011-12-23,101.0,110.92500305175781,100.5250015258789,108.5250015258789,94.51927185058594,421726
2011-12-26,108.5,112.0,107.5,108.3499984741211,94.36685180664062,107014
2011-12-27,109.0250015258789,113.625,104.25,108.19999694824219,94.2362060546875,332556
2011-12-28,106.0999984741211,110.25,106.0999984741211,106.9000015258789,93.10398864746094,48378
2011-12-29,105.07499694824219,108.94999694824219,105.05000305175781,105.92500305175781,92.25482177734375,30786
2011-12-30,107.0250015258789,109.8499984741211,106.07499694824219,106.55000305175781,92.79915618896484,46388
2012-01-02,107.2750015258789,109.4000015258789,106.2750015258789,106.6500015258789,92.8862533569336,21572
2012-01-03,107.875,115.32499694824219,107.1500015258789,111.25,96.89259338378906,423726
2012-01-04,111.375,113.5,109.5,110.9749984741211,96.653076171875,63986
2012-01-05,111.6500015258789,114.75,110.05000305175781,110.875,96.56599426269531,81418
2012-01-06,109.875,111.80000305175781,108.69999694824219,109.67500305175781,95.5208511352539,29038
2012-01-09,109.55000305175781,112.375,107.1500015258789,111.07499694824219,96.74018096923828,42326
2012-01-10,111.5,117.8499984741211,111.5,115.3499984741211,100.46346282958984,212150
2012-01-11,115.67500305175781,121.5,114.80000305175781,118.57499694824219,103.27224731445312,345830
2012-01-12,119.42500305175781,127.5,119.42500305175781,124.375,108.32374572753906,627102
2012-01-13,124.8499984741211,128.0,118.80000305175781,120.80000305175781,105.21012115478516,199494
2012-01-16,118.05000305175781,122.5,117.5999984741211,119.1500015258789,103.77306365966797,65566
2012-01-17,119.5,124.94999694824219,119.5,122.5250015258789,106.7125015258789,132468
2012-01-18,124.5,126.4000015258789,120.0,121.1500015258789,105.51495361328125,84104
2012-01-19,122.375,124.5,120.30000305175781,122.0,106.2552490234375,58770
2012-01-20,123.8499984741211,124.0,120.30000305175781,121.625,105.92864990234375,51320
2012-01-23,121.94999694824219,123.0,119.55000305175781,121.0999984741211,105.47139739990234,50002
2012-01-24,122.3499984741211,123.19999694824219,119.92500305175781,121.1500015258789,105.51495361328125,68878
2012-01-25,122.0,125.2249984741211,121.5250015258789,122.94999694824219,107.08264923095703,104216
2012-01-27,122.57499694824219,124.4749984741211,121.5250015258789,122.625,106.7995834350586,39384
2012-01-30,122.0,124.0,120.25,120.9000015258789,105.29721069335938,44490
2012-01-31,120.625,130.6750030517578,120.05000305175781,128.0500030517578,111.52446746826172,693926
2012-02-01,128.39999389648438,129.6999969482422,124.125,125.94999694824219,109.69548034667969,141514
2012-02-02,126.8499984741211,127.80000305175781,123.0,124.3499984741211,108.30197143554688,98366
2012-02-03,124.82499694824219,130.6999969482422,123.7750015258789,128.52499389648438,111.93816375732422,306376
2012-02-06,129.5,131.47500610351562,126.375,127.5999984741211,111.1325454711914,101866
2012-02-07,128.8249969482422,133.6750030517578,126.5,129.4250030517578,112.72200775146484,445944
2012-02-08,130.375,132.35000610351562,126.4000015258789,128.10000610351562,111.56800842285156,169106
2012-02-09,130.1999969482422,133.22500610351562,129.5,130.10000610351562,113.30989837646484,212052
2012-02-10,130.5,131.6750030517578,125.69999694824219,127.25,110.82772064208984,81742
2012-02-13,125.9749984741211,128.4499969482422,125.5,127.4749984741211,111.023681640625,56800
2012-02-14,128.0,130.4499969482422,127.2249984741211,127.67500305175781,111.19786071777344,82332
2012-02-15,128.75,132.9499969482422,128.0749969482422,130.5500030517578,113.70182037353516,235508
2012-02-16,130.47500610351562,131.625,127.7750015258789,130.3000030517578,113.4841079711914,80538
2012-02-17,131.0,138.72500610351562,129.52499389648438,131.9250030517578,114.89938354492188,334966
2012-02-21,132.0500030517578,135.35000610351562,130.5500030517578,131.77499389648438,114.76872253417969,137764
2012-02-22,132.85000610351562,133.22500610351562,126.80000305175781,127.8499984741211,111.35028076171875,63760
2012-02-23,128.0,128.89999389648438,125.5,126.5,110.17450714111328,33778
2012-02-24,127.82499694824219,130.9499969482422,124.07499694824219,125.4749984741211,109.28178405761719,88804
2012-02-27,124.9749984741211,129.8000030517578,121.0,122.0999984741211,106.34235382080078,114868
2012-02-28,123.0250015258789,126.9749984741211,123.0,125.2249984741211,109.06404113769531,52504
2012-02-29,126.0250015258789,129.5,125.30000305175781,126.17500305175781,109.89144897460938,94616
2012-03-01,124.0,129.1750030517578,124.0,126.17500305175781,109.89144897460938,122864
2012-03-02,122.5250015258789,128.89999389648438,122.5250015258789,126.125,109.847900390625,84054
2012-03-05,122.9749984741211,133.02499389648438,122.9749984741211,128.1750030517578,111.63333892822266,481548
2012-03-06,127.5,131.4499969482422,125.0,125.3499984741211,109.17290496826172,172010
2012-03-07,125.0250015258789,127.5,123.5,125.0999984741211,108.95516967773438,70338
2012-03-09,125.5,127.5250015258789,125.0,125.7249984741211,109.49950408935547,45796
2012-03-12,126.125,129.72500610351562,125.75,128.125,111.58979034423828,79760
2012-03-13,129.875,132.5,129.02499389648438,130.22500610351562,113.41878509521484,140390
2012-03-14,130.5,131.9499969482422,129.0,129.375,112.67848205566406,43770
2012-03-15,128.125,129.47500610351562,124.55000305175781,126.17500305175781,109.89144897460938,42060
2012-03-16,124.5999984741211,146.6999969482422,124.5250015258789,142.6750030517578,124.26202392578125,3593672
2012-03-19,142.5,152.0,137.8000030517578,139.22500610351562,121.25728607177734,6298562
2012-03-20,138.0500030517578,142.75,135.0500030517578,135.89999389648438,118.36138153076172,952692
2012-03-21,126.32499694824219,137.39999389648438,126.32499694824219,133.875,116.59770965576172,277414
2012-03-22,134.25,140.64999389648438,130.5500030517578,132.0,114.9646987915039,721364
2012-03-23,128.60000610351562,136.0,128.60000610351562,131.22500610351562,114.28971099853516,176164
2012-03-26,131.4250030517578,132.9499969482422,125.8499984741211,126.4749984741211,110.15272521972656,199934
2012-03-27,127.3499984741211,129.72500610351562,125.05000305175781,125.9000015258789,109.65193176269531,157362
2012-03-28,125.5,127.94999694824219,125.05000305175781,126.875,110.50110626220703,141372
2012-03-29,126.0,129.5,125.4749984741211,126.25,109.956787109375,125792
2012-03-30,126.0,128.72500610351562,126.0,126.9000015258789,110.52288818359375,52962
2012-04-02,127.5250015258789,132.14999389648438,126.5250015258789,130.4250030517578,113.59295654296875,161114
2012-04-03,130.77499389648438,131.75,128.5749969482422,129.375,112.67848205566406,60738
2012-04-04,128.25,129.5749969482422,127.75,128.35000610351562,111.78575134277344,25428
2012-04-09,126.0,128.9499969482422,126.0,127.0999984741211,110.69705963134766,17066
2012-04-10,126.5,128.14999389648438,126.25,126.6500015258789,110.30513763427734,23340
2012-04-11,126.05000305175781,131.35000610351562,126.0250015258789,128.0500030517578,111.52446746826172,77192
2012-04-12,127.5,130.5,127.5,128.22500610351562,111.67688751220703,31122
2012-04-13,126.82499694824219,129.97500610351562,126.55000305175781,126.9749984741211,110.58819580078125,28286
2012-04-16,125.25,127.3499984741211,120.67500305175781,123.82499694824219,107.8447265625,35588
2012-04-17,121.05000305175781,127.19999694824219,120.0999984741211,125.32499694824219,109.15113830566406,77682
2012-04-18,125.5250015258789,127.25,125.5250015258789,126.25,109.956787109375,35952
2012-04-19,125.5,127.0,125.5,125.7249984741211,109.49950408935547,23728
2012-04-20,124.125,125.875,123.07499694824219,124.05000305175781,108.04068756103516,14012
2012-04-23,123.0250015258789,125.4749984741211,118.69999694824219,120.80000305175781,105.21012115478516,34162
2012-04-24,121.0,126.94999694824219,118.57499694824219,121.82499694824219,106.10283660888672,52134
2012-04-25,120.07499694824219,123.5,119.25,120.0,104.51335144042969,19200
2012-04-26,118.2750015258789,121.375,118.2750015258789,119.42500305175781,104.01258087158203,15780
2012-04-27,117.19999694824219,121.625,116.7750015258789,118.5999984741211,103.2940444946289,14008
2012-04-30,119.9000015258789,121.92500305175781,119.9000015258789,120.19999694824219,104.68755340576172,11806
2012-05-02,120.25,122.0,118.5,120.80000305175781,105.21012115478516,10280
2012-05-03,117.80000305175781,125.25,117.80000305175781,122.0999984741211,106.34235382080078,47744
2012-05-04,120.0999984741211,123.0,117.67500305175781,118.94999694824219,103.59886932373047,21976
2012-05-07,116.5250015258789,121.4749984741211,112.0,118.25,102.98921203613281,34790
2012-05-08,121.7750015258789,125.75,117.5250015258789,117.94999694824219,102.72792053222656,73148
2012-05-09,117.0,119.80000305175781,116.125,116.42500305175781,101.39972686767578,13992
2012-05-10,116.5,120.9749984741211,116.5,118.1500015258789,102.9021224975586,24532
2012-05-11,115.5,119.7249984741211,115.0250015258789,115.5,100.59410858154297,21168
2012-05-14,113.5250015258789,116.42500305175781,112.57499694824219,113.17500305175781,98.56915283203125,11152
2012-05-15,110.17500305175781,114.0,110.17500305175781,112.7249984741211,98.17723846435547,16352
2012-05-16,111.0,112.5,110.05000305175781,110.69999694824219,96.41358947753906,12890
2012-05-17,109.75,114.2249984741211,109.75,111.2249984741211,96.87081146240234,27252
2012-05-18,109.875,112.0,107.69999694824219,111.125,96.78372955322266,12444
2012-05-21,110.0250015258789,112.9000015258789,110.0250015258789,110.875,96.56599426269531,8002
2012-05-22,111.0,114.5250015258789,110.69999694824219,111.0250015258789,96.6966323852539,16230
2012-05-23,108.125,111.82499694824219,108.125,110.67500305175781,96.39180755615234,5372
2012-05-24,114.2249984741211,114.2249984741211,111.5250015258789,111.9000015258789,97.45870971679688,9618
2012-05-25,109.5999984741211,119.8499984741211,109.5999984741211,115.3499984741211,100.46346282958984,70260
2012-05-28,114.625,132.0,114.625,130.97500610351562,114.07199096679688,696768
2012-05-29,132.39999389648438,133.0,125.82499694824219,127.55000305175781,111.0889892578125,318926
2012-05-30,128.89999389648438,148.4499969482422,127.75,139.14999389648438,121.19196319580078,2903622
2012-05-31,132.5,142.25,132.5,137.27499389648438,119.55891418457031,1162956
2012-06-01,137.97500610351562,142.1999969482422,132.5500030517578,134.5,117.14204406738281,404018
2012-06-04,132.5,137.1999969482422,132.0,132.9250030517578,115.77032470703125,116530
2012-06-05,134.4250030517578,139.27499389648438,133.6750030517578,134.35000610351562,117.01141357421875,209094
2012-06-06,135.5,138.6999969482422,135.0,136.0500030517578,118.49201202392578,127822
2012-06-07,137.47500610351562,139.0,136.25,136.85000610351562,119.18879699707031,137772
2012-06-08,136.39999389648438,138.6999969482422,136.0,136.85000610351562,119.18879699707031,78436
2012-06-11,137.5,140.39999389648438,137.0,137.60000610351562,119.84198760986328,168676
2012-06-12,137.0,139.85000610351562,136.9499969482422,137.47500610351562,119.73312377929688,77374
2012-06-13,137.5500030517578,138.6999969482422,135.8000030517578,136.6999969482422,119.0581283569336,44560
2012-06-14,137.0,138.0,133.5,134.0749969482422,116.77191925048828,35492
2012-06-15,135.0,146.47500610351562,134.5,140.6750030517578,122.52013397216797,1686500
2012-06-18,141.0,144.85000610351562,136.5,138.72500610351562,120.8218002319336,246086
2012-06-19,139.35000610351562,144.75,138.02499389648438,140.8249969482422,122.6507797241211,351954
2012-06-20,141.5,143.8000030517578,139.5,141.375,123.12980651855469,189018
2012-06-21,141.4499969482422,145.52499389648438,141.4499969482422,142.5,124.109619140625,309284
2012-06-22,142.0,143.3000030517578,140.5,141.3249969482422,123.08627319335938,63128
2012-06-25,142.0,143.35000610351562,140.10000610351562,141.0500030517578,122.84676361083984,61954
2012-06-26,141.875,142.60000610351562,140.02499389648438,141.35000610351562,123.1080551147461,38804
2012-06-27,141.8000030517578,145.0,141.6750030517578,142.47500610351562,124.0878677368164,140068
2012-06-28,142.97500610351562,144.5,141.5,142.64999389648438,124.2402572631836,54566
2012-06-29,144.10000610351562,145.5,142.5,143.14999389648438,124.67573547363281,75242
2012-07-02,144.0,149.35000610351562,143.0,146.72500610351562,127.78938293457031,337430
2012-07-03,147.0,151.85000610351562,146.5500030517578,147.8000030517578,128.7256317138672,315438
2012-07-04,148.8249969482422,150.02499389648438,147.64999389648438,148.1999969482422,129.07400512695312,91652
2012-07-05,148.5,156.0,148.02499389648438,151.85000610351562,132.2529296875,616570
2012-07-06,152.72500610351562,162.35000610351562,151.64999389648438,158.625,138.15359497070312,1492346
2012-07-09,158.6999969482422,164.4499969482422,156.5500030517578,158.52499389648438,138.06651306152344,638938
2012-07-10,158.89999389648438,161.5,152.5500030517578,153.8000030517578,133.9512939453125,416306
2012-07-11,140.0,160.1999969482422,122.0999984741211,152.25,134.1274871826172,159364
2012-07-12,151.0,151.89999389648438,144.5500030517578,146.5,129.06192016601562,126235
2012-07-13,142.0,148.60000610351562,142.0,143.3000030517578,126.24281311035156,32449
2012-07-16,144.1999969482422,144.4499969482422,136.75,137.5500030517578,121.17726135253906,39885
2012-07-17,138.8000030517578,158.8000030517578,136.5500030517578,154.39999389648438,136.0215606689453,2045672
2012-07-18,155.39999389648438,160.75,151.6999969482422,153.60000610351562,135.3167724609375,936833
2012-07-19,154.5,157.6999969482422,152.3000030517578,153.3000030517578,135.05250549316406,170593
2012-07-20,154.0,155.3000030517578,145.5,146.6999969482422,129.2381134033203,191509
2012-07-23,144.39999389648438,146.75,138.5,139.14999389648438,122.58676147460938,80256
2012-07-24,140.0,142.4499969482422,136.60000610351562,137.64999389648438,121.26534271240234,144494
2012-07-25,138.64999389648438,141.0,135.5500030517578,137.25,120.91293334960938,79294
2012-07-26,138.25,143.64999389648438,137.0,137.5,121.13318634033203,180614
2012-07-27,139.3000030517578,141.0500030517578,128.60000610351562,129.5500030517578,114.12950134277344,95158
2012-07-30,131.0,132.0,125.5,128.60000610351562,113.29258728027344,134658
2012-07-31,129.0,130.0,126.1500015258789,126.44999694824219,111.39849090576172,63579
2012-08-01,126.55000305175781,143.3000030517578,126.55000305175781,139.8000030517578,123.15943908691406,928750
2012-08-02,140.64999389648438,141.25,134.3000030517578,135.35000610351562,119.23912811279297,230827
2012-08-03,133.25,138.0,132.3000030517578,134.9499969482422,118.88672637939453,185582
2012-08-06,136.1999969482422,139.39999389648438,130.1999969482422,135.9499969482422,119.76768493652344,220548
2012-08-07,136.6999969482422,138.3000030517578,133.25,135.64999389648438,119.50340270996094,122777
2012-08-08,136.4499969482422,136.89999389648438,133.3000030517578,133.89999389648438,117.96170806884766,75367
2012-08-09,134.0500030517578,136.9499969482422,131.5500030517578,132.75,116.94861602783203,107473
2012-08-10,132.75,137.85000610351562,131.14999389648438,132.85000610351562,117.03670501708984,171829
2012-08-13,132.25,135.5,132.25,133.35000610351562,117.47716522216797,60269
2012-08-14,134.3000030517578,136.60000610351562,133.10000610351562,133.85000610351562,117.91767883300781,85984
2012-08-16,134.5500030517578,135.35000610351562,131.60000610351562,132.39999389648438,116.64024353027344,68288
2012-08-17,132.5500030517578,135.8000030517578,130.8000030517578,131.39999389648438,115.75927734375,100995
2012-08-21,132.35000610351562,134.8000030517578,131.3000030517578,133.0,117.16883850097656,121483
2012-08-22,132.64999389648438,142.39999389648438,131.9499969482422,136.0,119.81173706054688,650080
2012-08-23,136.8000030517578,138.6999969482422,133.5500030517578,134.5500030517578,118.5343246459961,149785
2012-08-24,133.75,134.6999969482422,131.64999389648438,132.4499969482422,116.68428039550781,62740
2012-08-27,132.75,134.64999389648438,131.25,131.8000030517578,116.1116714477539,82092
2012-08-28,132.0,132.6999969482422,127.4000015258789,128.14999389648438,112.89613342285156,59067
2012-08-29,128.85000610351562,131.10000610351562,126.69999694824219,127.25,112.10326385498047,83962
2012-08-30,126.6500015258789,128.10000610351562,124.5,125.5,110.56156921386719,64843
2012-08-31,125.8499984741211,128.60000610351562,125.0,125.30000305175781,110.3853759765625,73155
2012-09-03,126.6500015258789,128.4499969482422,125.5,127.19999694824219,112.05921936035156,62646
2012-09-04,128.4499969482422,131.6999969482422,127.9000015258789,128.89999389648438,113.55686950683594,126589
2012-09-05,128.0,130.3000030517578,128.0,128.6999969482422,113.38066864013672,58777
2012-09-06,128.85000610351562,129.39999389648438,127.5,127.8499984741211,112.6318588256836,32970
2012-09-07,128.9499969482422,135.5,128.1999969482422,131.89999389648438,116.19976043701172,358043
2012-09-10,134.9499969482422,136.0,131.3000030517578,131.9499969482422,116.24381256103516,49916
2012-09-11,131.6999969482422,133.39999389648438,130.64999389648438,131.89999389648438,116.19976043701172,57763
2012-09-12,132.64999389648438,132.89999389648438,130.39999389648438,131.35000610351562,115.71524047851562,34996
2012-09-13,131.9499969482422,134.0,130.64999389648438,131.10000610351562,115.49498748779297,80230
2012-09-14,132.10000610351562,134.39999389648438,131.14999389648438,131.3000030517578,115.67118072509766,79609
2012-09-17,132.4499969482422,134.0,131.0,131.8000030517578,116.1116714477539,64079
2012-09-18,131.8000030517578,135.1999969482422,131.3000030517578,132.64999389648438,116.86048889160156,93011
2012-09-20,130.8000030517578,134.39999389648438,130.8000030517578,132.39999389648438,116.64024353027344,67144
2012-09-21,133.75,139.8000030517578,132.39999389648438,134.89999389648438,118.84268951416016,514651
2012-09-24,134.85000610351562,137.5500030517578,133.25,134.75,118.71051788330078,66670
2012-09-25,135.0500030517578,136.64999389648438,133.5,134.9499969482422,118.88672637939453,49712
2012-09-26,134.0500030517578,136.5,133.6999969482422,134.64999389648438,118.62242889404297,33469
2012-09-27,135.6999969482422,138.9499969482422,133.6999969482422,134.14999389648438,118.18193054199219,105372
2012-09-28,134.85000610351562,135.6999969482422,133.5,133.9499969482422,118.0057601928711,46048
2012-10-01,134.1999969482422,135.60000610351562,132.6999969482422,133.64999389648438,117.7414779663086,24941
2012-10-03,134.0,137.35000610351562,131.35000610351562,135.4499969482422,119.32721710205078,91130
2012-10-04,136.0,141.8000030517578,136.0,137.14999389648438,120.8248291015625,297127
2012-10-05,138.4499969482422,139.1999969482422,133.39999389648438,136.1999969482422,119.98794555664062,73008
2012-10-08,136.5,138.39999389648438,134.60000610351562,135.85000610351562,119.6795883178711,43529
2012-10-09,137.39999389648438,138.14999389648438,136.0500030517578,136.5500030517578,120.29627227783203,44956
2012-10-10,135.1999969482422,136.39999389648438,133.0,134.1999969482422,118.22600555419922,29449
2012-10-11,135.8000030517578,137.64999389648438,135.0,135.60000610351562,119.45934295654297,71087
2012-10-12,135.85000610351562,136.9499969482422,131.35000610351562,133.85000610351562,117.91767883300781,44021
2012-10-15,134.14999389648438,135.60000610351562,133.0,133.64999389648438,117.7414779663086,22256
2012-10-16,134.3000030517578,135.6999969482422,133.39999389648438,134.10000610351562,118.13790893554688,26279
2012-10-17,134.3000030517578,136.3000030517578,132.35000610351562,133.89999389648438,117.96170806884766,26114
2012-10-18,134.75,139.1999969482422,133.9499969482422,136.5,120.25223541259766,166639
2012-10-19,136.0,137.60000610351562,133.39999389648438,133.75,117.82955169677734,35064
2012-10-22,133.10000610351562,135.8000030517578,131.75,133.0,117.16883850097656,60248
2012-10-23,132.14999389648438,134.25,122.6500015258789,131.6999969482422,116.02357482910156,51715
2012-10-25,132.89999389648438,133.9499969482422,131.60000610351562,133.0,117.16883850097656,34193
2012-10-29,132.35000610351562,133.8000030517578,131.64999389648438,131.8000030517578,116.1116714477539,25736
2012-10-30,131.85000610351562,132.3000030517578,130.10000610351562,130.6999969482422,115.14260864257812,20059
2012-10-31,130.4499969482422,132.89999389648438,130.39999389648438,131.0500030517578,115.45095825195312,32397
2012-11-01,130.9499969482422,135.60000610351562,130.9499969482422,134.35000610351562,118.3581314086914,52071
2012-11-02,135.60000610351562,141.5,134.60000610351562,137.0500030517578,120.73674774169922,311792
2012-11-05,139.60000610351562,140.5,137.64999389648438,138.25,121.7939224243164,83429
2012-11-06,138.5500030517578,143.60000610351562,138.25,140.5500030517578,123.82015228271484,142709
2012-11-07,140.0,142.64999389648438,140.0,140.25,123.55587768554688,52261
2012-11-08,138.85000610351562,142.4499969482422,138.1999969482422,141.6999969482422,124.833251953125,58376
2012-11-09,141.10000610351562,142.39999389648438,135.0,135.4499969482422,119.32721710205078,46619
2012-11-12,135.25,138.0,134.5,135.60000610351562,119.45934295654297,14307
2012-11-15,134.5,136.14999389648438,131.1999969482422,133.6999969482422,117.78551483154297,21093
2012-11-16,132.10000610351562,141.0,132.10000610351562,135.9499969482422,119.76768493652344,93272
2012-11-19,136.0500030517578,136.9499969482422,133.14999389648438,134.5,118.49028015136719,10338
2012-11-20,134.64999389648438,137.4499969482422,132.3000030517578,132.9499969482422,117.12479400634766,18133
2012-11-21,134.9499969482422,135.0,133.0,133.39999389648438,117.52122497558594,12354
2012-11-22,133.60000610351562,135.89999389648438,132.75,134.75,118.71051788330078,23249
2012-11-23,134.75,135.85000610351562,132.14999389648438,133.1999969482422,117.34502410888672,13872
2012-11-26,131.6999969482422,135.9499969482422,131.0,131.5500030517578,115.89142608642578,39588
2012-11-27,132.35000610351562,135.25,132.3000030517578,134.10000610351562,118.13790893554688,32280
2012-11-29,135.0,136.5,134.0,135.39999389648438,119.28315734863281,56399
2012-11-30,136.0,136.25,129.89999389648438,133.9499969482422,118.0057601928711,49178
2012-12-03,132.3000030517578,138.0,132.3000030517578,136.5500030517578,120.29627227783203,54142
2012-12-04,135.10000610351562,138.5,135.10000610351562,136.0500030517578,119.85579681396484,27792
2012-12-05,135.14999389648438,139.8000030517578,135.14999389648438,137.1999969482422,120.86888885498047,43840
2012-12-06,137.14999389648438,138.0,135.5,136.5,120.25223541259766,12775
2012-12-07,137.35000610351562,139.6999969482422,136.0,136.1999969482422,119.98794555664062,22658
2012-12-10,136.0,138.89999389648438,135.35000610351562,136.3000030517578,120.07606506347656,15549
2012-12-11,136.10000610351562,145.4499969482422,135.5,140.0500030517578,123.37969207763672,371339
2012-12-12,140.0,141.6999969482422,136.64999389648438,137.3000030517578,120.95700073242188,32614
2012-12-13,137.64999389648438,141.35000610351562,136.5,138.64999389648438,122.14630126953125,90384
2012-12-14,137.0,141.35000610351562,137.0,139.9499969482422,123.29158020019531,67977
2012-12-17,139.5,144.0,139.14999389648438,141.14999389648438,124.34871673583984,80825
2012-12-18,144.6999969482422,144.6999969482422,140.14999389648438,140.89999389648438,124.12845611572266,36034
2012-12-19,141.89999389648438,144.5,140.35000610351562,140.85000610351562,124.08442687988281,34358
2012-12-20,141.0500030517578,141.75,138.5500030517578,139.5500030517578,122.93917083740234,17366
2012-12-21,139.75,139.75,135.64999389648438,136.9499969482422,120.64865112304688,12129
2012-12-24,138.39999389648438,142.39999389648438,135.10000610351562,135.75,119.59148406982422,15793
2012-12-26,135.25,137.6999969482422,135.25,136.39999389648438,120.16413879394531,8718
2012-12-27,137.0,137.0,135.14999389648438,135.5,119.3712387084961,8111
2012-12-28,135.10000610351562,137.5,135.0,135.5,119.3712387084961,8060
2012-12-31,135.0,136.6999969482422,135.0,136.0500030517578,119.85579681396484,6988
2013-01-01,135.0,137.5,135.0,136.64999389648438,120.3843765258789,10403
2013-01-02,137.0,140.0,137.0,138.14999389648438,121.70581817626953,35912
2013-01-03,138.5,144.0,137.60000610351562,141.14999389648438,124.34871673583984,94990
2013-01-04,140.0,142.5,138.75,140.25,123.55587768554688,22740
2013-01-07,139.39999389648438,142.8000030517578,138.5,139.0500030517578,122.49870300292969,24455
2013-01-08,139.0,140.5,138.60000610351562,139.64999389648438,123.02727508544922,13833
2013-01-09,139.0,142.6999969482422,137.5,138.85000610351562,122.322509765625,75457
2013-01-10,140.0,141.0,137.0,137.5500030517578,121.17726135253906,15414
2013-01-11,138.0,139.5500030517578,136.0,136.25,120.03199005126953,15848
2013-01-14,135.10000610351562,138.25,135.10000610351562,136.35000610351562,120.12010192871094,11487
2013-01-15,136.5,138.75,135.5,136.6999969482422,120.42841339111328,16952
2013-01-16,136.0500030517578,138.6999969482422,135.10000610351562,135.9499969482422,119.76768493652344,14264
2013-01-17,135.10000610351562,137.85000610351562,135.10000610351562,135.89999389648438,119.7236328125,25635
2013-01-18,136.5,137.6999969482422,134.60000610351562,135.1999969482422,119.10697937011719,9035
2013-01-21,135.0,136.39999389648438,134.1999969482422,134.5500030517578,118.5343246459961,6421
2013-01-22,135.8000030517578,136.75,134.0,134.35000610351562,118.3581314086914,9469
2013-01-23,134.0500030517578,135.25,132.10000610351562,132.5500030517578,116.77239990234375,15143
2013-01-24,132.64999389648438,132.8000030517578,128.5500030517578,129.1999969482422,113.82115173339844,13088
2013-01-25,128.0,130.64999389648438,128.0,128.75,113.42472839355469,13752
2013-01-28,129.9499969482422,130.4499969482422,128.3000030517578,129.60000610351562,114.17354583740234,3521
2013-01-29,129.10000610351562,134.9499969482422,128.10000610351562,131.64999389648438,115.97950744628906,48678
2013-01-30,131.0500030517578,131.85000610351562,129.5,130.10000610351562,114.61402893066406,5211
2013-01-31,129.5,130.60000610351562,129.0,129.14999389648438,113.777099609375,4122
2013-02-01,129.9499969482422,131.14999389648438,129.39999389648438,130.5500030517578,115.01048278808594,7373
2013-02-04,129.85000610351562,132.25,128.5,128.89999389648438,113.55686950683594,5066
2013-02-05,128.0,129.8000030517578,127.0,127.80000305175781,112.58780670166016,5867
2013-02-06,127.80000305175781,130.5,125.0999984741211,125.55000305175781,110.60562133789062,14641
2013-02-07,125.8499984741211,127.94999694824219,125.0,125.5,110.56156921386719,11437
2013-02-08,125.5999984741211,129.0,125.5,127.3499984741211,112.19135284423828,20507
2013-02-11,128.85000610351562,128.85000610351562,123.69999694824219,124.3499984741211,109.54844665527344,17390
2013-02-12,125.3499984741211,125.3499984741211,122.5999984741211,123.1500015258789,108.49129486083984,7312
2013-02-13,124.69999694824219,124.94999694824219,120.8499984741211,121.3499984741211,106.90554809570312,7526
2013-02-14,120.5999984741211,121.75,119.5999984741211,119.80000305175781,105.54004669189453,3978
2013-02-15,120.05000305175781,120.05000305175781,117.30000305175781,118.3499984741211,104.26264190673828,6324
2013-02-18,120.0,137.5500030517578,118.44999694824219,135.0,118.9307861328125,807783
2013-02-19,133.0,138.60000610351562,131.25,132.4499969482422,116.68428039550781,470900
2013-02-20,133.8000030517578,134.60000610351562,128.0,129.35000610351562,113.95331573486328,118163
2013-02-21,128.75,131.8000030517578,125.80000305175781,127.05000305175781,111.92709350585938,54939
2013-02-22,127.05000305175781,129.39999389648438,125.0,126.19999694824219,111.17825317382812,41164
2013-02-25,126.0,128.5,120.0999984741211,121.80000305175781,107.30199432373047,57122
2013-02-26,121.5,121.5,117.69999694824219,118.5999984741211,104.4828872680664,26372
2013-02-27,119.6500015258789,120.69999694824219,116.19999694824219,119.0,104.83527374267578,23510
2013-02-28,122.0999984741211,131.0,120.0999984741211,121.44999694824219,106.99363708496094,462640
2013-03-01,120.19999694824219,124.0,119.0999984741211,121.44999694824219,106.99363708496094,48397
2013-03-04,119.55000305175781,122.0,117.3499984741211,118.75,104.61502075195312,52629
2013-03-05,119.05000305175781,121.4000015258789,118.5999984741211,119.44999694824219,105.23170471191406,20847
2013-03-06,120.9000015258789,125.5,119.9000015258789,122.8499984741211,108.22700500488281,93879
2013-03-07,125.5,126.9000015258789,122.69999694824219,123.44999694824219,108.75556945800781,101926
2013-03-08,123.75,125.80000305175781,120.19999694824219,123.30000305175781,108.62344360351562,45626
2013-03-11,123.75,126.0,121.5,122.0,107.47817993164062,51320
2013-03-12,122.9000015258789,123.80000305175781,119.94999694824219,120.44999694824219,106.11267852783203,22086
2013-03-13,120.5,122.25,119.19999694824219,119.4000015258789,105.18766021728516,15153
2013-03-14,119.4000015258789,121.9000015258789,118.0999984741211,120.0999984741211,105.80432891845703,39560
2013-03-15,121.19999694824219,121.5999984741211,118.0,118.25,104.17455291748047,14990
2013-03-18,117.75,121.44999694824219,115.75,117.80000305175781,103.77810668945312,62015
2013-03-19,118.94999694824219,119.4000015258789,116.0999984741211,117.44999694824219,103.46976470947266,23966
2013-03-20,117.94999694824219,118.05000305175781,115.05000305175781,115.5999984741211,101.83997344970703,19013
2013-03-21,117.3499984741211,118.0,109.80000305175781,110.8499984741211,97.65538024902344,26109
2013-03-22,111.80000305175781,111.8499984741211,105.0,106.5999984741211,93.9112548828125,16150
2013-03-25,109.5999984741211,111.0,105.75,106.8499984741211,94.13150024414062,15139
2013-03-26,105.25,109.30000305175781,103.44999694824219,103.94999694824219,91.57669067382812,27945
2013-03-28,103.80000305175781,107.9000015258789,102.0999984741211,105.94999694824219,93.33863067626953,24513
2013-04-01,107.0,111.4000015258789,107.0,109.05000305175781,96.06962585449219,26111
2013-04-02,109.55000305175781,117.80000305175781,109.55000305175781,115.3499984741211,101.6197509765625,87865
2013-04-03,115.44999694824219,117.44999694824219,113.19999694824219,115.30000305175781,101.57569885253906,25691
2013-04-04,114.0999984741211,115.80000305175781,110.0,114.05000305175781,100.4744873046875,19333
2013-04-05,113.19999694824219,115.6500015258789,112.5999984741211,114.5999984741211,100.9590072631836,9728
2013-04-08,115.0,115.30000305175781,112.0,112.44999694824219,99.06494140625,6300
2013-04-09,114.8499984741211,114.9000015258789,111.30000305175781,111.55000305175781,98.27206420898438,9701
2013-04-10,111.4000015258789,112.9000015258789,110.05000305175781,111.4000015258789,98.1399154663086,8440
2013-04-11,113.69999694824219,113.69999694824219,111.0999984741211,111.44999694824219,98.18397521972656,8708
2013-04-12,110.19999694824219,119.3499984741211,110.05000305175781,112.5999984741211,99.19707489013672,68732
2013-04-15,111.94999694824219,115.4000015258789,111.9000015258789,113.5999984741211,100.07804107666016,5184
2013-04-16,114.1500015258789,116.0,112.5999984741211,113.8499984741211,100.29828643798828,13862
2013-04-17,114.69999694824219,116.3499984741211,112.5,112.94999694824219,99.50540924072266,15084
2013-04-18,113.0999984741211,129.6999969482422,112.0999984741211,124.25,109.46036529541016,907630
2013-04-22,124.25,126.55000305175781,120.80000305175781,121.69999694824219,107.2138900756836,149690
2013-04-23,120.3499984741211,130.0,120.3499984741211,121.1500015258789,106.7293472290039,173614
2013-04-25,121.6500015258789,122.9000015258789,119.44999694824219,120.55000305175781,106.20077514648438,42641
2013-04-26,122.1500015258789,128.39999389648438,121.6500015258789,122.44999694824219,107.87460327148438,282776
2013-04-29,123.55000305175781,124.1500015258789,121.5,122.05000305175781,107.52223205566406,38950
2013-04-30,123.25,125.0,121.19999694824219,122.69999694824219,108.09486389160156,66589
2013-05-02,123.05000305175781,123.5,121.25,121.69999694824219,107.2138900756836,33450
2013-05-03,122.30000305175781,124.25,120.5999984741211,121.8499984741211,107.34603118896484,59256
2013-05-06,121.0999984741211,122.94999694824219,121.0999984741211,121.94999694824219,107.43414306640625,25153
2013-05-07,122.05000305175781,125.5999984741211,121.55000305175781,122.55000305175781,107.96272277832031,72411
2013-05-08,121.0999984741211,123.80000305175781,121.0999984741211,122.19999694824219,107.65437316894531,22217
2013-05-09,122.19999694824219,128.4499969482422,122.0,122.8499984741211,108.22700500488281,273719
2013-05-10,123.0,125.5999984741211,121.80000305175781,122.9000015258789,108.27105712890625,60713
2013-05-13,122.6500015258789,124.5,121.05000305175781,121.69999694824219,107.2138900756836,26361
2013-05-14,122.44999694824219,126.9000015258789,122.44999694824219,123.69999694824219,108.97582244873047,146513
2013-05-15,123.9000015258789,126.19999694824219,123.5999984741211,124.3499984741211,109.54844665527344,44592
2013-05-16,124.19999694824219,125.0,122.55000305175781,123.25,108.57940673828125,26260
2013-05-17,123.80000305175781,124.94999694824219,122.30000305175781,123.55000305175781,108.84368133544922,25913
2013-05-20,124.44999694824219,127.0,123.0,123.44999694824219,108.75556945800781,44472
2013-05-21,123.69999694824219,124.5999984741211,121.5999984741211,121.9000015258789,107.39009094238281,18305
2013-05-22,122.80000305175781,124.30000305175781,121.30000305175781,122.05000305175781,107.52223205566406,23518
2013-05-23,121.0,121.9000015258789,117.0,117.9000015258789,103.86620330810547,11784
2013-05-24,119.5999984741211,120.25,117.0999984741211,118.3499984741211,104.26264190673828,12795
2013-05-27,118.75,121.3499984741211,118.75,120.55000305175781,106.20077514648438,14542
2013-05-28,121.0,122.3499984741211,119.44999694824219,121.0999984741211,106.68529510498047,11947
2013-05-29,120.5999984741211,122.0999984741211,120.0999984741211,120.4000015258789,106.0686264038086,10493
2013-05-30,120.0,122.44999694824219,116.8499984741211,117.25,103.2935791015625,26603
2013-05-31,118.4000015258789,118.4000015258789,113.0999984741211,114.19999694824219,100.60662841796875,14227
2013-06-03,114.30000305175781,115.3499984741211,111.0,113.75,100.21018981933594,12028
2013-06-04,114.0,116.80000305175781,114.0,114.55000305175781,100.91496276855469,10662
2013-06-05,114.0,116.0,113.30000305175781,114.25,100.65068054199219,15435
2013-06-06,113.69999694824219,116.44999694824219,113.0,114.75,101.0911636352539,24813
2013-06-07,114.5,116.44999694824219,114.5,114.6500015258789,101.00305938720703,9739
2013-06-10,115.0,116.44999694824219,114.0999984741211,114.55000305175781,100.91496276855469,16735
2013-06-11,114.0,114.94999694824219,111.6500015258789,112.80000305175781,99.37327575683594,9177
2013-06-12,111.4000015258789,112.3499984741211,110.1500015258789,111.30000305175781,98.05181121826172,7641
2013-06-13,110.0,110.4000015258789,107.05000305175781,107.44999694824219,94.66008758544922,8847
2013-06-14,109.0,111.5,108.9000015258789,109.25,96.24584197998047,16833
2013-06-17,110.5,111.0,107.55000305175781,108.5,95.5851058959961,12338
2013-06-18,108.05000305175781,110.69999694824219,108.0,109.5,96.46607208251953,7737
2013-06-19,108.9000015258789,110.5,108.9000015258789,109.69999694824219,96.64226531982422,3046
2013-06-20,108.80000305175781,108.80000305175781,105.69999694824219,107.0999984741211,94.35175323486328,3383
2013-06-21,107.0999984741211,109.5,102.5,104.0,91.62074279785156,13137
2013-06-24,103.0,104.5,98.55000305175781,99.8499984741211,87.96472930908203,8790
2013-06-25,99.0,100.6500015258789,94.5,96.69999694824219,85.1896743774414,7426
2013-06-26,96.0,98.80000305175781,93.25,94.8499984741211,83.55987548828125,9427
2013-06-27,96.0,97.94999694824219,95.0,96.0999984741211,84.66108703613281,18305
2013-06-28,97.0999984741211,99.4000015258789,96.8499984741211,98.6500015258789,86.90754699707031,11829
2013-07-01,98.8499984741211,102.69999694824219,98.05000305175781,102.1500015258789,89.9909439086914,11776
2013-07-02,101.75,105.5999984741211,101.5,102.1500015258789,89.9909439086914,7582
2013-07-03,101.6500015258789,101.6500015258789,99.05000305175781,99.75,87.87664031982422,4765
2013-07-04,99.0,101.05000305175781,99.0,99.75,87.87664031982422,2928
2013-07-05,101.0999984741211,101.5999984741211,99.0999984741211,99.6500015258789,87.78852844238281,1440
2013-07-08,100.9000015258789,102.9000015258789,97.0,100.80000305175781,88.80164337158203,16214
2013-07-09,101.30000305175781,105.9000015258789,100.05000305175781,100.30000305175781,88.36116027832031,24987
2013-07-10,102.0,102.30000305175781,100.05000305175781,100.75,88.75759887695312,5356
2013-07-11,102.05000305175781,102.0999984741211,99.5,100.4000015258789,88.44926452636719,7236
2013-07-12,99.19999694824219,101.8499984741211,99.0,99.80000305175781,87.9206771850586,8768
2013-07-15,100.5,101.5,97.4000015258789,98.44999694824219,86.73136901855469,9204
2013-07-16,96.5,98.5,96.5,98.0,86.33494567871094,2099
2013-07-17,97.30000305175781,100.0,97.30000305175781,98.69999694824219,86.95159912109375,4657
2013-07-18,98.0,100.94999694824219,98.0,100.4000015258789,88.44926452636719,11125
2013-07-19,99.5,101.8499984741211,99.3499984741211,100.0,88.09685516357422,6877
2013-07-22,99.6500015258789,100.80000305175781,99.6500015258789,99.75,87.87664031982422,2415
2013-07-23,100.0,111.0,100.0,109.44999694824219,96.42202758789062,221778
2013-07-24,108.0,108.05000305175781,101.5999984741211,103.25,90.96002197265625,26667
2013-07-25,103.8499984741211,107.0,102.75,103.9000015258789,91.53264617919922,19978
2013-07-26,104.1500015258789,105.9000015258789,101.25,102.05000305175781,89.90284729003906,8505
2013-07-29,101.5,101.9000015258789,100.55000305175781,101.3499984741211,89.28617858886719,7798
2013-07-30,100.80000305175781,102.4000015258789,97.05000305175781,97.44999694824219,85.85040283203125,7831
2013-07-31,97.0,97.5,90.0999984741211,92.6500015258789,81.62174987792969,14092
2013-08-01,98.9000015258789,98.9000015258789,85.25,86.05000305175781,77.26678466796875,21140
2013-08-02,87.94999694824219,90.9000015258789,83.0,85.6500015258789,76.9076156616211,14221
2013-08-05,86.4000015258789,88.69999694824219,82.0,84.05000305175781,75.47093963623047,19350
2013-08-06,84.0,84.0,78.5,79.05000305175781,70.9813003540039,11721
2013-08-07,78.8499984741211,81.0,77.1500015258789,80.05000305175781,71.87923431396484,15552
2013-08-08,79.0,81.55000305175781,78.5,80.69999694824219,72.46286010742188,5519
2013-08-12,80.55000305175781,94.5,80.4000015258789,86.44999694824219,77.62596130371094,131606
2013-08-13,89.69999694824219,89.69999694824219,85.5,88.30000305175781,79.28713989257812,15124
2013-08-14,88.9000015258789,92.4000015258789,88.69999694824219,90.25,81.0380859375,22524
2013-08-16,90.5,90.5,86.1500015258789,87.55000305175781,78.61368560791016,4871
2013-08-19,89.0,89.0,84.94999694824219,86.25,77.4463882446289,2588
2013-08-20,86.94999694824219,89.44999694824219,85.55000305175781,87.55000305175781,78.61368560791016,16461
2013-08-21,89.0,89.19999694824219,86.05000305175781,86.3499984741211,77.5361557006836,4163
2013-08-22,86.30000305175781,86.3499984741211,84.1500015258789,84.5999984741211,75.96479034423828,10236
2013-08-23,84.1500015258789,86.9000015258789,84.1500015258789,85.55000305175781,76.81782531738281,10364
2013-08-26,85.0,86.9000015258789,83.55000305175781,86.0999984741211,77.31169128417969,11897
2013-08-27,85.0,86.5,83.05000305175781,83.44999694824219,74.93218231201172,6841
2013-08-28,83.0,83.0,78.0,81.5,73.18121337890625,6819
2013-08-29,84.75,84.75,82.0999984741211,83.69999694824219,75.15665435791016,4715
2013-08-30,83.9000015258789,85.5,83.0999984741211,84.75,76.0994873046875,4098
2013-09-02,85.0,86.75,84.19999694824219,85.0999984741211,76.41377258300781,3729
2013-09-03,85.3499984741211,86.0,83.0,83.55000305175781,75.02198028564453,3767
2013-09-04,83.0,85.5,80.6500015258789,81.30000305175781,73.00163269042969,11383
2013-09-05,82.55000305175781,84.05000305175781,82.1500015258789,83.5999984741211,75.06687927246094,6880
2013-09-06,84.0,86.6500015258789,82.69999694824219,85.0999984741211,76.41377258300781,11238
2013-09-10,87.0,94.9000015258789,86.25,92.19999694824219,82.78904724121094,78647
2013-09-11,91.5,91.9000015258789,88.4000015258789,89.80000305175781,80.634033203125,23011
2013-09-12,89.6500015258789,90.9000015258789,89.55000305175781,90.0999984741211,80.90339660644531,7505
2013-09-13,89.5999984741211,101.94999694824219,89.5999984741211,95.8499984741211,86.0665054321289,156169
2013-09-16,97.69999694824219,97.69999694824219,90.0,91.3499984741211,82.02581787109375,21445
2013-09-17,92.0,94.9000015258789,89.05000305175781,92.25,82.83394622802734,25196
2013-09-18,92.25,94.19999694824219,90.25,91.4000015258789,82.07071685791016,12435
2013-09-19,92.44999694824219,95.6500015258789,91.69999694824219,92.3499984741211,82.92375946044922,39250
2013-09-20,92.94999694824219,93.30000305175781,89.0999984741211,89.69999694824219,80.54424285888672,8632
2013-09-23,90.05000305175781,92.0,88.5,89.05000305175781,79.9605941772461,11769
2013-09-24,89.9000015258789,92.8499984741211,88.5,88.80000305175781,79.73609161376953,28577
2013-09-25,89.69999694824219,90.05000305175781,87.55000305175781,88.5999984741211,79.5565185546875,8189
2013-09-26,88.4000015258789,89.6500015258789,87.5999984741211,88.05000305175781,79.06265258789062,2108
2013-09-27,89.5999984741211,91.0,88.25,88.44999694824219,79.42182922363281,18091
2013-09-30,89.05000305175781,89.05000305175781,85.5,86.1500015258789,77.35658264160156,8233
2013-10-01,85.75,87.5,83.0999984741211,85.0,76.32395935058594,16223
2013-10-03,86.0,94.0,85.55000305175781,89.0999984741211,80.00547790527344,206926
2013-10-04,90.0,90.55000305175781,87.5999984741211,88.25,79.24223327636719,23760
2013-10-07,91.9000015258789,91.9000015258789,87.3499984741211,87.8499984741211,78.88306427001953,17871
2013-10-08,88.5,89.8499984741211,87.3499984741211,87.5,78.56879425048828,12429
2013-10-09,88.4000015258789,89.05000305175781,87.30000305175781,88.8499984741211,79.78099822998047,16894
2013-10-10,90.75,90.9000015258789,88.5999984741211,89.0999984741211,80.00547790527344,19003
2013-10-11,90.5,96.75,89.0,93.1500015258789,83.64210510253906,166506
2013-10-14,92.1500015258789,94.9000015258789,91.30000305175781,92.0999984741211,82.69926452636719,13157
2013-10-15,92.0999984741211,93.30000305175781,90.0999984741211,91.0999984741211,81.80132293701172,5091
2013-10-17,92.55000305175781,94.19999694824219,90.30000305175781,91.1500015258789,81.84624481201172,16081
2013-10-18,91.9000015258789,93.0,90.80000305175781,92.1500015258789,82.74417114257812,11675
2013-10-21,93.9000015258789,94.0,91.05000305175781,91.75,82.3849868774414,6934
2013-10-22,92.55000305175781,98.3499984741211,92.55000305175781,95.75,85.97671508789062,92440
2013-10-23,96.0,96.80000305175781,94.19999694824219,95.94999694824219,86.15628051757812,22931
2013-10-24,95.5999984741211,99.25,95.5,95.75,85.97671508789062,60231
2013-10-25,97.69999694824219,99.5,94.19999694824219,95.9000015258789,86.11139678955078,77353
2013-10-28,96.9000015258789,106.1500015258789,96.6500015258789,99.30000305175781,89.16436004638672,404425
2013-10-29,99.3499984741211,104.6500015258789,99.3499984741211,101.25,90.91531372070312,110952
2013-10-30,102.3499984741211,103.75,100.3499984741211,101.0,90.69081115722656,33264
2013-10-31,101.9000015258789,101.94999694824219,99.0,99.19999694824219,89.07457733154297,7795
2013-11-01,101.3499984741211,101.3499984741211,97.6500015258789,99.75,89.56843566894531,23581
2013-11-05,101.44999694824219,101.44999694824219,97.05000305175781,99.30000305175781,89.16436004638672,27472
2013-11-06,99.0999984741211,101.94999694824219,98.69999694824219,100.1500015258789,89.92758178710938,30742
2013-11-07,100.80000305175781,101.8499984741211,97.69999694824219,98.30000305175781,88.26643371582031,12276
2013-11-08,97.69999694824219,99.0,97.05000305175781,97.25,87.3236083984375,9786
2013-11-11,97.4000015258789,98.80000305175781,94.4000015258789,95.5999984741211,85.8420181274414,12601
2013-11-12,96.19999694824219,96.5,94.0999984741211,94.25,84.62980651855469,9243
2013-11-13,94.9000015258789,94.9000015258789,91.9000015258789,92.30000305175781,82.87886047363281,13413
2013-11-14,93.0,95.5,91.69999694824219,93.0,83.50740814208984,44547
2013-11-18,93.55000305175781,98.9000015258789,93.55000305175781,96.0999984741211,86.29097747802734,76130
2013-11-19,96.9000015258789,97.0,94.75,95.1500015258789,85.43795013427734,10961
2013-11-20,95.19999694824219,98.69999694824219,94.8499984741211,96.6500015258789,86.78485870361328,27611
2013-11-21,96.0,98.4000015258789,94.6500015258789,96.05000305175781,86.24609375,17558
2013-11-22,96.0999984741211,97.5,94.5,95.19999694824219,85.48284912109375,10509
2013-11-25,97.0,97.6500015258789,95.19999694824219,96.30000305175781,86.4705581665039,42683
2013-11-26,96.0,96.0999984741211,92.6500015258789,94.55000305175781,84.8991928100586,10018
2013-11-27,94.05000305175781,95.30000305175781,92.8499984741211,94.05000305175781,84.45023345947266,7085
2013-11-28,95.5,98.75,94.3499984741211,95.55000305175781,85.79712677001953,47291
2013-11-29,95.94999694824219,96.5,94.25,95.94999694824219,86.15628051757812,10994
2013-12-02,96.05000305175781,99.80000305175781,96.0,98.80000305175781,88.71539306640625,50586
2013-12-03,100.0,102.44999694824219,99.30000305175781,99.55000305175781,89.38885498046875,41497
2013-12-04,101.0,119.44999694824219,101.0,119.05000305175781,106.89844512939453,1566627
2013-12-05,123.3499984741211,125.8499984741211,107.55000305175781,109.9000015258789,98.6823959350586,501615
2013-12-06,110.9000015258789,126.80000305175781,110.19999694824219,120.19999694824219,107.93106842041016,1537110
2013-12-09,121.8499984741211,124.4000015258789,117.0999984741211,119.75,107.5270004272461,184913
2013-12-10,119.6500015258789,134.35000610351562,119.44999694824219,124.94999694824219,112.19623565673828,1445030
2013-12-11,125.25,134.39999389648438,123.5,127.9000015258789,114.84513092041016,888202
2013-12-12,128.85000610351562,131.6999969482422,125.0,125.9000015258789,113.04927825927734,259837
2013-12-13,126.94999694824219,130.5,123.5,124.5999984741211,111.88196563720703,203130
2013-12-16,128.0,128.0,120.25,120.9000015258789,108.55962371826172,122395
2013-12-17,122.3499984741211,124.9000015258789,119.0999984741211,120.44999694824219,108.15554809570312,106284
2013-12-18,120.80000305175781,123.4000015258789,118.0999984741211,119.25,107.07804870605469,55451
2013-12-19,120.9000015258789,121.4000015258789,116.19999694824219,117.1500015258789,105.19239807128906,60420
2013-12-20,116.4000015258789,123.8499984741211,116.4000015258789,122.0,109.54734802246094,256884
2013-12-23,122.69999694824219,123.5,119.1500015258789,122.3499984741211,109.86161804199219,79513
2013-12-24,124.4000015258789,128.89999389648438,122.19999694824219,123.05000305175781,110.49017333984375,213979
2013-12-26,123.6500015258789,124.4000015258789,121.30000305175781,121.80000305175781,109.36775970458984,23789
2013-12-27,122.4000015258789,122.9000015258789,119.3499984741211,120.05000305175781,107.79638671875,27924
2013-12-30,121.0,124.4000015258789,120.0,121.1500015258789,108.78408813476562,81738
2013-12-31,121.19999694824219,124.4000015258789,120.0,122.05000305175781,109.59223937988281,64415
2014-01-01,122.6500015258789,125.44999694824219,122.0999984741211,122.75,110.22079467773438,54688
2014-01-02,122.80000305175781,125.5,112.3499984741211,117.0,105.05770111083984,79609
2014-01-03,116.5,121.0,114.0999984741211,119.0999984741211,106.94334411621094,50885
2014-01-06,124.0,124.9000015258789,120.55000305175781,122.0999984741211,109.63713836669922,136368
2014-01-07,122.80000305175781,122.9000015258789,118.25,119.30000305175781,107.12293243408203,26703
2014-01-08,120.0,122.80000305175781,118.4000015258789,119.3499984741211,107.16783142089844,59631
2014-01-09,119.5,120.6500015258789,117.44999694824219,118.1500015258789,106.09033203125,22457
2014-01-10,119.1500015258789,121.69999694824219,115.55000305175781,116.1500015258789,104.29446411132812,66259
2014-01-13,116.5999984741211,118.19999694824219,115.1500015258789,116.5,104.6087417602539,16521
2014-01-14,116.5,117.55000305175781,115.4000015258789,116.25,104.38423919677734,18098
2014-01-15,116.5,123.9000015258789,116.25,121.44999694824219,109.05347442626953,213728
2014-01-16,122.0,122.4000015258789,117.69999694824219,118.75,106.62906646728516,39461
2014-01-17,118.5,121.5,116.5,117.5999984741211,105.59644317626953,31631
2014-01-20,118.0,120.80000305175781,117.75,119.0999984741211,106.94334411621094,31077
2014-01-21,119.80000305175781,120.9000015258789,118.5,119.1500015258789,106.98824310302734,26401
2014-01-22,119.0,120.0,115.4000015258789,118.0999984741211,106.04542541503906,24930
2014-01-23,118.19999694824219,120.0,117.5999984741211,118.0,105.95563507080078,32439
2014-01-24,118.0,118.0,113.5,114.25,102.5884017944336,16700
2014-01-27,113.5,113.5,106.0,108.05000305175781,97.02122497558594,18080
2014-01-28,107.30000305175781,109.69999694824219,102.0999984741211,104.5999984741211,93.92338562011719,19111
2014-01-29,105.0999984741211,109.4000015258789,105.0999984741211,106.3499984741211,95.4947509765625,34097
2014-01-30,104.9000015258789,105.30000305175781,101.0,103.05000305175781,92.5315933227539,15478
2014-01-31,103.8499984741211,105.5,102.19999694824219,103.3499984741211,92.80095672607422,24280
2014-02-03,102.1500015258789,104.44999694824219,102.1500015258789,102.8499984741211,92.35201263427734,11129
2014-02-04,101.9000015258789,101.9000015258789,98.25,100.94999694824219,90.64592742919922,13862
2014-02-05,102.0,117.5,102.0,114.30000305175781,102.63328552246094,484174
2014-02-06,112.25,116.25,109.19999694824219,110.5,99.22115325927734,111339
2014-02-07,110.5999984741211,112.5999984741211,107.25,108.3499984741211,97.29061126708984,44129
2014-02-10,109.5999984741211,109.8499984741211,105.0,105.4000015258789,94.6417236328125,33403
2014-02-11,106.5,114.4000015258789,105.0,108.0,96.97632598876953,287857
2014-02-12,109.05000305175781,111.0,106.0,108.44999694824219,97.38040924072266,80479
2014-02-13,109.94999694824219,109.94999694824219,104.5,104.94999694824219,94.23765563964844,36785
2014-02-14,105.75,107.5,104.6500015258789,105.44999694824219,94.6866226196289,48154
2014-02-17,106.1500015258789,109.0,105.0999984741211,105.6500015258789,94.86620330810547,77550
2014-02-18,104.5999984741211,107.0,104.5999984741211,105.80000305175781,95.00089263916016,34113
2014-02-19,107.80000305175781,107.80000305175781,104.3499984741211,104.94999694824219,94.23765563964844,23219
2014-02-20,105.0,105.3499984741211,103.0999984741211,103.5,92.93565368652344,24009
2014-02-21,104.5,106.8499984741211,103.94999694824219,104.9000015258789,94.19275665283203,33483
2014-02-24,105.0,105.9000015258789,104.05000305175781,104.5,93.83358001708984,18527
2014-02-25,105.05000305175781,105.8499984741211,103.6500015258789,104.55000305175781,93.87848663330078,16897
2014-02-26,105.0999984741211,115.4000015258789,104.5999984741211,109.30000305175781,98.1436538696289,619101
2014-02-28,110.0999984741211,112.4000015258789,108.5999984741211,109.5999984741211,98.41301727294922,84274
2014-03-03,108.5,112.5,107.0,108.55000305175781,97.47019958496094,62745
2014-03-04,110.05000305175781,110.44999694824219,108.0,108.80000305175781,97.6946792602539,26047
2014-03-05,109.19999694824219,113.9000015258789,108.5999984741211,111.30000305175781,99.93950653076172,92172
2014-03-06,111.9000015258789,114.5999984741211,111.05000305175781,112.4000015258789,100.92723083496094,100425
2014-03-07,112.69999694824219,114.9000015258789,111.0999984741211,112.05000305175781,100.61296844482422,104909
2014-03-10,111.5,115.0,111.25,114.44999694824219,102.76798248291016,89903
2014-03-11,117.19999694824219,120.9000015258789,116.0,116.5,104.6087417602539,355653
2014-03-12,115.80000305175781,117.4000015258789,112.05000305175781,113.55000305175781,101.95985412597656,42350
2014-03-13,113.8499984741211,115.80000305175781,110.30000305175781,111.1500015258789,99.80481719970703,47202
2014-03-14,110.80000305175781,111.0,107.5999984741211,108.94999694824219,97.82937622070312,30536
2014-03-18,109.05000305175781,110.94999694824219,107.0,109.1500015258789,98.00895690917969,32900
2014-03-19,110.5,111.5,108.25,109.80000305175781,98.59261322021484,34083
2014-03-20,108.69999694824219,110.80000305175781,108.30000305175781,109.0999984741211,97.96405792236328,24330
2014-03-21,109.55000305175781,115.0,109.55000305175781,111.8499984741211,100.43335723876953,93301
2014-03-24,115.9000015258789,116.5,113.0,113.44999694824219,101.87005615234375,60751
2014-03-25,113.19999694824219,120.69999694824219,112.1500015258789,116.05000305175781,104.20466613769531,383002
2014-03-26,116.5,117.30000305175781,113.05000305175781,113.8499984741211,102.22921752929688,32954
2014-03-27,112.30000305175781,115.80000305175781,112.30000305175781,114.5,102.81287384033203,30134
2014-03-28,115.5,116.5999984741211,113.9000015258789,115.19999694824219,103.4414291381836,69448
2014-03-31,116.0999984741211,117.0,114.19999694824219,115.44999694824219,103.66590118408203,21782
2014-04-01,115.19999694824219,118.9000015258789,115.19999694824219,116.69999694824219,104.78831481933594,67680
2014-04-02,116.0,120.9000015258789,116.0,119.5,107.30252838134766,99016
2014-04-03,118.3499984741211,118.94999694824219,115.19999694824219,116.3499984741211,104.47403717041016,26801
2014-04-04,115.25,119.3499984741211,115.19999694824219,116.6500015258789,104.74342346191406,40530
2014-04-07,116.6500015258789,118.0,113.3499984741211,115.80000305175781,103.98018646240234,30159
2014-04-09,115.69999694824219,118.80000305175781,115.69999694824219,118.5,106.40459442138672,62359
2014-04-10,116.94999694824219,121.9000015258789,116.94999694824219,118.8499984741211,106.71886444091797,86617
2014-04-11,118.6500015258789,121.94999694824219,117.3499984741211,119.3499984741211,107.16783142089844,75059
2014-04-15,119.3499984741211,119.3499984741211,116.1500015258789,117.05000305175781,105.10259246826172,16288
2014-04-16,116.9000015258789,118.69999694824219,115.05000305175781,116.55000305175781,104.65363311767578,34012
2014-04-17,116.4000015258789,117.5,115.5999984741211,116.19999694824219,104.33935546875,14798
2014-04-21,117.25,121.4000015258789,117.25,120.3499984741211,108.06575775146484,61093
2014-04-22,119.5,124.80000305175781,119.5,121.25,108.87389373779297,127556
2014-04-23,121.25,123.5,119.0999984741211,119.80000305175781,107.57189178466797,29527
2014-04-24,119.80000305175781,119.80000305175781,119.80000305175781,119.80000305175781,107.57189178466797,0
2014-04-25,119.94999694824219,120.4000015258789,116.55000305175781,117.5,105.50666809082031,18539
2014-04-28,117.5999984741211,122.44999694824219,115.19999694824219,120.0,107.7514877319336,66229
2014-04-29,120.0,121.5,118.44999694824219,119.4000015258789,107.21273040771484,20443
2014-04-30,122.6500015258789,122.6500015258789,116.5,118.25,106.18010711669922,81925
2014-05-02,119.0999984741211,119.44999694824219,116.25,117.3499984741211,105.3719711303711,20542
2014-05-05,116.9000015258789,119.9000015258789,116.5,116.75,104.83322143554688,13261
2014-05-06,117.0,118.55000305175781,114.75,115.6500015258789,103.84549713134766,9221
2014-05-07,115.1500015258789,117.5,114.4000015258789,114.6500015258789,102.94756317138672,13368
2014-05-08,114.6500015258789,115.75,113.0999984741211,113.80000305175781,102.184326171875,7300
2014-05-09,114.5,116.4000015258789,113.6500015258789,114.69999694824219,102.99246978759766,22004
2014-05-12,115.0,116.9000015258789,113.5999984741211,114.3499984741211,102.67819213867188,16546
2014-05-13,116.44999694824219,120.1500015258789,115.4000015258789,117.9000015258789,105.86582946777344,50275
2014-05-14,117.9000015258789,130.85000610351562,117.3499984741211,125.5,112.6900863647461,298259
2014-05-15,126.25,126.8499984741211,119.3499984741211,120.19999694824219,107.93106842041016,55314
2014-05-16,122.1500015258789,123.0,118.1500015258789,119.5999984741211,107.3923110961914,30791
2014-05-19,120.44999694824219,130.0,120.30000305175781,129.35000610351562,116.14714050292969,72385
2014-05-20,133.39999389648438,137.60000610351562,131.0,131.60000610351562,118.1674575805664,181987
2014-05-21,132.5,136.0,130.0500030517578,132.9499969482422,119.37966918945312,55490
2014-05-22,134.75,140.39999389648438,133.5500030517578,136.3000030517578,122.38775634765625,135653
2014-05-23,137.5500030517578,141.5,135.3000030517578,136.4499969482422,122.52240753173828,107671
2014-05-26,137.0,141.60000610351562,130.0,132.60000610351562,119.06539154052734,97737
2014-05-27,132.5,132.5,126.05000305175781,130.5,117.17976379394531,20630
2014-05-28,132.85000610351562,147.3000030517578,131.1999969482422,140.3000030517578,125.97944641113281,536840
2014-05-29,138.89999389648438,140.3000030517578,132.10000610351562,132.64999389648438,119.11027526855469,119250
2014-05-30,134.85000610351562,135.0,130.25,131.14999389648438,117.76338958740234,27518
2014-06-02,132.39999389648438,136.1999969482422,132.14999389648438,134.35000610351562,120.63675689697266,39988
2014-06-03,138.25,143.9499969482422,136.60000610351562,138.14999389648438,124.04888916015625,179571
2014-06-04,138.0,139.39999389648438,133.8000030517578,138.0500030517578,123.95912170410156,47572
2014-06-05,141.0,142.6999969482422,138.5,139.89999389648438,125.62026977539062,83143
2014-06-06,140.5,146.0,137.64999389648438,141.9499969482422,127.46101379394531,118865
2014-06-09,142.0,143.85000610351562,139.1999969482422,141.39999389648438,126.9671630859375,89843
2014-06-10,145.25,146.8000030517578,141.5,142.4499969482422,127.90998077392578,91518
2014-06-11,144.1999969482422,148.5,142.10000610351562,143.75,129.0773162841797,147371
2014-06-12,142.75,146.5,141.0,143.25,128.6283416748047,50690
2014-06-13,144.89999389648438,145.35000610351562,133.3000030517578,136.1999969482422,122.29794311523438,62599
2014-06-16,135.0,135.0,132.39999389648438,134.0,120.32247924804688,15310
2014-06-17,135.0,137.39999389648438,134.0,136.35000610351562,122.43264770507812,19686
2014-06-18,136.39999389648438,138.89999389648438,131.14999389648438,134.0,120.32247924804688,38972
2014-06-19,135.5,136.8000030517578,132.14999389648438,136.0,122.11834716796875,37208
2014-06-20,134.64999389648438,146.4499969482422,130.64999389648438,144.75,129.9752197265625,215954
2014-06-23,141.5,141.5,133.5,136.39999389648438,122.47753143310547,139776
2014-06-24,138.0,138.5500030517578,135.10000610351562,136.35000610351562,122.43264770507812,40218
2014-06-25,136.89999389648438,137.14999389648438,135.0500030517578,136.35000610351562,122.43264770507812,21176
2014-06-26,135.25,136.85000610351562,134.5,134.75,120.99592590332031,19325
2014-06-27,136.4499969482422,136.4499969482422,133.10000610351562,133.85000610351562,120.18782043457031,17238
2014-06-30,134.89999389648438,138.5,134.89999389648438,136.0,122.11834716796875,27556
2014-07-01,134.0,138.89999389648438,132.6999969482422,137.75,123.68972778320312,112352
2014-07-02,137.75,144.3000030517578,137.75,141.85000610351562,127.3712158203125,103926
2014-07-03,139.85000610351562,147.8000030517578,139.85000610351562,143.25,128.6283416748047,107729
2014-07-04,144.0,145.5,141.64999389648438,142.39999389648438,127.86506652832031,32377
2014-07-07,144.6999969482422,145.0,140.0,141.10000610351562,126.6977767944336,26385
2014-07-08,143.60000610351562,143.60000610351562,134.1999969482422,135.5500030517578,121.71428680419922,30028
2014-07-09,135.0,138.14999389648438,128.60000610351562,131.8000030517578,118.34703826904297,61363
2014-07-10,132.1999969482422,138.1999969482422,130.35000610351562,133.10000610351562,119.51435089111328,115337
2014-07-11,134.0,135.6999969482422,126.3499984741211,129.10000610351562,115.92265319824219,41071
2014-07-14,128.0,130.0,126.5,127.55000305175781,114.5308609008789,12983
2014-07-15,129.0,133.0,129.0,132.0,118.5266342163086,31735
2014-07-16,131.6999969482422,142.9499969482422,131.3000030517578,141.64999389648438,127.191650390625,141791
2014-07-17,145.0,147.0,138.14999389648438,139.39999389648438,125.17130279541016,223166
2014-07-18,138.9499969482422,145.8000030517578,136.25,143.14999389648438,128.5385284423828,101120
2014-07-21,142.3000030517578,171.75,142.3000030517578,171.75,154.2193145751953,1281767
2014-07-22,176.39999389648438,194.89999389648438,176.39999389648438,183.4499969482422,164.72509765625,1914407
2014-07-23,184.9499969482422,184.9499969482422,171.1999969482422,176.5500030517578,158.52940368652344,405206
2014-07-24,174.5500030517578,184.0,171.60000610351562,173.0,155.34173583984375,209368
2014-07-25,174.4499969482422,177.89999389648438,161.5500030517578,165.6999969482422,148.78683471679688,106474
2014-07-28,166.10000610351562,185.60000610351562,164.0500030517578,178.60000610351562,160.3701171875,1245506
2014-07-30,177.5,177.5,167.5500030517578,170.64999389648438,153.23159790039062,164024
2014-07-31,169.0500030517578,179.60000610351562,169.0500030517578,170.35000610351562,152.9622344970703,173754
2014-08-01,168.60000610351562,171.8000030517578,163.10000610351562,164.4499969482422,147.6644287109375,83660
2014-08-04,165.39999389648438,173.0,165.39999389648438,167.1999969482422,151.51576232910156,90773
2014-08-05,168.8000030517578,171.8000030517578,164.25,165.4499969482422,149.92991638183594,64037
2014-08-06,166.39999389648438,173.5,164.60000610351562,166.0,150.4282989501953,140278
2014-08-07,166.35000610351562,169.1999969482422,161.5,162.85000610351562,147.5738067626953,64133
2014-08-08,159.0,161.0,155.5,156.5,141.8194580078125,50126
2014-08-11,157.10000610351562,166.0,157.10000610351562,163.39999389648438,148.0721893310547,100500
2014-08-12,163.0,167.8000030517578,161.14999389648438,162.0500030517578,146.84886169433594,54486
2014-08-13,161.10000610351562,164.5,154.5500030517578,156.14999389648438,141.50230407714844,61714
2014-08-14,157.10000610351562,158.9499969482422,152.39999389648438,154.89999389648438,140.3695526123047,54693
2014-08-18,154.5,162.0,154.5,158.3000030517578,143.4506378173828,51999
2014-08-19,158.10000610351562,161.6999969482422,157.39999389648438,158.5500030517578,143.67718505859375,30422
2014-08-20,157.10000610351562,181.4499969482422,157.10000610351562,174.35000610351562,157.99505615234375,438876
2014-08-21,177.10000610351562,209.1999969482422,177.10000610351562,204.35000610351562,185.180908203125,1401714
2014-08-22,205.89999389648438,224.89999389648438,205.0,210.5500030517578,190.79928588867188,2088294
2014-08-25,212.1999969482422,221.8000030517578,204.39999389648438,206.85000610351562,187.44635009765625,546994
2014-08-26,207.8000030517578,216.75,201.0,208.60000610351562,189.03221130371094,465976
2014-08-27,209.0,216.0,203.89999389648438,205.3000030517578,186.04176330566406,241964
2014-08-28,204.14999389648438,211.0,197.75,199.5,180.78585815429688,170947
2014-09-01,200.25,206.8000030517578,196.60000610351562,201.35000610351562,182.46229553222656,227676
2014-09-02,200.3000030517578,215.0,200.3000030517578,208.39999389648438,188.85096740722656,341395
2014-09-03,209.0,211.89999389648438,201.6999969482422,202.64999389648438,183.64035034179688,136217
2014-09-04,201.1999969482422,204.5,196.0,199.3000030517578,180.6046142578125,93404
2014-09-05,198.25,208.5,198.25,204.60000610351562,185.4074249267578,154598
2014-09-08,205.0,217.85000610351562,202.4499969482422,213.0,193.01947021484375,389668
2014-09-09,212.0,217.89999389648438,208.0500030517578,209.8000030517578,190.11964416503906,137595
2014-09-10,208.0,217.75,205.5,209.64999389648438,189.9837188720703,197712
2014-09-11,208.0,216.5,207.0,208.6999969482422,189.12286376953125,181974
2014-09-12,207.5500030517578,212.0,205.0,205.89999389648438,186.58551025390625,92914
2014-09-15,204.6999969482422,222.0,200.60000610351562,212.25,192.33984375,762411
2014-09-16,212.10000610351562,216.60000610351562,201.25,203.89999389648438,184.77308654785156,259678
2014-09-17,204.5500030517578,208.0,197.0500030517578,203.4499969482422,184.3653106689453,107710
2014-09-18,204.0,210.75,202.8000030517578,207.1999969482422,187.76356506347656,201766
2014-09-19,207.6999969482422,212.5,205.0500030517578,206.14999389648438,186.81202697753906,188001
2014-09-22,205.0500030517578,210.4499969482422,204.10000610351562,205.6999969482422,186.4042510986328,118539
2014-09-23,207.25,212.89999389648438,203.6999969482422,204.9499969482422,185.72459411621094,201101
2014-09-24,204.9499969482422,207.0,193.5,197.9499969482422,179.38125610351562,83157
2014-09-25,198.8000030517578,201.6999969482422,189.1999969482422,191.89999389648438,173.89874267578125,59690
2014-09-26,190.10000610351562,194.0,186.5,188.5500030517578,170.86302185058594,69367
2014-09-29,189.0,196.60000610351562,189.0,192.5,174.44247436523438,62040
2014-09-30,192.0,196.8000030517578,189.4499969482422,191.64999389648438,173.6721954345703,62701
2014-10-01,191.64999389648438,193.39999389648438,186.9499969482422,187.5,169.9114990234375,36184
2014-10-07,189.85000610351562,194.6999969482422,187.5,190.25,172.4035186767578,134160
2014-10-08,188.10000610351562,192.1999969482422,185.1999969482422,187.0,169.45838928222656,66937
2014-10-09,188.85000610351562,194.39999389648438,188.25,191.14999389648438,173.2191162109375,88701
2014-10-10,189.5500030517578,189.6999969482422,184.1999969482422,185.75,168.32566833496094,37248
2014-10-13,184.60000610351562,188.6999969482422,183.14999389648438,184.0,166.73983764648438,71145
2014-10-14,185.5,186.3000030517578,184.0500030517578,184.6999969482422,167.37417602539062,45227
2014-10-15,184.6999969482422,184.6999969482422,184.6999969482422,184.6999969482422,167.37417602539062,0
2014-10-16,184.0,185.3000030517578,175.89999389648438,177.5500030517578,160.89486694335938,36740
2014-10-17,177.0500030517578,179.4499969482422,171.64999389648438,173.14999389648438,156.90762329101562,68563
2014-10-20,175.4499969482422,177.9499969482422,171.1999969482422,172.14999389648438,156.00143432617188,48088
2014-10-21,172.5,175.4499969482422,171.0500030517578,171.89999389648438,155.77488708496094,35890
2014-10-22,172.75,182.60000610351562,172.75,177.0500030517578,160.4417724609375,64672
2014-10-27,180.75,183.0,174.35000610351562,176.75,160.16993713378906,33192
2014-10-28,177.75,196.6999969482422,177.0,193.64999389648438,175.48460388183594,599490
2014-10-29,196.0,203.0,193.60000610351562,196.0500030517578,177.65948486328125,411411
2014-10-30,196.0500030517578,197.3000030517578,187.60000610351562,188.85000610351562,171.13487243652344,84367
2014-10-31,191.3000030517578,198.25,189.89999389648438,192.14999389648438,174.12530517578125,135977
2014-11-03,193.8000030517578,194.89999389648438,188.3000030517578,191.64999389648438,173.6721954345703,57526
2014-11-05,190.64999389648438,204.0,190.64999389648438,196.5,178.06729125976562,213906
2014-11-07,193.0,198.0500030517578,192.14999389648438,193.60000610351562,175.4392852783203,52843
2014-11-10,194.35000610351562,202.5,192.4499969482422,198.6999969482422,180.06089782714844,187124
2014-11-11,199.8000030517578,202.8000030517578,197.0,197.64999389648438,179.10935974121094,68118
2014-11-12,199.0,201.89999389648438,195.0500030517578,195.5500030517578,177.2063751220703,58124
2014-11-13,196.0500030517578,196.25,186.10000610351562,188.39999389648438,170.72706604003906,92582
2014-11-14,189.9499969482422,190.6999969482422,182.10000610351562,187.8000030517578,170.18338012695312,51678
2014-11-17,191.4499969482422,193.0,186.60000610351562,191.10000610351562,173.17381286621094,49984
2014-11-18,192.5,195.89999389648438,189.10000610351562,190.4499969482422,172.58477783203125,45322
2014-11-19,190.0,199.60000610351562,188.3000030517578,192.35000610351562,174.30654907226562,152034
2014-11-20,190.5,193.89999389648438,187.10000610351562,188.85000610351562,171.13487243652344,31697
2014-11-21,188.39999389648438,195.8000030517578,188.39999389648438,191.6999969482422,173.717529296875,84677
2014-11-24,190.75,198.64999389648438,190.75,192.8000030517578,174.71435546875,137250
2014-11-25,192.5,194.35000610351562,185.10000610351562,189.4499969482422,171.6785888671875,43856
2014-11-26,187.64999389648438,192.89999389648438,187.60000610351562,191.89999389648438,173.89874267578125,39769
2014-11-27,191.0,195.75,190.35000610351562,194.0500030517578,175.8470916748047,46126
2014-11-28,195.6999969482422,198.0,192.5,195.10000610351562,176.798583984375,54877
2014-12-01,195.10000610351562,196.89999389648438,193.60000610351562,195.8000030517578,177.43292236328125,28191
2014-12-02,194.14999389648438,203.5,192.39999389648438,199.0,180.332763671875,78107
2014-12-03,197.1999969482422,215.64999389648438,197.1999969482422,208.3000030517578,188.76036071777344,251959
2014-12-04,208.3000030517578,214.1999969482422,205.60000610351562,210.60000610351562,190.84463500976562,116530
2014-12-05,211.0,212.4499969482422,206.10000610351562,209.5500030517578,189.8931121826172,55120
2014-12-08,205.0,210.0,201.39999389648438,204.5,185.3168487548828,28696
2014-12-09,205.3000030517578,211.3000030517578,204.0500030517578,205.75,186.44960021972656,50433
2014-12-10,206.3000030517578,214.0,204.0,208.60000610351562,189.03221130371094,60253
2014-12-11,208.60000610351562,229.0,203.60000610351562,224.85000610351562,203.75787353515625,314039
2014-12-12,225.89999389648438,235.6999969482422,207.10000610351562,210.0,190.30088806152344,293734
2014-12-15,208.5500030517578,214.75,207.10000610351562,210.3000030517578,190.57272338867188,52131
2014-12-16,208.0,208.89999389648438,195.1999969482422,199.89999389648438,181.1483154296875,76098
2014-12-17,198.10000610351562,204.0,186.5,199.6999969482422,180.96710205078125,63953
2014-12-18,201.3000030517578,208.8000030517578,201.3000030517578,204.60000610351562,185.4074249267578,22813
2014-12-19,206.5,210.0,201.10000610351562,207.4499969482422,187.99012756347656,52157
2014-12-22,209.0,209.1999969482422,203.1999969482422,204.14999389648438,184.99964904785156,17109
2014-12-23,203.0,205.64999389648438,198.14999389648438,199.0500030517578,180.3780517578125,28320
2014-12-24,199.10000610351562,202.5,198.0,199.0,180.332763671875,15742
2014-12-26,199.10000610351562,205.85000610351562,197.5500030517578,199.10000610351562,180.42337036132812,37922
2014-12-29,199.10000610351562,203.0,198.0,200.0500030517578,181.2842559814453,22627
2014-12-30,199.0500030517578,204.6999969482422,199.0500030517578,200.89999389648438,182.05453491210938,17288
2014-12-31,199.0,206.60000610351562,199.0,204.39999389648438,185.22621154785156,31566
2015-01-01,203.0,211.39999389648438,201.10000610351562,206.89999389648438,187.49166870117188,46557
2015-01-02,208.39999389648438,216.6999969482422,205.0500030517578,209.14999389648438,189.5306396484375,69088
2015-01-05,207.0500030517578,211.5,206.39999389648438,207.89999389648438,188.3979034423828,35703
2015-01-06,206.0,214.5,203.14999389648438,205.5500030517578,186.26832580566406,87532
2015-01-07,203.60000610351562,211.5,203.60000610351562,208.3000030517578,188.76036071777344,35597
2015-01-08,208.60000610351562,218.60000610351562,208.60000610351562,211.3000030517578,191.47894287109375,64267
2015-01-09,214.39999389648438,214.39999389648438,210.0,210.5500030517578,190.79928588867188,26925
2015-01-12,210.0,212.89999389648438,209.0500030517578,210.60000610351562,190.84463500976562,18915
2015-01-13,212.0500030517578,213.89999389648438,210.5500030517578,212.3000030517578,192.38514709472656,25748
2015-01-14,213.0,213.6999969482422,210.10000610351562,211.64999389648438,191.79612731933594,12517
2015-01-15,214.0,216.85000610351562,212.5500030517578,213.6999969482422,193.65379333496094,23183
2015-01-16,211.5500030517578,224.0,211.5500030517578,215.0500030517578,194.87718200683594,59369
2015-01-19,216.0,229.39999389648438,216.0,222.0500030517578,201.22055053710938,237722
2015-01-20,223.8000030517578,224.3000030517578,216.0,217.0500030517578,196.68955993652344,32182
2015-01-21,217.0500030517578,218.5,212.10000610351562,213.75,193.6991424560547,17333
2015-01-22,213.0,215.9499969482422,211.35000610351562,213.39999389648438,193.38192749023438,16337
2015-01-23,214.75,215.39999389648438,210.14999389648438,210.9499969482422,191.16180419921875,21352
2015-01-27,210.9499969482422,214.0,208.0,208.60000610351562,189.03221130371094,19991
2015-01-28,206.10000610351562,211.0,206.10000610351562,208.39999389648438,188.85096740722656,13354
2015-01-29,207.3000030517578,211.85000610351562,205.14999389648438,205.6999969482422,186.4042510986328,19700
2015-01-30,207.60000610351562,210.89999389648438,201.3000030517578,205.25,185.9964599609375,21738
2015-02-02,205.25,206.3000030517578,201.85000610351562,203.0500030517578,184.00283813476562,8397
2015-02-03,202.9499969482422,207.89999389648438,202.9499969482422,205.1999969482422,185.95115661621094,19878
2015-02-04,204.39999389648438,209.14999389648438,202.0,205.9499969482422,186.63079833984375,21354
2015-02-05,206.9499969482422,213.8000030517578,204.39999389648438,207.75,188.261962890625,35824
2015-02-06,208.89999389648438,208.89999389648438,199.0,200.35000610351562,181.55609130859375,13879
2015-02-09,198.5,204.0,193.0,196.85000610351562,178.38442993164062,29892
2015-02-10,193.0,198.0,192.9499969482422,194.4499969482422,176.20956420898438,22977
2015-02-11,195.5,198.0500030517578,194.10000610351562,195.0500030517578,176.7532958984375,14605
2015-02-12,195.1999969482422,205.9499969482422,194.10000610351562,199.60000610351562,180.87646484375,126903
2015-02-13,199.89999389648438,230.5,197.10000610351562,221.60000610351562,200.81275939941406,621936
2015-02-16,216.64999389648438,219.85000610351562,208.64999389648438,209.85000610351562,190.1649932861328,103565
2015-02-18,209.0,217.1999969482422,208.5500030517578,212.5500030517578,192.6116943359375,69748
2015-02-19,213.75,216.4499969482422,207.89999389648438,209.39999389648438,189.75717163085938,75781
2015-02-20,210.4499969482422,210.75,205.0,205.35000610351562,186.0870819091797,25787
2015-02-23,206.5500030517578,219.0,205.9499969482422,212.60000610351562,192.65701293945312,355221
2015-02-24,212.60000610351562,217.0,208.0500030517578,208.85000610351562,189.2587890625,35322
2015-02-25,210.39999389648438,215.0,206.25,208.4499969482422,188.89630126953125,39002
2015-02-26,209.6999969482422,216.5,208.4499969482422,209.4499969482422,189.80250549316406,64922
2015-02-27,210.39999389648438,211.0,205.0,208.1999969482422,188.66973876953125,42847
2015-03-02,209.35000610351562,211.0,205.6999969482422,206.6999969482422,187.3104248046875,14578
2015-03-03,206.60000610351562,212.89999389648438,206.60000610351562,209.39999389648438,189.75717163085938,32672
2015-03-04,211.25,211.6999969482422,206.0500030517578,206.5500030517578,187.17449951171875,22009
2015-03-05,206.39999389648438,207.75,201.5,203.0,183.95751953125,13368
2015-03-09,203.0,203.0,197.5,198.60000610351562,179.9702606201172,11101
2015-03-10,199.1999969482422,202.6999969482422,196.0,197.60000610351562,179.0640869140625,20787
2015-03-11,199.0,200.89999389648438,196.60000610351562,197.60000610351562,179.0640869140625,8527
2015-03-12,198.5,212.8000030517578,198.5,205.5,186.22303771972656,161710
2015-03-13,205.0500030517578,207.6999969482422,198.0500030517578,199.5500030517578,180.8311767578125,29615
2015-03-16,198.0500030517578,199.5,191.75,193.1999969482422,175.07679748535156,27370
2015-03-17,194.5500030517578,196.8000030517578,192.0,192.85000610351562,174.75967407226562,18255
2015-03-18,192.9499969482422,199.0,191.25,192.8000030517578,174.71435546875,59031
2015-03-19,194.25,197.5,188.10000610351562,190.5500030517578,172.67539978027344,32246
2015-03-20,190.0,190.25,182.25,183.64999389648438,166.42266845703125,15254
2015-03-23,182.5,184.85000610351562,179.4499969482422,181.0,164.021240234375,14062
2015-03-24,180.0,182.0,176.0,178.5500030517578,161.8010711669922,10810
2015-03-25,179.0,179.0,170.39999389648438,171.4499969482422,155.36708068847656,14313
2015-03-26,168.0,172.0,166.0,167.5500030517578,151.83294677734375,14389
2015-03-27,168.75,171.9499969482422,162.0,164.1999969482422,148.7971649169922,13471
2015-03-30,166.3000030517578,172.35000610351562,165.14999389648438,170.64999389648438,154.64212036132812,28186
2015-03-31,171.6999969482422,178.0,170.10000610351562,173.35000610351562,157.0888671875,34031
2015-04-01,172.6999969482422,180.0,172.6999969482422,177.1999969482422,160.57772827148438,29013
2015-04-06,178.5500030517578,186.6999969482422,178.5500030517578,182.89999389648438,165.74301147460938,40864
2015-04-07,183.0500030517578,188.5500030517578,182.60000610351562,184.25,166.9663848876953,53120
2015-04-08,185.0,186.8000030517578,183.60000610351562,184.60000610351562,167.28355407714844,17383
2015-04-09,183.89999389648438,193.5,183.5,192.10000610351562,174.0800323486328,85108
2015-04-10,192.4499969482422,201.6999969482422,188.0,197.75,179.2000274658203,103884
2015-04-13,199.0,202.8000030517578,195.25,197.6999969482422,179.15469360351562,41425
2015-04-15,198.0,198.75,188.85000610351562,190.39999389648438,172.5394744873047,19898
2015-04-16,190.9499969482422,191.6999969482422,185.0,187.14999389648438,169.5943145751953,16966
2015-04-17,186.89999389648438,188.3000030517578,181.39999389648438,183.10000610351562,165.92425537109375,27879
2015-04-20,183.5,183.5500030517578,172.0,174.8000030517578,158.40281677246094,36291
2015-04-21,175.5,177.75,170.39999389648438,175.39999389648438,158.94654846191406,11843
2015-04-22,174.0500030517578,177.4499969482422,171.5,173.85000610351562,157.54196166992188,15619
2015-04-23,175.0,179.9499969482422,173.10000610351562,176.8000030517578,160.21524047851562,28154
2015-04-24,176.3000030517578,178.0,172.10000610351562,173.89999389648438,157.58724975585938,19807
2015-04-27,174.0500030517578,174.6999969482422,170.10000610351562,170.75,154.73277282714844,19060
2015-04-28,170.0,176.0,168.9499969482422,173.0500030517578,156.81700134277344,6886
2015-04-29,172.39999389648438,175.0500030517578,172.0,172.5,156.31858825683594,6891
2015-04-30,171.3000030517578,174.5500030517578,169.10000610351562,169.89999389648438,153.96246337890625,7631
2015-05-04,171.4499969482422,175.8000030517578,171.4499969482422,174.64999389648438,158.2668914794922,9919
2015-05-05,173.1999969482422,185.39999389648438,173.1999969482422,178.75,161.98231506347656,25172
2015-05-06,177.89999389648438,178.0,172.1999969482422,172.5500030517578,156.3638916015625,6340
2015-05-07,170.0,172.8000030517578,166.1999969482422,167.9499969482422,152.19540405273438,6071
2015-05-08,176.5500030517578,176.5500030517578,170.0,170.60000610351562,154.59683227539062,4999
2015-05-11,172.4499969482422,173.60000610351562,170.35000610351562,171.75,155.6389617919922,5915
2015-05-12,173.0,173.0,165.10000610351562,165.35000610351562,149.8393096923828,7606
2015-05-13,166.6999969482422,172.5,165.64999389648438,169.75,153.82655334472656,12222
2015-05-14,169.39999389648438,169.89999389648438,167.14999389648438,168.9499969482422,153.1016082763672,2875
2015-05-15,169.0500030517578,172.0,168.1999969482422,168.6999969482422,152.87503051757812,5655
2015-05-18,166.39999389648438,171.8000030517578,166.39999389648438,170.0500030517578,154.09841918945312,4760
2015-05-19,169.75,178.60000610351562,169.5,176.5500030517578,159.98867797851562,39689
2015-05-20,177.0,180.35000610351562,175.0500030517578,176.0,159.49026489257812,15120
2015-05-21,175.3000030517578,177.6999969482422,174.14999389648438,175.10000610351562,158.67471313476562,2822
2015-05-22,175.35000610351562,176.0,170.14999389648438,171.85000610351562,155.72955322265625,5796
2015-05-25,171.0500030517578,174.0,171.0,173.0,156.77169799804688,1734
2015-05-26,171.1999969482422,178.6999969482422,169.10000610351562,173.1999969482422,156.9529266357422,19363
2015-05-27,172.0,185.35000610351562,171.89999389648438,177.4499969482422,160.8042449951172,80196
2015-05-28,169.8000030517578,173.0,165.5,166.9499969482422,151.28921508789062,28666
2015-05-29,167.10000610351562,169.9499969482422,164.25,165.14999389648438,149.65805053710938,13878
2015-06-01,166.5,168.0,164.0,165.1999969482422,149.703369140625,10029
2015-06-02,166.25,166.4499969482422,157.10000610351562,158.14999389648438,143.31468200683594,16431
2015-06-03,158.0,158.0,150.0,152.0,137.74160766601562,16845
2015-06-04,152.1999969482422,152.64999389648438,148.1999969482422,149.1999969482422,135.20423889160156,11243
2015-06-05,151.3000030517578,153.89999389648438,146.10000610351562,147.39999389648438,133.57310485839844,9580
2015-06-08,148.5500030517578,152.4499969482422,145.1999969482422,147.14999389648438,133.3465576171875,3362
2015-06-09,150.0,150.0,144.39999389648438,147.0500030517578,133.2559356689453,10209
2015-06-10,149.0,155.0,147.1999969482422,151.25,137.0619354248047,20328
2015-06-11,151.0500030517578,157.5,150.1999969482422,151.89999389648438,137.65097045898438,26195
2015-06-12,150.0500030517578,151.4499969482422,147.9499969482422,148.85000610351562,134.88706970214844,13717
2015-06-15,148.25,150.89999389648438,148.10000610351562,148.89999389648438,134.932373046875,3601
2015-06-16,148.14999389648438,152.0,148.14999389648438,149.4499969482422,135.43080139160156,1902
2015-06-17,150.0500030517578,152.3000030517578,149.14999389648438,150.4499969482422,136.3369903564453,8419
2015-06-18,150.60000610351562,157.5,150.0,155.0500030517578,140.50547790527344,14424
2015-06-19,155.25,157.64999389648438,153.14999389648438,153.60000610351562,139.19151306152344,3006
2015-06-22,154.0,164.5500030517578,154.0,159.35000610351562,144.4021453857422,32372
2015-06-23,159.3000030517578,164.60000610351562,159.25,160.5,145.4442596435547,17031
2015-06-24,161.6999969482422,162.9499969482422,157.0,160.60000610351562,145.53488159179688,12483
2015-06-25,159.1999969482422,161.60000610351562,158.35000610351562,159.1999969482422,144.26617431640625,6161
2015-06-26,158.8000030517578,164.0,157.10000610351562,157.6999969482422,142.9069061279297,8668
2015-06-29,156.5,156.5,151.0,153.8000030517578,139.3727264404297,7137
2015-06-30,153.9499969482422,164.6999969482422,153.0500030517578,160.0,144.99114990234375,31022
2015-07-01,159.0,164.6999969482422,158.0500030517578,161.75,146.57699584960938,12376
2015-07-02,163.0,168.0,162.14999389648438,163.25,147.93629455566406,22362
2015-07-03,163.25,168.8000030517578,162.6999969482422,165.60000610351562,150.06585693359375,33533
2015-07-06,164.0,164.0,157.9499969482422,162.10000610351562,146.8941650390625,6173
2015-07-07,163.85000610351562,166.75,163.0500030517578,164.35000610351562,148.93309020996094,9889
2015-07-08,163.0,165.10000610351562,158.1999969482422,161.60000610351562,146.44107055664062,6451
2015-07-09,164.75,164.8000030517578,159.0500030517578,159.89999389648438,144.90049743652344,6781
2015-07-10,162.14999389648438,164.0,160.9499969482422,162.5,147.2566680908203,8070
2015-07-13,163.10000610351562,167.0,162.1999969482422,164.64999389648438,149.2049560546875,25755
2015-07-14,166.35000610351562,169.5,165.10000610351562,167.0,151.33450317382812,17696
2015-07-15,167.5,170.0,166.0500030517578,166.5500030517578,150.9267578125,9874
2015-07-16,166.0,176.89999389648438,166.0,173.10000610351562,156.8623046875,52234
2015-07-17,172.0500030517578,174.85000610351562,168.1999969482422,169.0,153.1469268798828,16501
2015-07-20,168.8000030517578,172.5,167.10000610351562,170.14999389648438,154.1890106201172,12841
2015-07-21,169.0500030517578,176.0,168.10000610351562,169.1999969482422,153.32814025878906,23503
2015-07-22,169.0,171.5,168.0500030517578,170.3000030517578,154.32498168945312,5986
2015-07-23,170.0500030517578,204.35000610351562,170.0500030517578,197.75,179.2000274658203,399189
2015-07-24,194.35000610351562,203.60000610351562,187.35000610351562,190.39999389648438,172.5394744873047,160770
2015-07-27,189.9499969482422,194.85000610351562,185.10000610351562,186.8000030517578,169.27719116210938,51826
2015-07-28,187.0,190.4499969482422,183.14999389648438,185.1999969482422,167.82723999023438,12703
2015-07-29,186.1999969482422,188.6999969482422,181.0500030517578,183.4499969482422,166.2414093017578,14353
2015-07-30,183.4499969482422,199.0,183.1999969482422,188.14999389648438,170.50051879882812,85490
2015-07-31,189.0,196.0,183.1999969482422,191.75,175.15927124023438,83455
2015-08-03,193.25,198.0,191.25,192.3000030517578,175.66168212890625,45434
2015-08-04,191.64999389648438,197.0,191.3000030517578,193.85000610351562,177.07757568359375,44380
2015-08-05,193.9499969482422,209.4499969482422,192.35000610351562,199.4499969482422,182.1930694580078,235092
2015-08-06,200.64999389648438,206.4499969482422,196.0,197.85000610351562,180.7314910888672,69077
2015-08-07,198.64999389648438,203.5,195.0500030517578,197.9499969482422,180.8228302001953,22941
2015-08-10,198.85000610351562,206.5,198.0,201.8000030517578,184.33973693847656,84160
2015-08-11,198.25,213.75,198.25,200.64999389648438,183.2892303466797,228610
2015-08-12,199.0,203.85000610351562,194.10000610351562,195.0,178.12808227539062,37593
2015-08-13,200.0,200.85000610351562,188.39999389648438,191.3000030517578,174.74822998046875,25017
2015-08-14,193.5,194.9499969482422,191.0,192.0,175.38763427734375,16907
2015-08-17,193.6999969482422,193.6999969482422,186.3000030517578,187.89999389648438,171.64236450195312,19022
2015-08-18,187.0500030517578,194.85000610351562,187.0500030517578,192.10000610351562,175.47898864746094,27672
2015-08-19,191.0,199.85000610351562,190.0,194.0500030517578,177.26026916503906,56715
2015-08-20,193.0,195.35000610351562,187.25,189.39999389648438,173.01258850097656,15678
2015-08-21,189.8000030517578,189.8000030517578,181.6999969482422,184.4499969482422,168.49087524414062,17409
2015-08-24,178.60000610351562,178.60000610351562,161.0,162.6999969482422,148.62274169921875,20643
2015-08-25,162.5,167.39999389648438,151.10000610351562,157.14999389648438,143.55296325683594,19142
2015-08-26,158.0,169.0,155.5,167.0500030517578,152.59637451171875,29015
2015-08-27,172.0,174.9499969482422,169.0,170.3000030517578,155.565185546875,19691
2015-08-28,173.0,174.0,166.0,167.1999969482422,152.73338317871094,14918
2015-08-31,167.0,169.1999969482422,160.1999969482422,161.64999389648438,147.66358947753906,12321
2015-09-01,160.35000610351562,160.35000610351562,153.0,155.0500030517578,141.63465881347656,11077
2015-09-02,156.0500030517578,158.89999389648438,154.0500030517578,154.6999969482422,141.31492614746094,7841
2015-09-03,155.5,157.9499969482422,150.35000610351562,155.25,141.8173370361328,6088
2015-09-04,155.6999969482422,157.6999969482422,151.0,152.25,139.076904296875,7751
2015-09-07,151.25,155.3000030517578,148.5,150.14999389648438,137.15858459472656,6306
2015-09-08,149.0,150.60000610351562,145.60000610351562,148.25,135.42298889160156,6606
2015-09-09,152.9499969482422,155.6999969482422,151.0,153.4499969482422,140.173095703125,11114
2015-09-10,151.6999969482422,152.64999389648438,148.6999969482422,151.8000030517578,138.66586303710938,3728
2015-09-11,153.60000610351562,158.5,152.25,153.6999969482422,140.4014434814453,16053
2015-09-14,153.6999969482422,154.9499969482422,152.0,153.0500030517578,139.80772399902344,4294
2015-09-15,151.6999969482422,154.25,151.0,151.10000610351562,138.02642822265625,3794
2015-09-16,153.89999389648438,153.89999389648438,151.0,151.25,138.16343688964844,2011
2015-09-18,155.0,174.0,151.5,168.5,153.92092895507812,72715
2015-09-21,164.0,175.25,162.8000030517578,172.60000610351562,157.66619873046875,114923
2015-09-22,174.39999389648438,189.1999969482422,174.39999389648438,183.14999389648438,167.30335998535156,274178
2015-09-23,178.3000030517578,188.1999969482422,178.10000610351562,187.0500030517578,170.86593627929688,57846
2015-09-24,185.0,194.9499969482422,183.5,185.1999969482422,169.17599487304688,76593
2015-09-28,185.39999389648438,189.9499969482422,184.60000610351562,185.5,169.45005798339844,17401
2015-09-29,181.10000610351562,186.64999389648438,180.0,184.10000610351562,168.1711883544922,17414
2015-09-30,185.8000030517578,187.5,184.10000610351562,184.9499969482422,168.9476318359375,7192
2015-10-01,185.1999969482422,188.0,185.10000610351562,186.14999389648438,170.04380798339844,9441
2015-10-05,186.5500030517578,193.8000030517578,186.25,191.10000610351562,174.56553649902344,18608
2015-10-06,189.4499969482422,191.0,184.0,185.85000610351562,169.769775390625,6722
2015-10-07,187.35000610351562,187.39999389648438,182.5,183.75,167.8514404296875,3425
2015-10-08,185.0,185.0500030517578,178.3000030517578,181.25,165.56776428222656,4617
2015-10-09,180.0,184.89999389648438,178.39999389648438,179.0,163.51242065429688,4174
2015-10-12,179.14999389648438,182.60000610351562,178.64999389648438,179.14999389648438,163.64944458007812,4206
2015-10-13,180.0,189.0,178.5,181.4499969482422,165.75045776367188,13152
2015-10-14,182.0,184.5,181.0500030517578,183.10000610351562,167.25770568847656,4900
2015-10-15,183.10000610351562,184.39999389648438,180.3000030517578,181.60000610351562,165.8874969482422,3820
2015-10-16,180.5,182.6999969482422,177.5,177.75,162.37057495117188,6406
2015-10-19,179.4499969482422,185.39999389648438,176.10000610351562,179.5500030517578,164.01483154296875,16368
2015-10-20,180.6999969482422,183.25,179.10000610351562,180.10000610351562,164.5172882080078,16363
2015-10-21,181.8000030517578,181.8000030517578,176.64999389648438,177.4499969482422,162.09652709960938,2580
2015-10-23,179.8000030517578,188.89999389648438,179.10000610351562,183.0,167.1663360595703,48855
2015-10-26,183.60000610351562,187.4499969482422,177.5500030517578,177.8000030517578,162.41627502441406,10820
2015-10-27,177.8000030517578,180.9499969482422,176.14999389648438,176.64999389648438,161.3657684326172,6821
2015-10-28,177.64999389648438,177.8000030517578,175.3000030517578,175.4499969482422,160.26959228515625,3345
2015-10-29,176.75,180.39999389648438,175.39999389648438,176.4499969482422,161.1830596923828,3789
2015-10-30,176.10000610351562,177.5,170.10000610351562,171.0,156.20458984375,10072
2015-11-02,170.64999389648438,171.0500030517578,167.10000610351562,169.1999969482422,154.56033325195312,2876
2015-11-03,171.89999389648438,175.0,164.1999969482422,167.8000030517578,153.281494140625,4171
2015-11-04,169.64999389648438,173.0,168.5,170.0500030517578,155.33682250976562,5009
2015-11-05,170.0500030517578,170.4499969482422,165.0,166.14999389648438,151.77426147460938,1603
2015-11-06,165.5,168.0,163.0,164.10000610351562,149.90162658691406,4867
2015-11-09,163.0,172.89999389648438,159.0,168.0,153.46420288085938,10776
2015-11-10,168.8000030517578,174.8000030517578,168.8000030517578,172.10000610351562,157.20945739746094,6679
2015-11-13,172.0,173.89999389648438,165.14999389648438,166.0500030517578,151.6829071044922,8904
2015-11-16,166.89999389648438,172.89999389648438,166.85000610351562,170.0,155.2911376953125,7587
2015-11-17,171.89999389648438,172.0,168.60000610351562,169.6999969482422,155.01707458496094,2796
2015-11-18,169.5,171.5,165.64999389648438,166.39999389648438,152.00262451171875,2836
2015-11-19,168.0,168.0,166.0,166.6999969482422,152.27667236328125,5988
2015-11-20,165.25,171.9499969482422,165.25,167.9499969482422,153.41848754882812,8102
2015-11-23,168.9499969482422,174.5,168.10000610351562,171.0500030517578,156.25030517578125,9353
2015-11-24,169.0,173.1999969482422,169.0,172.25,157.34645080566406,3443
2015-11-26,172.25,180.89999389648438,172.1999969482422,175.89999389648438,160.68064880371094,43677
2015-11-27,176.0500030517578,179.0,173.3000030517578,174.39999389648438,159.31044006347656,8138
2015-11-30,173.5,181.6999969482422,173.5,175.60000610351562,160.4066162109375,14774
2015-12-01,176.10000610351562,184.10000610351562,176.10000610351562,180.4499969482422,164.8369903564453,37247
2015-12-02,180.4499969482422,183.4499969482422,175.3000030517578,179.5500030517578,164.01483154296875,5990
2015-12-03,180.5,183.0,176.10000610351562,180.39999389648438,164.79129028320312,10670
2015-12-04,179.60000610351562,181.89999389648438,178.0500030517578,179.9499969482422,164.38026428222656,4177
2015-12-07,180.1999969482422,183.0,178.0500030517578,179.5,163.96917724609375,4490
2015-12-08,179.0,181.0,174.0,174.9499969482422,159.81283569335938,5216
2015-12-09,174.0,176.4499969482422,168.0,169.5,154.8343963623047,5265
2015-12-10,169.25,173.39999389648438,165.10000610351562,171.89999389648438,157.0267333984375,3093
2015-12-11,172.25,173.5,167.0500030517578,169.0500030517578,154.42332458496094,4715
2015-12-14,168.5,173.0,168.10000610351562,169.5,154.8343963623047,7058
2015-12-15,170.0,171.9499969482422,168.25,170.3000030517578,155.565185546875,3673
2015-12-16,184.0,194.89999389648438,183.9499969482422,186.6999969482422,170.54620361328125,396854
2015-12-17,182.0,184.0,179.3000030517578,181.4499969482422,165.75045776367188,43657
2015-12-18,181.6999969482422,182.3000030517578,177.1999969482422,178.3000030517578,162.8730010986328,9568
2015-12-21,178.60000610351562,180.8000030517578,175.14999389648438,178.35000610351562,162.91867065429688,6604
2015-12-22,179.0500030517578,184.9499969482422,177.14999389648438,177.4499969482422,162.09652709960938,21734
2015-12-23,179.4499969482422,181.0,176.10000610351562,177.60000610351562,162.2335968017578,10138
2015-12-24,177.5,187.1999969482422,176.10000610351562,181.5500030517578,165.84182739257812,28464
2015-12-28,180.3000030517578,186.0,179.60000610351562,181.9499969482422,166.20721435546875,14859
2015-12-29,183.14999389648438,183.14999389648438,177.35000610351562,178.89999389648438,163.42108154296875,6326
2015-12-30,179.0,184.0,179.0,181.25,165.56776428222656,8390
2015-12-31,182.0,183.89999389648438,175.0,180.1999969482422,164.60861206054688,7257
2016-01-01,179.0,183.5,178.0,182.64999389648438,166.84661865234375,4001
2016-01-04,181.0,183.85000610351562,178.10000610351562,181.35000610351562,165.65911865234375,11726
2016-01-05,182.89999389648438,197.39999389648438,182.4499969482422,190.39999389648438,173.9260711669922,244669
2016-01-06,186.1999969482422,191.39999389648438,185.0,185.1999969482422,169.17599487304688,15595
2016-01-07,184.0,184.0,174.10000610351562,175.0,159.8585205078125,17448
2016-01-08,175.5,179.6999969482422,171.0,177.60000610351562,162.2335968017578,10300
2016-01-11,176.0,177.3000030517578,173.0500030517578,175.0,159.8585205078125,6335
2016-01-12,176.8000030517578,177.10000610351562,170.0,172.35000610351562,157.43783569335938,9660
2016-01-13,174.0,175.9499969482422,160.0,166.9499969482422,152.50502014160156,9437
2016-01-14,165.0,168.60000610351562,162.5,164.64999389648438,150.404052734375,4773
2016-01-15,167.60000610351562,168.9499969482422,151.39999389648438,156.5500030517578,143.00486755371094,6062
2016-01-18,154.0,154.85000610351562,146.0,148.4499969482422,135.605712890625,8218
2016-01-19,148.60000610351562,155.25,148.39999389648438,154.10000610351562,140.766845703125,11548
2016-01-20,152.0,152.89999389648438,148.0,150.1999969482422,137.20428466796875,6825
2016-01-21,153.0,154.0,145.64999389648438,148.35000610351562,135.51437377929688,5927
2016-01-22,150.14999389648438,154.39999389648438,150.0,151.8000030517578,138.66586303710938,8275
2016-01-25,152.10000610351562,156.1999969482422,151.89999389648438,152.8000030517578,139.57933044433594,6680
2016-01-27,151.89999389648438,154.8000030517578,151.89999389648438,153.39999389648438,140.12741088867188,1546
2016-01-28,159.89999389648438,159.89999389648438,153.0,153.5,140.21876525878906,2224
2016-01-29,153.0,160.0,153.0,158.5,144.78614807128906,4331
2016-02-01,160.10000610351562,163.89999389648438,159.14999389648438,159.5500030517578,145.7453155517578,2903
2016-02-02,160.0500030517578,160.9499969482422,154.0500030517578,156.0500030517578,142.5481414794922,4175
2016-02-03,154.0,156.0,150.10000610351562,152.35000610351562,139.16827392578125,3184
2016-02-04,154.0,158.0500030517578,153.5,154.60000610351562,141.22360229492188,3950
2016-02-05,155.9499969482422,158.10000610351562,148.0,154.10000610351562,140.766845703125,6604
2016-02-08,156.0,156.39999389648438,150.10000610351562,151.60000610351562,138.483154296875,3118
2016-02-09,151.6999969482422,153.4499969482422,150.0,151.8000030517578,138.66586303710938,4333
2016-02-10,151.10000610351562,153.39999389648438,147.0,151.3000030517578,138.20913696289062,2892
2016-02-11,151.0,151.1999969482422,145.8000030517578,148.60000610351562,135.7427215576172,7585
2016-02-12,146.25,148.0,138.10000610351562,140.6999969482422,128.52626037597656,8517
2016-02-15,141.0,153.85000610351562,141.0,148.6999969482422,135.83407592773438,5927
2016-02-16,148.0,149.9499969482422,144.0,145.25,132.6825714111328,2314
2016-02-17,144.0,144.0,135.8000030517578,140.8000030517578,128.61761474609375,7918
2016-02-18,141.75,143.75,136.10000610351562,137.5,125.6031265258789,12763
2016-02-19,138.4499969482422,140.3000030517578,138.39999389648438,139.85000610351562,127.74978637695312,4516
2016-02-22,139.0,140.0,137.14999389648438,138.5,126.51660919189453,6652
2016-02-23,139.9499969482422,140.5500030517578,133.3000030517578,135.1999969482422,123.50212097167969,9384
2016-02-24,136.0,136.0,132.0,133.64999389648438,122.08623504638672,2282
2016-02-25,135.0,135.85000610351562,129.0,129.8000030517578,118.5693588256836,3816
2016-02-26,130.10000610351562,132.89999389648438,127.19999694824219,128.9499969482422,117.79289245605469,2514
2016-02-29,131.0,132.0,127.0999984741211,128.10000610351562,117.01644134521484,4319
2016-03-01,128.3000030517578,134.89999389648438,128.3000030517578,133.75,122.1775894165039,7446
2016-03-02,134.25,138.0,134.25,136.8000030517578,124.96367645263672,6277
2016-03-03,135.5,143.39999389648438,135.5,139.60000610351562,127.52146911621094,12265
2016-03-04,138.60000610351562,148.8000030517578,136.39999389648438,141.0,128.80029296875,47065
2016-03-08,142.75,142.75,134.0,136.0,124.23291015625,8859
2016-03-09,136.89999389648438,138.0,133.39999389648438,135.60000610351562,123.86753845214844,14750
2016-03-10,135.60000610351562,137.6999969482422,134.0,136.1999969482422,124.41559600830078,8218
2016-03-11,137.85000610351562,137.85000610351562,134.14999389648438,134.75,123.091064453125,5293
2016-03-14,136.9499969482422,137.0,132.3000030517578,133.14999389648438,121.62950134277344,3158
2016-03-15,134.39999389648438,134.39999389648438,130.39999389648438,130.9499969482422,119.6198501586914,3644
2016-03-16,132.0,133.75,130.60000610351562,131.35000610351562,119.98523712158203,4467
2016-03-17,133.75,136.8000030517578,131.60000610351562,135.6999969482422,123.95885467529297,13645
2016-03-18,134.0,141.0,134.0,138.35000610351562,126.37959289550781,14480
2016-03-21,148.0,161.64999389648438,147.9499969482422,155.10000610351562,141.68035888671875,381085
2016-03-22,154.75,156.3000030517578,147.85000610351562,149.9499969482422,136.97592163085938,45316
2016-03-23,149.4499969482422,156.6999969482422,148.14999389648438,150.5500030517578,137.52401733398438,25850
2016-03-28,151.8000030517578,152.89999389648438,145.0,146.0,133.36766052246094,8797
2016-03-29,143.5,145.9499969482422,140.8000030517578,143.0,130.6272735595703,8491
2016-03-30,147.0,147.0,143.1999969482422,144.5500030517578,132.0431365966797,9236
2016-03-31,145.85000610351562,151.0,142.1999969482422,145.60000610351562,133.0023193359375,23536
2016-04-01,145.5,152.85000610351562,144.9499969482422,147.64999389648438,134.8749237060547,14732
2016-04-04,147.0,151.5500030517578,147.0,150.0500030517578,137.0672607421875,6966
2016-04-05,150.0,153.89999389648438,148.0500030517578,149.5,136.5648651123047,11989
2016-04-06,150.89999389648438,152.8000030517578,148.10000610351562,150.5,137.47833251953125,9386
2016-04-07,151.1999969482422,152.0,148.1999969482422,148.4499969482422,135.605712890625,7021
2016-04-08,149.39999389648438,157.6999969482422,149.0,153.5,140.21876525878906,41186
2016-04-11,154.8000030517578,157.75,150.3000030517578,154.64999389648438,141.26925659179688,276658
2016-04-12,154.9499969482422,158.6999969482422,152.5500030517578,155.85000610351562,142.3654327392578,26778
2016-04-13,161.5500030517578,176.0,160.1999969482422,167.25,152.779052734375,344591
2016-04-18,166.8000030517578,167.25,161.0,161.89999389648438,147.89198303222656,24973
2016-04-20,161.89999389648438,166.0,161.10000610351562,161.60000610351562,147.617919921875,21882
2016-04-21,161.60000610351562,164.0,158.10000610351562,159.35000610351562,145.56259155273438,16314
2016-04-22,158.10000610351562,161.8000030517578,154.0,158.10000610351562,144.42076110839844,18324
2016-04-25,158.1999969482422,158.5500030517578,156.0,156.0500030517578,142.5481414794922,4959
2016-04-26,156.0,161.4499969482422,154.1999969482422,158.60000610351562,144.8775177001953,19048
2016-04-27,157.5,164.1999969482422,157.5,163.0,148.89678955078125,44244
2016-04-28,163.0,167.6999969482422,160.10000610351562,160.8000030517578,146.88717651367188,36792
2016-04-29,162.0,164.89999389648438,158.39999389648438,160.0,146.1563720703125,16889
2016-05-02,160.0,160.0,157.5500030517578,159.35000610351562,145.56259155273438,7438
2016-05-03,160.0,163.0,158.10000610351562,159.6999969482422,145.88229370117188,9873
2016-05-04,158.0500030517578,162.89999389648438,155.1999969482422,156.64999389648438,143.09620666503906,12276
2016-05-05,158.5,158.5,155.5,156.1999969482422,142.6851348876953,4920
2016-05-06,155.5,156.60000610351562,153.0,154.8000030517578,141.40631103515625,3345
2016-05-09,156.8000030517578,158.0,154.5500030517578,156.0,142.50244140625,8917
2016-05-10,156.9499969482422,157.5,153.6999969482422,156.0500030517578,142.5481414794922,4105
2016-05-11,154.3000030517578,158.10000610351562,153.0,155.5,142.0457000732422,7014
2016-05-12,156.60000610351562,158.60000610351562,155.5,157.5500030517578,143.91836547851562,9905
2016-05-13,156.5,158.0,155.1999969482422,156.10000610351562,142.5938262939453,3220
2016-05-16,156.0500030517578,157.0,154.4499969482422,155.89999389648438,142.4110870361328,9308
2016-05-17,157.0,158.4499969482422,155.14999389648438,156.5500030517578,143.00486755371094,5831
2016-05-18,155.85000610351562,156.5,155.0,155.14999389648438,141.72601318359375,5308
2016-05-19,155.0,158.9499969482422,153.25,154.10000610351562,140.766845703125,10432
2016-05-20,153.60000610351562,155.8000030517578,153.5,153.85000610351562,140.53846740722656,3407
2016-05-23,154.75,155.0,152.10000610351562,152.35000610351562,139.16827392578125,5165
2016-05-24,152.1999969482422,153.39999389648438,150.10000610351562,150.89999389648438,137.84371948242188,2660
2016-05-25,154.0,154.0,150.3000030517578,151.75,138.62017822265625,1974
2016-05-26,152.10000610351562,153.0,151.25,151.60000610351562,138.483154296875,7259
2016-05-27,152.0,153.35000610351562,151.35000610351562,152.75,139.53366088867188,9537
2016-05-30,153.89999389648438,154.39999389648438,150.3000030517578,151.35000610351562,138.25479125976562,6850
2016-05-31,152.10000610351562,153.5,151.0,151.35000610351562,138.25479125976562,3516
2016-06-01,151.25,154.85000610351562,151.25,152.9499969482422,139.71636962890625,7197
2016-06-02,153.9499969482422,154.39999389648438,151.0,152.3000030517578,139.12258911132812,6275
2016-06-03,156.85000610351562,156.85000610351562,152.5,152.85000610351562,139.625,9069
2016-06-06,152.6999969482422,154.0,150.1999969482422,150.85000610351562,137.7980499267578,4883
2016-06-07,153.0,153.0,150.60000610351562,152.0500030517578,138.8942413330078,7819
2016-06-08,152.60000610351562,159.5,151.0,156.25,142.73080444335938,28227
2016-06-09,157.8000030517578,158.5,155.5500030517578,157.8000030517578,144.14669799804688,13227
2016-06-10,157.89999389648438,158.39999389648438,156.39999389648438,157.25,143.64430236816406,2588
2016-06-13,156.0,159.60000610351562,155.5,156.4499969482422,142.9135284423828,5500
2016-06-14,157.6999969482422,163.5500030517578,157.10000610351562,159.64999389648438,145.8366241455078,22642
2016-06-15,159.1999969482422,159.1999969482422,153.3000030517578,154.10000610351562,140.766845703125,27215
2016-06-16,153.0,154.0,148.10000610351562,150.9499969482422,137.88938903808594,12292
2016-06-17,152.9499969482422,153.0,148.3000030517578,151.0500030517578,137.98077392578125,5392
2016-06-20,151.0,151.89999389648438,149.0,151.10000610351562,138.02642822265625,5281
2016-06-21,151.0,154.6999969482422,149.8000030517578,150.5,137.47833251953125,8585
2016-06-22,150.0,151.5,148.14999389648438,150.1999969482422,137.20428466796875,5626
2016-06-23,150.5,151.39999389648438,149.0,149.5500030517578,136.61053466796875,4187
2016-06-24,148.0,149.0,144.5500030517578,147.60000610351562,134.8292694091797,8517
2016-06-27,147.60000610351562,151.8000030517578,147.0500030517578,150.0,137.02159118652344,3282
2016-06-28,149.14999389648438,172.0,149.14999389648438,162.14999389648438,148.120361328125,482345
2016-06-29,162.1999969482422,166.8000030517578,160.10000610351562,160.6999969482422,146.79580688476562,102947
2016-06-30,162.4499969482422,165.89999389648438,158.5500030517578,159.1999969482422,145.42556762695312,61194
2016-07-01,159.1999969482422,165.6999969482422,156.5,162.5,148.4400634765625,74416
2016-07-04,162.9499969482422,164.8000030517578,161.5500030517578,163.6999969482422,149.53622436523438,13636
2016-07-05,163.10000610351562,166.5,161.0500030517578,162.60000610351562,148.5314178466797,30400
2016-07-07,162.75,164.35000610351562,160.64999389648438,161.3000030517578,147.34390258789062,6209
2016-07-08,160.85000610351562,164.9499969482422,158.3000030517578,160.6999969482422,146.79580688476562,17793
2016-07-11,162.75,170.8000030517578,162.0,163.6999969482422,149.53622436523438,143346
2016-07-12,164.75,169.6999969482422,162.25,163.75,149.5819091796875,24795
2016-07-13,163.8000030517578,165.25,160.8000030517578,162.5,148.4400634765625,9940
2016-07-14,162.5,166.5,161.14999389648438,163.10000610351562,148.98814392089844,15485
2016-07-15,164.25,170.1999969482422,162.0,162.5500030517578,148.4857635498047,61669
2016-07-18,162.8000030517578,163.5500030517578,161.0,161.3000030517578,147.34390258789062,9532
2016-07-19,161.0500030517578,161.6999969482422,158.39999389648438,159.1999969482422,145.42556762695312,8834
2016-07-20,160.64999389648438,163.0,159.1999969482422,159.85000610351562,146.01934814453125,10890
2016-07-21,161.4499969482422,162.8000030517578,158.0500030517578,158.89999389648438,145.15155029296875,12876
2016-07-22,159.3000030517578,160.0,157.10000610351562,158.75,145.01451110839844,12807
2016-07-25,158.10000610351562,162.60000610351562,158.10000610351562,159.10000610351562,145.33425903320312,13153
2016-07-26,159.8000030517578,160.39999389648438,157.10000610351562,157.75,144.1010284423828,6486
2016-07-27,158.89999389648438,159.4499969482422,157.1999969482422,157.85000610351562,144.19239807128906,3989
2016-07-28,158.85000610351562,166.5,157.85000610351562,161.8000030517578,147.80062866210938,40108
2016-07-29,161.0,162.0,159.39999389648438,160.0,146.1563720703125,9012
2016-08-01,161.0,162.39999389648438,159.14999389648438,159.8000030517578,145.9736785888672,9001
2016-08-02,160.5,161.0,156.10000610351562,157.3000030517578,143.68997192382812,8017
2016-08-03,156.35000610351562,158.75,153.5,157.1999969482422,143.59861755371094,6281
2016-08-04,158.0,158.9499969482422,155.35000610351562,155.60000610351562,143.5064239501953,4208
2016-08-05,158.0,158.0,156.0,157.25,145.0281524658203,4271
2016-08-08,159.5,159.5,155.10000610351562,156.75,144.5670166015625,4761
2016-08-09,158.3000030517578,158.3000030517578,155.35000610351562,156.89999389648438,144.7053680419922,2604
2016-08-10,156.3000030517578,156.3000030517578,153.0,153.75,141.80018615722656,2484
2016-08-11,153.0,157.8000030517578,152.25,155.3000030517578,143.22972106933594,4851
2016-08-12,155.1999969482422,158.0,155.0,155.25,143.18359375,6625
2016-08-16,160.0,163.5,155.3000030517578,158.14999389648438,145.85821533203125,29666
2016-08-17,157.5,157.5,155.0500030517578,155.89999389648438,143.78306579589844,929
2016-08-18,155.64999389648438,158.6999969482422,155.35000610351562,155.6999969482422,143.59861755371094,5891
2016-08-19,155.0,157.0,154.6999969482422,155.5,143.41415405273438,3318
2016-08-22,155.3000030517578,160.89999389648438,155.3000030517578,156.9499969482422,144.75146484375,9112
2016-08-23,156.9499969482422,156.9499969482422,155.0,155.6999969482422,143.59861755371094,1616
2016-08-24,155.0,158.4499969482422,155.0,156.64999389648438,144.4747772216797,4710
2016-08-25,157.0,166.60000610351562,157.0,162.5,149.8701171875,94243
2016-08-26,162.14999389648438,171.39999389648438,159.0,169.35000610351562,156.18772888183594,95545
2016-08-29,170.5,173.1999969482422,165.14999389648438,165.60000610351562,152.72918701171875,33363
2016-08-30,165.5,166.5,162.10000610351562,162.64999389648438,150.0084686279297,10673
2016-08-31,163.14999389648438,170.8000030517578,162.10000610351562,164.1999969482422,151.43797302246094,61681
2016-09-01,165.6999969482422,180.6999969482422,165.0,169.4499969482422,156.27993774414062,611139
2016-09-02,170.3000030517578,171.39999389648438,164.0,165.6999969482422,152.82139587402344,52651
2016-09-06,165.89999389648438,174.39999389648438,165.89999389648438,167.3000030517578,154.29702758789062,120849
2016-09-07,168.5500030517578,168.5500030517578,162.5,164.3000030517578,151.53021240234375,14226
2016-09-08,163.60000610351562,168.1999969482422,161.10000610351562,163.25,150.5618133544922,38238
2016-09-09,163.75,164.89999389648438,161.14999389648438,161.75,149.1783905029297,13313
2016-09-12,159.39999389648438,162.0,156.10000610351562,156.5,144.33645629882812,26755
2016-09-14,157.10000610351562,158.39999389648438,155.0,155.39999389648438,143.3219451904297,22320
2016-09-15,156.5500030517578,156.64999389648438,153.4499969482422,153.9499969482422,141.98463439941406,44751
2016-09-16,155.64999389648438,159.64999389648438,154.0500030517578,154.85000610351562,142.814697265625,25386
2016-09-19,156.60000610351562,157.0,154.10000610351562,154.4499969482422,142.44578552246094,10668
2016-09-20,155.0,155.5,153.89999389648438,154.4499969482422,142.44578552246094,7158
2016-09-21,155.4499969482422,163.89999389648438,154.5500030517578,157.1999969482422,144.98204040527344,32380
2016-09-22,158.89999389648438,159.5500030517578,155.8000030517578,157.35000610351562,145.1204071044922,4414
2016-09-23,157.6999969482422,165.60000610351562,156.5500030517578,158.9499969482422,146.59603881835938,90767
2016-09-26,160.0,163.60000610351562,158.0,158.35000610351562,146.0426788330078,17775
2016-09-27,159.85000610351562,163.75,157.1999969482422,158.10000610351562,145.81210327148438,13992
2016-09-28,157.5,162.8000030517578,157.35000610351562,158.3000030517578,145.99655151367188,12333
2016-09-29,159.8000030517578,160.6999969482422,142.14999389648438,147.85000610351562,136.35874938964844,20664
2016-09-30,153.35000610351562,153.35000610351562,143.3000030517578,149.89999389648438,138.2493896484375,18128
2016-10-03,153.0,155.89999389648438,152.0,155.0500030517578,142.99916076660156,13795
2016-10-04,156.5,174.85000610351562,155.5,166.1999969482422,153.28253173828125,562859
2016-10-05,165.0,168.0,162.39999389648438,163.0500030517578,150.3773956298828,48863
2016-10-06,163.5,173.1999969482422,161.1999969482422,163.14999389648438,150.4696044921875,177546
2016-10-07,164.4499969482422,176.39999389648438,161.0,168.9499969482422,155.81881713867188,267651
2016-10-10,168.35000610351562,176.0,167.3000030517578,172.60000610351562,159.1851348876953,160080
2016-10-13,170.5500030517578,174.1999969482422,162.0,164.6999969482422,151.89910888671875,62532
2016-10-14,166.1999969482422,191.5,165.60000610351562,188.5,173.84933471679688,1396276
2016-10-17,189.9499969482422,195.8000030517578,185.0,190.0500030517578,175.27886962890625,775080
2016-10-18,191.75,192.64999389648438,186.0,187.4499969482422,172.88095092773438,152753
2016-10-19,187.75,189.6999969482422,179.3000030517578,182.14999389648438,167.9928741455078,89335
2016-10-20,181.0,192.9499969482422,180.60000610351562,184.39999389648438,170.0679931640625,328805
2016-10-21,184.14999389648438,193.89999389648438,183.5500030517578,185.9499969482422,171.49754333496094,236030
2016-10-24,187.4499969482422,188.89999389648438,181.8000030517578,182.9499969482422,168.73068237304688,68908
2016-10-25,182.5500030517578,184.25,178.10000610351562,180.3000030517578,166.28663635253906,31063
2016-10-26,179.0,184.4499969482422,175.10000610351562,177.60000610351562,163.79653930664062,67703
2016-10-27,176.0,178.0,171.9499969482422,176.14999389648438,162.45921325683594,30052
2016-10-28,177.9499969482422,181.35000610351562,173.0500030517578,174.39999389648438,160.84523010253906,33277
2016-11-01,176.5500030517578,179.0,172.5,173.4499969482422,159.9690399169922,19630
2016-11-02,172.10000610351562,172.8000030517578,165.5,166.10000610351562,153.19033813476562,37425
2016-11-03,165.85000610351562,172.8000030517578,160.8000030517578,165.89999389648438,153.00587463378906,47697
2016-11-04,165.4499969482422,171.6999969482422,160.5500030517578,162.5,149.8701171875,57100
2016-11-07,164.9499969482422,168.8000030517578,164.39999389648438,165.85000610351562,152.95974731445312,19092
2016-11-08,167.0,168.5,162.60000610351562,164.60000610351562,151.80690002441406,25048
2016-11-09,147.0,159.0,137.0,155.4499969482422,143.36805725097656,40861
2016-11-10,160.10000610351562,170.60000610351562,158.0,165.3000030517578,152.4524688720703,62454
2016-11-11,161.9499969482422,164.0500030517578,155.0,156.5,144.33645629882812,30424
2016-11-15,156.5,163.0,148.9499969482422,152.64999389648438,140.7856903076172,37934
2016-11-16,155.89999389648438,155.89999389648438,147.35000610351562,149.39999389648438,137.78826904296875,15284
2016-11-17,150.9499969482422,151.89999389648438,147.0,148.60000610351562,137.0504608154297,11404
2016-11-18,149.0,153.75,147.0500030517578,149.25,137.64993286132812,18045
2016-11-21,149.0,150.25,142.75,144.4499969482422,133.22299194335938,9224
2016-11-22,146.0500030517578,148.0,140.10000610351562,142.8000030517578,131.70123291015625,9269
2016-11-23,144.0500030517578,148.0500030517578,142.0,145.39999389648438,134.09918212890625,18597
2016-11-24,144.0,146.75,142.85000610351562,144.6999969482422,133.4535675048828,14561
2016-11-25,146.8000030517578,152.0,145.10000610351562,149.25,137.64993286132812,20236
2016-11-28,148.5,153.0,147.0,148.4499969482422,136.91212463378906,29356
2016-11-29,150.0,152.9499969482422,148.1999969482422,148.9499969482422,137.37326049804688,21094
2016-11-30,150.39999389648438,152.0,148.60000610351562,149.25,137.64993286132812,13509
2016-12-01,151.89999389648438,156.35000610351562,148.1999969482422,149.39999389648438,137.78826904296875,96173
2016-12-02,148.5,148.60000610351562,145.0,145.64999389648438,134.32974243164062,20858
2016-12-05,147.14999389648438,148.39999389648438,142.0,145.85000610351562,134.51419067382812,16596
2016-12-06,146.0500030517578,147.8000030517578,145.0,145.14999389648438,133.8686065673828,20347
2016-12-07,145.3000030517578,146.8000030517578,143.10000610351562,143.8000030517578,132.62351989746094,10424
2016-12-08,146.25,155.85000610351562,144.35000610351562,147.25,135.80538940429688,215138
2016-12-09,147.5500030517578,151.0,145.14999389648438,145.9499969482422,134.60641479492188,95833
2016-12-12,144.89999389648438,146.6999969482422,143.14999389648438,143.8000030517578,132.62351989746094,16614
2016-12-13,143.9499969482422,148.0,143.0,143.9499969482422,132.76185607910156,70716
2016-12-14,144.0,145.0500030517578,138.5,140.25,129.3494110107422,20906
2016-12-15,139.0,142.89999389648438,139.0,141.25,130.271728515625,19180
2016-12-16,144.0,145.8000030517578,141.35000610351562,141.8000030517578,130.77896118164062,42479
2016-12-19,141.0,142.6999969482422,138.39999389648438,140.10000610351562,129.21109008789062,9936
2016-12-20,140.64999389648438,141.5,137.0,137.25,126.58260345458984,15197
2016-12-21,138.60000610351562,141.39999389648438,138.25,139.39999389648438,128.56549072265625,40406
2016-12-22,137.39999389648438,137.5,135.5,135.75,125.19920349121094,11796
2016-12-23,135.14999389648438,138.85000610351562,134.5,136.0,125.42975616455078,16566
2016-12-26,134.64999389648438,135.6999969482422,133.14999389648438,133.64999389648438,123.26240539550781,5595
2016-12-27,132.8000030517578,135.39999389648438,132.5,134.3000030517578,123.86188507080078,6306
2016-12-28,134.85000610351562,144.5,134.85000610351562,137.8000030517578,127.08987426757812,62731
2016-12-29,138.39999389648438,142.0,136.14999389648438,136.85000610351562,126.21371459960938,31798
2016-12-30,137.9499969482422,140.6999969482422,137.39999389648438,138.14999389648438,127.41263580322266,37320
2017-01-02,138.5500030517578,145.5500030517578,137.5,141.0,130.0411376953125,131810
2017-01-03,145.0,146.25,141.1999969482422,142.35000610351562,131.28622436523438,93263
2017-01-04,143.3000030517578,143.6999969482422,139.5,140.35000610351562,129.44166564941406,51323
2017-01-05,141.4499969482422,146.89999389648438,140.0500030517578,141.75,130.73284912109375,202827
2017-01-06,142.85000610351562,152.9499969482422,141.5,146.8000030517578,135.39035034179688,708445
2017-01-09,146.10000610351562,157.5,145.5,155.4499969482422,143.36805725097656,609791
2017-01-10,156.8000030517578,169.8000030517578,156.8000030517578,164.0500030517578,151.29965209960938,933542
2017-01-11,165.0,167.89999389648438,157.8000030517578,158.89999389648438,146.5499267578125,208724
2017-01-12,160.10000610351562,162.35000610351562,155.60000610351562,157.10000610351562,144.88986206054688,114791
2017-01-13,158.3000030517578,184.3000030517578,155.60000610351562,181.64999389648438,167.53172302246094,4819817
2017-01-16,179.10000610351562,188.89999389648438,177.1999969482422,182.6999969482422,168.5001220703125,2274702
2017-01-17,182.0,182.0,172.60000610351562,174.25,160.70689392089844,559674
2017-01-18,175.3000030517578,182.5,172.75,174.5,160.93746948242188,619865
2017-01-19,174.0500030517578,175.6999969482422,164.9499969482422,166.14999389648438,153.23643493652344,267858
2017-01-20,164.0,166.0,159.1999969482422,159.85000610351562,147.42608642578125,141656
2017-01-23,160.89999389648438,162.5,158.0500030517578,158.64999389648438,146.3193817138672,76543
2017-01-24,159.8000030517578,164.0,158.10000610351562,159.14999389648438,146.78048706054688,151456
2017-01-25,159.6999969482422,160.6999969482422,157.0,157.60000610351562,145.35096740722656,57487
2017-01-27,157.9499969482422,167.5,156.3000030517578,161.8000030517578,149.2245330810547,259606
2017-01-30,162.4499969482422,165.6999969482422,159.1999969482422,164.0,151.2535400390625,108895
2017-01-31,164.5,165.0,160.0,162.25,149.6395263671875,74695
2017-02-01,162.4499969482422,163.89999389648438,159.39999389648438,161.10000610351562,148.5789337158203,42438
2017-02-02,160.9499969482422,162.89999389648438,159.0,159.89999389648438,147.47218322753906,46731
2017-02-03,159.5,165.89999389648438,159.5,161.60000610351562,149.04005432128906,68486
2017-02-06,163.0,165.39999389648438,161.10000610351562,162.4499969482422,149.82400512695312,54202
2017-02-07,163.0,164.5,161.14999389648438,162.0500030517578,149.45510864257812,35552
2017-02-08,161.0500030517578,162.89999389648438,159.5,159.64999389648438,147.24160766601562,22229
2017-02-09,160.89999389648438,161.5,159.0,159.8000030517578,147.37997436523438,14360
2017-02-10,163.25,172.0,160.10000610351562,162.64999389648438,150.0084686279297,549065
2017-02-13,164.0,164.10000610351562,155.0,156.3000030517578,144.15199279785156,94490
2017-02-14,158.0500030517578,158.10000610351562,153.5,153.9499969482422,141.98463439941406,28521
2017-02-15,155.5500030517578,156.75,150.0500030517578,151.5,139.72506713867188,38753
2017-02-16,152.5500030517578,156.0,151.39999389648438,153.9499969482422,141.98463439941406,30863
2017-02-17,155.35000610351562,156.4499969482422,152.64999389648438,153.39999389648438,141.47738647460938,27919
2017-02-20,153.64999389648438,157.0,153.0,153.75,141.80018615722656,32431
2017-02-21,153.85000610351562,155.3000030517578,151.35000610351562,152.25,140.41676330566406,26508
2017-02-22,152.5500030517578,153.85000610351562,151.10000610351562,151.39999389648438,139.63282775878906,15584
2017-02-23,151.89999389648438,153.0,150.25,150.6999969482422,138.98724365234375,20091
2017-02-27,151.0,154.0,151.0,151.39999389648438,139.63282775878906,19676
2017-02-28,152.39999389648438,152.5,150.5,150.89999389648438,139.17169189453125,10101
2017-03-01,152.10000610351562,158.5,151.1999969482422,155.1999969482422,143.13751220703125,88956
2017-03-02,156.14999389648438,159.0,152.10000610351562,153.14999389648438,141.246826171875,43394
2017-03-03,152.3000030517578,154.1999969482422,151.0500030517578,151.6999969482422,139.9095001220703,15743
2017-03-06,151.60000610351562,153.39999389648438,151.0500030517578,151.25,139.49449157714844,17855
2017-03-07,151.35000610351562,153.3000030517578,151.0,152.0,140.18618774414062,13941
2017-03-08,152.89999389648438,155.85000610351562,151.10000610351562,152.0500030517578,140.23233032226562,27037
2017-03-09,151.5500030517578,153.5,151.5,152.0500030517578,140.23233032226562,12401
2017-03-10,153.0,153.0,147.64999389648438,149.0500030517578,137.46548461914062,20237
2017-03-14,151.8000030517578,152.14999389648438,150.10000610351562,150.5500030517578,138.84890747070312,21541
2017-03-15,151.75,152.39999389648438,149.1999969482422,149.9499969482422,138.2955322265625,23376
2017-03-16,151.14999389648438,155.5,150.10000610351562,153.0,141.10850524902344,61493
2017-03-17,153.0,155.9499969482422,152.4499969482422,153.3000030517578,141.38516235351562,19619
2017-03-20,152.10000610351562,152.9499969482422,150.9499969482422,151.3000030517578,139.54063415527344,15751
2017-03-21,151.3000030517578,153.25,150.5,151.14999389648438,139.4022674560547,12750
2017-03-22,150.85000610351562,151.0,148.60000610351562,149.6999969482422,138.06495666503906,18930
2017-03-23,151.85000610351562,153.39999389648438,149.89999389648438,150.5,138.8027801513672,18932
2017-03-24,151.4499969482422,158.0,150.64999389648438,154.0500030517578,142.07687377929688,83682
2017-03-27,156.1999969482422,156.25,150.25,151.35000610351562,139.58673095703125,12903
2017-03-28,152.10000610351562,154.8000030517578,151.60000610351562,152.6999969482422,140.831787109375,20297
2017-03-29,153.75,153.8000030517578,151.0,151.35000610351562,139.58673095703125,13634
2017-03-30,151.14999389648438,155.0,151.14999389648438,152.1999969482422,140.3706512451172,31045
2017-03-31,153.10000610351562,154.89999389648438,152.5,152.6999969482422,140.831787109375,27827
2017-04-03,153.9499969482422,157.0,153.25,154.35000610351562,142.35354614257812,35789
2017-04-05,153.5,166.0,153.5,163.39999389648438,150.7001495361328,218073
2017-04-06,163.0,165.0,161.14999389648438,164.4499969482422,151.66856384277344,33924
2017-04-07,164.8000030517578,167.64999389648438,160.1999969482422,160.60000610351562,148.11782836914062,60852
2017-04-10,162.0500030517578,163.0,157.6999969482422,158.6999969482422,146.36546325683594,23070
2017-04-11,159.35000610351562,162.6999969482422,158.60000610351562,160.25,147.79498291015625,22150
2017-04-12,160.8000030517578,160.8000030517578,156.6999969482422,159.14999389648438,146.78048706054688,16544
2017-04-13,160.0,166.0,160.0,164.0,151.2535400390625,140945
2017-04-17,165.60000610351562,173.5,164.75,171.75,158.40118408203125,180045
2017-04-18,173.35000610351562,178.89999389648438,168.0,169.5500030517578,156.37217712402344,169453
2017-04-19,170.0500030517578,176.85000610351562,169.35000610351562,171.9499969482422,158.58563232421875,71411
2017-04-20,172.8000030517578,178.10000610351562,172.39999389648438,175.14999389648438,161.5369415283203,74740
2017-04-21,176.85000610351562,183.8000030517578,174.5500030517578,177.4499969482422,163.6581573486328,236243
2017-04-24,178.0,179.39999389648438,171.3000030517578,172.8000030517578,159.36959838867188,39792
2017-04-25,174.5,181.0,171.0,172.64999389648438,159.23123168945312,323440
2017-04-26,173.0,173.75,166.39999389648438,167.85000610351562,154.80430603027344,50064
2017-04-27,169.35000610351562,170.14999389648438,165.35000610351562,166.3000030517578,153.37478637695312,23688
2017-04-28,167.5500030517578,171.3000030517578,166.0500030517578,166.64999389648438,153.6975860595703,32313
2017-05-02,168.0,168.60000610351562,162.39999389648438,163.1999969482422,150.51571655273438,25563
2017-05-03,163.75,167.89999389648438,162.5,164.5500030517578,151.76080322265625,40348
2017-05-04,162.5,167.60000610351562,162.5,164.10000610351562,151.34576416015625,31495
2017-05-05,165.0,165.0,160.5,161.35000610351562,148.80947875976562,24271
2017-05-08,162.85000610351562,163.5500030517578,161.0500030517578,162.25,149.6395263671875,17557
2017-05-09,163.5,165.8000030517578,161.0,161.1999969482422,148.671142578125,14704
2017-05-10,161.60000610351562,166.39999389648438,160.10000610351562,163.0500030517578,150.3773956298828,51423
2017-05-11,164.0,165.0,162.10000610351562,162.85000610351562,150.19293212890625,19675
2017-05-12,163.10000610351562,163.60000610351562,158.0,158.5,146.18099975585938,26500
2017-05-15,159.89999389648438,160.64999389648438,158.5,159.10000610351562,146.73439025878906,11507
2017-05-16,160.0,175.60000610351562,159.9499969482422,167.75,154.71206665039062,372586
2017-05-17,168.6999969482422,168.6999969482422,163.5,164.1999969482422,151.43797302246094,50733
2017-05-18,161.6999969482422,165.8000030517578,160.5,161.0500030517578,148.5328369140625,34293
2017-05-19,162.4499969482422,163.85000610351562,157.1999969482422,158.9499969482422,146.59603881835938,42298
2017-05-22,160.0500030517578,160.6999969482422,156.10000610351562,157.3000030517578,145.0742645263672,25054
2017-05-23,157.5,158.35000610351562,151.5,153.60000610351562,141.6618194580078,19854
2017-05-24,153.5,155.1999969482422,148.10000610351562,151.0500030517578,139.31007385253906,28732
2017-05-25,150.60000610351562,154.89999389648438,149.10000610351562,152.5,140.6473388671875,10586
2017-05-26,154.39999389648438,160.8000030517578,153.10000610351562,159.25,146.87269592285156,30228
2017-05-29,159.0,160.6999969482422,154.10000610351562,154.6999969482422,142.6763458251953,15611
2017-05-30,155.9499969482422,156.1999969482422,152.0,155.35000610351562,143.2758331298828,8950
2017-05-31,155.0,155.0,152.0,152.1999969482422,140.3706512451172,9930
2017-06-01,154.0,154.0,151.4499969482422,151.6999969482422,139.9095001220703,7974
2017-06-02,152.5500030517578,159.5,152.10000610351562,155.5,143.41415405273438,43261
2017-06-05,157.39999389648438,157.39999389648438,153.0500030517578,153.4499969482422,141.5235137939453,17743
2017-06-06,152.64999389648438,158.89999389648438,152.60000610351562,155.6999969482422,143.59861755371094,26929
2017-06-07,157.6999969482422,158.75,155.1999969482422,155.5,143.41415405273438,15542
2017-06-08,157.89999389648438,158.8000030517578,153.1999969482422,153.5500030517578,141.61573791503906,9726
2017-06-09,155.14999389648438,162.89999389648438,153.89999389648438,157.75,145.48928833007812,107942
2017-06-12,157.14999389648438,157.14999389648438,154.0500030517578,155.10000610351562,143.0452880859375,26754
2017-06-13,156.60000610351562,158.89999389648438,152.3000030517578,154.85000610351562,142.814697265625,36842
2017-06-14,156.39999389648438,156.6999969482422,154.0,155.14999389648438,143.0913848876953,11785
2017-06-15,154.3000030517578,163.5,153.1999969482422,160.25,147.79498291015625,77274
2017-06-16,159.35000610351562,162.0,156.14999389648438,156.64999389648438,144.4747772216797,20716
2017-06-19,155.8000030517578,157.89999389648438,154.0500030517578,154.9499969482422,142.9069366455078,18057
2017-06-20,155.10000610351562,157.0,153.8000030517578,154.85000610351562,142.814697265625,15468
2017-06-21,155.0,158.75,154.5,155.89999389648438,143.78306579589844,11675
2017-06-22,155.10000610351562,162.6999969482422,155.10000610351562,156.0,143.87530517578125,95760
2017-06-23,157.0,163.1999969482422,155.1999969482422,156.14999389648438,144.01364135742188,162572
2017-06-27,157.8000030517578,157.8000030517578,152.0,152.89999389648438,141.01625061035156,14335
2017-06-28,153.10000610351562,155.0,151.3000030517578,151.6999969482422,139.9095001220703,14656
2017-06-29,154.0,154.64999389648438,150.10000610351562,151.6999969482422,139.9095001220703,43570
2017-06-30,151.0,151.85000610351562,148.5,149.75,138.11105346679688,38648
2017-07-03,151.39999389648438,153.0,149.39999389648438,150.64999389648438,138.9411163330078,29476
2017-07-04,152.39999389648438,152.5,149.5,150.25,138.57220458984375,19852
2017-07-05,151.4499969482422,154.0,150.14999389648438,153.3000030517578,141.38516235351562,22334
2017-07-06,154.4499969482422,154.75,153.14999389648438,153.35000610351562,141.4312744140625,6779
2017-07-07,154.0,156.0,152.14999389648438,153.0,141.10850524902344,22981
2017-07-10,152.5,155.5,149.60000610351562,152.0500030517578,140.23233032226562,2571
2017-07-11,154.0,154.4499969482422,152.10000610351562,152.1999969482422,140.3706512451172,10378
2017-07-12,152.25,153.8000030517578,151.5,151.75,139.95562744140625,20068
2017-07-13,153.8000030517578,153.8000030517578,151.0,151.60000610351562,139.81729125976562,17589
2017-07-14,151.85000610351562,152.35000610351562,148.10000610351562,149.39999389648438,137.78826904296875,11645
2017-07-17,148.35000610351562,151.0,147.5,148.10000610351562,136.58932495117188,14823
2017-07-18,147.60000610351562,149.35000610351562,147.0,147.4499969482422,135.98985290527344,9679
2017-07-19,148.85000610351562,150.5500030517578,148.3000030517578,148.5,136.95822143554688,15783
2017-07-20,149.8000030517578,155.39999389648438,149.25,152.35000610351562,140.50900268554688,92645
2017-07-21,153.14999389648438,153.14999389648438,149.35000610351562,149.89999389648438,138.2493896484375,24152
2017-07-24,151.0500030517578,152.0,149.25,149.5,137.88052368164062,12438
2017-07-25,149.5500030517578,150.10000610351562,148.35000610351562,148.64999389648438,137.0965576171875,11600
2017-07-26,149.8000030517578,154.0,149.64999389648438,151.64999389648438,139.86338806152344,25357
2017-07-27,153.64999389648438,153.64999389648438,148.5,148.85000610351562,137.2810516357422,7042
2017-07-28,147.85000610351562,149.8000030517578,145.10000610351562,146.89999389648438,135.4825897216797,15136
2017-07-31,148.0,148.5,145.5,146.0500030517578,134.6986541748047,14135
2017-08-01,146.0500030517578,147.3000030517578,145.0,145.1999969482422,134.83795166015625,10119
2017-08-02,145.0,146.4499969482422,144.60000610351562,144.85000610351562,134.51292419433594,6522
2017-08-03,145.0,146.5,143.10000610351562,143.5,133.25927734375,7411
2017-08-04,143.10000610351562,144.3000030517578,139.5,140.5,130.47335815429688,22652
2017-08-07,142.0,145.5500030517578,140.0,142.39999389648438,132.2377471923828,14745
2017-08-08,141.60000610351562,143.64999389648438,140.0,140.60000610351562,130.56622314453125,7178
2017-08-09,140.0,142.0,136.0,137.5500030517578,127.73388671875,22217
2017-08-10,136.0,136.0,127.3499984741211,129.85000610351562,120.58338165283203,17173
2017-08-11,130.0,130.0,127.0,127.44999694824219,118.35465240478516,15094
2017-08-14,128.10000610351562,133.60000610351562,128.10000610351562,132.60000610351562,123.13711547851562,10449
2017-08-16,133.10000610351562,135.5,132.25,133.89999389648438,124.34436798095703,9302
2017-08-17,133.39999389648438,137.0,131.1999969482422,135.10000610351562,125.45873260498047,9669
2017-08-18,135.0,136.6999969482422,132.0500030517578,135.1999969482422,125.55158996582031,12647
2017-08-21,136.85000610351562,137.8000030517578,133.5,133.9499969482422,124.39079284667969,5730
2017-08-22,135.9499969482422,155.0,135.9499969482422,150.60000610351562,139.85256958007812,772869
2017-08-23,148.10000610351562,149.0,140.85000610351562,142.0500030517578,131.9127197265625,139601
2017-08-24,142.0500030517578,144.6999969482422,139.0,139.9499969482422,129.96258544921875,66838
2017-08-28,140.9499969482422,142.0,138.0,139.25,129.3125762939453,35085
2017-08-29,139.0500030517578,141.6999969482422,137.0,138.5500030517578,128.66253662109375,27637
2017-08-30,140.4499969482422,141.9499969482422,139.14999389648438,140.3000030517578,130.2876434326172,15133
2017-08-31,137.0,141.0,137.0,139.5500030517578,129.59115600585938,20846
2017-09-01,140.0,143.6999969482422,138.0500030517578,141.4499969482422,131.35557556152344,32540
2017-09-04,141.0,142.0,138.0,138.75,128.84823608398438,20730
2017-09-05,140.0,148.89999389648438,139.4499969482422,142.5500030517578,132.37705993652344,91164
2017-09-06,143.0,145.5,141.25,143.25,133.02713012695312,18638
2017-09-07,143.0500030517578,146.64999389648438,142.0,144.3000030517578,134.00218200683594,40406
2017-09-08,144.0,144.5,140.35000610351562,141.4499969482422,131.35557556152344,20689
2017-09-11,141.14999389648438,143.89999389648438,140.10000610351562,140.8000030517578,130.75196838378906,10608
2017-09-12,141.89999389648438,154.60000610351562,141.0,145.25,134.88436889648438,168927
2017-09-13,145.0,146.75,141.1999969482422,141.8000030517578,131.6805877685547,18589
2017-09-14,141.0500030517578,147.5,140.0500030517578,142.3000030517578,132.1448974609375,63575
2017-09-15,141.3000030517578,145.8000030517578,140.0,141.9499969482422,131.81985473632812,33175
2017-09-18,143.0,145.6999969482422,143.0,143.75,133.49143981933594,21179
2017-09-19,146.25,152.89999389648438,146.25,147.0,136.50949096679688,131296
2017-09-20,147.0,149.8000030517578,146.10000610351562,146.35000610351562,135.90589904785156,20757
2017-09-21,146.0,156.14999389648438,142.3000030517578,151.5500030517578,140.7347869873047,253265
2017-09-22,152.5,154.39999389648438,146.0,146.75,136.27734375,116996
2017-09-25,146.5,147.0,141.3000030517578,142.6999969482422,132.51634216308594,15938
2017-09-26,144.0,145.0,142.4499969482422,143.5500030517578,133.3057098388672,10836
2017-09-27,143.85000610351562,144.6999969482422,138.0,140.1999969482422,130.19476318359375,31978
2017-09-28,140.4499969482422,142.6999969482422,140.3000030517578,142.0,131.8662872314453,9184
2017-09-29,142.64999389648438,146.0,141.5,142.5,132.3306427001953,23193
2017-10-03,143.5,145.64999389648438,142.10000610351562,143.14999389648438,132.9342498779297,9033
2017-10-04,142.5500030517578,144.4499969482422,141.0500030517578,141.4499969482422,131.35557556152344,13534
2017-10-05,142.0,143.8000030517578,141.35000610351562,141.9499969482422,131.81985473632812,9947
2017-10-06,142.60000610351562,145.89999389648438,142.39999389648438,143.0500030517578,132.8413848876953,21281
2017-10-09,143.0500030517578,144.8000030517578,142.60000610351562,143.85000610351562,133.58428955078125,15904
2017-10-10,144.10000610351562,152.89999389648438,143.5500030517578,148.60000610351562,137.9953155517578,185782
2017-10-11,150.64999389648438,152.60000610351562,144.0,144.25,133.95574951171875,62383
2017-10-12,145.3000030517578,147.0,144.5,145.39999389648438,135.023681640625,18446
2017-10-13,146.10000610351562,146.89999389648438,143.5500030517578,144.0,133.72357177734375,38509
2017-10-16,145.39999389648438,147.4499969482422,143.64999389648438,146.35000610351562,135.90589904785156,45411
2017-10-17,145.9499969482422,146.8000030517578,144.3000030517578,144.85000610351562,134.51292419433594,14002
2017-10-18,145.39999389648438,147.89999389648438,144.0,145.1999969482422,134.83795166015625,54011
2017-10-19,144.3000030517578,146.5,142.64999389648438,143.39999389648438,133.16641235351562,45335
2017-10-23,143.5500030517578,144.6999969482422,142.0,142.39999389648438,132.2377471923828,12701
2017-10-24,142.14999389648438,144.0,141.10000610351562,141.4499969482422,131.35557556152344,46838
2017-10-25,141.4499969482422,143.0,139.60000610351562,140.1999969482422,130.19476318359375,27438
2017-10-26,139.60000610351562,143.89999389648438,138.6999969482422,139.39999389648438,129.4518585205078,56174
2017-10-27,139.5500030517578,141.8000030517578,139.5,140.10000610351562,130.10191345214844,14677
2017-10-30,141.0,142.0,140.0,140.1999969482422,130.19476318359375,22469
2017-10-31,141.39999389648438,143.5,139.10000610351562,140.14999389648438,130.1483154296875,38768
2017-11-01,140.0,143.1999969482422,140.0,142.14999389648438,132.005615234375,36028
2017-11-02,141.5,143.1999969482422,140.5,140.85000610351562,130.7983856201172,18138
2017-11-03,141.10000610351562,142.85000610351562,139.5,139.9499969482422,129.96258544921875,40159
2017-11-06,140.0,142.8000030517578,140.0,141.89999389648438,131.7734375,28116
2017-11-07,141.89999389648438,145.75,140.14999389648438,141.0500030517578,130.98411560058594,74338
2017-11-08,141.0500030517578,143.0,138.14999389648438,139.3000030517578,129.35902404785156,18040
2017-11-09,140.0,141.5,138.10000610351562,138.75,128.84823608398438,15047
2017-11-10,139.6999969482422,141.35000610351562,137.5500030517578,137.85000610351562,128.0124969482422,16885
2017-11-13,137.8000030517578,139.4499969482422,135.3000030517578,136.75,126.99097442626953,19934
2017-11-14,137.9499969482422,139.14999389648438,135.3000030517578,135.89999389648438,126.20162963867188,13607
2017-11-15,135.3000030517578,136.5,132.89999389648438,133.14999389648438,123.64788055419922,19431
2017-11-16,134.0,134.85000610351562,133.0,134.35000610351562,124.76224517822266,11533
2017-11-17,135.0,139.89999389648438,135.0,136.6999969482422,126.94452667236328,24893
2017-11-20,135.5,147.39999389648438,135.5,143.35000610351562,133.11997985839844,331544
2017-11-21,145.5,146.9499969482422,141.89999389648438,142.5,132.3306427001953,34494
2017-11-22,142.14999389648438,144.4499969482422,140.60000610351562,141.6999969482422,131.58773803710938,22463
2017-11-23,143.39999389648438,144.8000030517578,140.25,142.6999969482422,132.51634216308594,16543
2017-11-24,142.8000030517578,149.75,141.3000030517578,145.75,135.3486785888672,123663
2017-11-27,146.5,156.5500030517578,144.0,152.6999969482422,141.80270385742188,424444
2017-11-28,153.5,163.5,152.0,158.25,146.95664978027344,522517
2017-11-29,163.10000610351562,164.5,156.0,156.4499969482422,145.28509521484375,153593
2017-11-30,155.10000610351562,157.75,152.89999389648438,154.5,143.4742889404297,53328
2017-12-01,154.89999389648438,158.60000610351562,152.0,152.75,141.84915161132812,53212
2017-12-04,154.3000030517578,154.3000030517578,147.5,148.14999389648438,137.57740783691406,24267
2017-12-05,146.0,148.0,143.0,144.0500030517578,133.77000427246094,33870
2017-12-06,142.1999969482422,146.5,142.1999969482422,142.75,132.5627899169922,36382
2017-12-07,143.10000610351562,148.3000030517578,143.10000610351562,146.39999389648438,135.95230102539062,32930
2017-12-08,148.89999389648438,148.89999389648438,144.1999969482422,145.60000610351562,135.2093963623047,30908
2017-12-11,146.75,147.9499969482422,142.10000610351562,143.3000030517578,133.0735321044922,50648
2017-12-12,147.89999389648438,149.89999389648438,145.3000030517578,146.10000610351562,135.67372131347656,73298
2017-12-13,145.39999389648438,145.4499969482422,142.5,143.3000030517578,133.0735321044922,16564
2017-12-14,143.3000030517578,144.5500030517578,141.0500030517578,141.35000610351562,131.2626953125,15039
2017-12-15,142.39999389648438,148.8000030517578,142.39999389648438,143.89999389648438,133.63072204589844,47403
2017-12-18,143.14999389648438,145.85000610351562,135.1999969482422,144.60000610351562,134.28077697753906,55026
2017-12-19,144.1999969482422,147.25,144.0,144.60000610351562,134.28077697753906,20763
2017-12-20,144.0,148.6999969482422,144.0,145.75,135.3486785888672,43825
2017-12-21,144.25,149.89999389648438,144.25,147.75,137.20594787597656,64652
2017-12-22,148.39999389648438,153.89999389648438,146.60000610351562,148.25,137.67027282714844,93856
2017-12-26,150.0,152.39999389648438,147.6999969482422,149.89999389648438,139.20249938964844,44831
2017-12-27,151.0,151.5500030517578,147.35000610351562,148.39999389648438,137.80955505371094,26313
2017-12-28,147.5,151.14999389648438,147.5,149.25,138.59890747070312,36698
2017-12-29,148.1999969482422,150.39999389648438,147.0,148.0,137.43812561035156,17944
2018-01-01,147.64999389648438,152.39999389648438,147.60000610351562,149.14999389648438,138.50604248046875,39703
2018-01-02,150.25,150.25,146.0,147.25,136.7416534423828,21262
2018-01-03,154.89999389648438,160.60000610351562,151.1999969482422,156.10000610351562,144.9600830078125,428492
2018-01-04,158.35000610351562,162.0,157.3000030517578,158.6999969482422,147.37454223632812,131545
2018-01-05,159.9499969482422,161.89999389648438,154.14999389648438,155.0500030517578,143.98501586914062,80328
2018-01-08,156.5,159.0,155.10000610351562,155.85000610351562,144.72793579101562,70773
2018-01-09,157.3000030517578,157.3000030517578,153.14999389648438,153.64999389648438,142.6849365234375,25227
2018-01-10,154.89999389648438,155.5,152.25,152.6999969482422,141.80270385742188,30367
2018-01-11,152.64999389648438,154.64999389648438,152.10000610351562,153.0,142.08131408691406,17741
2018-01-12,152.3000030517578,154.60000610351562,151.0,152.5500030517578,141.66342163085938,24029
2018-01-15,153.3000030517578,156.5500030517578,153.0,154.4499969482422,143.42782592773438,33404
2018-01-16,153.5,155.5,149.35000610351562,151.64999389648438,140.82766723632812,55952
2018-01-17,152.0,152.5,148.0,150.89999389648438,140.1311798095703,11965
2018-01-18,150.0,154.5,146.39999389648438,147.85000610351562,137.29884338378906,26711
2018-01-19,146.0,149.6999969482422,146.0,147.0,136.50949096679688,17699
2018-01-22,152.5,152.5,144.3000030517578,148.5,137.90243530273438,10440
2018-01-23,148.35000610351562,151.0,148.10000610351562,148.6999969482422,138.0881805419922,11194
2018-01-24,149.0,149.0,145.10000610351562,145.89999389648438,135.4879913330078,11047
2018-01-25,146.0500030517578,147.5500030517578,144.10000610351562,145.10000610351562,134.74510192871094,9268
2018-01-29,145.5,147.89999389648438,144.0,144.60000610351562,134.28077697753906,16939
2018-01-30,145.0,145.0,142.25,143.39999389648438,133.16641235351562,10978
2018-01-31,141.5,142.8000030517578,140.0,141.75,131.63414001464844,21250
2018-02-01,141.64999389648438,144.0,139.10000610351562,140.5,130.47335815429688,9718
2018-02-02,139.6999969482422,139.6999969482422,132.0,136.0500030517578,126.34092712402344,21175
2018-02-05,132.0,134.0,127.25,131.10000610351562,121.74417877197266,54247
2018-02-06,129.1999969482422,132.0,124.19999694824219,131.5,122.11563110351562,29568
2018-02-07,133.3000030517578,134.85000610351562,132.0,132.75,123.27643585205078,10451
2018-02-08,134.64999389648438,136.5500030517578,133.0,135.3000030517578,125.64444732666016,11556
2018-02-09,132.5,136.89999389648438,131.5500030517578,135.5500030517578,125.87662506103516,11133
2018-02-12,136.5,138.39999389648438,136.0,136.39999389648438,126.66593170166016,13014
2018-02-14,138.35000610351562,146.0,136.0,136.5500030517578,126.80524444580078,50714
2018-02-15,136.60000610351562,141.39999389648438,134.14999389648438,134.5,124.90153503417969,11760
2018-02-16,136.39999389648438,136.4499969482422,129.5,131.75,122.34779357910156,18218
2018-02-19,133.60000610351562,133.64999389648438,126.5999984741211,128.0500030517578,118.9118423461914,20235
2018-02-20,128.5500030517578,129.9499969482422,127.0999984741211,127.80000305175781,118.6796875,14590
2018-02-21,127.80000305175781,129.5,126.69999694824219,127.19999694824219,118.12248992919922,13337
2018-02-22,127.0,129.0,125.80000305175781,126.3499984741211,117.33316802978516,13665
2018-02-23,126.5999984741211,131.10000610351562,126.5999984741211,129.10000610351562,119.88691711425781,16981
2018-02-26,129.25,131.0,129.25,130.10000610351562,120.81553649902344,5791
2018-02-27,131.10000610351562,132.0500030517578,127.0,127.69999694824219,118.5868148803711,12273
2018-02-28,127.0,128.64999389648438,126.0,127.25,118.16893005371094,12136
2018-03-01,127.9000015258789,127.94999694824219,126.5,126.69999694824219,117.6581802368164,4559
2018-03-05,127.0,127.0,125.0999984741211,125.5,116.5438232421875,15798
2018-03-06,126.5,127.30000305175781,123.0,123.80000305175781,114.96513366699219,10099
2018-03-07,123.0,124.1500015258789,116.0999984741211,118.6500015258789,110.18265533447266,12354
2018-03-08,118.1500015258789,121.5,116.0,118.75,110.2755355834961,11479
2018-03-09,118.75,121.69999694824219,118.75,119.80000305175781,111.25060272216797,8115
2018-03-12,121.55000305175781,121.94999694824219,118.5999984741211,119.25,110.73983764648438,11178
2018-03-13,118.5999984741211,120.44999694824219,118.0,119.8499984741211,111.29702758789062,7772
2018-03-14,119.5,120.75,118.5,120.0,111.43632507324219,6845
2018-03-15,121.0,122.75,120.0,120.3499984741211,111.76133728027344,17986
2018-03-16,121.3499984741211,123.0,119.30000305175781,120.05000305175781,111.48274993896484,23205
2018-03-19,119.5999984741211,119.5999984741211,116.4000015258789,116.80000305175781,108.46468353271484,9913
2018-03-20,115.5,120.0,115.0,116.69999694824219,108.37181854248047,26505
2018-03-21,117.9000015258789,118.8499984741211,116.0,116.75,108.41825103759766,9072
2018-03-22,118.44999694824219,118.44999694824219,112.0999984741211,113.30000305175781,105.2144546508789,12756
2018-03-23,112.0999984741211,112.19999694824219,107.44999694824219,110.30000305175781,102.42855834960938,27449
2018-03-26,112.0,112.0,105.0,106.8499984741211,99.2247543334961,33780
2018-03-27,109.30000305175781,109.30000305175781,105.4000015258789,108.0,100.29268646240234,24392
2018-03-28,108.55000305175781,108.55000305175781,102.0999984741211,103.5,96.11383056640625,30331
2018-04-02,104.19999694824219,112.9000015258789,102.5,110.3499984741211,102.47498321533203,13052
2018-04-03,111.94999694824219,114.94999694824219,110.0,113.75,105.63236236572266,14308
2018-04-04,115.0,118.5999984741211,113.25,114.80000305175781,106.607421875,10294
2018-04-05,116.4000015258789,119.0,116.4000015258789,116.9000015258789,108.55755615234375,6847
2018-04-06,117.0,118.8499984741211,117.0,118.25,109.81119537353516,2024
2018-04-09,118.0,119.8499984741211,117.55000305175781,119.25,110.73983764648438,4685
2018-04-10,121.5999984741211,123.9000015258789,118.0999984741211,120.25,111.66847229003906,4201
2018-04-11,119.9000015258789,121.44999694824219,119.80000305175781,120.05000305175781,111.48274993896484,1284
2018-04-12,120.25,123.30000305175781,119.19999694824219,119.69999694824219,111.15772247314453,2588
2018-04-13,119.9000015258789,121.5999984741211,117.05000305175781,118.05000305175781,109.62548065185547,4599
2018-04-16,117.5,119.69999694824219,115.5999984741211,117.44999694824219,109.06829071044922,2116
2018-04-17,116.80000305175781,119.0,116.19999694824219,116.55000305175781,108.23252868652344,5851
2018-04-18,118.69999694824219,139.85000610351562,118.0,139.6999969482422,129.73046875,569020
2018-04-19,146.0,149.3000030517578,139.0,139.6999969482422,129.73046875,456840
2018-04-20,136.89999389648438,142.9499969482422,134.10000610351562,136.9499969482422,127.17670440673828,68742
2018-04-23,137.75,142.0,134.10000610351562,135.60000610351562,125.92305755615234,31048
2018-04-24,135.1999969482422,159.6999969482422,134.60000610351562,145.0,134.65223693847656,886812
2018-04-25,142.9499969482422,147.8000030517578,138.3000030517578,139.5500030517578,129.59115600585938,81245
2018-04-26,140.60000610351562,146.8000030517578,140.0,141.5500030517578,131.4484405517578,95709
2018-04-27,142.89999389648438,147.39999389648438,140.60000610351562,142.39999389648438,132.2377471923828,54519
2018-04-30,143.85000610351562,143.85000610351562,133.4499969482422,134.4499969482422,124.8551025390625,52274
2018-05-02,135.5,136.9499969482422,128.10000610351562,131.35000610351562,121.9763412475586,37048
2018-05-03,131.35000610351562,132.0,122.0999984741211,124.9000015258789,115.98664093017578,38263
2018-05-04,125.30000305175781,146.3000030517578,124.6500015258789,138.75,128.84823608398438,604904
2018-05-07,139.25,143.5,135.0,135.6999969482422,126.01588439941406,77203
2018-05-08,137.0,138.85000610351562,132.64999389648438,133.6999969482422,124.15863800048828,34802
2018-05-09,137.5,141.89999389648438,133.0500030517578,135.14999389648438,125.50515747070312,45696
2018-05-10,135.14999389648438,139.85000610351562,132.25,133.0,123.50861358642578,31013
2018-05-11,134.64999389648438,138.5,132.0,132.5,123.04427337646484,36327
2018-05-14,133.8000030517578,135.75,131.0,132.75,123.27643585205078,31650
2018-05-15,132.75,135.0,129.10000610351562,129.85000610351562,120.58338165283203,18837
2018-05-16,129.3000030517578,130.5,128.0500030517578,129.0500030517578,119.8404769897461,10986
2018-05-17,131.25,140.8000030517578,128.3000030517578,137.89999389648438,128.0588836669922,82325
2018-05-18,137.0,137.0,130.10000610351562,130.64999389648438,121.3262939453125,22775
2018-05-21,131.3000030517578,133.0,124.55000305175781,126.19999694824219,117.19386291503906,22525
2018-05-22,126.5,131.6999969482422,125.0,128.6999969482422,119.51545715332031,21039
2018-05-23,133.0,135.0,129.1999969482422,130.4499969482422,121.14055633544922,37708
2018-05-24,132.89999389648438,132.89999389648438,127.0,127.8499984741211,118.72610473632812,10370
2018-05-25,129.35000610351562,129.9499969482422,128.0,128.4499969482422,119.28329467773438,9243
2018-05-28,129.5,132.75,129.0500030517578,130.35000610351562,121.04769134521484,17071
2018-05-29,129.89999389648438,130.89999389648438,128.3000030517578,129.5500030517578,120.30480194091797,14779
2018-05-30,128.5,128.8000030517578,127.0,127.9000015258789,118.77254486083984,11695
2018-05-31,126.05000305175781,133.60000610351562,126.05000305175781,131.3000030517578,121.9299087524414,11705
2018-06-01,134.64999389648438,134.64999389648438,127.4000015258789,128.5,119.32971954345703,26705
2018-06-04,129.0,130.5500030517578,124.05000305175781,125.19999694824219,116.26522827148438,10341
2018-06-05,125.0,126.44999694824219,113.25,115.8499984741211,107.58248138427734,16663
2018-06-06,117.0,121.94999694824219,116.5,120.0999984741211,111.5291748046875,9405
2018-06-07,122.05000305175781,127.9000015258789,121.3499984741211,123.55000305175781,114.73297119140625,22633
2018-06-08,122.80000305175781,124.55000305175781,122.0,123.0,114.22222137451172,3389
2018-06-11,123.4000015258789,127.5,123.4000015258789,124.5999984741211,115.70803833007812,5336
2018-06-12,124.5999984741211,129.64999389648438,123.30000305175781,126.05000305175781,117.05457305908203,16877
2018-06-13,127.9000015258789,132.39999389648438,127.0,128.60000610351562,119.42259216308594,44902
2018-06-14,129.3000030517578,131.75,125.19999694824219,128.8000030517578,119.60831451416016,9805
2018-06-15,128.39999389648438,132.0,127.0999984741211,128.3000030517578,119.14399719238281,5568
2018-06-18,128.0,128.0,123.44999694824219,124.19999694824219,115.33657836914062,10077
2018-06-19,126.44999694824219,126.44999694824219,122.0,122.0999984741211,113.3864517211914,4483
2018-06-20,122.1500015258789,126.05000305175781,122.1500015258789,122.80000305175781,114.03650665283203,9794
2018-06-21,124.94999694824219,130.0,121.55000305175781,122.55000305175781,113.8043441772461,11994
2018-06-22,122.25,124.19999694824219,121.0,122.0999984741211,113.3864517211914,7847
2018-06-25,121.5,123.80000305175781,120.05000305175781,121.94999694824219,113.24716186523438,8869
2018-06-26,122.25,122.25,118.0,118.55000305175781,110.08979034423828,8296
2018-06-27,118.05000305175781,120.5,112.0999984741211,113.30000305175781,105.2144546508789,11986
2018-06-28,113.0,114.5999984741211,111.0,111.80000305175781,103.82150268554688,5144
2018-06-29,113.44999694824219,122.69999694824219,112.0,117.25,108.88257598876953,23733
2018-07-02,116.5,119.94999694824219,113.0,116.3499984741211,108.04678344726562,5110
2018-07-03,115.1500015258789,120.0,114.0999984741211,118.44999694824219,109.9969253540039,15280
2018-07-04,119.94999694824219,121.80000305175781,117.0,117.5999984741211,109.20759582519531,9097
2018-07-05,122.0,124.5,120.0999984741211,122.3499984741211,113.61861419677734,66922
2018-07-06,127.94999694824219,127.94999694824219,121.69999694824219,122.44999694824219,113.71147155761719,17004
2018-07-09,124.80000305175781,126.0,122.5,122.8499984741211,114.08293151855469,19770
2018-07-10,123.30000305175781,125.8499984741211,122.05000305175781,122.4000015258789,113.6650619506836,15609
2018-07-11,122.0999984741211,124.44999694824219,121.19999694824219,121.6500015258789,112.96856689453125,6887
2018-07-12,122.1500015258789,123.0,117.30000305175781,119.30000305175781,110.7862777709961,12169
2018-07-13,121.69999694824219,121.69999694824219,115.5999984741211,116.0,107.72177124023438,5342
2018-07-16,117.0,117.0,111.19999694824219,112.3499984741211,104.33224487304688,6204
2018-07-17,113.9000015258789,115.0,110.0999984741211,112.5999984741211,104.56440734863281,11418
2018-07-18,113.9000015258789,117.5999984741211,111.0,113.8499984741211,105.72521209716797,14422
2018-07-19,115.55000305175781,115.55000305175781,113.0999984741211,114.0999984741211,105.9573745727539,6728
2018-07-20,114.44999694824219,118.0,111.6500015258789,112.1500015258789,104.14653015136719,25878
2018-07-23,112.25,115.69999694824219,111.19999694824219,113.80000305175781,105.67877960205078,7405
2018-07-24,114.0,118.69999694824219,114.0,116.9000015258789,108.55755615234375,14728
2018-07-25,117.69999694824219,122.0,117.0,120.05000305175781,111.48274993896484,16024
2018-07-26,117.9000015258789,122.0,117.6500015258789,118.19999694824219,109.76476287841797,8764
2018-07-27,118.44999694824219,121.80000305175781,118.4000015258789,120.44999694824219,111.85420227050781,7859
2018-07-30,121.5,128.5,120.69999694824219,124.8499984741211,115.94019317626953,44937
2018-07-31,126.4000015258789,128.60000610351562,120.0,120.9000015258789,112.27208709716797,54293
2018-08-01,122.6500015258789,122.80000305175781,118.9000015258789,119.75,111.20417022705078,11110
2018-08-02,119.19999694824219,124.44999694824219,117.69999694824219,120.5999984741211,113.17487335205078,26514
2018-08-03,122.3499984741211,130.6999969482422,121.19999694824219,125.69999694824219,117.96086883544922,150792
2018-08-06,124.05000305175781,126.5,121.5,122.0999984741211,114.58251953125,19944
2018-08-07,128.3000030517578,128.89999389648438,124.4000015258789,125.30000305175781,117.58550262451172,67348
2018-08-08,126.19999694824219,126.19999694824219,121.5999984741211,121.80000305175781,114.30099487304688,23126
2018-08-09,123.8499984741211,123.8499984741211,121.30000305175781,121.9000015258789,114.39483642578125,11909
2018-08-10,121.8499984741211,124.0999984741211,118.4000015258789,118.9000015258789,111.57954406738281,53892
2018-08-13,116.30000305175781,117.94999694824219,114.30000305175781,115.5999984741211,108.48271179199219,7694
2018-08-14,116.55000305175781,116.55000305175781,113.5999984741211,115.4000015258789,108.29502868652344,12192
2018-08-16,114.30000305175781,116.0,114.25,114.94999694824219,107.87271881103516,5239
2018-08-17,116.44999694824219,117.94999694824219,115.0,115.30000305175781,108.2011947631836,14394
2018-08-20,115.5,116.9000015258789,115.0,115.9000015258789,108.76425170898438,6076
2018-08-21,116.4000015258789,119.69999694824219,115.25,115.69999694824219,108.57654571533203,11291
2018-08-23,115.0,116.80000305175781,114.69999694824219,115.3499984741211,108.24811553955078,6623
2018-08-24,114.5,117.25,114.5,115.3499984741211,108.24811553955078,9460
2018-08-27,115.0,116.94999694824219,114.19999694824219,114.8499984741211,107.77887725830078,14106
2018-08-28,115.25,116.9000015258789,114.4000015258789,115.5,108.38886260986328,11045
2018-08-29,115.3499984741211,118.0,114.94999694824219,116.0999984741211,108.9519271850586,12212
2018-08-30,115.5,117.69999694824219,114.5,115.5,108.38886260986328,8776
2018-08-31,115.44999694824219,117.0,115.1500015258789,115.3499984741211,108.24811553955078,7240
2018-09-03,120.1500015258789,122.9000015258789,117.44999694824219,119.19999694824219,111.86106872558594,61643
2018-09-04,119.8499984741211,120.44999694824219,116.19999694824219,116.9000015258789,109.70268249511719,14208
2018-09-05,117.0,118.0,113.5999984741211,116.1500015258789,108.99885559082031,12400
2018-09-06,116.0,118.0,116.0,117.69999694824219,110.45340728759766,6333
2018-09-07,118.80000305175781,122.0,117.0,118.55000305175781,111.25109100341797,22540
2018-09-10,118.94999694824219,119.0,116.0999984741211,116.4000015258789,109.23346710205078,7922
2018-09-11,116.30000305175781,118.05000305175781,114.25,114.55000305175781,107.49735260009766,14931
2018-09-12,114.4000015258789,115.0,111.9000015258789,112.75,105.80817413330078,11668
2018-09-14,114.3499984741211,117.0,114.0999984741211,116.0,108.85808563232422,8871
2018-09-17,116.0,116.0,111.9000015258789,112.94999694824219,105.99585723876953,17069
2018-09-18,112.69999694824219,114.5,112.69999694824219,113.3499984741211,106.37124633789062,3599
2018-09-19,114.05000305175781,114.3499984741211,111.9000015258789,112.0,105.10436248779297,4609
2018-09-21,112.30000305175781,113.6500015258789,103.80000305175781,105.75,99.23915100097656,26575
2018-09-24,107.25,107.25,103.19999694824219,104.4000015258789,97.97227478027344,12842
2018-09-25,104.0,106.9000015258789,103.4000015258789,106.55000305175781,99.98991394042969,9158
2018-09-26,105.5,107.94999694824219,101.55000305175781,103.05000305175781,96.70539855957031,8335
2018-09-27,103.0,104.44999694824219,101.05000305175781,101.3499984741211,95.11005401611328,7279
2018-09-28,101.0,101.0,95.0,96.55000305175781,90.6055908203125,12960
2018-10-01,97.94999694824219,97.94999694824219,90.8499984741211,95.30000305175781,89.43254089355469,8700
2018-10-03,95.0,99.5,94.6500015258789,97.19999694824219,91.21556854248047,9587
2018-10-04,96.5,97.0,94.19999694824219,95.94999694824219,90.04253387451172,6692
2018-10-05,96.0,96.94999694824219,93.5999984741211,94.8499984741211,89.01024627685547,6080
2018-10-08,96.25,96.25,91.4000015258789,92.3499984741211,86.6641616821289,6225
2018-10-09,91.25,92.0,87.5,89.19999694824219,83.70811462402344,16854
2018-10-10,90.0,94.9000015258789,90.0,93.69999694824219,87.9310531616211,9852
2018-10-11,92.5,92.5,90.19999694824219,91.0999984741211,85.49112701416016,12030
2018-10-12,92.0,94.9000015258789,92.0,94.30000305175781,88.4941177368164,2988
2018-10-15,94.30000305175781,98.0,93.30000305175781,96.69999694824219,90.74634552001953,8023
2018-10-16,96.0,102.69999694824219,96.0,100.8499984741211,94.6408462524414,14775
2018-10-17,101.0999984741211,101.9000015258789,97.3499984741211,98.05000305175781,92.01323699951172,7289
2018-10-19,97.0,98.8499984741211,96.5,97.3499984741211,91.35633087158203,2101
2018-10-22,98.5,99.69999694824219,94.30000305175781,95.05000305175781,89.19793701171875,6347
2018-10-23,94.0,95.6500015258789,92.19999694824219,92.5999984741211,86.8987808227539,2727
2018-10-24,93.5999984741211,95.5,92.0999984741211,94.55000305175781,88.72872161865234,4030
2018-10-25,93.80000305175781,93.80000305175781,90.80000305175781,91.8499984741211,86.19496154785156,8639
2018-10-26,92.80000305175781,93.0,89.75,90.30000305175781,84.74039459228516,7044
2018-10-29,91.0,91.94999694824219,90.1500015258789,91.25,85.63188934326172,10687
2018-10-30,92.0,92.6500015258789,91.55000305175781,91.6500015258789,86.00727081298828,4576
2018-10-31,91.5999984741211,92.5,90.19999694824219,92.0,86.3357162475586,5950
2018-11-01,91.6500015258789,100.5,91.6500015258789,97.1500015258789,91.16864776611328,67474
2018-11-02,98.0,99.30000305175781,96.0,96.44999694824219,90.51174926757812,15673
2018-11-05,96.25,96.6500015258789,93.1500015258789,93.80000305175781,88.02489471435547,10011
2018-11-06,94.9000015258789,96.0,94.0999984741211,94.8499984741211,89.01024627685547,8110
2018-11-07,96.9000015258789,98.4000015258789,96.0,97.05000305175781,91.0748062133789,10501
2018-11-09,96.5,99.0,96.5,98.1500015258789,92.1070785522461,7104
2018-11-12,99.25,102.0,97.0,98.44999694824219,92.38861083984375,15997
2018-11-13,106.0,116.4000015258789,103.5999984741211,110.3499984741211,103.55594635009766,351243
2018-11-14,110.9000015258789,110.9000015258789,103.0,104.19999694824219,97.78458404541016,47694
2018-11-15,105.0,105.0,101.94999694824219,103.0999984741211,96.7523193359375,12604
2018-11-16,104.55000305175781,105.0,101.5999984741211,103.4000015258789,97.03385162353516,12237
2018-11-19,104.6500015258789,104.6500015258789,101.25,102.69999694824219,96.37694549560547,9265
2018-11-20,103.0,103.0,100.6500015258789,101.05000305175781,94.82853698730469,8945
2018-11-21,101.0,102.30000305175781,99.19999694824219,99.4000015258789,93.28012084960938,8250
2018-11-22,100.0,104.4000015258789,99.0999984741211,101.19999694824219,94.96929168701172,22212
2018-11-26,102.0,103.30000305175781,99.55000305175781,102.0,95.72003936767578,9671
2018-11-27,101.0,102.80000305175781,101.0,101.3499984741211,95.11005401611328,2128
2018-11-28,100.55000305175781,103.30000305175781,99.05000305175781,99.5,93.37396240234375,6082
2018-11-29,99.5,101.5999984741211,97.75,98.19999694824219,92.15399169921875,8560
2018-11-30,99.3499984741211,101.4000015258789,98.5,98.9000015258789,92.81089782714844,12454
2018-12-03,100.25,100.5,98.0,98.4000015258789,92.34169006347656,3895
2018-12-04,98.25,99.30000305175781,97.8499984741211,98.0999984741211,92.06014251708984,3654
2018-12-05,98.05000305175781,98.9000015258789,95.5999984741211,97.30000305175781,91.30941772460938,8038
2018-12-06,96.80000305175781,98.9000015258789,95.44999694824219,97.25,91.26248931884766,7150
2018-12-07,97.05000305175781,98.05000305175781,96.25,97.0999984741211,91.12171173095703,3789
2018-12-10,97.0999984741211,97.0999984741211,94.55000305175781,94.8499984741211,89.01024627685547,2187
2018-12-11,95.55000305175781,97.0999984741211,92.4000015258789,94.9000015258789,89.05717468261719,5069
2018-12-12,96.19999694824219,98.0,94.75,96.55000305175781,90.6055908203125,5631
2018-12-13,98.6500015258789,99.9000015258789,97.3499984741211,97.55000305175781,91.54401397705078,3757
2018-12-14,97.1500015258789,98.94999694824219,97.05000305175781,97.5,91.4970932006836,4051
2018-12-17,100.6500015258789,114.30000305175781,100.0,107.69999694824219,101.069091796875,497258
2018-12-18,107.0,107.0,103.25,104.30000305175781,97.87843322753906,26378
2018-12-19,103.5999984741211,105.19999694824219,101.4000015258789,103.25,96.89307403564453,10520
2018-12-20,102.8499984741211,106.80000305175781,102.0,104.5,98.06612396240234,10738
2018-12-21,104.30000305175781,104.94999694824219,102.05000305175781,102.8499984741211,96.51771545410156,8272
2018-12-24,102.5,103.6500015258789,99.0,101.25,95.0162124633789,11000
2018-12-26,101.1500015258789,101.19999694824219,98.0999984741211,99.0,92.90474700927734,21485
2018-12-27,100.3499984741211,100.3499984741211,98.94999694824219,99.0999984741211,92.99858856201172,4844
2018-12-28,100.0,111.0,99.25,105.94999694824219,99.42684173583984,218612
2018-12-31,105.8499984741211,107.30000305175781,103.30000305175781,103.8499984741211,97.45614624023438,13596
2019-01-01,104.0,104.55000305175781,102.25,102.6500015258789,96.33002471923828,11043
2019-01-02,101.8499984741211,107.9000015258789,101.05000305175781,103.4000015258789,97.03385162353516,41024
2019-01-03,103.69999694824219,105.4000015258789,101.19999694824219,101.6500015258789,95.39159393310547,10744
2019-01-04,102.0,103.0,101.19999694824219,101.5999984741211,95.34467315673828,8803
2019-01-07,103.0,104.44999694824219,101.5,102.4000015258789,96.09541320800781,8968
2019-01-08,102.0,103.19999694824219,101.19999694824219,102.1500015258789,95.86080932617188,2544
2019-01-09,103.8499984741211,122.55000305175781,101.5,120.05000305175781,112.65872955322266,649281
2019-01-10,126.0,132.0,122.6500015258789,124.5,116.83475494384766,1408020
2019-01-11,122.19999694824219,124.30000305175781,118.55000305175781,122.05000305175781,114.53559875488281,248022
2019-01-14,121.5,121.5,113.30000305175781,115.75,108.62347412109375,53159
2019-01-15,114.19999694824219,125.9000015258789,114.19999694824219,120.4000015258789,112.98719024658203,204678
2019-01-16,121.05000305175781,123.69999694824219,118.0,119.0999984741211,111.76722717285156,59604
2019-01-17,123.0,123.0,115.0,116.6500015258789,109.46806335449219,38028
2019-01-18,122.19999694824219,124.5,118.0999984741211,118.75,111.43876647949219,183708
2019-01-21,119.44999694824219,119.8499984741211,115.19999694824219,115.6500015258789,108.52962493896484,24150
2019-01-22,115.4000015258789,117.80000305175781,112.19999694824219,113.25,106.27739715576172,27953
2019-01-23,112.80000305175781,114.0999984741211,111.0,111.5999984741211,104.72897338867188,20743
2019-01-24,112.1500015258789,112.55000305175781,107.5,108.8499984741211,102.14830017089844,15399
2019-01-25,109.44999694824219,112.6500015258789,104.4000015258789,105.19999694824219,98.72301483154297,20817
2019-01-28,106.0999984741211,107.1500015258789,100.44999694824219,103.94999694824219,97.54998016357422,31719
2019-01-29,103.55000305175781,106.1500015258789,101.0,104.0999984741211,97.69073486328125,16032
2019-01-30,105.0999984741211,108.9000015258789,104.0,105.30000305175781,98.81686401367188,24027
2019-01-31,106.75,109.05000305175781,104.0,106.3499984741211,99.80221557617188,12998
2019-02-01,107.5,107.5,103.05000305175781,103.44999694824219,97.08076477050781,13882
2019-02-04,103.05000305175781,105.0,101.5,102.5999984741211,96.28308868408203,13910
2019-02-05,100.69999694824219,103.4000015258789,100.69999694824219,102.19999694824219,95.90772247314453,9285
2019-02-06,101.5,103.0,96.3499984741211,97.6500015258789,91.63786315917969,30295
2019-02-07,98.0,107.0,98.0,102.9000015258789,96.56463623046875,43909
2019-02-08,102.94999694824219,105.4000015258789,101.5999984741211,103.4000015258789,97.03385162353516,14874
2019-02-11,107.94999694824219,107.94999694824219,99.0,99.5,93.37396240234375,22303
2019-02-12,100.0,100.5999984741211,98.55000305175781,99.1500015258789,93.0455093383789,8276
2019-02-14,100.80000305175781,100.80000305175781,98.5,99.5,93.37396240234375,6081
2019-02-15,101.69999694824219,102.0,97.0999984741211,97.69999694824219,91.68478393554688,7787
2019-02-18,98.25,98.8499984741211,96.0,96.80000305175781,90.84020233154297,5918
2019-02-19,97.94999694824219,99.5,96.5,98.44999694824219,92.38861083984375,11367
2019-02-20,98.6500015258789,100.0,97.19999694824219,99.19999694824219,93.09242248535156,16519
2019-02-21,98.6500015258789,100.9000015258789,98.55000305175781,99.5999984741211,93.4677963256836,6846
2019-02-22,99.1500015258789,102.9000015258789,99.0999984741211,100.9000015258789,94.68777465820312,20665
2019-02-25,100.5,104.5,100.5,104.0,97.5969009399414,20452
2019-02-26,102.0,103.6500015258789,99.5,101.6500015258789,95.39159393310547,17593
2019-02-27,103.30000305175781,104.4000015258789,100.25,100.94999694824219,94.73468780517578,14095
2019-02-28,102.0,102.9000015258789,101.5999984741211,102.05000305175781,95.7669677734375,3779
2019-03-01,103.44999694824219,105.9000015258789,102.0,103.94999694824219,97.54998016357422,18231
2019-03-05,104.80000305175781,107.9000015258789,104.30000305175781,106.1500015258789,99.61454010009766,23913
2019-03-06,107.0999984741211,122.9000015258789,106.3499984741211,114.3499984741211,107.3096694946289,197329
2019-03-07,116.0,118.80000305175781,112.5999984741211,113.69999694824219,106.69969177246094,29335
2019-03-08,115.4000015258789,115.9000015258789,112.05000305175781,112.5,105.57357025146484,18419
2019-03-11,114.0,116.69999694824219,112.0999984741211,114.25,107.21583557128906,24230
2019-03-12,116.0,125.8499984741211,114.4000015258789,124.55000305175781,116.88168334960938,227250
2019-03-13,124.0,139.0,119.94999694824219,127.5,119.6500473022461,638281
2019-03-14,129.4499969482422,129.89999389648438,124.80000305175781,125.5,117.773193359375,148492
2019-03-15,125.0,127.80000305175781,120.4000015258789,121.69999694824219,114.20713806152344,40036
2019-03-18,123.4000015258789,123.4000015258789,118.0999984741211,118.55000305175781,111.25109100341797,20944
2019-03-19,117.44999694824219,120.5,116.5,117.94999694824219,110.68801879882812,21935
2019-03-20,118.0,118.80000305175781,113.6500015258789,114.0999984741211,107.0750732421875,25808
2019-03-22,114.0999984741211,117.8499984741211,113.9000015258789,115.05000305175781,107.9665756225586,30065
2019-03-25,114.9000015258789,115.0,112.05000305175781,113.3499984741211,106.37124633789062,11553
2019-03-26,114.69999694824219,122.0,112.3499984741211,118.5,111.20417022705078,46188
2019-03-27,120.0,121.5,110.94999694824219,111.80000305175781,104.91666412353516,86867
2019-03-28,113.4000015258789,115.9000015258789,112.4000015258789,114.94999694824219,107.87271881103516,56577
2019-04-01,117.6500015258789,119.69999694824219,116.5,117.05000305175781,109.84342956542969,33194
2019-04-02,118.44999694824219,118.80000305175781,116.5,117.4000015258789,110.17190551757812,16045
2019-04-03,118.80000305175781,119.0,117.0999984741211,117.4000015258789,110.17190551757812,12905
2019-04-04,117.19999694824219,117.6500015258789,115.3499984741211,115.69999694824219,108.57654571533203,16645
2019-04-05,115.8499984741211,117.80000305175781,115.55000305175781,116.5,109.32730102539062,12496
2019-04-08,117.3499984741211,118.0,114.19999694824219,115.25,108.15425872802734,12181
2019-04-09,116.5999984741211,116.5999984741211,113.55000305175781,114.25,107.21583557128906,7817
2019-04-10,115.05000305175781,116.94999694824219,113.55000305175781,114.75,107.68504333496094,16312
2019-04-11,115.5,117.0999984741211,114.25,115.55000305175781,108.435791015625,9306
2019-04-12,125.0,126.0,118.0,119.75,112.377197265625,280854
2019-04-15,119.0,124.8499984741211,115.80000305175781,122.75,115.19249725341797,70307
2019-04-16,122.75,124.44999694824219,121.5,122.6500015258789,115.0986557006836,45103
2019-04-18,123.69999694824219,124.4000015258789,117.5,118.30000305175781,111.01648712158203,79251
2019-04-22,118.0,118.0,114.69999694824219,115.4000015258789,108.29502868652344,18745
2019-04-23,115.94999694824219,116.69999694824219,114.3499984741211,115.3499984741211,108.24811553955078,7793
2019-04-24,114.94999694824219,115.55000305175781,113.5,114.9000015258789,107.82581329345703,10919
2019-04-25,115.19999694824219,115.9000015258789,113.5,113.75,106.7466049194336,5869
2019-04-26,114.1500015258789,116.0,112.9000015258789,113.25,106.27739715576172,7392
2019-04-30,112.5,114.0,110.25,110.9000015258789,104.07208251953125,11177
2019-05-02,108.55000305175781,110.94999694824219,108.55000305175781,110.0999984741211,103.32133483886719,13632
2019-05-03,110.94999694824219,111.9000015258789,109.0,111.30000305175781,104.44745635986328,6371
2019-05-06,110.0,110.30000305175781,108.25,108.8499984741211,102.14830017089844,7958
2019-05-07,109.25,110.0,106.05000305175781,108.0,101.35062408447266,7279
2019-05-08,107.80000305175781,107.80000305175781,105.5,106.1500015258789,99.61454010009766,5895
2019-05-09,105.05000305175781,106.1500015258789,102.0999984741211,103.19999694824219,96.84614562988281,19919
2019-05-10,103.0,104.69999694824219,102.30000305175781,102.8499984741211,96.51771545410156,20305
2019-05-13,102.6500015258789,104.0999984741211,100.0,100.69999694824219,94.50008392333984,11341
2019-05-14,100.30000305175781,100.30000305175781,98.0999984741211,99.19999694824219,93.09242248535156,16145
2019-05-15,98.5999984741211,102.4000015258789,98.5999984741211,100.3499984741211,94.17162322998047,13811
2019-05-16,100.55000305175781,101.4000015258789,98.55000305175781,100.8499984741211,94.6408462524414,3884
2019-05-17,101.05000305175781,105.0,99.30000305175781,104.0,97.5969009399414,9230
2019-05-20,109.8499984741211,109.8499984741211,104.94999694824219,106.4000015258789,99.84913635253906,15548
2019-05-21,107.44999694824219,109.0,104.3499984741211,106.3499984741211,99.80221557617188,9062
2019-05-22,105.3499984741211,107.5,100.25,106.5999984741211,100.03681945800781,5660
2019-05-23,107.5,109.3499984741211,105.75,107.80000305175781,101.16294860839844,10915
2019-05-24,106.94999694824219,113.55000305175781,106.9000015258789,110.55000305175781,103.74362182617188,20080
2019-05-27,112.9000015258789,113.05000305175781,107.80000305175781,111.5,104.63513946533203,27051
2019-05-28,112.44999694824219,117.5999984741211,110.19999694824219,111.69999694824219,104.82281494140625,54405
2019-05-29,112.6500015258789,113.69999694824219,107.19999694824219,107.5,100.88140869140625,24246
2019-05-30,108.25,108.75,105.0,105.4000015258789,98.91070556640625,8312
2019-05-31,106.44999694824219,107.75,105.0,105.5999984741211,99.09839630126953,7960
2019-06-03,107.69999694824219,107.69999694824219,104.19999694824219,106.05000305175781,99.52069854736328,4459
2019-06-04,107.0,107.05000305175781,105.05000305175781,105.25,98.76993560791016,6913
2019-06-06,105.5999984741211,108.0,102.5,103.75,97.36229705810547,9905
2019-06-07,103.0,107.25,102.3499984741211,104.9000015258789,98.44149780273438,13789
2019-06-10,105.94999694824219,106.0,101.6500015258789,103.3499984741211,96.98692321777344,7935
2019-06-11,105.6500015258789,107.9000015258789,103.1500015258789,106.9000015258789,100.31835174560547,33403
2019-06-12,109.9000015258789,110.3499984741211,104.4000015258789,106.19999694824219,99.66143798828125,80915
2019-06-13,106.9000015258789,106.9000015258789,103.5999984741211,103.94999694824219,97.54998016357422,13932
2019-06-14,105.05000305175781,106.19999694824219,102.3499984741211,103.05000305175781,96.70539855957031,6453
2019-06-17,103.0,103.5,100.0999984741211,100.80000305175781,94.59391784667969,11183
2019-06-18,100.55000305175781,101.5,99.9000015258789,100.0999984741211,93.93701934814453,5418
2019-06-19,102.0999984741211,102.0999984741211,99.0999984741211,99.19999694824219,93.09242248535156,6775
2019-06-20,99.25,101.0,95.4000015258789,99.80000305175781,93.6554946899414,8111
2019-06-21,97.5,102.94999694824219,97.5,98.75,92.67013549804688,12570
2019-06-24,100.0,101.9000015258789,99.0,100.5999984741211,94.40623474121094,4666
2019-06-25,102.55000305175781,103.0,100.6500015258789,101.80000305175781,95.53235626220703,24266
2019-06-26,100.30000305175781,103.4000015258789,100.30000305175781,102.3499984741211,96.04849243164062,7558
2019-06-27,102.4000015258789,103.94999694824219,100.0999984741211,101.4000015258789,95.15697479248047,12618
2019-06-28,101.44999694824219,102.0,100.55000305175781,101.05000305175781,94.82853698730469,5883
2019-07-01,101.25,102.5999984741211,101.19999694824219,101.3499984741211,95.11005401611328,3112
2019-07-02,101.05000305175781,101.69999694824219,99.4000015258789,100.5999984741211,94.40623474121094,16884
2019-07-03,100.94999694824219,105.5,100.94999694824219,102.8499984741211,96.51771545410156,14549
2019-07-04,102.5999984741211,102.94999694824219,101.19999694824219,102.05000305175781,95.7669677734375,4724
2019-07-05,103.8499984741211,103.8499984741211,98.5,99.1500015258789,93.0455093383789,9479
2019-07-08,98.5999984741211,99.80000305175781,97.30000305175781,97.8499984741211,91.82555389404297,4676
2019-07-09,99.69999694824219,99.80000305175781,94.0999984741211,98.1500015258789,92.1070785522461,3585
2019-07-10,98.0999984741211,99.25,96.5,96.94999694824219,90.98096466064453,2257
2019-07-11,97.05000305175781,98.5,95.5,96.55000305175781,90.6055908203125,3993
2019-07-12,96.05000305175781,96.94999694824219,94.6500015258789,95.8499984741211,89.94868469238281,3796
2019-07-15,98.0,98.0,96.0,96.25,90.32405853271484,7336
2019-07-16,96.0999984741211,96.44999694824219,95.25,95.44999694824219,89.57330322265625,1464
2019-07-17,95.5,97.0999984741211,94.69999694824219,96.25,90.32405853271484,6393
2019-07-18,95.5,95.5,91.5,92.19999694824219,86.52340698242188,10388
2019-07-19,92.25,92.30000305175781,86.9000015258789,87.3499984741211,81.97200775146484,15157
2019-07-22,87.05000305175781,87.05000305175781,83.55000305175781,84.3499984741211,79.1567153930664,10890
2019-07-23,89.0,89.69999694824219,84.69999694824219,85.5999984741211,80.32976531982422,9911
2019-07-24,85.3499984741211,86.0,84.0,84.44999694824219,79.25055694580078,4101
2019-07-25,86.0,86.4000015258789,83.0999984741211,83.94999694824219,78.7813491821289,11674
2019-07-26,86.44999694824219,87.4000015258789,82.1500015258789,83.6500015258789,78.49981689453125,4995
2019-07-29,83.30000305175781,85.44999694824219,82.4000015258789,83.5999984741211,78.45289611816406,2930
2019-07-30,83.0,83.80000305175781,81.1500015258789,82.19999694824219,77.13909149169922,4937
2019-07-31,83.8499984741211,83.8499984741211,79.6500015258789,82.30000305175781,77.23294067382812,7089
2019-08-01,82.30000305175781,82.4000015258789,79.05000305175781,79.44999694824219,75.94253540039062,7054
2019-08-02,76.9000015258789,79.5999984741211,75.0999984741211,77.9000015258789,74.4609603881836,10963
2019-08-05,77.8499984741211,77.8499984741211,74.19999694824219,75.19999694824219,71.88015747070312,11168
2019-08-06,74.0,76.4000015258789,74.0,75.5999984741211,72.26249694824219,4305
2019-08-07,76.0,89.75,74.55000305175781,80.30000305175781,76.7550277709961,40288
2019-08-08,82.5,84.19999694824219,81.44999694824219,83.30000305175781,79.62257385253906,12780
2019-08-09,83.94999694824219,86.0,83.0,84.0999984741211,80.38724517822266,10365
2019-08-13,83.94999694824219,84.5,81.6500015258789,83.69999694824219,80.00492095947266,2769
2019-08-14,84.0,84.05000305175781,80.5999984741211,81.6500015258789,78.04541015625,10371
2019-08-16,81.30000305175781,81.30000305175781,78.69999694824219,79.75,76.22929382324219,6991
2019-08-19,78.0,82.0,78.0,80.4000015258789,76.85059356689453,8037
2019-08-20,80.94999694824219,81.0,78.44999694824219,79.19999694824219,75.70356750488281,4393
2019-08-21,79.0999984741211,79.94999694824219,76.0,76.25,72.88380432128906,8611
2019-08-22,76.0999984741211,77.0999984741211,73.30000305175781,74.05000305175781,70.78092956542969,5610
2019-08-23,74.0,77.94999694824219,71.19999694824219,75.9000015258789,72.54924774169922,6194
2019-08-26,73.5999984741211,79.94999694824219,72.94999694824219,78.55000305175781,75.082275390625,5479
2019-08-27,81.3499984741211,86.8499984741211,79.0,81.75,78.14099884033203,24981
2019-08-28,82.44999694824219,84.69999694824219,81.0,82.4000015258789,78.7623062133789,3207
2019-08-29,81.0,81.8499984741211,78.0,80.9000015258789,77.32852172851562,1505
2019-08-30,80.5999984741211,80.80000305175781,78.0,78.19999694824219,74.74771118164062,2567
2019-09-03,78.30000305175781,78.94999694824219,75.3499984741211,77.6500015258789,74.22200012207031,3153
2019-09-04,77.9000015258789,78.80000305175781,77.0,77.6500015258789,74.22200012207031,2858
2019-09-05,78.5,80.5,78.0,79.3499984741211,75.84695434570312,2695
2019-09-06,78.25,83.30000305175781,78.25,82.0999984741211,78.47555541992188,12757
2019-09-09,84.94999694824219,84.94999694824219,81.44999694824219,82.0,78.37995910644531,3262
2019-09-11,81.80000305175781,89.69999694824219,81.75,87.55000305175781,83.68495178222656,17346
2019-09-12,87.55000305175781,91.5,86.05000305175781,87.1500015258789,83.30259704589844,15815
2019-09-13,87.1500015258789,89.5,86.25,86.80000305175781,82.96805572509766,8296
2019-09-16,86.0,94.6500015258789,85.5,93.4000015258789,89.27668762207031,55674
2019-09-17,102.5,108.69999694824219,98.05000305175781,99.69999694824219,95.2985610961914,492636
2019-09-18,99.5,99.5,95.0999984741211,95.55000305175781,91.33177185058594,33488
2019-09-19,96.5,98.0,88.9000015258789,89.6500015258789,85.6922378540039,20657
2019-09-20,88.0,97.0,87.0,93.19999694824219,89.08551788330078,39527
2019-09-23,94.94999694824219,96.5999984741211,92.5,93.1500015258789,89.0377197265625,18081
2019-09-24,93.1500015258789,93.9000015258789,91.0,91.6500015258789,87.60394287109375,6716
2019-09-25,91.80000305175781,92.9000015258789,88.0,91.75,87.69952392578125,10463
2019-09-26,92.5999984741211,94.0,88.25,89.0,85.07093048095703,19051
2019-09-27,88.5999984741211,91.55000305175781,88.5999984741211,90.4000015258789,86.40912628173828,5546
2019-09-30,90.4000015258789,90.94999694824219,86.1500015258789,87.44999694824219,83.58935546875,4107
2019-10-01,87.05000305175781,89.44999694824219,85.0,85.55000305175781,81.77323150634766,5742
2019-10-03,85.94999694824219,86.25,84.05000305175781,85.25,81.48648071289062,5769
2019-10-04,84.69999694824219,86.9000015258789,84.0999984741211,84.94999694824219,81.19972229003906,7115
2019-10-07,84.05000305175781,85.5999984741211,83.30000305175781,83.8499984741211,80.14828491210938,2113
2019-10-09,84.8499984741211,84.9000015258789,82.05000305175781,84.0999984741211,80.38724517822266,7167
2019-10-10,84.05000305175781,84.1500015258789,81.80000305175781,82.1500015258789,78.5233383178711,10497
2019-10-11,83.25,83.3499984741211,79.0999984741211,81.3499984741211,77.75865173339844,13902
2019-10-14,80.55000305175781,83.94999694824219,80.5,81.5999984741211,77.99761962890625,7149
2019-10-15,81.94999694824219,81.94999694824219,79.6500015258789,80.19999694824219,76.65941619873047,13482
2019-10-16,80.19999694824219,81.9000015258789,80.0,80.75,77.18513488769531,4715
2019-10-17,81.8499984741211,88.25,80.69999694824219,87.0999984741211,83.25480651855469,17216
2019-10-18,93.25,93.25,88.1500015258789,89.6500015258789,85.6922378540039,49488
2019-10-22,89.6500015258789,89.94999694824219,85.5,86.5,82.6812973022461,10542
2019-10-23,86.44999694824219,87.5,83.0999984741211,84.8499984741211,81.1041488647461,8159
2019-10-24,84.44999694824219,87.8499984741211,84.30000305175781,86.9000015258789,83.06365203857422,7041
2019-10-25,86.05000305175781,87.5,84.1500015258789,86.0999984741211,82.29895782470703,4349
2019-10-27,87.0,87.69999694824219,86.5,87.05000305175781,83.20702362060547,1614
2019-10-29,86.0999984741211,88.5,84.25,87.9000015258789,84.01949310302734,7107
2019-10-30,87.8499984741211,88.4000015258789,86.1500015258789,87.1500015258789,83.30259704589844,7297
2019-10-31,87.9000015258789,88.75,87.19999694824219,88.4000015258789,84.49742126464844,5262
2019-11-01,88.3499984741211,97.1500015258789,87.0,93.8499984741211,89.70681762695312,42034
2019-11-04,96.0,110.69999694824219,94.5999984741211,100.19999694824219,95.7764892578125,237881
2019-11-05,100.69999694824219,100.69999694824219,96.0,97.1500015258789,92.86113739013672,15632
2019-11-06,95.05000305175781,97.0,92.94999694824219,94.25,90.08916473388672,12508
2019-11-07,93.05000305175781,100.94999694824219,93.05000305175781,95.55000305175781,91.33177185058594,18881
2019-11-08,95.75,96.4000015258789,93.5,93.94999694824219,89.80239868164062,11632
2019-11-11,95.0,95.0,92.55000305175781,93.94999694824219,89.80239868164062,6215
2019-11-13,94.94999694824219,95.44999694824219,90.05000305175781,92.05000305175781,87.98628234863281,28372
2019-11-14,91.25,93.0,88.44999694824219,89.8499984741211,85.8833999633789,17678
2019-11-15,89.1500015258789,92.94999694824219,89.0999984741211,92.05000305175781,87.98628234863281,11344
2019-11-18,93.0,93.0,91.5,91.94999694824219,87.89068603515625,9658
2019-11-19,92.05000305175781,92.9000015258789,91.5999984741211,92.1500015258789,88.08186340332031,6186
2019-11-20,91.1500015258789,97.30000305175781,90.4000015258789,95.80000305175781,91.57073974609375,48942
2019-11-21,97.0,98.0,93.25,95.1500015258789,90.94943237304688,43469
2019-11-22,94.0999984741211,97.80000305175781,94.05000305175781,96.5,92.23983001708984,13633
2019-11-25,96.05000305175781,98.0,96.0,96.0,91.76189422607422,7744
2019-11-26,97.3499984741211,97.4000015258789,95.55000305175781,96.0999984741211,91.85749053955078,7371
2019-11-27,96.94999694824219,96.94999694824219,95.80000305175781,95.80000305175781,91.57073974609375,8843
2019-11-28,95.0,98.0,94.94999694824219,96.1500015258789,91.90528106689453,8798
2019-11-29,97.3499984741211,97.4000015258789,96.0,96.5,92.23983001708984,4662
2019-12-02,97.0,97.0,94.25,94.55000305175781,90.37591552734375,2600
2019-12-03,94.05000305175781,95.0,90.05000305175781,90.9000015258789,86.88705444335938,12469
2019-12-04,91.05000305175781,94.0,90.9000015258789,92.1500015258789,88.08186340332031,5935
2019-12-05,92.9000015258789,92.94999694824219,89.19999694824219,90.25,86.2657470703125,5993
2019-12-06,89.0,90.9000015258789,88.55000305175781,89.0999984741211,85.16651916503906,4653
2019-12-09,88.8499984741211,89.94999694824219,87.1500015258789,88.0999984741211,84.21066284179688,7432
2019-12-10,88.8499984741211,88.9000015258789,85.1500015258789,85.4000015258789,81.62986755371094,10580
2019-12-11,85.55000305175781,86.8499984741211,85.5,86.19999694824219,82.39453887939453,4762
2019-12-12,86.3499984741211,87.8499984741211,85.75,86.80000305175781,82.96805572509766,2265
2019-12-13,87.69999694824219,89.0,86.44999694824219,88.19999694824219,84.3062515258789,4334
2019-12-16,89.9000015258789,89.9000015258789,87.0999984741211,87.94999694824219,84.0672836303711,2238
2019-12-17,87.5999984741211,90.5,87.30000305175781,89.75,85.7878189086914,4244
2019-12-18,89.0,92.75,89.0,91.19999694824219,87.17381286621094,9082
2019-12-19,91.94999694824219,92.0,89.0999984741211,89.3499984741211,85.40547943115234,1686
2019-12-20,89.0,91.0,88.94999694824219,89.05000305175781,85.11872863769531,6770
2019-12-23,88.6500015258789,89.9000015258789,88.5,88.9000015258789,84.97534942626953,1151
2019-12-24,88.94999694824219,89.0,87.6500015258789,87.94999694824219,84.0672836303711,2063
2019-12-26,88.8499984741211,93.3499984741211,87.55000305175781,90.25,86.2657470703125,18197
2019-12-27,89.19999694824219,93.0,89.19999694824219,92.5999984741211,88.51199340820312,18920
2019-12-30,93.55000305175781,95.4000015258789,92.75,94.1500015258789,89.99357604980469,38783
2019-12-31,93.05000305175781,93.8499984741211,92.1500015258789,92.8499984741211,88.7509536743164,4129
2020-01-01,92.05000305175781,93.5,90.4000015258789,91.55000305175781,87.50836181640625,3564
2020-01-02,91.05000305175781,104.0,90.4000015258789,102.8499984741211,98.30950164794922,133029
2020-01-03,104.94999694824219,107.0,100.0,102.4000015258789,97.87936401367188,78479
2020-01-06,107.30000305175781,108.80000305175781,100.5999984741211,102.30000305175781,97.78378295898438,184932
2020-01-07,102.5999984741211,104.8499984741211,95.55000305175781,96.80000305175781,92.5265884399414,49529
2020-01-08,96.0,96.75,94.0999984741211,95.6500015258789,91.42735290527344,24766
2020-01-09,96.9000015258789,102.0,96.8499984741211,98.19999694824219,93.86477661132812,27819
2020-01-10,98.05000305175781,102.0,97.0999984741211,98.0999984741211,93.76919555664062,21934
2020-01-13,98.5,104.4000015258789,98.1500015258789,101.69999694824219,97.21025848388672,45091
2020-01-14,102.69999694824219,102.69999694824219,98.25,98.6500015258789,94.294921875,21209
2020-01-15,100.75,100.75,97.05000305175781,97.55000305175781,93.24347686767578,22639
2020-01-16,98.5999984741211,99.9000015258789,98.0,98.9000015258789,94.53387451171875,8986
2020-01-17,98.6500015258789,101.94999694824219,97.4000015258789,99.80000305175781,95.39414978027344,20460
2020-01-20,99.8499984741211,101.75,97.0999984741211,97.30000305175781,93.00452423095703,9631
2020-01-21,97.30000305175781,103.9000015258789,96.30000305175781,99.3499984741211,94.96400451660156,31134
2020-01-22,101.8499984741211,102.44999694824219,97.5,98.05000305175781,93.72139739990234,8529
2020-01-23,98.5,98.9000015258789,97.0,97.8499984741211,93.53023529052734,10500
2020-01-24,97.5999984741211,107.0,97.5999984741211,103.94999694824219,99.3609390258789,187002
2020-01-27,102.5,105.5,101.0,102.5,97.97494506835938,32219
2020-01-28,102.9000015258789,103.30000305175781,100.05000305175781,100.30000305175781,95.8720703125,7908
2020-01-29,100.0,102.6500015258789,98.25,98.9000015258789,94.53387451171875,11315
2020-01-30,99.0,99.30000305175781,95.0,96.0999984741211,91.85749053955078,14256
2020-01-31,96.44999694824219,97.69999694824219,94.0999984741211,94.94999694824219,90.75824737548828,10494
2020-02-03,90.0999984741211,90.8499984741211,86.0999984741211,87.44999694824219,83.58935546875,27543
2020-02-04,88.5,94.75,87.55000305175781,93.80000305175781,89.65902709960938,29022
2020-02-05,94.80000305175781,95.19999694824219,92.5,92.9000015258789,88.79875946044922,11350
2020-02-06,93.6500015258789,95.5,93.5,93.80000305175781,89.65902709960938,8461
2020-02-07,95.0,95.9000015258789,92.30000305175781,92.5999984741211,88.51199340820312,8615
2020-02-10,93.05000305175781,93.75,90.19999694824219,92.3499984741211,88.27303314208984,8028
2020-02-11,93.0,99.9000015258789,91.55000305175781,92.1500015258789,88.08186340332031,110799
2020-02-12,95.0,95.0,90.75,91.6500015258789,87.60394287109375,23557
2020-02-13,91.94999694824219,93.44999694824219,91.94999694824219,92.3499984741211,88.27303314208984,14047
2020-02-14,93.5,93.5,91.5,91.55000305175781,87.50836181640625,10190
2020-02-17,91.5999984741211,93.0,90.0,90.19999694824219,86.21795654296875,5250
2020-02-18,90.05000305175781,92.0,85.5999984741211,88.05000305175781,84.1628646850586,10805
2020-02-19,91.3499984741211,91.3499984741211,81.8499984741211,85.19999694824219,81.43869018554688,32902
2020-02-20,83.5999984741211,87.25,83.19999694824219,84.25,80.53062438964844,30285
2020-02-24,84.25,85.9000015258789,81.19999694824219,82.5999984741211,78.95347595214844,14592
2020-02-25,83.0,83.75,80.80000305175781,81.1500015258789,77.5674819946289,12337
2020-02-26,80.94999694824219,82.9000015258789,80.0,80.5,76.94618225097656,7111
2020-02-27,81.44999694824219,81.44999694824219,79.0,79.80000305175781,76.2770767211914,17552
2020-02-28,78.5,78.5,76.0,77.0,73.60069274902344,11082
2020-03-02,79.9000015258789,79.9000015258789,74.0,74.80000305175781,71.49781799316406,15146
2020-03-03,76.0,77.3499984741211,73.0,73.94999694824219,70.68534088134766,13121
2020-03-04,74.05000305175781,75.0,73.3499984741211,74.0,70.7331314086914,8573
2020-03-05,75.9000015258789,76.5999984741211,73.75,75.94999694824219,72.59703826904297,4297
2020-03-06,73.75,73.75,69.75,72.0,68.82141876220703,14807
2020-03-09,72.05000305175781,72.05000305175781,66.8499984741211,68.25,65.23697662353516,14132
2020-03-11,70.80000305175781,70.80000305175781,68.30000305175781,69.9000015258789,66.81413269042969,4182
2020-03-12,67.94999694824219,69.5999984741211,60.0,61.04999923706055,58.354835510253906,24171
2020-03-13,56.04999923706055,62.0,49.20000076293945,58.75,56.1563720703125,25933
2020-03-16,60.0,60.0,56.20000076293945,57.04999923706055,54.53142166137695,10249
2020-03-17,56.79999923706055,59.900001525878906,54.25,55.79999923706055,53.33660125732422,19793
2020-03-18,60.0,60.0,53.0,54.650001525878906,52.23737335205078,10707
2020-03-19,51.04999923706055,54.900001525878906,47.0,52.20000076293945,49.89553451538086,9209
2020-03-20,52.95000076293945,56.849998474121094,52.25,56.29999923706055,53.814537048339844,10190
2020-03-23,56.0,56.0,49.099998474121094,50.29999923706055,48.07941436767578,8073
2020-03-24,50.900001525878906,52.0,50.0,50.70000076293945,48.461753845214844,3686
2020-03-25,49.04999923706055,50.70000076293945,49.0,49.95000076293945,47.74486541748047,2246
2020-03-26,49.04999923706055,52.849998474121094,49.0,50.599998474121094,48.36616897583008,5051
2020-03-27,55.75,55.75,49.150001525878906,50.5,48.27058410644531,5373
2020-03-30,52.45000076293945,53.0,46.0,48.70000076293945,46.550045013427734,14047
2020-03-31,50.900001525878906,51.900001525878906,49.25,51.0,48.748512268066406,5432
2020-04-01,50.099998474121094,52.0,50.0,51.5,49.22643280029297,4790
2020-04-03,52.5,52.900001525878906,51.099998474121094,51.900001525878906,49.60877990722656,3606
2020-04-07,52.900001525878906,55.900001525878906,51.0,54.849998474121094,52.42854690551758,6769
2020-04-08,54.0,58.0,54.0,54.900001525878906,52.47633361816406,11546
2020-04-09,58.5,59.900001525878906,55.04999923706055,59.0,56.39533615112305,8996
2020-04-13,59.150001525878906,60.099998474121094,56.5,56.95000076293945,54.43584060668945,7428
2020-04-15,59.95000076293945,65.5,56.04999923706055,62.25,59.50185775756836,29902
2020-04-16,62.0,74.30000305175781,62.0,68.69999694824219,65.66710662841797,57547
2020-04-17,81.80000305175781,82.4000015258789,75.0,77.25,73.83966064453125,428882
2020-04-20,81.0,83.0,79.5,80.19999694824219,76.65941619873047,146485
2020-04-21,79.0,79.0,74.55000305175781,74.80000305175781,71.49781799316406,23403
2020-04-22,74.80000305175781,77.8499984741211,65.94999694824219,73.19999694824219,69.96843719482422,28956
2020-04-23,72.25,74.5,72.0999984741211,73.55000305175781,70.3030014038086,14959
2020-04-24,74.5,75.5,72.0,73.0,69.77728271484375,13128
2020-04-27,73.4000015258789,74.0,70.25,71.69999694824219,68.53466796875,13988
2020-04-28,73.0,74.1500015258789,72.0,72.80000305175781,69.58611297607422,7648
2020-04-29,73.80000305175781,73.80000305175781,68.25,69.30000305175781,66.2406234741211,22554
2020-04-30,70.94999694824219,72.4000015258789,68.8499984741211,69.30000305175781,66.2406234741211,28736
2020-05-04,68.05000305175781,71.94999694824219,60.95000076293945,64.25,61.413570404052734,30899
2020-05-05,64.8499984741211,69.69999694824219,64.55000305175781,65.0,62.13045120239258,15096
2020-05-06,65.05000305175781,65.75,60.20000076293945,62.04999923706055,59.31068801879883,22223
2020-05-07,62.04999923706055,72.0,61.0,70.8499984741211,67.72219848632812,62174
2020-05-08,71.0,79.69999694824219,66.8499984741211,76.44999694824219,73.0749740600586,1183841
2020-05-11,74.69999694824219,74.69999694824219,68.19999694824219,69.05000305175781,66.00166320800781,223493
2020-05-12,69.05000305175781,69.05000305175781,65.0999984741211,67.05000305175781,64.08995819091797,46093
2020-05-13,69.5,72.0,65.0,69.19999694824219,66.14502716064453,134318
2020-05-14,69.0999984741211,70.80000305175781,66.44999694824219,68.0999984741211,65.09359741210938,69861
2020-05-15,66.80000305175781,70.0,66.80000305175781,67.94999694824219,64.95022583007812,27114
2020-05-18,68.05000305175781,69.80000305175781,63.04999923706055,63.75,60.935638427734375,40350
2020-05-19,64.19999694824219,68.0,63.25,63.54999923706055,60.74446487426758,21930
2020-05-20,64.9000015258789,64.9000015258789,62.5,64.0,61.17460632324219,13949
2020-05-21,63.29999923706055,65.9000015258789,63.20000076293945,63.70000076293945,60.88784408569336,14486
2020-05-22,63.95000076293945,64.4000015258789,62.599998474121094,62.79999923706055,60.0275764465332,16446
2020-05-26,62.29999923706055,64.9000015258789,62.29999923706055,62.54999923706055,59.78861999511719,8975
2020-05-27,61.599998474121094,70.19999694824219,61.599998474121094,67.4000015258789,64.42450714111328,156508
2020-05-28,69.80000305175781,69.80000305175781,65.80000305175781,66.4000015258789,63.468650817871094,16738
2020-05-29,66.75,78.4000015258789,65.9000015258789,68.75,65.71491241455078,1034407
2020-06-01,71.75,71.75,68.9000015258789,69.19999694824219,66.14502716064453,103177
2020-06-02,69.19999694824219,70.0,68.94999694824219,69.3499984741211,66.28841400146484,57762
2020-06-03,70.5,73.4000015258789,69.55000305175781,70.8499984741211,67.72219848632812,169417
2020-06-04,71.05000305175781,71.80000305175781,69.0,69.80000305175781,66.71854400634766,54154
2020-06-05,69.69999694824219,73.0,69.0999984741211,71.75,68.58246612548828,94425
2020-06-08,72.6500015258789,73.0999984741211,68.5999984741211,69.19999694824219,66.14502716064453,116214
2020-06-09,68.5999984741211,72.5,68.5,69.30000305175781,66.2406234741211,127244
2020-06-10,70.0,72.3499984741211,69.0,70.44999694824219,67.33984375,56725
2020-06-11,70.5,71.0,68.5999984741211,69.0,65.95386505126953,38006
2020-06-12,67.0999984741211,69.05000305175781,64.9000015258789,68.05000305175781,65.04581451416016,50520
2020-06-15,68.8499984741211,69.75,67.0,67.75,64.75904846191406,27878
2020-06-16,69.0,71.19999694824219,66.44999694824219,67.5,64.52008819580078,62478
2020-06-17,68.44999694824219,69.5999984741211,66.80000305175781,67.5999984741211,64.61566925048828,33780
2020-06-18,68.80000305175781,81.0999984741211,67.25,79.19999694824219,75.70356750488281,3107535
2020-06-19,79.94999694824219,79.94999694824219,73.5,73.80000305175781,70.5419692993164,303848
2020-06-22,73.94999694824219,78.80000305175781,72.0,74.5,71.21105194091797,226732
2020-06-23,74.05000305175781,78.25,74.05000305175781,76.25,72.88380432128906,112204
2020-06-24,76.0,81.4000015258789,74.8499984741211,75.25,71.92794036865234,239218
2020-06-25,75.4000015258789,77.6500015258789,74.0,75.0,71.68898010253906,62776
2020-06-26,78.0,79.5,77.0,77.3499984741211,73.93524169921875,179604
2020-06-29,77.0,79.0,75.0,76.55000305175781,73.1705551147461,109091
2020-06-30,77.0,78.75,75.0,75.30000305175781,71.97573852539062,101655
2020-07-01,75.5,76.25,75.05000305175781,75.94999694824219,72.59703826904297,29359
2020-07-02,81.69999694824219,82.0,76.94999694824219,77.5,74.07861328125,219238
2020-07-03,77.0,78.3499984741211,75.19999694824219,75.9000015258789,72.54924774169922,45629
2020-07-06,75.9000015258789,77.5,75.4000015258789,76.1500015258789,72.78822326660156,49795
2020-07-07,76.80000305175781,78.5999984741211,75.69999694824219,77.4000015258789,73.9830322265625,87760
2020-07-08,79.5,79.69999694824219,76.0,76.5999984741211,73.21835327148438,148370
2020-07-09,76.30000305175781,77.5999984741211,76.0,76.1500015258789,72.78822326660156,28324
2020-07-10,75.5999984741211,83.0,75.0,81.69999694824219,78.09320068359375,356260
2020-07-13,82.5,93.5,78.44999694824219,90.5,86.50470733642578,2426326
2020-07-14,87.4000015258789,89.9000015258789,83.8499984741211,85.30000305175781,81.5342788696289,279044
2020-07-15,85.4000015258789,86.5999984741211,80.5,81.6500015258789,78.04541015625,119427
2020-07-16,81.0,83.1500015258789,78.0,80.9000015258789,77.32852172851562,122790
2020-07-17,81.19999694824219,84.80000305175781,79.94999694824219,81.4000015258789,77.80644989013672,69015
2020-07-20,82.44999694824219,84.80000305175781,81.44999694824219,82.5999984741211,78.95347595214844,67399
2020-07-21,84.19999694824219,84.19999694824219,81.6500015258789,82.0,78.37995910644531,41977
2020-07-22,82.5,83.80000305175781,79.9000015258789,80.69999694824219,77.1373519897461,56146
2020-07-23,80.05000305175781,84.30000305175781,80.05000305175781,81.69999694824219,78.09320068359375,57531
2020-07-24,80.5,82.30000305175781,78.5,79.80000305175781,76.2770767211914,48108
2020-07-27,79.5,81.9000015258789,78.4000015258789,79.0999984741211,75.60797882080078,49220
2020-07-28,79.9000015258789,83.5,78.75,81.8499984741211,78.23657989501953,87562
2020-07-29,82.75,83.9000015258789,80.94999694824219,81.4000015258789,77.80644989013672,92065
2020-07-30,81.94999694824219,82.0,78.0,78.6500015258789,75.17784881591797,33632
2020-07-31,80.5,80.5,78.0999984741211,78.5999984741211,75.13005065917969,28924
2020-08-03,79.44999694824219,80.30000305175781,76.94999694824219,77.8499984741211,74.41316223144531,30851
2020-08-04,78.0,80.94999694824219,78.0,79.30000305175781,75.79914855957031,36663
2020-08-05,79.8499984741211,82.1500015258789,79.1500015258789,80.19999694824219,76.65941619873047,91167
2020-08-06,80.30000305175781,82.0,80.05000305175781,80.44999694824219,76.89839172363281,20902
2020-08-07,80.5999984741211,81.8499984741211,80.0999984741211,80.5,76.94618225097656,29701
2020-08-10,81.30000305175781,84.9000015258789,80.9000015258789,84.05000305175781,80.3394546508789,91338
2020-08-11,86.0,92.5,84.0,91.19999694824219,87.17381286621094,531451
2020-08-12,92.0,105.80000305175781,91.5,102.55000305175781,98.02274322509766,3369935
2020-08-13,101.0,101.0,96.0,96.8499984741211,92.57438659667969,226111
2020-08-14,97.05000305175781,98.0,92.4000015258789,92.8499984741211,88.7509536743164,145691
2020-08-17,94.94999694824219,94.94999694824219,88.94999694824219,91.05000305175781,87.03042602539062,89473
2020-08-18,91.30000305175781,94.69999694824219,91.30000305175781,92.80000305175781,88.70317840576172,62700
2020-08-19,93.6500015258789,94.5,93.0,93.4000015258789,89.27668762207031,49224
2020-08-20,93.0,93.5999984741211,92.0,92.55000305175781,88.4642105102539,44834
2020-08-21,92.0999984741211,97.0,92.0999984741211,94.05000305175781,89.89798736572266,96597
2020-08-24,97.25,98.5,95.0,95.30000305175781,91.09280395507812,108043
2020-08-25,96.44999694824219,97.0,93.5999984741211,94.5,90.328125,38239
2020-08-26,95.05000305175781,96.80000305175781,94.05000305175781,95.55000305175781,91.33177185058594,73176
2020-08-27,96.44999694824219,96.5,93.5,94.0999984741211,89.94578552246094,45144
2020-08-28,94.75,94.94999694824219,92.4000015258789,92.8499984741211,88.7509536743164,40092
2020-08-31,93.5,93.69999694824219,84.8499984741211,89.25,85.30989074707031,60974
2020-09-01,89.5,91.05000305175781,87.69999694824219,88.4000015258789,84.49742126464844,21612
2020-09-02,89.5,93.19999694824219,89.05000305175781,90.8499984741211,86.8392562866211,19149
2020-09-03,90.80000305175781,92.94999694824219,90.4000015258789,90.94999694824219,86.93484497070312,18011
2020-09-04,90.69999694824219,92.0,88.5,89.5,85.54885864257812,19164
2020-09-07,90.4000015258789,90.5,85.80000305175781,88.5,84.59300994873047,38687
2020-09-08,87.94999694824219,87.94999694824219,83.8499984741211,85.44999694824219,83.37338256835938,23178
2020-09-09,84.0999984741211,87.5,81.6500015258789,83.5999984741211,81.5683364868164,25754
2020-09-10,84.94999694824219,91.94999694824219,84.94999694824219,90.0999984741211,87.91038513183594,70318
2020-09-11,91.0,91.0,87.0,87.6500015258789,85.5199203491211,19990
2020-09-14,88.0,90.25,86.5999984741211,88.55000305175781,86.39804077148438,61363
2020-09-15,89.75,89.9000015258789,86.0,86.80000305175781,84.69058227539062,29017
2020-09-16,86.30000305175781,90.44999694824219,86.25,87.0999984741211,84.98329162597656,17896
2020-09-17,86.94999694824219,88.25,86.55000305175781,86.8499984741211,84.7393569946289,11284
2020-09-18,87.0999984741211,95.0,86.69999694824219,92.75,90.49597930908203,125244
2020-09-21,94.25,103.5,93.55000305175781,96.1500015258789,93.8133544921875,1616992
2020-09-22,94.0999984741211,95.19999694824219,90.30000305175781,91.5999984741211,89.37393188476562,86669
2020-09-23,91.9000015258789,96.19999694824219,91.9000015258789,93.5999984741211,91.32532501220703,50352
2020-09-24,90.4000015258789,93.44999694824219,87.4000015258789,89.4000015258789,87.2273941040039,43794
2020-09-25,90.0,91.6500015258789,89.4000015258789,90.4000015258789,88.20309448242188,77169
2020-09-28,91.5,92.0,89.5,90.94999694824219,88.7397232055664,23869
2020-09-29,91.94999694824219,92.44999694824219,89.1500015258789,89.94999694824219,87.76402282714844,21871
2020-09-30,90.25,91.44999694824219,89.0,89.69999694824219,87.52010345458984,18405
2020-10-01,90.1500015258789,92.9000015258789,89.30000305175781,90.0999984741211,87.91038513183594,24927
2020-10-05,90.19999694824219,90.94999694824219,89.05000305175781,89.44999694824219,87.27617645263672,16282
2020-10-06,90.3499984741211,99.80000305175781,88.44999694824219,96.8499984741211,94.49634552001953,171410
2020-10-07,100.80000305175781,103.9000015258789,90.8499984741211,91.75,89.52027893066406,524832
2020-10-08,93.0,98.5,92.5,94.6500015258789,92.34980010986328,134015
2020-10-09,94.0,94.6500015258789,91.69999694824219,92.19999694824219,89.95934295654297,35850
2020-10-12,91.5,93.75,86.8499984741211,88.94999694824219,86.78832244873047,57592
2020-10-13,89.5,91.55000305175781,89.0,89.94999694824219,87.76402282714844,23231
2020-10-14,90.44999694824219,90.5,87.80000305175781,88.44999694824219,86.30047607421875,28987
2020-10-15,89.4000015258789,89.80000305175781,86.5999984741211,86.8499984741211,84.7393569946289,30632
2020-10-16,87.9000015258789,88.44999694824219,86.5,86.69999694824219,84.59300994873047,19814
2020-10-19,87.44999694824219,88.6500015258789,86.0,86.6500015258789,84.54421997070312,29400
2020-10-20,86.94999694824219,101.0,86.5999984741211,98.1500015258789,95.76475524902344,698188
2020-10-21,95.0999984741211,95.4000015258789,91.19999694824219,92.5,90.25205993652344,107369
2020-10-22,92.30000305175781,92.30000305175781,90.5999984741211,91.0,88.78850555419922,27473
2020-10-23,91.30000305175781,93.75,91.05000305175781,92.0999984741211,89.86177825927734,42154
2020-10-26,92.4000015258789,92.9000015258789,88.69999694824219,89.1500015258789,86.98346710205078,43956
2020-10-27,88.6500015258789,92.1500015258789,88.6500015258789,89.9000015258789,87.71524047851562,32478
2020-10-28,90.5,91.5,88.0,88.8499984741211,86.69075775146484,31450
2020-10-29,89.0,90.30000305175781,87.5,88.5999984741211,86.44683837890625,20627
2020-10-30,90.0,90.80000305175781,87.0999984741211,88.44999694824219,86.30047607421875,21650
2020-11-02,89.6500015258789,90.30000305175781,88.30000305175781,88.94999694824219,86.78832244873047,12901
2020-11-03,89.80000305175781,90.25,88.0,88.25,86.10533905029297,9710
2020-11-04,88.5,90.80000305175781,87.5,88.3499984741211,86.2029037475586,27331
2020-11-05,89.8499984741211,95.5999984741211,89.0999984741211,94.30000305175781,92.00831604003906,154031
2020-11-06,95.5,103.4000015258789,95.5,100.8499984741211,98.39913177490234,1851745
2020-11-09,99.0999984741211,99.69999694824219,96.25,97.0999984741211,94.74026489257812,134554
2020-11-10,97.19999694824219,97.9000015258789,90.0,94.55000305175781,92.25224304199219,83249
2020-11-11,98.80000305175781,98.80000305175781,96.05000305175781,97.0,94.64269256591797,120512
2020-11-12,97.0,97.3499984741211,95.19999694824219,95.75,93.42306518554688,32409
2020-11-13,95.0,99.0,95.0,96.80000305175781,94.44756317138672,51996
2020-11-14,98.5,98.5,95.0999984741211,96.30000305175781,93.95970916748047,9775
2020-11-17,98.0,98.0,91.94999694824219,94.69999694824219,92.3985824584961,46523
2020-11-18,94.8499984741211,106.4000015258789,93.80000305175781,102.3499984741211,99.86267852783203,809740
2020-11-19,100.0,101.80000305175781,97.30000305175781,97.94999694824219,95.56961059570312,86900
2020-11-20,101.0,101.0,96.30000305175781,97.44999694824219,95.0817642211914,46189
2020-11-23,98.94999694824219,105.5,97.05000305175781,100.5,98.05762481689453,511933
2020-11-24,101.0,102.19999694824219,98.6500015258789,99.19999694824219,96.78922271728516,74831
2020-11-25,99.19999694824219,104.94999694824219,97.8499984741211,98.5999984741211,96.20381164550781,110588
2020-11-26,98.5999984741211,101.0,97.55000305175781,99.25,96.83802795410156,52103
2020-11-27,101.0,103.30000305175781,99.19999694824219,99.9000015258789,97.47222137451172,238824
2020-12-01,100.69999694824219,101.9000015258789,99.0,101.0999984741211,98.64305114746094,77468
2020-12-02,101.9000015258789,102.25,99.30000305175781,100.3499984741211,97.91129302978516,63571
2020-12-03,101.0,104.80000305175781,100.19999694824219,102.8499984741211,100.35052490234375,287759
2020-12-04,102.6500015258789,104.0,99.8499984741211,101.1500015258789,98.69185638427734,76090
2020-12-07,101.1500015258789,117.5,101.1500015258789,114.94999694824219,112.15646362304688,922444
2020-12-08,123.0,136.0,123.0,131.1999969482422,128.01158142089844,4950535
2020-12-09,127.80000305175781,127.80000305175781,121.30000305175781,122.8499984741211,119.8644790649414,336711
2020-12-10,126.94999694824219,126.94999694824219,109.9000015258789,117.0,114.15665435791016,267725
2020-12-11,117.0,123.94999694824219,115.55000305175781,120.30000305175781,117.37645721435547,181746
2020-12-14,124.5,124.5,118.69999694824219,120.8499984741211,117.9130859375,111036
2020-12-15,122.5,122.5,116.05000305175781,118.75,115.86412048339844,65203
2020-12-16,125.0,129.5,120.5,125.19999694824219,122.1573715209961,654051
2020-12-17,124.25,128.0,120.9000015258789,121.69999694824219,118.74243927001953,87725
2020-12-18,122.5,123.94999694824219,116.5999984741211,119.0,116.1080551147461,79466
2020-12-21,119.0,120.5999984741211,109.0,110.55000305175781,107.86341094970703,108338
2020-12-22,110.55000305175781,113.9000015258789,102.0,110.6500015258789,107.96097564697266,114493
2020-12-23,110.6500015258789,130.0,106.6500015258789,126.3499984741211,123.27942657470703,565672
2020-12-24,123.4000015258789,124.44999694824219,120.80000305175781,121.25,118.3033676147461,111186
2020-12-28,125.0,125.05000305175781,121.19999694824219,121.9000015258789,118.93757629394531,100358
2020-12-29,122.0,123.19999694824219,120.30000305175781,120.75,117.81552124023438,47296
2020-12-30,121.0,125.0,120.0,121.30000305175781,118.35215759277344,65247
2020-12-31,121.30000305175781,123.0,120.4000015258789,121.30000305175781,118.35215759277344,40786
2021-01-01,122.69999694824219,126.0,121.0,122.5999984741211,119.62055969238281,86487
2021-01-04,122.69999694824219,125.0,120.80000305175781,122.94999694824219,119.96205139160156,102076
2021-01-05,122.5,122.5,120.0,121.05000305175781,118.10823822021484,53484
2021-01-06,121.44999694824219,138.60000610351562,121.0999984741211,136.4499969482422,133.13397216796875,2363657
2021-01-07,136.9499969482422,136.9499969482422,132.0,133.14999389648438,129.91416931152344,409037
2021-01-08,135.0,135.0,128.5,130.0,126.8407211303711,139602
2021-01-11,130.89999389648438,130.89999389648438,125.0,126.5999984741211,123.52335357666016,102677
2021-01-12,127.0,130.10000610351562,123.8499984741211,126.19999694824219,123.13307189941406,85947
2021-01-13,129.4499969482422,129.4499969482422,125.25,126.6500015258789,123.57213592529297,57497
2021-01-14,126.0,132.10000610351562,125.0,127.75,124.64540100097656,105394
2021-01-15,129.75,129.75,123.44999694824219,124.5999984741211,121.57196807861328,93913
2021-01-18,124.69999694824219,124.94999694824219,121.5,122.55000305175781,119.57178497314453,50648
2021-01-19,124.0,127.0,123.3499984741211,124.80000305175781,121.76709747314453,64792
2021-01-20,126.5,126.5,123.0999984741211,123.75,120.74262237548828,39566
2021-01-21,125.19999694824219,127.9000015258789,122.05000305175781,123.0999984741211,120.10840606689453,67454
2021-01-22,124.5,124.5,120.30000305175781,120.8499984741211,117.9130859375,55363
2021-01-25,121.19999694824219,122.19999694824219,117.4000015258789,119.5999984741211,116.69346618652344,53474
2021-01-27,121.1500015258789,121.1500015258789,115.8499984741211,117.3499984741211,114.49815368652344,44019
2021-01-28,116.05000305175781,119.55000305175781,115.3499984741211,117.0,114.15665435791016,38549
2021-01-29,117.44999694824219,120.94999694824219,117.44999694824219,118.75,115.86412048339844,36106
2021-02-01,121.1500015258789,121.1500015258789,116.0999984741211,118.94999694824219,116.05925750732422,36256
2021-02-02,120.0,123.4000015258789,119.4000015258789,120.19999694824219,117.27888488769531,108313
2021-02-03,123.5999984741211,136.0,121.0999984741211,127.1500015258789,124.05998992919922,460141
2021-02-04,127.5,135.0,126.5999984741211,130.6999969482422,127.52372741699219,268389
2021-02-05,131.5500030517578,132.5,126.44999694824219,126.80000305175781,123.71849060058594,56368
2021-02-08,126.94999694824219,132.39999389648438,126.19999694824219,129.85000610351562,126.69437408447266,81273
2021-02-09,130.0,132.5,120.55000305175781,125.3499984741211,122.30371856689453,149033
2021-02-10,125.94999694824219,127.30000305175781,123.5,123.9000015258789,120.88896942138672,41612
2021-02-11,126.9000015258789,128.8000030517578,123.0,125.0,121.96223449707031,57706
2021-02-12,126.94999694824219,126.94999694824219,122.44999694824219,123.05000305175781,120.05963134765625,42076
2021-02-15,123.19999694824219,127.80000305175781,119.0,121.44999694824219,118.4985122680664,78928
2021-02-16,122.0,124.6500015258789,122.0,122.30000305175781,119.3278579711914,28622
2021-02-17,122.44999694824219,128.89999389648438,121.69999694824219,127.5,124.40148162841797,155226
2021-02-18,127.5,129.75,125.44999694824219,126.25,123.18185424804688,78499
2021-02-19,126.19999694824219,134.6999969482422,126.19999694824219,130.0500030517578,126.88951110839844,533064
2021-02-22,130.5,133.0,125.0,126.30000305175781,123.23064422607422,65353
2021-02-23,126.55000305175781,128.85000610351562,124.0,125.5,122.45008850097656,40920
2021-02-24,126.8499984741211,128.85000610351562,124.0,125.05000305175781,122.01102447509766,49263
2021-02-25,126.1500015258789,130.8000030517578,126.0999984741211,126.75,123.66970825195312,106489
2021-02-26,126.0,127.69999694824219,123.0,124.75,121.71829986572266,74672
2021-03-01,127.3499984741211,127.3499984741211,124.55000305175781,125.25,122.20616149902344,47648
2021-03-02,129.14999389648438,129.14999389648438,125.30000305175781,126.3499984741211,123.27942657470703,63739
2021-03-03,126.69999694824219,129.10000610351562,126.0999984741211,126.5999984741211,123.52335357666016,56567
2021-03-04,125.9000015258789,128.64999389648438,124.9000015258789,126.3499984741211,123.27942657470703,41327
2021-03-05,127.80000305175781,127.80000305175781,124.30000305175781,124.75,121.71829986572266,30276
2021-03-08,125.9000015258789,127.0,124.0,125.25,122.20616149902344,28641
2021-03-09,125.94999694824219,128.0,123.0,124.3499984741211,121.3280258178711,39802
2021-03-10,124.4000015258789,132.4499969482422,124.0,127.05000305175781,123.96241760253906,283686
2021-03-12,128.0,130.0,124.25,125.05000305175781,122.01102447509766,58355
2021-03-15,125.44999694824219,126.19999694824219,121.55000305175781,123.80000305175781,120.79139709472656,55243
2021-03-16,123.94999694824219,125.19999694824219,122.0,122.55000305175781,119.57178497314453,34069
2021-03-17,121.55000305175781,125.9000015258789,118.4000015258789,119.5,116.59590148925781,48854
2021-03-18,122.80000305175781,124.9000015258789,115.80000305175781,118.3499984741211,115.47383117675781,56707
2021-03-19,119.0,119.0,110.8499984741211,113.69999694824219,110.93685150146484,89281
2021-03-22,115.75,116.75,113.9000015258789,115.5999984741211,112.79067993164062,39504
2021-03-23,116.75,121.3499984741211,115.6500015258789,117.5,114.6445083618164,111838
2021-03-24,117.44999694824219,118.44999694824219,112.19999694824219,114.05000305175781,111.2783432006836,45467
2021-03-25,114.94999694824219,115.30000305175781,108.05000305175781,110.55000305175781,107.86341094970703,45855
2021-03-26,111.44999694824219,117.3499984741211,110.1500015258789,111.9000015258789,109.18059539794922,23699
2021-03-30,111.94999694824219,114.5,110.69999694824219,111.3499984741211,108.64395141601562,33190
2021-03-31,111.44999694824219,117.3499984741211,108.5,111.4000015258789,108.69274139404297,101365
2021-04-01,113.94999694824219,115.5,112.25,114.94999694824219,112.15646362304688,24147
2021-04-05,115.94999694824219,115.94999694824219,110.19999694824219,111.9000015258789,109.18059539794922,30738
2021-04-06,112.9000015258789,114.0,111.94999694824219,112.5,109.7660140991211,26936
2021-04-07,112.69999694824219,115.5999984741211,112.69999694824219,114.5,111.7174072265625,18174
2021-04-08,114.69999694824219,121.4000015258789,110.30000305175781,120.75,117.81552124023438,137504
2021-04-09,120.94999694824219,130.60000610351562,120.94999694824219,126.25,123.18185424804688,899418
2021-04-12,124.0,124.0,113.0,114.6500015258789,111.86376953125,97768
2021-04-13,113.1500015258789,119.8499984741211,113.1500015258789,118.05000305175781,115.18114471435547,35180
2021-04-15,117.5,117.5,114.30000305175781,115.9000015258789,113.08338928222656,27533
2021-04-16,118.94999694824219,118.94999694824219,115.94999694824219,116.4000015258789,113.57124328613281,19824
2021-04-19,112.0,113.69999694824219,111.0,112.69999694824219,109.96115112304688,20753
2021-04-20,113.94999694824219,114.69999694824219,111.5,112.3499984741211,109.6196517944336,29995
2021-04-22,114.5999984741211,114.5999984741211,109.80000305175781,113.8499984741211,111.08319854736328,22576
2021-04-23,113.8499984741211,116.0,111.6500015258789,113.9000015258789,111.13198852539062,25501
2021-04-26,114.19999694824219,116.55000305175781,114.19999694824219,115.30000305175781,112.49797821044922,15298
2021-04-27,115.55000305175781,121.4000015258789,115.25,117.94999694824219,115.08355712890625,54000
2021-04-28,118.0,123.0,118.0,119.4000015258789,116.49833679199219,49037
2021-04-29,121.9000015258789,121.94999694824219,117.0999984741211,118.19999694824219,115.3274917602539,18699
2021-04-30,119.05000305175781,119.1500015258789,116.0,117.05000305175781,114.20543670654297,22077
2021-05-03,116.1500015258789,120.0,116.1500015258789,118.3499984741211,115.47383117675781,31788
2021-05-04,120.80000305175781,120.80000305175781,118.0,118.0999984741211,115.22992706298828,25744
2021-05-05,118.1500015258789,119.69999694824219,116.5,117.0999984741211,114.25422668457031,29269
2021-05-06,118.9000015258789,119.0,117.0,117.4000015258789,114.54693603515625,14205
2021-05-07,117.69999694824219,125.5999984741211,117.6500015258789,120.8499984741211,117.9130859375,317283
2021-05-10,121.9000015258789,121.9000015258789,119.0999984741211,120.6500015258789,117.71794891357422,46550
2021-05-11,119.9000015258789,124.5,119.0,122.25,119.27906036376953,87139
2021-05-12,122.5,124.25,121.0,121.94999694824219,118.98635864257812,42427
2021-05-14,121.5,124.3499984741211,107.80000305175781,116.4000015258789,113.57124328613281,114465
2021-05-17,118.4000015258789,122.9000015258789,117.30000305175781,121.0999984741211,118.15701293945312,61522
2021-05-18,122.0,122.19999694824219,119.44999694824219,120.9000015258789,117.96187591552734,41297
2021-05-19,120.94999694824219,124.30000305175781,119.69999694824219,122.80000305175781,119.81571197509766,77374
2021-05-20,128.0,128.39999389648438,124.0999984741211,125.0999984741211,122.059814453125,274030
2021-05-21,125.0999984741211,127.9000015258789,123.30000305175781,123.5999984741211,120.59626007080078,41278
2021-05-24,122.25,127.9000015258789,122.25,125.5999984741211,122.54764556884766,116212
2021-05-25,126.44999694824219,127.5,116.4000015258789,123.5,120.49869537353516,78116
2021-05-26,122.0999984741211,133.0,119.9000015258789,126.94999694824219,123.86483764648438,602150
2021-05-27,127.80000305175781,144.5,126.25,141.5500030517578,138.11004638671875,2816328
2021-05-28,141.39999389648438,141.9499969482422,134.0500030517578,135.39999389648438,132.1094970703125,363344
2021-05-31,136.0,143.3000030517578,131.3000030517578,136.89999389648438,133.5730438232422,373671
2021-06-01,137.3000030517578,139.10000610351562,132.8000030517578,133.5500030517578,130.30445861816406,149228
2021-06-02,134.0,139.85000610351562,133.0,136.39999389648438,133.08517456054688,152396
2021-06-03,137.9499969482422,138.85000610351562,136.0,136.5500030517578,133.23155212402344,108084
2021-06-04,137.0,138.39999389648438,133.3000030517578,134.75,131.4752960205078,121265
2021-06-07,134.0,137.89999389648438,133.39999389648438,134.10000610351562,130.84109497070312,75467
2021-06-08,134.9499969482422,135.5500030517578,131.75,132.0500030517578,128.8408966064453,67078
2021-06-09,133.25,139.5,132.35000610351562,134.4499969482422,131.18258666992188,335995
2021-06-10,135.75,139.14999389648438,135.14999389648438,135.75,132.45098876953125,119544
2021-06-11,137.9499969482422,138.5,135.14999389648438,135.64999389648438,132.35342407226562,68063
2021-06-14,135.0,142.0500030517578,128.0,140.5,137.08555603027344,482782
2021-06-15,141.4499969482422,155.85000610351562,138.64999389648438,147.9499969482422,144.35452270507812,1883304
2021-06-16,148.8000030517578,149.85000610351562,143.1999969482422,145.1999969482422,141.6713409423828,160794
2021-06-17,144.0,148.3000030517578,141.25,145.64999389648438,142.1103973388672,167103
2021-06-18,147.0500030517578,147.0500030517578,132.4499969482422,143.5,140.01266479492188,173534
2021-06-21,140.89999389648438,145.0,136.85000610351562,142.6999969482422,139.23208618164062,110823
2021-06-22,144.39999389648438,144.75,138.10000610351562,140.0,136.59768676757812,104282
2021-06-23,140.9499969482422,143.6999969482422,138.0500030517578,139.5500030517578,136.15863037109375,65636
2021-06-24,140.0,154.8000030517578,140.0,142.5,139.03695678710938,165754
2021-06-25,143.64999389648438,143.64999389648438,139.5,140.14999389648438,136.74404907226562,49231
2021-06-28,141.35000610351562,144.89999389648438,140.0,141.64999389648438,138.20761108398438,57885
2021-06-29,140.5,154.39999389648438,140.5,150.3000030517578,146.64739990234375,501801
2021-06-30,151.0500030517578,164.0,150.0500030517578,154.5500030517578,150.79409790039062,1244847
2021-07-01,155.6999969482422,157.8000030517578,151.25,152.64999389648438,148.94027709960938,148266
2021-07-02,151.5,158.89999389648438,151.39999389648438,153.60000610351562,149.8671875,190887
2021-07-05,154.5,164.9499969482422,152.89999389648438,162.39999389648438,158.45333862304688,792255
2021-07-06,164.39999389648438,166.0,153.9499969482422,155.64999389648438,151.8673858642578,360862
2021-07-07,155.89999389648438,159.4499969482422,153.10000610351562,155.64999389648438,151.8673858642578,170712
2021-07-08,156.64999389648438,162.75,152.10000610351562,153.5500030517578,149.8184051513672,270038
2021-07-09,154.14999389648438,164.0,153.0,162.85000610351562,158.8924102783203,355686
2021-07-12,168.0,170.6999969482422,164.8000030517578,168.85000610351562,164.74661254882812,580806
2021-07-13,171.89999389648438,172.39999389648438,163.60000610351562,164.75,160.74623107910156,233781
2021-07-14,165.89999389648438,172.35000610351562,164.4499969482422,169.0500030517578,164.9417266845703,218572
2021-07-15,170.60000610351562,175.0,166.10000610351562,169.0,164.8929443359375,336337
2021-07-16,170.5,176.6999969482422,166.4499969482422,174.10000610351562,169.86900329589844,416816
2021-07-19,172.4499969482422,179.5500030517578,169.4499969482422,177.8000030517578,173.47909545898438,274206
2021-07-20,178.3000030517578,179.10000610351562,168.5,170.1999969482422,166.06378173828125,317581
2021-07-22,170.3000030517578,177.9499969482422,167.10000610351562,168.35000610351562,164.2587432861328,288501
2021-07-23,169.10000610351562,171.5,167.0,167.60000610351562,163.5269775390625,79513
2021-07-26,167.5,169.6999969482422,163.0,163.9499969482422,159.9656524658203,73019
2021-07-27,165.1999969482422,168.35000610351562,160.25,162.10000610351562,158.16061401367188,260618
2021-07-28,163.3000030517578,163.8000030517578,156.3000030517578,158.3000030517578,154.45297241210938,165588
2021-07-29,159.60000610351562,164.85000610351562,158.0500030517578,158.9499969482422,155.087158203125,178147
2021-07-30,159.0,162.75,157.25,158.9499969482422,156.5646514892578,156023
2021-08-02,160.0,164.8000030517578,159.5500030517578,162.14999389648438,159.7166290283203,189210
2021-08-03,163.5,166.14999389648438,162.14999389648438,163.85000610351562,161.39114379882812,183136
2021-08-04,163.85000610351562,166.6999969482422,158.0,158.75,156.36766052246094,114641
2021-08-05,159.0,159.4499969482422,153.3000030517578,154.60000610351562,152.27993774414062,179074
2021-08-06,154.64999389648438,164.10000610351562,154.64999389648438,161.3000030517578,158.87939453125,130348
2021-08-09,159.75,166.85000610351562,159.75,163.10000610351562,160.6523895263672,186300
2021-08-10,163.4499969482422,174.1999969482422,152.1999969482422,153.89999389648438,151.5904541015625,439767
2021-08-11,155.60000610351562,156.9499969482422,141.8000030517578,146.0500030517578,143.85826110839844,239251
2021-08-12,147.0,155.25,146.89999389648438,152.3000030517578,150.01446533203125,129030
2021-08-13,153.3000030517578,155.0,149.10000610351562,149.85000610351562,147.6012420654297,119936
2021-08-16,150.10000610351562,151.5,142.64999389648438,144.1999969482422,142.03599548339844,130504
2021-08-17,143.5,147.75,141.1999969482422,141.85000610351562,139.72128295898438,48144
2021-08-18,142.64999389648438,144.0,137.0500030517578,139.4499969482422,137.35728454589844,117983
2021-08-20,137.1999969482422,139.4499969482422,131.8000030517578,133.0,131.00408935546875,95012
2021-08-23,134.0,141.3000030517578,127.4000015258789,130.9499969482422,128.98486328125,191902
2021-08-24,130.3000030517578,135.0,128.0500030517578,133.89999389648438,131.89059448242188,153952
2021-08-25,136.0,139.3000030517578,132.6999969482422,134.10000610351562,132.0876007080078,68042
2021-08-26,135.0,139.0,134.0,137.4499969482422,135.38729858398438,87715
2021-08-27,137.4499969482422,140.0,136.25,137.14999389648438,135.09181213378906,66593
2021-08-30,138.10000610351562,141.0,138.10000610351562,140.5500030517578,138.4407958984375,85933
2021-08-31,142.0,145.8000030517578,139.89999389648438,142.39999389648438,140.2630157470703,125209
2021-09-01,143.39999389648438,148.0,141.35000610351562,144.3000030517578,142.134521484375,89489
2021-09-02,145.39999389648438,150.0,144.6999969482422,148.3000030517578,146.07449340820312,75936
2021-09-03,149.0,151.4499969482422,145.25,147.5500030517578,145.33575439453125,169619
2021-09-06,147.10000610351562,149.89999389648438,145.0,145.64999389648438,143.46426391601562,46518
2021-09-07,146.1999969482422,148.64999389648438,145.1999969482422,146.60000610351562,144.40000915527344,59798
2021-09-08,146.9499969482422,148.8000030517578,144.60000610351562,145.4499969482422,143.2672576904297,52171
2021-09-09,143.60000610351562,146.0,143.0,143.6999969482422,141.54351806640625,51572
2021-09-13,144.60000610351562,145.14999389648438,140.4499969482422,141.75,139.62278747558594,88186
2021-09-14,142.6999969482422,143.10000610351562,140.0500030517578,141.5500030517578,139.42578125,53008
2021-09-15,142.60000610351562,147.5,141.3000030517578,146.1999969482422,144.00601196289062,73575
2021-09-16,146.25,149.5,145.25,146.1999969482422,144.00601196289062,72699
2021-09-17,146.64999389648438,148.4499969482422,140.0,141.8000030517578,139.67202758789062,53053
2021-09-20,141.0,145.60000610351562,136.35000610351562,137.85000610351562,135.7812957763672,118385
2021-09-21,139.5,141.4499969482422,136.1999969482422,138.35000610351562,136.27381896972656,59153
2021-09-22,139.5500030517578,143.89999389648438,138.75,139.85000610351562,137.75131225585938,81984
2021-09-23,140.8000030517578,143.5500030517578,140.39999389648438,141.10000610351562,138.98255920410156,74241
2021-09-24,141.8000030517578,143.0,138.85000610351562,139.8000030517578,137.70205688476562,45929
2021-09-27,140.0,142.35000610351562,139.5500030517578,140.85000610351562,138.7362823486328,53938
2021-09-28,141.0,142.6999969482422,138.3000030517578,141.8000030517578,139.67202758789062,65812
2021-09-29,141.0,141.8000030517578,139.25,140.64999389648438,138.53927612304688,40708
2021-09-30,142.8000030517578,142.8000030517578,139.64999389648438,140.85000610351562,138.7362823486328,27476
2021-10-01,139.1999969482422,143.0,139.1999969482422,141.85000610351562,139.72128295898438,33119
2021-10-04,142.5,147.5,141.8000030517578,145.6999969482422,143.5135040283203,93649
2021-10-05,147.39999389648438,149.0,144.25,145.4499969482422,143.2672576904297,37321
2021-10-06,146.5,154.0,146.25,149.0,146.76397705078125,153314
2021-10-07,150.5,155.0,149.6999969482422,150.10000610351562,147.8474884033203,78484
2021-10-08,152.8000030517578,153.8000030517578,149.3000030517578,149.64999389648438,147.40423583984375,71928
2021-10-11,150.8000030517578,155.0,149.25,152.3000030517578,150.01446533203125,88355
2021-10-12,151.85000610351562,156.89999389648438,149.9499969482422,151.0,148.7339630126953,65514
2021-10-13,151.25,154.8000030517578,148.3000030517578,149.35000610351562,147.10874938964844,60480
2021-10-14,150.4499969482422,153.39999389648438,146.4499969482422,147.8000030517578,145.5819854736328,39339
2021-10-18,148.0,150.64999389648438,146.0500030517578,147.0,144.7939910888672,35774
2021-10-19,148.0,149.75,142.1999969482422,143.64999389648438,141.4942626953125,30851
2021-10-20,145.8000030517578,145.8000030517578,140.5,141.0500030517578,138.93328857421875,18058
2021-10-21,141.9499969482422,144.5,139.64999389648438,143.8000030517578,141.6420135498047,33552
2021-10-22,143.0,145.5,139.5,141.0500030517578,138.93328857421875,21892
2021-10-25,142.5,143.5,137.9499969482422,138.9499969482422,136.86480712890625,37226
2021-10-26,137.1999969482422,141.89999389648438,137.1999969482422,140.35000610351562,138.24380493164062,19858
2021-10-27,141.3000030517578,142.89999389648438,140.0,140.60000610351562,138.4900360107422,20837
2021-10-28,143.0,143.0,138.0500030517578,139.14999389648438,137.06179809570312,14721
2021-10-29,138.89999389648438,141.85000610351562,135.5500030517578,137.10000610351562,135.04257202148438,23667
2021-11-01,138.8000030517578,140.64999389648438,137.0,139.89999389648438,137.80055236816406,18085
2021-11-02,140.8000030517578,145.89999389648438,139.9499969482422,141.35000610351562,139.22877502441406,40505
2021-11-03,142.8000030517578,147.39999389648438,142.3000030517578,143.25,141.10025024414062,36898
2021-11-04,143.25,144.89999389648438,143.25,144.5,142.33151245117188,5457
2021-11-08,144.89999389648438,147.0,142.60000610351562,143.5500030517578,141.39576721191406,21279
2021-11-09,143.1999969482422,146.9499969482422,141.6999969482422,145.3000030517578,143.11952209472656,63817
2021-11-10,153.9499969482422,157.5,149.14999389648438,151.9499969482422,149.66970825195312,345898
2021-11-11,152.0,155.0,150.10000610351562,153.1999969482422,150.90093994140625,68843
2021-11-12,155.0,155.0,147.35000610351562,148.6999969482422,146.46849060058594,55656
2021-11-15,149.89999389648438,161.3000030517578,145.35000610351562,157.35000610351562,154.98867797851562,285369
2021-11-16,158.5,163.35000610351562,154.85000610351562,159.5,157.10641479492188,225849
2021-11-17,161.9499969482422,163.4499969482422,155.35000610351562,157.0500030517578,154.6931915283203,115955
2021-11-18,157.5,158.1999969482422,155.0,155.5,153.16644287109375,82913
2021-11-22,157.0,157.14999389648438,148.0,149.60000610351562,147.35496520996094,79792
2021-11-23,151.5,153.85000610351562,149.0,152.35000610351562,150.06370544433594,30174
2021-11-24,153.64999389648438,156.5,148.6999969482422,150.0,147.7489776611328,40596
2021-11-25,150.0,152.64999389648438,147.35000610351562,149.5,147.2564697265625,27992
2021-11-26,150.60000610351562,151.35000610351562,142.64999389648438,144.1999969482422,142.03599548339844,45988
2021-11-29,145.89999389648438,145.89999389648438,118.19999694824219,134.0,131.9890899658203,89489
2021-11-30,136.85000610351562,141.1999969482422,136.1999969482422,137.1999969482422,135.1410675048828,27871
2021-12-01,138.64999389648438,139.8000030517578,135.75,136.1999969482422,134.15606689453125,17495
2021-12-02,137.75,139.4499969482422,133.5,138.60000610351562,136.52005004882812,18235
2021-12-03,138.64999389648438,142.75,138.64999389648438,139.89999389648438,137.80055236816406,28396
2021-12-06,142.5,143.0500030517578,138.85000610351562,139.64999389648438,137.5542755126953,26376
2021-12-07,140.25,147.0,139.5,144.5,142.33151245117188,37642
2021-12-08,146.0,146.89999389648438,143.25,144.89999389648438,142.7255096435547,17404
2021-12-09,144.0,145.64999389648438,138.35000610351562,143.10000610351562,140.95252990722656,60137
2021-12-10,143.89999389648438,149.9499969482422,143.0,147.10000610351562,144.89251708984375,83564
2021-12-13,148.0500030517578,154.89999389648438,148.0500030517578,150.64999389648438,148.3892364501953,66030
2021-12-14,150.0,151.4499969482422,148.0500030517578,149.64999389648438,147.40423583984375,19222
2021-12-15,149.64999389648438,150.5500030517578,147.14999389648438,148.35000610351562,146.12374877929688,17316
2021-12-16,148.35000610351562,151.9499969482422,145.39999389648438,146.35000610351562,144.15374755859375,35251
2021-12-17,146.35000610351562,147.14999389648438,141.14999389648438,142.5500030517578,140.41078186035156,16667
2021-12-20,141.89999389648438,141.9499969482422,132.3000030517578,134.4499969482422,132.43234252929688,44834
2021-12-21,135.8000030517578,140.3000030517578,135.60000610351562,138.10000610351562,136.02757263183594,24387
2021-12-22,139.1999969482422,142.4499969482422,136.85000610351562,138.4499969482422,136.37229919433594,22093
2021-12-23,139.8000030517578,142.89999389648438,138.5,138.9499969482422,136.86480712890625,25877
2021-12-24,138.35000610351562,140.0,134.64999389648438,135.8000030517578,133.7620849609375,23128
2021-12-27,135.0,137.89999389648438,134.14999389648438,135.1999969482422,133.1710662841797,22052
2021-12-28,136.8000030517578,141.10000610351562,135.4499969482422,139.0,136.9140625,58841
2021-12-29,139.0,140.1999969482422,137.0,137.85000610351562,135.7812957763672,18710
2021-12-30,139.0,141.5,137.39999389648438,138.64999389648438,136.5692901611328,17844
2021-12-31,139.8000030517578,143.1999969482422,138.6999969482422,140.5,138.39154052734375,23143
2022-01-03,139.3000030517578,143.6999969482422,139.3000030517578,141.4499969482422,139.3272705078125,31812
2022-01-04,142.8000030517578,144.89999389648438,141.10000610351562,142.8000030517578,140.6570281982422,22268
2022-01-05,141.14999389648438,148.0500030517578,139.5,143.5,141.34652709960938,115902
2022-01-06,142.5500030517578,145.0,141.14999389648438,142.1999969482422,140.06600952148438,19581
2022-01-07,143.0,143.6999969482422,139.6999969482422,141.4499969482422,139.3272705078125,26882
2022-01-10,142.5,145.0500030517578,141.6999969482422,144.3000030517578,142.134521484375,28891
2022-01-11,144.0,148.5,142.25,146.1999969482422,144.00601196289062,41808
2022-01-12,149.0,166.8000030517578,149.0,158.39999389648438,156.0229034423828,749028
2022-01-13,159.64999389648438,163.75,152.89999389648438,159.5500030517578,157.15567016601562,165980
2022-01-14,158.9499969482422,160.8000030517578,155.35000610351562,156.3000030517578,153.95443725585938,66042
2022-01-17,156.3000030517578,172.0,156.3000030517578,165.5500030517578,163.0656280517578,670411
2022-01-18,166.1999969482422,167.39999389648438,157.10000610351562,158.75,156.36766052246094,137651
2022-01-19,159.6999969482422,162.85000610351562,157.0,160.0,157.59889221191406,100113
2022-01-20,160.3000030517578,170.35000610351562,159.0,160.8000030517578,158.3869171142578,272919
2022-01-21,160.6999969482422,163.0,155.5,157.10000610351562,154.74244689941406,67100
2022-01-24,161.0,161.0500030517578,142.5500030517578,145.25,143.07028198242188,82188
2022-01-25,142.0,152.64999389648438,139.8000030517578,150.5500030517578,148.29071044921875,45638
2022-01-27,145.0,152.14999389648438,145.0,149.89999389648438,147.6504669189453,28541
2022-01-28,152.89999389648438,154.75,149.39999389648438,150.0,147.7489776611328,44388
2022-01-31,152.8000030517578,153.3000030517578,147.0500030517578,148.64999389648438,146.41921997070312,25210
2022-02-01,150.1999969482422,152.0500030517578,147.60000610351562,150.5,148.24147033691406,34516
2022-02-02,151.8000030517578,155.3000030517578,151.5,153.35000610351562,151.0487060546875,29326
2022-02-03,159.9499969482422,173.8000030517578,157.9499969482422,165.1999969482422,162.72088623046875,577875
2022-02-04,166.4499969482422,173.0,165.14999389648438,166.3000030517578,163.8043670654297,249618
2022-02-07,169.4499969482422,171.39999389648438,165.39999389648438,166.14999389648438,163.65660095214844,79546
2022-02-08,168.0,168.0,160.3000030517578,162.0,159.56890869140625,60721
2022-02-09,164.39999389648438,170.89999389648438,164.0,166.35000610351562,163.85360717773438,195698
2022-02-10,166.0,166.0,157.85000610351562,161.1999969482422,158.78089904785156,158594
2022-02-11,161.4499969482422,163.25,157.5,159.0500030517578,156.6631622314453,68464
2022-02-14,157.85000610351562,157.9499969482422,145.4499969482422,146.8000030517578,144.5970001220703,86266
2022-02-15,149.8000030517578,153.89999389648438,142.5,149.35000610351562,147.10874938964844,84044
2022-02-16,151.0,152.6999969482422,145.9499969482422,147.3000030517578,145.08949279785156,74481
2022-02-17,149.8000030517578,150.89999389648438,145.1999969482422,146.6999969482422,144.49850463867188,37901
2022-02-18,147.10000610351562,148.35000610351562,144.10000610351562,144.89999389648438,142.7255096435547,20944
2022-02-21,144.0,146.14999389648438,140.0,141.60000610351562,140.20071411132812,24991
2022-02-22,138.5,150.25,136.10000610351562,142.4499969482422,141.0423126220703,100752
2022-02-23,142.75,148.0,142.25,143.35000610351562,141.9334259033203,36878
2022-02-24,136.0,138.9499969482422,130.60000610351562,131.9499969482422,130.6460723876953,78787
2022-02-25,133.1999969482422,141.5,133.1999969482422,138.39999389648438,137.03233337402344,23566
2022-02-28,138.10000610351562,142.8000030517578,134.6999969482422,139.64999389648438,138.2699737548828,44864
2022-03-02,141.0,144.6999969482422,139.35000610351562,141.14999389648438,139.75515747070312,28158
2022-03-03,142.39999389648438,144.5,138.6999969482422,139.64999389648438,138.2699737548828,20743
2022-03-04,138.39999389648438,140.0,136.6999969482422,138.64999389648438,137.27984619140625,19688
2022-03-07,137.10000610351562,137.10000610351562,130.35000610351562,132.25,130.94309997558594,34683
2022-03-08,131.39999389648438,135.0,131.0,133.10000610351562,131.78472900390625,39319
2022-03-09,133.8000030517578,139.89999389648438,132.5500030517578,138.75,137.37887573242188,52865
2022-03-10,141.5,142.75,137.35000610351562,138.10000610351562,136.73532104492188,39925
2022-03-11,138.0,140.9499969482422,135.5,140.0500030517578,138.66603088378906,17393
2022-03-14,140.8000030517578,141.4499969482422,138.60000610351562,139.85000610351562,138.468017578125,19610
2022-03-15,139.0500030517578,142.9499969482422,136.85000610351562,137.5,136.1412353515625,31838
2022-03-16,138.8000030517578,141.3000030517578,136.89999389648438,138.8000030517578,137.4283905029297,20578
2022-03-17,139.3000030517578,142.89999389648438,139.3000030517578,141.64999389648438,140.25021362304688,25480
2022-03-21,142.9499969482422,142.9499969482422,138.6999969482422,139.75,138.36900329589844,16939
2022-03-22,139.3000030517578,141.1999969482422,138.0,138.9499969482422,137.576904296875,26329
2022-03-23,140.64999389648438,145.4499969482422,139.10000610351562,142.5500030517578,141.14134216308594,78326
2022-03-24,141.85000610351562,144.14999389648438,140.4499969482422,141.60000610351562,140.20071411132812,24088
2022-03-25,140.10000610351562,143.0500030517578,139.35000610351562,140.75,139.35911560058594,21325
2022-03-28,141.8000030517578,141.8000030517578,138.4499969482422,138.9499969482422,137.576904296875,16904
2022-03-29,140.0500030517578,141.6999969482422,135.0,136.64999389648438,135.29962158203125,38029
2022-03-30,139.8000030517578,143.1999969482422,138.0500030517578,139.6999969482422,138.31948852539062,34765
2022-03-31,140.0500030517578,142.8000030517578,139.0,139.25,137.87393188476562,23622
2022-04-01,140.0,148.0,139.89999389648438,147.14999389648438,145.6958770751953,54908
2022-04-04,148.0500030517578,154.75,148.0500030517578,153.5,151.9831085205078,72314
2022-04-05,155.0,155.0,150.10000610351562,150.8000030517578,149.30978393554688,31257
2022-04-06,151.8000030517578,155.89999389648438,148.8000030517578,153.5,151.9831085205078,47395
2022-04-07,153.5,156.39999389648438,149.0500030517578,151.5,150.0028839111328,54869
2022-04-08,152.3000030517578,158.0,151.75,157.0,155.4485321044922,98291
2022-04-11,158.6999969482422,161.8000030517578,154.35000610351562,158.85000610351562,157.2802734375,57348
2022-04-12,158.0,158.6999969482422,153.0,153.8000030517578,152.2801513671875,33810
2022-04-13,155.35000610351562,161.0500030517578,153.4499969482422,154.25,152.72572326660156,47820
2022-04-18,153.6999969482422,161.0,150.0500030517578,154.39999389648438,152.87420654296875,110999
2022-04-19,155.0,159.89999389648438,152.10000610351562,154.1999969482422,152.6761932373047,49656
2022-04-20,155.64999389648438,157.0,150.10000610351562,152.5500030517578,151.04251098632812,19297
2022-04-21,153.89999389648438,166.5,153.0,164.14999389648438,162.52786254882812,269460
2022-04-22,163.10000610351562,169.4499969482422,161.0,162.85000610351562,161.24073791503906,196752
2022-04-25,158.0,161.60000610351562,156.0500030517578,157.4499969482422,155.8940887451172,50589
2022-04-26,158.3000030517578,171.0,158.3000030517578,163.25,161.63677978515625,40616
2022-04-27,163.0,163.6999969482422,160.5,161.9499969482422,160.349609375,25095
2022-04-28,162.5,165.1999969482422,159.0,159.3000030517578,157.72581481933594,25264
2022-04-29,160.60000610351562,163.4499969482422,157.1999969482422,158.14999389648438,156.587158203125,20054
2022-05-02,154.85000610351562,159.4499969482422,153.5,154.89999389648438,153.36927795410156,35818
2022-05-04,155.89999389648438,159.0,148.25,151.89999389648438,150.39892578125,46479
2022-05-05,151.89999389648438,157.39999389648438,147.10000610351562,148.4499969482422,146.9830322265625,46910
2022-05-06,145.1999969482422,151.85000610351562,144.5,147.9499969482422,146.4879608154297,38915
2022-05-09,147.0,147.0,143.0,143.75,142.3294677734375,28594
2022-05-10,144.89999389648438,152.0,135.10000610351562,138.35000610351562,136.9828338623047,72654
2022-05-11,139.4499969482422,145.9499969482422,129.89999389648438,134.0,132.6758270263672,68034
2022-05-12,135.0500030517578,135.0500030517578,130.10000610351562,131.3000030517578,130.0025177001953,28266
2022-05-13,132.5500030517578,136.89999389648438,130.10000610351562,131.5,130.20053100585938,24268
2022-05-16,132.8000030517578,136.14999389648438,128.35000610351562,129.85000610351562,128.56683349609375,31489
2022-05-17,130.0,135.3000030517578,130.0,134.1999969482422,132.87384033203125,31324
2022-05-18,136.0,139.0500030517578,134.3000030517578,135.0,133.66592407226562,33579
2022-05-19,134.10000610351562,134.64999389648438,131.1999969482422,132.4499969482422,131.14112854003906,22749
2022-05-20,133.75,137.5500030517578,133.0,135.75,134.4085235595703,13689
2022-05-23,136.3000030517578,137.39999389648438,132.89999389648438,133.9499969482422,132.62631225585938,13784
2022-05-24,135.25,136.8000030517578,132.0,134.1999969482422,132.87384033203125,21342
2022-05-25,134.25,134.60000610351562,129.10000610351562,130.64999389648438,129.35891723632812,14481
2022-05-26,126.69999694824219,133.60000610351562,126.69999694824219,131.3000030517578,130.0025177001953,16231
2022-05-27,131.8000030517578,136.9499969482422,130.25,132.14999389648438,130.84410095214844,47431
2022-05-30,134.0,136.0,132.5500030517578,135.4499969482422,134.11148071289062,21037
2022-05-31,135.4499969482422,138.39999389648438,133.35000610351562,136.0500030517578,134.70555114746094,25088
2022-06-01,135.10000610351562,137.9499969482422,134.1999969482422,135.5,134.16099548339844,19760
2022-06-02,135.8000030517578,139.1999969482422,135.60000610351562,136.14999389648438,134.8045654296875,10382
2022-06-03,136.8000030517578,137.8000030517578,134.10000610351562,135.5,134.16099548339844,13377
2022-06-06,134.10000610351562,135.9499969482422,132.85000610351562,135.39999389648438,134.06198120117188,12640
2022-06-07,134.10000610351562,136.75,132.10000610351562,133.64999389648438,132.32925415039062,8269
2022-06-08,134.60000610351562,136.0,132.9499969482422,133.85000610351562,132.5272979736328,7642
2022-06-09,134.8000030517578,137.25,133.4499969482422,136.5,135.151123046875,11036
2022-06-10,137.0,138.39999389648438,135.10000610351562,136.0500030517578,134.70555114746094,15980
2022-06-13,135.10000610351562,135.10000610351562,127.0999984741211,127.75,126.48757934570312,31839
2022-06-14,128.0,130.64999389648438,123.25,125.0,123.76475524902344,26579
2022-06-15,125.80000305175781,129.25,125.0,127.0,125.74498748779297,16716
2022-06-16,130.0,130.6999969482422,116.75,117.94999694824219,116.78441619873047,34116
2022-06-17,120.5,120.5,116.8499984741211,120.0,118.81416320800781,9719
2022-06-20,120.0999984741211,120.5,111.0999984741211,114.30000305175781,113.17049407958984,25531
2022-06-21,115.0999984741211,120.9000015258789,115.0999984741211,119.5,118.31910705566406,12122
2022-06-22,120.5,120.5,115.55000305175781,117.3499984741211,116.19035339355469,6680
2022-06-23,117.55000305175781,119.19999694824219,115.5999984741211,117.6500015258789,116.48738861083984,3661
2022-06-24,118.9000015258789,126.0,118.5,124.75,123.51721954345703,23339
2022-06-27,125.94999694824219,128.0,124.3499984741211,126.0999984741211,124.8538818359375,14257
2022-06-28,123.80000305175781,126.4000015258789,123.80000305175781,125.55000305175781,124.309326171875,4739
2022-06-29,125.0,126.75,121.0,123.30000305175781,122.08155822753906,8794
2022-06-30,123.5,126.0,122.55000305175781,122.75,121.5369873046875,10368
2022-07-01,122.05000305175781,124.80000305175781,121.05000305175781,124.1500015258789,122.92315673828125,7385
2022-07-04,124.9000015258789,126.94999694824219,123.5,125.69999694824219,124.45783233642578,5699
2022-07-05,126.80000305175781,127.1500015258789,124.4000015258789,125.5999984741211,124.35882568359375,7305
2022-07-06,125.4000015258789,126.44999694824219,124.3499984741211,124.94999694824219,123.71524047851562,6217
2022-07-07,126.5,128.25,124.44999694824219,124.75,123.51721954345703,15366
2022-07-08,125.94999694824219,126.44999694824219,124.05000305175781,124.6500015258789,123.418212890625,13182
2022-07-11,124.1500015258789,125.8499984741211,122.30000305175781,125.0999984741211,123.86376953125,16162
2022-07-12,124.05000305175781,126.4000015258789,124.05000305175781,124.75,123.51721954345703,7191
2022-07-13,125.5999984741211,126.9000015258789,123.0,124.5,123.26969146728516,9685
2022-07-14,125.0,125.0,123.3499984741211,123.6500015258789,122.42809295654297,6758
2022-07-15,123.1500015258789,125.3499984741211,121.0999984741211,122.4000015258789,121.1904525756836,9371
2022-07-18,122.80000305175781,127.5,122.80000305175781,125.4000015258789,124.16080474853516,14993
2022-07-19,126.69999694824219,129.35000610351562,125.0999984741211,127.94999694824219,126.68560791015625,16840
2022-07-20,128.8000030517578,133.5,128.75,130.8000030517578,129.5074462890625,26245
2022-07-21,133.6999969482422,134.8000030517578,131.5500030517578,132.14999389648438,130.84410095214844,14504
2022-07-22,132.39999389648438,133.4499969482422,130.0500030517578,130.85000610351562,129.5569610595703,10810
2022-07-25,131.89999389648438,131.89999389648438,128.14999389648438,128.5500030517578,127.27967834472656,9447
2022-07-26,129.9499969482422,132.0,129.25,130.3000030517578,129.01239013671875,10994
2022-07-27,129.5,133.14999389648438,129.35000610351562,130.3000030517578,129.01239013671875,11858
2022-07-28,131.1999969482422,137.5,130.5,134.6999969482422,133.368896484375,44551
2022-07-29,134.75,136.89999389648438,131.0500030517578,131.6999969482422,130.3985595703125,42087
2022-08-01,131.60000610351562,136.75,131.60000610351562,133.3000030517578,131.9827423095703,15097
2022-08-02,132.10000610351562,134.5500030517578,131.39999389648438,132.4499969482422,131.7340850830078,19762
2022-08-03,133.0,133.0,128.9499969482422,129.85000610351562,129.1481475830078,24581
2022-08-04,130.35000610351562,131.8000030517578,129.89999389648438,131.3000030517578,130.59030151367188,9081
2022-08-05,132.5500030517578,135.60000610351562,130.14999389648438,134.3000030517578,133.57408142089844,26948
2022-08-08,134.0,136.10000610351562,132.0,132.60000610351562,131.88327026367188,14938
2022-08-10,133.5,141.64999389648438,127.0999984741211,134.75,134.0216522216797,89604
2022-08-11,135.1999969482422,135.8000030517578,131.85000610351562,132.5500030517578,131.83355712890625,21440
2022-08-12,133.5,134.89999389648438,131.5,134.14999389648438,133.42489624023438,12803
2022-08-16,134.9499969482422,136.35000610351562,133.25,134.25,133.52435302734375,16337
2022-08-17,135.8000030517578,140.3000030517578,134.1999969482422,135.85000610351562,135.11570739746094,64159
2022-08-18,135.5,137.89999389648438,133.9499969482422,135.0,134.27029418945312,23853
2022-08-19,135.4499969482422,138.89999389648438,134.5,135.64999389648438,134.91677856445312,24095
2022-08-22,135.60000610351562,136.85000610351562,133.60000610351562,135.1999969482422,134.46922302246094,10991
2022-08-23,134.9499969482422,146.0,134.9499969482422,144.85000610351562,144.0670623779297,119835
2022-08-24,146.6999969482422,151.1999969482422,146.25,148.4499969482422,147.64759826660156,83698
2022-08-25,149.60000610351562,151.0500030517578,143.60000610351562,144.89999389648438,144.1167755126953,42168
2022-08-26,144.9499969482422,147.10000610351562,143.0,144.60000610351562,143.81842041015625,21228
2022-08-29,142.10000610351562,146.60000610351562,131.0,145.1999969482422,144.4151611328125,34150
2022-08-30,145.60000610351562,149.0,144.35000610351562,147.1999969482422,146.4043426513672,27317
2022-09-01,146.5,150.8000030517578,144.6999969482422,148.14999389648438,147.34922790527344,35659
2022-09-02,149.1999969482422,160.9499969482422,149.0,159.0500030517578,158.19032287597656,171141
2022-09-05,161.5,166.64999389648438,158.10000610351562,162.5500030517578,161.67138671875,134646
2022-09-06,165.8000030517578,168.39999389648438,161.60000610351562,162.75,161.8703155517578,67043
2022-09-07,161.89999389648438,173.9499969482422,159.9499969482422,170.75,169.82705688476562,312117
2022-09-08,172.89999389648438,177.89999389648438,170.10000610351562,172.1999969482422,171.26922607421875,176063
2022-09-09,173.3000030517578,182.0,171.5,177.1999969482422,176.24220275878906,390950
2022-09-12,180.8000030517578,198.9499969482422,180.8000030517578,196.3000030517578,195.2389678955078,893607
2022-09-13,199.60000610351562,202.9499969482422,191.75,195.64999389648438,194.59246826171875,285565
2022-09-14,190.0,195.0,186.8000030517578,189.89999389648438,188.87355041503906,111823
2022-09-15,191.5,195.9499969482422,189.0,190.75,189.71896362304688,79252
2022-09-16,190.5,191.64999389648438,180.39999389648438,181.5,180.51895141601562,60827
2022-09-19,195.0,217.8000030517578,195.0,217.8000030517578,216.6227569580078,1270445
2022-09-20,222.0500030517578,226.0,204.10000610351562,206.14999389648438,205.0357208251953,679428
2022-09-21,209.0,222.5,205.85000610351562,213.25,212.09735107421875,637066
2022-09-22,211.89999389648438,227.0,205.10000610351562,222.9499969482422,221.74490356445312,395749
2022-09-23,225.5,231.64999389648438,214.39999389648438,216.89999389648438,215.72760009765625,434672
2022-09-26,213.0,215.10000610351562,198.5,200.39999389648438,199.31680297851562,150955
2022-09-27,203.4499969482422,208.60000610351562,195.10000610351562,197.0500030517578,195.98492431640625,117471
2022-09-28,192.0,204.89999389648438,192.0,194.35000610351562,193.2995147705078,103322
2022-09-29,197.5500030517578,201.6999969482422,189.75,192.1999969482422,191.16111755371094,48781
2022-09-30,192.39999389648438,198.8000030517578,192.0500030517578,193.6999969482422,192.6529998779297,62223
2022-10-03,193.4499969482422,198.0,186.0,187.5500030517578,186.53627014160156,67333
2022-10-04,189.35000610351562,197.64999389648438,189.35000610351562,192.0,190.9622039794922,56433
2022-10-06,195.0,197.5500030517578,190.3000030517578,195.0,193.9459991455078,61436
2022-10-07,195.89999389648438,198.10000610351562,192.39999389648438,195.85000610351562,194.79139709472656,50128
2022-10-10,194.0,216.25,192.5500030517578,209.3000030517578,208.168701171875,216863
2022-10-11,210.3000030517578,214.39999389648438,200.25,201.3000030517578,200.21194458007812,69372
2022-10-12,202.89999389648438,204.9499969482422,195.0,197.1999969482422,196.13409423828125,55220
2022-10-13,196.39999389648438,206.8000030517578,196.35000610351562,197.9499969482422,196.88003540039062,64078
2022-10-14,199.85000610351562,204.89999389648438,194.10000610351562,195.14999389648438,194.0951690673828,35535
2022-10-17,195.89999389648438,196.10000610351562,190.0500030517578,191.8000030517578,190.76329040527344,35067
2022-10-18,193.60000610351562,197.3000030517578,191.5,193.6999969482422,192.6529998779297,38559
2022-10-19,193.60000610351562,200.75,192.5,197.89999389648438,196.83030700683594,72226
2022-10-20,200.39999389648438,200.39999389648438,195.0,196.8000030517578,195.7362518310547,29552
2022-10-21,198.39999389648438,198.39999389648438,190.85000610351562,191.5500030517578,190.5146484375,47505
2022-10-24,194.6999969482422,202.8000030517578,191.10000610351562,194.64999389648438,193.59788513183594,35499
2022-10-25,196.5,196.5,191.5500030517578,192.5,191.45950317382812,14179
2022-10-27,192.0,201.0,192.0,195.4499969482422,194.3935546875,46734
2022-10-28,196.0500030517578,198.1999969482422,193.0,193.4499969482422,192.40435791015625,20117
2022-10-31,192.39999389648438,197.4499969482422,192.39999389648438,193.60000610351562,192.55355834960938,15727
2022-11-01,192.5500030517578,196.39999389648438,188.5500030517578,190.1999969482422,189.17193603515625,28237
2022-11-02,191.75,192.0,188.0,189.60000610351562,188.5751953125,28183
2022-11-03,189.4499969482422,194.0500030517578,188.60000610351562,190.8000030517578,189.76869201660156,25247
2022-11-04,191.0,194.4499969482422,190.8000030517578,193.14999389648438,192.10598754882812,29768
2022-11-07,194.39999389648438,200.0,192.5500030517578,196.1999969482422,195.13949584960938,67000
2022-11-09,197.89999389648438,203.0,193.1999969482422,193.85000610351562,192.80221557617188,63021
2022-11-10,193.10000610351562,194.5,183.0,185.10000610351562,184.09950256347656,50828
2022-11-11,183.5500030517578,191.0500030517578,183.5500030517578,185.75,184.74598693847656,40490
2022-11-14,186.8000030517578,189.25,184.0,184.39999389648438,183.4032745361328,24904
2022-11-15,184.39999389648438,188.0500030517578,183.14999389648438,184.0,183.0054473876953,12426
2022-11-16,183.1999969482422,184.75,180.10000610351562,181.25,180.2703094482422,20421
2022-11-17,181.0,183.39999389648438,179.5,180.64999389648438,179.67355346679688,21671
2022-11-18,181.6999969482422,190.89999389648438,180.9499969482422,186.75,185.74058532714844,61988
2022-11-21,192.0,198.5,187.10000610351562,194.5,193.4486846923828,106251
2022-11-22,196.0,197.5500030517578,191.0,191.25,190.2162628173828,28106
2022-11-23,191.9499969482422,192.8000030517578,185.5,186.4499969482422,185.44219970703125,30947
2022-11-24,186.4499969482422,192.0,186.4499969482422,187.25,186.2378692626953,27899
2022-11-25,187.1999969482422,189.25,183.10000610351562,184.39999389648438,183.4032745361328,26577
2022-11-28,184.39999389648438,187.89999389648438,183.0500030517578,185.89999389648438,184.89515686035156,26034
2022-11-29,186.6999969482422,189.5,185.0,186.0,184.99462890625,13777
2022-11-30,186.0,194.89999389648438,185.5,190.14999389648438,189.1221923828125,61149
2022-12-01,190.35000610351562,195.89999389648438,188.10000610351562,191.89999389648438,190.8627471923828,41238
2022-12-02,189.0,194.0,189.0,192.14999389648438,191.11138916015625,20891
2022-12-05,190.0500030517578,197.0,190.0500030517578,192.5500030517578,191.5092315673828,24282
2022-12-06,191.39999389648438,196.75,191.35000610351562,193.8000030517578,192.75247192382812,47276
2022-12-07,194.0,224.1999969482422,193.3000030517578,216.1999969482422,215.03138732910156,598280
2022-12-08,218.8000030517578,225.0,213.0,220.5,219.30816650390625,302610
2022-12-09,222.5500030517578,222.5500030517578,205.0,207.25,206.12977600097656,91538
2022-12-12,208.5,221.35000610351562,204.75,215.39999389648438,214.2357177734375,116995
2022-12-13,216.8000030517578,232.89999389648438,215.3000030517578,224.89999389648438,223.6843719482422,530892
2022-12-14,226.3000030517578,238.0,220.25,222.75,221.54598999023438,245196
2022-12-15,222.75,228.8000030517578,218.10000610351562,220.3000030517578,219.10923767089844,91621
2022-12-16,220.0,220.0,210.5500030517578,211.60000610351562,210.45626831054688,85544
2022-12-19,213.60000610351562,226.9499969482422,211.60000610351562,222.60000610351562,221.3968048095703,112956
2022-12-20,223.5,234.5500030517578,216.5,231.75,230.49734497070312,200764
2022-12-21,235.0,247.0,221.5500030517578,225.3000030517578,224.08221435546875,726183
2022-12-22,226.1999969482422,232.0500030517578,212.0,213.60000610351562,212.44546508789062,174253
2022-12-23,212.89999389648438,212.89999389648438,195.0,197.35000610351562,196.28329467773438,113049
2022-12-26,200.3000030517578,210.39999389648438,198.5500030517578,207.6999969482422,206.57733154296875,70212
2022-12-27,210.10000610351562,219.89999389648438,209.10000610351562,218.0,216.82167053222656,86941
2022-12-28,218.8000030517578,224.14999389648438,216.39999389648438,217.89999389648438,216.72219848632812,63129
2022-12-29,216.6999969482422,224.1999969482422,213.39999389648438,218.25,217.0703125,53922
2022-12-30,220.35000610351562,223.4499969482422,208.5500030517578,212.39999389648438,211.25192260742188,62729
2023-01-02,213.0,221.60000610351562,212.9499969482422,216.25,215.0811309814453,50545
2023-01-03,217.0,223.0,211.3000030517578,217.60000610351562,216.42384338378906,68978
2023-01-04,218.1999969482422,220.5,212.0,215.64999389648438,214.484375,41699
2023-01-05,216.0,216.6999969482422,211.85000610351562,214.89999389648438,213.73841857910156,36365
2023-01-06,215.0,218.0500030517578,211.85000610351562,212.4499969482422,211.30166625976562,31680
2023-01-09,215.64999389648438,238.5500030517578,215.14999389648438,227.4499969482422,226.2205810546875,699432
2023-01-10,227.9499969482422,229.0,218.5500030517578,220.89999389648438,219.7059783935547,89889
2023-01-11,221.8000030517578,228.0,221.0,225.89999389648438,224.67897033691406,59839
2023-01-12,226.75,226.75,216.60000610351562,221.6999969482422,220.5016632080078,50610
2023-01-13,222.4499969482422,231.89999389648438,222.39999389648438,225.0500030517578,223.83355712890625,103774
2023-01-16,225.89999389648438,227.5,219.3000030517578,224.25,223.0378875732422,45217
2023-01-17,224.60000610351562,224.60000610351562,217.9499969482422,220.0500030517578,218.860595703125,48336
2023-01-18,220.9499969482422,222.89999389648438,217.0,217.6999969482422,216.52328491210938,34628
2023-01-19,216.10000610351562,219.4499969482422,215.1999969482422,216.0500030517578,214.88221740722656,22415
2023-01-20,215.5,219.35000610351562,212.0500030517578,213.5,212.3459930419922,31535
2023-01-23,212.8000030517578,214.60000610351562,203.1999969482422,206.35000610351562,205.23464965820312,60972
2023-01-24,207.10000610351562,210.0,202.60000610351562,204.0,202.8973388671875,47690
2023-01-25,203.35000610351562,205.9499969482422,196.1999969482422,198.4499969482422,197.37734985351562,67358
2023-01-27,198.4499969482422,200.39999389648438,190.64999389648438,193.8000030517578,192.75247192382812,50435
2023-01-30,194.8000030517578,198.3000030517578,190.8000030517578,193.89999389648438,192.8519287109375,42364
2023-01-31,194.9499969482422,199.89999389648438,193.60000610351562,196.5500030517578,195.48760986328125,51658
2023-02-01,198.4499969482422,205.5,190.5,194.5,193.4486846923828,62163
2023-02-02,194.0500030517578,198.39999389648438,190.5500030517578,194.60000610351562,193.54815673828125,33706
2023-02-03,195.1999969482422,197.64999389648438,190.10000610351562,194.25,193.20004272460938,27304
2023-02-06,196.0,199.4499969482422,193.0500030517578,196.6999969482422,195.6367950439453,30062
2023-02-07,198.64999389648438,204.10000610351562,198.5500030517578,202.89999389648438,201.8032684326172,45886
2023-02-08,203.89999389648438,210.89999389648438,203.5,206.6999969482422,205.58274841308594,53527
2023-02-09,204.0,219.0,204.0,212.64999389648438,211.50057983398438,164697
2023-02-10,212.89999389648438,216.0,206.0,208.14999389648438,207.02490234375,53363
2023-02-13,209.85000610351562,210.9499969482422,207.0500030517578,209.10000610351562,207.96978759765625,27533
2023-02-14,210.0,213.60000610351562,207.3000030517578,207.89999389648438,206.77626037597656,24933
2023-02-15,208.89999389648438,209.60000610351562,202.5500030517578,205.1999969482422,204.0908660888672,30050
2023-02-16,206.1999969482422,211.64999389648438,205.25,206.85000610351562,205.73194885253906,28980
2023-02-17,206.85000610351562,213.5,205.25,206.5500030517578,205.43356323242188,32177
2023-02-20,208.39999389648438,210.89999389648438,205.10000610351562,205.60000610351562,204.4886932373047,20103
2023-02-21,205.0,206.60000610351562,199.5500030517578,201.10000610351562,200.01303100585938,19945
2023-02-22,200.9499969482422,202.3000030517578,195.10000610351562,197.4499969482422,196.8722381591797,20980
2023-02-23,198.0500030517578,204.0,194.6999969482422,202.75,202.15673828125,35113
2023-02-24,202.3000030517578,206.0,199.0500030517578,200.0,199.41477966308594,22382
2023-02-27,200.0,200.85000610351562,194.60000610351562,196.8000030517578,196.22415161132812,15161
2023-02-28,197.8000030517578,198.0500030517578,192.75,193.9499969482422,193.38247680664062,9156
2023-03-01,194.89999389648438,199.8000030517578,194.39999389648438,197.35000610351562,196.7725372314453,16279
2023-03-02,200.0,205.5500030517578,198.10000610351562,200.0500030517578,199.46463012695312,41442
2023-03-03,200.5,208.0500030517578,200.5,205.10000610351562,204.49986267089844,30603
2023-03-06,202.0,212.60000610351562,202.0,208.5500030517578,207.93975830078125,39242
2023-03-08,208.39999389648438,210.3000030517578,204.60000610351562,207.5,206.89283752441406,18496
2023-03-09,208.5,211.89999389648438,206.10000610351562,208.10000610351562,207.4910888671875,22825
2023-03-10,207.0,211.5,204.5,209.1999969482422,208.58786010742188,37602
2023-03-13,210.89999389648438,210.89999389648438,197.85000610351562,199.10000610351562,198.5174102783203,30248
2023-03-14,199.75,204.0,195.0,196.25,195.67575073242188,31422
2023-03-15,197.8000030517578,199.89999389648438,195.25,196.10000610351562,195.5261993408203,18702
2023-03-16,194.89999389648438,198.6999969482422,190.5,198.0,197.42062377929688,21398
2023-03-17,199.14999389648438,199.9499969482422,195.0,197.35000610351562,196.7725372314453,20254
2023-03-20,196.6999969482422,198.6999969482422,194.5,196.64999389648438,196.07456970214844,14597
2023-03-21,197.14999389648438,198.0,193.0500030517578,195.85000610351562,195.2769317626953,15383
2023-03-22,196.64999389648438,198.1999969482422,192.9499969482422,193.8000030517578,193.23292541503906,19898
2023-03-23,194.64999389648438,197.75,193.89999389648438,195.4499969482422,194.87808227539062,14361
2023-03-24,195.4499969482422,196.35000610351562,187.0,188.64999389648438,188.0979766845703,19431
2023-03-27,186.0,187.60000610351562,178.35000610351562,180.64999389648438,180.12139892578125,28318
2023-03-28,178.6999969482422,182.35000610351562,170.85000610351562,173.39999389648438,172.89260864257812,36809
2023-03-29,170.5,180.89999389648438,170.5,177.5500030517578,177.0304718017578,38404
2023-03-31,179.25,183.39999389648438,177.0,178.39999389648438,177.8779754638672,35999
2023-04-03,177.1999969482422,186.14999389648438,177.1999969482422,185.5,184.9571990966797,13303
2023-04-05,185.5,191.0,185.25,189.9499969482422,189.39418029785156,22693
2023-04-06,191.5,195.85000610351562,190.4499969482422,192.64999389648438,192.08627319335938,18560
2023-04-10,192.0,199.89999389648438,192.0,198.6999969482422,198.1185760498047,22338
2023-04-11,200.0,203.0,197.39999389648438,200.10000610351562,199.51449584960938,22583
2023-04-12,202.0500030517578,202.35000610351562,198.0,199.85000610351562,199.26522827148438,16952
2023-04-13,198.4499969482422,202.5500030517578,197.0,199.0500030517578,198.46755981445312,11463
2023-04-17,197.1999969482422,200.5,197.0,197.89999389648438,197.3209228515625,17888
2023-04-18,195.25,202.8000030517578,195.25,198.3000030517578,197.71975708007812,13026
2023-04-19,197.0,201.0,197.0,198.60000610351562,198.0188751220703,7343
2023-04-20,198.0,201.89999389648438,197.14999389648438,198.89999389648438,198.3179931640625,11020
2023-04-21,197.10000610351562,200.4499969482422,195.10000610351562,196.25,195.67575073242188,10891
2023-04-24,195.75,199.9499969482422,195.25,197.4499969482422,196.8722381591797,20075
2023-04-25,195.5,208.89999389648438,195.5,201.35000610351562,200.76083374023438,63940
2023-04-26,201.0,203.35000610351562,198.35000610351562,199.25,198.66697692871094,22854
2023-04-27,199.9499969482422,200.0,194.35000610351562,196.25,195.67575073242188,32704
2023-04-28,198.14999389648438,204.89999389648438,196.8000030517578,202.0,201.40892028808594,38137
2023-05-02,202.0,203.3000030517578,199.60000610351562,200.9499969482422,200.36199951171875,20942
2023-05-03,199.6999969482422,205.75,198.14999389648438,200.85000610351562,200.26229858398438,29825
2023-05-04,200.4499969482422,204.4499969482422,200.4499969482422,202.5500030517578,201.9573211669922,36844
2023-05-05,202.5500030517578,204.9499969482422,199.5,200.4499969482422,199.86346435546875,23351
2023-05-08,201.89999389648438,218.75,201.85000610351562,215.89999389648438,215.26824951171875,271150
2023-05-09,220.1999969482422,226.39999389648438,218.25,221.5500030517578,220.90171813964844,255953
2023-05-10,222.60000610351562,230.0,215.14999389648438,225.25,224.5908966064453,153712
2023-05-11,224.4499969482422,225.60000610351562,220.0,221.85000610351562,221.2008514404297,63087
2023-05-12,222.0,241.5,220.0,239.5,238.7991943359375,422183
2023-05-15,242.39999389648438,246.9499969482422,236.1999969482422,240.8000030517578,240.09539794921875,261778
2023-05-16,241.89999389648438,249.0,240.3000030517578,243.4499969482422,242.73764038085938,180487
2023-05-17,244.39999389648438,253.4499969482422,244.0,248.10000610351562,247.37403869628906,223170
2023-05-18,250.64999389648438,265.0,249.10000610351562,254.6999969482422,253.9547119140625,399027
2023-05-19,255.9499969482422,260.95001220703125,252.4499969482422,255.75,255.00164794921875,126835
2023-05-22,256.1000061035156,257.25,242.60000610351562,244.5,243.78456115722656,92649
2023-05-23,244.5,249.0,240.0,241.39999389648438,240.69363403320312,58203
2023-05-24,242.8000030517578,247.85000610351562,241.10000610351562,244.39999389648438,243.68484497070312,46454
2023-05-25,245.39999389648438,252.14999389648438,242.5,245.85000610351562,245.130615234375,59397
2023-05-26,245.1999969482422,255.0,244.10000610351562,247.89999389648438,247.1746063232422,94048
2023-05-29,255.0,286.6499938964844,250.89999389648438,272.04998779296875,271.2539367675781,1252345
2023-05-30,272.04998779296875,280.0,262.79998779296875,275.3999938964844,274.5941467285156,294043
2023-05-31,278.1499938964844,280.3500061035156,267.54998779296875,273.79998779296875,272.9988098144531,200335
2023-06-01,276.95001220703125,277.6000061035156,268.1000061035156,269.95001220703125,269.16009521484375,113410
2023-06-02,271.70001220703125,272.54998779296875,263.1499938964844,264.45001220703125,263.67620849609375,140027
2023-06-05,266.6499938964844,270.8500061035156,264.54998779296875,266.5,265.7201843261719,71335
2023-06-06,267.54998779296875,277.5,267.5,271.25,270.456298828125,142908
2023-06-07,272.70001220703125,274.5,269.0,271.25,270.456298828125,40899
2023-06-08,273.95001220703125,283.5,268.0,269.04998779296875,268.2627258300781,209334
2023-06-09,270.3999938964844,271.45001220703125,264.75,265.95001220703125,265.17181396484375,36763
2023-06-12,267.29998779296875,270.8999938964844,265.95001220703125,269.04998779296875,268.2627258300781,30463
2023-06-13,273.1000061035156,283.3999938964844,270.45001220703125,271.95001220703125,271.1542663574219,141633
2023-06-14,273.20001220703125,274.8500061035156,267.6000061035156,270.3999938964844,269.6087646484375,63519
2023-06-15,271.45001220703125,276.95001220703125,268.3500061035156,271.5,270.70556640625,61675
2023-06-16,272.79998779296875,273.54998779296875,269.04998779296875,270.3500061035156,269.5589294433594,19550
2023-06-19,271.54998779296875,275.0,267.6499938964844,269.54998779296875,268.7612609863281,26971
2023-06-20,268.0,271.1000061035156,264.54998779296875,268.45001220703125,267.66448974609375,22432
2023-06-21,270.70001220703125,280.75,268.6499938964844,275.20001220703125,274.3947448730469,121720
2023-06-22,276.0,277.29998779296875,260.75,266.95001220703125,266.16888427734375,74822
2023-06-23,266.95001220703125,269.0,256.04998779296875,263.0,262.2304382324219,65547
2023-06-26,260.1000061035156,262.70001220703125,257.0,258.20001220703125,257.4444885253906,28258
2023-06-27,259.45001220703125,263.70001220703125,257.79998779296875,262.3999938964844,261.6321716308594,30117
2023-06-28,262.1499938964844,269.8999938964844,261.29998779296875,266.6499938964844,265.8697509765625,40265
2023-06-30,268.29998779296875,274.29998779296875,267.20001220703125,270.04998779296875,269.2597961425781,58311
2023-07-03,272.3999938964844,273.8999938964844,263.70001220703125,265.3500061035156,264.57354736328125,35681
2023-07-04,267.0,267.6499938964844,263.1000061035156,264.1499938964844,263.3770751953125,24402
2023-07-05,261.6000061035156,276.3999938964844,261.6000061035156,270.95001220703125,270.1571960449219,96710
2023-07-06,272.0,279.25,270.1499938964844,271.04998779296875,270.2568664550781,61642
2023-07-07,270.0,272.5,264.45001220703125,267.8500061035156,267.0662536621094,28930
2023-07-10,274.75,274.75,264.54998779296875,265.1499938964844,264.3741455078125,23688
2023-07-11,266.5,267.54998779296875,256.79998779296875,260.6499938964844,259.8872985839844,65605
2023-07-12,261.29998779296875,284.8999938964844,259.04998779296875,272.6000061035156,271.8023376464844,364343
2023-07-13,273.45001220703125,277.6499938964844,265.8999938964844,271.3500061035156,270.5559997558594,73685
2023-07-14,270.1000061035156,275.0,268.79998779296875,269.54998779296875,268.7612609863281,46845
2023-07-17,270.8999938964844,318.79998779296875,270.8999938964844,308.0,307.0987548828125,1880544
2023-07-18,308.70001220703125,309.70001220703125,297.5,298.79998779296875,297.9256591796875,262015
2023-07-19,301.45001220703125,301.95001220703125,293.04998779296875,296.95001220703125,296.08111572265625,75475
2023-07-20,297.8999938964844,313.0,296.20001220703125,300.54998779296875,299.6705322265625,215677
2023-07-21,299.0,305.20001220703125,298.0,300.6499938964844,299.770263671875,53722
2023-07-24,301.70001220703125,316.0,300.04998779296875,312.3999938964844,311.4858703613281,176524
2023-07-25,314.70001220703125,321.79998779296875,306.1000061035156,310.25,309.3421630859375,133081
2023-07-26,310.20001220703125,313.5,298.79998779296875,301.8500061035156,300.9667663574219,64117
2023-07-27,302.5,307.20001220703125,295.1000061035156,299.6499938964844,298.773193359375,52410
2023-07-28,301.8999938964844,323.3999938964844,300.79998779296875,318.20001220703125,317.2689208984375,241104
2023-07-31,320.0,351.70001220703125,319.95001220703125,337.8999938964844,336.9112548828125,657610
2023-08-01,338.5,348.25,334.70001220703125,340.0,339.005126953125,167292
2023-08-02,340.25,344.0,320.0,329.25,328.2865905761719,145592
2023-08-03,329.3500061035156,344.0,326.1499938964844,341.75,340.75,115881
2023-08-04,342.5,349.45001220703125,331.70001220703125,335.29998779296875,335.29998779296875,101896
2023-08-07,337.79998779296875,343.5,332.5,334.79998779296875,334.79998779296875,61217
2023-08-08,334.79998779296875,348.5,333.1499938964844,345.04998779296875,345.04998779296875,112602
2023-08-09,348.0,355.0,338.0,341.79998779296875,341.79998779296875,147328
2023-08-10,341.3500061035156,344.95001220703125,336.70001220703125,340.1000061035156,340.1000061035156,52618
2023-08-11,340.1000061035156,344.8999938964844,337.0,342.1499938964844,342.1499938964844,57752
2023-08-14,338.1000061035156,338.1000061035156,316.1000061035156,322.45001220703125,322.45001220703125,131435
2023-08-16,320.04998779296875,326.0,315.0,316.79998779296875,316.79998779296875,85231
2023-08-17,317.0,324.70001220703125,315.04998779296875,322.0,322.0,70993
2023-08-18,319.0,323.29998779296875,306.6499938964844,310.75,310.75,88026
2023-08-21,308.79998779296875,316.70001220703125,308.25,309.6499938964844,309.6499938964844,48660
2023-08-22,311.25,317.25,309.25,311.79998779296875,311.79998779296875,27842
2023-08-23,313.45001220703125,322.5,311.5,321.04998779296875,321.04998779296875,44608
2023-08-24,324.3999938964844,329.1000061035156,317.0,319.20001220703125,319.20001220703125,52413
2023-08-25,318.3999938964844,323.6000061035156,309.3999938964844,314.0,314.0,43094
2023-08-28,315.8999938964844,322.0,311.54998779296875,314.54998779296875,314.54998779296875,32718
2023-08-29,316.3500061035156,319.29998779296875,309.1000061035156,310.1000061035156,310.1000061035156,39053
2023-08-30,312.5,314.45001220703125,309.6499938964844,311.3999938964844,311.3999938964844,30655
2023-08-31,312.8999938964844,369.79998779296875,312.20001220703125,353.3500061035156,353.3500061035156,1938035
2023-09-01,359.8999938964844,363.6499938964844,345.6499938964844,351.1000061035156,351.1000061035156,305735
2023-09-04,354.8999938964844,363.6499938964844,347.79998779296875,350.54998779296875,350.54998779296875,117401
2023-09-05,352.8999938964844,354.3999938964844,340.8999938964844,342.5,342.5,88822
2023-09-06,346.29998779296875,346.29998779296875,333.6000061035156,336.1499938964844,336.1499938964844,65152
2023-09-07,339.8500061035156,344.04998779296875,333.79998779296875,338.5,338.5,49308
2023-09-08,338.5,345.0,334.95001220703125,335.8500061035156,335.8500061035156,48962
2023-09-11,335.20001220703125,341.45001220703125,335.04998779296875,338.25,338.25,32686
2023-09-12,340.6000061035156,340.6000061035156,308.29998779296875,315.95001220703125,315.95001220703125,89774
2023-09-13,320.79998779296875,328.25,315.04998779296875,323.20001220703125,323.20001220703125,48776
2023-09-14,327.0,331.5,321.54998779296875,325.3500061035156,325.3500061035156,34652
2023-09-15,327.79998779296875,333.45001220703125,321.20001220703125,323.5,323.5,38016
2023-09-18,324.3500061035156,324.3999938964844,317.54998779296875,319.3500061035156,319.3500061035156,25208
2023-09-20,315.3999938964844,321.6000061035156,314.25,315.95001220703125,315.95001220703125,20395
2023-09-21,315.0,320.95001220703125,311.0,313.70001220703125,313.70001220703125,21743
2023-09-22,315.0,320.3999938964844,306.0,307.5,307.5,53909
2023-09-25,307.0,315.95001220703125,305.75,314.1000061035156,314.1000061035156,35820
2023-09-26,314.0,315.04998779296875,309.0,311.54998779296875,311.54998779296875,20537
2023-09-27,311.95001220703125,315.1000061035156,304.25,312.6499938964844,312.6499938964844,43029
2023-09-28,313.79998779296875,317.45001220703125,308.6499938964844,310.95001220703125,310.95001220703125,24039
2023-09-29,311.0,324.6000061035156,309.8500061035156,322.3999938964844,322.3999938964844,53619
2023-10-03,321.8999938964844,321.8999938964844,315.0,317.04998779296875,317.04998779296875,21639
2023-10-04,316.70001220703125,320.70001220703125,307.25,311.04998779296875,311.04998779296875,24328
2023-10-05,313.1000061035156,318.5,313.1000061035156,316.1499938964844,316.1499938964844,20849
2023-10-06,315.1499938964844,339.5,314.1000061035156,321.79998779296875,321.79998779296875,149110
2023-10-09,316.0,319.8500061035156,309.20001220703125,311.79998779296875,311.79998779296875,44784
2023-10-10,313.79998779296875,332.75,313.79998779296875,325.5,325.5,64972
2023-10-11,325.5,330.0,322.1000061035156,327.04998779296875,327.04998779296875,22808
2023-10-12,327.04998779296875,329.04998779296875,322.29998779296875,324.29998779296875,324.29998779296875,18928
2023-10-13,320.0,328.95001220703125,320.0,322.3500061035156,322.3500061035156,20667
2023-10-16,320.1000061035156,338.0,320.1000061035156,328.04998779296875,328.04998779296875,70628
2023-10-17,329.79998779296875,334.95001220703125,322.1499938964844,327.3500061035156,327.3500061035156,56395
2023-10-18,326.79998779296875,328.3500061035156,320.04998779296875,321.1000061035156,321.1000061035156,22185
2023-10-19,317.8999938964844,323.04998779296875,317.8999938964844,319.8500061035156,319.8500061035156,12488
2023-10-20,320.29998779296875,321.29998779296875,313.79998779296875,316.3500061035156,316.3500061035156,15971
2023-10-23,318.0,318.04998779296875,295.1499938964844,297.29998779296875,297.29998779296875,49335
2023-10-25,298.1000061035156,305.0,291.0,293.3500061035156,293.3500061035156,36466
2023-10-26,291.3999938964844,304.5,285.8999938964844,298.75,298.75,39887
2023-10-27,300.29998779296875,310.8500061035156,300.29998779296875,308.6000061035156,308.6000061035156,18314
2023-10-30,311.0,311.0,300.6000061035156,304.54998779296875,304.54998779296875,22050
2023-10-31,303.54998779296875,311.0,301.1000061035156,308.25,308.25,27477
2023-11-01,305.25,318.1499938964844,305.25,309.75,309.75,21400
2023-11-02,310.5,339.3500061035156,308.95001220703125,327.20001220703125,327.20001220703125,214558
2023-11-03,329.45001220703125,335.8999938964844,327.1000061035156,330.79998779296875,330.79998779296875,72689
2023-11-06,339.0,339.0,323.04998779296875,324.3999938964844,324.3999938964844,43961
2023-11-07,324.3999938964844,329.70001220703125,322.70001220703125,323.5,323.5,28175
2023-11-08,323.5,329.0,318.3500061035156,320.1000061035156,320.1000061035156,44327
2023-11-09,321.70001220703125,324.8500061035156,313.5,314.6000061035156,314.6000061035156,40531
2023-11-10,315.6000061035156,324.20001220703125,312.75,316.3500061035156,316.3500061035156,26513
2023-11-13,317.0,325.1499938964844,316.1499938964844,321.6000061035156,321.6000061035156,39366
2023-11-15,323.29998779296875,356.5,323.29998779296875,348.79998779296875,348.79998779296875,344920
2023-11-16,352.8500061035156,357.95001220703125,339.0,341.45001220703125,341.45001220703125,132174
2023-11-17,335.5,346.1000061035156,335.5,342.20001220703125,342.20001220703125,56788
2023-11-20,340.0,347.8999938964844,336.54998779296875,337.95001220703125,337.95001220703125,56346
2023-11-21,333.0,343.8999938964844,333.0,340.0,340.0,57593
2023-11-22,342.0,348.0,331.29998779296875,336.1499938964844,336.1499938964844,91146
2023-11-23,335.1000061035156,369.8999938964844,335.1000061035156,361.45001220703125,361.45001220703125,462025
2023-11-24,362.20001220703125,378.5,353.3500061035156,357.95001220703125,357.95001220703125,465697
2023-11-28,358.8999938964844,359.95001220703125,348.75,351.29998779296875,351.29998779296875,95385
2023-11-29,353.29998779296875,360.5,351.5,353.3999938964844,353.3999938964844,70325
2023-11-30,356.95001220703125,357.8999938964844,348.0,349.5,349.5,62717
2023-12-01,351.1000061035156,371.29998779296875,347.45001220703125,357.3500061035156,357.3500061035156,147537
2023-12-04,362.75,370.95001220703125,355.25,361.3500061035156,361.3500061035156,122722
2023-12-05,361.8500061035156,372.0,356.95001220703125,360.1000061035156,360.1000061035156,104408
2023-12-06,360.3999938964844,366.3500061035156,358.25,360.3999938964844,360.3999938964844,57882
2023-12-07,366.8999938964844,388.0,365.0,368.1000061035156,368.1000061035156,469481
2023-12-08,374.0,376.3500061035156,352.0,363.25,363.25,92002
2023-12-11,362.04998779296875,369.6499938964844,359.0,366.79998779296875,366.79998779296875,58773
2023-12-12,368.79998779296875,371.0,360.6499938964844,365.3999938964844,365.3999938964844,42844
2023-12-13,365.3999938964844,365.6000061035156,343.95001220703125,352.20001220703125,352.20001220703125,99679
2023-12-14,357.0,358.1499938964844,350.20001220703125,351.8500061035156,351.8500061035156,43359
2023-12-15,353.5,353.5,345.0,346.79998779296875,346.79998779296875,39267
2023-12-18,350.45001220703125,358.5,349.1000061035156,352.1000061035156,352.1000061035156,28204
2023-12-19,350.04998779296875,354.3999938964844,348.5,349.25,349.25,35705
2023-12-20,351.3500061035156,352.8999938964844,325.0,330.25,330.25,69855
2023-12-21,326.95001220703125,346.0,320.1000061035156,344.1000061035156,344.1000061035156,42782
2023-12-22,345.8999938964844,348.75,335.25,337.29998779296875,337.29998779296875,51141
2023-12-26,347.70001220703125,359.3999938964844,345.0,353.29998779296875,353.29998779296875,88018
2023-12-27,356.0,359.0,352.20001220703125,357.5,357.5,42202
2023-12-28,357.79998779296875,364.8999938964844,350.1000061035156,355.20001220703125,355.20001220703125,44069
2023-12-29,356.5,356.5,347.79998779296875,351.25,351.25,34345
2024-01-01,354.8999938964844,364.8999938964844,351.3500061035156,359.8999938964844,359.8999938964844,74496
2024-01-02,360.79998779296875,362.70001220703125,348.8999938964844,351.25,351.25,61263
2024-01-03,355.0,366.0,354.54998779296875,361.3999938964844,361.3999938964844,79386
2024-01-04,363.0,369.5,357.0,359.45001220703125,359.45001220703125,43539
2024-01-05,359.45001220703125,365.75,352.54998779296875,356.45001220703125,356.45001220703125,41011
2024-01-08,358.3999938964844,361.04998779296875,345.25,348.25,348.25,50290
2024-01-09,351.0,408.8999938964844,345.6000061035156,397.3500061035156,397.3500061035156,1566656
2024-01-10,390.8999938964844,400.45001220703125,379.79998779296875,382.45001220703125,382.45001220703125,318553
2024-01-11,382.45001220703125,399.6000061035156,380.0,389.95001220703125,389.95001220703125,207067
2024-01-12,394.0,417.8500061035156,390.3500061035156,405.29998779296875,405.29998779296875,341230
2024-01-15,417.95001220703125,440.29998779296875,414.79998779296875,419.04998779296875,419.04998779296875,504395
2024-01-16,418.5,454.1000061035156,415.1000061035156,428.25,428.25,429473
2024-01-17,420.0,454.75,416.04998779296875,445.6499938964844,445.6499938964844,417737
2024-01-18,442.0,452.25,427.95001220703125,436.75,436.75,146911
2024-01-19,439.8999938964844,446.5,431.6499938964844,433.70001220703125,433.70001220703125,76716
2024-01-23,434.95001220703125,439.6000061035156,407.29998779296875,414.3500061035156,414.3500061035156,89408
2024-01-24,412.95001220703125,431.6499938964844,401.5,427.54998779296875,427.54998779296875,84453
2024-01-25,429.6499938964844,431.8500061035156,424.1499938964844,427.25,427.25,58182
2024-01-29,429.70001220703125,464.3999938964844,425.0,442.8999938964844,442.8999938964844,207157
2024-01-30,445.8999938964844,454.8999938964844,438.0,440.29998779296875,440.29998779296875,110390
2024-01-31,440.04998779296875,448.70001220703125,434.79998779296875,436.6499938964844,436.6499938964844,49930
2024-02-01,439.6000061035156,444.25,431.25,435.0,435.0,33363
2024-02-02,436.29998779296875,491.0,435.79998779296875,483.70001220703125,483.70001220703125,469107
2024-02-05,494.0,508.0,466.6499938964844,471.79998779296875,471.79998779296875,357648
2024-02-06,474.0,485.54998779296875,452.8500061035156,455.3999938964844,455.3999938964844,193209
2024-02-07,455.45001220703125,473.5,452.1499938964844,455.1499938964844,455.1499938964844,113709
2024-02-08,456.75,457.6000061035156,439.1000061035156,441.25,441.25,149888
2024-02-09,443.0,457.5,417.0,432.8999938964844,432.8999938964844,175473
2024-02-12,436.0,437.04998779296875,406.6000061035156,412.8500061035156,412.8500061035156,90739
2024-02-13,414.0,456.79998779296875,409.1000061035156,443.29998779296875,443.29998779296875,102116
2024-02-14,450.0,452.54998779296875,431.1499938964844,434.3500061035156,434.3500061035156,68823
2024-02-15,435.0,445.25,426.6000061035156,431.75,431.75,81276
2024-02-16,432.0,447.5,426.25,430.20001220703125,430.20001220703125,98125
2024-02-19,430.20001220703125,438.6499938964844,425.5,427.75,427.75,48701
2024-02-20,425.0,439.5,423.70001220703125,425.0,425.0,70844
2024-02-21,424.0,429.8999938964844,418.75,421.04998779296875,421.04998779296875,48515
2024-02-22,421.04998779296875,422.6000061035156,412.20001220703125,417.1499938964844,417.1499938964844,53762
2024-02-23,419.1499938964844,435.29998779296875,416.3999938964844,428.54998779296875,428.54998779296875,82766
2024-02-26,428.0,439.0,424.3999938964844,437.0,437.0,54050
2024-02-27,438.0,445.29998779296875,433.0,439.8500061035156,439.8500061035156,47956
2024-02-28,438.20001220703125,448.1000061035156,420.29998779296875,425.6000061035156,425.6000061035156,86631
2024-02-29,425.6000061035156,447.95001220703125,414.8500061035156,434.75,434.75,120981
2024-03-01,435.6000061035156,443.79998779296875,425.29998779296875,430.70001220703125,430.70001220703125,59182
2024-03-04,428.29998779296875,438.79998779296875,421.25,425.20001220703125,425.20001220703125,47241
2024-03-05,426.20001220703125,484.70001220703125,426.20001220703125,448.1000061035156,448.1000061035156,778414
2024-03-06,447.95001220703125,452.0,432.0,447.20001220703125,447.20001220703125,98490
2024-03-07,444.0,459.45001220703125,440.0,442.70001220703125,442.70001220703125,62791
2024-03-11,443.0,462.5,440.79998779296875,451.04998779296875,451.04998779296875,130412
2024-03-12,451.8999938964844,526.4000244140625,451.8999938964844,464.6499938964844,464.6499938964844,3948530
2024-03-13,463.0,481.0,438.0,447.25,447.25,464943
2024-03-14,441.20001220703125,508.5,441.20001220703125,502.3500061035156,502.3500061035156,839780
2024-03-15,499.75,518.0,475.8999938964844,511.95001220703125,511.95001220703125,427918
2024-03-18,517.7000122070312,524.9500122070312,499.75,511.54998779296875,511.54998779296875,243805
2024-03-19,511.6000061035156,548.9500122070312,511.6000061035156,526.5999755859375,526.5999755859375,720339
2024-03-20,530.0,548.6500244140625,517.2000122070312,543.25,543.25,595371
2024-03-21,543.2000122070312,557.0,531.4500122070312,551.1500244140625,551.1500244140625,315737
2024-03-22,546.0,569.9000244140625,544.0,557.2999877929688,557.2999877929688,247494
2024-03-26,556.75,568.0,544.2000122070312,552.5999755859375,552.5999755859375,169409
2024-03-27,551.5999755859375,565.5,543.25,548.8499755859375,548.8499755859375,96309
2024-03-28,557.0999755859375,560.9500122070312,533.4000244140625,538.9500122070312,538.9500122070312,64492
2024-04-01,546.8499755859375,551.4000244140625,526.3499755859375,530.5999755859375,530.5999755859375,70256
2024-04-02,532.0499877929688,558.0,532.0499877929688,553.2000122070312,553.2000122070312,96315
2024-04-03,553.2000122070312,568.0,549.75,564.75,564.75,94460
2024-04-04,564.75,584.0,550.5499877929688,559.4500122070312,559.4500122070312,77919
2024-04-05,560.5,566.0999755859375,545.5499877929688,551.9000244140625,551.9000244140625,68370
2024-04-08,553.9000244140625,563.0,531.75,535.5999755859375,535.5999755859375,43584
2024-04-09,538.9000244140625,548.0,533.0,538.0999755859375,538.0999755859375,44251
2024-04-10,540.9000244140625,542.1500244140625,516.0,522.1500244140625,522.1500244140625,69623
2024-04-12,522.5,530.4500122070312,516.0,520.25,520.25,32534
2024-04-15,501.25,512.5499877929688,485.54998779296875,503.3500061035156,503.3500061035156,75542
2024-04-16,500.0,514.4000244140625,493.6000061035156,507.6499938964844,507.6499938964844,58703
2024-04-18,513.4000244140625,524.75,495.04998779296875,497.1499938964844,497.1499938964844,53323
2024-04-19,489.25,500.0,482.3999938964844,496.20001220703125,496.20001220703125,46876
2024-04-22,498.20001220703125,520.9000244140625,498.20001220703125,511.04998779296875,511.04998779296875,63569
2024-04-23,516.0999755859375,534.5,512.75,516.0,516.0,101542
2024-04-24,517.0,528.0,509.0,517.5999755859375,517.5999755859375,55316
2024-04-25,518.5999755859375,524.7999877929688,505.0,507.8999938964844,507.8999938964844,30474
2024-04-26,509.8999938964844,513.2000122070312,502.6499938964844,508.8500061035156,508.8500061035156,22547
2024-04-29,511.54998779296875,518.0,504.95001220703125,510.1499938964844,510.1499938964844,29637
2024-04-30,508.0,512.9000244140625,494.1499938964844,499.0,499.0,57016
2024-05-02,499.95001220703125,505.0,488.8999938964844,495.25,495.25,44629
2024-05-03,499.8999938964844,523.0,488.54998779296875,492.54998779296875,492.54998779296875,98141
2024-05-06,495.0,501.25,476.04998779296875,488.04998779296875,488.04998779296875,52254
2024-05-07,488.75,498.45001220703125,467.1000061035156,472.8999938964844,472.8999938964844,146309
2024-05-08,472.6000061035156,498.25,465.54998779296875,491.6499938964844,491.6499938964844,59763
2024-05-09,493.70001220703125,495.29998779296875,467.70001220703125,470.6499938964844,470.6499938964844,48288
2024-05-10,472.75,476.6499938964844,461.79998779296875,472.3999938964844,472.3999938964844,44211
2024-05-13,473.3500061035156,473.95001220703125,451.95001220703125,463.79998779296875,463.79998779296875,58503
2024-05-14,465.79998779296875,486.0,465.45001220703125,477.3999938964844,477.3999938964844,48897
2024-05-15,478.8999938964844,494.95001220703125,477.5,486.6000061035156,486.6000061035156,63005
2024-05-16,488.8999938964844,489.8500061035156,472.3500061035156,476.04998779296875,476.04998779296875,42683
2024-05-17,477.79998779296875,480.25,469.20001220703125,470.29998779296875,470.29998779296875,34943
2024-05-21,487.20001220703125,489.79998779296875,480.6000061035156,483.8999938964844,483.8999938964844,30981
2024-05-22,480.20001220703125,496.95001220703125,472.6000061035156,492.3999938964844,492.3999938964844,60816
2024-05-23,493.0,493.6000061035156,481.1499938964844,483.25,483.25,34502
2024-05-24,485.70001220703125,494.0,476.3999938964844,485.5,485.5,49879
2024-05-27,486.79998779296875,494.0,475.3500061035156,483.3999938964844,483.3999938964844,40850
2024-05-28,494.1499938964844,512.5999755859375,472.04998779296875,478.1499938964844,478.1499938964844,115882
2024-05-29,480.0,485.95001220703125,472.0,472.25,472.25,27895
2024-05-30,472.5,474.0,454.1000061035156,455.6000061035156,455.6000061035156,39049
2024-05-31,452.0,465.0,440.1000061035156,452.79998779296875,452.79998779296875,55676
2024-06-03,463.0,466.20001220703125,460.0,462.20001220703125,462.20001220703125,50710
2024-06-04,460.0,460.0,399.04998779296875,421.0,421.0,90751
2024-06-05,433.6000061035156,442.0,422.29998779296875,440.5,440.5,38342
2024-06-06,441.6000061035156,454.8999938964844,441.5,449.54998779296875,449.54998779296875,57892
2024-06-07,450.8999938964844,494.8999938964844,449.3500061035156,471.79998779296875,471.79998779296875,175579
2024-06-10,473.6499938964844,492.0,473.6499938964844,489.70001220703125,489.70001220703125,57247
2024-06-11,492.95001220703125,504.0,484.3500061035156,498.3999938964844,498.3999938964844,30659
