Date,Open,High,Low,Close,Adj Close,Volume
2005-07-18,30.0,30.9950008392334,25.40999984741211,26.010000228881836,24.201583862304688,38319190
2005-07-19,26.299999237060547,26.8700008392334,25.764999389648438,25.860000610351562,24.06201934814453,10474470
2005-07-20,26.600000381469727,26.600000381469727,25.5049991607666,25.635000228881836,23.8526611328125,6811320
2005-07-21,25.969999313354492,26.100000381469727,24.5,24.655000686645508,22.940797805786133,2147170
2005-07-22,24.655000686645508,25.334999084472656,24.56999969482422,24.829999923706055,23.103628158569336,1459670
2005-07-25,25.0,26.06999969482422,24.899999618530273,25.03499984741211,23.294376373291016,4078500
2005-07-26,25.0,25.25,23.290000915527344,24.135000228881836,22.456951141357422,1607510
2005-07-27,24.25,24.700000762939453,24.0,24.05500030517578,22.38251304626465,1114100
2005-07-28,24.05500030517578,24.05500030517578,24.05500030517578,24.05500030517578,22.38251304626465,0
2005-07-29,23.850000381469727,24.295000076293945,23.40999984741211,23.540000915527344,21.903316497802734,705090
2005-08-01,23.799999237060547,24.360000610351562,23.399999618530273,24.149999618530273,22.470909118652344,1049260
2005-08-02,24.200000762939453,25.299999237060547,23.774999618530273,24.989999771118164,23.252506256103516,3723550
2005-08-03,25.100000381469727,25.44499969482422,24.25,24.415000915527344,22.717485427856445,1374850
2005-08-04,24.700000762939453,24.985000610351562,24.329999923706055,24.459999084472656,22.759355545043945,981710
2005-08-05,24.489999771118164,25.25,24.21500015258789,24.975000381469727,23.238550186157227,2305520
2005-08-08,24.975000381469727,25.450000762939453,24.5,24.56999969482422,22.86170768737793,479380
2005-08-09,23.799999237060547,24.8799991607666,23.5,24.114999771118164,22.438344955444336,566980
2005-08-10,24.399999618530273,24.59000015258789,24.024999618530273,24.09000015258789,22.41507911682129,312390
2005-08-11,24.200000762939453,24.700000762939453,24.06999969482422,24.469999313354492,22.768657684326172,537250
2005-08-12,24.024999618530273,26.299999237060547,24.024999618530273,25.600000381469727,23.820093154907227,5616840
2005-08-16,26.0,26.0,25.209999084472656,25.459999084472656,23.6898250579834,925190
2005-08-17,25.5049991607666,25.979999542236328,25.149999618530273,25.584999084472656,23.806137084960938,1171030
2005-08-18,25.799999237060547,28.5,25.75,26.834999084472656,24.969228744506836,6421390
2005-08-19,27.149999618530273,27.575000762939453,26.454999923706055,26.8799991607666,25.01109504699707,3943130
2005-08-22,27.045000076293945,27.270000457763672,25.704999923706055,25.94499969482422,24.141103744506836,1363790
2005-08-23,26.295000076293945,26.385000228881836,25.270000457763672,25.399999618530273,23.633995056152344,764560
2005-08-24,25.309999465942383,26.280000686645508,25.225000381469727,25.3799991607666,23.615388870239258,1111870
2005-08-25,25.594999313354492,27.5,25.235000610351562,26.709999084472656,24.852920532226562,3563800
2005-08-26,27.0,27.485000610351562,26.6299991607666,26.989999771118164,25.113449096679688,1465050
2005-08-29,27.299999237060547,28.200000762939453,26.809999465942383,27.815000534057617,25.881088256835938,4224420
2005-08-30,27.860000610351562,28.5,27.405000686645508,27.635000228881836,25.71360206604004,2164210
2005-08-31,27.979999542236328,27.989999771118164,27.299999237060547,27.510000228881836,25.597293853759766,674280
2005-09-01,27.899999618530273,27.899999618530273,27.219999313354492,27.264999389648438,25.369327545166016,417730
2005-09-02,27.40999984741211,27.530000686645508,27.0,27.049999237060547,25.16927719116211,421970
2005-09-05,27.100000381469727,27.5,26.700000762939453,26.80500030517578,24.941314697265625,325550
2005-09-06,27.100000381469727,27.100000381469727,26.405000686645508,26.510000228881836,24.66682243347168,242910
2005-09-08,26.799999237060547,26.899999618530273,26.399999618530273,26.520000457763672,24.676128387451172,248640
2005-09-09,26.5,26.649999618530273,26.104999542236328,26.184999465942383,24.364418029785156,165440
2005-09-12,26.010000228881836,26.290000915527344,25.90999984741211,26.03499984741211,24.22484588623047,444240
2005-09-13,26.100000381469727,26.200000762939453,25.799999237060547,25.8799991607666,24.080623626708984,134460
2005-09-14,26.0,27.0,25.709999084472656,26.139999389648438,24.322546005249023,1044130
2005-09-15,25.5,28.0,25.5,27.4950008392334,25.583335876464844,4129650
2005-09-16,27.790000915527344,28.5,26.43000030517578,26.604999542236328,24.755216598510742,690520
2005-09-19,26.979999542236328,26.979999542236328,26.299999237060547,26.3799991607666,24.54585838317871,227430
2005-09-20,26.325000762939453,26.405000686645508,25.600000381469727,25.690000534057617,23.903833389282227,294500
2005-09-21,25.989999771118164,26.0,23.5,24.764999389648438,23.04315185546875,433940
2005-09-22,24.5,25.0,21.5,21.764999389648438,20.251731872558594,1280770
2005-09-23,22.5,22.899999618530273,21.610000610351562,22.475000381469727,20.91236686706543,608680
2005-09-26,23.0,23.5,22.700000762939453,23.43000030517578,21.800966262817383,360070
2005-09-27,23.5,24.290000915527344,23.329999923706055,23.670000076293945,22.024282455444336,567160
2005-09-28,24.0,24.0,23.049999237060547,23.139999389648438,21.531131744384766,295600
2005-09-29,23.0,23.479999542236328,22.625,22.7549991607666,21.172901153564453,306230
2005-09-30,22.604999542236328,23.0,21.100000381469727,21.764999389648438,20.251731872558594,628460
2005-10-03,21.415000915527344,22.899999618530273,21.415000915527344,22.334999084472656,20.7821044921875,384770
2005-10-04,22.985000610351562,23.0,22.510000228881836,22.80500030517578,21.219419479370117,606790
2005-10-05,22.989999771118164,23.0,22.399999618530273,22.440000534057617,20.879802703857422,387200
2005-10-06,22.229999542236328,22.549999237060547,22.139999389648438,22.440000534057617,20.879802703857422,314090
2005-10-07,22.834999084472656,22.864999771118164,21.610000610351562,21.764999389648438,20.251731872558594,299670
2005-10-10,22.09000015258789,22.260000228881836,21.399999618530273,21.514999389648438,20.01911163330078,209130
2005-10-11,21.700000762939453,21.850000381469727,21.200000762939453,21.780000686645508,20.265689849853516,297450
2005-10-13,21.90999984741211,22.0,21.5,21.625,20.1214656829834,272900
2005-10-14,21.559999465942383,21.899999618530273,21.299999237060547,21.55500030517578,20.05632972717285,457050
2005-10-17,21.399999618530273,21.575000762939453,20.510000228881836,20.579999923706055,19.14912223815918,415730
2005-10-18,21.0,21.09000015258789,20.0,20.014999389648438,18.623403549194336,250070
2005-10-19,20.049999237060547,20.049999237060547,19.299999237060547,19.354999542236328,18.009292602539062,241150
2005-10-20,20.100000381469727,21.690000534057617,19.30500030517578,19.485000610351562,18.130252838134766,515830
2005-10-21,19.299999237060547,19.684999465942383,19.235000610351562,19.559999465942383,18.200044631958008,283030
2005-10-24,19.510000228881836,20.200000762939453,19.5049991607666,19.915000915527344,18.53036117553711,308960
2005-10-25,20.0,20.4950008392334,19.829999923706055,19.934999465942383,18.548967361450195,192580
2005-10-26,20.0,21.290000915527344,20.0,20.674999237060547,19.237516403198242,1862480
2005-10-27,20.399999618530273,20.75,19.799999237060547,19.934999465942383,18.548967361450195,368030
2005-10-28,20.0,20.200000762939453,18.600000381469727,19.139999389648438,17.809240341186523,332500
2005-10-31,19.100000381469727,19.34000015258789,18.760000228881836,19.030000686645508,17.706892013549805,263410
2005-11-02,19.5,20.0,19.0,19.71500015258789,18.344266891479492,368220
2005-11-04,19.71500015258789,19.71500015258789,19.71500015258789,19.71500015258789,18.344266891479492,0
2005-11-07,19.940000534057617,20.4950008392334,19.7450008392334,20.264999389648438,18.856019973754883,227560
2005-11-08,20.15999984741211,20.399999618530273,20.0,20.1299991607666,18.730409622192383,573480
2005-11-09,20.149999618530273,20.68000030517578,20.05500030517578,20.15999984741211,18.75832176208496,228170
2005-11-10,20.05500030517578,20.299999237060547,19.905000686645508,19.94499969482422,18.558271408081055,242340
2005-11-11,20.184999465942383,20.299999237060547,19.954999923706055,20.135000228881836,18.735063552856445,310830
2005-11-14,20.565000534057617,22.149999618530273,20.565000534057617,21.7450008392334,20.233121871948242,1057500
2005-11-16,21.899999618530273,22.184999465942383,21.5049991607666,21.690000534057617,20.18194580078125,678020
2005-11-17,21.700000762939453,21.899999618530273,21.299999237060547,21.459999084472656,19.96793556213379,262650
2005-11-18,21.78499984741211,21.889999389648438,21.049999237060547,21.149999618530273,19.679489135742188,383760
2005-11-21,21.43000030517578,21.5,20.915000915527344,21.045000076293945,19.581790924072266,2062760
2005-11-22,21.149999618530273,21.149999618530273,20.709999084472656,20.829999923706055,19.381738662719727,448520
2005-11-23,20.9950008392334,20.9950008392334,20.565000534057617,20.59000015258789,19.158428192138672,186620
2005-11-24,21.200000762939453,21.299999237060547,20.065000534057617,20.21500015258789,18.809499740600586,275300
2005-11-25,20.299999237060547,20.899999618530273,20.264999389648438,20.645000457763672,19.20960235595703,292480
2005-11-28,21.0,21.0,20.71500015258789,20.764999389648438,19.321258544921875,269270
2005-11-29,20.764999389648438,21.100000381469727,20.424999237060547,20.4950008392334,19.07003402709961,188340
2005-11-30,20.65999984741211,20.850000381469727,20.399999618530273,20.459999084472656,19.03746223449707,351860
2005-12-01,20.299999237060547,20.6200008392334,20.125,20.274999618530273,18.865324020385742,224140
2005-12-02,20.40999984741211,21.674999237060547,20.309999465942383,20.739999771118164,19.29800033569336,2152530
2005-12-05,20.809999465942383,21.290000915527344,20.700000762939453,21.049999237060547,19.586442947387695,239550
2005-12-06,21.149999618530273,21.399999618530273,20.829999923706055,21.05500030517578,19.591096878051758,428890
2005-12-07,20.950000762939453,21.700000762939453,20.799999237060547,20.9950008392334,19.535268783569336,403190
2005-12-08,21.149999618530273,21.389999389648438,20.799999237060547,20.8700008392334,19.41895866394043,336730
2005-12-09,21.0,21.399999618530273,20.700000762939453,20.84000015258789,19.39104461669922,361980
2005-12-12,21.0,21.149999618530273,20.799999237060547,20.905000686645508,19.451522827148438,441270
2005-12-13,20.225000381469727,21.40999984741211,20.225000381469727,21.114999771118164,19.64692497253418,653910
2005-12-14,21.1200008392334,21.625,21.0,21.30500030517578,19.823713302612305,307620
2005-12-15,21.399999618530273,22.299999237060547,21.399999618530273,21.600000381469727,20.098201751708984,764010
2005-12-16,21.864999771118164,21.950000762939453,21.329999923706055,21.434999465942383,19.944679260253906,241880
2005-12-19,21.594999313354492,21.895000457763672,21.0049991607666,21.149999618530273,19.679489135742188,324620
2005-12-20,21.100000381469727,21.239999771118164,20.75,20.885000228881836,19.432918548583984,323970
2005-12-21,20.899999618530273,21.3799991607666,20.770000457763672,21.059999465942383,19.595746994018555,329530
2005-12-22,21.725000381469727,21.725000381469727,20.649999618530273,20.799999237060547,19.35382652282715,311530
2005-12-23,20.565000534057617,21.0049991607666,20.549999237060547,20.584999084472656,19.153772354125977,254830
2005-12-26,20.600000381469727,20.604999542236328,19.915000915527344,20.010000228881836,18.618751525878906,292650
2005-12-27,20.0,20.850000381469727,20.0,20.604999542236328,19.172382354736328,252000
2005-12-28,20.540000915527344,20.889999389648438,20.290000915527344,20.56999969482422,19.139814376831055,300440
2005-12-29,20.75,21.200000762939453,20.469999313354492,21.014999389648438,19.553876876831055,429970
2005-12-30,21.15999984741211,22.479999542236328,21.15999984741211,21.665000915527344,20.158681869506836,1159390
2006-01-02,21.989999771118164,22.81999969482422,21.700000762939453,22.075000762939453,20.540178298950195,1476580
2006-01-03,22.434999465942383,22.770000457763672,22.25,22.420000076293945,20.861190795898438,1338630
2006-01-04,22.649999618530273,23.229999542236328,22.424999237060547,22.645000457763672,21.070547103881836,1097730
2006-01-05,22.700000762939453,22.940000534057617,22.209999084472656,22.30500030517578,20.754186630249023,335030
2006-01-06,22.454999923706055,22.5,21.915000915527344,22.135000228881836,20.596006393432617,364000
2006-01-09,22.149999618530273,22.545000076293945,21.899999618530273,21.950000762939453,20.423870086669922,287140
2006-01-10,21.850000381469727,23.350000381469727,21.649999618530273,22.959999084472656,21.363645553588867,3384670
2006-01-12,22.5,24.479999542236328,22.489999771118164,24.014999389648438,22.345293045043945,5441820
2006-01-13,24.200000762939453,24.59000015258789,23.260000228881836,23.489999771118164,21.856794357299805,1766810
2006-01-16,23.5049991607666,23.5049991607666,22.850000381469727,22.96500015258789,21.36829948425293,353610
2006-01-17,23.225000381469727,23.395000457763672,22.155000686645508,22.360000610351562,20.805362701416016,420540
2006-01-18,22.389999389648438,22.68000030517578,21.915000915527344,22.0,20.47039222717285,295090
2006-01-19,22.280000686645508,22.850000381469727,22.06999969482422,22.209999084472656,20.665790557861328,422590
2006-01-20,22.700000762939453,22.700000762939453,22.270000457763672,22.53499984741211,20.96819496154785,271250
2006-01-23,22.735000610351562,23.75,22.549999237060547,23.209999084472656,21.596263885498047,575470
2006-01-24,24.190000534057617,24.200000762939453,23.0,23.950000762939453,22.28481101989746,1626890
2006-01-25,24.385000228881836,24.899999618530273,22.864999771118164,23.354999542236328,21.731184005737305,1227920
2006-01-27,23.84000015258789,23.889999389648438,23.299999237060547,23.770000457763672,22.11733055114746,707990
2006-01-30,23.604999542236328,23.774999618530273,22.799999237060547,22.8799991607666,21.289207458496094,372020
2006-01-31,22.639999389648438,23.264999389648438,22.299999237060547,22.375,20.819320678710938,517320
2006-02-01,22.690000534057617,23.56999969482422,22.350000381469727,22.559999465942383,21.085695266723633,588050
2006-02-02,23.0,23.0,21.899999618530273,22.114999771118164,20.66977882385254,336360
2006-02-03,22.389999389648438,25.0,22.059999465942383,24.770000457763672,23.151273727416992,3754560
2006-02-06,25.700000762939453,25.770000457763672,24.549999237060547,24.645000457763672,23.03443717956543,2084720
2006-02-07,24.885000228881836,26.0,24.614999771118164,25.485000610351562,23.819547653198242,3448600
2006-02-08,25.649999618530273,25.649999618530273,24.700000762939453,24.790000915527344,23.169967651367188,1238390
2006-02-10,25.100000381469727,25.600000381469727,25.0,25.350000381469727,23.69336700439453,995910
2006-02-13,25.584999084472656,26.700000762939453,25.110000610351562,25.834999084472656,24.146669387817383,3404050
2006-02-14,26.049999237060547,26.100000381469727,24.93000030517578,25.094999313354492,23.45503044128418,1366280
2006-02-15,25.25,25.989999771118164,25.0,25.360000610351562,23.702714920043945,971320
2006-02-16,25.040000915527344,25.65999984741211,24.799999237060547,25.010000228881836,23.375585556030273,390170
2006-02-17,25.010000228881836,26.600000381469727,24.614999771118164,25.635000228881836,23.959741592407227,3370760
2006-02-20,25.5,25.700000762939453,25.014999389648438,25.299999237060547,23.64663314819336,714230
2006-02-21,25.40999984741211,25.600000381469727,25.0,25.28499984741211,23.632612228393555,1545470
2006-02-22,25.299999237060547,26.790000915527344,25.149999618530273,26.219999313354492,24.506511688232422,3664800
2006-02-23,26.325000762939453,26.69499969482422,24.5,25.875,24.184059143066406,2211950
2006-02-24,25.94499969482422,26.479999542236328,25.30500030517578,25.479999542236328,23.814870834350586,573900
2006-02-27,25.719999313354492,26.100000381469727,25.225000381469727,25.450000762939453,23.786832809448242,866390
2006-02-28,25.5,26.0,24.959999084472656,25.690000534057617,24.01114845275879,701230
2006-03-01,25.56999969482422,26.145000457763672,25.200000762939453,25.485000610351562,23.819547653198242,559910
2006-03-02,25.790000915527344,25.790000915527344,24.770000457763672,25.065000534057617,23.42699432373047,1484850
2006-03-03,25.899999618530273,25.899999618530273,24.799999237060547,24.93000030517578,23.30081558227539,724270
2006-03-06,25.594999313354492,26.579999923706055,25.0049991607666,26.329999923706055,24.609325408935547,5308220
2006-03-07,26.5,26.5,25.235000610351562,25.43000030517578,23.76814079284668,826670
2006-03-08,25.420000076293945,25.700000762939453,25.0,25.139999389648438,23.49709129333496,571770
2006-03-09,25.125,25.5,24.799999237060547,25.149999618530273,23.50643539428711,525620
2006-03-10,25.59000015258789,25.600000381469727,24.90999984741211,25.09000015258789,23.450361251831055,534790
2006-03-13,25.299999237060547,26.600000381469727,25.125,26.344999313354492,24.623342514038086,1750680
2006-03-14,26.399999618530273,27.639999389648438,26.399999618530273,27.3700008392334,25.581357955932617,5691450
2006-03-16,27.5,28.200000762939453,27.225000381469727,27.635000228881836,25.829038619995117,4429990
2006-03-17,27.700000762939453,27.8700008392334,27.135000228881836,27.584999084472656,25.78230857849121,1693710
2006-03-20,27.799999237060547,27.850000381469727,26.610000610351562,26.8700008392334,25.114036560058594,1009500
2006-03-21,27.100000381469727,27.125,26.200000762939453,26.30500030517578,24.585960388183594,473490
2006-03-22,26.270000457763672,26.28499984741211,25.799999237060547,25.9950008392334,24.296215057373047,531820
2006-03-23,26.149999618530273,27.479999542236328,26.149999618530273,26.545000076293945,24.810274124145508,915650
2006-03-24,26.895000457763672,27.899999618530273,26.700000762939453,27.594999313354492,25.791656494140625,2413450
2006-03-27,27.5,27.5,25.799999237060547,26.0,24.30088996887207,1420340
2006-03-28,26.0,26.479999542236328,25.200000762939453,25.350000381469727,23.69336700439453,2862400
2006-03-29,23.579999923706055,25.989999771118164,23.579999923706055,25.110000610351562,23.46904945373535,564130
2006-03-30,25.299999237060547,25.600000381469727,25.299999237060547,25.424999237060547,23.763463973999023,372230
2006-03-31,25.454999923706055,27.100000381469727,25.229999542236328,26.545000076293945,24.810274124145508,2273680
2006-04-03,26.389999389648438,27.200000762939453,26.200000762939453,26.424999237060547,24.6981143951416,1160590
2006-04-04,26.559999465942383,26.899999618530273,26.100000381469727,26.25,24.534549713134766,372290
2006-04-05,26.799999237060547,27.299999237060547,26.329999923706055,26.799999237060547,25.048606872558594,733460
2006-04-07,27.0,27.184999465942383,25.510000228881836,26.0049991607666,24.30556297302246,635780
2006-04-10,26.0,26.68000030517578,25.459999084472656,26.30500030517578,24.585960388183594,1231960
2006-04-12,26.399999618530273,26.924999237060547,26.325000762939453,26.325000762939453,24.604652404785156,583640
2006-04-13,25.700000762939453,26.299999237060547,25.010000228881836,25.704999923706055,24.02516746520996,781640
2006-04-17,26.5,26.5,25.625,26.06999969482422,24.366315841674805,833040
2006-04-18,26.395000457763672,26.950000762939453,26.014999389648438,26.21500015258789,24.50183868408203,1403490
2006-04-19,26.5,26.985000610351562,25.799999237060547,26.264999389648438,24.54857063293457,3948490
2006-04-20,26.545000076293945,26.600000381469727,25.850000381469727,26.190000534057617,24.478473663330078,1144750
2006-04-21,26.1200008392334,26.3700008392334,25.915000915527344,25.989999771118164,24.291542053222656,731020
2006-04-24,25.719999313354492,26.454999923706055,25.719999313354492,26.094999313354492,24.389678955078125,1438490
2006-04-25,26.299999237060547,26.600000381469727,25.815000534057617,26.209999084472656,24.497167587280273,1047700
2006-04-26,26.3700008392334,26.489999771118164,26.100000381469727,26.165000915527344,24.45510482788086,577400
2006-04-27,26.59000015258789,26.649999618530273,26.200000762939453,26.329999923706055,24.609325408935547,899280
2006-04-28,25.510000228881836,26.200000762939453,25.510000228881836,26.0,24.30088996887207,816190
2006-05-02,27.395000457763672,28.299999237060547,26.604999542236328,26.93000030517578,25.170116424560547,1150920
2006-05-03,27.489999771118164,27.489999771118164,26.5,27.0,25.23554039001465,778820
2006-05-04,26.704999923706055,27.780000686645508,26.56999969482422,26.864999771118164,25.10936164855957,1026230
2006-05-05,27.3799991607666,27.3799991607666,26.6299991607666,26.69499969482422,24.95047378540039,742450
2006-05-08,26.950000762939453,27.399999618530273,26.399999618530273,26.485000610351562,24.75419807434082,455270
2006-05-09,26.600000381469727,27.219999313354492,26.559999465942383,26.940000534057617,25.17945671081543,418290
2006-05-10,27.0,27.190000534057617,26.65999984741211,26.81999969482422,25.06730079650879,406690
2006-05-11,26.979999542236328,27.4950008392334,26.0,26.485000610351562,24.75419807434082,1034340
2006-05-12,25.719999313354492,26.360000610351562,25.600000381469727,25.834999084472656,24.146669387817383,285370
2006-05-15,25.834999084472656,27.100000381469727,25.5,25.780000686645508,24.095264434814453,432210
2006-05-16,26.09000015258789,26.09000015258789,24.0,24.889999389648438,23.263429641723633,507890
2006-05-17,25.389999389648438,25.649999618530273,25.219999313354492,25.389999389648438,23.730756759643555,181200
2006-05-18,25.0,25.600000381469727,22.0,22.774999618530273,21.28664207458496,317260
2006-05-19,22.5,24.399999618530273,21.5,21.969999313354492,20.534252166748047,242070
2006-05-22,21.899999618530273,22.850000381469727,17.700000762939453,18.25,17.057355880737305,938160
2006-05-23,19.0,19.739999771118164,15.0,18.93000030517578,17.69291877746582,2438060
2006-05-24,19.225000381469727,20.469999313354492,18.5,18.68000030517578,17.45925521850586,752880
2006-05-25,18.5,18.665000915527344,17.5,18.09000015258789,16.907812118530273,311900
2006-05-26,17.90999984741211,19.399999618530273,17.90999984741211,18.90999984741211,17.674224853515625,319340
2006-05-29,19.149999618530273,19.5,19.010000228881836,19.295000076293945,18.0340633392334,464810
2006-05-30,19.5,20.299999237060547,19.010000228881836,19.270000457763672,18.01069450378418,550150
2006-05-31,19.0,19.200000762939453,18.25,18.375,17.17418670654297,303230
2006-06-01,19.0,19.200000762939453,17.200000762939453,17.975000381469727,16.80032730102539,370210
2006-06-02,17.510000228881836,18.299999237060547,16.375,17.139999389648438,16.019893646240234,510310
2006-06-05,17.799999237060547,17.799999237060547,17.0,17.149999618530273,16.029239654541016,412450
2006-06-06,17.0,17.0,15.895000457763672,15.944999694824219,14.902986526489258,449090
2006-06-07,16.5,16.889999389648438,12.760000228881836,12.760000228881836,11.926127433776855,807830
2006-06-08,12.899999618530273,13.1899995803833,10.210000038146973,10.210000038146973,9.54277229309082,1380660
2006-06-09,10.0,11.149999618530273,9.199999809265137,10.694999694824219,9.996075630187988,4245620
2006-06-12,11.0,11.765000343322754,10.609999656677246,11.1899995803833,10.45872974395752,1052920
2006-06-13,10.199999809265137,10.5,10.074999809265137,10.074999809265137,9.416595458984375,451380
2006-06-14,10.295000076293945,10.4399995803833,9.069999694824219,9.069999694824219,8.477272033691406,1374370
2006-06-15,9.300000190734863,9.789999961853027,9.100000381469727,9.600000381469727,8.972636222839355,358840
2006-06-16,10.399999618530273,10.5600004196167,9.899999618530273,10.399999618530273,9.720356941223145,415920
2006-06-19,10.899999618530273,10.979999542236328,10.399999618530273,10.744999885559082,10.042810440063477,239260
2006-06-20,10.699999809265137,11.399999618530273,10.399999618530273,11.055000305175781,10.332551002502441,828980
2006-06-21,11.199999809265137,12.164999961853027,11.199999809265137,12.164999961853027,11.370011329650879,339530
2006-06-22,12.654999732971191,12.774999618530273,12.654999732971191,12.774999618530273,11.940147399902344,24370
2006-06-23,13.199999809265137,13.414999961853027,12.300000190734863,13.414999961853027,12.538322448730469,434970
2006-06-26,14.470000267028809,14.795000076293945,13.385000228881836,13.385000228881836,12.510286331176758,512620
2006-06-27,12.755000114440918,13.399999618530273,12.720000267028809,12.720000267028809,11.88874340057373,107560
2006-06-28,12.085000038146973,12.085000038146973,12.085000038146973,12.085000038146973,11.295241355895996,26030
2006-06-29,12.100000381469727,12.6899995803833,12.100000381469727,12.444999694824219,11.631714820861816,165360
2006-06-30,13.069999694824219,13.069999694824219,12.930000305175781,13.069999694824219,12.215869903564453,314070
2006-07-03,13.699999809265137,13.725000381469727,13.699999809265137,13.725000381469727,12.828065872192383,53030
2006-07-04,14.414999961853027,14.414999961853027,14.324999809265137,14.414999961853027,13.472975730895996,95700
2006-07-05,15.135000228881836,15.140000343322754,13.725000381469727,14.170000076293945,13.243985176086426,883220
2006-07-06,14.194999694824219,14.194999694824219,13.5,13.75,12.851431846618652,115670
2006-07-07,13.984999656677246,14.020000457763672,13.0649995803833,13.119999885559082,12.262602806091309,172890
2006-07-10,13.199999809265137,13.479999542236328,12.675000190734863,13.390000343322754,12.514959335327148,128360
2006-07-11,13.21500015258789,13.489999771118164,12.920000076293945,13.024999618530273,12.173809051513672,79680
2006-07-12,12.899999618530273,13.680000305175781,12.470000267028809,13.454999923706055,12.575711250305176,264010
2006-07-13,13.130000114440918,14.100000381469727,13.130000114440918,13.414999961853027,12.538322448730469,186590
2006-07-14,13.399999618530273,13.399999618530273,13.010000228881836,13.050000190734863,12.197176933288574,77210
2006-07-17,12.720000267028809,13.234999656677246,12.720000267028809,12.949999809265137,12.10371208190918,66680
2006-07-18,12.670000076293945,13.1899995803833,12.3100004196167,12.345000267028809,11.538249015808105,91460
2006-07-19,12.300000190734863,12.859999656677246,11.729999542236328,11.729999542236328,10.963438987731934,129360
2006-07-20,11.994999885559082,12.260000228881836,11.550000190734863,12.024999618530273,11.239161491394043,178800
2006-07-21,11.899999618530273,11.899999618530273,11.425000190734863,11.479999542236328,10.729776382446289,94460
2006-07-24,11.5,11.5,10.90999984741211,10.90999984741211,10.197026252746582,59700
2006-07-25,11.074999809265137,11.460000038146973,10.930000305175781,11.460000038146973,10.711084365844727,131750
2006-07-26,11.869999885559082,12.03499984741211,11.649999618530273,12.005000114440918,11.220468521118164,1333660
2006-07-27,12.199999809265137,12.604999542236328,12.010000228881836,12.239999771118164,11.440110206604004,1605270
2006-07-28,12.829999923706055,12.854999542236328,12.199999809265137,12.414999961853027,11.603673934936523,505250
2006-07-31,12.699999809265137,12.739999771118164,12.199999809265137,12.345000267028809,11.538249015808105,444470
2006-08-01,12.529999732971191,12.529999732971191,12.050000190734863,12.154999732971191,11.360666275024414,572030
2006-08-02,12.289999961853027,12.680000305175781,11.550000190734863,11.895000457763672,11.117657661437988,517680
2006-08-03,12.175000190734863,12.199999809265137,11.760000228881836,11.930000305175781,11.150368690490723,767600
2006-08-04,12.09000015258789,12.199999809265137,11.71500015258789,11.789999961853027,11.019518852233887,751940
2006-08-07,11.899999618530273,11.899999618530273,11.25,11.295000076293945,10.556867599487305,554700
2006-08-08,11.479999542236328,11.479999542236328,11.239999771118164,11.305000305175781,10.566213607788086,655230
2006-08-09,11.5,11.869999885559082,11.354999542236328,11.869999885559082,11.094290733337402,313020
2006-08-10,12.100000381469727,12.90999984741211,11.949999809265137,12.579999923706055,11.757892608642578,1191460
2006-08-11,12.789999961853027,13.095000267028809,12.399999618530273,12.880000114440918,12.038286209106445,943070
2006-08-14,13.100000381469727,14.170000076293945,13.100000381469727,14.149999618530273,13.22529125213623,3203280
2006-08-16,14.300000190734863,14.649999618530273,13.75,13.890000343322754,12.982282638549805,1325030
2006-08-17,14.069999694824219,14.170000076293945,13.350000381469727,13.635000228881836,12.74394702911377,879200
2006-08-18,13.890000343322754,13.925000190734863,13.5,13.625,12.734601020812988,969620
2006-08-21,13.890000343322754,14.3100004196167,13.529999732971191,14.3100004196167,13.374836921691895,719820
2006-08-22,14.770000457763672,15.029999732971191,14.609999656677246,14.6899995803833,13.730001449584961,1114270
2006-08-23,14.800000190734863,14.899999618530273,14.399999618530273,14.600000381469727,13.645885467529297,1088590
2006-08-24,14.800000190734863,14.800000190734863,14.21500015258789,14.444999694824219,13.50101375579834,495680
2006-08-25,14.520000457763672,14.75,14.100000381469727,14.279999732971191,13.346796035766602,319480
2006-08-28,14.579999923706055,14.579999923706055,14.279999732971191,14.34000015258789,13.402876853942871,245080
2006-08-29,14.489999771118164,14.5,14.199999809265137,14.274999618530273,13.342122077941895,374300
2006-08-30,14.3149995803833,14.479999542236328,14.050000190734863,14.095000267028809,13.173885345458984,382000
2006-08-31,14.295000076293945,14.295000076293945,13.904999732971191,13.9350004196167,13.02434253692627,327700
2006-09-01,14.1899995803833,14.1899995803833,13.899999618530273,13.960000038146973,13.047707557678223,353520
2006-09-04,14.085000038146973,14.350000381469727,13.899999618530273,13.954999923706055,13.043034553527832,295310
2006-09-05,14.149999618530273,14.300000190734863,13.899999618530273,13.960000038146973,13.047707557678223,366450
2006-09-06,14.03499984741211,14.449999809265137,13.914999961853027,13.970000267028809,13.057055473327637,560440
2006-09-07,13.899999618530273,14.140000343322754,13.819999694824219,13.899999618530273,12.991626739501953,543680
2006-09-08,14.015000343322754,14.135000228881836,13.8100004196167,13.930000305175781,13.019668579101562,434010
2006-09-11,14.0600004196167,14.100000381469727,13.234999656677246,13.244999885559082,12.379435539245605,446160
2006-09-12,13.0,13.0,12.71500015258789,12.989999771118164,12.141097068786621,746710
2006-09-13,13.199999809265137,13.470000267028809,13.0,13.104999542236328,12.248583793640137,462370
2006-09-14,13.024999618530273,13.369999885559082,12.949999809265137,13.069999694824219,12.215869903564453,360100
2006-09-15,13.199999809265137,13.25,12.854999542236328,12.930000305175781,12.085021018981934,500230
2006-09-18,13.100000381469727,13.579999923706055,13.0,13.53499984741211,12.650481224060059,910350
2006-09-19,13.789999961853027,13.885000228881836,13.199999809265137,13.324999809265137,12.454205513000488,465450
2006-09-20,13.220000267028809,13.5,13.0,13.260000228881836,12.393454551696777,348440
2006-09-21,13.300000190734863,13.449999809265137,13.100000381469727,13.244999885559082,12.379435539245605,589890
2006-09-22,13.260000228881836,13.289999961853027,13.104999542236328,13.199999809265137,12.33737564086914,516040
2006-09-25,13.21500015258789,13.369999885559082,13.109999656677246,13.255000114440918,12.388779640197754,397000
2006-09-26,13.300000190734863,13.4350004196167,13.225000381469727,13.354999542236328,12.482247352600098,351410
2006-09-27,13.454999923706055,13.949999809265137,13.25,13.324999809265137,12.454205513000488,764300
2006-09-28,13.404999732971191,13.770000457763672,13.255000114440918,13.345000267028809,12.472900390625,439470
2006-09-29,13.484999656677246,13.550000190734863,13.25,13.324999809265137,12.454205513000488,342470
2006-10-03,13.350000381469727,13.484999656677246,13.324999809265137,13.369999885559082,12.49626636505127,264850
2006-10-04,13.210000038146973,13.890000343322754,13.210000038146973,13.604999542236328,12.715907096862793,973630
2006-10-05,13.9399995803833,14.28499984741211,13.739999771118164,14.28499984741211,13.351468086242676,880030
2006-10-06,14.84000015258789,15.0,14.350000381469727,14.59000015258789,13.6365385055542,1118070
2006-10-09,14.489999771118164,15.319999694824219,14.399999618530273,15.194999694824219,14.202001571655273,1332180
2006-10-10,15.774999618530273,16.610000610351562,15.699999809265137,16.024999618530273,14.977760314941406,1589780
2006-10-11,16.219999313354492,16.600000381469727,15.5,15.760000228881836,14.730076789855957,676280
2006-10-12,16.0,16.040000915527344,15.510000228881836,15.720000267028809,14.692691802978516,716570
2006-10-13,15.984999656677246,16.100000381469727,15.300000190734863,15.335000038146973,14.33285140991211,371840
2006-10-16,15.010000228881836,15.899999618530273,15.010000228881836,15.350000381469727,14.346869468688965,227470
2006-10-17,15.774999618530273,16.3700008392334,15.0,15.350000381469727,14.346869468688965,669820
2006-10-18,15.680000305175781,15.850000381469727,15.225000381469727,15.364999771118164,14.360889434814453,525440
2006-10-19,15.470000267028809,15.600000381469727,15.149999618530273,15.220000267028809,14.22536849975586,356210
2006-10-20,15.489999771118164,15.699999809265137,15.039999961853027,15.255000114440918,14.25808048248291,399610
2006-10-23,15.274999618530273,15.699999809265137,15.180000305175781,15.229999542236328,14.234712600708008,195810
2006-10-26,15.449999809265137,15.699999809265137,15.300000190734863,15.399999618530273,14.393603324890137,310500
2006-10-27,15.479999542236328,16.940000534057617,15.399999618530273,16.6200008392334,15.533876419067383,2225700
2006-10-30,16.684999465942383,17.239999771118164,16.325000762939453,16.44499969482422,15.370312690734863,1521330
2006-10-31,16.649999618530273,17.0,15.75,15.984999656677246,14.940373420715332,786970
2006-11-01,16.040000915527344,16.59000015258789,15.994999885559082,16.104999542236328,15.052532196044922,757240
2006-11-02,15.380000114440918,16.2450008392334,15.380000114440918,15.800000190734863,14.767463684082031,595450
2006-11-03,15.75,16.5,15.75,15.975000381469727,14.93102741241455,969720
2006-11-06,16.040000915527344,16.299999237060547,15.899999618530273,16.065000534057617,15.015146255493164,776090
2006-11-07,16.18000030517578,16.200000762939453,15.414999961853027,15.520000457763672,14.505763053894043,762170
2006-11-08,15.539999961853027,16.0,14.550000190734863,14.869999885559082,13.898239135742188,1129800
2006-11-09,15.0,15.324999809265137,14.800000190734863,14.975000381469727,13.996377944946289,457940
2006-11-10,14.850000381469727,15.600000381469727,14.850000381469727,15.380000114440918,14.374910354614258,639470
2006-11-13,15.380000114440918,15.645000457763672,15.265000343322754,15.420000076293945,14.4122953414917,291350
2006-11-14,15.550000190734863,15.699999809265137,15.104999542236328,15.274999618530273,14.276772499084473,641680
2006-11-15,15.354999542236328,16.299999237060547,15.100000381469727,15.765000343322754,14.734749794006348,937570
2006-11-16,15.699999809265137,16.295000076293945,14.1899995803833,15.390000343322754,14.384256362915039,835310
2006-11-17,15.720000267028809,15.819999694824219,15.15999984741211,15.324999809265137,14.323505401611328,373920
2006-11-20,15.300000190734863,15.300000190734863,14.800000190734863,15.005000114440918,14.024417877197266,440480
2006-11-21,15.149999618530273,16.44499969482422,15.149999618530273,16.34000015258789,15.272175788879395,2149250
2006-11-22,16.40999984741211,16.600000381469727,15.614999771118164,15.729999542236328,14.70203971862793,739140
2006-11-23,16.040000915527344,16.149999618530273,15.555000305175781,15.699999809265137,14.673999786376953,1380690
2006-11-24,15.800000190734863,16.5,15.614999771118164,15.824999809265137,14.7908296585083,858640
2006-11-27,15.899999618530273,16.350000381469727,15.800000190734863,16.1299991607666,15.075896263122559,590090
2006-11-28,15.90999984741211,15.984999656677246,15.550000190734863,15.760000228881836,14.730076789855957,378870
2006-11-29,16.3700008392334,16.969999313354492,14.994999885559082,16.5049991607666,15.4263916015625,1126450
2006-11-30,16.450000762939453,16.899999618530273,16.149999618530273,16.204999923706055,15.145997047424316,397900
2006-12-01,16.479999542236328,17.079999923706055,16.299999237060547,16.440000534057617,15.365640640258789,695350
2006-12-04,16.549999237060547,18.084999084472656,16.399999618530273,18.010000228881836,16.833040237426758,2172710
2006-12-05,18.200000762939453,19.079999923706055,17.899999618530273,18.110000610351562,16.92650604248047,1536060
2006-12-06,18.350000381469727,18.81999969482422,16.71500015258789,17.114999771118164,15.996524810791016,930530
2006-12-07,17.229999542236328,18.0,17.100000381469727,17.485000610351562,16.342344284057617,582720
2006-12-08,17.200000762939453,17.59000015258789,16.899999618530273,17.1299991607666,16.01054573059082,404420
2006-12-11,17.34000015258789,17.399999618530273,15.899999618530273,16.19499969482422,15.136648178100586,954040
2006-12-12,16.299999237060547,16.649999618530273,14.899999618530273,15.3149995803833,14.314156532287598,499690
2006-12-13,15.550000190734863,15.795000076293945,15.0,15.53499984741211,14.519781112670898,346270
2006-12-14,15.699999809265137,16.799999237060547,15.699999809265137,16.690000534057617,15.5993013381958,535670
2006-12-15,16.989999771118164,17.200000762939453,16.600000381469727,16.649999618530273,15.561914443969727,282680
2006-12-18,17.200000762939453,17.200000762939453,16.100000381469727,16.829999923706055,15.730154037475586,471210
2006-12-19,16.899999618530273,17.0,16.325000762939453,16.440000534057617,15.365640640258789,342930
2006-12-20,16.604999542236328,16.700000762939453,16.110000610351562,16.315000534057617,15.248809814453125,633530
2006-12-21,16.399999618530273,16.9950008392334,16.350000381469727,16.53499984741211,15.45443058013916,661460
2006-12-22,16.875,16.94499969482422,16.299999237060547,16.510000228881836,15.431066513061523,831520
2006-12-26,16.489999771118164,16.899999618530273,16.44499969482422,16.5049991607666,15.4263916015625,345010
2006-12-27,16.55500030517578,16.690000534057617,16.299999237060547,16.440000534057617,15.365640640258789,311830
2006-12-28,16.600000381469727,16.700000762939453,16.274999618530273,16.344999313354492,15.27684497833252,349250
2006-12-29,16.399999618530273,16.7450008392334,16.114999771118164,16.190000534057617,15.131977081298828,389940
2007-01-02,16.299999237060547,16.700000762939453,16.299999237060547,16.424999237060547,15.3516206741333,350800
2007-01-03,16.649999618530273,16.68000030517578,16.450000762939453,16.524999618530273,15.445083618164062,396960
2007-01-04,16.799999237060547,17.780000686645508,16.700000762939453,17.264999389648438,16.136728286743164,887620
2007-01-05,17.299999237060547,18.149999618530273,17.25,17.5049991607666,16.361038208007812,1761440
2007-01-08,18.0,18.0,17.0,17.094999313354492,15.977835655212402,499290
2007-01-09,17.364999771118164,17.545000076293945,16.899999618530273,17.329999923706055,16.19748306274414,994590
2007-01-10,17.399999618530273,17.4950008392334,16.799999237060547,16.969999313354492,15.861000061035156,1398120
2007-01-11,17.149999618530273,17.399999618530273,17.020000457763672,17.139999389648438,16.019893646240234,413460
2007-01-12,17.204999923706055,17.485000610351562,17.010000228881836,17.03499984741211,15.921754837036133,503480
2007-01-15,17.05500030517578,17.5,16.899999618530273,17.235000610351562,16.108688354492188,681830
2007-01-16,17.149999618530273,17.225000381469727,16.5,17.065000534057617,15.94979190826416,407310
2007-01-17,17.299999237060547,18.774999618530273,17.145000457763672,18.75,17.524681091308594,2924760
2007-01-18,19.059999465942383,20.625,18.899999618530273,20.25,18.92665672302246,5185080
2007-01-19,20.454999923706055,20.799999237060547,19.309999465942383,19.889999389648438,18.590179443359375,1309680
2007-01-22,20.184999465942383,21.8799991607666,19.05500030517578,21.364999771118164,19.96879005432129,4485790
2007-01-23,21.514999389648438,22.434999465942383,21.0,21.770000457763672,20.34732437133789,5091080
2007-01-24,21.84000015258789,22.40999984741211,21.84000015258789,22.104999542236328,20.66042709350586,1185560
2007-01-25,22.100000381469727,23.209999084472656,21.600000381469727,23.209999084472656,21.69321632385254,2754030
2007-01-29,23.600000381469727,24.375,22.049999237060547,22.049999237060547,20.609025955200195,4326170
2007-01-31,21.5,21.889999389648438,20.950000762939453,21.03499984741211,19.660356521606445,1152430
2007-02-01,21.200000762939453,21.549999237060547,21.010000228881836,21.280000686645508,19.88934326171875,394050
2007-02-02,21.299999237060547,22.299999237060547,21.299999237060547,21.760000228881836,20.33797264099121,4505290
2007-02-05,21.799999237060547,22.299999237060547,21.30500030517578,21.40999984741211,20.01084327697754,811500
2007-02-06,21.399999618530273,22.485000610351562,21.350000381469727,21.625,20.2117977142334,2432750
2007-02-07,21.799999237060547,22.100000381469727,21.209999084472656,21.475000381469727,20.07160186767578,437590
2007-02-08,22.09000015258789,22.09000015258789,20.540000915527344,20.815000534057617,19.45473289489746,284890
2007-02-09,21.18000030517578,21.190000534057617,20.200000762939453,20.485000610351562,19.14629554748535,1203350
2007-02-12,19.81999969482422,20.25,18.440000534057617,18.81999969482422,17.590103149414062,664220
2007-02-13,18.709999084472656,19.299999237060547,18.405000686645508,18.65999984741211,17.440563201904297,405270
2007-02-14,18.600000381469727,18.790000915527344,17.524999618530273,18.084999084472656,16.903135299682617,239250
2007-02-15,18.895000457763672,19.399999618530273,18.600000381469727,19.28499984741211,18.024717330932617,360040
2007-02-19,19.350000381469727,20.219999313354492,19.200000762939453,19.315000534057617,18.052757263183594,594690
2007-02-20,19.530000686645508,20.200000762939453,18.559999465942383,18.68000030517578,17.45925521850586,753030
2007-02-21,19.09000015258789,19.139999389648438,18.75,18.825000762939453,17.594778060913086,360070
2007-02-22,19.239999771118164,19.239999771118164,18.55500030517578,18.780000686645508,17.552719116210938,334160
2007-02-23,18.799999237060547,18.989999771118164,16.905000686645508,16.905000686645508,15.800248146057129,824270
2007-02-26,16.799999237060547,17.8799991607666,16.274999618530273,17.094999313354492,15.977835655212402,1190150
2007-02-27,17.200000762939453,17.299999237060547,16.6299991607666,16.7450008392334,15.650708198547363,482090
2007-02-28,15.899999618530273,16.950000762939453,15.074999809265137,16.520000457763672,15.440414428710938,233130
2007-03-01,16.700000762939453,17.049999237060547,16.31999969482422,16.825000762939453,15.72547721862793,186550
2007-03-02,16.950000762939453,17.5,16.024999618530273,16.520000457763672,15.440414428710938,178220
2007-03-05,16.200000762939453,16.5,14.869999885559082,14.869999885559082,13.898239135742188,403840
2007-03-06,15.430000305175781,15.4399995803833,13.515000343322754,13.994999885559082,13.08042049407959,553360
2007-03-07,14.220000267028809,14.494999885559082,12.595000267028809,12.755000114440918,11.921455383300781,607350
2007-03-08,13.0,13.395000457763672,12.760000228881836,13.395000457763672,12.519632339477539,766930
2007-03-09,13.795000076293945,14.0649995803833,13.199999809265137,14.039999961853027,13.122479438781738,556410
2007-03-12,14.194999694824219,14.744999885559082,14.119999885559082,14.479999542236328,13.53372573852539,551820
2007-03-13,14.699999809265137,15.0,14.5,14.619999885559082,13.66457748413086,585650
2007-03-14,14.199999809265137,14.239999771118164,13.890000343322754,13.914999961853027,13.00564956665039,308760
2007-03-15,14.300000190734863,14.614999771118164,14.010000228881836,14.270000457763672,13.337449073791504,243320
2007-03-16,14.350000381469727,14.399999618530273,13.699999809265137,13.9399995803833,13.029013633728027,200790
2007-03-19,14.020000457763672,14.170000076293945,13.699999809265137,13.789999961853027,12.88881778717041,133160
2007-03-20,14.395000457763672,14.395000457763672,13.8149995803833,13.989999771118164,13.0757474899292,203930
2007-03-21,13.899999618530273,14.0649995803833,13.600000381469727,13.800000190734863,12.898163795471191,266720
2007-03-22,14.199999809265137,14.449999809265137,13.899999618530273,14.085000038146973,13.164538383483887,456830
2007-03-23,14.100000381469727,14.194999694824219,13.869999885559082,13.930000305175781,13.019668579101562,151530
2007-03-26,14.0,14.09000015258789,13.824999809265137,13.954999923706055,13.043034553527832,83950
2007-03-28,14.0,14.0,13.640000343322754,13.739999771118164,12.842084884643555,100230
2007-03-29,13.8100004196167,14.0,13.725000381469727,13.984999656677246,13.071074485778809,107230
2007-03-30,13.994999885559082,14.6850004196167,13.994999885559082,14.345000267028809,13.407549858093262,667850
2007-04-02,14.399999618530273,14.399999618530273,13.704999923706055,13.789999961853027,12.88881778717041,123980
2007-04-03,14.0,14.0,13.449999809265137,13.755000114440918,12.856104850769043,92850
2007-04-04,13.78499984741211,14.265000343322754,13.78499984741211,14.154999732971191,13.229964256286621,79570
2007-04-05,14.300000190734863,14.795000076293945,14.020000457763672,14.279999732971191,13.346796035766602,1533020
2007-04-09,14.645000457763672,14.994999885559082,14.5,14.8149995803833,13.846833229064941,743580
2007-04-10,14.979999542236328,16.145000457763672,14.9350004196167,15.875,14.837563514709473,1454500
2007-04-11,15.949999809265137,16.344999313354492,15.649999618530273,15.96500015258789,14.92168140411377,421270
2007-04-12,15.460000038146973,15.890000343322754,15.305000305175781,15.444999694824219,14.435662269592285,108430
2007-04-13,15.550000190734863,16.100000381469727,15.5,15.890000343322754,14.851581573486328,748200
2007-04-16,16.010000228881836,16.854999542236328,16.010000228881836,16.469999313354492,15.3936767578125,303930
2007-04-17,16.649999618530273,17.079999923706055,16.40999984741211,16.600000381469727,15.515180587768555,311270
2007-04-18,16.799999237060547,17.3700008392334,16.559999465942383,16.75,15.655380249023438,213170
2007-04-19,16.84000015258789,16.84000015258789,16.399999618530273,16.53499984741211,15.45443058013916,696190
2007-04-20,16.5,17.065000534057617,16.5,16.709999084472656,15.617993354797363,400100
2007-04-23,16.985000610351562,17.799999237060547,16.860000610351562,17.43000030517578,16.290943145751953,488010
2007-04-24,17.2549991607666,18.0,17.2549991607666,17.604999542236328,16.454509735107422,1274540
2007-04-25,17.760000228881836,17.764999389648438,17.299999237060547,17.3700008392334,16.234865188598633,374720
2007-04-26,17.795000076293945,17.795000076293945,16.1200008392334,16.635000228881836,15.547896385192871,764000
2007-04-27,16.600000381469727,17.200000762939453,16.579999923706055,16.924999237060547,15.81894302368164,231240
2007-04-30,17.84000015258789,17.899999618530273,17.200000762939453,17.454999923706055,16.314306259155273,602590
2007-05-03,17.795000076293945,18.0,16.93000030517578,17.104999542236328,15.987183570861816,865040
2007-05-04,17.299999237060547,17.299999237060547,16.854999542236328,16.940000534057617,15.832964897155762,242990
2007-05-07,16.709999084472656,17.200000762939453,16.010000228881836,16.2450008392334,15.18338394165039,535140
2007-05-08,16.34000015258789,16.350000381469727,15.760000228881836,15.854999542236328,14.818868637084961,194840
2007-05-09,16.299999237060547,16.895000457763672,15.609999656677246,15.694999694824219,14.669325828552246,175230
2007-05-10,16.0,16.479999542236328,15.960000038146973,16.09000015258789,15.038511276245117,505130
2007-05-11,15.699999809265137,16.104999542236328,15.699999809265137,15.899999618530273,14.860928535461426,368100
2007-05-14,16.200000762939453,16.5,15.850000381469727,15.979999542236328,14.935699462890625,111870
2007-05-15,15.954999923706055,16.010000228881836,15.5649995803833,15.645000457763672,14.62259292602539,271140
2007-05-16,15.880000114440918,16.0,15.654999732971191,15.829999923706055,14.795502662658691,122890
2007-05-17,15.829999923706055,16.139999389648438,15.729999542236328,15.944999694824219,14.902986526489258,168950
2007-05-18,15.890000343322754,16.0,15.649999618530273,15.71500015258789,14.688018798828125,113330
2007-05-21,16.1200008392334,16.200000762939453,15.760000228881836,15.859999656677246,14.823543548583984,128660
2007-05-22,15.904999732971191,15.904999732971191,15.449999809265137,15.585000038146973,14.566514015197754,126050
2007-05-23,15.704999923706055,15.704999923706055,15.199999809265137,15.265000343322754,14.267426490783691,185140
2007-05-24,15.135000228881836,15.550000190734863,15.100000381469727,15.34000015258789,14.3375244140625,96080
2007-05-25,15.010000228881836,15.970000267028809,15.010000228881836,15.829999923706055,14.795502662658691,231330
2007-05-28,16.100000381469727,16.399999618530273,15.600000381469727,15.654999732971191,14.631938934326172,603940
2007-05-29,15.630000114440918,15.899999618530273,15.524999618530273,15.6899995803833,14.664651870727539,141740
2007-05-30,15.460000038146973,15.895000457763672,15.399999618530273,15.539999961853027,14.524456024169922,187890
2007-05-31,15.699999809265137,15.75,15.300000190734863,15.449999809265137,14.440337181091309,355340
2007-06-01,15.654999732971191,16.389999389648438,15.300000190734863,15.449999809265137,14.440337181091309,1891610
2007-06-04,15.994999885559082,15.994999885559082,15.109999656677246,15.289999961853027,14.290792465209961,707020
2007-06-05,15.484999656677246,15.600000381469727,15.204999923706055,15.274999618530273,14.276772499084473,1617640
2007-06-06,15.319999694824219,15.5,15.050000190734863,15.114999771118164,14.127228736877441,566630
2007-06-07,15.125,15.15999984741211,14.854999542236328,14.914999961853027,13.940299034118652,117260
2007-06-08,14.895000457763672,14.984999656677246,14.600000381469727,14.710000038146973,13.748695373535156,139500
2007-06-11,15.390000343322754,15.390000343322754,14.600000381469727,14.71500015258789,13.753369331359863,148280
2007-06-12,14.930000305175781,14.930000305175781,14.399999618530273,14.53499984741211,13.58513355255127,63280
2007-06-13,14.5,14.505000114440918,13.989999771118164,14.0600004196167,13.1411714553833,589230
2007-06-14,14.369999885559082,15.149999618530273,14.15999984741211,14.805000305175781,13.837489128112793,397750
2007-06-15,14.6899995803833,15.34000015258789,14.6899995803833,14.760000228881836,13.795427322387695,258320
2007-06-18,14.899999618530273,15.074999809265137,13.354999542236328,14.21500015258789,13.286043167114258,274420
2007-06-19,14.795000076293945,14.795000076293945,14.5600004196167,14.675000190734863,13.715982437133789,122280
2007-06-20,14.805000305175781,14.885000228881836,14.550000190734863,14.675000190734863,13.715982437133789,122430
2007-06-21,14.789999961853027,14.899999618530273,14.569999694824219,14.704999923706055,13.744022369384766,169400
2007-06-22,14.795000076293945,14.864999771118164,14.600000381469727,14.680000305175781,13.720656394958496,233960
2007-06-25,14.829999923706055,15.140000343322754,14.800000190734863,14.944999694824219,13.968338012695312,352810
2007-06-26,15.0,15.800000190734863,14.859999656677246,15.494999885559082,14.48239517211914,617210
2007-06-27,15.649999618530273,15.649999618530273,15.300000190734863,15.430000305175781,14.421643257141113,187330
2007-06-28,15.46500015258789,15.569999694824219,14.949999809265137,15.024999618530273,14.043107986450195,600720
2007-06-29,15.21500015258789,15.300000190734863,14.859999656677246,14.890000343322754,13.916932106018066,612680
2007-07-02,15.699999809265137,16.3799991607666,15.1850004196167,16.3799991607666,15.309558868408203,1098430
2007-07-03,16.989999771118164,17.84000015258789,16.799999237060547,17.139999389648438,16.019893646240234,2635780
2007-07-04,17.579999923706055,17.579999923706055,16.899999618530273,17.100000381469727,15.982505798339844,794270
2007-07-05,17.024999618530273,17.100000381469727,16.21500015258789,16.649999618530273,15.561914443969727,474500
2007-07-06,16.739999771118164,16.739999771118164,16.43000030517578,16.5,15.421719551086426,205400
2007-07-09,16.684999465942383,17.450000762939453,16.520000457763672,17.09000015258789,15.973161697387695,360770
2007-07-10,17.5,17.780000686645508,16.915000915527344,17.100000381469727,15.982505798339844,511620
2007-07-11,16.9950008392334,17.190000534057617,16.614999771118164,16.940000534057617,15.832964897155762,145810
2007-07-12,17.350000381469727,17.600000381469727,17.149999618530273,17.43000030517578,16.290943145751953,575650
2007-07-13,17.614999771118164,20.920000076293945,17.614999771118164,20.78499984741211,19.426692962646484,4542880
2007-07-16,21.5,23.700000762939453,21.459999084472656,22.829999923706055,21.338048934936523,4835970
2007-07-17,23.100000381469727,23.30500030517578,21.655000686645508,21.915000915527344,20.482851028442383,1518050
2007-07-18,21.889999389648438,22.600000381469727,21.200000762939453,21.979999542236328,20.543598175048828,1148250
2007-07-19,22.184999465942383,22.700000762939453,21.799999237060547,21.94499969482422,20.510881423950195,513750
2007-07-20,22.200000762939453,22.200000762939453,21.0,21.459999084472656,20.05757713317871,326870
2007-07-23,21.399999618530273,25.7549991607666,20.559999465942383,25.270000457763672,23.618595123291016,4894030
2007-07-24,25.799999237060547,25.969999313354492,24.149999618530273,24.270000457763672,22.683942794799805,3095010
2007-07-25,24.815000534057617,24.815000534057617,23.309999465942383,24.100000381469727,22.52505874633789,1009680
2007-07-26,24.700000762939453,25.0,24.165000915527344,24.719999313354492,23.104536056518555,462620
2007-07-27,23.510000228881836,24.200000762939453,22.600000381469727,22.844999313354492,21.352066040039062,779840
2007-07-30,21.329999923706055,24.385000228881836,18.760000228881836,23.844999313354492,22.286714553833008,1025990
2007-07-31,24.200000762939453,25.530000686645508,23.600000381469727,25.440000534057617,23.77748680114746,3768270
2007-08-01,24.1299991607666,24.899999618530273,22.75,23.09000015258789,21.5810604095459,917760
2007-08-02,23.5,24.170000076293945,22.899999618530273,23.389999389648438,21.861454010009766,477400
2007-08-03,23.600000381469727,24.479999542236328,23.524999618530273,23.739999771118164,22.188581466674805,403470
2007-08-06,22.934999465942383,23.899999618530273,22.899999618530273,23.71500015258789,22.165212631225586,260960
2007-08-07,23.809999465942383,24.700000762939453,23.149999618530273,23.375,21.84743309020996,516400
2007-08-08,23.799999237060547,24.799999237060547,23.5,24.530000686645508,22.926958084106445,606840
2007-08-09,24.920000076293945,25.100000381469727,23.5,23.6299991607666,22.085769653320312,447130
2007-08-10,22.610000610351562,24.100000381469727,19.364999771118164,23.854999542236328,22.29606819152832,481560
2007-08-13,24.010000228881836,25.9950008392334,23.7549991607666,25.25,23.599903106689453,1243160
2007-08-14,25.299999237060547,27.075000762939453,25.299999237060547,25.854999542236328,24.16536521911621,896530
2007-08-16,24.9950008392334,25.549999237060547,24.0,24.94499969482422,23.31483268737793,492810
2007-08-17,24.799999237060547,25.790000915527344,23.510000228881836,24.190000534057617,22.609176635742188,531680
2007-08-20,25.0,25.799999237060547,24.510000228881836,24.674999237060547,23.06247901916504,394370
2007-08-21,24.799999237060547,24.950000762939453,23.200000762939453,23.385000228881836,21.856781005859375,235140
2007-08-22,23.600000381469727,24.25,23.0,23.530000686645508,21.9923038482666,261170
2007-08-23,24.09000015258789,24.299999237060547,22.6200008392334,23.0,21.496938705444336,308180
2007-08-24,23.299999237060547,23.584999084472656,22.565000534057617,22.854999542236328,21.36141586303711,199100
2007-08-27,23.899999618530273,24.100000381469727,23.354999542236328,23.94499969482422,22.380184173583984,186330
2007-08-28,24.0,24.5,23.510000228881836,23.959999084472656,22.394201278686523,106920
2007-08-29,22.799999237060547,24.0,22.799999237060547,23.684999465942383,22.13717269897461,70170
2007-08-30,24.100000381469727,24.475000381469727,23.709999084472656,23.975000381469727,22.408222198486328,177820
2007-08-31,23.600000381469727,24.184999465942383,23.600000381469727,23.934999465942383,22.370838165283203,106540
2007-09-03,23.899999618530273,25.405000686645508,23.899999618530273,25.024999618530273,23.389606475830078,835200
2007-09-04,25.290000915527344,25.299999237060547,24.53499984741211,24.815000534057617,23.193328857421875,139810
2007-09-05,25.200000762939453,25.200000762939453,24.450000762939453,24.709999084472656,23.095190048217773,148130
2007-09-06,24.600000381469727,25.239999771118164,24.405000686645508,25.049999237060547,23.41297149658203,313560
2007-09-07,25.399999618530273,26.399999618530273,24.815000534057617,25.399999618530273,23.740095138549805,799980
2007-09-10,24.5,27.09000015258789,24.5,26.25,24.534549713134766,1170060
2007-09-11,26.940000534057617,26.940000534057617,25.5049991607666,25.639999389648438,23.96441650390625,268060
2007-09-12,25.915000915527344,26.0,25.110000610351562,25.28499984741211,23.632612228393555,121340
2007-09-13,25.5,25.600000381469727,24.55500030517578,25.014999389648438,23.380258560180664,234700
2007-09-14,26.0,26.0,25.010000228881836,25.079999923706055,23.441011428833008,220750
2007-09-17,25.899999618530273,25.899999618530273,24.989999771118164,25.18000030517578,23.53447723388672,225740
2007-09-18,24.799999237060547,25.344999313354492,24.700000762939453,24.764999389648438,23.331918716430664,97160
2007-09-19,25.670000076293945,25.670000076293945,24.5049991607666,24.725000381469727,23.294233322143555,227690
2007-09-20,24.0,25.399999618530273,24.0,24.610000610351562,23.185888290405273,184780
2007-09-21,25.200000762939453,25.200000762939453,24.200000762939453,24.475000381469727,23.058700561523438,165150
2007-09-24,26.0,26.0,24.100000381469727,24.489999771118164,23.072834014892578,186880
2007-09-25,25.475000381469727,25.475000381469727,24.0049991607666,24.454999923706055,23.03985595703125,149590
2007-09-26,25.385000228881836,25.385000228881836,24.5,24.5049991607666,23.086959838867188,93980
2007-09-27,23.024999618530273,24.889999389648438,23.024999618530273,24.395000457763672,22.98332977294922,103420
2007-09-28,24.06999969482422,25.200000762939453,24.06999969482422,24.395000457763672,22.98332977294922,114650
2007-10-01,25.364999771118164,25.364999771118164,24.049999237060547,24.4950008392334,23.077543258666992,110060
2007-10-03,24.709999084472656,25.25,23.700000762939453,24.3700008392334,22.959779739379883,357110
2007-10-04,24.350000381469727,25.0,23.704999923706055,24.405000686645508,22.992755889892578,182130
2007-10-05,24.0,24.795000076293945,23.600000381469727,24.020000457763672,22.63003158569336,79010
2007-10-08,23.530000686645508,23.9950008392334,22.415000915527344,23.0049991607666,21.673765182495117,158750
2007-10-09,22.530000686645508,23.290000915527344,22.0,23.149999618530273,21.81037139892578,89780
2007-10-10,23.889999389648438,23.889999389648438,23.104999542236328,23.295000076293945,21.94698143005371,645290
2007-10-11,23.399999618530273,23.579999923706055,23.0,23.145000457763672,21.805662155151367,259680
2007-10-12,22.46500015258789,24.739999771118164,22.46500015258789,23.469999313354492,22.111852645874023,183060
2007-10-15,24.579999923706055,24.584999084472656,23.299999237060547,23.59000015258789,22.224910736083984,95580
2007-10-16,23.540000915527344,24.19499969482422,23.510000228881836,23.985000610351562,22.597055435180664,166050
2007-10-17,23.5,28.674999237060547,20.600000381469727,23.25,21.904582977294922,105620
2007-10-18,24.0,24.0,22.549999237060547,22.825000762939453,21.504182815551758,143350
2007-10-19,23.799999237060547,23.799999237060547,21.799999237060547,21.920000076293945,20.65155029296875,92230
2007-10-22,21.030000686645508,22.170000076293945,20.299999237060547,21.704999923706055,20.448989868164062,82630
2007-10-23,22.100000381469727,24.290000915527344,22.100000381469727,24.045000076293945,22.653583526611328,313530
2007-10-24,24.200000762939453,24.700000762939453,23.5,24.510000228881836,23.091672897338867,259970
2007-10-25,24.899999618530273,24.899999618530273,23.200000762939453,24.405000686645508,22.992755889892578,309100
2007-10-26,24.5,24.6299991607666,24.010000228881836,24.510000228881836,23.091672897338867,143780
2007-10-29,24.600000381469727,26.014999389648438,24.600000381469727,25.469999313354492,23.99612045288086,601210
2007-10-30,25.9950008392334,26.200000762939453,24.920000076293945,25.264999389648438,23.802982330322266,283920
2007-10-31,25.790000915527344,27.049999237060547,25.790000915527344,26.729999542236328,25.18320655822754,804460
2007-11-01,27.5,27.899999618530273,25.604999542236328,25.854999542236328,24.358842849731445,300580
2007-11-02,25.860000610351562,26.545000076293945,25.010000228881836,25.71500015258789,24.226943969726562,233000
2007-11-05,25.700000762939453,27.19499969482422,25.405000686645508,26.5,24.966520309448242,251600
2007-11-06,27.299999237060547,27.600000381469727,25.700000762939453,25.844999313354492,24.349416732788086,116340
2007-11-07,25.584999084472656,26.350000381469727,25.235000610351562,25.459999084472656,23.9867000579834,91500
2007-11-08,24.899999618530273,25.5,24.899999618530273,25.03499984741211,23.586292266845703,38660
2007-11-12,25.0,25.0,24.299999237060547,24.885000228881836,23.444974899291992,71460
2007-11-13,25.0,25.19499969482422,24.700000762939453,24.90999984741211,23.468528747558594,64120
2007-11-14,26.094999313354492,26.094999313354492,25.1299991607666,25.25,23.78885269165039,122370
2007-11-15,25.049999237060547,25.700000762939453,24.80500030517578,25.405000686645508,23.93488311767578,114430
2007-11-16,25.985000610351562,25.985000610351562,24.90999984741211,25.190000534057617,23.732324600219727,193210
2007-11-19,25.5,29.299999237060547,25.5,28.469999313354492,26.82251739501953,1003110
2007-11-20,27.709999084472656,28.5,27.309999465942383,27.665000915527344,26.064104080200195,329310
2007-11-21,27.200000762939453,27.399999618530273,26.059999465942383,26.399999618530273,24.87230682373047,135390
2007-11-22,26.5,26.899999618530273,25.30500030517578,25.81999969482422,24.32586669921875,134370
2007-11-23,26.5,26.5,25.399999618530273,25.399999618530273,23.93016815185547,256090
2007-11-26,26.014999389648438,26.5,24.875,24.899999618530273,23.4591064453125,355180
2007-11-27,24.799999237060547,26.299999237060547,24.799999237060547,25.799999237060547,24.307022094726562,121240
2007-11-28,26.799999237060547,26.799999237060547,25.729999542236328,25.850000381469727,24.3541316986084,35030
2007-11-29,26.200000762939453,26.600000381469727,25.415000915527344,25.600000381469727,24.11859893798828,70970
2007-11-30,25.600000381469727,26.100000381469727,25.399999618530273,25.604999542236328,24.123310089111328,64250
2007-12-03,25.700000762939453,26.190000534057617,25.625,26.010000228881836,24.504871368408203,125270
2007-12-04,26.0,26.9950008392334,25.78499984741211,26.43000030517578,24.900569915771484,160690
2007-12-05,26.985000610351562,28.100000381469727,26.700000762939453,27.809999465942383,26.200714111328125,289700
2007-12-06,28.110000610351562,28.600000381469727,26.5,27.280000686645508,25.70138168334961,195660
2007-12-07,28.0,28.0,26.5,26.709999084472656,25.164369583129883,112070
2007-12-10,27.399999618530273,28.09000015258789,26.5,27.790000915527344,26.181869506835938,92320
2007-12-11,27.219999313354492,28.59000015258789,26.899999618530273,28.104999542236328,26.478639602661133,446380
2007-12-12,27.415000915527344,27.899999618530273,27.200000762939453,27.545000076293945,25.951047897338867,129980
2007-12-13,27.5,27.9950008392334,27.399999618530273,27.399999618530273,25.81443977355957,125140
2007-12-14,27.985000610351562,29.899999618530273,27.985000610351562,29.155000686645508,27.467884063720703,448090
2007-12-17,29.5,32.150001525878906,29.4950008392334,30.059999465942383,28.320512771606445,809940
2007-12-18,30.200000762939453,31.299999237060547,29.114999771118164,29.25,27.557384490966797,228420
2007-12-19,30.690000534057617,31.600000381469727,29.799999237060547,30.225000381469727,28.475963592529297,413400
2007-12-20,30.30500030517578,30.899999618530273,27.5,28.959999084472656,27.284164428710938,222000
2007-12-24,29.200000762939453,30.4950008392334,29.200000762939453,29.68000030517578,27.962501525878906,92550
2007-12-26,30.0,31.18000030517578,29.80500030517578,30.795000076293945,29.012977600097656,209140
2007-12-27,31.0,31.5,28.399999618530273,29.110000610351562,27.42548942565918,343580
2007-12-28,29.4950008392334,29.895000457763672,28.600000381469727,29.565000534057617,27.854154586791992,200740
2007-12-31,29.899999618530273,30.674999237060547,29.600000381469727,29.94499969482422,28.2121639251709,332890
2008-01-01,30.0,32.29999923706055,30.0,31.170000076293945,29.36627769470215,463730
2008-01-02,32.0,32.0,30.0,30.334999084472656,28.57959747314453,566390
2008-01-03,30.510000228881836,31.100000381469727,29.950000762939453,30.264999389648438,28.513647079467773,156010
2008-01-04,30.5049991607666,30.950000762939453,30.0,30.375,28.61728286743164,256710
2008-01-07,29.610000610351562,31.899999618530273,29.510000228881836,30.56999969482422,28.800992965698242,283520
2008-01-08,31.899999618530273,31.899999618530273,28.5,29.030000686645508,27.350116729736328,251740
2008-01-09,29.8799991607666,29.8799991607666,28.510000228881836,29.024999618530273,27.34540367126465,105220
2008-01-10,29.219999313354492,30.0,27.799999237060547,28.40999984741211,26.7659912109375,194530
2008-01-11,29.100000381469727,29.100000381469727,27.825000762939453,28.344999313354492,26.704753875732422,77020
2008-01-14,28.9950008392334,29.0,28.399999618530273,28.530000686645508,26.87904930114746,76890
2008-01-15,28.635000228881836,29.350000381469727,28.315000534057617,28.454999923706055,26.808385848999023,44980
2008-01-16,28.489999771118164,28.690000534057617,27.5,27.84000015258789,26.22897720336914,113590
2008-01-17,28.59000015258789,28.59000015258789,27.1200008392334,27.510000228881836,25.918071746826172,154040
2008-01-18,27.799999237060547,27.799999237060547,26.520000457763672,26.739999771118164,25.1926326751709,117010
2008-01-21,26.399999618530273,26.399999618530273,21.700000762939453,23.065000534057617,21.730295181274414,162100
2008-01-22,22.100000381469727,24.700000762939453,18.454999923706055,22.485000610351562,21.18385887145996,342810
2008-01-23,24.299999237060547,24.299999237060547,22.0,23.020000457763672,21.687898635864258,122470
2008-01-24,24.594999313354492,24.600000381469727,21.31999969482422,22.020000457763672,20.74576759338379,133750
2008-01-25,22.235000610351562,26.424999237060547,22.200000762939453,24.915000915527344,23.473234176635742,136440
2008-01-28,25.200000762939453,25.200000762939453,23.5,25.0,23.553321838378906,118580
2008-01-29,25.5,26.450000762939453,24.104999542236328,25.639999389648438,24.15628433227539,140460
2008-01-30,25.899999618530273,25.899999618530273,23.704999923706055,24.69499969482422,23.26597023010254,174150
2008-01-31,24.799999237060547,25.350000381469727,23.915000915527344,24.774999618530273,23.341337203979492,178820
2008-02-01,24.799999237060547,25.100000381469727,23.809999465942383,24.8700008392334,23.430843353271484,176520
2008-02-04,25.299999237060547,26.200000762939453,25.0,25.854999542236328,24.358842849731445,128600
2008-02-05,26.100000381469727,26.799999237060547,25.399999618530273,25.684999465942383,24.198678970336914,81800
2008-02-06,25.5,25.799999237060547,24.725000381469727,25.065000534057617,23.614559173583984,39330
2008-02-07,25.299999237060547,25.600000381469727,24.014999389648438,24.850000381469727,23.41200065612793,99790
2008-02-08,25.489999771118164,25.489999771118164,23.40999984741211,23.790000915527344,22.413339614868164,51870
2008-02-11,23.899999618530273,24.700000762939453,21.510000228881836,23.459999084472656,22.102432250976562,275810
2008-02-12,23.0,24.135000228881836,21.625,22.739999771118164,21.42409896850586,189410
2008-02-13,21.510000228881836,23.200000762939453,20.799999237060547,22.31999969482422,21.028404235839844,671950
2008-02-14,22.799999237060547,23.700000762939453,22.799999237060547,23.545000076293945,22.182514190673828,171860
2008-02-15,23.0,24.280000686645508,23.0,23.485000610351562,22.12598991394043,850620
2008-02-18,23.75,24.299999237060547,23.514999389648438,23.815000534057617,22.436891555786133,151490
2008-02-19,23.700000762939453,24.200000762939453,23.399999618530273,23.915000915527344,22.531105041503906,205040
2008-02-20,23.799999237060547,23.815000534057617,23.200000762939453,23.280000686645508,21.93285369873047,58170
2008-02-21,23.5,24.489999771118164,22.639999389648438,23.55500030517578,22.191938400268555,187600
2008-02-22,23.540000915527344,23.790000915527344,23.274999618530273,23.514999389648438,22.154251098632812,21170
2008-02-25,23.889999389648438,23.899999618530273,23.149999618530273,23.635000228881836,22.26730728149414,33580
2008-02-26,23.549999237060547,23.770000457763672,23.0,23.204999923706055,21.86219024658203,87480
2008-02-27,22.799999237060547,23.889999389648438,22.799999237060547,23.65999984741211,22.290861129760742,55290
2008-02-28,23.700000762939453,23.700000762939453,23.354999542236328,23.584999084472656,22.22020149230957,3960
2008-02-29,23.40999984741211,23.84000015258789,22.600000381469727,23.18000030517578,21.83863639831543,33070
2008-03-03,22.799999237060547,23.19499969482422,22.5,22.594999313354492,21.28748893737793,57070
2008-03-04,22.594999313354492,22.594999313354492,21.530000686645508,21.665000915527344,20.411304473876953,51150
2008-03-05,21.5,21.700000762939453,20.5,20.979999542236328,19.765945434570312,119370
2008-03-07,20.0,22.084999084472656,18.4950008392334,20.78499984741211,19.582231521606445,514050
2008-03-10,21.0,21.100000381469727,19.315000534057617,20.25,19.07819175720215,559140
2008-03-11,20.299999237060547,21.799999237060547,20.0,21.200000762939453,19.973217010498047,130250
2008-03-12,22.399999618530273,22.399999618530273,20.799999237060547,21.2549991607666,20.0250301361084,112040
2008-03-13,20.899999618530273,21.100000381469727,19.21500015258789,19.729999542236328,18.588279724121094,144130
2008-03-14,19.969999313354492,20.399999618530273,19.100000381469727,19.920000076293945,18.767282485961914,101840
2008-03-17,19.010000228881836,19.725000381469727,18.299999237060547,18.59000015258789,17.514249801635742,283680
2008-03-18,18.799999237060547,19.0,16.81999969482422,17.81999969482422,16.78880500793457,525980
2008-03-19,19.649999618530273,19.649999618530273,17.899999618530273,18.6200008392334,17.542512893676758,177000
2008-03-24,18.510000228881836,19.0,16.989999771118164,17.09000015258789,16.101049423217773,96400
2008-03-25,17.155000686645508,17.84000015258789,16.719999313354492,17.274999618530273,16.275344848632812,416640
2008-03-26,17.1200008392334,19.200000762939453,17.1200008392334,18.514999389648438,17.443588256835938,426690
2008-03-27,18.014999389648438,18.5,17.709999084472656,18.264999389648438,17.208053588867188,319950
2008-03-28,18.104999542236328,21.899999618530273,17.905000686645508,20.235000610351562,19.06406021118164,967320
2008-03-31,20.5,20.5,19.399999618530273,20.03499984741211,18.875629425048828,307130
2008-04-01,19.9950008392334,20.200000762939453,19.524999618530273,19.809999465942383,18.663650512695312,57460
2008-04-02,20.399999618530273,20.850000381469727,19.6200008392334,19.69499969482422,18.5553035736084,193580
2008-04-03,19.510000228881836,20.549999237060547,19.399999618530273,20.34000015258789,19.16297721862793,253850
2008-04-04,20.059999465942383,20.4950008392334,20.0,20.290000915527344,19.11587142944336,171310
2008-04-07,19.915000915527344,24.299999237060547,19.915000915527344,23.190000534057617,21.84805679321289,569250
2008-04-08,24.299999237060547,24.399999618530273,22.799999237060547,24.079999923706055,22.686559677124023,327860
2008-04-09,24.200000762939453,24.459999084472656,23.5,23.780000686645508,22.403921127319336,166170
2008-04-10,23.350000381469727,24.899999618530273,22.30500030517578,24.600000381469727,23.176467895507812,128310
2008-04-11,24.979999542236328,25.28499984741211,24.299999237060547,24.80500030517578,23.369604110717773,105300
2008-04-15,24.200000762939453,25.3700008392334,24.049999237060547,24.764999389648438,23.331918716430664,91200
2008-04-16,25.299999237060547,25.665000915527344,24.799999237060547,25.030000686645508,23.581584930419922,106940
2008-04-17,25.299999237060547,25.700000762939453,25.155000686645508,25.25,23.78885269165039,53840
2008-04-21,25.700000762939453,26.68000030517578,25.309999465942383,25.864999771118164,24.368263244628906,240120
2008-04-22,25.299999237060547,26.100000381469727,25.100000381469727,25.209999084472656,23.75116729736328,155070
2008-04-23,25.399999618530273,25.850000381469727,24.5,25.024999618530273,23.576871871948242,79000
2008-04-24,25.1299991607666,25.684999465942383,25.1200008392334,25.5,24.024385452270508,63870
2008-04-25,25.59000015258789,25.59000015258789,24.809999465942383,24.899999618530273,23.4591064453125,46060
2008-04-28,25.100000381469727,25.399999618530273,24.625,24.854999542236328,23.416709899902344,43470
2008-04-29,24.989999771118164,25.799999237060547,24.799999237060547,25.635000228881836,24.151573181152344,100390
2008-04-30,25.725000381469727,26.59000015258789,25.020000457763672,25.420000076293945,23.949018478393555,178840
2008-05-02,25.65999984741211,26.190000534057617,25.010000228881836,25.1299991607666,23.67579460144043,60330
2008-05-05,25.209999084472656,25.864999771118164,24.399999618530273,24.709999084472656,23.280099868774414,83930
2008-05-06,24.75,24.885000228881836,24.219999313354492,24.545000076293945,23.12464714050293,33130
2008-05-07,24.649999618530273,26.485000610351562,24.399999618530273,25.760000228881836,24.269338607788086,421200
2008-05-08,25.200000762939453,26.100000381469727,24.700000762939453,25.760000228881836,24.269338607788086,98460
2008-05-09,25.799999237060547,25.799999237060547,24.5,25.290000915527344,23.8265380859375,106960
2008-05-12,24.0,25.989999771118164,24.0,25.799999237060547,24.307022094726562,147890
2008-05-13,26.149999618530273,26.399999618530273,25.0,25.229999542236328,23.770009994506836,192770
2008-05-14,25.299999237060547,26.100000381469727,24.80500030517578,25.889999389648438,24.391815185546875,153490
2008-05-15,25.100000381469727,25.969999313354492,25.100000381469727,25.274999618530273,23.812406539916992,48010
2008-05-16,25.8700008392334,25.899999618530273,25.049999237060547,25.700000762939453,24.212812423706055,57720
2008-05-20,25.799999237060547,27.684999465942383,25.350000381469727,26.450000762939453,24.919414520263672,510350
2008-05-21,26.299999237060547,26.889999389648438,25.735000610351562,26.635000228881836,25.093706130981445,87100
2008-05-22,26.299999237060547,26.450000762939453,25.649999618530273,25.729999542236328,24.24107551574707,81730
2008-05-23,26.299999237060547,26.299999237060547,25.204999923706055,25.395000457763672,23.925458908081055,65520
2008-05-26,25.100000381469727,25.190000534057617,24.40999984741211,24.760000228881836,23.32720375061035,28410
2008-05-27,24.55500030517578,25.100000381469727,24.219999313354492,24.46500015258789,23.049278259277344,34600
2008-05-28,24.649999618530273,24.700000762939453,24.010000228881836,24.1299991607666,22.733667373657227,23650
2008-05-29,24.399999618530273,24.795000076293945,23.5,24.149999618530273,22.75250816345215,84940
2008-05-30,24.899999618530273,24.899999618530273,23.799999237060547,23.895000457763672,22.51226234436035,25780
2008-06-02,23.90999984741211,24.5,22.850000381469727,23.524999618530273,22.16366958618164,61000
2008-06-03,23.514999389648438,24.100000381469727,23.0,23.895000457763672,22.51226234436035,57100
2008-06-04,24.5,25.700000762939453,24.5,24.96500015258789,23.520343780517578,282880
2008-06-05,24.2549991607666,27.184999465942383,24.21500015258789,26.299999237060547,24.77808952331543,272360
2008-06-06,27.0,27.5049991607666,26.5,27.020000457763672,25.45642852783203,295940
2008-06-09,26.489999771118164,26.5,25.0,26.229999542236328,24.712141036987305,122390
2008-06-10,26.0,27.100000381469727,25.399999618530273,26.719999313354492,25.17378807067871,162120
2008-06-11,25.799999237060547,27.700000762939453,25.799999237060547,27.2450008392334,25.668407440185547,208250
2008-06-12,26.6299991607666,27.895000457763672,25.905000686645508,27.5049991607666,25.913362503051758,193900
2008-06-13,27.649999618530273,28.899999618530273,27.53499984741211,28.71500015258789,27.053342819213867,280690
2008-06-16,29.989999771118164,31.239999771118164,29.309999465942383,30.815000534057617,29.03182029724121,571000
2008-06-17,30.600000381469727,32.599998474121094,30.299999237060547,31.895000457763672,30.049325942993164,751730
2008-06-18,32.29999923706055,32.89500045776367,30.649999618530273,31.110000610351562,29.309751510620117,288200
2008-06-19,30.399999618530273,30.985000610351562,28.889999389648438,29.450000762939453,27.74580955505371,174330
2008-06-20,30.0,30.600000381469727,26.739999771118164,27.655000686645508,26.05467987060547,318280
2008-06-23,27.0,27.510000228881836,26.399999618530273,27.260000228881836,25.682540893554688,157740
2008-06-24,27.260000228881836,28.0,26.329999923706055,26.7450008392334,25.197341918945312,95950
2008-06-25,26.350000381469727,30.0,26.030000686645508,29.315000534057617,27.618621826171875,238380
2008-06-26,29.200000762939453,30.78499984741211,28.520000457763672,29.44499969482422,27.741098403930664,200240
2008-06-27,28.600000381469727,29.5,28.200000762939453,28.825000762939453,27.156978607177734,119970
2008-06-30,28.600000381469727,29.0,26.809999465942383,28.05500030517578,26.431535720825195,179580
2008-07-01,28.0,28.0,25.360000610351562,26.71500015258789,25.16907501220703,317700
2008-07-02,26.889999389648438,28.899999618530273,25.110000610351562,28.565000534057617,26.912023544311523,373560
2008-07-03,28.71500015258789,28.71500015258789,26.854999542236328,27.600000381469727,26.00286293029785,59770
2008-07-04,27.114999771118164,28.799999237060547,27.104999542236328,28.735000610351562,27.07218360900879,625870
2008-07-07,28.75,29.5,27.600000381469727,28.375,26.733016967773438,167480
2008-07-08,27.5,27.899999618530273,26.8700008392334,27.510000228881836,25.918071746826172,97470
2008-07-09,27.600000381469727,29.899999618530273,27.600000381469727,29.149999618530273,27.463167190551758,148220
2008-07-10,28.709999084472656,29.049999237060547,28.31999969482422,28.604999542236328,26.949708938598633,65910
2008-07-11,28.600000381469727,29.200000762939453,27.799999237060547,28.469999313354492,26.82251739501953,104980
2008-07-14,28.25,28.889999389648438,27.799999237060547,28.3799991607666,26.737722396850586,66190
2008-07-15,28.149999618530273,28.299999237060547,26.899999618530273,27.514999389648438,25.92278480529785,114160
2008-07-16,27.545000076293945,29.899999618530273,27.34000015258789,29.229999542236328,27.538541793823242,484320
2008-07-17,30.0,30.395000457763672,28.924999237060547,29.704999923706055,27.986053466796875,136120
2008-07-18,29.700000762939453,31.0,29.420000076293945,30.600000381469727,28.829259872436523,298070
2008-07-21,30.700000762939453,31.0,30.200000762939453,30.93000030517578,29.140169143676758,107380
2008-07-22,30.889999389648438,32.5,30.600000381469727,31.03499984741211,29.23908805847168,199780
2008-07-23,31.899999618530273,32.0,31.0,31.84000015258789,29.997507095336914,343740
2008-07-24,32.599998474121094,32.84000015258789,31.0,31.684999465942383,29.851476669311523,289190
2008-07-25,31.25,31.59000015258789,30.5,31.155000686645508,29.352148056030273,267170
2008-07-28,30.899999618530273,31.3799991607666,30.600000381469727,30.854999542236328,29.069507598876953,79770
2008-07-29,30.899999618530273,31.299999237060547,30.114999771118164,30.475000381469727,28.71149253845215,97920
2008-07-30,31.290000915527344,33.5,30.81999969482422,32.36000061035156,30.487417221069336,401080
2008-07-31,32.20000076293945,33.349998474121094,31.329999923706055,31.8700008392334,30.025772094726562,156150
2008-08-01,31.299999237060547,33.099998474121094,31.059999465942383,32.68000030517578,30.788902282714844,216800
2008-08-04,32.4900016784668,33.5,31.899999618530273,32.84000015258789,30.939634323120117,235820
2008-08-05,32.810001373291016,33.66999816894531,32.654998779296875,32.95500183105469,31.047988891601562,309020
2008-08-06,33.099998474121094,33.47999954223633,32.61000061035156,33.060001373291016,31.146907806396484,303300
2008-08-07,33.099998474121094,34.0,32.220001220703125,33.39500045776367,31.4625244140625,231150
2008-08-08,33.400001525878906,33.67499923706055,32.52000045776367,32.814998626708984,30.916088104248047,67540
2008-08-11,33.0,33.25,32.5,33.0099983215332,31.099802017211914,150320
2008-08-12,32.79999923706055,33.19499969482422,32.13999938964844,32.779998779296875,30.88311195373535,65800
2008-08-13,33.0,33.0,32.18000030517578,32.45500183105469,30.576919555664062,53230
2008-08-14,31.700000762939453,32.29999923706055,31.68000030517578,31.975000381469727,30.124698638916016,48420
2008-08-18,32.0,32.47999954223633,31.299999237060547,31.795000076293945,29.955108642578125,23650
2008-08-19,31.610000610351562,31.68000030517578,30.524999618530273,31.229999542236328,29.422807693481445,115990
2008-08-20,31.229999542236328,35.099998474121094,31.0,33.625,31.679214477539062,1480890
2008-08-21,33.439998626708984,36.584999084472656,33.439998626708984,34.209999084472656,32.23036575317383,2105690
2008-08-22,34.5,38.29999923706055,34.5,37.630001068115234,35.45246124267578,3809720
2008-08-25,38.400001525878906,38.79999923706055,35.41999816894531,35.97999954223633,33.89793395996094,2946260
2008-08-26,35.05500030517578,36.849998474121094,35.05500030517578,35.310001373291016,33.26670837402344,711970
2008-08-27,35.66999816894531,37.18000030517578,35.04999923706055,35.90999984741211,33.83198928833008,1674230
2008-08-28,36.18000030517578,36.79999923706055,34.6150016784668,35.09000015258789,33.0594367980957,697050
2008-08-29,35.79999923706055,36.9900016784668,35.5,36.380001068115234,34.2747917175293,1662140
2008-09-01,35.79999923706055,36.29999923706055,35.29999923706055,35.494998931884766,33.441001892089844,219480
2008-09-02,35.970001220703125,36.45000076293945,34.810001373291016,36.17499923706055,34.08164596557617,431470
2008-09-04,36.060001373291016,36.060001373291016,35.310001373291016,35.36000061035156,33.31381607055664,83230
2008-09-05,35.29999923706055,35.88999938964844,33.40999984741211,34.60499954223633,32.60250473022461,1008810
2008-09-08,35.20000076293945,36.0,34.79999923706055,35.665000915527344,33.601158142089844,297700
2008-09-09,35.2599983215332,37.959999084472656,35.2599983215332,37.58000183105469,35.40534591674805,1828300
2008-09-10,37.79999923706055,38.88999938964844,36.42499923706055,36.57500076293945,34.45850372314453,1576450
2008-09-11,36.0,36.79999923706055,35.1150016784668,36.0099983215332,33.92619705200195,233600
2008-09-12,36.369998931884766,37.900001525878906,35.345001220703125,36.404998779296875,34.29834747314453,274650
2008-09-15,35.61000061035156,35.61000061035156,33.720001220703125,34.5,32.503578186035156,323970
2008-09-16,33.3650016784668,33.970001220703125,32.5099983215332,33.439998626708984,31.504919052124023,308010
2008-09-17,33.55500030517578,34.084999084472656,33.119998931884766,33.775001525878906,31.820537567138672,254380
2008-09-18,31.0,33.59000015258789,30.110000610351562,33.30500030517578,31.753795623779297,531420
2008-09-19,33.005001068115234,34.400001525878906,33.005001068115234,33.650001525878906,32.08271789550781,99680
2008-09-22,33.79999923706055,33.900001525878906,32.79999923706055,32.970001220703125,31.434396743774414,67560
2008-09-23,33.189998626708984,33.189998626708984,31.549999237060547,31.795000076293945,30.314125061035156,56060
2008-09-24,32.0,33.099998474121094,31.799999237060547,32.92499923706055,31.39149284362793,432660
2008-09-25,32.900001525878906,33.0,31.514999389648438,32.685001373291016,31.162673950195312,303310
2008-09-26,31.924999237060547,32.0,30.5,30.864999771118164,29.427444458007812,100430
2008-09-29,30.950000762939453,31.200000762939453,27.799999237060547,30.7450008392334,29.313032150268555,421280
2008-09-30,28.204999923706055,30.770000457763672,28.204999923706055,30.4950008392334,29.07467269897461,272220
2008-10-01,30.149999618530273,32.0,28.899999618530273,31.665000915527344,30.1901798248291,655940
2008-10-03,31.010000228881836,31.9950008392334,29.399999618530273,30.5049991607666,29.08420753479004,338740
2008-10-06,29.809999465942383,29.809999465942383,27.610000610351562,27.9950008392334,26.691112518310547,407910
2008-10-07,28.9950008392334,28.9950008392334,24.540000915527344,26.299999237060547,25.075054168701172,253910
2008-10-08,23.5049991607666,25.100000381469727,21.040000915527344,23.81999969482422,22.710567474365234,591630
2008-10-10,20.5,28.584999084472656,20.100000381469727,21.299999237060547,20.307937622070312,224840
2008-10-13,21.704999923706055,22.875,21.200000762939453,21.915000915527344,20.8942928314209,336180
2008-10-14,22.700000762939453,23.985000610351562,22.5,22.684999465942383,21.628429412841797,109700
2008-10-15,22.799999237060547,22.799999237060547,20.610000610351562,20.924999237060547,19.950401306152344,120490
2008-10-16,19.010000228881836,21.200000762939453,19.010000228881836,20.895000457763672,19.921796798706055,380850
2008-10-17,20.600000381469727,21.395000457763672,19.0,19.405000686645508,18.501195907592773,82160
2008-10-20,19.979999542236328,19.979999542236328,19.0,19.270000457763672,18.37248420715332,50040
2008-10-21,19.979999542236328,19.979999542236328,19.25,19.920000076293945,18.992210388183594,54090
2008-10-22,19.309999465942383,19.395000457763672,18.719999313354492,19.040000915527344,18.153202056884766,37780
2008-10-23,18.5,18.5,16.825000762939453,17.024999618530273,16.232046127319336,151730
2008-10-24,17.0,17.0,14.850000381469727,15.539999961853027,14.816213607788086,101320
2008-10-27,16.0,16.0,13.199999809265137,14.725000381469727,14.039172172546387,44520
2008-10-29,17.200000762939453,17.200000762939453,15.0,15.96500015258789,15.221419334411621,51600
2008-10-31,16.5,17.024999618530273,13.100000381469727,15.005000114440918,14.306131362915039,274760
2008-11-03,16.69499969482422,18.010000228881836,16.604999542236328,18.0049991607666,17.16640281677246,353670
2008-11-04,18.770000457763672,20.100000381469727,18.299999237060547,19.799999237060547,18.87779998779297,950650
2008-11-05,20.8799991607666,21.799999237060547,19.700000762939453,19.864999771118164,18.939773559570312,288050
2008-11-06,18.899999618530273,20.0,18.899999618530273,19.854999542236328,18.93023681640625,133410
2008-11-07,19.899999618530273,20.600000381469727,19.5,20.204999923706055,19.263938903808594,107720
2008-11-10,20.5,21.46500015258789,20.399999618530273,21.079999923706055,20.098180770874023,209850
2008-11-11,21.0,21.0,19.610000610351562,20.125,19.187665939331055,139740
2008-11-12,20.700000762939453,23.100000381469727,20.0,22.549999237060547,21.499717712402344,557730
2008-11-14,22.0,23.700000762939453,20.950000762939453,21.200000762939453,20.212596893310547,117616
2008-11-17,21.850000381469727,21.850000381469727,20.100000381469727,20.700000762939453,19.735883712768555,36832
2008-11-18,20.0,20.899999618530273,19.5,20.149999618530273,19.211498260498047,72383
2008-11-19,21.399999618530273,21.399999618530273,19.100000381469727,19.5,18.59177017211914,56975
2008-11-20,18.200000762939453,19.5,18.200000762939453,19.0,18.11506462097168,101055
2008-11-21,18.25,19.799999237060547,18.100000381469727,19.5,18.59177017211914,44155
2008-11-24,18.75,18.950000762939453,17.899999618530273,18.149999618530273,17.30464744567871,10806
2008-11-25,18.200000762939453,19.5,18.0,18.200000762939453,17.35232162475586,28828
2008-11-26,17.600000381469727,18.5,17.5,18.399999618530273,17.543006896972656,22637
2008-11-27,18.399999618530273,18.399999618530273,18.399999618530273,18.399999618530273,17.543006896972656,0
2008-11-28,18.0,18.25,17.75,18.049999237060547,17.209308624267578,11886
2008-12-01,17.799999237060547,18.450000762939453,17.25,18.049999237060547,17.209308624267578,9280
2008-12-02,17.299999237060547,17.799999237060547,16.850000381469727,17.049999237060547,16.255884170532227,22098
2008-12-03,17.100000381469727,17.700000762939453,16.5,16.950000762939453,16.160539627075195,15050
2008-12-04,17.200000762939453,17.299999237060547,16.399999618530273,16.850000381469727,16.06519889831543,30924
2008-12-05,17.0,17.25,16.649999618530273,16.799999237060547,16.017526626586914,17788
2008-12-08,17.25,19.950000762939453,17.0,18.5,17.638347625732422,55457
2008-12-10,20.100000381469727,20.100000381469727,18.549999237060547,19.75,18.830129623413086,100355
2008-12-11,20.0,20.899999618530273,19.049999237060547,19.950000762939453,19.020814895629883,54914
2008-12-12,20.0,20.399999618530273,18.649999618530273,20.100000381469727,19.163827896118164,31126
2008-12-15,21.0,21.0,19.700000762939453,20.700000762939453,19.735883712768555,23281
2008-12-16,21.0,21.799999237060547,20.700000762939453,21.200000762939453,20.212596893310547,40874
2008-12-17,17.049999237060547,21.850000381469727,17.049999237060547,19.950000762939453,19.020814895629883,20397
2008-12-18,19.700000762939453,20.399999618530273,19.600000381469727,20.25,19.306838989257812,19100
2008-12-19,16.350000381469727,20.5,16.350000381469727,20.200000762939453,19.25917625427246,18031
2008-12-22,21.0,21.0,19.149999618530273,19.549999237060547,18.639442443847656,23738
2008-12-23,19.149999618530273,19.700000762939453,19.100000381469727,19.25,18.353418350219727,5386
2008-12-24,15.5,19.299999237060547,15.5,18.850000381469727,17.9720458984375,11913
2008-12-26,19.5,19.899999618530273,17.600000381469727,17.850000381469727,17.018619537353516,26372
2008-12-29,17.100000381469727,18.799999237060547,17.100000381469727,18.399999618530273,17.543006896972656,20912
2008-12-30,17.100000381469727,18.700000762939453,17.100000381469727,18.549999237060547,17.686017990112305,11841
2008-12-31,18.0,19.100000381469727,18.0,18.649999618530273,17.78136444091797,21494
2009-01-02,19.5,20.200000762939453,19.200000762939453,19.899999618530273,18.973140716552734,17851
2009-01-05,19.75,20.299999237060547,19.0,19.25,18.353418350219727,33846
2009-01-06,20.049999237060547,21.149999618530273,19.549999237060547,20.049999237060547,19.11615562438965,83253
2009-01-07,20.299999237060547,20.299999237060547,17.850000381469727,18.100000381469727,17.25697898864746,43345
2009-01-09,16.149999618530273,18.200000762939453,14.5,16.200000762939453,15.44547176361084,159150
2009-01-12,16.899999618530273,17.0,16.100000381469727,16.5,15.731502532958984,25665
2009-01-13,16.200000762939453,16.700000762939453,15.699999809265137,16.049999237060547,15.302459716796875,24179
2009-01-14,16.799999237060547,16.799999237060547,15.5,16.0,15.25478744506836,21121
2009-01-15,18.0,18.0,14.800000190734863,15.100000381469727,14.396705627441406,62597
2009-01-16,15.199999809265137,16.5,14.949999809265137,15.100000381469727,14.396705627441406,28487
2009-01-19,15.5,16.149999618530273,15.300000190734863,15.850000381469727,15.111775398254395,24296
2009-01-20,15.350000381469727,15.800000190734863,15.350000381469727,15.5,14.778077125549316,22049
2009-01-21,15.399999618530273,15.699999809265137,14.800000190734863,15.100000381469727,14.396705627441406,22069
2009-01-22,15.149999618530273,15.699999809265137,14.800000190734863,15.100000381469727,14.396705627441406,9309
2009-01-23,15.600000381469727,15.600000381469727,13.800000190734863,14.949999809265137,14.253692626953125,18659
2009-01-27,14.949999809265137,15.699999809265137,13.699999809265137,14.649999618530273,13.96766471862793,59338
2009-01-28,14.100000381469727,15.100000381469727,14.100000381469727,14.949999809265137,14.253692626953125,10224
2009-01-29,15.100000381469727,15.600000381469727,15.100000381469727,15.100000381469727,14.396705627441406,10719
2009-01-30,14.699999809265137,15.699999809265137,14.699999809265137,15.550000190734863,14.825746536254883,20481
2009-02-02,15.600000381469727,15.600000381469727,13.649999618530273,13.75,13.109582901000977,111481
2009-02-03,13.050000190734863,14.0,13.050000190734863,13.649999618530273,13.014239311218262,223926
2009-02-04,13.149999618530273,13.800000190734863,13.149999618530273,13.399999618530273,12.775882720947266,12692
2009-02-05,12.5,13.699999809265137,12.5,13.25,12.632872581481934,13219
2009-02-06,13.25,13.600000381469727,13.149999618530273,13.449999809265137,12.823554992675781,120417
2009-02-09,13.550000190734863,13.75,12.75,13.300000190734863,12.680542945861816,55703
2009-02-10,13.5,13.699999809265137,13.0,13.050000190734863,12.442187309265137,26079
2009-02-11,12.5,13.600000381469727,12.5,13.399999618530273,12.775882720947266,18966
2009-02-12,13.399999618530273,13.600000381469727,13.0,13.050000190734863,12.442187309265137,26721
2009-02-13,13.399999618530273,13.449999809265137,12.800000190734863,12.949999809265137,12.346841812133789,31422
2009-02-16,13.0,13.600000381469727,12.600000381469727,12.899999618530273,12.299171447753906,12138
2009-02-17,12.300000190734863,13.0,12.300000190734863,12.75,12.15616226196289,20366
2009-02-18,12.149999618530273,12.800000190734863,11.600000381469727,12.0,11.441092491149902,35827
2009-02-19,13.0,13.0,11.800000190734863,11.949999809265137,11.39341926574707,37790
2009-02-20,12.0,12.199999809265137,11.649999618530273,12.0,11.441092491149902,22277
2009-02-24,11.600000381469727,12.199999809265137,11.600000381469727,12.050000190734863,11.488762855529785,24466
2009-02-25,12.300000190734863,12.350000381469727,11.949999809265137,12.149999618530273,11.58410358428955,12315
2009-02-26,12.25,12.399999618530273,11.949999809265137,12.300000190734863,11.727118492126465,19996
2009-02-27,12.050000190734863,12.899999618530273,11.800000190734863,11.800000190734863,11.250408172607422,7811
2009-03-02,11.449999809265137,12.0,11.449999809265137,11.75,11.202733039855957,3859
2009-03-03,11.600000381469727,12.199999809265137,11.600000381469727,11.800000190734863,11.250408172607422,10768
2009-03-04,11.600000381469727,11.899999618530273,11.5,11.5,10.96437931060791,11992
2009-03-05,11.949999809265137,11.949999809265137,10.5,10.600000381469727,10.106298446655273,25818
2009-03-06,10.550000190734863,11.0,10.550000190734863,10.899999618530273,10.392324447631836,9393
2009-03-09,10.949999809265137,10.949999809265137,10.100000381469727,10.199999809265137,9.724925994873047,12703
2009-03-12,10.5,10.5,9.75,9.899999618530273,9.438899993896484,34388
2009-03-13,10.25,10.699999809265137,9.949999809265137,10.050000190734863,9.581913948059082,22492
2009-03-16,10.0,10.300000190734863,10.0,10.100000381469727,9.62958812713623,13941
2009-03-17,10.449999809265137,10.449999809265137,9.800000190734863,10.0,9.534241676330566,20801
2009-03-18,10.949999809265137,10.949999809265137,9.800000190734863,10.600000381469727,10.106298446655273,35769
2009-03-19,11.350000381469727,11.350000381469727,10.5,10.75,10.249311447143555,37672
2009-03-20,11.0,11.100000381469727,10.300000190734863,10.550000190734863,10.058626174926758,20823
2009-03-23,10.199999809265137,11.800000190734863,10.199999809265137,11.0,10.487666130065918,9946
2009-03-24,11.149999618530273,11.5,10.25,10.75,10.249311447143555,33569
2009-03-25,10.5,10.850000381469727,10.399999618530273,10.699999809265137,10.201640129089355,9536
2009-03-26,11.0,11.149999618530273,10.600000381469727,10.75,10.249311447143555,20295
2009-03-27,11.0,11.300000190734863,10.649999618530273,10.899999618530273,10.392324447631836,16958
2009-03-30,11.25,11.399999618530273,10.949999809265137,11.149999618530273,10.630678176879883,20390
2009-03-31,11.449999809265137,11.5,11.0,11.399999618530273,10.869036674499512,14869
2009-04-01,11.5,13.699999809265137,11.199999809265137,13.699999809265137,13.061912536621094,117083
2009-04-02,15.5,16.450000762939453,14.699999809265137,16.450000762939453,15.683830261230469,255717
2009-04-06,17.399999618530273,17.700000762939453,14.800000190734863,16.049999237060547,15.302459716796875,265208
2009-04-08,15.800000190734863,16.950000762939453,15.550000190734863,16.799999237060547,16.017526626586914,178982
2009-04-09,17.0,17.100000381469727,16.100000381469727,16.25,15.493145942687988,92977
2009-04-13,16.299999237060547,17.200000762939453,16.299999237060547,16.899999618530273,16.112869262695312,74196
2009-04-15,16.5,17.600000381469727,16.200000762939453,17.350000381469727,16.541912078857422,287151
2009-04-16,17.600000381469727,17.899999618530273,15.649999618530273,15.649999618530273,14.921090126037598,85195
2009-04-17,15.0,16.5,15.0,15.75,15.01643180847168,56127
2009-04-20,16.350000381469727,17.350000381469727,15.550000190734863,15.699999809265137,14.968762397766113,17961
2009-04-21,15.0,16.0,15.0,15.300000190734863,14.587389945983887,26478
2009-04-22,16.25,16.25,15.100000381469727,15.25,14.53972053527832,20592
2009-04-23,15.050000190734863,15.25,14.100000381469727,14.949999809265137,14.253692626953125,35451
2009-04-24,15.149999618530273,15.699999809265137,15.100000381469727,15.449999809265137,14.730403900146484,14840
2009-04-27,15.0,15.850000381469727,14.850000381469727,15.199999809265137,14.492047309875488,17676
2009-04-28,15.0,15.449999809265137,14.199999809265137,14.350000381469727,13.681638717651367,35054
2009-04-29,14.600000381469727,14.800000190734863,14.199999809265137,14.550000190734863,13.872323989868164,8438
2009-04-30,14.75,14.75,14.75,14.75,14.063008308410645,0
2009-05-04,14.300000190734863,15.699999809265137,14.300000190734863,15.25,14.53972053527832,71153
2009-05-05,15.199999809265137,15.800000190734863,15.0,15.149999618530273,14.444376945495605,36708
2009-05-06,15.0,16.700000762939453,15.0,15.550000190734863,14.825746536254883,205860
2009-05-07,16.399999618530273,16.450000762939453,16.0,16.25,15.493145942687988,61479
2009-05-08,16.450000762939453,16.5,15.300000190734863,15.949999809265137,15.207118034362793,76080
2009-05-11,16.299999237060547,16.299999237060547,15.600000381469727,16.0,15.25478744506836,42969
2009-05-12,15.5,16.0,15.350000381469727,15.600000381469727,14.873418807983398,56988
2009-05-13,15.399999618530273,16.350000381469727,15.25,15.800000190734863,15.064102172851562,20290
2009-05-14,15.800000190734863,15.850000381469727,15.199999809265137,15.449999809265137,14.730403900146484,12543
2009-05-15,15.350000381469727,16.0,15.300000190734863,15.399999618530273,14.682733535766602,21325
2009-05-18,18.5,18.5,18.5,18.5,17.638347625732422,75
2009-05-19,21.899999618530273,21.899999618530273,15.25,17.950000762939453,17.113964080810547,191406
2009-05-20,19.200000762939453,19.350000381469727,18.299999237060547,19.100000381469727,18.210403442382812,80029
2009-05-21,19.75,22.0,19.299999237060547,19.649999618530273,18.734785079956055,317889
2009-05-22,20.600000381469727,21.5,19.0,19.700000762939453,18.782459259033203,143985
2009-05-25,20.25,21.899999618530273,20.25,21.600000381469727,20.593963623046875,259739
2009-05-26,22.799999237060547,25.899999618530273,21.5,22.299999237060547,21.261356353759766,814146
2009-05-27,24.5,26.799999237060547,23.700000762939453,26.799999237060547,25.55176544189453,1206576
2009-05-28,27.399999618530273,27.700000762939453,24.149999618530273,24.549999237060547,23.406566619873047,1348673
2009-05-29,25.0,26.950000762939453,24.649999618530273,26.450000762939453,25.21807098388672,688765
2009-06-01,27.950000762939453,28.0,26.0,26.299999237060547,25.075054168701172,371134
2009-06-02,26.600000381469727,27.0,24.149999618530273,24.600000381469727,23.45423698425293,336027
2009-06-03,25.25,25.75,24.200000762939453,24.700000762939453,23.549579620361328,213469
2009-06-04,25.25,26.5,23.700000762939453,24.350000381469727,23.215883255004883,313331
2009-06-05,24.200000762939453,24.899999618530273,22.600000381469727,23.0,21.92875862121582,266249
2009-06-08,23.399999618530273,23.5,20.700000762939453,21.0,20.02190589904785,178678
2009-06-09,19.899999618530273,21.25,18.899999618530273,20.899999618530273,19.926563262939453,219523
2009-06-10,21.399999618530273,22.799999237060547,20.899999618530273,21.299999237060547,20.307937622070312,177315
2009-06-11,21.5,21.5,20.5,21.200000762939453,20.212596893310547,75265
2009-06-12,20.899999618530273,21.25,20.149999618530273,21.0,20.02190589904785,35391
2009-06-15,19.149999618530273,20.5,19.149999618530273,19.200000762939453,18.305747985839844,42283
2009-06-16,19.850000381469727,19.850000381469727,18.5,19.5,18.59177017211914,36626
2009-06-17,19.799999237060547,21.0,18.5,21.0,20.02190589904785,44640
2009-06-18,18.049999237060547,19.149999618530273,17.850000381469727,18.600000381469727,17.733694076538086,46432
2009-06-19,18.950000762939453,18.950000762939453,17.149999618530273,18.600000381469727,17.733694076538086,36139
2009-06-22,18.0,18.899999618530273,18.0,18.0,17.161636352539062,29302
2009-06-23,18.0,18.850000381469727,17.700000762939453,17.700000762939453,16.8756160736084,34667
2009-06-24,18.149999618530273,19.5,18.149999618530273,18.149999618530273,17.30464744567871,21717
2009-06-25,19.700000762939453,21.0,18.399999618530273,21.0,20.02190589904785,44393
2009-06-26,18.850000381469727,19.200000762939453,17.799999237060547,18.5,17.638347625732422,26113
2009-06-29,19.25,19.5,18.649999618530273,18.649999618530273,17.78136444091797,20716
2009-06-30,19.899999618530273,19.899999618530273,18.350000381469727,18.350000381469727,17.495332717895508,22527
2009-07-01,18.350000381469727,19.0,17.649999618530273,17.649999618530273,16.827938079833984,37561
2009-07-02,17.5,18.450000762939453,17.5,17.5,16.684919357299805,13320
2009-07-03,18.100000381469727,18.399999618530273,17.350000381469727,17.350000381469727,16.541912078857422,25521
2009-07-06,18.399999618530273,18.399999618530273,17.100000381469727,17.100000381469727,16.303556442260742,19488
2009-07-07,17.100000381469727,18.0,16.25,16.25,15.493145942687988,36412
2009-07-08,16.25,16.25,15.850000381469727,15.850000381469727,15.111775398254395,26735
2009-07-09,15.850000381469727,16.5,15.350000381469727,15.350000381469727,14.635062217712402,15209
2009-07-10,16.0,16.0,15.199999809265137,15.25,14.53972053527832,17052
2009-07-13,15.25,15.25,14.5,14.5,13.824652671813965,21509
2009-07-14,15.199999809265137,15.25,14.600000381469727,14.600000381469727,13.919995307922363,10969
2009-07-15,16.0,16.049999237060547,15.550000190734863,15.550000190734863,14.825746536254883,17526
2009-07-16,16.799999237060547,16.850000381469727,16.450000762939453,16.450000762939453,15.683830261230469,18320
2009-07-17,17.5,17.700000762939453,17.0,17.5,16.684919357299805,19821
2009-07-20,18.0,18.399999618530273,17.149999618530273,18.25,17.399993896484375,16645
2009-07-21,18.25,18.700000762939453,17.299999237060547,17.649999618530273,16.827938079833984,17199
2009-07-22,17.700000762939453,18.25,17.549999237060547,18.0,17.161636352539062,22514
2009-07-23,17.649999618530273,18.450000762939453,17.049999237060547,18.350000381469727,17.495332717895508,17881
2009-07-24,18.350000381469727,18.75,17.899999618530273,18.299999237060547,17.44766616821289,22778
2009-07-27,18.5,19.100000381469727,18.0,18.5,17.638347625732422,21773
2009-07-28,18.149999618530273,19.200000762939453,18.100000381469727,18.5,17.638347625732422,58936
2009-07-29,18.600000381469727,19.5,17.649999618530273,18.899999618530273,18.019716262817383,43830
2009-07-30,19.75,19.899999618530273,18.25,19.450000762939453,18.54410171508789,78619
2009-07-31,19.75,20.100000381469727,18.799999237060547,18.799999237060547,17.924375534057617,51437
2009-08-03,19.0,19.299999237060547,17.899999618530273,18.799999237060547,17.924375534057617,26960
2009-08-04,18.450000762939453,18.850000381469727,18.299999237060547,18.700000762939453,17.82903289794922,21517
2009-08-05,19.5,19.5,18.100000381469727,18.950000762939453,18.0673885345459,34437
2009-08-06,18.5,19.149999618530273,18.25,18.600000381469727,17.733694076538086,35320
2009-08-07,18.850000381469727,18.850000381469727,17.700000762939453,17.75,16.92327880859375,30856
2009-08-10,17.950000762939453,18.25,17.100000381469727,17.25,16.44656753540039,20236
2009-08-11,17.350000381469727,17.799999237060547,17.25,17.450000762939453,16.637252807617188,11362
2009-08-12,17.5,17.600000381469727,16.75,17.25,16.44656753540039,29167
2009-08-13,17.100000381469727,18.350000381469727,17.100000381469727,18.350000381469727,17.495332717895508,59764
2009-08-14,18.75,19.299999237060547,18.5,19.299999237060547,18.401086807250977,43023
2009-08-17,19.25,19.450000762939453,18.25,18.799999237060547,17.924375534057617,32424
2009-08-18,18.799999237060547,18.799999237060547,18.799999237060547,18.799999237060547,17.924375534057617,0
2009-08-19,19.5,19.799999237060547,18.700000762939453,19.0,18.11506462097168,36922
2009-08-20,19.100000381469727,19.799999237060547,18.649999618530273,19.5,18.59177017211914,44421
2009-08-21,18.700000762939453,19.700000762939453,18.700000762939453,19.25,18.353418350219727,33286
2009-08-24,19.850000381469727,20.200000762939453,19.649999618530273,20.0,19.068483352661133,62355
2009-08-25,19.350000381469727,21.0,19.350000381469727,21.0,20.02190589904785,140479
2009-08-26,21.799999237060547,22.049999237060547,21.350000381469727,21.950000762939453,20.927661895751953,183018
2009-08-27,22.399999618530273,22.75,21.799999237060547,22.0,20.975332260131836,120640
2009-08-28,22.200000762939453,22.450000762939453,21.0,22.350000381469727,21.309030532836914,114319
2009-08-31,22.25,22.799999237060547,21.799999237060547,22.450000762939453,21.404375076293945,62957
2009-09-01,22.399999618530273,23.399999618530273,21.5,22.049999237060547,21.023008346557617,125620
2009-09-02,21.950000762939453,21.950000762939453,21.100000381469727,21.25,20.260265350341797,39173
2009-09-03,21.5,21.5,20.799999237060547,20.899999618530273,20.020780563354492,53628
2009-09-04,21.0,21.950000762939453,20.75,21.75,20.835023880004883,96627
2009-09-07,22.700000762939453,22.850000381469727,22.149999618530273,22.850000381469727,21.888751983642578,186619
2009-09-08,23.0,24.0,22.850000381469727,23.549999237060547,22.559301376342773,213658
2009-09-09,24.100000381469727,24.700000762939453,23.700000762939453,23.850000381469727,22.8466854095459,175039
2009-09-10,24.100000381469727,24.350000381469727,22.75,23.200000762939453,22.22402572631836,127448
2009-09-11,23.149999618530273,23.399999618530273,22.200000762939453,22.450000762939453,21.505577087402344,49046
2009-09-14,23.200000762939453,23.200000762939453,22.049999237060547,22.25,21.313989639282227,40887
2009-09-15,22.899999618530273,22.899999618530273,22.25,22.350000381469727,21.409786224365234,38318
2009-09-16,23.0,23.5,22.5,23.5,22.511404037475586,219250
2009-09-17,24.200000762939453,24.700000762939453,23.600000381469727,24.5,23.46933937072754,284301
2009-09-18,24.149999618530273,25.0,24.049999237060547,24.350000381469727,23.32564926147461,76175
2009-09-22,24.5,24.600000381469727,23.600000381469727,24.299999237060547,23.277751922607422,131793
2009-09-23,24.399999618530273,24.600000381469727,23.600000381469727,23.850000381469727,22.8466854095459,46986
2009-09-24,23.75,23.75,23.049999237060547,23.149999618530273,22.176128387451172,57706
2009-09-25,23.0,23.700000762939453,22.850000381469727,23.299999237060547,22.319820404052734,69800
2009-09-29,23.5,24.200000762939453,23.5,23.600000381469727,22.607202529907227,57409
2009-09-30,23.5,24.799999237060547,23.299999237060547,24.799999237060547,23.756717681884766,156552
2009-10-01,24.899999618530273,25.5,24.0,24.549999237060547,23.517236709594727,261647
2009-10-05,24.0,25.799999237060547,24.0,24.299999237060547,23.277751922607422,241526
2009-10-06,24.299999237060547,24.799999237060547,23.700000762939453,24.450000762939453,23.421443939208984,102101
2009-10-07,24.350000381469727,24.899999618530273,23.799999237060547,24.299999237060547,23.277751922607422,75958
2009-10-08,24.700000762939453,24.700000762939453,23.399999618530273,23.549999237060547,22.559301376342773,90229
2009-10-09,23.149999618530273,24.100000381469727,22.399999618530273,23.649999618530273,22.65509605407715,156394
2009-10-12,22.950000762939453,24.5,22.950000762939453,24.200000762939453,23.18195915222168,114809
2009-10-13,23.75,23.75,23.75,23.75,22.750886917114258,0
2009-10-14,25.299999237060547,25.299999237060547,23.5,24.700000762939453,23.660924911499023,199704
2009-10-15,25.0,25.25,24.5,24.649999618530273,23.613027572631836,133752
2009-10-16,24.899999618530273,24.899999618530273,24.25,24.299999237060547,23.277751922607422,98135
2009-10-20,24.850000381469727,26.100000381469727,24.5,26.100000381469727,25.002029418945312,534165
2009-10-21,27.299999237060547,27.450000762939453,26.549999237060547,27.299999237060547,26.151548385620117,635226
2009-10-22,28.0,28.700000762939453,27.0,28.149999618530273,26.965791702270508,649598
2009-10-23,28.75,29.399999618530273,27.5,28.049999237060547,26.869997024536133,437173
2009-10-26,29.0,29.399999618530273,28.100000381469727,28.700000762939453,27.492656707763672,338358
2009-10-27,28.950000762939453,29.049999237060547,27.299999237060547,27.299999237060547,26.151548385620117,288292
2009-10-28,26.399999618530273,27.799999237060547,25.950000762939453,27.299999237060547,26.151548385620117,147641
2009-10-29,26.049999237060547,27.149999618530273,26.049999237060547,26.25,25.145719528198242,73501
2009-10-30,27.149999618530273,27.399999618530273,25.450000762939453,25.700000762939453,24.61885643005371,171999
2009-11-03,25.850000381469727,26.850000381469727,24.450000762939453,24.450000762939453,23.421443939208984,63709
2009-11-04,24.5,25.5,24.5,24.700000762939453,23.660924911499023,68214
2009-11-05,24.399999618530273,25.649999618530273,23.850000381469727,25.0,23.948307037353516,119299
2009-11-06,25.700000762939453,26.25,25.600000381469727,26.25,25.145719528198242,91528
2009-11-09,27.5,28.899999618530273,26.799999237060547,28.399999618530273,27.205272674560547,343552
2009-11-10,28.899999618530273,29.299999237060547,27.399999618530273,27.549999237060547,26.391029357910156,138488
2009-11-11,28.399999618530273,28.399999618530273,26.75,27.149999618530273,26.007856369018555,174108
2009-11-12,28.0,28.0,26.299999237060547,26.799999237060547,25.672578811645508,93424
2009-11-13,27.299999237060547,28.0,26.649999618530273,27.549999237060547,26.391029357910156,84781
2009-11-16,28.5,28.600000381469727,27.25,27.700000762939453,26.53472328186035,123891
2009-11-17,27.350000381469727,28.0,27.25,27.75,26.58262062072754,64349
2009-11-18,28.0,29.450000762939453,27.25,28.399999618530273,27.205272674560547,344613
2009-11-19,28.850000381469727,30.0,28.299999237060547,28.649999618530273,27.44476318359375,302897
2009-11-20,28.799999237060547,29.0,28.049999237060547,28.299999237060547,27.109481811523438,60657
2009-11-23,28.75,28.799999237060547,28.0,28.200000762939453,27.013687133789062,96186
2009-11-24,28.200000762939453,28.649999618530273,27.649999618530273,27.950000762939453,26.77420425415039,79968
2009-11-25,27.549999237060547,28.100000381469727,27.25,27.350000381469727,26.199445724487305,77475
2009-11-26,27.899999618530273,27.899999618530273,25.850000381469727,26.049999237060547,24.954132080078125,139299
2009-11-27,25.0,27.5,24.899999618530273,27.149999618530273,26.007856369018555,172787
2009-11-30,27.649999618530273,28.0,27.149999618530273,27.5,26.343135833740234,106473
2009-12-01,28.0,29.25,27.25,28.950000762939453,27.732133865356445,185243
2009-12-02,29.0,29.450000762939453,28.100000381469727,28.399999618530273,27.205272674560547,152322
2009-12-03,28.100000381469727,28.950000762939453,27.299999237060547,28.0,26.822099685668945,260903
2009-12-04,27.549999237060547,30.799999237060547,27.549999237060547,30.200000762939453,28.929550170898438,1472213
2009-12-07,30.899999618530273,32.70000076293945,30.5,31.649999618530273,30.31855583190918,1684943
2009-12-08,32.0,32.54999923706055,31.600000381469727,31.700000762939453,30.366453170776367,485885
2009-12-09,31.700000762939453,31.950000762939453,30.649999618530273,30.850000381469727,29.552207946777344,240003
2009-12-10,31.25,31.25,29.75,29.899999618530273,28.642173767089844,168273
2009-12-11,29.899999618530273,31.25,29.600000381469727,29.899999618530273,28.642173767089844,197015
2009-12-14,30.0,30.25,29.149999618530273,29.600000381469727,28.354793548583984,145690
2009-12-15,29.950000762939453,30.0,28.549999237060547,29.600000381469727,28.354793548583984,144782
2009-12-16,29.899999618530273,30.299999237060547,29.200000762939453,29.350000381469727,28.11530876159668,112392
2009-12-17,29.299999237060547,29.899999618530273,28.899999618530273,29.049999237060547,27.82792854309082,111209
2009-12-18,29.0,29.0,28.299999237060547,28.5,27.301069259643555,67765
2009-12-21,28.200000762939453,29.399999618530273,27.899999618530273,28.049999237060547,26.869997024536133,109992
2009-12-22,28.700000762939453,28.799999237060547,28.049999237060547,28.649999618530273,27.44476318359375,81200
2009-12-23,28.5,30.5,28.5,30.049999237060547,28.785858154296875,504602
2009-12-24,30.149999618530273,30.149999618530273,29.25,29.700000762939453,28.45058822631836,179618
2009-12-29,30.0,32.70000076293945,29.100000381469727,32.150001525878906,30.797521591186523,644132
2009-12-30,32.400001525878906,33.349998474121094,31.200000762939453,32.75,31.372283935546875,659524
2009-12-31,33.20000076293945,33.20000076293945,31.899999618530273,32.54999923706055,31.180692672729492,233978
2010-01-04,32.70000076293945,32.75,31.899999618530273,32.150001525878906,30.797521591186523,112710
2010-01-05,32.95000076293945,33.5,32.25,32.70000076293945,31.324378967285156,360565
2010-01-06,32.95000076293945,33.5,32.29999923706055,32.650001525878906,31.276485443115234,321627
2010-01-07,32.150001525878906,34.5,32.04999923706055,33.95000076293945,32.52180480957031,637582
2010-01-08,34.400001525878906,36.20000076293945,34.400001525878906,35.150001525878906,33.67131423950195,1607602
2010-01-11,35.75,38.25,35.25,37.650001525878906,36.0661506652832,1571472
2010-01-12,38.900001525878906,39.45000076293945,36.099998474121094,38.5,36.88038635253906,3024611
2010-01-13,38.29999923706055,41.79999923706055,37.099998474121094,41.0,39.27521896362305,5369217
2010-01-14,41.70000076293945,43.650001525878906,41.20000076293945,42.099998474121094,40.328941345214844,3035815
2010-01-15,42.5,42.5,40.5,40.75,39.03573226928711,943591
2010-01-18,40.75,41.79999923706055,39.70000076293945,39.95000076293945,38.269386291503906,731652
2010-01-19,39.29999923706055,40.45000076293945,38.599998474121094,39.099998474121094,37.45515060424805,460757
2010-01-20,39.599998474121094,39.650001525878906,38.0,38.25,36.640907287597656,362525
2010-01-21,39.0,39.0,32.0,36.75,35.43561553955078,588697
2010-01-22,36.5,37.099998474121094,34.5,36.79999923706055,35.483821868896484,507316
2010-01-25,36.79999923706055,38.0,36.20000076293945,36.650001525878906,35.339195251464844,226771
2010-01-27,36.79999923706055,37.150001525878906,32.79999923706055,33.150001525878906,31.964374542236328,366445
2010-01-28,33.599998474121094,34.900001525878906,33.20000076293945,33.599998474121094,32.398277282714844,317593
2010-01-29,33.45000076293945,34.95000076293945,32.5,34.599998474121094,33.36250686645508,359615
2010-02-01,34.900001525878906,37.20000076293945,34.150001525878906,36.25,34.953495025634766,370435
2010-02-02,36.79999923706055,37.599998474121094,35.099998474121094,35.25,33.989261627197266,321598
2010-02-03,35.79999923706055,36.0,35.20000076293945,35.400001525878906,34.13390350341797,154591
2010-02-04,35.75,35.849998474121094,34.150001525878906,34.70000076293945,33.45893478393555,102557
2010-02-05,34.0,35.150001525878906,32.75,34.70000076293945,33.45893478393555,292416
2010-02-08,35.04999923706055,36.400001525878906,34.54999923706055,35.54999923706055,34.27853012084961,222048
2010-02-09,36.0,36.099998474121094,34.54999923706055,34.900001525878906,33.65177917480469,116844
2010-02-10,35.599998474121094,35.70000076293945,34.150001525878906,34.54999923706055,33.31429672241211,163231
2010-02-11,35.0,36.400001525878906,34.70000076293945,34.900001525878906,33.65177917480469,405889
2010-02-15,35.0,35.75,34.29999923706055,34.599998474121094,33.36250686645508,97172
2010-02-16,34.95000076293945,36.0,34.5,34.70000076293945,33.45893478393555,190796
2010-02-17,35.45000076293945,35.45000076293945,34.5,34.599998474121094,33.36250686645508,96894
2010-02-18,35.0,35.5,34.5,34.75,33.50714111328125,130706
2010-02-19,34.70000076293945,34.75,33.5,33.75,32.542911529541016,105403
2010-02-22,35.0,35.0,33.099998474121094,33.29999923706055,32.109004974365234,84229
2010-02-23,33.45000076293945,33.849998474121094,32.70000076293945,32.849998474121094,31.675098419189453,64898
2010-02-24,32.5,33.0,32.349998474121094,32.70000076293945,31.530458450317383,88159
2010-02-25,33.25,33.25,31.799999237060547,31.950000762939453,30.807287216186523,84195
2010-02-26,31.950000762939453,34.45000076293945,31.5,34.25,33.025028228759766,234501
2010-03-02,35.0,38.0,35.0,36.599998474121094,35.29097366333008,728597
2010-03-03,36.95000076293945,42.099998474121094,36.0,39.75,38.328311920166016,7389119
2010-03-04,40.45000076293945,40.599998474121094,38.150001525878906,38.650001525878906,37.26765441894531,1304461
2010-03-05,39.0,40.20000076293945,38.70000076293945,39.54999923706055,38.135467529296875,1349775
2010-03-08,40.150001525878906,40.150001525878906,38.20000076293945,38.400001525878906,37.02660369873047,433482
2010-03-09,39.20000076293945,39.20000076293945,36.79999923706055,36.95000076293945,35.62845993041992,300048
2010-03-10,37.0,37.04999923706055,35.75,36.099998474121094,34.80886459350586,471280
2010-03-11,36.400001525878906,38.29999923706055,35.54999923706055,36.54999923706055,35.242767333984375,501654
2010-03-12,37.20000076293945,38.04999923706055,36.29999923706055,36.54999923706055,35.242767333984375,335845
2010-03-15,36.70000076293945,36.70000076293945,35.70000076293945,36.0,34.71243667602539,330413
2010-03-16,36.79999923706055,37.900001525878906,36.0,37.20000076293945,35.86952590942383,410404
2010-03-17,37.400001525878906,37.70000076293945,36.29999923706055,36.70000076293945,35.38739776611328,240390
2010-03-18,36.650001525878906,37.75,36.150001525878906,36.95000076293945,35.62845993041992,384222
2010-03-19,37.45000076293945,37.5,36.75,37.04999923706055,35.72488784790039,420080
2010-03-22,37.0,38.70000076293945,36.04999923706055,37.349998474121094,36.014156341552734,592034
2010-03-23,37.5,40.29999923706055,37.25,38.54999923706055,37.171234130859375,3255798
2010-03-25,39.0,39.849998474121094,38.04999923706055,38.650001525878906,37.26765441894531,1158253
2010-03-26,39.0,39.0,37.29999923706055,37.599998474121094,36.255210876464844,443150
2010-03-29,37.79999923706055,38.0,36.5,36.95000076293945,35.62845993041992,1168409
2010-03-30,36.95000076293945,37.650001525878906,36.29999923706055,36.599998474121094,35.29097366333008,251894
2010-03-31,36.900001525878906,37.25,36.150001525878906,36.349998474121094,35.04991912841797,225612
2010-04-01,36.79999923706055,37.5,36.45000076293945,37.5,36.15878677368164,923617
2010-04-05,37.900001525878906,39.349998474121094,37.29999923706055,38.45000076293945,37.0748176574707,412766
2010-04-06,38.599998474121094,39.400001525878906,37.849998474121094,38.900001525878906,37.50871658325195,494418
2010-04-07,39.29999923706055,39.95000076293945,38.150001525878906,38.5,37.12302017211914,349128
2010-04-08,38.5,39.29999923706055,37.54999923706055,37.79999923706055,36.44805908203125,219433
2010-04-09,38.20000076293945,41.0,38.099998474121094,39.849998474121094,38.42473602294922,1611012
2010-04-12,40.25,41.650001525878906,39.599998474121094,40.150001525878906,38.714012145996094,954714
2010-04-13,40.5,41.0,39.150001525878906,39.95000076293945,38.52116012573242,687035
2010-04-15,40.29999923706055,41.150001525878906,38.900001525878906,39.25,37.84619903564453,777900
2010-04-16,39.5,39.5,38.29999923706055,38.650001525878906,37.26765441894531,188202
2010-04-19,38.099998474121094,38.75,37.5,37.79999923706055,36.44805908203125,236992
2010-04-20,38.099998474121094,38.70000076293945,37.54999923706055,38.099998474121094,36.73733139038086,197867
2010-04-21,38.650001525878906,38.79999923706055,38.0,38.099998474121094,36.73733139038086,192468
2010-04-22,37.900001525878906,38.849998474121094,37.900001525878906,38.5,37.12302017211914,207788
2010-04-23,38.900001525878906,40.70000076293945,38.04999923706055,39.79999923706055,38.37652587890625,374954
2010-04-26,40.5,41.79999923706055,40.099998474121094,40.29999923706055,38.85865020751953,739831
2010-04-27,40.5,40.5,39.400001525878906,39.599998474121094,38.183677673339844,218203
2010-04-28,38.79999923706055,41.45000076293945,38.0,38.349998474121094,36.97838592529297,256952
2010-04-29,40.0,40.5,39.25,40.25,38.8104362487793,342972
2010-04-30,40.79999923706055,42.400001525878906,40.599998474121094,41.599998474121094,40.112152099609375,1352448
2010-05-03,41.599998474121094,42.75,41.0,41.25,39.7746696472168,1171632
2010-05-04,41.75,41.95000076293945,39.099998474121094,39.54999923706055,38.135467529296875,569175
2010-05-05,38.349998474121094,41.25,38.0,40.75,39.29254913330078,517036
2010-05-06,42.400001525878906,42.400001525878906,40.099998474121094,40.900001525878906,39.437191009521484,680272
2010-05-07,41.400001525878906,42.0,38.599998474121094,39.349998474121094,37.942626953125,338105
2010-05-10,39.75,40.5,39.70000076293945,39.900001525878906,38.47294616699219,180810
2010-05-11,41.099998474121094,41.099998474121094,38.900001525878906,39.20000076293945,37.79798889160156,248177
2010-05-12,39.29999923706055,39.95000076293945,38.900001525878906,39.04999923706055,37.653350830078125,136631
2010-05-13,39.45000076293945,42.20000076293945,39.20000076293945,40.5,39.05149459838867,743700
2010-05-14,40.20000076293945,40.75,39.20000076293945,39.45000076293945,38.03904342651367,176680
2010-05-17,39.0,39.25,38.5,38.95000076293945,37.55692672729492,182498
2010-05-18,39.04999923706055,39.900001525878906,38.95000076293945,39.0,37.60513687133789,134260
2010-05-19,38.20000076293945,39.400001525878906,38.20000076293945,38.45000076293945,37.0748176574707,241390
2010-05-20,38.349998474121094,39.0,37.20000076293945,37.650001525878906,36.303428649902344,136581
2010-05-21,37.0,38.29999923706055,36.20000076293945,37.75,36.39984893798828,182914
2010-05-24,38.95000076293945,39.04999923706055,37.099998474121094,37.45000076293945,36.11057662963867,285271
2010-05-25,37.29999923706055,37.599998474121094,36.0,36.150001525878906,34.85707092285156,170343
2010-05-26,36.5,37.29999923706055,36.5,36.79999923706055,35.483821868896484,98574
2010-05-27,36.54999923706055,37.45000076293945,36.54999923706055,37.29999923706055,35.9659423828125,86955
2010-05-28,38.29999923706055,40.29999923706055,37.70000076293945,38.900001525878906,37.50871658325195,838070
2010-05-31,39.75,39.75,37.20000076293945,37.650001525878906,36.303428649902344,251309
2010-06-01,37.849998474121094,38.5,37.04999923706055,37.20000076293945,35.86952590942383,124925
2010-06-02,37.5,37.849998474121094,36.95000076293945,37.150001525878906,35.82131576538086,83139
2010-06-03,37.54999923706055,38.0,37.04999923706055,37.45000076293945,36.11057662963867,127095
2010-06-04,37.25,37.75,37.099998474121094,37.20000076293945,35.86952590942383,63309
2010-06-07,36.599998474121094,36.79999923706055,36.04999923706055,36.25,34.953495025634766,107974
2010-06-08,36.650001525878906,37.20000076293945,36.0,36.150001525878906,34.85707092285156,88792
2010-06-09,36.599998474121094,36.650001525878906,35.900001525878906,36.20000076293945,34.9052848815918,91081
2010-06-10,36.349998474121094,36.599998474121094,36.04999923706055,36.25,34.953495025634766,70984
2010-06-11,36.650001525878906,37.29999923706055,36.25,36.54999923706055,35.242767333984375,114066
2010-06-14,36.5,38.20000076293945,36.5,37.349998474121094,36.014156341552734,311755
2010-06-15,37.5,37.900001525878906,37.04999923706055,37.349998474121094,36.014156341552734,111224
2010-06-16,37.5,37.849998474121094,36.849998474121094,36.95000076293945,35.62845993041992,122762
2010-06-17,37.20000076293945,37.599998474121094,36.54999923706055,36.849998474121094,35.532039642333984,132748
2010-06-18,36.75,37.5,36.45000076293945,36.599998474121094,35.29097366333008,81386
2010-06-21,36.849998474121094,37.25,36.5,36.54999923706055,35.242767333984375,91018
2010-06-22,37.099998474121094,37.20000076293945,36.099998474121094,36.25,34.953495025634766,77798
2010-06-23,36.25,37.20000076293945,36.25,36.849998474121094,35.532039642333984,99089
2010-06-24,37.45000076293945,37.95000076293945,36.650001525878906,36.900001525878906,35.58025360107422,341366
2010-06-25,36.900001525878906,38.150001525878906,36.79999923706055,37.0,35.67667007446289,577418
2010-06-28,37.20000076293945,37.400001525878906,37.0,37.099998474121094,35.773094177246094,100122
2010-06-29,37.25,37.29999923706055,36.599998474121094,36.95000076293945,35.62845993041992,105621
2010-06-30,37.79999923706055,38.599998474121094,37.25,37.79999923706055,36.44805908203125,729129
2010-07-01,38.25,39.79999923706055,38.0,38.95000076293945,37.55692672729492,1096484
2010-07-02,39.0,40.650001525878906,38.150001525878906,38.599998474121094,37.219444274902344,1527678
2010-07-05,39.29999923706055,39.29999923706055,38.29999923706055,38.650001525878906,37.26765441894531,191292
2010-07-06,38.900001525878906,38.900001525878906,38.0,38.099998474121094,36.73733139038086,144754
2010-07-07,38.25,38.5,37.5,37.650001525878906,36.303428649902344,136775
2010-07-08,38.400001525878906,38.5,37.5,37.599998474121094,36.255210876464844,126567
2010-07-09,37.95000076293945,38.400001525878906,37.5,37.95000076293945,36.592689514160156,210903
2010-07-12,38.79999923706055,39.599998474121094,37.900001525878906,38.04999923706055,36.689117431640625,156485
2010-07-13,38.25,38.45000076293945,37.54999923706055,37.650001525878906,36.303428649902344,101520
2010-07-14,37.79999923706055,38.650001525878906,37.650001525878906,37.79999923706055,36.44805908203125,185291
2010-07-15,37.650001525878906,37.900001525878906,37.400001525878906,37.54999923706055,36.20700454711914,77495
2010-07-16,37.5,37.849998474121094,37.04999923706055,37.29999923706055,35.9659423828125,103521
2010-07-19,37.29999923706055,38.25,37.099998474121094,37.5,36.15878677368164,160645
2010-07-20,37.900001525878906,38.20000076293945,37.400001525878906,37.5,36.15878677368164,205030
2010-07-21,37.849998474121094,37.900001525878906,36.900001525878906,37.0,35.67667007446289,135460
2010-07-22,37.25,37.400001525878906,36.900001525878906,37.150001525878906,35.82131576538086,112933
2010-07-23,36.150001525878906,37.400001525878906,36.150001525878906,36.5,35.19455337524414,173041
2010-07-26,36.79999923706055,37.20000076293945,36.0,36.400001525878906,35.0981330871582,268218
2010-07-27,36.79999923706055,36.79999923706055,36.20000076293945,36.29999923706055,35.001705169677734,62324
2010-07-28,36.599998474121094,36.599998474121094,35.849998474121094,35.95000076293945,34.66423034667969,59600
2010-07-29,35.5,36.20000076293945,35.5,35.70000076293945,34.423160552978516,80949
2010-07-30,35.849998474121094,35.95000076293945,34.75,35.04999923706055,33.796417236328125,112902
2010-08-02,35.349998474121094,35.400001525878906,34.20000076293945,34.54999923706055,33.31429672241211,142505
2010-08-03,34.900001525878906,36.5,34.75,35.75,34.47137451171875,155765
2010-08-04,36.0,36.29999923706055,35.599998474121094,35.70000076293945,34.423160552978516,82055
2010-08-05,35.95000076293945,35.95000076293945,35.25,35.29999923706055,34.0374755859375,69972
2010-08-06,35.75,35.75,34.900001525878906,35.04999923706055,33.796417236328125,76519
2010-08-09,35.20000076293945,35.75,33.29999923706055,33.45000076293945,32.253639221191406,555480
2010-08-10,34.0,34.70000076293945,31.850000381469727,32.150001525878906,31.00013542175293,651317
2010-08-11,32.45000076293945,34.0,32.45000076293945,33.25,32.060791015625,448295
2010-08-12,33.400001525878906,33.400001525878906,31.899999618530273,32.20000076293945,31.0483455657959,240765
2010-08-13,32.20000076293945,32.75,32.0,32.099998474121094,30.95192527770996,127088
2010-08-16,32.25,32.650001525878906,31.75,31.799999237060547,30.66265106201172,110135
2010-08-17,32.20000076293945,32.599998474121094,31.549999237060547,31.75,30.61444091796875,81007
2010-08-18,32.25,32.400001525878906,31.600000381469727,31.700000762939453,30.566232681274414,130391
2010-08-19,31.799999237060547,33.79999923706055,31.600000381469727,32.900001525878906,31.723318099975586,453493
2010-08-20,32.79999923706055,33.849998474121094,32.650001525878906,33.349998474121094,32.1572151184082,199356
2010-08-23,33.04999923706055,34.150001525878906,33.04999923706055,33.400001525878906,32.20542526245117,149811
2010-08-24,33.70000076293945,34.5,32.29999923706055,34.099998474121094,32.880393981933594,273002
2010-08-25,34.70000076293945,34.900001525878906,33.29999923706055,33.5,32.30185317993164,250958
2010-08-26,33.79999923706055,33.95000076293945,33.20000076293945,33.400001525878906,32.20542526245117,85196
2010-08-27,33.04999923706055,33.70000076293945,32.29999923706055,32.54999923706055,31.385828018188477,149777
2010-08-30,32.599998474121094,33.25,32.0,32.5,31.33761978149414,104816
2010-08-31,32.79999923706055,32.79999923706055,31.600000381469727,31.700000762939453,30.566232681274414,78597
2010-09-01,31.799999237060547,33.349998474121094,31.799999237060547,32.95000076293945,31.771520614624023,321428
2010-09-02,33.25,33.45000076293945,32.599998474121094,32.75,31.57868194580078,87697
2010-09-03,33.0,33.0,32.04999923706055,32.20000076293945,31.0483455657959,73691
2010-09-06,30.0,32.900001525878906,30.0,32.400001525878906,31.241191864013672,82693
2010-09-07,32.099998474121094,33.20000076293945,32.099998474121094,32.95000076293945,31.771520614624023,91832
2010-09-08,32.70000076293945,34.5,32.599998474121094,33.650001525878906,32.44648361206055,307497
2010-09-09,34.0,34.5,33.5,33.599998474121094,32.398277282714844,161326
2010-09-13,33.70000076293945,34.45000076293945,32.95000076293945,33.150001525878906,31.964374542236328,226071
2010-09-14,34.20000076293945,35.0,33.5,33.75,32.542911529541016,765346
2010-09-15,33.95000076293945,34.0,33.20000076293945,33.29999923706055,32.109004974365234,122171
2010-09-16,33.5,34.0,32.75,32.79999923706055,31.62689208984375,132761
2010-09-17,33.400001525878906,33.400001525878906,31.399999618530273,32.04999923706055,30.903715133666992,431043
2010-09-20,32.150001525878906,33.349998474121094,32.150001525878906,32.5,31.33761978149414,182835
2010-09-21,32.54999923706055,32.95000076293945,31.899999618530273,32.04999923706055,30.903715133666992,126036
2010-09-22,32.20000076293945,32.45000076293945,31.100000381469727,31.200000762939453,30.08411407470703,178166
2010-09-23,31.450000762939453,32.5,31.049999237060547,32.20000076293945,31.0483455657959,173253
2010-09-24,32.599998474121094,33.400001525878906,31.950000762939453,32.650001525878906,31.48225212097168,328136
2010-09-27,32.900001525878906,33.099998474121094,32.0,32.099998474121094,30.95192527770996,138816
2010-09-28,32.20000076293945,32.849998474121094,32.0,32.0,30.855499267578125,107274
2010-09-29,33.0,34.20000076293945,32.400001525878906,32.5,31.33761978149414,561704
2010-09-30,32.5,33.25,32.0,32.95000076293945,31.771520614624023,316732
2010-10-01,33.25,33.45000076293945,32.400001525878906,32.54999923706055,31.385828018188477,212211
2010-10-04,32.70000076293945,32.95000076293945,32.150001525878906,32.20000076293945,31.0483455657959,93148
2010-10-05,32.150001525878906,32.45000076293945,31.899999618530273,32.0,30.855499267578125,162038
2010-10-06,32.5,32.79999923706055,32.04999923706055,32.45000076293945,31.28940773010254,102373
2010-10-07,33.0,33.0,31.75,31.799999237060547,30.66265106201172,282286
2010-10-08,32.0,32.150001525878906,31.100000381469727,31.5,30.373384475708008,136989
2010-10-11,31.600000381469727,32.0,31.299999237060547,31.399999618530273,30.276960372924805,80460
2010-10-12,31.399999618530273,31.850000381469727,30.75,30.950000762939453,29.843053817749023,93354
2010-10-13,31.100000381469727,31.950000762939453,30.799999237060547,31.700000762939453,30.566232681274414,159281
2010-10-14,31.549999237060547,32.5,31.5,31.950000762939453,30.807287216186523,308692
2010-10-15,31.799999237060547,32.650001525878906,31.700000762939453,31.700000762939453,30.566232681274414,104378
2010-10-18,31.549999237060547,31.899999618530273,31.100000381469727,31.399999618530273,30.276960372924805,74605
2010-10-19,31.200000762939453,31.549999237060547,31.049999237060547,31.25,30.13232421875,84999
2010-10-20,31.049999237060547,31.450000762939453,31.0,31.049999237060547,29.93947982788086,55002
2010-10-21,31.100000381469727,31.450000762939453,30.75,31.049999237060547,29.93947982788086,91506
2010-10-22,31.100000381469727,31.350000381469727,30.700000762939453,30.850000381469727,29.746631622314453,68811
2010-10-25,31.049999237060547,31.299999237060547,30.5,30.649999618530273,29.553783416748047,101183
2010-10-26,30.700000762939453,30.899999618530273,30.399999618530273,30.450000762939453,29.360939025878906,84604
2010-10-27,30.549999237060547,30.799999237060547,30.049999237060547,30.100000381469727,29.023452758789062,89992
2010-10-28,30.350000381469727,30.799999237060547,30.149999618530273,30.5,29.409149169921875,85215
2010-10-29,30.299999237060547,30.600000381469727,29.899999618530273,30.100000381469727,29.023452758789062,114331
2010-11-01,30.299999237060547,30.5,29.75,29.850000381469727,28.78239631652832,57179
2010-11-02,29.899999618530273,30.399999618530273,29.850000381469727,30.100000381469727,29.023452758789062,53973
2010-11-03,30.5,31.399999618530273,30.200000762939453,31.200000762939453,30.08411407470703,132722
2010-11-04,31.450000762939453,31.700000762939453,30.75,30.950000762939453,29.843053817749023,93107
2010-11-08,32.900001525878906,33.400001525878906,32.20000076293945,33.04999923706055,31.867942810058594,231543
2010-11-09,33.0,33.04999923706055,31.549999237060547,31.700000762939453,30.566232681274414,210606
2010-11-10,31.5,32.400001525878906,31.149999618530273,31.399999618530273,30.276960372924805,193962
2010-11-11,31.149999618530273,32.5,30.899999618530273,31.100000381469727,29.987689971923828,105466
2010-11-12,30.299999237060547,31.299999237060547,30.100000381469727,30.25,29.1680908203125,76797
2010-11-15,30.5,33.0,30.25,31.600000381469727,30.469806671142578,190360
2010-11-16,31.25,32.400001525878906,31.200000762939453,31.450000762939453,30.325172424316406,330874
2010-11-18,31.399999618530273,31.75,30.100000381469727,30.700000762939453,29.601993560791016,63344
2010-11-19,31.0,31.399999618530273,29.600000381469727,30.0,28.92702865600586,91979
2010-11-22,30.049999237060547,30.399999618530273,30.0,30.100000381469727,29.023452758789062,47116
2010-11-23,30.200000762939453,30.25,28.850000381469727,29.299999237060547,28.252065658569336,114260
2010-11-24,29.549999237060547,29.850000381469727,28.549999237060547,29.100000381469727,28.059219360351562,38373
2010-11-25,29.299999237060547,29.799999237060547,29.049999237060547,29.450000762939453,28.39670181274414,61634
2010-11-26,29.700000762939453,29.899999618530273,24.600000381469727,27.200000762939453,26.2271728515625,237876
2010-11-29,28.0,28.75,26.200000762939453,26.399999618530273,25.455785751342773,78050
2010-11-30,26.5,26.950000762939453,26.100000381469727,26.75,25.79326820373535,46675
2010-12-01,26.75,29.149999618530273,26.100000381469727,28.299999237060547,27.287832260131836,145432
2010-12-02,29.799999237060547,29.799999237060547,28.049999237060547,28.600000381469727,27.57710075378418,121520
2010-12-03,29.0,29.0,27.0,27.25,26.275386810302734,55625
2010-12-06,27.5,28.25,27.049999237060547,27.100000381469727,26.130754470825195,49184
2010-12-07,27.049999237060547,27.450000762939453,26.600000381469727,26.700000762939453,25.745058059692383,31982
2010-12-08,26.850000381469727,26.850000381469727,24.25,25.399999618530273,24.491548538208008,155686
2010-12-09,25.0,26.100000381469727,24.0,24.299999237060547,23.43089485168457,81273
2010-12-10,25.950000762939453,25.950000762939453,23.5,24.649999618530273,23.768375396728516,53072
2010-12-13,24.950000762939453,25.899999618530273,24.200000762939453,25.549999237060547,24.636188507080078,104960
2010-12-14,20.5,26.0,20.5,25.399999618530273,24.491548538208008,103620
2010-12-15,25.549999237060547,26.25,25.149999618530273,25.75,24.82903289794922,79997
2010-12-16,25.75,25.950000762939453,25.0,25.350000381469727,24.443340301513672,50078
2010-12-20,25.950000762939453,25.950000762939453,25.049999237060547,25.350000381469727,24.443340301513672,22059
2010-12-21,25.649999618530273,26.149999618530273,25.149999618530273,25.950000762939453,25.02188491821289,77564
2010-12-22,26.0,27.899999618530273,25.649999618530273,27.350000381469727,26.371810913085938,163264
2010-12-23,27.399999618530273,28.450000762939453,27.200000762939453,27.600000381469727,26.612869262695312,113184
2010-12-24,28.200000762939453,28.200000762939453,26.200000762939453,27.25,26.275386810302734,39402
2010-12-27,27.25,27.649999618530273,27.0,27.149999618530273,26.1789608001709,42738
2010-12-28,27.149999618530273,27.5,26.549999237060547,27.049999237060547,26.082538604736328,37910
2010-12-29,27.0,27.450000762939453,26.700000762939453,27.100000381469727,26.130754470825195,24301
2010-12-30,26.399999618530273,28.0,26.399999618530273,27.75,26.757505416870117,34563
2010-12-31,27.600000381469727,31.799999237060547,27.100000381469727,31.200000762939453,30.08411407470703,403282
2011-01-03,31.600000381469727,31.799999237060547,30.0,30.5,29.409149169921875,351819
2011-01-04,31.0,31.0,30.0,30.100000381469727,29.023452758789062,66522
2011-01-05,29.75,31.549999237060547,29.75,30.950000762939453,29.843053817749023,171444
2011-01-06,31.399999618530273,31.649999618530273,29.399999618530273,29.549999237060547,28.49312400817871,67376
2011-01-07,30.299999237060547,30.299999237060547,28.5,28.799999237060547,27.769947052001953,69690
2011-01-10,28.200000762939453,28.799999237060547,27.5,27.799999237060547,26.805713653564453,56214
2011-01-11,27.75,28.649999618530273,27.399999618530273,27.5,26.516447067260742,29583
2011-01-12,27.600000381469727,29.0,26.100000381469727,28.200000762939453,27.191410064697266,100285
2011-01-13,28.399999618530273,30.149999618530273,28.399999618530273,28.799999237060547,27.769947052001953,90315
2011-01-14,29.0,30.149999618530273,28.100000381469727,28.549999237060547,27.528888702392578,123109
2011-01-17,29.100000381469727,29.899999618530273,26.799999237060547,27.25,26.275386810302734,192625
2011-01-18,28.0,28.100000381469727,27.25,27.299999237060547,26.323596954345703,78593
2011-01-19,27.799999237060547,27.899999618530273,27.100000381469727,27.450000762939453,26.46823501586914,47961
2011-01-20,27.049999237060547,27.899999618530273,27.049999237060547,27.649999618530273,26.661083221435547,44431
2011-01-21,29.0,30.0,27.299999237060547,27.549999237060547,26.564655303955078,20582
2011-01-24,27.299999237060547,28.5,27.200000762939453,28.100000381469727,27.094987869262695,44043
2011-01-25,28.049999237060547,28.450000762939453,27.5,27.649999618530273,26.661083221435547,28882
2011-01-27,28.0,28.0,26.700000762939453,27.0,26.034324645996094,18917
2011-01-28,26.549999237060547,27.25,24.899999618530273,25.149999618530273,24.2504940032959,115192
2011-01-31,25.0,25.299999237060547,24.049999237060547,24.950000762939453,24.057649612426758,64499
2011-02-01,25.0,25.5,24.600000381469727,24.700000762939453,23.816591262817383,31937
2011-02-02,25.399999618530273,25.399999618530273,24.399999618530273,24.649999618530273,23.768375396728516,50094
2011-02-03,24.75,25.25,24.5,25.100000381469727,24.202285766601562,25425
2011-02-04,25.049999237060547,25.600000381469727,24.399999618530273,24.600000381469727,23.720169067382812,27770
2011-02-07,25.450000762939453,25.450000762939453,24.149999618530273,24.25,23.382686614990234,30922
2011-02-08,24.299999237060547,24.600000381469727,23.549999237060547,23.700000762939453,22.85235595703125,29570
2011-02-09,23.450000762939453,24.350000381469727,23.100000381469727,23.299999237060547,22.46666145324707,47178
2011-02-10,23.5,23.5,22.5,22.75,21.936330795288086,54471
2011-02-11,23.899999618530273,24.0,22.799999237060547,23.850000381469727,22.996994018554688,41042
2011-02-14,24.299999237060547,25.25,24.0,25.200000762939453,24.298704147338867,47906
2011-02-15,25.049999237060547,25.049999237060547,24.700000762939453,24.850000381469727,23.961223602294922,20028
2011-02-16,24.649999618530273,25.100000381469727,24.649999618530273,25.100000381469727,24.202285766601562,15772
2011-02-17,25.450000762939453,25.799999237060547,24.700000762939453,25.75,24.82903289794922,24897
2011-02-18,25.75,25.75,24.299999237060547,24.549999237060547,23.671955108642578,36306
2011-02-21,24.649999618530273,24.850000381469727,24.299999237060547,24.700000762939453,23.816591262817383,14448
2011-02-22,24.0,24.799999237060547,23.0,24.5,23.623741149902344,22635
2011-02-23,24.399999618530273,24.799999237060547,23.649999618530273,24.649999618530273,23.768375396728516,31192
2011-02-24,24.350000381469727,24.700000762939453,23.649999618530273,23.950000762939453,23.093416213989258,16951
2011-02-25,24.700000762939453,24.700000762939453,23.200000762939453,23.899999618530273,23.045202255249023,19202
2011-02-28,24.25,24.799999237060547,23.299999237060547,23.700000762939453,22.85235595703125,27397
2011-03-01,23.899999618530273,24.399999618530273,23.5,24.200000762939453,23.33447265625,33434
2011-03-03,24.25,24.25,23.5,23.700000762939453,22.85235595703125,43105
2011-03-04,24.899999618530273,27.5,24.5,25.549999237060547,24.636188507080078,509952
2011-03-07,25.450000762939453,25.450000762939453,24.0,24.350000381469727,23.479108810424805,84442
2011-03-08,25.100000381469727,25.100000381469727,23.899999618530273,24.049999237060547,23.189834594726562,44789
2011-03-09,24.200000762939453,24.5,24.0,24.149999618530273,23.286258697509766,64421
2011-03-10,24.25,24.25,23.75,23.950000762939453,23.093416213989258,36240
2011-03-11,24.450000762939453,25.200000762939453,23.799999237060547,24.299999237060547,23.43089485168457,78728
2011-03-14,24.399999618530273,25.149999618530273,24.0,24.149999618530273,23.286258697509766,54851
2011-03-15,23.299999237060547,23.950000762939453,23.149999618530273,23.350000381469727,22.514873504638672,61776
2011-03-16,23.399999618530273,24.049999237060547,23.399999618530273,23.5,22.65950584411621,37481
2011-03-17,23.5,24.200000762939453,23.149999618530273,24.0,23.14162826538086,26299
2011-03-18,23.899999618530273,24.200000762939453,23.299999237060547,23.5,22.65950584411621,23217
2011-03-21,23.549999237060547,24.200000762939453,23.049999237060547,23.149999618530273,22.322023391723633,53146
2011-03-22,23.299999237060547,24.25,23.200000762939453,23.799999237060547,22.94877815246582,86403
2011-03-23,24.700000762939453,25.0,24.200000762939453,24.450000762939453,23.575531005859375,117266
2011-03-24,24.299999237060547,24.850000381469727,22.5,23.75,22.900564193725586,84785
2011-03-25,24.200000762939453,24.200000762939453,23.5,23.700000762939453,22.85235595703125,60323
2011-03-28,24.0,24.399999618530273,23.5,23.75,22.900564193725586,68515
2011-03-29,23.649999618530273,24.100000381469727,23.5,23.600000381469727,22.755931854248047,94485
2011-03-30,23.950000762939453,24.649999618530273,23.799999237060547,24.049999237060547,23.189834594726562,101742
2011-03-31,24.450000762939453,24.450000762939453,23.75,23.799999237060547,22.94877815246582,61981
2011-04-01,23.5,25.5,23.5,25.0,24.10586166381836,74154
2011-04-04,25.0,26.25,25.0,26.049999237060547,25.118303298950195,121144
2011-04-05,26.350000381469727,29.700000762939453,25.700000762939453,28.049999237060547,27.04677391052246,379392
2011-04-06,28.049999237060547,28.799999237060547,26.25,27.75,26.757505416870117,111201
2011-04-07,28.299999237060547,29.0,27.649999618530273,28.299999237060547,27.287832260131836,57256
2011-04-08,28.5,28.950000762939453,27.5,28.799999237060547,27.769947052001953,105387
2011-04-11,28.75,28.899999618530273,28.0,28.299999237060547,27.287832260131836,66949
2011-04-13,28.299999237060547,29.049999237060547,28.0,28.600000381469727,27.57710075378418,74015
2011-04-15,28.5,29.899999618530273,28.200000762939453,28.950000762939453,27.914583206176758,100245
2011-04-18,29.25,29.25,28.049999237060547,28.149999618530273,27.143198013305664,38950
2011-04-19,27.799999237060547,28.0,27.25,27.450000762939453,26.46823501586914,25521
2011-04-20,28.0,28.100000381469727,27.5,27.649999618530273,26.661083221435547,20378
2011-04-21,27.75,27.850000381469727,27.25,27.350000381469727,26.371810913085938,17516
2011-04-25,27.549999237060547,27.649999618530273,26.799999237060547,26.899999618530273,25.93790054321289,23191
2011-04-26,27.200000762939453,29.399999618530273,26.5,27.75,26.757505416870117,324576
2011-04-27,28.5,28.5,27.600000381469727,27.75,26.757505416870117,48343
2011-04-28,27.700000762939453,27.700000762939453,26.549999237060547,26.75,25.79326820373535,35804
2011-04-29,26.0,28.149999618530273,26.0,26.75,25.79326820373535,194669
2011-05-02,26.850000381469727,27.200000762939453,26.350000381469727,26.649999618530273,25.69684410095215,77204
2011-05-03,27.399999618530273,27.399999618530273,25.25,25.549999237060547,24.636188507080078,51618
2011-05-04,25.600000381469727,25.950000762939453,25.25,25.649999618530273,24.73261260986328,23105
2011-05-05,25.600000381469727,25.950000762939453,25.0,25.0,24.10586166381836,42571
2011-05-06,25.850000381469727,25.850000381469727,24.899999618530273,25.399999618530273,24.491548538208008,21235
2011-05-09,25.850000381469727,26.700000762939453,25.25,26.450000762939453,25.503997802734375,86689
2011-05-10,26.0,26.899999618530273,26.0,26.649999618530273,25.69684410095215,28264
2011-05-11,26.200000762939453,26.899999618530273,26.200000762939453,26.75,25.79326820373535,16319
2011-05-12,26.649999618530273,27.600000381469727,26.549999237060547,27.049999237060547,26.082538604736328,136567
2011-05-13,27.299999237060547,27.350000381469727,26.149999618530273,26.399999618530273,25.455785751342773,68105
2011-05-16,26.5,26.5,25.600000381469727,25.799999237060547,24.87724494934082,20901
2011-05-17,25.950000762939453,26.0,25.049999237060547,25.299999237060547,24.395126342773438,29468
2011-05-18,25.049999237060547,25.450000762939453,24.799999237060547,25.049999237060547,24.154071807861328,24469
2011-05-19,25.049999237060547,25.5,22.0,24.100000381469727,23.23805046081543,37468
2011-05-20,23.549999237060547,26.399999618530273,23.549999237060547,25.850000381469727,24.925460815429688,38769
2011-05-23,25.600000381469727,25.700000762939453,24.899999618530273,25.0,24.10586166381836,29869
2011-05-24,24.850000381469727,25.350000381469727,24.200000762939453,24.799999237060547,23.913009643554688,13533
2011-05-25,24.600000381469727,24.899999618530273,24.100000381469727,24.5,23.623741149902344,17646
2011-05-26,25.0,25.0,24.149999618530273,24.200000762939453,23.33447265625,23641
2011-05-27,24.5,24.899999618530273,24.299999237060547,24.450000762939453,23.575531005859375,41542
2011-05-30,24.5,25.399999618530273,24.5,25.200000762939453,24.298704147338867,25369
2011-05-31,25.0,25.399999618530273,24.549999237060547,25.0,24.10586166381836,20950
2011-06-01,25.549999237060547,26.200000762939453,25.149999618530273,26.049999237060547,25.118303298950195,57508
2011-06-02,26.049999237060547,27.399999618530273,26.049999237060547,26.149999618530273,25.21472930908203,149900
2011-06-03,26.5,26.700000762939453,25.600000381469727,25.75,24.82903289794922,27134
2011-06-06,25.700000762939453,26.200000762939453,25.149999618530273,26.0,25.07009506225586,79223
2011-06-07,26.100000381469727,26.25,25.899999618530273,26.0,25.07009506225586,9809
2011-06-08,25.649999618530273,26.100000381469727,25.649999618530273,25.700000762939453,24.78082275390625,10070
2011-06-09,25.5,27.399999618530273,25.5,26.649999618530273,25.69684410095215,103235
2011-06-10,26.700000762939453,27.0,25.649999618530273,25.850000381469727,24.925460815429688,32707
2011-06-13,26.299999237060547,26.5,25.5,25.700000762939453,24.78082275390625,17262
2011-06-14,25.799999237060547,26.100000381469727,25.5,25.700000762939453,24.78082275390625,18116
2011-06-15,25.850000381469727,25.899999618530273,25.100000381469727,25.200000762939453,24.298704147338867,20027
2011-06-16,25.299999237060547,26.200000762939453,24.799999237060547,25.549999237060547,24.636188507080078,131117
2011-06-17,25.950000762939453,25.950000762939453,23.549999237060547,24.899999618530273,24.009437561035156,39240
2011-06-20,25.0,25.0,24.25,24.5,23.623741149902344,55077
2011-06-21,25.25,25.25,24.200000762939453,24.350000381469727,23.479108810424805,17104
2011-06-22,24.75,25.299999237060547,24.0,24.649999618530273,23.768375396728516,54111
2011-06-23,24.5,25.399999618530273,24.149999618530273,25.100000381469727,24.202285766601562,26605
2011-06-24,26.049999237060547,26.5,25.350000381469727,25.700000762939453,24.78082275390625,119926
2011-06-27,25.649999618530273,25.75,25.100000381469727,25.100000381469727,24.202285766601562,15843
2011-06-28,25.25,26.100000381469727,24.799999237060547,26.0,25.07009506225586,63200
2011-06-29,25.5,26.0,25.100000381469727,25.450000762939453,24.539766311645508,123182
2011-06-30,25.75,26.100000381469727,25.399999618530273,25.950000762939453,25.02188491821289,83785
2011-07-01,26.350000381469727,26.350000381469727,25.350000381469727,25.450000762939453,24.539766311645508,18140
2011-07-04,25.5,25.75,25.149999618530273,25.399999618530273,24.491548538208008,28141
2011-07-05,25.850000381469727,26.0,25.0,25.25,24.346920013427734,91862
2011-07-06,25.75,25.899999618530273,25.200000762939453,25.399999618530273,24.491548538208008,40076
2011-07-07,25.200000762939453,25.600000381469727,25.100000381469727,25.200000762939453,24.298704147338867,61644
2011-07-08,25.399999618530273,25.399999618530273,25.200000762939453,25.299999237060547,24.395126342773438,23661
2011-07-11,25.049999237060547,25.399999618530273,24.899999618530273,24.950000762939453,24.057649612426758,184111
2011-07-12,24.75,24.899999618530273,24.649999618530273,24.799999237060547,23.913009643554688,33988
2011-07-13,24.899999618530273,25.950000762939453,24.549999237060547,25.700000762939453,24.78082275390625,81692
2011-07-14,25.399999618530273,25.5,25.25,25.25,24.346920013427734,29499
2011-07-15,25.049999237060547,25.5,24.799999237060547,25.100000381469727,24.202285766601562,9933
2011-07-18,25.100000381469727,25.299999237060547,24.75,24.850000381469727,23.961223602294922,17630
2011-07-19,24.850000381469727,25.899999618530273,24.600000381469727,24.75,23.86480140686035,107903
2011-07-20,24.850000381469727,24.950000762939453,24.549999237060547,24.600000381469727,23.720169067382812,12789
2011-07-21,24.899999618530273,24.899999618530273,24.299999237060547,24.350000381469727,23.479108810424805,8877
2011-07-22,24.950000762939453,25.0,24.5,24.600000381469727,23.720169067382812,127674
2011-07-25,24.600000381469727,25.0,24.5,24.600000381469727,23.720169067382812,25021
2011-07-26,24.899999618530273,24.899999618530273,24.299999237060547,24.399999618530273,23.527320861816406,9463
2011-07-27,24.399999618530273,24.649999618530273,24.149999618530273,24.25,23.382686614990234,15550
2011-07-28,24.600000381469727,24.600000381469727,23.799999237060547,23.950000762939453,23.093416213989258,26736
2011-07-29,24.350000381469727,24.350000381469727,23.649999618530273,23.950000762939453,23.093416213989258,27333
2011-08-01,23.450000762939453,24.299999237060547,23.049999237060547,23.5,22.65950584411621,68133
2011-08-02,24.299999237060547,24.450000762939453,23.299999237060547,23.350000381469727,22.514873504638672,75927
2011-08-03,23.0,23.700000762939453,22.799999237060547,22.950000762939453,22.12917709350586,38130
2011-08-04,23.450000762939453,23.450000762939453,22.549999237060547,22.700000762939453,21.88812255859375,12570
2011-08-05,22.049999237060547,22.850000381469727,21.600000381469727,21.899999618530273,21.11673355102539,67618
2011-08-08,20.600000381469727,21.5,20.5,21.049999237060547,20.29713249206543,73067
2011-08-09,20.75,20.75,19.75,20.049999237060547,19.33289909362793,51127
2011-08-10,20.950000762939453,22.0,20.5,21.25,20.489980697631836,48175
2011-08-11,21.700000762939453,21.899999618530273,21.0,21.299999237060547,20.538192749023438,10244
2011-08-12,21.950000762939453,21.950000762939453,20.700000762939453,21.0,20.24892234802246,33950
2011-08-16,21.450000762939453,21.450000762939453,20.0,20.0,19.284687042236328,29369
2011-08-17,20.0,20.25,19.799999237060547,19.899999618530273,19.188262939453125,59414
2011-08-18,20.0,20.149999618530273,18.899999618530273,19.0,18.320453643798828,67034
2011-08-19,19.0,20.850000381469727,18.399999618530273,19.299999237060547,18.609722137451172,98921
2011-08-22,19.399999618530273,20.0,19.25,19.600000381469727,18.89899444580078,73094
2011-08-23,19.299999237060547,20.0,19.25,19.600000381469727,18.89899444580078,29091
2011-08-24,19.5,19.850000381469727,18.799999237060547,18.899999618530273,18.224029541015625,58406
2011-08-25,18.799999237060547,19.299999237060547,18.600000381469727,18.799999237060547,18.127605438232422,15082
2011-08-26,18.899999618530273,19.0,18.399999618530273,18.5,17.838335037231445,22168
2011-08-29,18.700000762939453,19.0,18.350000381469727,18.649999618530273,17.98297119140625,15306
2011-08-30,18.600000381469727,19.149999618530273,18.5,18.700000762939453,18.03118133544922,43734
2011-09-02,18.950000762939453,18.950000762939453,18.25,18.299999237060547,17.64548683166504,61097
2011-09-05,18.450000762939453,18.549999237060547,18.049999237060547,18.350000381469727,17.69369888305664,34932
2011-09-06,18.549999237060547,18.549999237060547,18.25,18.5,17.838335037231445,14243
2011-09-07,18.700000762939453,19.450000762939453,18.399999618530273,19.149999618530273,18.465087890625,51151
2011-09-08,19.450000762939453,23.0,19.049999237060547,23.0,22.177391052246094,332468
2011-09-09,23.5,25.0,23.5,24.049999237060547,23.189834594726562,557914
2011-09-12,23.299999237060547,23.950000762939453,22.149999618530273,22.299999237060547,21.502426147460938,87273
2011-09-13,22.299999237060547,22.950000762939453,21.799999237060547,21.950000762939453,21.164941787719727,44642
2011-09-14,22.850000381469727,22.850000381469727,20.75,21.0,20.24892234802246,53728
2011-09-15,21.450000762939453,21.450000762939453,20.200000762939453,20.350000381469727,19.622167587280273,50514
2011-09-16,20.450000762939453,20.950000762939453,20.350000381469727,20.600000381469727,19.863231658935547,24609
2011-09-19,20.200000762939453,20.75,20.149999618530273,20.600000381469727,19.863231658935547,22810
2011-09-20,20.25,21.0,20.25,20.5,19.766803741455078,16321
2011-09-21,20.399999618530273,20.950000762939453,20.350000381469727,20.75,20.105939865112305,15070
2011-09-22,21.350000381469727,21.350000381469727,18.700000762939453,19.600000381469727,18.99163818359375,53135
2011-09-23,19.649999618530273,22.200000762939453,19.0,21.850000381469727,21.17180061340332,159067
2011-09-26,22.0,22.5,21.0,21.049999237060547,20.39662742614746,51129
2011-09-27,21.850000381469727,21.850000381469727,20.850000381469727,21.0,20.348180770874023,29495
2011-09-28,21.0,21.5,20.850000381469727,21.100000381469727,20.445077896118164,19390
2011-09-29,21.649999618530273,22.450000762939453,21.049999237060547,21.350000381469727,20.687318801879883,72762
2011-09-30,21.5,21.700000762939453,21.100000381469727,21.25,20.590421676635742,13338
2011-10-03,21.25,21.5,20.049999237060547,20.649999618530273,20.009044647216797,33433
2011-10-04,20.200000762939453,20.850000381469727,20.049999237060547,20.299999237060547,19.66990852355957,53947
2011-10-05,20.5,21.200000762939453,20.5,21.049999237060547,20.39662742614746,145284
2011-10-07,21.450000762939453,21.75,20.549999237060547,21.0,20.348180770874023,33934
2011-10-10,20.649999618530273,21.450000762939453,20.649999618530273,21.049999237060547,20.39662742614746,9801
2011-10-11,21.399999618530273,21.5,20.799999237060547,21.0,20.348180770874023,31041
2011-10-12,21.799999237060547,22.299999237060547,21.0,21.549999237060547,20.8811092376709,20297
2011-10-13,21.700000762939453,22.899999618530273,21.299999237060547,21.450000762939453,20.784215927124023,15587
2011-10-14,22.399999618530273,24.299999237060547,21.5,23.950000762939453,23.20661735534668,713531
2011-10-17,23.799999237060547,23.899999618530273,22.5,23.0,22.286102294921875,135313
2011-10-18,22.75,22.75,22.149999618530273,22.350000381469727,21.656278610229492,37831
2011-10-19,22.950000762939453,22.950000762939453,21.950000762939453,22.149999618530273,21.46248435974121,40597
2011-10-20,21.5,22.450000762939453,21.5,22.299999237060547,21.60782814025879,24470
2011-10-21,22.0,22.600000381469727,21.799999237060547,22.0,21.317142486572266,20903
2011-10-24,21.799999237060547,22.450000762939453,21.549999237060547,21.600000381469727,20.9295597076416,11403
2011-10-25,21.600000381469727,22.0,21.5,21.850000381469727,21.17180061340332,16639
2011-10-28,22.0,22.899999618530273,21.700000762939453,21.850000381469727,21.17180061340332,40464
2011-10-31,21.799999237060547,22.0,21.549999237060547,21.649999618530273,20.97800636291504,17175
2011-11-01,21.649999618530273,22.0,21.5,21.799999237060547,21.123350143432617,19749
2011-11-02,21.350000381469727,21.649999618530273,20.649999618530273,20.899999618530273,20.251283645629883,59654
2011-11-03,20.899999618530273,21.600000381469727,20.899999618530273,21.100000381469727,20.445077896118164,14312
2011-11-04,21.950000762939453,21.950000762939453,20.200000762939453,20.799999237060547,20.15439224243164,51444
2011-11-08,20.799999237060547,20.950000762939453,20.350000381469727,20.700000762939453,20.057493209838867,15247
2011-11-09,20.850000381469727,21.0,20.450000762939453,20.549999237060547,19.912145614624023,20153
2011-11-11,20.25,20.799999237060547,18.350000381469727,19.649999618530273,19.040084838867188,70383
2011-11-14,19.75,20.0,18.850000381469727,19.0,18.410261154174805,39058
2011-11-15,18.850000381469727,19.5,18.850000381469727,19.100000381469727,18.50715446472168,15267
2011-11-16,19.049999237060547,20.5,16.700000762939453,19.549999237060547,18.943187713623047,128573
2011-11-17,19.600000381469727,19.600000381469727,18.549999237060547,18.850000381469727,18.264911651611328,13575
2011-11-18,18.850000381469727,19.200000762939453,17.899999618530273,18.799999237060547,18.216466903686523,31509
2011-11-21,18.549999237060547,18.950000762939453,17.700000762939453,18.049999237060547,17.489748001098633,30991
2011-11-22,17.5,18.200000762939453,17.5,17.899999618530273,17.344402313232422,24507
2011-11-23,17.25,17.899999618530273,17.25,17.700000762939453,17.150611877441406,22455
2011-11-24,17.049999237060547,17.75,16.850000381469727,17.700000762939453,17.150611877441406,33458
2011-11-25,17.299999237060547,18.0,17.299999237060547,17.799999237060547,17.247507095336914,21966
2011-11-28,17.299999237060547,18.0,16.0,17.700000762939453,17.150611877441406,42074
2011-11-29,17.950000762939453,18.200000762939453,17.600000381469727,17.950000762939453,17.392852783203125,15807
2011-11-30,17.350000381469727,18.0,17.350000381469727,17.549999237060547,17.005266189575195,19750
2011-12-01,18.0,18.200000762939453,17.549999237060547,17.75,17.19905662536621,28683
2011-12-02,17.350000381469727,18.25,17.350000381469727,17.5,16.956815719604492,56552
2011-12-05,17.799999237060547,17.799999237060547,17.0,17.25,16.714576721191406,83163
2011-12-07,17.5,17.649999618530273,17.049999237060547,17.149999618530273,16.617679595947266,24050
2011-12-08,17.399999618530273,18.649999618530273,17.0,17.700000762939453,17.150611877441406,184045
2011-12-09,17.049999237060547,18.450000762939453,16.549999237060547,18.0,17.441299438476562,104214
2011-12-12,18.25,18.299999237060547,16.600000381469727,17.549999237060547,17.005266189575195,93104
2011-12-13,17.049999237060547,17.700000762939453,17.049999237060547,17.350000381469727,16.811473846435547,35287
2011-12-14,17.399999618530273,17.850000381469727,17.25,17.450000762939453,16.908369064331055,9803
2011-12-15,17.0,20.0,14.800000190734863,18.350000381469727,17.780431747436523,480039
2011-12-16,18.5,18.600000381469727,17.0,17.200000762939453,16.66613006591797,33742
2011-12-19,17.299999237060547,17.5,16.600000381469727,16.649999618530273,16.133201599121094,17629
2011-12-20,17.299999237060547,17.299999237060547,15.699999809265137,15.899999618530273,15.406479835510254,39231
2011-12-21,16.100000381469727,17.0,15.75,16.549999237060547,16.036304473876953,25862
2011-12-22,16.149999618530273,16.450000762939453,15.5,16.149999618530273,15.648721694946289,32569
2011-12-23,16.450000762939453,16.700000762939453,16.049999237060547,16.299999237060547,15.794063568115234,13839
2011-12-26,16.149999618530273,16.799999237060547,16.149999618530273,16.649999618530273,16.133201599121094,8304
2011-12-27,16.899999618530273,16.899999618530273,16.299999237060547,16.399999618530273,15.890962600708008,3649
2011-12-28,16.299999237060547,16.5,16.200000762939453,16.200000762939453,15.697169303894043,8148
2011-12-29,16.399999618530273,17.25,16.100000381469727,16.600000381469727,16.084753036499023,48189
2011-12-30,16.450000762939453,17.200000762939453,16.450000762939453,16.549999237060547,16.036304473876953,7964
2012-01-02,16.5,16.850000381469727,16.299999237060547,16.5,15.9878568649292,10872
2012-01-03,16.5,17.0,16.350000381469727,16.5,15.9878568649292,56854
2012-01-04,16.549999237060547,17.25,16.549999237060547,17.049999237060547,16.52078628540039,35851
2012-01-05,17.25,17.25,16.799999237060547,16.899999618530273,16.37544059753418,8982
2012-01-06,16.450000762939453,17.149999618530273,16.399999618530273,16.649999618530273,16.133201599121094,41443
2012-01-09,17.200000762939453,17.200000762939453,16.5,16.950000762939453,16.423887252807617,50366
2012-01-10,17.0,17.649999618530273,16.850000381469727,17.450000762939453,16.908369064331055,98967
2012-01-11,17.600000381469727,19.200000762939453,17.600000381469727,18.950000762939453,18.3618106842041,120153
2012-01-12,19.049999237060547,20.0,18.549999237060547,19.549999237060547,18.943187713623047,201926
2012-01-13,19.350000381469727,22.200000762939453,19.350000381469727,21.75,21.074901580810547,179135
2012-01-16,21.75,21.950000762939453,21.0,21.75,21.074901580810547,101870
2012-01-17,21.899999618530273,22.100000381469727,21.049999237060547,21.149999618530273,20.4935245513916,82293
2012-01-18,21.899999618530273,21.950000762939453,20.049999237060547,20.75,20.105939865112305,30478
2012-01-19,20.75,20.950000762939453,20.299999237060547,20.700000762939453,20.057493209838867,14063
2012-01-20,20.700000762939453,20.950000762939453,19.75,20.049999237060547,19.42766761779785,24908
2012-01-23,20.549999237060547,20.549999237060547,20.0,20.100000381469727,19.476116180419922,17772
2012-01-24,20.549999237060547,20.549999237060547,19.200000762939453,19.850000381469727,19.233877182006836,31700
2012-01-25,20.0,20.850000381469727,19.799999237060547,20.5,19.86370086669922,26491
2012-01-27,20.299999237060547,21.5,20.25,21.350000381469727,20.687318801879883,179824
2012-01-30,21.0,21.0,20.399999618530273,20.600000381469727,19.96059799194336,21831
2012-01-31,20.549999237060547,21.299999237060547,20.549999237060547,21.149999618530273,20.4935245513916,26343
2012-02-01,22.0,23.5,21.75,22.049999237060547,21.365591049194336,317327
2012-02-02,22.450000762939453,22.450000762939453,21.200000762939453,21.950000762939453,21.268692016601562,72482
2012-02-03,22.0,22.0,21.450000762939453,21.600000381469727,20.9295597076416,40995
2012-02-06,21.700000762939453,22.450000762939453,21.299999237060547,21.450000762939453,20.784215927124023,101593
2012-02-07,21.549999237060547,23.950000762939453,21.25,23.200000762939453,22.479896545410156,237437
2012-02-08,22.799999237060547,23.649999618530273,22.200000762939453,23.200000762939453,22.479896545410156,85676
2012-02-09,23.450000762939453,24.100000381469727,22.899999618530273,23.049999237060547,22.334550857543945,90920
2012-02-10,22.799999237060547,25.950000762939453,22.799999237060547,25.200000762939453,24.417818069458008,437413
2012-02-13,25.649999618530273,26.700000762939453,25.450000762939453,26.100000381469727,25.28988265991211,313588
2012-02-14,25.899999618530273,26.399999618530273,25.0,25.149999618530273,24.369369506835938,49930
2012-02-15,25.149999618530273,25.700000762939453,24.649999618530273,24.850000381469727,24.07868003845215,67867
2012-02-16,25.0,25.0,24.049999237060547,24.549999237060547,23.787992477416992,58699
2012-02-17,25.049999237060547,25.049999237060547,23.350000381469727,24.700000762939453,23.933338165283203,111555
2012-02-21,25.5,25.5,24.799999237060547,24.850000381469727,24.07868003845215,185751
2012-02-22,24.850000381469727,24.950000762939453,23.649999618530273,23.799999237060547,23.0612735748291,123382
2012-02-23,23.299999237060547,24.450000762939453,22.5,22.700000762939453,21.99541473388672,77586
2012-02-24,22.799999237060547,23.350000381469727,22.350000381469727,22.549999237060547,21.850067138671875,47532
2012-02-27,22.649999618530273,23.0,18.450000762939453,19.850000381469727,19.233877182006836,644500
2012-02-28,20.700000762939453,23.700000762939453,20.399999618530273,22.899999618530273,22.189205169677734,492586
2012-02-29,23.450000762939453,23.75,22.100000381469727,23.149999618530273,22.43144416809082,126712
2012-03-01,24.25,24.25,22.200000762939453,22.850000381469727,22.140758514404297,233469
2012-03-02,23.0,23.5,22.600000381469727,22.75,22.04386329650879,109909
2012-03-05,22.549999237060547,22.549999237060547,21.850000381469727,22.200000762939453,21.510936737060547,85809
2012-03-06,21.799999237060547,22.399999618530273,21.200000762939453,21.5,20.83266258239746,43895
2012-03-07,21.649999618530273,21.799999237060547,21.049999237060547,21.600000381469727,20.9295597076416,40691
2012-03-09,22.450000762939453,24.0,22.100000381469727,23.5,22.77058219909668,303902
2012-03-12,23.899999618530273,24.450000762939453,23.049999237060547,23.700000762939453,22.96437644958496,143528
2012-03-13,23.600000381469727,23.600000381469727,22.549999237060547,22.700000762939453,21.99541473388672,81509
2012-03-14,23.0,23.399999618530273,22.100000381469727,22.399999618530273,21.704727172851562,78517
2012-03-15,22.399999618530273,22.950000762939453,22.299999237060547,22.399999618530273,21.704727172851562,25876
2012-03-16,22.600000381469727,23.0,22.0,22.149999618530273,21.46248435974121,30527
2012-03-19,22.5,22.700000762939453,21.5,22.049999237060547,21.365591049194336,41849
2012-03-20,22.149999618530273,22.600000381469727,21.600000381469727,22.200000762939453,21.510936737060547,540012
2012-03-21,22.700000762939453,25.5,22.549999237060547,24.0,23.255067825317383,156832
2012-03-22,23.899999618530273,23.899999618530273,22.100000381469727,22.850000381469727,22.140758514404297,108499
2012-03-23,23.0,23.100000381469727,22.0,22.5,21.801620483398438,30259
2012-03-26,22.600000381469727,22.600000381469727,21.75,21.950000762939453,21.268692016601562,16870
2012-03-27,22.049999237060547,22.5,21.549999237060547,21.75,21.074901580810547,27476
2012-03-28,22.049999237060547,23.850000381469727,21.600000381469727,23.450000762939453,22.722137451171875,376113
2012-03-29,22.149999618530273,23.799999237060547,22.0,23.649999618530273,22.915925979614258,60359
2012-03-30,24.899999618530273,25.149999618530273,24.0,24.149999618530273,23.400407791137695,294649
2012-04-02,24.0,24.299999237060547,23.549999237060547,23.649999618530273,22.915925979614258,44295
2012-04-03,24.25,24.25,23.25,23.549999237060547,22.819028854370117,64098
2012-04-04,23.649999618530273,24.0,23.25,23.350000381469727,22.625242233276367,18093
2012-04-09,23.299999237060547,23.450000762939453,22.899999618530273,23.350000381469727,22.625242233276367,17824
2012-04-10,23.149999618530273,23.399999618530273,22.649999618530273,22.850000381469727,22.140758514404297,8486
2012-04-11,22.850000381469727,23.350000381469727,22.5,22.549999237060547,21.850067138671875,55579
2012-04-12,22.549999237060547,22.850000381469727,22.5,22.649999618530273,21.94696617126465,35317
2012-04-13,22.549999237060547,23.0,22.5,22.700000762939453,21.99541473388672,26516
2012-04-16,22.5,23.25,22.5,22.899999618530273,22.189205169677734,9588
2012-04-17,22.799999237060547,24.100000381469727,22.75,23.899999618530273,23.158170700073242,96930
2012-04-18,24.399999618530273,24.950000762939453,23.649999618530273,24.450000762939453,23.691099166870117,1874741
2012-04-19,24.600000381469727,25.399999618530273,24.200000762939453,24.950000762939453,24.175579071044922,132627
2012-04-20,25.0,26.0,24.700000762939453,25.299999237060547,24.514713287353516,365176
2012-04-23,25.299999237060547,25.5,24.049999237060547,24.399999618530273,23.642650604248047,72192
2012-04-24,24.75,24.899999618530273,24.200000762939453,24.450000762939453,23.691099166870117,22525
2012-04-25,24.600000381469727,24.799999237060547,23.25,23.450000762939453,22.722137451171875,94174
2012-04-26,23.549999237060547,23.899999618530273,22.850000381469727,23.0,22.286102294921875,75393
2012-04-27,23.399999618530273,23.399999618530273,19.399999618530273,22.25,21.55938148498535,676103
2012-04-30,22.100000381469727,22.850000381469727,22.100000381469727,22.399999618530273,21.704727172851562,20318
2012-05-02,22.75,22.899999618530273,22.25,22.25,21.55938148498535,18041
2012-05-03,22.299999237060547,22.600000381469727,21.5,22.200000762939453,21.510936737060547,13022
2012-05-04,22.549999237060547,22.649999618530273,21.549999237060547,21.700000762939453,21.02645492553711,36386
2012-05-07,21.100000381469727,22.200000762939453,21.100000381469727,21.649999618530273,20.97800636291504,29472
2012-05-08,21.649999618530273,22.299999237060547,21.200000762939453,21.450000762939453,20.784215927124023,25266
2012-05-09,21.100000381469727,22.899999618530273,21.100000381469727,22.799999237060547,22.092309951782227,1053046
2012-05-10,23.100000381469727,23.299999237060547,22.149999618530273,22.5,21.801620483398438,62494
2012-05-11,22.399999618530273,22.899999618530273,21.600000381469727,22.25,21.55938148498535,21591
2012-05-14,22.5,22.950000762939453,20.0,22.399999618530273,21.704727172851562,200099
2012-05-15,22.399999618530273,22.399999618530273,20.75,21.049999237060547,20.39662742614746,230099
2012-05-16,20.850000381469727,21.25,20.549999237060547,21.200000762939453,20.541975021362305,53253
2012-05-17,21.049999237060547,21.549999237060547,20.5,20.799999237060547,20.15439224243164,15030
2012-05-18,20.700000762939453,20.700000762939453,20.200000762939453,20.450000762939453,19.81525421142578,33244
2012-05-21,20.5,21.149999618530273,20.149999618530273,20.549999237060547,19.912145614624023,19229
2012-05-22,20.700000762939453,20.850000381469727,19.649999618530273,19.850000381469727,19.233877182006836,39909
2012-05-23,19.850000381469727,20.899999618530273,19.5,20.549999237060547,19.912145614624023,770794
2012-05-24,20.549999237060547,20.700000762939453,19.950000762939453,20.149999618530273,19.524564743041992,22970
2012-05-25,20.0,20.700000762939453,20.0,20.149999618530273,19.524564743041992,12971
2012-05-28,20.399999618530273,20.549999237060547,20.049999237060547,20.5,19.86370086669922,17756
2012-05-29,20.700000762939453,21.799999237060547,19.899999618530273,20.200000762939453,19.57301902770996,85472
2012-05-30,20.149999618530273,20.450000762939453,19.75,20.049999237060547,19.42766761779785,12079
2012-05-31,19.899999618530273,20.399999618530273,19.899999618530273,20.200000762939453,19.57301902770996,8971
2012-06-01,19.950000762939453,20.0,19.149999618530273,19.350000381469727,18.749393463134766,38016
2012-06-04,19.049999237060547,19.5,19.049999237060547,19.350000381469727,18.749393463134766,7348
2012-06-05,19.5,20.600000381469727,19.5,19.75,19.136978149414062,30824
2012-06-06,19.5,20.399999618530273,19.5,19.950000762939453,19.330772399902344,13006
2012-06-07,20.100000381469727,20.899999618530273,19.950000762939453,20.75,20.105939865112305,24669
2012-06-08,21.0,21.049999237060547,20.200000762939453,20.25,19.621461868286133,9809
2012-06-11,20.850000381469727,21.0,20.299999237060547,20.5,19.86370086669922,8276
2012-06-12,20.25,20.5,20.200000762939453,20.299999237060547,19.66990852355957,11345
2012-06-13,20.25,20.450000762939453,20.100000381469727,20.100000381469727,19.476116180419922,15940
2012-06-14,19.75,20.399999618530273,19.600000381469727,19.950000762939453,19.330772399902344,7754
2012-06-15,19.850000381469727,20.149999618530273,19.799999237060547,20.0,19.37921714782715,18664
2012-06-18,19.799999237060547,20.0,19.350000381469727,19.5,18.894737243652344,34967
2012-06-19,19.200000762939453,19.649999618530273,19.149999618530273,19.299999237060547,18.700944900512695,5539
2012-06-20,19.200000762939453,20.049999237060547,19.200000762939453,20.0,19.37921714782715,17562
2012-06-21,19.799999237060547,20.0,19.299999237060547,19.700000762939453,19.088533401489258,18598
2012-06-22,19.600000381469727,19.799999237060547,19.200000762939453,19.450000762939453,18.846290588378906,11029
2012-06-25,19.549999237060547,19.75,19.299999237060547,19.549999237060547,18.943187713623047,10118
2012-06-26,19.700000762939453,19.75,19.0,19.049999237060547,18.458707809448242,28573
2012-06-27,19.149999618530273,19.450000762939453,19.049999237060547,19.200000762939453,18.60405158996582,10473
2012-06-28,19.25,19.450000762939453,19.049999237060547,19.149999618530273,18.555601119995117,8604
2012-06-29,19.450000762939453,19.899999618530273,19.100000381469727,19.75,19.136978149414062,21734
2012-07-02,19.649999618530273,20.200000762939453,19.600000381469727,20.149999618530273,19.524564743041992,29821
2012-07-03,20.049999237060547,21.799999237060547,20.049999237060547,20.700000762939453,20.057493209838867,146083
2012-07-04,20.950000762939453,21.149999618530273,20.649999618530273,20.850000381469727,20.202838897705078,33533
2012-07-05,20.899999618530273,21.5,20.600000381469727,20.950000762939453,20.299734115600586,41385
2012-07-06,20.75,21.200000762939453,20.100000381469727,20.5,19.86370086669922,22696
2012-07-09,20.350000381469727,20.5,19.600000381469727,19.700000762939453,19.088533401489258,39249
2012-07-10,19.5,20.0,19.25,19.799999237060547,19.185426712036133,31742
2012-07-11,20.200000762939453,20.5,20.100000381469727,20.200000762939453,19.57301902770996,31697
2012-07-12,20.299999237060547,22.75,19.649999618530273,21.0,20.348180770874023,253204
2012-07-13,21.100000381469727,21.100000381469727,20.100000381469727,20.25,19.621461868286133,41212
2012-07-16,20.25,20.5,19.850000381469727,19.950000762939453,19.330772399902344,21988
2012-07-17,20.0,20.399999618530273,19.5,19.600000381469727,18.99163818359375,17999
2012-07-18,19.75,19.899999618530273,17.899999618530273,19.200000762939453,18.60405158996582,452502
2012-07-19,19.5,19.799999237060547,19.299999237060547,19.649999618530273,19.040084838867188,12965
2012-07-20,19.649999618530273,19.899999618530273,19.149999618530273,19.549999237060547,18.943187713623047,19623
2012-07-23,19.100000381469727,19.450000762939453,19.0,19.049999237060547,18.458707809448242,16813
2012-07-24,19.149999618530273,19.299999237060547,19.0,19.149999618530273,18.555601119995117,6177
2012-07-25,19.200000762939453,19.25,18.75,18.899999618530273,18.3133602142334,11463
2012-07-26,19.75,19.75,18.5,18.549999237060547,17.974224090576172,14406
2012-07-27,18.649999618530273,18.850000381469727,17.049999237060547,18.100000381469727,17.53819465637207,656206
2012-07-30,19.0,19.0,17.100000381469727,17.75,17.19905662536621,53860
2012-07-31,17.799999237060547,18.049999237060547,17.549999237060547,17.799999237060547,17.247507095336914,25600
2012-08-01,17.700000762939453,18.850000381469727,17.549999237060547,18.350000381469727,17.780431747436523,17707
2012-08-02,18.549999237060547,19.0,18.399999618530273,18.5,17.925779342651367,22205
2012-08-03,18.5,19.0,18.25,18.799999237060547,18.216466903686523,30723
2012-08-06,18.75,19.25,18.200000762939453,18.700000762939453,18.119571685791016,22670
2012-08-07,18.600000381469727,19.0,18.5,18.700000762939453,18.119571685791016,18827
2012-08-08,18.75,18.850000381469727,18.049999237060547,18.149999618530273,17.586641311645508,33082
2012-08-09,18.649999618530273,18.649999618530273,17.700000762939453,17.799999237060547,17.247507095336914,29224
2012-08-10,18.149999618530273,18.5,17.549999237060547,17.799999237060547,17.247507095336914,24646
2012-08-13,17.850000381469727,18.049999237060547,17.299999237060547,17.799999237060547,17.247507095336914,18456
2012-08-14,18.0,18.0,17.75,18.0,17.441299438476562,11712
2012-08-16,17.950000762939453,18.100000381469727,17.799999237060547,17.950000762939453,17.392852783203125,26991
2012-08-17,17.450000762939453,18.600000381469727,17.450000762939453,18.25,17.68353843688965,30001
2012-08-21,17.799999237060547,19.25,17.799999237060547,18.649999618530273,18.071123123168945,27723
2012-08-22,17.549999237060547,19.200000762939453,17.549999237060547,19.049999237060547,18.458707809448242,24708
2012-08-23,18.899999618530273,20.799999237060547,18.850000381469727,20.100000381469727,19.476116180419922,184217
2012-08-24,21.0,22.0,20.799999237060547,21.0,20.348180770874023,320191
2012-08-27,21.899999618530273,22.0,19.700000762939453,20.049999237060547,19.42766761779785,75928
2012-08-28,20.0,20.100000381469727,19.0,19.549999237060547,18.943187713623047,57477
2012-08-29,19.549999237060547,20.0,19.149999618530273,19.450000762939453,18.846290588378906,26775
2012-08-30,19.5,21.200000762939453,18.549999237060547,20.700000762939453,20.057493209838867,103115
2012-08-31,21.600000381469727,22.399999618530273,21.200000762939453,21.600000381469727,20.9295597076416,741235
2012-09-03,21.600000381469727,21.700000762939453,20.850000381469727,21.100000381469727,20.445077896118164,99519
2012-09-04,20.75,21.25,20.5,20.600000381469727,19.96059799194336,26403
2012-09-05,20.100000381469727,20.950000762939453,19.75,19.899999618530273,19.282323837280273,50471
2012-09-06,19.5,20.200000762939453,19.450000762939453,19.649999618530273,19.040084838867188,30267
2012-09-07,20.0,20.450000762939453,19.75,20.149999618530273,19.524564743041992,46135
2012-09-10,19.450000762939453,21.25,19.450000762939453,20.399999618530273,19.76680564880371,90384
2012-09-11,19.450000762939453,23.149999618530273,19.450000762939453,21.950000762939453,21.268692016601562,774497
2012-09-12,22.200000762939453,22.600000381469727,21.049999237060547,21.450000762939453,20.784215927124023,155060
2012-09-13,20.850000381469727,21.5,20.450000762939453,20.600000381469727,19.96059799194336,97358
2012-09-14,21.0,21.049999237060547,20.049999237060547,20.200000762939453,19.57301902770996,118656
2012-09-17,20.450000762939453,20.450000762939453,19.700000762939453,19.799999237060547,19.185426712036133,106378
2012-09-18,19.75,20.450000762939453,19.600000381469727,20.0,19.37921714782715,118774
2012-09-20,19.5,20.25,19.5,19.950000762939453,19.427913665771484,33746
2012-09-21,19.75,20.399999618530273,19.75,20.049999237060547,19.52529525756836,61780
2012-09-24,19.850000381469727,20.850000381469727,19.850000381469727,20.299999237060547,19.76875114440918,55889
2012-09-25,20.0,21.149999618530273,20.0,20.850000381469727,20.304357528686523,74298
2012-09-26,20.100000381469727,21.200000762939453,18.5,18.75,18.259313583374023,735042
2012-09-27,19.299999237060547,19.549999237060547,18.899999618530273,19.049999237060547,18.551464080810547,109641
2012-09-28,19.0,19.549999237060547,19.0,19.25,18.746232986450195,69793
2012-10-01,19.100000381469727,19.5,19.0,19.25,18.746232986450195,66355
2012-10-03,18.75,19.700000762939453,18.75,19.399999618530273,18.892305374145508,58384
2012-10-04,19.5,20.549999237060547,19.350000381469727,19.549999237060547,19.038379669189453,196242
2012-10-05,19.299999237060547,19.799999237060547,19.299999237060547,19.399999618530273,18.892305374145508,42494
2012-10-08,19.299999237060547,20.100000381469727,19.299999237060547,19.600000381469727,19.087068557739258,60342
2012-10-09,19.649999618530273,19.950000762939453,19.5,19.600000381469727,19.087068557739258,50372
2012-10-10,19.049999237060547,19.75,19.049999237060547,19.350000381469727,18.843610763549805,51852
2012-10-11,19.100000381469727,19.649999618530273,19.049999237060547,19.450000762939453,18.940998077392578,45665
2012-10-12,19.450000762939453,19.600000381469727,19.200000762939453,19.299999237060547,18.794921875,25820
2012-10-15,18.899999618530273,19.450000762939453,18.899999618530273,19.25,18.746232986450195,26521
2012-10-16,19.299999237060547,21.100000381469727,19.299999237060547,19.899999618530273,19.37921714782715,126205
2012-10-17,19.950000762939453,20.399999618530273,19.5,19.700000762939453,19.18445587158203,61853
2012-10-18,20.0,20.950000762939453,19.450000762939453,20.450000762939453,19.914825439453125,277066
2012-10-19,19.799999237060547,20.799999237060547,19.649999618530273,19.75,19.233144760131836,60433
2012-10-22,19.5,20.399999618530273,19.5,20.100000381469727,19.573986053466797,58818
2012-10-23,20.0,20.5,19.700000762939453,20.0,19.47660255432129,60087
2012-10-25,20.0,20.299999237060547,16.950000762939453,18.149999618530273,17.675020217895508,486582
2012-10-29,18.0,18.399999618530273,17.649999618530273,17.850000381469727,17.382869720458984,35159
2012-10-30,18.0,18.200000762939453,17.100000381469727,17.350000381469727,16.895952224731445,78480
2012-10-31,17.299999237060547,17.850000381469727,17.299999237060547,17.5,17.042028427124023,41929
2012-11-01,17.950000762939453,18.450000762939453,17.549999237060547,18.049999237060547,17.577632904052734,56925
2012-11-02,18.950000762939453,19.200000762939453,18.700000762939453,18.950000762939453,18.454082489013672,169270
2012-11-05,19.25,22.149999618530273,18.75,21.549999237060547,20.986042022705078,598038
2012-11-06,22.549999237060547,23.600000381469727,22.049999237060547,22.549999237060547,21.959869384765625,3070321
2012-11-07,22.350000381469727,22.5,21.600000381469727,21.850000381469727,21.27819061279297,334432
2012-11-08,21.600000381469727,21.850000381469727,21.0,21.100000381469727,20.54781723022461,140754
2012-11-09,21.299999237060547,21.950000762939453,20.350000381469727,20.649999618530273,20.109594345092773,220754
2012-11-12,20.5,21.200000762939453,19.700000762939453,19.850000381469727,19.330530166625977,158603
2012-11-15,21.200000762939453,21.899999618530273,21.0,21.75,21.180805206298828,273127
2012-11-16,21.5,21.799999237060547,20.700000762939453,21.049999237060547,20.49912452697754,98187
2012-11-19,21.049999237060547,21.450000762939453,19.899999618530273,20.049999237060547,19.52529525756836,104552
2012-11-20,20.700000762939453,20.899999618530273,19.75,19.899999618530273,19.37921714782715,56492
2012-11-21,19.950000762939453,20.5,19.649999618530273,20.100000381469727,19.573986053466797,75778
2012-11-22,21.0,21.600000381469727,20.100000381469727,20.299999237060547,19.76875114440918,110223
2012-11-23,20.0,20.399999618530273,19.899999618530273,20.100000381469727,19.573986053466797,55494
2012-11-26,20.350000381469727,20.600000381469727,19.899999618530273,20.200000762939453,19.671367645263672,66997
2012-11-27,20.100000381469727,20.450000762939453,19.899999618530273,20.100000381469727,19.573986053466797,56344
2012-11-29,19.899999618530273,20.299999237060547,19.899999618530273,20.149999618530273,19.622676849365234,97107
2012-11-30,20.100000381469727,20.75,20.0,20.299999237060547,19.76875114440918,90745
2012-12-03,21.100000381469727,21.799999237060547,21.0,21.549999237060547,20.986042022705078,326696
2012-12-04,22.0,22.25,21.600000381469727,21.799999237060547,21.229496002197266,188558
2012-12-05,24.799999237060547,24.799999237060547,21.899999618530273,22.049999237060547,21.47295570373535,193286
2012-12-06,22.700000762939453,22.799999237060547,21.100000381469727,21.899999618530273,21.326879501342773,103779
2012-12-07,22.200000762939453,22.25,21.200000762939453,21.399999618530273,20.839963912963867,111509
2012-12-10,21.600000381469727,21.600000381469727,20.700000762939453,20.850000381469727,20.304357528686523,79454
2012-12-11,20.950000762939453,21.25,20.25,20.350000381469727,19.81744384765625,61265
2012-12-12,20.649999618530273,21.149999618530273,20.149999618530273,20.600000381469727,20.060903549194336,91508
2012-12-13,20.600000381469727,21.149999618530273,20.200000762939453,20.350000381469727,19.81744384765625,55562
2012-12-14,20.200000762939453,20.450000762939453,19.899999618530273,20.149999618530273,19.622676849365234,43616
2012-12-17,20.200000762939453,20.549999237060547,20.0,20.350000381469727,19.81744384765625,49061
2012-12-18,20.149999618530273,20.600000381469727,20.100000381469727,20.350000381469727,19.81744384765625,34760
2012-12-19,20.75,20.75,20.200000762939453,20.299999237060547,19.76875114440918,27517
2012-12-20,20.149999618530273,20.75,20.149999618530273,20.450000762939453,19.914825439453125,70162
2012-12-21,21.0,21.899999618530273,20.799999237060547,21.600000381469727,21.034730911254883,650525
2012-12-24,22.0,22.350000381469727,20.850000381469727,21.549999237060547,20.986042022705078,127695
2012-12-26,21.549999237060547,22.100000381469727,19.899999618530273,20.200000762939453,19.671367645263672,632313
2012-12-27,20.5,20.899999618530273,20.25,20.399999618530273,19.86613655090332,89762
2012-12-28,20.649999618530273,21.100000381469727,20.200000762939453,20.950000762939453,20.401744842529297,202227
2012-12-31,20.799999237060547,21.149999618530273,20.450000762939453,21.0,20.45043182373047,98115
2013-01-01,20.899999618530273,21.049999237060547,20.549999237060547,20.700000762939453,20.15828514099121,105742
2013-01-02,21.0,21.549999237060547,20.5,21.149999618530273,20.596506118774414,124987
2013-01-03,23.100000381469727,23.850000381469727,22.149999618530273,22.299999237060547,21.716413497924805,1053031
2013-01-04,22.0,22.100000381469727,21.399999618530273,21.700000762939453,21.132118225097656,141488
2013-01-07,21.850000381469727,22.0,21.399999618530273,21.649999618530273,21.08342170715332,82812
2013-01-08,21.549999237060547,21.700000762939453,21.200000762939453,21.350000381469727,20.791276931762695,53014
2013-01-09,21.549999237060547,21.75,20.700000762939453,21.049999237060547,20.49912452697754,139965
2013-01-10,21.049999237060547,21.149999618530273,20.299999237060547,20.450000762939453,19.914825439453125,119861
2013-01-11,20.5,20.850000381469727,19.899999618530273,20.149999618530273,19.622676849365234,136472
2013-01-14,20.049999237060547,20.5,20.0,20.350000381469727,19.81744384765625,78425
2013-01-15,20.350000381469727,20.600000381469727,20.0,20.100000381469727,19.573986053466797,75334
2013-01-16,20.350000381469727,20.450000762939453,19.549999237060547,19.649999618530273,19.135761260986328,123265
2013-01-17,19.950000762939453,20.100000381469727,19.5,19.799999237060547,19.281837463378906,78661
2013-01-18,19.649999618530273,20.100000381469727,19.399999618530273,19.5,18.98968505859375,62826
2013-01-21,19.549999237060547,20.5,19.200000762939453,19.5,18.98968505859375,58916
2013-01-22,19.450000762939453,19.649999618530273,18.700000762939453,18.899999618530273,18.4053897857666,108018
2013-01-23,19.0,19.200000762939453,18.700000762939453,19.0,18.502771377563477,57058
2013-01-24,18.799999237060547,18.950000762939453,18.100000381469727,18.399999618530273,17.918474197387695,44367
2013-01-25,18.299999237060547,18.600000381469727,18.100000381469727,18.450000762939453,17.96717071533203,61304
2013-01-28,18.049999237060547,18.899999618530273,16.450000762939453,17.049999237060547,16.603803634643555,950463
2013-01-29,17.149999618530273,17.850000381469727,17.100000381469727,17.75,17.285486221313477,103535
2013-01-30,17.75,18.100000381469727,17.5,17.549999237060547,17.09071922302246,38248
2013-01-31,17.350000381469727,17.799999237060547,17.350000381469727,17.700000762939453,17.236793518066406,28675
2013-02-01,17.75,17.899999618530273,17.350000381469727,17.5,17.042028427124023,34202
2013-02-04,17.5,17.850000381469727,17.25,17.350000381469727,16.895952224731445,21505
2013-02-05,17.350000381469727,17.399999618530273,17.049999237060547,17.25,16.798568725585938,28736
2013-02-06,17.25,17.450000762939453,17.100000381469727,17.299999237060547,16.847261428833008,41787
2013-02-07,17.299999237060547,17.5,17.100000381469727,17.149999618530273,16.701189041137695,20522
2013-02-08,17.100000381469727,17.399999618530273,17.100000381469727,17.25,16.798568725585938,22543
2013-02-11,17.100000381469727,17.450000762939453,17.0,17.350000381469727,16.895952224731445,18131
2013-02-12,17.100000381469727,17.700000762939453,16.799999237060547,17.549999237060547,17.09071922302246,44516
2013-02-13,18.0,18.149999618530273,17.549999237060547,17.649999618530273,17.188100814819336,95920
2013-02-14,18.399999618530273,19.899999618530273,16.799999237060547,17.049999237060547,16.603803634643555,61725
2013-02-15,17.100000381469727,17.25,16.649999618530273,17.0,16.55511474609375,107754
2013-02-18,17.0,17.200000762939453,16.600000381469727,16.899999618530273,16.457727432250977,32688
2013-02-19,17.149999618530273,17.450000762939453,16.850000381469727,17.049999237060547,16.603803634643555,27227
2013-02-20,17.200000762939453,17.5,16.799999237060547,16.950000762939453,16.50642204284668,91105
2013-02-21,16.799999237060547,16.950000762939453,16.399999618530273,16.700000762939453,16.262964248657227,92863
2013-02-22,16.549999237060547,17.600000381469727,16.5,17.25,16.798568725585938,76432
2013-02-25,17.25,17.649999618530273,16.850000381469727,16.850000381469727,16.409038543701172,54783
2013-02-26,16.75,17.100000381469727,16.5,16.649999618530273,16.214269638061523,36920
2013-02-27,16.649999618530273,17.149999618530273,16.450000762939453,16.75,16.31165313720703,107160
2013-02-28,17.0,17.0,16.0,16.149999618530273,15.727356910705566,67190
2013-03-01,16.100000381469727,16.549999237060547,16.100000381469727,16.25,15.82474136352539,50187
2013-03-04,16.149999618530273,16.450000762939453,15.699999809265137,16.149999618530273,15.727356910705566,224519
2013-03-05,16.0,16.299999237060547,15.899999618530273,16.149999618530273,15.727356910705566,68831
2013-03-06,16.200000762939453,16.700000762939453,16.200000762939453,16.5,16.068195343017578,36522
2013-03-07,16.700000762939453,17.200000762939453,16.450000762939453,17.049999237060547,16.603803634643555,38131
2013-03-08,17.0,17.350000381469727,16.950000762939453,17.25,16.798568725585938,44501
2013-03-11,17.25,17.299999237060547,16.899999618530273,17.200000762939453,16.749879837036133,68587
2013-03-12,17.0,19.700000762939453,17.0,19.200000762939453,18.697540283203125,504479
2013-03-13,19.049999237060547,19.350000381469727,17.649999618530273,17.899999618530273,17.43155860900879,116207
2013-03-14,18.0,18.149999618530273,17.399999618530273,17.649999618530273,17.188100814819336,50759
2013-03-15,17.5,17.950000762939453,17.049999237060547,17.100000381469727,16.652494430541992,30633
2013-03-18,17.0,18.0,16.899999618530273,17.700000762939453,17.236793518066406,121892
2013-03-19,17.950000762939453,19.299999237060547,17.0,18.799999237060547,18.308006286621094,281482
2013-03-20,18.950000762939453,19.0,16.799999237060547,16.950000762939453,16.50642204284668,235174
2013-03-21,16.899999618530273,17.0,15.600000381469727,15.75,15.337824821472168,162085
2013-03-22,15.75,16.100000381469727,15.300000190734863,15.75,15.337824821472168,85190
2013-03-25,15.800000190734863,16.100000381469727,15.199999809265137,15.300000190734863,14.8996000289917,54487
2013-03-26,15.300000190734863,15.899999618530273,14.850000381469727,15.75,15.337824821472168,29859
2013-03-28,15.600000381469727,15.800000190734863,15.5,15.600000381469727,15.191749572753906,33925
2013-04-01,15.949999809265137,16.700000762939453,15.949999809265137,16.25,15.82474136352539,34386
2013-04-02,16.0,16.899999618530273,16.0,16.649999618530273,16.214269638061523,55667
2013-04-03,16.049999237060547,17.299999237060547,16.049999237060547,16.25,15.82474136352539,52708
2013-04-04,16.0,16.299999237060547,15.050000190734863,15.199999809265137,14.80221939086914,95488
2013-04-05,15.149999618530273,15.149999618530273,12.699999809265137,13.699999809265137,13.341474533081055,320773
2013-04-08,14.199999809265137,14.75,14.0,14.300000190734863,13.925772666931152,62437
2013-04-09,14.699999809265137,14.699999809265137,13.899999618530273,13.949999809265137,13.584929466247559,24456
2013-04-10,14.050000190734863,14.600000381469727,13.699999809265137,14.199999809265137,13.828387260437012,55557
2013-04-11,14.25,14.600000381469727,14.25,14.399999618530273,14.023154258728027,42516
2013-04-12,14.25,14.449999809265137,14.050000190734863,14.100000381469727,13.731005668640137,24045
2013-04-15,14.300000190734863,14.600000381469727,14.199999809265137,14.5,14.120537757873535,27412
2013-04-16,14.5,14.600000381469727,14.199999809265137,14.399999618530273,14.023154258728027,14446
2013-04-17,14.399999618530273,15.300000190734863,14.050000190734863,14.800000190734863,14.412687301635742,79199
2013-04-18,14.949999809265137,15.050000190734863,14.699999809265137,14.949999809265137,14.558761596679688,33666
2013-04-22,15.0,15.100000381469727,14.600000381469727,14.699999809265137,14.315302848815918,21674
2013-04-23,14.550000190734863,14.800000190734863,14.350000381469727,14.5,14.120537757873535,14357
2013-04-25,14.899999618530273,14.899999618530273,14.5,14.550000190734863,14.169228553771973,23655
2013-04-26,14.600000381469727,14.600000381469727,14.0,14.100000381469727,13.731005668640137,33967
2013-04-29,13.649999618530273,14.399999618530273,13.649999618530273,14.300000190734863,13.925772666931152,237703
2013-04-30,13.800000190734863,14.449999809265137,13.800000190734863,13.949999809265137,13.584929466247559,38629
2013-05-02,13.949999809265137,14.199999809265137,13.850000381469727,14.050000190734863,13.682312965393066,22444
2013-05-03,14.0,14.0,13.75,13.850000381469727,13.487548828125,20330
2013-05-06,14.449999809265137,14.449999809265137,13.75,13.949999809265137,13.584929466247559,43454
2013-05-07,14.050000190734863,14.800000190734863,13.75,14.449999809265137,14.071846008300781,113050
2013-05-08,14.199999809265137,14.600000381469727,14.100000381469727,14.350000381469727,13.974461555480957,33358
2013-05-09,14.149999618530273,14.649999618530273,14.050000190734863,14.300000190734863,13.925772666931152,53613
2013-05-10,14.899999618530273,14.899999618530273,14.199999809265137,14.5,14.120537757873535,28594
2013-05-13,14.649999618530273,14.649999618530273,14.050000190734863,14.149999618530273,13.77969741821289,16679
2013-05-14,14.050000190734863,14.600000381469727,14.050000190734863,14.350000381469727,13.974461555480957,30830
2013-05-15,14.300000190734863,17.200000762939453,14.300000190734863,17.200000762939453,16.749879837036133,313263
2013-05-16,20.299999237060547,20.600000381469727,18.5,20.049999237060547,19.52529525756836,2308825
2013-05-17,20.100000381469727,20.200000762939453,17.549999237060547,17.899999618530273,17.43155860900879,353655
2013-05-20,17.899999618530273,18.350000381469727,16.799999237060547,17.100000381469727,16.652494430541992,204522
2013-05-21,16.25,17.5,16.0,16.799999237060547,16.3603458404541,282707
2013-05-22,16.700000762939453,17.899999618530273,16.0,16.200000762939453,15.776049613952637,208831
2013-05-23,16.5,16.649999618530273,15.5,15.850000381469727,15.435208320617676,90416
2013-05-24,15.5,16.149999618530273,15.300000190734863,15.899999618530273,15.48390007019043,52870
2013-05-27,15.800000190734863,15.949999809265137,15.050000190734863,15.5,15.094367980957031,74068
2013-05-28,15.199999809265137,18.0,15.199999809265137,17.600000381469727,17.1394100189209,434804
2013-05-29,18.0,18.299999237060547,17.5,17.600000381469727,17.1394100189209,116117
2013-05-30,17.600000381469727,17.899999618530273,16.950000762939453,17.100000381469727,16.652494430541992,50775
2013-05-31,16.899999618530273,17.100000381469727,16.200000762939453,16.399999618530273,15.970816612243652,54300
2013-06-03,16.149999618530273,16.649999618530273,15.899999618530273,16.200000762939453,15.776049613952637,41690
2013-06-04,16.0,16.799999237060547,16.0,16.600000381469727,16.165578842163086,54328
2013-06-05,16.350000381469727,17.200000762939453,16.299999237060547,17.049999237060547,16.603803634643555,44470
2013-06-06,16.850000381469727,16.899999618530273,16.5,16.700000762939453,16.262964248657227,24380
2013-06-07,16.799999237060547,17.299999237060547,16.399999618530273,16.5,16.068195343017578,75430
2013-06-10,16.5,16.950000762939453,16.299999237060547,16.450000762939453,16.01950454711914,52357
2013-06-11,16.299999237060547,16.700000762939453,16.100000381469727,16.25,15.82474136352539,54551
2013-06-12,16.0,16.600000381469727,16.0,16.450000762939453,16.01950454711914,63308
2013-06-13,16.0,16.350000381469727,15.800000190734863,16.25,15.82474136352539,68008
2013-06-14,16.049999237060547,16.549999237060547,16.049999237060547,16.25,15.82474136352539,25921
2013-06-17,16.299999237060547,16.450000762939453,16.149999618530273,16.25,15.82474136352539,25519
2013-06-18,16.100000381469727,16.600000381469727,16.100000381469727,16.25,15.82474136352539,41120
2013-06-19,16.25,16.299999237060547,16.100000381469727,16.100000381469727,15.678666114807129,13186
2013-06-20,16.25,16.350000381469727,15.899999618530273,16.100000381469727,15.678666114807129,19218
2013-06-21,16.0,16.299999237060547,15.899999618530273,16.100000381469727,15.678666114807129,23603
2013-06-24,15.899999618530273,16.100000381469727,14.5,14.75,14.363994598388672,109853
2013-06-25,14.850000381469727,15.550000190734863,14.699999809265137,14.949999809265137,14.558761596679688,64498
2013-06-26,15.0,15.0,14.550000190734863,14.699999809265137,14.315302848815918,79932
2013-06-27,14.699999809265137,15.649999618530273,13.949999809265137,14.699999809265137,14.315302848815918,251680
2013-06-28,14.899999618530273,14.949999809265137,13.899999618530273,14.399999618530273,14.023154258728027,279850
2013-07-01,14.300000190734863,14.899999618530273,14.199999809265137,14.399999618530273,14.023154258728027,66021
2013-07-02,14.300000190734863,14.800000190734863,14.25,14.449999809265137,14.071846008300781,54977
2013-07-03,14.300000190734863,14.399999618530273,13.699999809265137,14.149999618530273,13.77969741821289,62527
2013-07-04,14.0,14.350000381469727,14.0,14.199999809265137,13.828387260437012,28659
2013-07-05,14.300000190734863,14.5,14.0,14.199999809265137,13.828387260437012,25857
2013-07-08,14.100000381469727,14.300000190734863,14.0,14.100000381469727,13.731005668640137,17388
2013-07-09,14.350000381469727,14.600000381469727,14.100000381469727,14.300000190734863,13.925772666931152,23318
2013-07-10,14.449999809265137,15.25,14.300000190734863,14.949999809265137,14.558761596679688,74154
2013-07-11,15.5,15.5,14.850000381469727,14.850000381469727,14.46137809753418,27026
2013-07-12,14.850000381469727,14.850000381469727,14.5,14.550000190734863,14.169228553771973,23124
2013-07-15,14.399999618530273,15.199999809265137,14.0,14.899999618530273,14.5100679397583,55628
2013-07-16,14.949999809265137,15.050000190734863,14.5,14.600000381469727,14.21791934967041,18822
2013-07-17,14.649999618530273,16.5,14.350000381469727,14.899999618530273,14.5100679397583,60781
2013-07-18,15.149999618530273,15.149999618530273,14.600000381469727,14.800000190734863,14.412687301635742,33548
2013-07-19,14.899999618530273,15.300000190734863,14.600000381469727,14.949999809265137,14.558761596679688,8580
2013-07-22,15.0,15.149999618530273,14.800000190734863,15.050000190734863,14.656144142150879,6770
2013-07-23,15.149999618530273,15.25,14.899999618530273,14.949999809265137,14.558761596679688,17033
2013-07-24,15.0,15.0,14.199999809265137,14.350000381469727,13.974461555480957,36759
2013-07-25,14.75,14.75,13.550000190734863,13.649999618530273,13.292779922485352,100005
2013-07-26,13.949999809265137,14.399999618530273,13.600000381469727,13.699999809265137,13.341474533081055,119013
2013-07-29,13.800000190734863,13.800000190734863,12.899999618530273,13.100000381469727,12.75717544555664,71631
2013-07-30,13.149999618530273,13.149999618530273,11.850000381469727,12.149999618530273,11.832035064697266,72855
2013-07-31,12.100000381469727,12.5,11.5,12.100000381469727,11.783345222473145,83756
2013-08-01,13.399999618530273,13.399999618530273,11.100000381469727,11.300000190734863,11.004281997680664,82021
2013-08-02,11.449999809265137,11.649999618530273,10.75,11.100000381469727,10.809514999389648,66499
2013-08-05,11.149999618530273,11.399999618530273,10.100000381469727,10.75,10.468673706054688,63823
2013-08-06,10.949999809265137,10.949999809265137,9.899999618530273,10.100000381469727,9.835683822631836,80273
2013-08-07,10.100000381469727,12.100000381469727,9.899999618530273,11.699999809265137,11.39381217956543,178269
2013-08-08,12.5,12.899999618530273,11.050000190734863,11.850000381469727,11.539886474609375,121875
2013-08-12,11.949999809265137,12.899999618530273,11.949999809265137,12.699999809265137,12.367642402648926,65578
2013-08-13,12.800000190734863,14.649999618530273,12.600000381469727,14.100000381469727,13.731005668640137,156070
2013-08-14,13.5,13.800000190734863,12.050000190734863,12.199999809265137,11.880727767944336,249064
2013-08-16,12.5,12.5,10.850000381469727,10.949999809265137,10.663439750671387,225399
2013-08-19,11.0,11.199999809265137,10.199999809265137,10.350000381469727,10.079142570495605,132548
2013-08-20,10.149999618530273,11.300000190734863,10.100000381469727,10.75,10.468673706054688,108169
2013-08-21,11.199999809265137,11.350000381469727,10.75,10.800000190734863,10.517365455627441,76266
2013-08-22,11.0,11.100000381469727,10.649999618530273,11.0,10.712132453918457,39579
2013-08-23,10.899999618530273,11.100000381469727,10.550000190734863,10.75,10.468673706054688,99712
2013-08-26,10.899999618530273,11.449999809265137,10.899999618530273,11.25,10.955589294433594,103964
2013-08-27,11.050000190734863,11.149999618530273,10.649999618530273,10.800000190734863,10.517365455627441,26943
2013-08-28,10.699999809265137,10.899999618530273,10.449999809265137,10.75,10.468673706054688,45103
2013-08-29,10.899999618530273,11.050000190734863,10.5,10.550000190734863,10.273908615112305,39261
2013-08-30,10.5,11.0,10.149999618530273,10.649999618530273,10.37129020690918,44037
2013-09-02,10.600000381469727,11.199999809265137,10.600000381469727,10.800000190734863,10.517365455627441,22426
2013-09-03,10.949999809265137,12.149999618530273,10.75,10.949999809265137,10.663439750671387,177025
2013-09-04,11.0,11.850000381469727,10.800000190734863,11.600000381469727,11.296430587768555,75843
2013-09-05,11.649999618530273,12.100000381469727,11.25,11.850000381469727,11.539886474609375,80284
2013-09-06,12.0,12.0,11.600000381469727,11.75,11.442503929138184,43028
2013-09-10,12.050000190734863,12.199999809265137,11.75,11.850000381469727,11.539886474609375,46710
2013-09-11,11.699999809265137,11.949999809265137,11.399999618530273,11.5,11.19904613494873,53241
2013-09-12,11.800000190734863,12.5,11.550000190734863,11.949999809265137,11.637269973754883,74500
2013-09-13,12.0,12.649999618530273,12.0,12.100000381469727,11.783345222473145,40264
2013-09-16,12.5,12.5,11.800000190734863,11.850000381469727,11.539886474609375,50135
2013-09-17,11.699999809265137,12.149999618530273,11.199999809265137,11.850000381469727,11.539886474609375,25542
2013-09-18,11.899999618530273,12.050000190734863,11.5,11.850000381469727,11.539886474609375,24573
2013-09-19,12.100000381469727,12.149999618530273,11.75,11.949999809265137,11.736310958862305,53696
2013-09-20,12.550000190734863,12.550000190734863,11.550000190734863,12.199999809265137,11.981840133666992,77889
2013-09-23,11.649999618530273,12.100000381469727,11.649999618530273,12.0,11.785416603088379,18499
2013-09-24,11.800000190734863,12.050000190734863,11.699999809265137,11.899999618530273,11.687206268310547,27436
2013-09-25,11.800000190734863,12.300000190734863,11.800000190734863,12.199999809265137,11.981840133666992,51158
2013-09-26,12.0,13.350000381469727,12.0,13.100000381469727,12.865747451782227,135317
2013-09-27,13.0,13.449999809265137,12.399999618530273,12.850000381469727,12.620217323303223,72040
2013-09-30,12.800000190734863,12.800000190734863,12.100000381469727,12.199999809265137,11.981840133666992,23544
2013-10-01,12.199999809265137,12.399999618530273,12.0,12.25,12.030946731567383,22608
2013-10-03,12.449999809265137,12.550000190734863,12.399999618530273,12.399999618530273,12.178264617919922,27910
2013-10-04,12.399999618530273,12.75,12.300000190734863,12.699999809265137,12.472899436950684,27385
2013-10-07,12.600000381469727,14.850000381469727,12.300000190734863,14.050000190734863,13.798758506774902,346142
2013-10-08,14.100000381469727,14.449999809265137,13.350000381469727,13.899999618530273,13.651439666748047,91680
2013-10-09,13.800000190734863,14.300000190734863,13.600000381469727,14.0,13.749654769897461,62294
2013-10-10,14.0,14.399999618530273,13.600000381469727,13.699999809265137,13.455018997192383,27584
2013-10-11,13.800000190734863,14.25,13.75,13.949999809265137,13.700546264648438,42658
2013-10-14,13.899999618530273,15.300000190734863,13.899999618530273,14.399999618530273,14.142499923706055,171482
2013-10-15,14.850000381469727,15.0,14.199999809265137,14.550000190734863,14.289817810058594,43112
2013-10-17,14.899999618530273,15.100000381469727,14.199999809265137,14.449999809265137,14.191606521606445,42730
2013-10-18,14.550000190734863,15.100000381469727,14.5,14.550000190734863,14.289817810058594,112345
2013-10-21,14.5,14.850000381469727,14.199999809265137,14.600000381469727,14.338923454284668,48083
2013-10-22,14.5,14.550000190734863,13.300000190734863,14.350000381469727,14.093393325805664,119843
2013-10-23,14.399999618530273,15.149999618530273,14.100000381469727,14.449999809265137,14.191606521606445,94334
2013-10-24,14.600000381469727,14.75,14.149999618530273,14.25,13.995182991027832,53758
2013-10-25,14.25,14.699999809265137,14.050000190734863,14.5,14.240713119506836,24258
2013-10-28,14.399999618530273,14.699999809265137,12.649999618530273,13.199999809265137,12.963957786560059,231360
2013-10-29,13.550000190734863,13.550000190734863,12.75,13.399999618530273,13.160381317138672,111381
2013-10-30,13.300000190734863,13.800000190734863,13.300000190734863,13.649999618530273,13.40591049194336,64490
2013-10-31,13.399999618530273,14.649999618530273,13.149999618530273,13.850000381469727,13.602336883544922,95020
2013-11-01,13.800000190734863,14.0,13.449999809265137,13.850000381469727,13.602336883544922,89468
2013-11-05,14.0,14.449999809265137,13.850000381469727,14.25,13.995182991027832,77899
2013-11-06,14.25,14.850000381469727,14.25,14.600000381469727,14.338923454284668,79855
2013-11-07,14.600000381469727,16.75,14.600000381469727,15.899999618530273,15.615677833557129,509216
2013-11-08,16.200000762939453,16.5,15.600000381469727,15.949999809265137,15.664783477783203,108206
2013-11-11,15.300000190734863,19.100000381469727,15.300000190734863,18.049999237060547,17.727230072021484,1241484
2013-11-12,18.5,19.600000381469727,18.25,18.950000762939453,18.61113929748535,925970
2013-11-13,19.0,19.0,16.350000381469727,16.600000381469727,16.303157806396484,434843
2013-11-14,17.0,17.600000381469727,16.100000381469727,16.25,15.959420204162598,283160
2013-11-18,16.25,17.399999618530273,16.049999237060547,16.350000381469727,16.05763053894043,252846
2013-11-19,16.299999237060547,18.200000762939453,16.25,17.899999618530273,17.579912185668945,558071
2013-11-20,17.850000381469727,19.100000381469727,17.850000381469727,18.149999618530273,17.8254451751709,463543
2013-11-21,18.0,18.450000762939453,17.5,17.950000762939453,17.629018783569336,136383
2013-11-22,17.899999618530273,18.399999618530273,16.200000762939453,17.5,17.18706703186035,178539
2013-11-25,17.899999618530273,17.950000762939453,16.950000762939453,17.0,16.696008682250977,95815
2013-11-26,17.100000381469727,17.200000762939453,16.350000381469727,16.899999618530273,16.597793579101562,107729
2013-11-27,17.0,17.25,16.549999237060547,16.649999618530273,16.352264404296875,87684
2013-11-28,16.75,17.350000381469727,16.549999237060547,16.600000381469727,16.303157806396484,63096
2013-11-29,16.5,16.950000762939453,16.100000381469727,16.450000762939453,16.155841827392578,108739
2013-12-02,16.549999237060547,17.649999618530273,16.549999237060547,17.350000381469727,17.03974723815918,236722
2013-12-03,17.75,17.850000381469727,17.049999237060547,17.25,16.94153594970703,141047
2013-12-04,17.25,17.350000381469727,16.850000381469727,16.950000762939453,16.646902084350586,55846
2013-12-05,17.399999618530273,17.399999618530273,16.649999618530273,16.799999237060547,16.499582290649414,61026
2013-12-06,16.700000762939453,16.850000381469727,16.299999237060547,16.399999618530273,16.106739044189453,94042
2013-12-09,16.700000762939453,16.700000762939453,16.25,16.399999618530273,16.106739044189453,66169
2013-12-10,16.549999237060547,16.549999237060547,15.350000381469727,15.75,15.46835994720459,140388
2013-12-11,15.550000190734863,16.5,15.399999618530273,16.049999237060547,15.762994766235352,116161
2013-12-12,16.700000762939453,16.700000762939453,15.75,15.899999618530273,15.615677833557129,44537
2013-12-13,15.899999618530273,15.949999809265137,15.300000190734863,15.5,15.222830772399902,43804
2013-12-16,15.800000190734863,17.200000762939453,15.300000190734863,16.549999237060547,16.25405502319336,215840
2013-12-17,17.049999237060547,17.700000762939453,17.0,17.149999618530273,16.843326568603516,490034
2013-12-18,17.200000762939453,17.350000381469727,16.75,16.899999618530273,16.597793579101562,134087
2013-12-19,17.25,18.600000381469727,17.049999237060547,17.799999237060547,17.48170280456543,418175
2013-12-20,18.0,18.5,17.850000381469727,17.950000762939453,17.629018783569336,170931
2013-12-23,17.799999237060547,18.200000762939453,17.350000381469727,17.5,17.18706703186035,104781
2013-12-24,17.600000381469727,18.299999237060547,17.399999618530273,17.75,17.43259620666504,106212
2013-12-26,18.0,18.5,17.899999618530273,17.950000762939453,17.629018783569336,124953
2013-12-27,18.049999237060547,18.149999618530273,17.25,17.5,17.18706703186035,54820
2013-12-30,17.899999618530273,17.899999618530273,17.299999237060547,17.549999237060547,17.23617172241211,85838
2013-12-31,17.5,19.100000381469727,17.5,18.600000381469727,18.26739501953125,378201
2014-01-01,19.0,19.299999237060547,18.299999237060547,18.549999237060547,18.21828842163086,204486
2014-01-02,18.649999618530273,19.0,16.850000381469727,17.149999618530273,16.843326568603516,262142
2014-01-03,17.399999618530273,18.0,17.200000762939453,17.799999237060547,17.48170280456543,107602
2014-01-06,18.0,18.350000381469727,17.75,18.200000762939453,17.874549865722656,129387
2014-01-07,18.600000381469727,19.0,17.75,17.899999618530273,17.579912185668945,145790
2014-01-08,18.149999618530273,18.149999618530273,17.75,17.799999237060547,17.48170280456543,52874
2014-01-09,17.75,18.799999237060547,17.75,17.950000762939453,17.629018783569336,155851
2014-01-10,18.0,18.399999618530273,17.549999237060547,17.700000762939453,17.38348960876465,68192
2014-01-13,17.799999237060547,18.399999618530273,17.299999237060547,17.450000762939453,17.13796043395996,85018
2014-01-14,17.899999618530273,17.899999618530273,17.0,17.649999618530273,17.334383010864258,35710
2014-01-15,17.649999618530273,18.299999237060547,17.25,17.399999618530273,17.088851928710938,43349
2014-01-16,17.299999237060547,17.899999618530273,15.75,16.200000762939453,15.910313606262207,458853
2014-01-17,16.700000762939453,17.200000762939453,16.399999618530273,16.5,16.204946517944336,350097
2014-01-20,16.399999618530273,17.0,16.399999618530273,16.850000381469727,16.548690795898438,86783
2014-01-21,16.899999618530273,17.100000381469727,16.700000762939453,16.799999237060547,16.499582290649414,62416
2014-01-22,16.850000381469727,17.600000381469727,16.600000381469727,16.899999618530273,16.597793579101562,152754
2014-01-23,16.899999618530273,17.200000762939453,16.649999618530273,16.700000762939453,16.4013729095459,53342
2014-01-24,16.600000381469727,16.75,16.049999237060547,16.200000762939453,15.910313606262207,81752
2014-01-27,16.149999618530273,16.149999618530273,15.800000190734863,15.850000381469727,15.566572189331055,65364
2014-01-28,16.200000762939453,17.049999237060547,16.049999237060547,16.25,15.959420204162598,109833
2014-01-29,16.799999237060547,16.799999237060547,16.0,16.100000381469727,15.812101364135742,39641
2014-01-30,16.049999237060547,16.149999618530273,15.699999809265137,15.899999618530273,15.615677833557129,38372
2014-01-31,15.800000190734863,16.399999618530273,15.699999809265137,15.899999618530273,15.615677833557129,50862
2014-02-03,15.850000381469727,16.399999618530273,15.850000381469727,16.200000762939453,15.910313606262207,81482
2014-02-04,16.200000762939453,16.25,15.75,15.899999618530273,15.615677833557129,61445
2014-02-05,15.899999618530273,16.0,15.75,15.850000381469727,15.566572189331055,22755
2014-02-06,16.0,16.049999237060547,15.75,15.800000190734863,15.517465591430664,30953
2014-02-07,16.0,16.100000381469727,15.800000190734863,15.949999809265137,15.664783477783203,48427
2014-02-10,16.25,16.399999618530273,16.0,16.25,15.959420204162598,39003
2014-02-11,16.299999237060547,17.049999237060547,16.100000381469727,16.25,15.959420204162598,164448
2014-02-12,16.450000762939453,16.450000762939453,15.75,15.800000190734863,15.517465591430664,50548
2014-02-13,16.0,16.0,14.550000190734863,14.75,14.486241340637207,164355
2014-02-14,15.100000381469727,15.899999618530273,14.800000190734863,15.25,14.977300643920898,112390
2014-02-17,15.75,15.75,14.399999618530273,14.699999809265137,14.437135696411133,161631
2014-02-18,15.149999618530273,15.300000190734863,15.0,15.100000381469727,14.829983711242676,13135
2014-02-19,14.899999618530273,15.5,14.800000190734863,15.050000190734863,14.780877113342285,18410
2014-02-20,15.149999618530273,15.300000190734863,14.850000381469727,15.100000381469727,14.829983711242676,27964
2014-02-21,15.350000381469727,15.850000381469727,15.050000190734863,15.600000381469727,15.321041107177734,74141
2014-02-24,15.649999618530273,15.899999618530273,15.550000190734863,15.75,15.46835994720459,43933
2014-02-25,15.5,16.049999237060547,15.399999618530273,15.899999618530273,15.615677833557129,41209
2014-02-26,16.299999237060547,16.299999237060547,15.800000190734863,16.100000381469727,15.812101364135742,37150
2014-02-28,16.049999237060547,16.350000381469727,15.899999618530273,16.100000381469727,15.812101364135742,45421
2014-03-03,16.0,16.399999618530273,15.850000381469727,15.899999618530273,15.615677833557129,40698
2014-03-04,16.0,16.299999237060547,15.550000190734863,15.649999618530273,15.370147705078125,49668
2014-03-05,16.0,16.299999237060547,15.600000381469727,16.0,15.713888168334961,78833
2014-03-06,16.049999237060547,16.25,15.850000381469727,16.049999237060547,15.762994766235352,48511
2014-03-07,16.100000381469727,18.5,16.100000381469727,17.700000762939453,17.38348960876465,455654
2014-03-10,17.5,18.799999237060547,17.299999237060547,18.600000381469727,18.26739501953125,468469
2014-03-11,18.450000762939453,18.850000381469727,17.899999618530273,18.100000381469727,17.776336669921875,114200
2014-03-12,17.950000762939453,20.399999618530273,17.75,18.700000762939453,18.36560821533203,386191
2014-03-13,19.0,19.200000762939453,18.100000381469727,18.25,17.92365264892578,132957
2014-03-14,18.049999237060547,19.049999237060547,17.700000762939453,18.850000381469727,18.512924194335938,165152
2014-03-18,18.850000381469727,19.200000762939453,18.25,18.700000762939453,18.36560821533203,100953
2014-03-19,19.0,20.899999618530273,18.149999618530273,19.899999618530273,19.544147491455078,691648
2014-03-20,20.450000762939453,23.850000381469727,20.100000381469727,22.600000381469727,22.195871353149414,2272174
2014-03-21,23.149999618530273,24.549999237060547,22.600000381469727,23.899999618530273,23.47262191772461,1092195
2014-03-24,24.450000762939453,24.850000381469727,22.75,23.0,22.588714599609375,388824
2014-03-25,22.950000762939453,23.25,22.299999237060547,23.100000381469727,22.686927795410156,249130
2014-03-26,22.899999618530273,23.399999618530273,22.25,22.299999237060547,21.901233673095703,263308
2014-03-27,22.950000762939453,24.100000381469727,22.0,23.799999237060547,23.374412536621094,340037
2014-03-28,23.649999618530273,26.0,23.649999618530273,24.149999618530273,23.718151092529297,1023411
2014-03-31,24.200000762939453,24.950000762939453,23.600000381469727,24.149999618530273,23.718151092529297,240691
2014-04-01,24.149999618530273,24.200000762939453,23.100000381469727,23.25,22.834245681762695,136876
2014-04-02,23.350000381469727,24.399999618530273,23.0,23.450000762939453,23.030672073364258,249532
2014-04-03,23.950000762939453,23.950000762939453,22.549999237060547,22.850000381469727,22.4414005279541,236773
2014-04-04,22.850000381469727,23.700000762939453,22.799999237060547,23.200000762939453,22.785140991210938,175305
2014-04-07,23.700000762939453,23.75,22.600000381469727,23.100000381469727,22.686927795410156,248621
2014-04-09,22.850000381469727,23.399999618530273,22.850000381469727,23.0,22.588714599609375,100126
2014-04-10,23.0,23.5,22.850000381469727,23.049999237060547,22.637819290161133,152977
2014-04-11,23.299999237060547,23.299999237060547,22.600000381469727,23.0,22.588714599609375,101600
2014-04-15,23.100000381469727,23.350000381469727,22.600000381469727,23.100000381469727,22.686927795410156,74900
2014-04-16,22.899999618530273,23.299999237060547,21.299999237060547,22.149999618530273,21.75391387939453,123453
2014-04-17,22.549999237060547,23.5,22.299999237060547,23.200000762939453,22.785140991210938,172527
2014-04-21,23.299999237060547,25.700000762939453,22.899999618530273,25.0,24.55295181274414,606079
2014-04-22,25.149999618530273,29.899999618530273,25.149999618530273,28.75,28.23589515686035,3120805
2014-04-23,28.700000762939453,30.799999237060547,28.049999237060547,28.549999237060547,28.03946876525879,1536766
2014-04-24,28.549999237060547,28.549999237060547,28.549999237060547,28.549999237060547,28.03946876525879,0
2014-04-25,28.549999237060547,29.799999237060547,27.700000762939453,28.25,27.744836807250977,611470
2014-04-28,28.200000762939453,30.399999618530273,28.200000762939453,29.75,29.218013763427734,711850
2014-04-29,29.899999618530273,32.79999923706055,29.299999237060547,31.149999618530273,30.592979431152344,1433324
2014-04-30,31.25,32.79999923706055,27.5,29.5,28.972482681274414,787369
2014-05-02,30.0,30.549999237060547,28.350000381469727,28.649999618530273,28.137683868408203,203565
2014-05-05,29.950000762939453,29.950000762939453,28.0,28.100000381469727,27.597517013549805,137343
2014-05-06,28.399999618530273,30.0,28.049999237060547,28.399999618530273,27.89215087890625,189444
2014-05-07,28.399999618530273,28.75,26.600000381469727,26.950000762939453,26.46808433532715,302773
2014-05-08,26.899999618530273,28.450000762939453,26.649999618530273,27.350000381469727,26.860931396484375,337288
2014-05-09,27.200000762939453,27.850000381469727,26.549999237060547,26.799999237060547,26.320762634277344,211766
2014-05-12,26.75,27.25,25.899999618530273,26.200000762939453,25.731494903564453,239882
2014-05-13,26.5,27.899999618530273,26.399999618530273,26.950000762939453,26.46808433532715,267920
2014-05-14,26.100000381469727,27.600000381469727,26.100000381469727,27.350000381469727,26.860931396484375,158911
2014-05-15,28.0,28.100000381469727,26.350000381469727,26.5,26.0261287689209,180013
2014-05-16,27.0,27.799999237060547,26.049999237060547,27.100000381469727,26.615402221679688,163661
2014-05-19,27.5,27.700000762939453,26.399999618530273,26.649999618530273,26.173444747924805,333298
2014-05-20,26.700000762939453,30.0,26.700000762939453,29.399999618530273,28.874271392822266,514865
2014-05-21,29.799999237060547,31.649999618530273,28.25,31.25,30.69118881225586,779560
2014-05-22,31.600000381469727,31.600000381469727,29.950000762939453,30.100000381469727,29.56175422668457,319907
2014-05-23,30.299999237060547,33.900001525878906,30.25,32.400001525878906,31.820627212524414,1159249
2014-05-26,32.70000076293945,32.95000076293945,26.799999237060547,28.5,27.990365982055664,794476
2014-05-27,28.0,28.799999237060547,26.799999237060547,28.200000762939453,27.695730209350586,229817
2014-05-28,28.899999618530273,29.200000762939453,27.600000381469727,27.899999618530273,27.401092529296875,250017
2014-05-29,28.100000381469727,28.100000381469727,26.100000381469727,26.549999237060547,26.075233459472656,226915
2014-05-30,27.0,27.5,26.100000381469727,26.75,26.27165985107422,124342
2014-06-02,26.049999237060547,29.899999618530273,26.049999237060547,29.399999618530273,28.874271392822266,407238
2014-06-03,29.100000381469727,32.0,28.700000762939453,29.600000381469727,29.070697784423828,1243858
2014-06-04,30.100000381469727,31.049999237060547,29.700000762939453,29.899999618530273,29.365331649780273,437388
2014-06-05,30.25,30.600000381469727,29.100000381469727,29.5,28.972482681274414,280782
2014-06-06,29.600000381469727,30.25,29.0,29.149999618530273,28.62874412536621,174182
2014-06-09,32.75,34.95000076293945,32.0,32.79999923706055,32.213478088378906,3288705
2014-06-10,33.25,33.29999923706055,30.450000762939453,30.850000381469727,30.2983455657959,642488
2014-06-11,31.700000762939453,34.400001525878906,30.5,32.45000076293945,31.869731903076172,2502608
2014-06-12,32.79999923706055,33.5,31.600000381469727,32.04999923706055,31.476884841918945,561720
2014-06-13,32.400001525878906,32.75,29.75,30.049999237060547,29.512645721435547,506151
2014-06-16,29.75,30.850000381469727,28.100000381469727,29.149999618530273,28.62874412536621,312096
2014-06-17,29.899999618530273,31.299999237060547,29.149999618530273,30.649999618530273,30.101917266845703,378031
2014-06-18,30.950000762939453,31.75,29.549999237060547,29.899999618530273,29.365331649780273,383582
2014-06-19,30.450000762939453,30.899999618530273,29.149999618530273,29.75,29.218013763427734,148841
2014-06-20,30.0,31.200000762939453,29.399999618530273,29.5,28.972482681274414,257978
2014-06-23,29.5,30.0,28.799999237060547,29.350000381469727,28.825164794921875,171356
2014-06-24,29.799999237060547,30.149999618530273,29.299999237060547,29.649999618530273,29.119802474975586,187539
2014-06-25,29.149999618530273,29.899999618530273,29.149999618530273,29.549999237060547,29.021587371826172,127658
2014-06-26,29.799999237060547,29.799999237060547,29.100000381469727,29.200000762939453,28.677846908569336,111778
2014-06-27,29.649999618530273,30.5,29.100000381469727,29.450000762939453,28.92337989807129,221350
2014-06-30,29.700000762939453,29.799999237060547,29.299999237060547,29.5,28.972482681274414,211580
2014-07-01,29.600000381469727,31.0,29.25,30.100000381469727,29.56175422668457,436308
2014-07-02,30.25,31.0,30.0,30.399999618530273,29.85639190673828,334026
2014-07-03,30.100000381469727,31.600000381469727,30.049999237060547,31.049999237060547,30.494766235351562,588961
2014-07-04,30.799999237060547,31.799999237060547,30.549999237060547,30.950000762939453,30.39655303955078,426695
2014-07-07,30.549999237060547,32.95000076293945,30.549999237060547,32.599998474121094,32.01704788208008,1318965
2014-07-08,33.0,33.0,29.049999237060547,29.5,28.972482681274414,1091795
2014-07-09,29.649999618530273,29.799999237060547,27.399999618530273,28.200000762939453,27.695730209350586,343420
2014-07-10,28.0,29.399999618530273,27.299999237060547,28.450000762939453,27.941259384155273,248575
2014-07-11,28.700000762939453,29.299999237060547,26.649999618530273,27.0,26.517187118530273,212797
2014-07-14,27.100000381469727,27.75,26.75,27.0,26.517187118530273,127175
2014-07-15,27.450000762939453,28.350000381469727,27.299999237060547,27.799999237060547,27.302879333496094,199529
2014-07-16,28.25,28.75,27.700000762939453,28.25,27.744836807250977,228743
2014-07-17,28.0,28.700000762939453,28.0,28.399999618530273,27.89215087890625,125325
2014-07-18,27.799999237060547,28.25,27.299999237060547,27.799999237060547,27.302879333496094,110632
2014-07-21,28.450000762939453,29.399999618530273,28.049999237060547,28.850000381469727,28.3341064453125,212187
2014-07-22,28.75,30.100000381469727,28.700000762939453,29.0,28.481426239013672,220279
2014-07-23,29.149999618530273,29.299999237060547,28.149999618530273,28.299999237060547,27.793943405151367,159596
2014-07-24,28.649999618530273,28.649999618530273,27.799999237060547,28.100000381469727,27.597517013549805,152866
2014-07-25,28.100000381469727,28.25,26.799999237060547,27.100000381469727,26.615402221679688,135604
2014-07-28,27.399999618530273,27.850000381469727,27.0,27.350000381469727,26.860931396484375,80891
2014-07-30,27.100000381469727,27.5,26.5,27.049999237060547,26.566293716430664,124957
2014-07-31,26.799999237060547,28.25,26.799999237060547,27.549999237060547,27.057353973388672,104598
2014-08-01,27.25,28.149999618530273,26.5,26.899999618530273,26.418977737426758,134086
2014-08-04,27.049999237060547,27.399999618530273,27.049999237060547,27.200000762939453,26.713611602783203,49298
2014-08-05,27.100000381469727,28.5,27.100000381469727,27.799999237060547,27.302879333496094,122753
2014-08-06,27.799999237060547,28.450000762939453,27.25,27.649999618530273,27.155567169189453,94361
2014-08-07,27.850000381469727,28.200000762939453,26.950000762939453,27.100000381469727,26.615402221679688,73139
2014-08-08,26.799999237060547,27.049999237060547,26.049999237060547,26.299999237060547,25.82970428466797,107740
2014-08-11,26.25,27.600000381469727,26.25,26.799999237060547,26.320762634277344,91126
2014-08-12,28.450000762939453,28.450000762939453,27.100000381469727,27.299999237060547,26.81182098388672,159528
2014-08-13,27.350000381469727,27.399999618530273,24.549999237060547,25.299999237060547,24.847585678100586,241267
2014-08-14,25.299999237060547,26.5,24.549999237060547,26.299999237060547,25.82970428466797,166832
2014-08-18,26.649999618530273,27.899999618530273,26.549999237060547,27.700000762939453,27.204673767089844,222880
2014-08-19,28.0,28.350000381469727,27.25,27.799999237060547,27.302879333496094,187870
2014-08-20,27.799999237060547,32.75,27.799999237060547,31.600000381469727,31.034931182861328,2486509
2014-08-21,32.5,34.54999923706055,32.29999923706055,33.45000076293945,32.95614242553711,3851622
2014-08-22,33.75,39.349998474121094,33.25,38.70000076293945,38.12862777709961,8814130
2014-08-25,38.849998474121094,40.5,37.099998474121094,37.599998474121094,37.044864654541016,4965601
2014-08-26,37.54999923706055,39.29999923706055,36.849998474121094,38.349998474121094,37.78379440307617,2010376
2014-08-27,38.70000076293945,40.20000076293945,38.400001525878906,38.70000076293945,38.12862777709961,1972353
2014-08-28,38.900001525878906,39.099998474121094,36.54999923706055,36.79999923706055,36.25667953491211,796865
2014-09-01,37.099998474121094,38.45000076293945,35.54999923706055,38.0,37.43896484375,1375326
2014-09-02,38.099998474121094,38.45000076293945,37.0,37.29999923706055,36.749298095703125,703575
2014-09-03,37.5,37.849998474121094,35.900001525878906,36.29999923706055,35.764060974121094,917202
2014-09-04,35.95000076293945,38.29999923706055,34.95000076293945,37.79999923706055,37.24191665649414,1589939
2014-09-05,39.0,41.54999923706055,38.400001525878906,41.45000076293945,40.8380241394043,4597252
2014-09-08,42.0,43.45000076293945,40.400001525878906,42.099998474121094,41.47842788696289,3208258
2014-09-09,42.29999923706055,42.45000076293945,39.25,40.849998474121094,40.24688720703125,1458776
2014-09-10,40.75,42.5,40.0,41.0,40.39467239379883,1033234
2014-09-11,40.79999923706055,42.79999923706055,40.79999923706055,41.599998474121094,40.985809326171875,1384774
2014-09-12,41.75,42.25,40.79999923706055,41.400001525878906,40.78876495361328,692885
2014-09-15,41.25,44.0,40.5,42.900001525878906,42.266624450683594,1785865
2014-09-16,43.20000076293945,44.70000076293945,38.650001525878906,39.0,38.424198150634766,2288706
2014-09-17,39.79999923706055,40.849998474121094,38.150001525878906,39.650001525878906,39.064605712890625,870440
2014-09-18,40.0,42.349998474121094,39.900001525878906,41.900001525878906,41.28138732910156,1195633
2014-09-19,41.900001525878906,42.45000076293945,41.0,41.75,41.13359451293945,610726
2014-09-22,41.349998474121094,43.0,40.79999923706055,41.79999923706055,41.182857513427734,830270
2014-09-23,42.349998474121094,42.349998474121094,39.04999923706055,39.45000076293945,38.8675537109375,693052
2014-09-24,39.849998474121094,40.400001525878906,37.79999923706055,38.79999923706055,38.22714614868164,443468
2014-09-25,38.650001525878906,39.54999923706055,35.79999923706055,36.20000076293945,35.66554260253906,478295
2014-09-26,35.79999923706055,39.0,35.54999923706055,38.45000076293945,37.882320404052734,535890
2014-09-29,38.0,39.5,38.0,38.29999923706055,37.734535217285156,357371
2014-09-30,38.849998474121094,39.400001525878906,38.0,38.5,37.931583404541016,292637
2014-10-01,38.099998474121094,38.70000076293945,37.0,37.150001525878906,36.60151672363281,280895
2014-10-07,36.900001525878906,37.900001525878906,35.0,35.400001525878906,34.87735366821289,360290
2014-10-08,35.79999923706055,37.5,35.0,37.04999923706055,36.502994537353516,469647
2014-10-09,37.099998474121094,38.29999923706055,37.0,37.599998474121094,37.044864654541016,328906
2014-10-10,37.5,37.5,35.849998474121094,36.5,35.96110916137695,235825
2014-10-13,35.849998474121094,36.5,35.650001525878906,36.04999923706055,35.51775360107422,219590
2014-10-14,36.04999923706055,36.599998474121094,35.29999923706055,35.650001525878906,35.123661041259766,150988
2014-10-15,35.650001525878906,35.650001525878906,35.650001525878906,35.650001525878906,35.123661041259766,0
2014-10-16,35.900001525878906,36.0,31.549999237060547,32.599998474121094,32.118690490722656,429534
2014-10-17,33.0,34.5,31.799999237060547,33.849998474121094,33.3502311706543,511842
2014-10-20,34.650001525878906,35.45000076293945,34.150001525878906,34.29999923706055,33.7935905456543,193664
2014-10-21,34.599998474121094,34.79999923706055,33.75,34.04999923706055,33.547279357910156,131751
2014-10-22,34.400001525878906,34.79999923706055,34.099998474121094,34.29999923706055,33.7935905456543,155678
2014-10-27,35.599998474121094,37.75,35.04999923706055,37.25,36.700035095214844,530622
2014-10-28,37.79999923706055,40.0,37.70000076293945,38.45000076293945,37.882320404052734,922109
2014-10-29,38.79999923706055,38.849998474121094,37.04999923706055,37.45000076293945,36.8970832824707,355978
2014-10-30,37.599998474121094,38.349998474121094,36.29999923706055,36.70000076293945,36.15815734863281,398976
2014-10-31,37.0,38.099998474121094,36.599998474121094,37.45000076293945,36.8970832824707,431628
2014-11-03,37.150001525878906,38.79999923706055,37.0,37.25,36.700035095214844,514081
2014-11-05,37.70000076293945,41.95000076293945,37.04999923706055,41.400001525878906,40.78876495361328,2124193
2014-11-07,41.900001525878906,44.400001525878906,41.20000076293945,41.70000076293945,41.08433532714844,2117502
2014-11-10,41.95000076293945,43.0,39.599998474121094,41.75,41.13359451293945,1142429
2014-11-11,41.900001525878906,42.25,40.5,40.849998474121094,40.24688720703125,714338
2014-11-12,41.25,42.20000076293945,40.150001525878906,40.5,39.90205001831055,779619
2014-11-13,39.95000076293945,40.29999923706055,37.150001525878906,38.29999923706055,37.734535217285156,836416
2014-11-14,38.599998474121094,39.400001525878906,37.54999923706055,38.25,37.685272216796875,442718
2014-11-17,38.70000076293945,39.70000076293945,37.5,39.0,38.424198150634766,390737
2014-11-18,39.0,39.900001525878906,38.099998474121094,38.45000076293945,37.882320404052734,388842
2014-11-19,38.25,41.599998474121094,37.900001525878906,39.79999923706055,39.21238708496094,1615049
2014-11-20,39.5,41.900001525878906,39.04999923706055,41.29999923706055,40.69024658203125,979496
2014-11-21,42.45000076293945,43.400001525878906,41.29999923706055,41.599998474121094,40.985809326171875,2105985
2014-11-24,41.099998474121094,41.5,39.650001525878906,39.849998474121094,39.26165008544922,468358
2014-11-25,40.5,40.5,38.099998474121094,38.650001525878906,38.079368591308594,390438
2014-11-26,38.79999923706055,39.650001525878906,38.0,39.04999923706055,38.47346115112305,471035
2014-11-27,39.54999923706055,39.54999923706055,38.29999923706055,38.54999923706055,37.980838775634766,278663
2014-11-28,38.900001525878906,39.400001525878906,37.04999923706055,37.400001525878906,36.84782409667969,528288
2014-12-01,37.400001525878906,37.95000076293945,37.0,37.150001525878906,36.60151672363281,320805
2014-12-02,37.400001525878906,38.29999923706055,36.29999923706055,37.650001525878906,37.09413528442383,346071
2014-12-03,37.70000076293945,38.650001525878906,37.599998474121094,37.79999923706055,37.24191665649414,309224
2014-12-04,38.04999923706055,38.5,37.099998474121094,37.45000076293945,36.8970832824707,328394
2014-12-05,37.5,38.099998474121094,37.0,37.150001525878906,36.60151672363281,260493
2014-12-08,36.900001525878906,37.20000076293945,36.099998474121094,36.29999923706055,35.764060974121094,304910
2014-12-09,36.0,36.5,35.0,35.20000076293945,34.68030548095703,295219
2014-12-10,34.79999923706055,35.70000076293945,34.75,35.04999923706055,34.53251647949219,207879
2014-12-11,35.0,35.650001525878906,33.599998474121094,35.04999923706055,34.53251647949219,278908
2014-12-12,35.0,35.150001525878906,33.79999923706055,33.95000076293945,33.448760986328125,237842
2014-12-15,33.54999923706055,34.75,33.0,34.29999923706055,33.7935905456543,188254
2014-12-16,34.0,34.25,32.150001525878906,32.79999923706055,32.315738677978516,331382
2014-12-17,32.54999923706055,32.900001525878906,31.200000762939453,32.400001525878906,31.92164421081543,259767
2014-12-18,33.5,34.25,32.5,33.75,33.251712799072266,234070
2014-12-19,34.75,34.75,33.25,33.650001525878906,33.15318298339844,189028
2014-12-22,34.45000076293945,34.45000076293945,33.0,33.29999923706055,32.80835723876953,235030
2014-12-23,33.29999923706055,33.849998474121094,33.0,33.25,32.759098052978516,161569
2014-12-24,33.349998474121094,33.45000076293945,32.5,32.900001525878906,32.41426467895508,158665
2014-12-26,32.79999923706055,33.900001525878906,32.599998474121094,32.849998474121094,32.3650016784668,115646
2014-12-29,32.599998474121094,33.20000076293945,32.150001525878906,32.5,32.020164489746094,192631
2014-12-30,32.75,32.75,32.099998474121094,32.349998474121094,31.87238311767578,107406
2014-12-31,32.599998474121094,35.95000076293945,32.04999923706055,35.099998474121094,34.58177947998047,1081763
2015-01-01,34.849998474121094,36.650001525878906,34.599998474121094,35.70000076293945,35.17292404174805,424304
2015-01-02,36.0,36.0,35.0,35.25,34.72956848144531,256454
2015-01-05,35.0,36.54999923706055,34.70000076293945,34.95000076293945,34.433990478515625,356165
2015-01-06,34.599998474121094,34.599998474121094,33.04999923706055,33.29999923706055,32.80835723876953,208917
2015-01-07,33.0,33.75,31.850000381469727,32.0,31.527545928955078,332517
2015-01-08,32.79999923706055,33.45000076293945,32.5,33.20000076293945,32.7098274230957,200003
2015-01-09,33.79999923706055,34.150001525878906,32.79999923706055,33.29999923706055,32.80835723876953,187533
2015-01-12,33.79999923706055,34.0,32.849998474121094,33.25,32.759098052978516,131930
2015-01-13,33.5,34.400001525878906,32.650001525878906,33.0,32.51278305053711,271797
2015-01-14,32.79999923706055,33.45000076293945,32.099998474121094,32.349998474121094,31.87238311767578,160725
2015-01-15,32.54999923706055,34.400001525878906,32.5,33.099998474121094,32.611305236816406,317368
2015-01-16,33.0,33.79999923706055,32.099998474121094,32.75,32.26647186279297,137694
2015-01-19,32.400001525878906,33.70000076293945,32.400001525878906,33.0,32.51278305053711,172883
2015-01-20,33.099998474121094,34.0,32.75,33.20000076293945,32.7098274230957,263442
2015-01-21,33.20000076293945,33.75,32.599998474121094,32.849998474121094,32.3650016784668,163431
2015-01-22,32.849998474121094,36.20000076293945,32.599998474121094,35.54999923706055,35.02513885498047,1323798
2015-01-23,37.79999923706055,38.75,36.20000076293945,36.650001525878906,36.1088981628418,1908697
2015-01-27,36.849998474121094,39.70000076293945,36.849998474121094,37.900001525878906,37.3404426574707,885322
2015-01-28,38.0,38.0,35.70000076293945,36.04999923706055,35.51775360107422,294861
2015-01-29,35.95000076293945,36.95000076293945,35.099998474121094,36.0,35.46849060058594,276013
2015-01-30,36.29999923706055,36.45000076293945,34.20000076293945,34.650001525878906,34.13842010498047,341515
2015-02-02,35.0,36.900001525878906,34.650001525878906,35.900001525878906,35.369964599609375,431317
2015-02-03,36.349998474121094,36.349998474121094,35.04999923706055,35.25,34.72956848144531,199473
2015-02-04,35.29999923706055,37.599998474121094,35.29999923706055,36.25,35.71479797363281,1072240
2015-02-05,36.349998474121094,37.20000076293945,35.099998474121094,35.349998474121094,34.82809066772461,262921
2015-02-06,35.099998474121094,35.45000076293945,33.54999923706055,33.95000076293945,33.448760986328125,225932
2015-02-09,33.900001525878906,34.25,32.29999923706055,32.75,32.26647186279297,261982
2015-02-10,32.400001525878906,34.0,32.099998474121094,32.5,32.020164489746094,315534
2015-02-11,32.95000076293945,33.900001525878906,32.5,33.400001525878906,32.90687561035156,207991
2015-02-12,33.900001525878906,34.29999923706055,32.95000076293945,33.79999923706055,33.30097198486328,247419
2015-02-13,33.75,34.54999923706055,33.5,33.849998474121094,33.3502311706543,253204
2015-02-16,33.849998474121094,33.849998474121094,33.04999923706055,33.29999923706055,32.80835723876953,184133
2015-02-18,33.04999923706055,33.75,32.54999923706055,32.900001525878906,32.41426467895508,228892
2015-02-19,32.849998474121094,33.5,32.5,32.79999923706055,32.315738677978516,159817
2015-02-20,32.75,33.20000076293945,31.600000381469727,32.150001525878906,31.67533302307129,275115
2015-02-23,32.150001525878906,32.349998474121094,31.200000762939453,31.5,31.034929275512695,198592
2015-02-24,31.549999237060547,31.549999237060547,28.649999618530273,29.649999618530273,29.21224594116211,561208
2015-02-25,29.950000762939453,30.25,28.75,28.899999618530273,28.473316192626953,294562
2015-02-26,28.75,28.950000762939453,27.049999237060547,27.299999237060547,26.896936416625977,388308
2015-02-27,27.600000381469727,28.450000762939453,27.0,28.149999618530273,27.734390258789062,387556
2015-03-02,30.0,34.900001525878906,29.399999618530273,34.900001525878906,34.38473129272461,1250928
2015-03-03,36.0,40.5,35.79999923706055,38.400001525878906,37.833065032958984,4345270
2015-03-04,39.0,39.95000076293945,36.0,37.54999923706055,36.99560546875,2400272
2015-03-05,37.79999923706055,38.5,36.70000076293945,37.79999923706055,37.24191665649414,508787
2015-03-09,37.349998474121094,39.0,36.54999923706055,37.349998474121094,36.79855728149414,604219
2015-03-10,37.70000076293945,39.099998474121094,37.400001525878906,37.70000076293945,37.143394470214844,641891
2015-03-11,38.45000076293945,38.45000076293945,36.54999923706055,36.95000076293945,36.40446472167969,305020
2015-03-12,37.25,37.849998474121094,36.54999923706055,36.849998474121094,36.305946350097656,375897
2015-03-13,37.150001525878906,38.45000076293945,36.5,36.70000076293945,36.15815734863281,585173
2015-03-16,37.099998474121094,38.0,35.04999923706055,37.45000076293945,36.8970832824707,657381
2015-03-17,38.70000076293945,42.849998474121094,37.79999923706055,40.349998474121094,39.75426483154297,4558546
2015-03-18,40.29999923706055,43.45000076293945,39.25,41.900001525878906,41.28138732910156,3223914
2015-03-19,42.29999923706055,43.95000076293945,40.70000076293945,41.25,40.6409797668457,1980368
2015-03-20,41.0,42.150001525878906,37.099998474121094,37.79999923706055,37.24191665649414,1561513
2015-03-23,38.900001525878906,39.349998474121094,37.25,37.849998474121094,37.291175842285156,667220
2015-03-24,38.25,38.79999923706055,37.0,37.29999923706055,36.749298095703125,603973
2015-03-25,37.599998474121094,37.900001525878906,36.150001525878906,36.349998474121094,35.81332015991211,348060
2015-03-26,35.95000076293945,36.0,34.20000076293945,34.349998474121094,33.84285354614258,616008
2015-03-27,34.70000076293945,35.70000076293945,32.95000076293945,33.349998474121094,32.85761260986328,580858
2015-03-30,34.099998474121094,36.400001525878906,34.099998474121094,35.900001525878906,35.369964599609375,560189
2015-03-31,36.400001525878906,37.900001525878906,36.04999923706055,36.900001525878906,36.35520935058594,627464
2015-04-01,37.25,37.95000076293945,37.099998474121094,37.849998474121094,37.291175842285156,414817
2015-04-06,37.95000076293945,39.5,37.95000076293945,38.900001525878906,38.325679779052734,670388
2015-04-07,38.95000076293945,39.5,37.900001525878906,38.900001525878906,38.325679779052734,510032
2015-04-08,39.20000076293945,40.900001525878906,38.95000076293945,39.75,39.16313171386719,1091688
2015-04-09,39.900001525878906,40.29999923706055,38.150001525878906,38.599998474121094,38.03010559082031,468384
2015-04-10,38.75,38.900001525878906,38.0,38.150001525878906,37.58675765991211,527303
2015-04-13,38.400001525878906,39.599998474121094,38.0,39.0,38.424198150634766,616610
2015-04-15,39.150001525878906,39.5,37.650001525878906,38.0,37.43896484375,391568
2015-04-16,38.0,38.25,36.75,37.25,36.700035095214844,342289
2015-04-17,36.95000076293945,37.95000076293945,36.5,36.75,36.20741653442383,289431
2015-04-20,36.900001525878906,37.0,34.5,35.349998474121094,34.82809066772461,417198
2015-04-21,35.650001525878906,36.099998474121094,34.5,34.95000076293945,34.433990478515625,327447
2015-04-22,35.29999923706055,35.70000076293945,34.099998474121094,34.75,34.23694610595703,309836
2015-04-23,35.29999923706055,35.45000076293945,33.900001525878906,34.45000076293945,33.94137191772461,436254
2015-04-24,34.70000076293945,34.70000076293945,33.400001525878906,33.70000076293945,33.202449798583984,364908
2015-04-27,33.849998474121094,34.349998474121094,32.0,32.5,32.020164489746094,466168
2015-04-28,32.5,34.400001525878906,32.04999923706055,33.75,33.251712799072266,294755
2015-04-29,33.849998474121094,34.70000076293945,33.5,34.04999923706055,33.547279357910156,212429
2015-04-30,33.400001525878906,34.400001525878906,33.349998474121094,33.75,33.251712799072266,197840
2015-05-04,34.400001525878906,35.29999923706055,34.20000076293945,34.900001525878906,34.38473129272461,216944
2015-05-05,34.900001525878906,35.400001525878906,34.29999923706055,34.54999923706055,34.03989791870117,227739
2015-05-06,34.099998474121094,34.349998474121094,30.100000381469727,32.70000076293945,32.21721267700195,713562
2015-05-07,32.75,32.900001525878906,31.299999237060547,31.899999618530273,31.42902374267578,211684
2015-05-08,32.25,32.95000076293945,32.04999923706055,32.400001525878906,31.92164421081543,146229
2015-05-11,32.849998474121094,33.20000076293945,32.400001525878906,32.95000076293945,32.46352005004883,184319
2015-05-12,33.150001525878906,33.150001525878906,31.25,31.549999237060547,31.084192276000977,184576
2015-05-13,31.950000762939453,32.400001525878906,31.0,31.700000762939453,31.231977462768555,205699
2015-05-14,31.649999618530273,32.400001525878906,31.200000762939453,31.799999237060547,31.33049964904785,128495
2015-05-15,34.75,36.25,33.20000076293945,34.900001525878906,34.38473129272461,1828546
2015-05-18,34.900001525878906,36.099998474121094,34.0,35.349998474121094,34.82809066772461,750567
2015-05-19,35.400001525878906,35.95000076293945,34.54999923706055,35.400001525878906,34.87735366821289,732647
2015-05-20,36.400001525878906,37.5,35.900001525878906,37.04999923706055,36.502994537353516,1712974
2015-05-21,37.29999923706055,38.45000076293945,36.400001525878906,36.650001525878906,36.1088981628418,934606
2015-05-22,36.5,36.650001525878906,35.599998474121094,35.849998474121094,35.32070541381836,334252
2015-05-25,35.75,36.0,34.599998474121094,34.849998474121094,34.335472106933594,249565
2015-05-26,35.0,35.0,33.95000076293945,34.150001525878906,33.645809173583984,260946
2015-05-27,33.95000076293945,34.70000076293945,33.0,33.75,33.251712799072266,400750
2015-05-28,34.20000076293945,34.400001525878906,33.20000076293945,33.70000076293945,33.202449798583984,278410
2015-05-29,33.29999923706055,34.599998474121094,33.29999923706055,33.79999923706055,33.30097198486328,346217
2015-06-01,33.95000076293945,33.95000076293945,32.900001525878906,33.5,33.00540542602539,244851
2015-06-02,33.5,33.5,32.5,32.75,32.26647186279297,233990
2015-06-03,32.75,32.75,30.600000381469727,31.549999237060547,31.084192276000977,395031
2015-06-04,32.400001525878906,32.400001525878906,30.700000762939453,31.049999237060547,30.591575622558594,253544
2015-06-05,31.049999237060547,32.29999923706055,30.450000762939453,31.100000381469727,30.640838623046875,278046
2015-06-08,31.700000762939453,31.700000762939453,30.649999618530273,30.950000762939453,30.493051528930664,151393
2015-06-09,31.0,31.299999237060547,30.0,30.200000762939453,29.75412368774414,211225
2015-06-10,30.450000762939453,31.450000762939453,30.25,31.299999237060547,30.8378849029541,214883
2015-06-11,31.450000762939453,32.400001525878906,29.899999618530273,30.299999237060547,29.852645874023438,362599
2015-06-12,29.799999237060547,30.5,28.700000762939453,29.25,28.818147659301758,334995
2015-06-15,29.350000381469727,29.899999618530273,28.799999237060547,29.200000762939453,28.768888473510742,255646
2015-06-16,29.200000762939453,29.799999237060547,28.450000762939453,29.299999237060547,28.867408752441406,311399
2015-06-17,29.649999618530273,30.75,29.350000381469727,30.299999237060547,29.852645874023438,308204
2015-06-18,30.5,32.349998474121094,30.350000381469727,32.04999923706055,31.576810836791992,635597
2015-06-19,32.79999923706055,33.849998474121094,32.5,32.650001525878906,32.1679573059082,1011683
2015-06-22,33.0,33.20000076293945,32.5,32.650001525878906,32.1679573059082,274834
2015-06-23,32.75,32.849998474121094,31.75,31.899999618530273,31.42902374267578,233715
2015-06-24,31.600000381469727,33.79999923706055,31.600000381469727,32.95000076293945,32.46352005004883,567977
2015-06-25,34.20000076293945,34.349998474121094,33.400001525878906,33.75,33.251712799072266,1092849
2015-06-26,33.75,33.75,32.54999923706055,33.04999923706055,32.56204605102539,292792
2015-06-29,31.75,32.0,30.25,31.600000381469727,31.133453369140625,276667
2015-06-30,32.54999923706055,34.70000076293945,32.5,34.04999923706055,33.547279357910156,847413
2015-07-01,34.0,35.400001525878906,33.900001525878906,34.349998474121094,33.84285354614258,541607
2015-07-02,34.599998474121094,34.79999923706055,33.5,33.75,33.251712799072266,228235
2015-07-03,33.900001525878906,34.150001525878906,33.0,33.150001525878906,32.66056823730469,198343
2015-07-06,32.099998474121094,34.95000076293945,32.099998474121094,34.70000076293945,34.187679290771484,560662
2015-07-07,35.0,36.900001525878906,34.54999923706055,35.29999923706055,34.77882385253906,1227539
2015-07-08,34.849998474121094,36.900001525878906,34.599998474121094,35.45000076293945,34.926612854003906,608558
2015-07-09,35.54999923706055,37.20000076293945,35.54999923706055,36.150001525878906,35.61627960205078,888393
2015-07-10,36.5,37.900001525878906,36.5,36.849998474121094,36.305946350097656,1104898
2015-07-13,37.45000076293945,37.95000076293945,36.900001525878906,37.20000076293945,36.6507682800293,684610
2015-07-14,37.25,37.5,36.54999923706055,36.79999923706055,36.25667953491211,305905
2015-07-15,36.95000076293945,37.849998474121094,36.25,36.45000076293945,35.91184997558594,443834
2015-07-16,36.5,36.95000076293945,35.29999923706055,35.45000076293945,34.926612854003906,309511
2015-07-17,35.70000076293945,36.70000076293945,35.0,36.099998474121094,35.567012786865234,624280
2015-07-20,36.29999923706055,36.75,35.04999923706055,35.45000076293945,34.926612854003906,493592
2015-07-21,35.5,36.04999923706055,32.79999923706055,33.70000076293945,33.202449798583984,483620
2015-07-22,33.400001525878906,34.5,33.04999923706055,34.20000076293945,33.695068359375,224317
2015-07-23,34.54999923706055,34.849998474121094,33.5,33.70000076293945,33.202449798583984,238756
2015-07-24,33.95000076293945,34.45000076293945,33.25,33.5,33.00540542602539,206331
2015-07-27,33.5,35.650001525878906,32.5,34.04999923706055,33.547279357910156,452359
2015-07-28,34.45000076293945,34.70000076293945,32.849998474121094,33.95000076293945,33.448760986328125,441355
2015-07-29,34.25,36.900001525878906,34.04999923706055,36.5,35.96110916137695,1336509
2015-07-30,38.0,38.0,34.75,35.45000076293945,34.926612854003906,2017584
2015-07-31,35.849998474121094,36.400001525878906,35.29999923706055,35.599998474121094,35.074398040771484,398098
2015-08-03,35.79999923706055,36.5,35.54999923706055,36.04999923706055,35.51775360107422,378675
2015-08-04,35.5,39.70000076293945,35.5,39.400001525878906,38.81829833984375,3945590
2015-08-05,39.70000076293945,42.400001525878906,39.599998474121094,39.95000076293945,39.36017608642578,3459332
2015-08-06,40.20000076293945,42.0,38.849998474121094,40.20000076293945,39.606483459472656,1520507
2015-08-07,40.20000076293945,40.70000076293945,38.150001525878906,38.54999923706055,37.980838775634766,675390
2015-08-10,38.900001525878906,40.0,38.20000076293945,38.599998474121094,38.03010559082031,604338
2015-08-11,38.650001525878906,41.45000076293945,38.5,40.349998474121094,39.75426483154297,1826256
2015-08-12,39.75,41.75,38.70000076293945,39.349998474121094,38.76903533935547,1464030
2015-08-13,39.75,40.650001525878906,36.20000076293945,36.70000076293945,36.15815734863281,791671
2015-08-14,37.29999923706055,40.0,36.70000076293945,39.099998474121094,38.52272415161133,1167552
2015-08-17,39.5,40.20000076293945,38.599998474121094,38.849998474121094,38.27641296386719,774396
2015-08-18,38.5,41.150001525878906,38.45000076293945,40.349998474121094,39.75426483154297,1180050
2015-08-19,40.900001525878906,47.849998474121094,40.79999923706055,47.150001525878906,46.45387649536133,9481658
2015-08-20,46.75,49.400001525878906,45.54999923706055,46.849998474121094,46.158294677734375,7272268
2015-08-21,45.0,46.5,44.0,45.650001525878906,44.97602081298828,2434906
2015-08-24,43.900001525878906,43.900001525878906,36.54999923706055,36.79999923706055,36.25667953491211,3544275
2015-08-25,38.599998474121094,39.25,34.45000076293945,38.25,37.685272216796875,1811669
2015-08-26,37.900001525878906,39.79999923706055,36.0,37.79999923706055,37.24191665649414,878254
2015-08-27,39.150001525878906,41.0,38.79999923706055,40.45000076293945,39.85279083251953,1096019
2015-08-28,41.25,42.400001525878906,39.04999923706055,39.54999923706055,38.96607971191406,1042365
2015-08-31,39.099998474121094,41.150001525878906,38.79999923706055,39.650001525878906,39.064605712890625,618689
2015-09-01,38.75,39.70000076293945,36.5,37.75,37.192657470703125,871068
2015-09-02,38.349998474121094,39.0,37.599998474121094,38.0,37.43896484375,503729
2015-09-03,38.79999923706055,39.29999923706055,38.04999923706055,38.29999923706055,37.734535217285156,464712
2015-09-04,38.04999923706055,38.349998474121094,36.099998474121094,36.70000076293945,36.15815734863281,562663
2015-09-07,37.04999923706055,37.79999923706055,35.0,35.20000076293945,34.68030548095703,368047
2015-09-08,36.0,36.29999923706055,33.849998474121094,35.45000076293945,34.926612854003906,600982
2015-09-09,36.650001525878906,37.0,35.349998474121094,35.70000076293945,35.17292404174805,688222
2015-09-10,34.599998474121094,36.5,34.150001525878906,36.29999923706055,35.764060974121094,510115
2015-09-11,36.95000076293945,37.400001525878906,35.650001525878906,36.0,35.46849060058594,500330
2015-09-14,36.400001525878906,37.29999923706055,36.150001525878906,37.0,36.4537239074707,398936
2015-09-15,37.20000076293945,37.54999923706055,36.0,36.29999923706055,35.764060974121094,288741
2015-09-16,36.849998474121094,36.900001525878906,35.45000076293945,35.900001525878906,35.369964599609375,306044
2015-09-18,36.5,37.400001525878906,36.400001525878906,36.70000076293945,36.15815734863281,316238
2015-09-21,36.29999923706055,38.79999923706055,35.95000076293945,38.349998474121094,37.78379440307617,573961
2015-09-22,38.70000076293945,39.349998474121094,37.0,37.45000076293945,36.99354553222656,534003
2015-09-23,37.0,38.900001525878906,36.5,38.349998474121094,37.88257598876953,451354
2015-09-24,38.599998474121094,39.349998474121094,37.900001525878906,38.150001525878906,37.68502426147461,384551
2015-09-28,38.099998474121094,39.20000076293945,37.599998474121094,38.0,37.53684616088867,353484
2015-09-29,37.400001525878906,38.150001525878906,36.75,37.5,37.042938232421875,310551
2015-09-30,37.25,38.650001525878906,37.25,38.150001525878906,37.68502426147461,325667
2015-10-01,38.79999923706055,40.5,37.650001525878906,40.150001525878906,39.66063690185547,1550452
2015-10-05,40.70000076293945,42.099998474121094,40.650001525878906,41.650001525878906,41.14236068725586,1415406
2015-10-06,42.0,43.5,41.400001525878906,42.650001525878906,42.13017654418945,1751865
2015-10-07,43.04999923706055,44.70000076293945,42.849998474121094,43.95000076293945,43.41432571411133,1638572
2015-10-08,44.0,47.900001525878906,44.0,46.25,45.68628692626953,3393944
2015-10-09,46.75,47.650001525878906,43.599998474121094,44.45000076293945,43.908233642578125,1365547
2015-10-12,45.0,46.349998474121094,43.400001525878906,44.900001525878906,44.35274887084961,951874
2015-10-13,45.04999923706055,45.400001525878906,43.849998474121094,44.5,43.957618713378906,679917
2015-10-14,44.54999923706055,45.900001525878906,43.79999923706055,44.099998474121094,43.562496185302734,746990
2015-10-15,44.400001525878906,44.79999923706055,43.599998474121094,43.900001525878906,43.36493682861328,455239
2015-10-16,44.150001525878906,44.900001525878906,43.400001525878906,43.70000076293945,43.1673698425293,687677
2015-10-19,43.900001525878906,47.70000076293945,43.599998474121094,46.849998474121094,46.27897262573242,2122128
2015-10-20,47.400001525878906,49.0,46.25,48.45000076293945,47.85948181152344,3169055
2015-10-21,48.900001525878906,53.75,48.79999923706055,52.54999923706055,51.90950393676758,8493566
2015-10-23,53.0,55.29999923706055,52.54999923706055,53.349998474121094,52.69974899291992,5246855
2015-10-26,53.5,53.54999923706055,50.400001525878906,51.599998474121094,50.9710807800293,2756182
2015-10-27,50.79999923706055,55.349998474121094,50.75,54.29999923706055,53.6381721496582,4446927
2015-10-28,53.900001525878906,58.349998474121094,53.5,57.45000076293945,56.749786376953125,5434856
2015-10-29,57.70000076293945,58.650001525878906,54.099998474121094,54.79999923706055,54.132083892822266,2924516
2015-10-30,54.95000076293945,56.400001525878906,52.599998474121094,53.70000076293945,53.04549026489258,1686495
2015-11-02,53.70000076293945,54.29999923706055,50.650001525878906,51.95000076293945,51.31681823730469,1548486
2015-11-03,52.400001525878906,54.25,52.29999923706055,52.849998474121094,52.20584487915039,1615962
2015-11-04,53.29999923706055,53.75,50.79999923706055,51.349998474121094,50.72412872314453,858805
2015-11-05,51.25,51.45000076293945,48.0,48.25,47.66191864013672,1303776
2015-11-06,48.54999923706055,49.70000076293945,48.0,48.150001525878906,47.563133239746094,761911
2015-11-09,47.45000076293945,53.54999923706055,46.0,52.900001525878906,52.2552375793457,2170560
2015-11-10,52.900001525878906,54.20000076293945,51.20000076293945,51.650001525878906,51.020477294921875,1397285
2015-11-13,52.70000076293945,54.099998474121094,51.599998474121094,52.099998474121094,51.464988708496094,889889
2015-11-16,51.5,51.5,48.29999923706055,49.54999923706055,48.946067810058594,1272985
2015-11-17,49.95000076293945,51.349998474121094,49.25,50.150001525878906,49.53875732421875,1038983
2015-11-18,50.29999923706055,54.5,49.70000076293945,51.75,51.11925506591797,2853221
2015-11-19,52.20000076293945,53.79999923706055,51.25,51.70000076293945,51.069862365722656,1277332
2015-11-20,51.29999923706055,52.150001525878906,50.400001525878906,50.75,50.13144302368164,1039811
2015-11-23,51.0,52.900001525878906,50.79999923706055,52.400001525878906,51.76133346557617,1508464
2015-11-24,52.5,56.400001525878906,52.45000076293945,55.150001525878906,54.477821350097656,3516872
2015-11-26,55.400001525878906,57.0,54.150001525878906,54.95000076293945,54.28025436401367,1645273
2015-11-27,55.20000076293945,55.5,52.349998474121094,53.04999923706055,52.403404235839844,1310295
2015-11-30,53.0,54.599998474121094,53.0,54.0,53.341827392578125,892769
2015-12-01,54.20000076293945,56.45000076293945,53.29999923706055,55.400001525878906,54.724769592285156,1623675
2015-12-02,55.79999923706055,59.599998474121094,55.45000076293945,58.599998474121094,57.88576126098633,6069363
2015-12-03,58.79999923706055,60.20000076293945,57.0,57.5,56.799171447753906,2354682
2015-12-04,56.849998474121094,59.599998474121094,56.04999923706055,57.099998474121094,56.40404510498047,2139104
2015-12-07,57.900001525878906,60.849998474121094,57.599998474121094,60.349998474121094,59.61443328857422,3976625
2015-12-08,60.45000076293945,60.900001525878906,57.099998474121094,57.349998474121094,56.650997161865234,1998196
2015-12-09,57.0,57.349998474121094,52.099998474121094,52.75,52.1070671081543,2505236
2015-12-10,53.04999923706055,55.70000076293945,52.20000076293945,55.25,54.576595306396484,1831987
2015-12-11,55.45000076293945,55.45000076293945,52.400001525878906,54.0,53.341827392578125,1268218
2015-12-14,52.5,55.099998474121094,52.5,54.5,53.83573913574219,866856
2015-12-15,54.04999923706055,55.650001525878906,54.0,55.04999923706055,54.37903594970703,846010
2015-12-16,55.04999923706055,56.099998474121094,53.5,53.70000076293945,53.04549026489258,1326294
2015-12-17,54.25,55.45000076293945,54.25,55.099998474121094,54.42842102050781,1006353
2015-12-18,54.75,56.29999923706055,54.5,54.849998474121094,54.18146896362305,1294307
2015-12-21,54.45000076293945,57.79999923706055,54.45000076293945,57.349998474121094,56.650997161865234,1708541
2015-12-22,57.79999923706055,58.099998474121094,55.79999923706055,56.54999923706055,55.86075210571289,921634
2015-12-23,57.0,57.70000076293945,56.0,56.29999923706055,55.613800048828125,713744
2015-12-24,56.650001525878906,57.45000076293945,55.900001525878906,56.79999923706055,56.107704162597656,945556
2015-12-28,56.95000076293945,57.79999923706055,56.70000076293945,57.04999923706055,56.35465621948242,633681
2015-12-29,57.400001525878906,57.70000076293945,54.04999923706055,54.599998474121094,53.934513092041016,841009
2015-12-30,54.79999923706055,55.599998474121094,53.79999923706055,54.29999923706055,53.6381721496582,702278
2015-12-31,54.5,55.0,53.650001525878906,54.150001525878906,53.4900016784668,492237
2016-01-01,54.0,55.20000076293945,54.0,54.70000076293945,54.03329849243164,494511
2016-01-04,54.150001525878906,54.70000076293945,52.5,53.099998474121094,52.452796936035156,674731
2016-01-05,53.599998474121094,55.79999923706055,53.5,55.25,54.576595306396484,1348841
2016-01-06,56.0,57.400001525878906,54.900001525878906,55.599998474121094,54.922325134277344,1819972
2016-01-07,54.95000076293945,54.95000076293945,52.20000076293945,52.900001525878906,52.2552375793457,862850
2016-01-08,53.5,54.400001525878906,53.04999923706055,53.650001525878906,52.996097564697266,430036
2016-01-11,52.5,53.54999923706055,51.650001525878906,52.54999923706055,51.90950393676758,493307
2016-01-12,52.79999923706055,53.900001525878906,50.25,51.54999923706055,50.921688079833984,700113
2016-01-13,52.150001525878906,52.400001525878906,41.54999923706055,45.20000076293945,44.64909362792969,3070908
2016-01-14,43.0,46.5,42.099998474121094,44.75,44.20457077026367,1396980
2016-01-15,45.29999923706055,45.900001525878906,42.0,42.150001525878906,41.63626480102539,1036612
2016-01-18,41.95000076293945,41.95000076293945,35.04999923706055,36.099998474121094,35.65999984741211,1250552
2016-01-19,36.95000076293945,39.70000076293945,35.29999923706055,39.5,39.01856231689453,1047750
2016-01-20,38.29999923706055,39.099998474121094,36.79999923706055,38.04999923706055,37.58623504638672,714911
2016-01-21,39.400001525878906,41.400001525878906,38.29999923706055,39.400001525878906,38.91978454589844,733637
2016-01-22,40.400001525878906,41.150001525878906,39.650001525878906,40.400001525878906,39.907596588134766,501115
2016-01-25,41.0,42.150001525878906,40.5,41.650001525878906,41.14236068725586,559603
2016-01-27,42.04999923706055,42.70000076293945,40.75,41.099998474121094,40.59906005859375,388188
2016-01-28,41.54999923706055,45.20000076293945,40.95000076293945,44.5,43.957618713378906,1372262
2016-01-29,45.0,45.849998474121094,43.849998474121094,44.79999923706055,44.253963470458984,799034
2016-02-01,45.20000076293945,47.25,44.150001525878906,46.599998474121094,46.032020568847656,1013546
2016-02-02,46.45000076293945,47.849998474121094,44.650001525878906,45.0,44.45152282714844,685428
2016-02-03,43.900001525878906,43.900001525878906,41.5,42.29999923706055,41.7844352722168,600873
2016-02-04,43.45000076293945,43.900001525878906,40.79999923706055,41.95000076293945,41.43870544433594,471817
2016-02-05,41.29999923706055,43.900001525878906,41.29999923706055,43.45000076293945,42.92041778564453,408999
2016-02-08,44.04999923706055,44.29999923706055,42.54999923706055,42.95000076293945,42.426513671875,393833
2016-02-09,41.5,42.20000076293945,41.0,41.599998474121094,41.09296417236328,348950
2016-02-10,41.650001525878906,41.79999923706055,39.25,40.20000076293945,39.71002960205078,348202
2016-02-11,40.29999923706055,40.45000076293945,36.04999923706055,36.75,36.30207824707031,543492
2016-02-12,37.29999923706055,37.95000076293945,34.70000076293945,36.599998474121094,36.153907775878906,411930
2016-02-15,37.95000076293945,39.099998474121094,37.599998474121094,38.70000076293945,38.228309631347656,387434
2016-02-16,39.54999923706055,40.150001525878906,37.04999923706055,37.25,36.795982360839844,274841
2016-02-17,37.5,37.70000076293945,35.25,36.75,36.30207824707031,357470
2016-02-18,37.900001525878906,38.0,36.5,36.900001525878906,36.45025634765625,247559
2016-02-19,38.0,38.349998474121094,35.099998474121094,36.25,35.808170318603516,489298
2016-02-22,37.0,37.0,35.900001525878906,36.5,36.05512619018555,239280
2016-02-23,36.5,36.5,35.25,35.75,35.314266204833984,211776
2016-02-24,35.54999923706055,35.900001525878906,34.79999923706055,35.400001525878906,34.968536376953125,240986
2016-02-25,35.5,35.79999923706055,34.900001525878906,35.04999923706055,34.622798919677734,254392
2016-02-26,35.349998474121094,35.79999923706055,34.0,34.5,34.07950210571289,245676
2016-02-29,35.099998474121094,35.099998474121094,32.0,33.04999923706055,32.64717483520508,377521
2016-03-01,33.75,37.5,33.29999923706055,37.04999923706055,36.598426818847656,615874
2016-03-02,37.70000076293945,39.25,37.70000076293945,38.79999923706055,38.32708740234375,609343
2016-03-03,39.29999923706055,39.29999923706055,37.70000076293945,38.54999923706055,38.080135345458984,365322
2016-03-04,38.54999923706055,40.45000076293945,37.70000076293945,39.349998474121094,38.870391845703125,678233
2016-03-08,39.0,40.849998474121094,38.5,39.79999923706055,39.314903259277344,879775
2016-03-09,39.099998474121094,42.0,38.400001525878906,41.150001525878906,40.64845275878906,1221890
2016-03-10,41.5,42.25,40.54999923706055,41.099998474121094,40.59906005859375,575169
2016-03-11,41.0,42.099998474121094,40.20000076293945,41.150001525878906,40.64845275878906,508400
2016-03-14,41.29999923706055,41.650001525878906,39.099998474121094,39.70000076293945,39.21612548828125,703790
2016-03-15,39.75,39.75,37.150001525878906,37.900001525878906,37.43806457519531,479504
2016-03-16,37.900001525878906,40.29999923706055,36.79999923706055,39.79999923706055,39.314903259277344,796129
2016-03-17,40.20000076293945,40.45000076293945,39.0,39.150001525878906,38.672828674316406,452281
2016-03-18,39.5,39.650001525878906,38.25,38.650001525878906,38.178924560546875,256717
2016-03-21,38.95000076293945,38.95000076293945,37.099998474121094,37.45000076293945,36.99354553222656,472905
2016-03-22,37.400001525878906,38.650001525878906,37.20000076293945,37.849998474121094,37.388668060302734,394749
2016-03-23,37.75,38.20000076293945,37.20000076293945,37.349998474121094,36.8947639465332,385178
2016-03-28,37.849998474121094,37.849998474121094,35.29999923706055,36.099998474121094,35.65999984741211,869633
2016-03-29,36.5,37.20000076293945,34.650001525878906,36.349998474121094,35.906951904296875,977211
2016-03-30,36.400001525878906,37.5,36.400001525878906,37.150001525878906,36.697208404541016,381891
2016-03-31,37.45000076293945,39.0,36.849998474121094,38.29999923706055,37.833187103271484,824727
2016-04-01,38.45000076293945,39.400001525878906,38.0,39.04999923706055,38.57404708862305,530532
2016-04-04,39.29999923706055,39.599998474121094,38.650001525878906,38.900001525878906,38.42587661743164,333129
2016-04-05,38.5,38.849998474121094,37.25,37.5,37.042938232421875,266482
2016-04-06,37.70000076293945,38.29999923706055,37.0,37.900001525878906,37.43806457519531,250378
2016-04-07,38.0,38.5,37.45000076293945,37.95000076293945,37.48745346069336,435187
2016-04-08,38.0,38.0,37.29999923706055,37.45000076293945,36.99354553222656,279688
2016-04-11,37.75,38.20000076293945,37.150001525878906,37.849998474121094,37.388668060302734,360520
2016-04-12,38.0,38.75,37.70000076293945,38.099998474121094,37.635623931884766,297935
2016-04-13,38.400001525878906,39.20000076293945,37.79999923706055,38.04999923706055,37.58623504638672,648235
2016-04-18,38.599998474121094,38.599998474121094,37.5,38.0,37.53684616088867,244658
2016-04-20,38.20000076293945,38.29999923706055,37.20000076293945,37.70000076293945,37.240501403808594,491879
2016-04-21,37.70000076293945,38.75,37.20000076293945,37.29999923706055,36.845375061035156,715210
2016-04-22,37.45000076293945,37.900001525878906,37.04999923706055,37.45000076293945,36.99354553222656,319091
2016-04-25,37.20000076293945,37.75,37.0,37.25,36.795982360839844,191928
2016-04-26,37.400001525878906,37.75,37.04999923706055,37.54999923706055,37.09232711791992,286992
2016-04-27,37.650001525878906,37.650001525878906,37.099998474121094,37.29999923706055,36.845375061035156,258118
2016-04-28,37.29999923706055,39.95000076293945,37.20000076293945,38.849998474121094,38.37648391723633,1824546
2016-04-29,39.349998474121094,39.599998474121094,38.0,38.54999923706055,38.080135345458984,403401
2016-05-02,38.5,40.5,37.599998474121094,40.0,39.51246643066406,1028598
2016-05-03,40.04999923706055,40.349998474121094,38.599998474121094,38.900001525878906,38.42587661743164,623318
2016-05-04,38.75,39.099998474121094,37.5,37.599998474121094,37.14171600341797,313693
2016-05-05,37.900001525878906,38.04999923706055,37.150001525878906,37.70000076293945,37.240501403808594,476729
2016-05-06,37.900001525878906,38.400001525878906,37.5,38.20000076293945,37.734405517578125,649770
2016-05-09,38.599998474121094,39.25,38.29999923706055,38.650001525878906,38.178924560546875,418041
2016-05-10,38.900001525878906,40.849998474121094,38.04999923706055,40.099998474121094,39.611244201660156,1302431
2016-05-11,39.5,39.70000076293945,38.650001525878906,39.04999923706055,38.57404708862305,512583
2016-05-12,39.150001525878906,39.45000076293945,38.75,39.150001525878906,38.672828674316406,252067
2016-05-13,38.79999923706055,39.29999923706055,38.70000076293945,38.900001525878906,38.42587661743164,253923
2016-05-16,38.599998474121094,39.20000076293945,38.400001525878906,38.75,38.27770233154297,182790
2016-05-17,38.849998474121094,39.849998474121094,38.400001525878906,39.349998474121094,38.870391845703125,399871
2016-05-18,39.349998474121094,41.0,38.70000076293945,40.400001525878906,39.907596588134766,1021822
2016-05-19,40.45000076293945,40.45000076293945,38.70000076293945,38.900001525878906,38.42587661743164,401760
2016-05-20,38.900001525878906,39.0,37.599998474121094,37.95000076293945,37.48745346069336,282085
2016-05-23,38.0,38.45000076293945,37.29999923706055,37.45000076293945,36.99354553222656,277644
2016-05-24,37.599998474121094,37.650001525878906,36.400001525878906,36.900001525878906,36.45025634765625,439552
2016-05-25,37.79999923706055,38.0,36.900001525878906,37.650001525878906,37.19111251831055,286151
2016-05-26,37.5,38.04999923706055,37.099998474121094,37.70000076293945,37.240501403808594,287046
2016-05-27,38.04999923706055,38.5,37.599998474121094,37.79999923706055,37.33928298950195,297457
2016-05-30,38.0,38.29999923706055,37.54999923706055,37.79999923706055,37.33928298950195,301520
2016-05-31,37.04999923706055,37.04999923706055,33.400001525878906,35.349998474121094,34.91914367675781,765250
2016-06-01,35.75,36.099998474121094,35.25,35.849998474121094,35.413047790527344,281190
2016-06-02,35.95000076293945,36.400001525878906,35.29999923706055,35.650001525878906,35.21548843383789,227903
2016-06-03,35.95000076293945,35.95000076293945,34.75,35.04999923706055,34.622798919677734,289291
2016-06-06,35.04999923706055,35.150001525878906,34.04999923706055,34.25,33.83255386352539,292394
2016-06-07,34.75,34.75,33.599998474121094,33.849998474121094,33.43742370605469,280705
2016-06-08,33.900001525878906,35.099998474121094,33.45000076293945,34.54999923706055,34.12889099121094,523257
2016-06-09,34.79999923706055,34.79999923706055,34.04999923706055,34.400001525878906,33.98072052001953,292814
2016-06-10,34.650001525878906,35.0,34.20000076293945,34.650001525878906,34.2276725769043,285741
2016-06-13,34.349998474121094,34.75,33.54999923706055,33.95000076293945,33.53620910644531,273470
2016-06-14,33.95000076293945,34.70000076293945,33.599998474121094,34.29999923706055,33.88193893432617,279611
2016-06-15,34.70000076293945,34.70000076293945,34.04999923706055,34.5,34.07950210571289,192281
2016-06-16,34.54999923706055,35.0,33.849998474121094,34.54999923706055,34.12889099121094,324638
2016-06-17,34.849998474121094,35.0,34.20000076293945,34.349998474121094,33.931331634521484,291297
2016-06-20,34.150001525878906,37.20000076293945,34.150001525878906,36.79999923706055,36.351470947265625,983689
2016-06-21,37.099998474121094,37.45000076293945,36.150001525878906,36.400001525878906,35.95634841918945,524420
2016-06-22,36.70000076293945,36.70000076293945,35.5,35.599998474121094,35.16609573364258,223835
2016-06-23,35.70000076293945,36.400001525878906,35.04999923706055,35.349998474121094,34.91914367675781,208718
2016-06-24,34.5,34.70000076293945,33.45000076293945,34.29999923706055,33.88193893432617,362559
2016-06-27,34.650001525878906,35.70000076293945,34.25,35.150001525878906,34.721580505371094,366826
2016-06-28,35.150001525878906,35.79999923706055,34.25,35.25,34.82036590576172,334396
2016-06-29,35.45000076293945,36.45000076293945,35.150001525878906,35.5,35.067317962646484,547328
2016-06-30,35.849998474121094,36.900001525878906,35.599998474121094,36.25,35.808170318603516,597184
2016-07-01,36.29999923706055,37.0,36.0,36.20000076293945,35.758785247802734,563262
2016-07-04,36.25,37.20000076293945,36.20000076293945,36.400001525878906,35.95634841918945,431502
2016-07-05,36.5,38.849998474121094,36.20000076293945,37.650001525878906,37.19111251831055,1392669
2016-07-07,37.650001525878906,38.70000076293945,37.599998474121094,37.75,37.289894104003906,548076
2016-07-08,37.900001525878906,38.54999923706055,37.349998474121094,37.5,37.042938232421875,417349
2016-07-11,38.0,38.45000076293945,37.20000076293945,37.45000076293945,36.99354553222656,413680
2016-07-12,37.70000076293945,37.849998474121094,36.79999923706055,36.95000076293945,36.49964141845703,226879
2016-07-13,37.20000076293945,37.29999923706055,36.20000076293945,36.400001525878906,35.95634841918945,273322
2016-07-14,36.400001525878906,36.650001525878906,35.849998474121094,36.150001525878906,35.70939636230469,270258
2016-07-15,36.25,36.400001525878906,35.5,35.599998474121094,35.16609573364258,167355
2016-07-18,35.650001525878906,36.25,35.099998474121094,35.25,34.82036590576172,225075
2016-07-19,35.5,36.400001525878906,35.29999923706055,35.650001525878906,35.21548843383789,184976
2016-07-20,35.650001525878906,37.650001525878906,35.650001525878906,37.349998474121094,36.8947639465332,675172
2016-07-21,37.45000076293945,37.849998474121094,36.29999923706055,36.45000076293945,36.0057373046875,503833
2016-07-22,36.0,38.0,36.0,37.20000076293945,36.74658966064453,460288
2016-07-25,37.900001525878906,38.20000076293945,37.20000076293945,37.349998474121094,36.8947639465332,654595
2016-07-26,37.599998474121094,37.599998474121094,36.599998474121094,36.75,36.30207824707031,197666
2016-07-27,37.0,38.29999923706055,36.400001525878906,37.54999923706055,37.09232711791992,576595
2016-07-28,37.650001525878906,37.849998474121094,36.54999923706055,36.79999923706055,36.351470947265625,212323
2016-07-29,37.04999923706055,37.25,35.599998474121094,36.04999923706055,35.61061096191406,357531
2016-08-01,36.04999923706055,36.400001525878906,35.45000076293945,35.75,35.314266204833984,206236
2016-08-02,35.849998474121094,36.04999923706055,34.900001525878906,35.04999923706055,34.622798919677734,283939
2016-08-03,35.349998474121094,35.349998474121094,34.5,34.599998474121094,34.178287506103516,219836
2016-08-04,35.0,35.29999923706055,34.25,34.400001525878906,33.98072052001953,215058
2016-08-05,34.70000076293945,35.20000076293945,34.650001525878906,34.900001525878906,34.47462844848633,204965
2016-08-08,35.25,35.400001525878906,34.79999923706055,34.849998474121094,34.42523956298828,178998
2016-08-09,35.04999923706055,35.45000076293945,34.650001525878906,34.79999923706055,34.37584686279297,180621
2016-08-10,34.599998474121094,35.099998474121094,34.5,34.599998474121094,34.178287506103516,177935
2016-08-11,34.900001525878906,35.5,34.599998474121094,35.0,34.57340621948242,257736
2016-08-12,35.20000076293945,35.25,34.70000076293945,34.79999923706055,34.37584686279297,211844
2016-08-16,34.900001525878906,34.900001525878906,34.25,34.29999923706055,33.88193893432617,138251
2016-08-17,34.5,34.650001525878906,34.04999923706055,34.400001525878906,33.98072052001953,211672
2016-08-18,34.650001525878906,35.5,34.45000076293945,35.25,34.82036590576172,374333
2016-08-19,35.0,36.20000076293945,34.900001525878906,35.150001525878906,34.721580505371094,258584
2016-08-22,35.29999923706055,35.650001525878906,34.79999923706055,34.95000076293945,34.52401351928711,152245
2016-08-23,35.150001525878906,35.45000076293945,34.150001525878906,34.5,34.07950210571289,465151
2016-08-24,34.04999923706055,35.29999923706055,34.04999923706055,34.849998474121094,34.42523956298828,475651
2016-08-25,35.25,35.79999923706055,35.04999923706055,35.5,35.067317962646484,412685
2016-08-26,35.70000076293945,38.849998474121094,35.150001525878906,36.849998474121094,36.40086364746094,2389141
2016-08-29,37.29999923706055,37.79999923706055,36.099998474121094,36.5,36.05512619018555,479524
2016-08-30,36.79999923706055,37.400001525878906,36.20000076293945,36.349998474121094,35.906951904296875,357898
2016-08-31,36.650001525878906,37.599998474121094,36.0,36.150001525878906,35.70939636230469,451527
2016-09-01,36.25,36.45000076293945,35.349998474121094,35.599998474121094,35.16609573364258,182822
2016-09-02,35.79999923706055,37.849998474121094,35.79999923706055,37.04999923706055,36.598426818847656,1115371
2016-09-06,37.45000076293945,37.5,36.150001525878906,36.45000076293945,36.0057373046875,378028
2016-09-07,36.349998474121094,37.099998474121094,36.20000076293945,36.45000076293945,36.0057373046875,340028
2016-09-08,36.599998474121094,39.349998474121094,36.349998474121094,38.099998474121094,37.635623931884766,1373255
2016-09-09,38.099998474121094,41.5,37.650001525878906,40.349998474121094,39.85820007324219,4028192
2016-09-12,39.0,39.900001525878906,37.900001525878906,38.150001525878906,37.68502426147461,1104650
2016-09-14,38.099998474121094,40.0,38.099998474121094,39.29999923706055,38.82099914550781,1300233
2016-09-15,39.599998474121094,40.29999923706055,38.75,39.0,38.524654388427734,922486
2016-09-16,39.0,39.79999923706055,37.95000076293945,38.150001525878906,37.68502426147461,668578
2016-09-19,38.5,38.900001525878906,38.04999923706055,38.150001525878906,37.68502426147461,340796
2016-09-20,38.349998474121094,40.0,38.0,38.20000076293945,37.734405517578125,876776
2016-09-21,38.29999923706055,38.70000076293945,37.20000076293945,37.400001525878906,36.94416046142578,511371
2016-09-22,38.099998474121094,38.20000076293945,37.29999923706055,37.650001525878906,37.29082107543945,357037
2016-09-23,37.849998474121094,38.0,37.0,37.099998474121094,36.74606704711914,337102
2016-09-26,37.150001525878906,37.599998474121094,36.150001525878906,36.349998474121094,36.00321960449219,355848
2016-09-27,36.54999923706055,37.75,36.400001525878906,36.650001525878906,36.30036163330078,471316
2016-09-28,36.650001525878906,39.900001525878906,36.650001525878906,39.29999923706055,38.92507553100586,2006787
2016-09-29,39.900001525878906,39.900001525878906,34.70000076293945,35.599998474121094,35.2603759765625,1164763
2016-09-30,35.75,36.75,35.0,36.099998474121094,35.7556037902832,324220
2016-10-03,36.0,37.45000076293945,36.0,37.04999923706055,36.6965446472168,328619
2016-10-04,37.25,37.75,36.75,36.900001525878906,36.54798126220703,279021
2016-10-05,37.0,38.29999923706055,36.70000076293945,37.650001525878906,37.29082107543945,1048443
2016-10-06,37.70000076293945,38.400001525878906,36.900001525878906,37.150001525878906,36.795589447021484,588139
2016-10-07,37.45000076293945,37.75,37.04999923706055,37.25,36.894630432128906,191530
2016-10-10,37.400001525878906,38.04999923706055,37.0,37.25,36.894630432128906,391531
2016-10-13,37.150001525878906,37.25,35.75,36.150001525878906,35.80513000488281,299540
2016-10-14,36.29999923706055,37.20000076293945,36.04999923706055,36.45000076293945,36.10226821899414,340072
2016-10-17,36.849998474121094,36.849998474121094,35.20000076293945,35.400001525878906,35.062286376953125,576132
2016-10-18,35.599998474121094,36.29999923706055,35.599998474121094,35.849998474121094,35.50798797607422,273888
2016-10-19,36.099998474121094,36.849998474121094,35.599998474121094,36.25,35.904170989990234,824633
2016-10-20,36.45000076293945,36.70000076293945,36.0,36.25,35.904170989990234,262214
2016-10-21,36.150001525878906,36.650001525878906,35.79999923706055,36.04999923706055,35.70608139038086,305734
2016-10-24,36.349998474121094,36.599998474121094,35.79999923706055,35.900001525878906,35.55751419067383,366977
2016-10-25,36.29999923706055,36.29999923706055,35.70000076293945,35.79999923706055,35.45846176147461,267602
2016-10-26,35.75,36.349998474121094,35.599998474121094,35.650001525878906,35.30990219116211,278909
2016-10-27,35.95000076293945,36.0,34.79999923706055,34.95000076293945,34.616573333740234,334995
2016-10-28,34.95000076293945,35.5,34.79999923706055,34.900001525878906,34.56705093383789,317500
2016-11-01,35.29999923706055,36.79999923706055,35.099998474121094,36.20000076293945,35.854652404785156,480101
2016-11-02,35.900001525878906,39.70000076293945,35.599998474121094,38.70000076293945,38.3307991027832,3924028
2016-11-03,38.849998474121094,40.54999923706055,37.29999923706055,37.650001525878906,37.29082107543945,2793509
2016-11-04,37.95000076293945,38.25,35.25,35.79999923706055,35.45846176147461,803436
2016-11-07,36.349998474121094,37.349998474121094,36.04999923706055,36.20000076293945,35.854652404785156,564671
2016-11-08,36.25,36.599998474121094,35.0,35.45000076293945,35.11180877685547,359526
2016-11-09,32.400001525878906,34.900001525878906,29.700000762939453,34.70000076293945,34.36895751953125,519779
2016-11-10,35.79999923706055,36.400001525878906,35.25,35.5,35.16133117675781,274759
2016-11-11,34.75,35.599998474121094,34.0,34.25,33.923255920410156,269154
2016-11-15,34.25,34.5,32.099998474121094,32.349998474121094,32.0413818359375,255495
2016-11-16,32.79999923706055,33.25,31.049999237060547,31.25,30.951873779296875,233648
2016-11-17,31.350000381469727,31.700000762939453,30.5,30.700000762939453,30.407121658325195,186354
2016-11-18,31.200000762939453,31.25,29.25,29.450000762939453,29.169048309326172,538159
2016-11-21,29.299999237060547,29.700000762939453,28.5,28.649999618530273,28.376678466796875,207778
2016-11-22,29.0,29.5,28.549999237060547,28.950000762939453,28.673816680908203,142405
2016-11-23,29.450000762939453,30.25,29.200000762939453,30.049999237060547,29.76331901550293,171252
2016-11-24,30.350000381469727,31.299999237060547,29.799999237060547,30.700000762939453,30.407121658325195,163835
2016-11-25,30.700000762939453,32.400001525878906,30.700000762939453,31.700000762939453,31.3975830078125,284316
2016-11-28,31.899999618530273,32.75,31.5,32.20000076293945,31.892812728881836,188170
2016-11-29,32.45000076293945,33.349998474121094,32.150001525878906,32.54999923706055,32.23947525024414,271049
2016-11-30,32.75,33.70000076293945,32.599998474121094,33.150001525878906,32.83374786376953,183364
2016-12-01,33.400001525878906,33.849998474121094,32.599998474121094,32.79999923706055,32.487091064453125,269219
2016-12-02,32.599998474121094,32.650001525878906,31.450000762939453,31.549999237060547,31.249011993408203,125200
2016-12-05,31.799999237060547,32.29999923706055,31.649999618530273,31.950000762939453,31.64519691467285,63421
2016-12-06,32.20000076293945,32.70000076293945,31.75,32.04999923706055,31.74424171447754,59363
2016-12-07,32.099998474121094,32.400001525878906,31.600000381469727,31.799999237060547,31.496627807617188,101636
2016-12-08,32.04999923706055,32.349998474121094,31.799999237060547,32.04999923706055,31.74424171447754,119401
2016-12-09,32.29999923706055,32.5,32.0,32.150001525878906,31.84328842163086,144091
2016-12-12,32.150001525878906,33.70000076293945,32.0,32.900001525878906,32.58613586425781,224405
2016-12-13,32.95000076293945,33.5,32.54999923706055,32.79999923706055,32.487091064453125,176940
2016-12-14,32.95000076293945,33.5,32.099998474121094,32.25,31.942333221435547,210543
2016-12-15,33.45000076293945,36.95000076293945,33.20000076293945,36.349998474121094,36.00321960449219,3625672
2016-12-16,36.75,37.400001525878906,35.5,35.79999923706055,35.45846176147461,1847115
2016-12-19,36.04999923706055,36.20000076293945,34.25,34.599998474121094,34.26991653442383,621949
2016-12-20,34.79999923706055,35.5,33.75,33.900001525878906,33.576595306396484,357330
2016-12-21,34.20000076293945,35.0,33.79999923706055,34.04999923706055,33.725162506103516,327585
2016-12-22,34.0,34.25,33.45000076293945,33.5,33.18041229248047,202152
2016-12-23,33.70000076293945,33.75,33.099998474121094,33.25,32.932796478271484,145763
2016-12-26,33.45000076293945,33.45000076293945,31.899999618530273,32.20000076293945,31.892812728881836,218391
2016-12-27,32.29999923706055,32.849998474121094,31.850000381469727,32.45000076293945,32.14042663574219,234172
2016-12-28,32.45000076293945,33.599998474121094,32.45000076293945,32.70000076293945,32.38804244995117,235145
2016-12-29,32.849998474121094,33.099998474121094,32.45000076293945,32.650001525878906,32.33852005004883,136947
2016-12-30,32.54999923706055,33.25,32.54999923706055,33.0,32.685176849365234,229780
2017-01-02,33.20000076293945,35.79999923706055,33.0,35.54999923706055,35.210853576660156,794108
2017-01-03,35.79999923706055,37.349998474121094,35.29999923706055,35.900001525878906,35.55751419067383,703095
2017-01-04,36.20000076293945,36.349998474121094,35.45000076293945,35.75,35.40894317626953,186323
2017-01-05,36.45000076293945,36.45000076293945,35.5,35.75,35.40894317626953,192079
2017-01-06,35.599998474121094,36.45000076293945,35.5,36.20000076293945,35.854652404785156,359490
2017-01-09,36.400001525878906,36.75,36.0,36.54999923706055,36.20131301879883,259558
2017-01-10,36.400001525878906,37.150001525878906,36.150001525878906,36.849998474121094,36.498451232910156,258800
2017-01-11,37.04999923706055,37.5,36.349998474121094,36.5,36.15178680419922,276085
2017-01-12,36.5,36.5,35.20000076293945,35.349998474121094,35.012760162353516,263420
2017-01-13,35.650001525878906,35.75,34.849998474121094,34.95000076293945,34.616573333740234,166096
2017-01-16,35.04999923706055,35.75,34.900001525878906,35.400001525878906,35.062286376953125,103783
2017-01-17,35.70000076293945,35.70000076293945,35.0,35.099998474121094,34.7651481628418,64883
2017-01-18,34.95000076293945,36.29999923706055,34.900001525878906,35.75,35.40894317626953,179889
2017-01-19,35.75,35.900001525878906,35.099998474121094,35.25,34.91371536254883,112401
2017-01-20,35.25,35.599998474121094,34.099998474121094,34.20000076293945,33.87372970581055,210296
2017-01-23,34.400001525878906,35.20000076293945,34.04999923706055,34.25,33.923255920410156,164936
2017-01-24,34.45000076293945,34.650001525878906,34.04999923706055,34.25,33.923255920410156,107129
2017-01-25,34.45000076293945,34.849998474121094,34.099998474121094,34.25,33.923255920410156,177208
2017-01-27,34.5,36.29999923706055,34.349998474121094,35.29999923706055,34.96323776245117,484340
2017-01-30,35.45000076293945,35.599998474121094,34.900001525878906,35.29999923706055,34.96323776245117,176577
2017-01-31,35.29999923706055,35.5,34.5,34.70000076293945,34.36895751953125,144992
2017-02-01,34.5,35.20000076293945,34.150001525878906,34.95000076293945,34.616573333740234,131879
2017-02-02,34.79999923706055,35.29999923706055,34.349998474121094,34.54999923706055,34.22039031982422,143449
2017-02-03,34.54999923706055,35.400001525878906,34.5,34.95000076293945,34.616573333740234,215099
2017-02-06,35.45000076293945,36.29999923706055,34.849998474121094,35.70000076293945,35.35942459106445,368190
2017-02-07,35.95000076293945,37.29999923706055,35.5,36.599998474121094,36.25083541870117,680935
2017-02-08,37.0,37.70000076293945,36.5,37.349998474121094,36.99367904663086,384816
2017-02-09,37.29999923706055,38.150001525878906,36.95000076293945,37.599998474121094,37.241294860839844,434579
2017-02-10,37.75,38.099998474121094,36.5,36.70000076293945,36.34988021850586,331719
2017-02-13,36.79999923706055,37.349998474121094,36.45000076293945,36.650001525878906,36.30036163330078,206101
2017-02-14,37.20000076293945,37.900001525878906,36.25,37.099998474121094,36.74606704711914,1031173
2017-02-15,37.400001525878906,37.599998474121094,35.599998474121094,35.70000076293945,35.35942459106445,419971
2017-02-16,37.0,37.599998474121094,36.29999923706055,36.75,36.3994026184082,579141
2017-02-17,37.150001525878906,37.599998474121094,36.0,37.400001525878906,37.04320526123047,535739
2017-02-20,38.150001525878906,39.79999923706055,37.599998474121094,38.54999923706055,38.182228088378906,2199713
2017-02-21,38.900001525878906,39.599998474121094,38.599998474121094,38.900001525878906,38.52889633178711,872944
2017-02-22,39.0,39.0,37.0,37.20000076293945,36.84510803222656,573710
2017-02-23,37.25,37.70000076293945,36.849998474121094,36.95000076293945,36.597496032714844,265482
2017-02-27,37.0,37.849998474121094,36.400001525878906,36.54999923706055,36.20131301879883,350278
2017-02-28,36.54999923706055,37.20000076293945,36.5,36.599998474121094,36.25083541870117,193786
2017-03-01,36.70000076293945,38.0,36.70000076293945,37.400001525878906,37.04320526123047,553924
2017-03-02,37.5,38.0,36.0,36.099998474121094,35.7556037902832,572480
2017-03-03,36.150001525878906,36.5,35.900001525878906,36.150001525878906,35.80513000488281,171051
2017-03-06,36.5,36.900001525878906,36.25,36.5,36.15178680419922,177348
2017-03-07,36.70000076293945,36.70000076293945,35.650001525878906,35.79999923706055,35.45846176147461,149236
2017-03-08,35.900001525878906,36.25,35.400001525878906,35.650001525878906,35.30990219116211,142759
2017-03-09,35.650001525878906,35.95000076293945,35.099998474121094,35.20000076293945,34.864192962646484,130622
2017-03-10,35.29999923706055,35.79999923706055,34.650001525878906,35.29999923706055,34.96323776245117,199105
2017-03-14,36.04999923706055,36.25,34.95000076293945,35.20000076293945,34.864192962646484,177391
2017-03-15,35.29999923706055,35.849998474121094,35.20000076293945,35.349998474121094,35.012760162353516,139810
2017-03-16,35.25,36.75,35.25,36.5,36.15178680419922,344247
2017-03-17,38.0,38.04999923706055,36.650001525878906,36.849998474121094,36.498451232910156,823464
2017-03-20,36.79999923706055,36.79999923706055,35.5,35.599998474121094,35.2603759765625,226806
2017-03-21,35.900001525878906,35.95000076293945,35.45000076293945,35.650001525878906,35.30990219116211,136639
2017-03-22,35.45000076293945,35.900001525878906,35.150001525878906,35.5,35.16133117675781,213878
2017-03-23,35.54999923706055,36.099998474121094,35.25,35.349998474121094,35.012760162353516,126703
2017-03-24,35.54999923706055,36.0,34.79999923706055,34.900001525878906,34.56705093383789,272584
2017-03-27,35.099998474121094,35.400001525878906,34.54999923706055,34.650001525878906,34.319435119628906,181372
2017-03-28,34.70000076293945,36.5,34.54999923706055,35.75,35.40894317626953,591286
2017-03-29,35.95000076293945,36.099998474121094,34.900001525878906,35.150001525878906,34.814666748046875,295126
2017-03-30,35.29999923706055,36.0,35.099998474121094,35.349998474121094,35.012760162353516,185901
2017-03-31,35.54999923706055,35.599998474121094,35.04999923706055,35.099998474121094,34.7651481628418,138664
2017-04-03,35.29999923706055,36.650001525878906,35.29999923706055,36.400001525878906,36.0527458190918,422547
2017-04-05,36.599998474121094,37.400001525878906,35.900001525878906,36.650001525878906,36.30036163330078,751912
2017-04-06,36.5,36.849998474121094,36.25,36.349998474121094,36.00321960449219,309172
2017-04-07,36.0,37.599998474121094,35.95000076293945,36.150001525878906,35.80513000488281,483035
2017-04-10,36.400001525878906,37.349998474121094,36.099998474121094,36.650001525878906,36.30036163330078,403256
2017-04-11,36.70000076293945,37.25,36.25,36.849998474121094,36.498451232910156,317127
2017-04-12,36.900001525878906,36.95000076293945,35.650001525878906,36.29999923706055,35.953697204589844,335398
2017-04-13,36.54999923706055,37.150001525878906,36.20000076293945,36.400001525878906,36.0527458190918,285964
2017-04-17,36.599998474121094,41.0,36.45000076293945,40.099998474121094,39.717445373535156,5345109
2017-04-18,40.79999923706055,42.45000076293945,39.29999923706055,40.29999923706055,39.9155387878418,3953830
2017-04-19,40.400001525878906,41.29999923706055,40.04999923706055,40.75,40.361244201660156,1295681
2017-04-20,41.150001525878906,43.650001525878906,41.04999923706055,41.25,40.85647201538086,3553631
2017-04-21,41.599998474121094,42.04999923706055,38.849998474121094,39.20000076293945,38.826026916503906,1733073
2017-04-24,39.70000076293945,40.650001525878906,39.04999923706055,40.20000076293945,39.816490173339844,898189
2017-04-25,40.45000076293945,40.599998474121094,39.20000076293945,39.29999923706055,38.92507553100586,549443
2017-04-26,39.599998474121094,39.650001525878906,37.599998474121094,38.349998474121094,37.98413848876953,565796
2017-04-27,38.400001525878906,39.0,37.650001525878906,38.349998474121094,37.98413848876953,468427
2017-04-28,38.20000076293945,38.650001525878906,37.45000076293945,37.650001525878906,37.29082107543945,324073
2017-05-02,38.0,38.20000076293945,36.75,36.900001525878906,36.54798126220703,523099
2017-05-03,37.099998474121094,37.20000076293945,36.349998474121094,36.75,36.3994026184082,420172
2017-05-04,36.849998474121094,37.04999923706055,36.099998474121094,36.25,35.904170989990234,418945
2017-05-05,36.5,36.54999923706055,35.5,35.650001525878906,35.30990219116211,418173
2017-05-08,35.599998474121094,36.45000076293945,35.599998474121094,36.29999923706055,35.953697204589844,285031
2017-05-09,36.400001525878906,36.650001525878906,35.95000076293945,36.099998474121094,35.7556037902832,238060
2017-05-10,36.400001525878906,37.29999923706055,36.150001525878906,36.75,36.3994026184082,489332
2017-05-11,36.849998474121094,41.25,36.70000076293945,40.54999923706055,40.16315460205078,3719027
2017-05-12,40.650001525878906,40.849998474121094,38.150001525878906,38.650001525878906,38.281280517578125,1395579
2017-05-15,38.849998474121094,39.5,37.900001525878906,38.04999923706055,37.68700408935547,443675
2017-05-16,38.349998474121094,39.400001525878906,37.75,38.70000076293945,38.3307991027832,583735
2017-05-17,38.79999923706055,39.0,38.0,38.20000076293945,37.8355712890625,247510
2017-05-18,37.79999923706055,38.099998474121094,36.54999923706055,36.75,36.3994026184082,708923
2017-05-19,37.0,37.349998474121094,36.099998474121094,36.400001525878906,36.0527458190918,419363
2017-05-22,36.54999923706055,36.79999923706055,35.75,35.900001525878906,35.55751419067383,198868
2017-05-23,36.20000076293945,36.20000076293945,34.599998474121094,34.79999923706055,34.4680061340332,381275
2017-05-24,34.849998474121094,35.45000076293945,32.70000076293945,33.0,32.685176849365234,425578
2017-05-25,33.5,34.900001525878906,33.099998474121094,34.650001525878906,34.319435119628906,191096
2017-05-26,34.79999923706055,35.900001525878906,34.54999923706055,35.349998474121094,35.012760162353516,263414
2017-05-29,35.04999923706055,35.79999923706055,34.099998474121094,34.25,33.923255920410156,249008
2017-05-30,34.400001525878906,36.29999923706055,33.70000076293945,35.849998474121094,35.50798797607422,366438
2017-05-31,37.20000076293945,37.900001525878906,35.400001525878906,35.70000076293945,35.35942459106445,1156004
2017-06-01,36.150001525878906,36.5,34.75,35.099998474121094,34.7651481628418,247659
2017-06-02,35.5,35.79999923706055,34.95000076293945,35.25,34.91371536254883,250889
2017-06-05,35.20000076293945,35.70000076293945,35.0,35.150001525878906,34.814666748046875,157238
2017-06-06,35.0,35.70000076293945,34.400001525878906,34.599998474121094,34.26991653442383,176553
2017-06-07,34.599998474121094,35.04999923706055,34.29999923706055,34.54999923706055,34.22039031982422,102169
2017-06-08,34.54999923706055,34.849998474121094,33.650001525878906,34.349998474121094,34.022300720214844,228497
2017-06-09,34.29999923706055,34.79999923706055,34.04999923706055,34.29999923706055,33.9727783203125,190362
2017-06-12,34.20000076293945,34.5,33.75,34.0,33.67564010620117,145971
2017-06-13,34.29999923706055,35.650001525878906,34.25,34.599998474121094,34.26991653442383,480421
2017-06-14,34.5,34.650001525878906,34.0,34.20000076293945,33.87372970581055,148913
2017-06-15,34.04999923706055,34.599998474121094,34.04999923706055,34.5,34.170867919921875,184510
2017-06-16,34.75,34.79999923706055,33.75,33.95000076293945,33.62611770629883,210803
2017-06-19,34.25,34.25,33.25,33.400001525878906,33.081363677978516,209902
2017-06-20,33.150001525878906,33.70000076293945,33.0,33.099998474121094,32.78422164916992,165651
2017-06-21,33.400001525878906,33.599998474121094,32.95000076293945,33.400001525878906,33.081363677978516,145829
2017-06-22,33.54999923706055,34.349998474121094,33.349998474121094,33.849998474121094,33.527069091796875,214443
2017-06-23,34.0,34.04999923706055,32.04999923706055,32.349998474121094,32.0413818359375,416776
2017-06-27,32.79999923706055,32.79999923706055,32.0,32.25,31.942333221435547,187507
2017-06-28,32.20000076293945,32.20000076293945,31.200000762939453,31.25,30.951873779296875,210839
2017-06-29,31.700000762939453,31.899999618530273,31.25,31.799999237060547,31.496627807617188,153197
2017-06-30,31.75,32.54999923706055,31.299999237060547,32.04999923706055,31.74424171447754,174921
2017-07-03,32.25,32.70000076293945,31.700000762939453,31.799999237060547,31.496627807617188,145363
2017-07-04,31.850000381469727,32.150001525878906,30.850000381469727,31.450000762939453,31.149965286254883,186339
2017-07-05,31.450000762939453,32.5,31.350000381469727,32.20000076293945,31.892812728881836,210051
2017-07-06,32.25,32.599998474121094,32.0,32.150001525878906,31.84328842163086,174060
2017-07-07,31.75,33.150001525878906,31.75,32.650001525878906,32.33852005004883,358846
2017-07-10,32.900001525878906,33.599998474121094,32.75,32.95000076293945,32.63565444946289,134202
2017-07-11,33.099998474121094,33.29999923706055,31.950000762939453,32.0,31.694717407226562,285835
2017-07-12,32.04999923706055,32.5,31.75,32.0,31.694717407226562,159410
2017-07-13,32.150001525878906,32.400001525878906,31.5,31.700000762939453,31.3975830078125,203799
2017-07-14,32.0,32.349998474121094,31.5,31.799999237060547,31.496627807617188,286954
2017-07-17,32.0,32.0,31.100000381469727,31.200000762939453,30.9023494720459,298925
2017-07-18,31.100000381469727,31.700000762939453,31.100000381469727,31.450000762939453,31.149965286254883,179875
2017-07-19,31.649999618530273,32.400001525878906,31.450000762939453,32.0,31.694717407226562,343729
2017-07-20,32.25,32.400001525878906,31.75,31.899999618530273,31.595672607421875,177712
2017-07-21,32.150001525878906,32.150001525878906,31.549999237060547,31.75,31.447105407714844,217118
2017-07-24,31.700000762939453,32.849998474121094,31.700000762939453,32.25,31.942333221435547,288162
2017-07-25,32.099998474121094,32.400001525878906,31.100000381469727,31.700000762939453,31.3975830078125,209924
2017-07-26,31.850000381469727,32.20000076293945,31.600000381469727,31.850000381469727,31.546152114868164,141688
2017-07-27,31.850000381469727,32.20000076293945,31.5,31.75,31.447105407714844,199767
2017-07-28,31.75,31.799999237060547,31.299999237060547,31.600000381469727,31.29853630065918,111544
2017-07-31,31.649999618530273,31.950000762939453,30.75,30.950000762939453,30.65473747253418,192785
2017-08-01,30.799999237060547,31.25,30.399999618530273,30.5,30.209030151367188,159489
2017-08-02,30.399999618530273,30.75,30.100000381469727,30.200000762939453,29.91189193725586,114145
2017-08-03,30.100000381469727,30.399999618530273,28.75,28.950000762939453,28.673816680908203,255596
2017-08-04,29.0,29.25,28.0,28.450000762939453,28.178586959838867,246594
2017-08-07,28.700000762939453,29.25,28.350000381469727,29.0,28.72334098815918,144048
2017-08-08,29.25,29.549999237060547,28.649999618530273,28.850000381469727,28.574771881103516,130732
2017-08-09,28.700000762939453,28.700000762939453,27.600000381469727,27.950000762939453,27.68335723876953,158700
2017-08-10,27.75,27.899999618530273,25.399999618530273,25.75,25.504344940185547,333044
2017-08-11,25.350000381469727,25.700000762939453,23.799999237060547,25.299999237060547,25.058635711669922,266861
2017-08-14,26.0,27.0,26.0,26.75,26.49480628967285,134961
2017-08-16,27.600000381469727,27.899999618530273,26.799999237060547,27.700000762939453,27.435741424560547,210879
2017-08-17,27.75,28.299999237060547,27.75,28.0,27.732881546020508,100267
2017-08-18,28.0,28.0,27.049999237060547,27.450000762939453,27.188127517700195,106393
2017-08-21,27.450000762939453,27.649999618530273,26.549999237060547,26.75,26.49480628967285,126754
2017-08-22,27.0,27.350000381469727,26.149999618530273,26.299999237060547,26.049095153808594,119316
2017-08-23,26.350000381469727,27.899999618530273,26.350000381469727,27.549999237060547,27.28717041015625,136999
2017-08-24,27.5,28.299999237060547,27.299999237060547,27.799999237060547,27.5347843170166,150177
2017-08-28,28.399999618530273,28.399999618530273,27.399999618530273,27.549999237060547,27.28717041015625,81610
2017-08-29,27.450000762939453,27.850000381469727,27.100000381469727,27.200000762939453,26.94051170349121,55125
2017-08-30,27.5,27.899999618530273,26.75,27.049999237060547,26.791940689086914,176662
2017-08-31,27.25,27.25,25.799999237060547,26.399999618530273,26.148141860961914,160082
2017-09-01,26.549999237060547,28.299999237060547,26.549999237060547,27.950000762939453,27.68335723876953,261482
2017-09-04,28.299999237060547,28.850000381469727,27.5,27.75,27.485265731811523,151259
2017-09-05,28.149999618530273,28.649999618530273,27.850000381469727,28.450000762939453,28.178586959838867,203025
2017-09-06,28.450000762939453,28.450000762939453,28.0,28.149999618530273,27.88144874572754,104250
2017-09-07,28.25,28.5,27.549999237060547,27.75,27.485265731811523,139975
2017-09-08,27.899999618530273,28.0,27.049999237060547,27.299999237060547,27.0395565032959,148291
2017-09-11,27.700000762939453,29.700000762939453,27.399999618530273,28.299999237060547,28.030017852783203,355569
2017-09-12,28.700000762939453,28.950000762939453,28.100000381469727,28.450000762939453,28.178586959838867,198702
2017-09-13,28.850000381469727,28.850000381469727,28.0,28.049999237060547,27.782400131225586,216866
2017-09-14,28.350000381469727,28.75,28.0,28.149999618530273,27.88144874572754,174291
2017-09-15,28.0,28.25,27.649999618530273,27.850000381469727,27.58431053161621,136254
2017-09-18,29.100000381469727,29.450000762939453,28.049999237060547,28.899999618530273,28.62429428100586,566336
2017-09-19,29.049999237060547,29.049999237060547,28.100000381469727,28.25,27.98049545288086,154717
2017-09-20,28.450000762939453,29.799999237060547,28.350000381469727,28.799999237060547,28.575822830200195,659074
2017-09-21,29.0,30.200000762939453,28.299999237060547,29.549999237060547,29.31998634338379,784800
2017-09-22,29.5,29.5,28.0,28.100000381469727,27.881271362304688,359582
2017-09-25,28.350000381469727,28.450000762939453,26.899999618530273,27.25,27.037887573242188,199515
2017-09-26,27.25,27.799999237060547,27.0,27.350000381469727,27.13711166381836,77674
2017-09-27,27.5,27.799999237060547,26.299999237060547,26.5,26.293725967407227,115825
2017-09-28,26.399999618530273,27.450000762939453,26.200000762939453,26.700000762939453,26.492170333862305,130052
2017-09-29,26.600000381469727,27.149999618530273,26.5,26.649999618530273,26.44255828857422,99771
2017-10-03,26.75,27.350000381469727,26.649999618530273,26.75,26.54178237915039,85042
2017-10-04,26.700000762939453,27.799999237060547,26.700000762939453,27.299999237060547,27.087499618530273,200151
2017-10-05,27.450000762939453,27.850000381469727,27.049999237060547,27.399999618530273,27.186721801757812,155518
2017-10-06,27.649999618530273,27.850000381469727,27.200000762939453,27.450000762939453,27.236331939697266,162796
2017-10-09,27.350000381469727,27.649999618530273,27.049999237060547,27.149999618530273,26.93866729736328,138505
2017-10-10,27.350000381469727,28.200000762939453,27.100000381469727,27.649999618530273,27.43477439880371,202685
2017-10-11,27.649999618530273,28.399999618530273,27.200000762939453,27.350000381469727,27.13711166381836,164507
2017-10-12,27.700000762939453,27.700000762939453,27.149999618530273,27.399999618530273,27.186721801757812,150302
2017-10-13,27.700000762939453,27.700000762939453,26.950000762939453,27.049999237060547,26.839445114135742,93240
2017-10-16,27.299999237060547,28.450000762939453,27.0,27.549999237060547,27.335552215576172,463713
2017-10-17,27.649999618530273,27.649999618530273,26.950000762939453,27.200000762939453,26.988279342651367,181509
2017-10-18,27.200000762939453,27.450000762939453,27.0,27.149999618530273,26.93866729736328,81519
2017-10-19,27.100000381469727,27.5,26.950000762939453,27.200000762939453,26.988279342651367,55630
2017-10-23,27.399999618530273,27.399999618530273,26.799999237060547,26.899999618530273,26.69061279296875,94631
2017-10-24,27.25,27.399999618530273,26.850000381469727,26.899999618530273,26.69061279296875,137495
2017-10-25,27.100000381469727,27.149999618530273,26.5,26.600000381469727,26.3929500579834,159527
2017-10-26,26.600000381469727,27.399999618530273,26.5,27.299999237060547,27.087499618530273,196129
2017-10-27,27.5,28.200000762939453,27.0,27.149999618530273,26.93866729736328,372295
2017-10-30,27.200000762939453,28.0,27.200000762939453,27.700000762939453,27.48438835144043,171283
2017-10-31,27.899999618530273,28.299999237060547,27.450000762939453,28.0,27.78204917907715,178633
2017-11-01,28.149999618530273,28.399999618530273,27.350000381469727,27.450000762939453,27.236331939697266,282006
2017-11-02,27.700000762939453,29.0,27.600000381469727,28.200000762939453,27.98049545288086,732565
2017-11-03,28.25,31.299999237060547,28.25,30.350000381469727,30.113759994506836,2436570
2017-11-06,30.649999618530273,32.0,30.100000381469727,31.450000762939453,31.205198287963867,1133913
2017-11-07,31.649999618530273,31.799999237060547,29.450000762939453,29.75,29.518428802490234,425414
2017-11-08,30.0,30.799999237060547,29.100000381469727,29.299999237060547,29.071931838989258,237353
2017-11-09,29.649999618530273,30.299999237060547,29.5,29.899999618530273,29.667259216308594,154352
2017-11-10,29.5,30.0,29.100000381469727,29.25,29.022321701049805,139932
2017-11-13,30.75,32.599998474121094,30.100000381469727,30.350000381469727,30.113759994506836,1111391
2017-11-14,30.799999237060547,31.299999237060547,30.25,30.549999237060547,30.31220245361328,298199
2017-11-15,30.5,31.0,30.149999618530273,30.25,30.014537811279297,390303
2017-11-16,30.450000762939453,30.700000762939453,29.75,29.950000762939453,29.716873168945312,254448
2017-11-17,30.200000762939453,30.350000381469727,29.5,29.600000381469727,29.369598388671875,192164
2017-11-20,31.0,32.0,30.299999237060547,30.700000762939453,30.461034774780273,529202
2017-11-21,30.950000762939453,31.25,30.549999237060547,30.75,30.510644912719727,409720
2017-11-22,31.100000381469727,31.350000381469727,30.549999237060547,30.649999618530273,30.41142463684082,202189
2017-11-23,30.899999618530273,33.20000076293945,30.600000381469727,32.95000076293945,32.69352340698242,1880079
2017-11-24,33.349998474121094,34.45000076293945,32.25,33.5,33.23923873901367,1591274
2017-11-27,33.20000076293945,33.70000076293945,32.70000076293945,33.0,32.74312973022461,594060
2017-11-28,32.70000076293945,33.29999923706055,31.799999237060547,31.899999618530273,31.65169334411621,449640
2017-11-29,31.75,32.599998474121094,31.600000381469727,31.75,31.50286293029785,311874
2017-11-30,31.600000381469727,31.799999237060547,30.799999237060547,31.350000381469727,31.105974197387695,290513
2017-12-01,32.29999923706055,37.599998474121094,32.29999923706055,37.599998474121094,37.30732345581055,10985913
2017-12-04,38.400001525878906,38.45000076293945,34.5,35.04999923706055,34.77717590332031,2500690
2017-12-05,34.79999923706055,35.150001525878906,33.20000076293945,33.5,33.23923873901367,966153
2017-12-06,33.349998474121094,38.0,33.20000076293945,35.849998474121094,35.570945739746094,4975604
2017-12-07,36.20000076293945,36.900001525878906,33.0,35.900001525878906,35.62055969238281,1304671
2017-12-08,36.099998474121094,36.25,35.0,35.20000076293945,34.92601013183594,563877
2017-12-11,35.0,35.599998474121094,34.099998474121094,34.29999923706055,34.033016204833984,424779
2017-12-12,34.29999923706055,34.75,33.5,33.599998474121094,33.33845901489258,468124
2017-12-13,33.849998474121094,34.75,33.04999923706055,33.400001525878906,33.140018463134766,552144
2017-12-14,33.75,33.849998474121094,31.950000762939453,32.099998474121094,31.850133895874023,509721
2017-12-15,32.5,33.25,32.150001525878906,32.25,31.99896812438965,407562
2017-12-18,32.349998474121094,33.400001525878906,31.200000762939453,32.70000076293945,32.44546890258789,436299
2017-12-19,32.75,34.04999923706055,32.75,33.650001525878906,33.3880729675293,552023
2017-12-20,33.650001525878906,35.900001525878906,33.54999923706055,35.0,34.727561950683594,1404528
2017-12-21,35.599998474121094,36.349998474121094,35.04999923706055,35.45000076293945,35.1740608215332,755493
2017-12-22,35.849998474121094,37.099998474121094,35.54999923706055,35.79999923706055,35.521339416503906,1413831
2017-12-26,36.150001525878906,37.599998474121094,36.150001525878906,37.04999923706055,36.76160430908203,1481654
2017-12-27,37.349998474121094,39.79999923706055,37.0,38.150001525878906,37.85304260253906,2989014
2017-12-28,38.0,39.099998474121094,36.70000076293945,38.20000076293945,37.902652740478516,1646578
2017-12-29,38.5,39.849998474121094,38.45000076293945,38.95000076293945,38.64681625366211,1717745
2018-01-01,39.599998474121094,41.0,39.45000076293945,40.0,39.68864440917969,2636261
2018-01-02,40.5,41.099998474121094,38.5,38.900001525878906,38.597206115722656,987511
2018-01-03,39.29999923706055,39.70000076293945,37.79999923706055,38.150001525878906,37.85304260253906,979122
2018-01-04,38.5,39.25,37.75,38.25,37.952266693115234,805802
2018-01-05,39.0,40.900001525878906,38.5,40.400001525878906,40.08552932739258,2083761
2018-01-08,40.5,41.70000076293945,39.70000076293945,40.5,40.18475341796875,1506489
2018-01-09,40.79999923706055,40.79999923706055,39.0,39.25,38.944480895996094,686569
2018-01-10,39.400001525878906,39.650001525878906,37.75,38.150001525878906,37.85304260253906,815786
2018-01-11,38.099998474121094,38.900001525878906,37.400001525878906,37.599998474121094,37.30732345581055,1134706
2018-01-12,38.0,38.20000076293945,36.04999923706055,36.400001525878906,36.11667251586914,1033973
2018-01-15,36.79999923706055,37.75,36.70000076293945,37.349998474121094,37.05927276611328,600321
2018-01-16,37.599998474121094,37.70000076293945,35.20000076293945,35.400001525878906,35.124454498291016,582924
2018-01-17,36.099998474121094,36.75,35.5,36.0,35.71977996826172,732674
2018-01-18,36.099998474121094,36.70000076293945,33.79999923706055,34.349998474121094,34.082618713378906,573244
2018-01-19,34.29999923706055,34.75,33.45000076293945,34.54999923706055,34.281063079833984,398180
2018-01-22,34.54999923706055,35.650001525878906,34.20000076293945,34.75,34.47951126098633,258887
2018-01-23,34.75,35.5,34.75,35.099998474121094,34.8267822265625,317573
2018-01-24,34.95000076293945,35.150001525878906,33.79999923706055,33.900001525878906,33.63612747192383,302494
2018-01-25,34.0,35.349998474121094,33.5,34.150001525878906,33.88418197631836,253126
2018-01-29,34.79999923706055,35.20000076293945,33.5,33.75,33.4872932434082,352743
2018-01-30,33.650001525878906,33.650001525878906,33.04999923706055,33.20000076293945,32.94157409667969,224134
2018-01-31,32.599998474121094,33.54999923706055,32.400001525878906,32.79999923706055,32.54468536376953,223760
2018-02-01,33.0,33.29999923706055,32.54999923706055,32.79999923706055,32.54468536376953,184087
2018-02-02,32.0,32.5,29.399999618530273,30.200000762939453,29.96492576599121,511631
2018-02-05,30.0,30.0,28.450000762939453,29.649999618530273,29.419206619262695,305538
2018-02-06,28.0,28.75,27.25,28.450000762939453,28.22854995727539,369882
2018-02-07,29.850000381469727,30.5,29.100000381469727,30.049999237060547,29.81609344482422,269453
2018-02-08,30.5,33.04999923706055,30.299999237060547,32.349998474121094,32.09819030761719,646083
2018-02-09,31.100000381469727,32.849998474121094,30.549999237060547,32.099998474121094,31.850133895874023,281457
2018-02-12,34.0,34.75,33.04999923706055,34.150001525878906,33.88418197631836,620376
2018-02-14,35.0,35.0,33.0,33.04999923706055,32.79273986816406,336785
2018-02-15,33.099998474121094,33.79999923706055,31.799999237060547,32.099998474121094,31.850133895874023,207138
2018-02-16,32.20000076293945,32.54999923706055,30.600000381469727,31.149999618530273,30.90753173828125,186526
2018-02-19,31.0,31.299999237060547,30.0,30.450000762939453,30.212982177734375,164604
2018-02-20,30.450000762939453,32.45000076293945,30.299999237060547,31.850000381469727,31.602083206176758,229382
2018-02-21,32.0,32.25,31.049999237060547,31.25,31.006752014160156,142699
2018-02-22,31.25,31.75,30.799999237060547,31.100000381469727,30.857921600341797,147014
2018-02-23,32.150001525878906,32.650001525878906,31.600000381469727,32.20000076293945,31.949357986450195,545961
2018-02-26,32.099998474121094,32.70000076293945,31.100000381469727,31.899999618530273,31.65169334411621,213176
2018-02-27,32.20000076293945,32.20000076293945,31.100000381469727,31.299999237060547,31.056364059448242,173827
2018-02-28,31.049999237060547,31.600000381469727,30.700000762939453,31.25,31.006752014160156,173819
2018-03-01,31.200000762939453,31.899999618530273,30.899999618530273,31.149999618530273,30.90753173828125,126575
2018-03-05,31.0,31.649999618530273,30.100000381469727,30.549999237060547,30.31220245361328,194127
2018-03-06,31.0,31.350000381469727,29.799999237060547,30.100000381469727,29.865705490112305,141431
2018-03-07,30.149999618530273,30.200000762939453,29.299999237060547,29.5,29.270376205444336,183182
2018-03-08,29.600000381469727,30.25,29.100000381469727,29.450000762939453,29.22076416015625,156922
2018-03-09,29.75,30.399999618530273,29.25,29.399999618530273,29.171154022216797,237786
2018-03-12,29.600000381469727,30.100000381469727,28.850000381469727,29.450000762939453,29.22076416015625,179138
2018-03-13,29.5,30.350000381469727,29.5,29.75,29.518428802490234,247265
2018-03-14,29.600000381469727,30.149999618530273,29.149999618530273,29.75,29.518428802490234,240780
2018-03-15,29.799999237060547,30.5,29.649999618530273,29.899999618530273,29.667259216308594,227240
2018-03-16,30.200000762939453,30.5,29.75,29.850000381469727,29.617652893066406,170048
2018-03-19,29.700000762939453,30.149999618530273,28.5,28.700000762939453,28.47660255432129,183327
2018-03-20,28.700000762939453,29.549999237060547,28.600000381469727,29.0,28.774267196655273,169470
2018-03-21,29.049999237060547,29.75,28.25,28.649999618530273,28.426992416381836,167626
2018-03-22,29.0,29.049999237060547,27.299999237060547,27.700000762939453,27.48438835144043,185797
2018-03-23,26.350000381469727,27.299999237060547,25.75,26.350000381469727,26.144895553588867,375717
2018-03-26,26.850000381469727,26.899999618530273,25.299999237060547,25.700000762939453,25.499956130981445,477464
2018-03-27,26.0,27.200000762939453,26.0,26.799999237060547,26.59139060974121,284725
2018-03-28,26.799999237060547,26.899999618530273,26.049999237060547,26.25,26.045673370361328,176107
2018-04-02,26.549999237060547,28.0,26.549999237060547,27.950000762939453,27.732440948486328,186662
2018-04-03,27.950000762939453,28.899999618530273,27.950000762939453,28.299999237060547,28.079713821411133,235302
2018-04-04,28.649999618530273,29.700000762939453,28.0,28.25,28.030105590820312,285077
2018-04-05,29.25,29.25,28.399999618530273,28.75,28.526214599609375,134446
2018-04-06,29.0,29.25,28.5,28.950000762939453,28.72465705871582,121343
2018-04-09,29.0,29.649999618530273,29.0,29.399999618530273,29.171154022216797,128932
2018-04-10,29.299999237060547,29.799999237060547,28.75,29.100000381469727,28.873489379882812,98311
2018-04-11,29.399999618530273,29.399999618530273,28.100000381469727,28.450000762939453,28.22854995727539,183187
2018-04-12,27.950000762939453,28.399999618530273,27.5,27.649999618530273,27.43477439880371,235477
2018-04-13,27.75,28.399999618530273,27.549999237060547,27.600000381469727,27.38516616821289,113983
2018-04-16,27.450000762939453,27.950000762939453,27.200000762939453,27.700000762939453,27.48438835144043,74962
2018-04-17,28.100000381469727,28.350000381469727,27.799999237060547,28.200000762939453,27.98049545288086,74498
2018-04-18,28.5,28.5,27.25,27.5,27.28594398498535,109313
2018-04-19,27.549999237060547,28.100000381469727,27.5,27.649999618530273,27.43477439880371,96376
2018-04-20,27.25,27.799999237060547,27.200000762939453,27.399999618530273,27.186721801757812,86437
2018-04-23,27.899999618530273,27.950000762939453,27.0,27.200000762939453,26.988279342651367,147341
2018-04-24,27.649999618530273,28.799999237060547,27.350000381469727,27.700000762939453,27.48438835144043,259957
2018-04-25,27.5,28.100000381469727,27.399999618530273,27.649999618530273,27.43477439880371,111328
2018-04-26,28.0,28.0,27.049999237060547,27.25,27.037887573242188,85471
2018-04-27,27.5,27.899999618530273,27.25,27.25,27.037887573242188,75068
2018-04-30,27.450000762939453,27.700000762939453,27.149999618530273,27.350000381469727,27.13711166381836,89997
2018-05-02,27.450000762939453,27.450000762939453,26.399999618530273,26.549999237060547,26.343338012695312,127228
2018-05-03,26.5,26.799999237060547,25.799999237060547,26.0,25.797618865966797,129030
2018-05-04,26.049999237060547,26.450000762939453,25.600000381469727,25.700000762939453,25.499956130981445,123376
2018-05-07,26.350000381469727,27.700000762939453,25.350000381469727,26.399999618530273,26.194503784179688,247726
2018-05-08,26.549999237060547,27.0,25.899999618530273,26.049999237060547,25.84722900390625,106519
2018-05-09,26.100000381469727,26.25,25.5,25.799999237060547,25.59917640686035,74038
2018-05-10,25.899999618530273,26.25,25.25,25.5,25.301511764526367,121425
2018-05-11,25.549999237060547,25.75,24.799999237060547,24.950000762939453,24.755794525146484,88598
2018-05-14,24.850000381469727,25.5,24.049999237060547,24.600000381469727,24.40851593017578,124218
2018-05-15,24.450000762939453,25.149999618530273,24.100000381469727,24.299999237060547,24.110849380493164,122291
2018-05-16,24.25,24.549999237060547,24.0,24.299999237060547,24.110849380493164,136539
2018-05-17,24.299999237060547,24.799999237060547,24.200000762939453,24.649999618530273,24.458127975463867,67671
2018-05-18,24.649999618530273,25.799999237060547,24.450000762939453,24.850000381469727,24.656570434570312,170379
2018-05-21,24.649999618530273,24.950000762939453,23.700000762939453,23.899999618530273,23.713966369628906,82825
2018-05-22,23.899999618530273,24.649999618530273,23.75,24.299999237060547,24.110849380493164,64605
2018-05-23,24.25,25.299999237060547,24.0,24.899999618530273,24.706180572509766,117869
2018-05-24,25.799999237060547,25.799999237060547,24.600000381469727,24.649999618530273,24.458127975463867,96825
2018-05-25,24.950000762939453,25.200000762939453,24.600000381469727,24.950000762939453,24.755794525146484,52091
2018-05-28,25.0,27.0,24.600000381469727,24.899999618530273,24.706180572509766,757984
2018-05-29,25.100000381469727,25.350000381469727,24.25,24.899999618530273,24.706180572509766,204786
2018-05-30,25.049999237060547,25.049999237060547,24.399999618530273,24.600000381469727,24.40851593017578,87540
2018-05-31,24.700000762939453,25.049999237060547,24.100000381469727,24.350000381469727,24.160463333129883,112899
2018-06-01,24.450000762939453,24.450000762939453,23.100000381469727,23.600000381469727,23.416301727294922,142011
2018-06-04,23.75,24.0,20.799999237060547,21.649999618530273,21.481477737426758,276736
2018-06-05,21.850000381469727,21.899999618530273,17.799999237060547,18.899999618530273,18.752883911132812,757054
2018-06-06,18.850000381469727,20.0,18.799999237060547,19.799999237060547,19.6458797454834,246902
2018-06-07,20.0,21.299999237060547,20.0,20.850000381469727,20.687707901000977,147326
2018-06-08,20.850000381469727,21.75,20.5,21.399999618530273,21.23342514038086,212326
2018-06-11,21.899999618530273,24.450000762939453,21.5,23.549999237060547,23.366687774658203,282999
2018-06-12,23.899999618530273,24.399999618530273,23.649999618530273,24.0,23.813186645507812,225039
2018-06-13,24.149999618530273,28.799999237060547,24.149999618530273,28.200000762939453,27.98049545288086,2319783
2018-06-14,27.950000762939453,27.950000762939453,25.399999618530273,26.350000381469727,26.144895553588867,794907
2018-06-15,26.450000762939453,28.850000381469727,25.049999237060547,27.100000381469727,26.889057159423828,841201
2018-06-18,27.200000762939453,27.399999618530273,26.0,26.100000381469727,25.896839141845703,171934
2018-06-19,26.0,27.25,25.200000762939453,25.799999237060547,25.59917640686035,249869
2018-06-20,26.149999618530273,26.700000762939453,25.600000381469727,25.75,25.549564361572266,134487
2018-06-21,26.0,26.200000762939453,24.25,24.649999618530273,24.458127975463867,204935
2018-06-22,24.75,24.75,23.049999237060547,24.049999237060547,23.862796783447266,222260
2018-06-25,24.049999237060547,24.5,22.799999237060547,23.0,22.82097053527832,159490
2018-06-26,23.049999237060547,23.299999237060547,22.450000762939453,22.600000381469727,22.424083709716797,113583
2018-06-27,22.600000381469727,22.600000381469727,21.149999618530273,21.600000381469727,21.431869506835938,201923
2018-06-28,21.799999237060547,21.799999237060547,20.799999237060547,21.299999237060547,21.13420295715332,117786
2018-06-29,21.399999618530273,22.5,21.399999618530273,21.899999618530273,21.72953224182129,141092
2018-07-02,22.0,22.399999618530273,21.649999618530273,21.799999237060547,21.63031005859375,62562
2018-07-03,21.5,23.950000762939453,21.25,23.049999237060547,22.870582580566406,289556
2018-07-04,23.25,23.399999618530273,21.149999618530273,21.799999237060547,21.63031005859375,326306
2018-07-05,21.850000381469727,21.950000762939453,21.299999237060547,21.549999237060547,21.38225555419922,198309
2018-07-06,21.450000762939453,21.950000762939453,21.25,21.450000762939453,21.283037185668945,132778
2018-07-09,21.450000762939453,22.0,21.450000762939453,21.649999618530273,21.481477737426758,63082
2018-07-10,21.75,22.700000762939453,20.149999618530273,21.049999237060547,20.88614845275879,373274
2018-07-11,21.200000762939453,21.799999237060547,21.0,21.299999237060547,21.13420295715332,106145
2018-07-12,21.299999237060547,21.75,21.149999618530273,21.25,21.084590911865234,65816
2018-07-13,21.450000762939453,21.649999618530273,20.950000762939453,21.049999237060547,20.88614845275879,58745
2018-07-16,21.399999618530273,21.399999618530273,20.100000381469727,20.200000762939453,20.04276466369629,115229
2018-07-17,20.0,20.75,20.0,20.450000762939453,20.29081916809082,55655
2018-07-18,20.25,20.799999237060547,19.299999237060547,19.700000762939453,19.54665756225586,87073
2018-07-19,20.0,20.200000762939453,19.25,19.399999618530273,19.248991012573242,151111
2018-07-20,19.5,19.600000381469727,19.049999237060547,19.149999618530273,19.000938415527344,92993
2018-07-23,19.950000762939453,20.0,19.399999618530273,19.950000762939453,19.79471206665039,74972
2018-07-24,19.850000381469727,20.700000762939453,19.850000381469727,20.350000381469727,20.191598892211914,202225
2018-07-25,20.600000381469727,21.399999618530273,20.450000762939453,20.75,20.588483810424805,133542
2018-07-26,20.899999618530273,21.649999618530273,20.549999237060547,20.850000381469727,20.687707901000977,90548
2018-07-27,20.899999618530273,21.850000381469727,20.850000381469727,21.450000762939453,21.283037185668945,154349
2018-07-30,21.549999237060547,22.149999618530273,19.600000381469727,20.100000381469727,19.943546295166016,594271
2018-07-31,20.149999618530273,20.5,20.149999618530273,20.399999618530273,20.241209030151367,105313
2018-08-01,20.399999618530273,20.700000762939453,20.149999618530273,20.5,20.340429306030273,87550
2018-08-02,20.600000381469727,21.5,20.350000381469727,20.950000762939453,20.786930084228516,312911
2018-08-03,20.649999618530273,21.75,20.649999618530273,21.299999237060547,21.13420295715332,151505
2018-08-06,21.950000762939453,22.350000381469727,21.5,22.049999237060547,21.87836265563965,294559
2018-08-07,22.399999618530273,22.950000762939453,22.149999618530273,22.75,22.572917938232422,321824
2018-08-08,24.25,25.299999237060547,23.799999237060547,24.950000762939453,24.755794525146484,1437234
2018-08-09,25.0,25.25,23.0,23.600000381469727,23.416301727294922,380499
2018-08-10,23.549999237060547,23.549999237060547,22.799999237060547,22.850000381469727,22.672138214111328,183876
2018-08-13,22.649999618530273,22.75,21.850000381469727,22.100000381469727,21.927976608276367,145865
2018-08-14,22.0,22.649999618530273,21.950000762939453,22.350000381469727,22.176029205322266,90262
2018-08-16,22.25,22.950000762939453,21.850000381469727,22.75,22.572917938232422,103282
2018-08-17,22.75,23.700000762939453,22.649999618530273,23.350000381469727,23.16824722290039,180111
2018-08-20,23.5,24.100000381469727,22.75,23.049999237060547,22.870582580566406,179323
2018-08-21,23.149999618530273,24.299999237060547,22.75,23.399999618530273,23.21785545349121,440860
2018-08-23,23.549999237060547,26.299999237060547,23.5,25.649999618530273,25.450342178344727,1191085
2018-08-24,25.950000762939453,30.75,25.799999237060547,29.350000381469727,29.12154197692871,7460663
2018-08-27,29.700000762939453,30.899999618530273,29.600000381469727,29.899999618530273,29.667259216308594,2458584
2018-08-28,30.25,30.450000762939453,27.850000381469727,28.299999237060547,28.079713821411133,977065
2018-08-29,28.0,29.450000762939453,27.899999618530273,28.200000762939453,27.98049545288086,572334
2018-08-30,28.200000762939453,28.200000762939453,27.549999237060547,27.899999618530273,27.682828903198242,315830
2018-08-31,27.75,29.350000381469727,27.75,28.399999618530273,28.178936004638672,711143
2018-09-03,28.850000381469727,30.450000762939453,28.850000381469727,29.850000381469727,29.617652893066406,1464121
2018-09-04,30.100000381469727,30.899999618530273,28.75,28.950000762939453,28.72465705871582,682584
2018-09-05,28.549999237060547,29.0,27.450000762939453,28.149999618530273,27.930883407592773,340032
2018-09-06,28.5,29.5,28.100000381469727,28.75,28.526214599609375,345609
2018-09-07,29.149999618530273,29.350000381469727,28.399999618530273,28.75,28.526214599609375,494566
2018-09-10,28.950000762939453,29.200000762939453,28.549999237060547,28.75,28.526214599609375,294839
2018-09-11,29.25,30.299999237060547,28.600000381469727,28.649999618530273,28.426992416381836,441009
2018-09-12,28.899999618530273,28.899999618530273,28.0,28.399999618530273,28.178936004638672,262662
2018-09-14,28.600000381469727,29.0,28.100000381469727,28.299999237060547,28.079713821411133,311263
2018-09-17,28.200000762939453,28.299999237060547,27.399999618530273,27.799999237060547,27.583606719970703,254012
2018-09-18,28.049999237060547,28.200000762939453,26.799999237060547,26.850000381469727,26.64100456237793,200436
2018-09-19,26.799999237060547,26.950000762939453,25.100000381469727,25.399999618530273,25.24930763244629,323186
2018-09-21,25.75,26.0,22.049999237060547,24.350000381469727,24.205537796020508,423794
2018-09-24,24.350000381469727,24.5,22.700000762939453,23.25,23.112062454223633,318519
2018-09-25,23.25,24.450000762939453,22.299999237060547,24.0,23.85761260986328,358404
2018-09-26,23.850000381469727,24.799999237060547,23.850000381469727,24.299999237060547,24.155832290649414,157139
2018-09-27,24.600000381469727,24.600000381469727,23.450000762939453,23.75,23.60909652709961,148938
2018-09-28,24.399999618530273,24.399999618530273,22.0,22.399999618530273,22.267105102539062,309248
2018-10-01,22.200000762939453,23.0,20.600000381469727,22.399999618530273,22.267105102539062,265051
2018-10-03,22.399999618530273,24.5,22.100000381469727,24.049999237060547,23.907316207885742,243550
2018-10-04,24.0,24.399999618530273,22.200000762939453,22.75,22.61503028869629,380632
2018-10-05,22.75,23.25,21.5,21.75,21.62096405029297,371591
2018-10-08,21.75,21.899999618530273,20.899999618530273,21.450000762939453,21.322744369506836,273684
2018-10-09,21.450000762939453,21.799999237060547,20.0,20.649999618530273,20.527488708496094,323517
2018-10-10,20.5,21.600000381469727,20.5,21.399999618530273,21.273038864135742,192204
2018-10-11,20.600000381469727,21.350000381469727,20.100000381469727,20.899999618530273,20.776004791259766,116442
2018-10-12,21.200000762939453,22.0,21.200000762939453,21.649999618530273,21.521554946899414,119159
2018-10-15,21.600000381469727,22.600000381469727,21.600000381469727,22.299999237060547,22.167699813842773,164003
2018-10-16,22.700000762939453,23.100000381469727,22.5,22.649999618530273,22.515621185302734,158983
2018-10-17,23.0,23.350000381469727,22.100000381469727,22.25,22.117996215820312,119850
2018-10-19,22.0,22.399999618530273,21.549999237060547,21.700000762939453,21.571260452270508,86639
2018-10-22,22.0,22.5,21.149999618530273,21.399999618530273,21.273038864135742,90038
2018-10-23,21.200000762939453,21.700000762939453,21.0,21.5,21.37244415283203,79467
2018-10-24,21.399999618530273,21.950000762939453,21.0,21.200000762939453,21.07422637939453,73834
2018-10-25,21.200000762939453,21.450000762939453,21.049999237060547,21.149999618530273,21.02452278137207,44500
2018-10-26,21.049999237060547,21.100000381469727,20.700000762939453,20.799999237060547,20.676597595214844,73707
2018-10-29,20.950000762939453,21.600000381469727,20.549999237060547,21.399999618530273,21.273038864135742,149475
2018-10-30,21.600000381469727,22.200000762939453,21.299999237060547,21.75,21.62096405029297,79909
2018-10-31,21.600000381469727,22.299999237060547,21.549999237060547,21.700000762939453,21.571260452270508,201293
2018-11-01,21.600000381469727,22.149999618530273,21.600000381469727,21.75,21.62096405029297,139092
2018-11-02,22.0,22.850000381469727,22.0,22.25,22.117996215820312,208984
2018-11-05,22.450000762939453,22.549999237060547,21.899999618530273,22.149999618530273,22.01858901977539,100974
2018-11-06,22.399999618530273,22.950000762939453,22.100000381469727,22.75,22.61503028869629,155793
2018-11-07,22.899999618530273,23.0,22.700000762939453,22.799999237060547,22.664731979370117,117014
2018-11-09,22.950000762939453,23.850000381469727,22.75,23.450000762939453,23.310876846313477,205800
2018-11-12,23.399999618530273,23.850000381469727,22.899999618530273,23.350000381469727,23.211471557617188,222649
2018-11-13,23.149999618530273,23.299999237060547,22.5,22.649999618530273,22.515621185302734,155216
2018-11-14,22.600000381469727,24.299999237060547,22.600000381469727,23.25,23.112062454223633,655850
2018-11-15,23.5,23.5,22.149999618530273,22.350000381469727,22.2174015045166,273066
2018-11-16,22.149999618530273,22.600000381469727,21.75,21.899999618530273,21.770071029663086,147742
2018-11-19,21.850000381469727,22.450000762939453,21.799999237060547,22.149999618530273,22.01858901977539,106861
2018-11-20,21.799999237060547,22.049999237060547,21.549999237060547,21.649999618530273,21.521554946899414,71921
2018-11-21,21.899999618530273,21.899999618530273,21.299999237060547,21.700000762939453,21.571260452270508,95360
2018-11-22,21.600000381469727,21.850000381469727,21.399999618530273,21.5,21.37244415283203,68266
2018-11-26,21.399999618530273,21.399999618530273,20.899999618530273,21.0,20.875411987304688,108208
2018-11-27,21.799999237060547,21.950000762939453,20.700000762939453,20.799999237060547,20.676597595214844,303697
2018-11-28,20.899999618530273,21.049999237060547,20.5,20.600000381469727,20.477785110473633,133087
2018-11-29,21.5,21.5,20.75,20.950000762939453,20.82571029663086,291640
2018-11-30,21.200000762939453,21.399999618530273,20.899999618530273,21.049999237060547,20.925113677978516,76206
2018-12-03,21.049999237060547,21.350000381469727,20.700000762939453,20.850000381469727,20.726303100585938,123134
2018-12-04,20.799999237060547,21.100000381469727,20.600000381469727,20.649999618530273,20.527488708496094,87575
2018-12-05,20.700000762939453,20.75,20.149999618530273,20.200000762939453,20.080158233642578,103942
2018-12-06,20.200000762939453,20.350000381469727,19.5,19.75,19.632827758789062,141435
2018-12-07,20.0,20.049999237060547,19.399999618530273,19.5,19.38431167602539,102027
2018-12-10,19.399999618530273,19.399999618530273,18.799999237060547,19.149999618530273,19.036386489868164,72484
2018-12-11,19.049999237060547,20.75,18.700000762939453,20.149999618530273,20.030452728271484,133674
2018-12-12,20.399999618530273,20.799999237060547,20.149999618530273,20.399999618530273,20.278972625732422,101822
2018-12-13,20.600000381469727,21.200000762939453,20.399999618530273,20.549999237060547,20.428081512451172,123799
2018-12-14,20.700000762939453,20.700000762939453,20.100000381469727,20.450000762939453,20.32867431640625,42563
2018-12-17,20.600000381469727,20.850000381469727,20.149999618530273,20.25,20.12986183166504,82572
2018-12-18,20.5,21.5,20.100000381469727,20.850000381469727,20.726303100585938,138829
2018-12-19,21.149999618530273,21.649999618530273,20.799999237060547,21.200000762939453,21.07422637939453,181401
2018-12-20,20.700000762939453,21.799999237060547,20.700000762939453,21.100000381469727,20.97481918334961,92905
2018-12-21,21.25,21.600000381469727,20.549999237060547,20.75,20.626893997192383,93637
2018-12-24,20.799999237060547,21.0,20.350000381469727,20.399999618530273,20.278972625732422,63177
2018-12-26,20.700000762939453,20.799999237060547,19.799999237060547,19.950000762939453,19.831642150878906,134021
2018-12-27,20.149999618530273,20.299999237060547,19.950000762939453,20.049999237060547,19.931047439575195,79367
2018-12-28,20.049999237060547,20.25,20.0,20.100000381469727,19.98075294494629,60064
2018-12-31,20.200000762939453,21.0,20.100000381469727,20.649999618530273,20.527488708496094,104511
2019-01-01,20.600000381469727,20.850000381469727,20.399999618530273,20.649999618530273,20.527488708496094,34308
2019-01-02,20.5,20.649999618530273,20.25,20.350000381469727,20.22926902770996,47089
2019-01-03,20.350000381469727,20.600000381469727,20.100000381469727,20.149999618530273,20.030452728271484,49863
2019-01-04,20.399999618530273,20.399999618530273,19.950000762939453,20.149999618530273,20.030452728271484,62798
2019-01-07,20.200000762939453,20.899999618530273,20.200000762939453,20.450000762939453,20.32867431640625,61501
2019-01-08,20.5,20.75,20.299999237060547,20.399999618530273,20.278972625732422,75510
2019-01-09,20.649999618530273,20.649999618530273,20.200000762939453,20.299999237060547,20.179563522338867,54640
2019-01-10,20.450000762939453,20.549999237060547,20.200000762939453,20.25,20.12986183166504,76156
2019-01-11,20.399999618530273,20.450000762939453,20.0,20.200000762939453,20.080158233642578,65587
2019-01-14,20.149999618530273,20.200000762939453,19.700000762939453,19.850000381469727,19.732234954833984,72549
2019-01-15,20.049999237060547,20.25,19.899999618530273,20.049999237060547,19.931047439575195,46002
2019-01-16,20.049999237060547,20.399999618530273,20.0,20.149999618530273,20.030452728271484,27767
2019-01-17,20.200000762939453,20.299999237060547,19.700000762939453,19.799999237060547,19.682531356811523,116390
2019-01-18,19.700000762939453,20.0,19.700000762939453,19.75,19.632827758789062,60810
2019-01-21,19.899999618530273,19.899999618530273,19.700000762939453,19.75,19.632827758789062,42226
2019-01-22,19.75,19.850000381469727,19.049999237060547,19.149999618530273,19.036386489868164,91515
2019-01-23,19.149999618530273,19.450000762939453,19.0,19.100000381469727,18.986682891845703,51231
2019-01-24,19.350000381469727,19.350000381469727,18.649999618530273,18.799999237060547,18.68846321105957,94393
2019-01-25,18.799999237060547,19.0,18.5,18.600000381469727,18.48965072631836,92047
2019-01-28,18.649999618530273,18.799999237060547,18.0,18.25,18.141725540161133,90106
2019-01-29,18.299999237060547,18.299999237060547,17.399999618530273,17.950000762939453,17.843507766723633,63285
2019-01-30,18.0,18.5,18.0,18.149999618530273,18.042320251464844,66747
2019-01-31,18.450000762939453,18.450000762939453,17.799999237060547,18.149999618530273,18.042320251464844,69219
2019-02-01,18.149999618530273,18.399999618530273,18.0,18.049999237060547,17.942913055419922,41749
2019-02-04,18.299999237060547,18.299999237060547,17.399999618530273,17.450000762939453,17.346473693847656,96569
2019-02-05,17.5,17.549999237060547,16.799999237060547,17.0,16.89914321899414,110165
2019-02-06,16.950000762939453,17.0,15.899999618530273,16.049999237060547,15.954777717590332,192733
2019-02-07,16.0,17.299999237060547,15.399999618530273,16.649999618530273,16.551218032836914,208761
2019-02-08,16.700000762939453,17.700000762939453,16.700000762939453,17.450000762939453,17.346473693847656,128482
2019-02-11,17.149999618530273,18.200000762939453,16.200000762939453,16.899999618530273,16.799734115600586,286385
2019-02-12,16.600000381469727,16.899999618530273,16.200000762939453,16.399999618530273,16.302701950073242,64489
2019-02-14,16.200000762939453,16.200000762939453,15.800000190734863,15.949999809265137,15.855372428894043,65476
2019-02-15,16.0,16.100000381469727,15.800000190734863,15.899999618530273,15.805667877197266,55203
2019-02-18,16.149999618530273,16.149999618530273,15.699999809265137,15.949999809265137,15.855372428894043,64895
2019-02-19,16.100000381469727,16.149999618530273,15.899999618530273,16.0,15.905076026916504,30781
2019-02-20,15.949999809265137,16.299999237060547,15.899999618530273,16.100000381469727,16.00448226928711,52259
2019-02-21,15.899999618530273,16.899999618530273,15.899999618530273,16.649999618530273,16.551218032836914,82200
2019-02-22,16.549999237060547,17.549999237060547,16.549999237060547,17.200000762939453,17.09795570373535,84415
2019-02-25,17.200000762939453,17.899999618530273,17.200000762939453,17.299999237060547,17.197362899780273,55913
2019-02-26,16.799999237060547,17.100000381469727,16.149999618530273,16.450000762939453,16.352405548095703,143905
2019-02-27,16.700000762939453,17.100000381469727,16.450000762939453,16.549999237060547,16.451812744140625,85475
2019-02-28,16.600000381469727,17.149999618530273,16.350000381469727,16.899999618530273,16.799734115600586,65736
2019-03-01,16.799999237060547,17.5,16.799999237060547,17.100000381469727,16.998550415039062,148979
2019-03-05,17.200000762939453,18.5,17.200000762939453,18.299999237060547,18.191429138183594,161976
2019-03-06,18.600000381469727,19.0,18.299999237060547,18.799999237060547,18.68846321105957,156293
2019-03-07,18.899999618530273,20.0,18.649999618530273,19.350000381469727,19.235200881958008,222148
2019-03-08,19.600000381469727,19.950000762939453,19.100000381469727,19.299999237060547,19.185497283935547,123129
2019-03-11,19.299999237060547,19.899999618530273,19.049999237060547,19.299999237060547,19.185497283935547,104499
2019-03-12,19.25,19.799999237060547,19.25,19.350000381469727,19.235200881958008,89678
2019-03-13,19.399999618530273,19.649999618530273,18.600000381469727,18.75,18.638761520385742,82236
2019-03-14,18.75,19.299999237060547,18.700000762939453,18.799999237060547,18.68846321105957,58769
2019-03-15,19.200000762939453,19.200000762939453,18.25,18.549999237060547,18.439945220947266,101922
2019-03-18,18.25,18.649999618530273,18.049999237060547,18.100000381469727,17.992616653442383,64640
2019-03-19,18.100000381469727,18.649999618530273,18.0,18.149999618530273,18.042320251464844,100256
2019-03-20,18.149999618530273,18.399999618530273,17.899999618530273,18.100000381469727,17.992616653442383,114700
2019-03-22,18.0,18.200000762939453,17.700000762939453,17.799999237060547,17.694395065307617,89070
2019-03-25,17.399999618530273,17.5,17.049999237060547,17.399999618530273,17.296770095825195,91913
2019-03-26,17.299999237060547,18.049999237060547,17.149999618530273,17.5,17.396175384521484,93707
2019-03-27,17.600000381469727,17.799999237060547,15.850000381469727,16.450000762939453,16.352405548095703,422272
2019-03-28,16.75,17.049999237060547,16.100000381469727,16.950000762939453,16.84943962097168,109967
2019-04-01,17.299999237060547,17.899999618530273,17.299999237060547,17.600000381469727,17.49558448791504,86369
2019-04-02,17.649999618530273,17.950000762939453,17.299999237060547,17.399999618530273,17.296770095825195,93226
2019-04-03,17.549999237060547,17.799999237060547,16.899999618530273,17.0,16.89914321899414,67364
2019-04-04,17.0,17.25,16.899999618530273,17.100000381469727,16.998550415039062,39566
2019-04-05,17.25,17.799999237060547,17.0,17.149999618530273,17.048254013061523,85745
2019-04-08,17.100000381469727,17.5,16.950000762939453,17.0,16.89914321899414,71485
2019-04-09,17.049999237060547,17.100000381469727,16.549999237060547,16.850000381469727,16.75003433227539,82373
2019-04-10,16.850000381469727,17.0,16.600000381469727,16.899999618530273,16.799734115600586,61413
2019-04-11,17.5,18.200000762939453,17.450000762939453,17.75,17.64469337463379,327961
2019-04-12,17.600000381469727,17.799999237060547,17.25,17.450000762939453,17.346473693847656,86960
2019-04-15,17.549999237060547,17.75,17.299999237060547,17.450000762939453,17.346473693847656,52272
2019-04-16,17.299999237060547,17.700000762939453,17.149999618530273,17.299999237060547,17.197362899780273,45124
2019-04-18,17.0,17.649999618530273,17.0,17.25,17.147659301757812,56224
2019-04-22,17.25,17.350000381469727,17.0,17.049999237060547,16.94884490966797,37990
2019-04-23,17.25,17.25,16.75,16.799999237060547,16.700328826904297,77936
2019-04-24,17.0,17.100000381469727,16.100000381469727,16.600000381469727,16.501516342163086,95718
2019-04-25,16.450000762939453,16.75,16.200000762939453,16.450000762939453,16.352405548095703,42561
2019-04-26,16.549999237060547,17.149999618530273,16.450000762939453,16.899999618530273,16.799734115600586,75002
2019-04-30,16.950000762939453,17.100000381469727,16.299999237060547,16.450000762939453,16.352405548095703,74747
2019-05-02,16.25,16.950000762939453,16.25,16.5,16.402109146118164,67038
2019-05-03,16.5,16.700000762939453,16.149999618530273,16.450000762939453,16.352405548095703,62857
2019-05-06,16.149999618530273,16.75,16.149999618530273,16.5,16.402109146118164,61715
2019-05-07,16.649999618530273,17.350000381469727,16.399999618530273,16.600000381469727,16.501516342163086,158301
2019-05-08,16.75,16.799999237060547,16.200000762939453,16.200000762939453,16.10388946533203,55522
2019-05-09,16.25,16.700000762939453,16.149999618530273,16.549999237060547,16.451812744140625,62029
2019-05-10,16.549999237060547,16.799999237060547,16.200000762939453,16.399999618530273,16.302701950073242,21933
2019-05-13,16.399999618530273,16.600000381469727,15.899999618530273,16.049999237060547,15.954777717590332,37533
2019-05-14,16.100000381469727,16.200000762939453,15.800000190734863,15.899999618530273,15.805667877197266,46707
2019-05-15,15.850000381469727,16.100000381469727,15.649999618530273,15.699999809265137,15.606855392456055,39812
2019-05-16,15.649999618530273,15.850000381469727,15.300000190734863,15.449999809265137,15.358338356018066,68094
2019-05-17,15.399999618530273,15.949999809265137,15.199999809265137,15.850000381469727,15.755966186523438,42471
2019-05-20,16.450000762939453,16.5,16.0,16.25,16.153593063354492,101142
2019-05-21,16.649999618530273,16.649999618530273,16.049999237060547,16.299999237060547,16.20329475402832,36851
2019-05-22,16.399999618530273,16.5,16.0,16.200000762939453,16.10388946533203,48636
2019-05-23,16.25,16.75,16.049999237060547,16.149999618530273,16.054183959960938,61877
2019-05-24,16.200000762939453,17.299999237060547,16.200000762939453,16.899999618530273,16.799734115600586,124645
2019-05-27,19.5,20.25,19.0,20.25,20.12986183166504,2099996
2019-05-28,20.799999237060547,20.799999237060547,19.350000381469727,19.950000762939453,19.831642150878906,786372
2019-05-29,19.899999618530273,20.0,19.049999237060547,19.299999237060547,19.185497283935547,266765
2019-05-30,19.100000381469727,20.149999618530273,19.0,19.799999237060547,19.682531356811523,179312
2019-05-31,19.350000381469727,20.0,19.0,19.049999237060547,18.936981201171875,122297
2019-06-03,19.0,19.0,18.350000381469727,18.450000762939453,18.34054183959961,120478
2019-06-04,18.399999618530273,18.600000381469727,18.0,18.100000381469727,17.992616653442383,89460
2019-06-06,18.399999618530273,18.399999618530273,17.600000381469727,17.700000762939453,17.59499168395996,68691
2019-06-07,17.850000381469727,18.0,17.5,17.799999237060547,17.694395065307617,39254
2019-06-10,17.799999237060547,17.799999237060547,17.0,17.25,17.147659301757812,49380
2019-06-11,17.350000381469727,17.450000762939453,16.350000381469727,16.600000381469727,16.501516342163086,144833
2019-06-12,16.549999237060547,16.950000762939453,15.899999618530273,16.25,16.153593063354492,168360
2019-06-13,16.350000381469727,16.399999618530273,15.899999618530273,16.149999618530273,16.054183959960938,46283
2019-06-14,16.200000762939453,16.450000762939453,15.899999618530273,15.949999809265137,15.855372428894043,85835
2019-06-17,15.699999809265137,16.0,15.699999809265137,15.75,15.6565580368042,55971
2019-06-18,15.5,16.600000381469727,15.5,15.899999618530273,15.805667877197266,77604
2019-06-19,15.899999618530273,16.899999618530273,15.5,15.600000381469727,15.50744915008545,93120
2019-06-20,15.600000381469727,15.800000190734863,14.800000190734863,15.5,15.408041954040527,140378
2019-06-21,15.449999809265137,16.200000762939453,15.100000381469727,15.75,15.6565580368042,81949
2019-06-24,16.0,16.0,15.5,15.550000190734863,15.457745552062988,48619
2019-06-25,15.5,15.649999618530273,13.149999618530273,14.949999809265137,14.86130428314209,367626
2019-06-26,15.0,15.5,14.800000190734863,14.899999618530273,14.811601638793945,106318
2019-06-27,15.0,15.5,14.649999618530273,14.899999618530273,14.811601638793945,123936
2019-06-28,15.100000381469727,15.25,14.300000190734863,14.850000381469727,14.7618989944458,58720
2019-07-01,15.0,15.350000381469727,14.699999809265137,14.75,14.662491798400879,65841
2019-07-02,14.850000381469727,15.100000381469727,14.600000381469727,14.850000381469727,14.7618989944458,127250
2019-07-03,14.850000381469727,15.0,14.649999618530273,14.75,14.662491798400879,30422
2019-07-04,15.0,15.0,14.600000381469727,14.649999618530273,14.563084602355957,59008
2019-07-05,14.75,14.800000190734863,14.449999809265137,14.5,14.41397476196289,46934
2019-07-08,14.050000190734863,15.5,13.899999618530273,14.100000381469727,14.016348838806152,91632
2019-07-09,13.949999809265137,14.199999809265137,13.800000190734863,13.899999618530273,13.817533493041992,80681
2019-07-10,14.0,14.199999809265137,13.600000381469727,13.800000190734863,13.718128204345703,41501
2019-07-11,13.800000190734863,13.899999618530273,13.5,13.649999618530273,13.56901741027832,54062
2019-07-12,13.699999809265137,16.299999237060547,13.699999809265137,15.050000190734863,14.960712432861328,677017
2019-07-15,15.350000381469727,15.850000381469727,14.75,14.850000381469727,14.7618989944458,158283
2019-07-16,15.550000190734863,15.550000190734863,13.899999618530273,14.199999809265137,14.115754127502441,158598
2019-07-17,14.199999809265137,14.949999809265137,14.149999618530273,14.550000190734863,14.463678359985352,97643
2019-07-18,14.550000190734863,14.550000190734863,13.5,14.100000381469727,14.016348838806152,85067
2019-07-19,14.100000381469727,14.399999618530273,13.75,13.850000381469727,13.767831802368164,55792
2019-07-22,13.850000381469727,14.0,13.350000381469727,13.449999809265137,13.370203971862793,101168
2019-07-23,13.899999618530273,14.0,13.350000381469727,13.550000190734863,13.469611167907715,50919
2019-07-24,13.550000190734863,15.0,13.350000381469727,13.899999618530273,13.817533493041992,104721
2019-07-25,14.199999809265137,14.399999618530273,13.800000190734863,13.949999809265137,13.86723804473877,56491
2019-07-26,13.949999809265137,14.649999618530273,13.949999809265137,14.350000381469727,14.264864921569824,64840
2019-07-29,14.350000381469727,14.350000381469727,13.600000381469727,14.0,13.916940689086914,68146
2019-07-30,14.0,14.350000381469727,13.600000381469727,13.699999809265137,13.618721008300781,43028
2019-07-31,13.550000190734863,14.0,13.300000190734863,13.75,13.668424606323242,92114
2019-08-01,13.699999809265137,14.050000190734863,13.5,13.600000381469727,13.519314765930176,75398
2019-08-02,13.449999809265137,13.699999809265137,13.300000190734863,13.350000381469727,13.270797729492188,100241
2019-08-05,13.449999809265137,13.649999618530273,13.350000381469727,13.600000381469727,13.519314765930176,77760
2019-08-06,13.550000190734863,14.199999809265137,13.25,13.850000381469727,13.767831802368164,76223
2019-08-07,13.75,14.800000190734863,13.399999618530273,13.949999809265137,13.86723804473877,154389
2019-08-08,14.0,14.699999809265137,13.949999809265137,14.550000190734863,14.463678359985352,120188
2019-08-09,15.199999809265137,15.350000381469727,14.75,14.800000190734863,14.71219539642334,108429
2019-08-13,14.399999618530273,15.100000381469727,14.350000381469727,14.550000190734863,14.463678359985352,66236
2019-08-14,14.649999618530273,16.450000762939453,14.649999618530273,15.600000381469727,15.50744915008545,580507
2019-08-16,15.699999809265137,15.699999809265137,14.550000190734863,14.649999618530273,14.563084602355957,148081
2019-08-19,14.649999618530273,15.149999618530273,14.149999618530273,14.199999809265137,14.115754127502441,132735
2019-08-20,14.449999809265137,14.449999809265137,13.800000190734863,14.0,13.916940689086914,70813
2019-08-21,14.149999618530273,14.149999618530273,13.199999809265137,13.300000190734863,13.221095085144043,120562
2019-08-22,13.5,13.550000190734863,12.699999809265137,12.75,12.674357414245605,70116
2019-08-23,13.0,13.449999809265137,12.550000190734863,13.100000381469727,13.0222806930542,93821
2019-08-26,13.300000190734863,13.600000381469727,12.649999618530273,13.100000381469727,13.0222806930542,95480
2019-08-27,13.199999809265137,13.600000381469727,13.0,13.199999809265137,13.121686935424805,94100
2019-08-28,13.449999809265137,13.5,13.0,13.100000381469727,13.0222806930542,101886
2019-08-29,13.199999809265137,13.300000190734863,12.75,12.850000381469727,12.773764610290527,85058
2019-08-30,13.0,13.149999618530273,12.850000381469727,12.949999809265137,12.873169898986816,53047
2019-09-03,13.0,13.100000381469727,12.699999809265137,12.75,12.674357414245605,74851
2019-09-04,12.800000190734863,12.899999618530273,12.649999618530273,12.75,12.674357414245605,73833
2019-09-05,12.850000381469727,13.25,12.850000381469727,13.050000190734863,12.972577095031738,76062
2019-09-06,13.25,13.600000381469727,13.100000381469727,13.149999618530273,13.07198429107666,106715
2019-09-09,13.149999618530273,15.399999618530273,12.949999809265137,14.5,14.41397476196289,282275
2019-09-11,14.800000190734863,15.350000381469727,14.600000381469727,14.899999618530273,14.811601638793945,117635
2019-09-12,14.949999809265137,15.300000190734863,14.5,14.649999618530273,14.563084602355957,100593
2019-09-13,14.300000190734863,14.699999809265137,14.300000190734863,14.399999618530273,14.314567565917969,62460
2019-09-16,14.399999618530273,15.350000381469727,14.350000381469727,14.699999809265137,14.612788200378418,118745
2019-09-17,14.800000190734863,15.25,14.550000190734863,14.550000190734863,14.463678359985352,63410
2019-09-18,14.899999618530273,14.899999618530273,14.100000381469727,14.350000381469727,14.264864921569824,87688
2019-09-19,13.800000190734863,14.5,13.800000190734863,14.100000381469727,14.065356254577637,59905
2019-09-20,13.899999618530273,14.649999618530273,13.649999618530273,14.149999618530273,14.115232467651367,84362
2019-09-23,14.800000190734863,14.899999618530273,13.75,14.100000381469727,14.065356254577637,263005
2019-09-24,14.100000381469727,14.300000190734863,13.899999618530273,14.050000190734863,14.01547908782959,83442
2019-09-25,13.899999618530273,14.25,13.649999618530273,13.699999809265137,13.666338920593262,58746
2019-09-26,13.75,14.050000190734863,13.449999809265137,13.550000190734863,13.516707420349121,104809
2019-09-27,13.649999618530273,13.850000381469727,13.449999809265137,13.550000190734863,13.516707420349121,81150
2019-09-30,13.600000381469727,13.600000381469727,13.0,13.050000190734863,13.017935752868652,70411
2019-10-01,13.100000381469727,13.199999809265137,12.5,12.649999618530273,12.618918418884277,93833
2019-10-03,12.949999809265137,13.149999618530273,12.399999618530273,12.550000190734863,12.519164085388184,90440
2019-10-04,12.850000381469727,12.899999618530273,12.300000190734863,12.399999618530273,12.369532585144043,73559
2019-10-07,12.149999618530273,12.600000381469727,12.149999618530273,12.25,12.219901084899902,50046
2019-10-09,12.199999809265137,12.449999809265137,11.699999809265137,12.050000190734863,12.020393371582031,99121
2019-10-10,12.100000381469727,12.149999618530273,11.75,12.0,11.970516204833984,46333
2019-10-11,12.199999809265137,12.25,11.800000190734863,11.899999618530273,11.870760917663574,122793
2019-10-14,12.050000190734863,12.350000381469727,11.649999618530273,11.75,11.72113037109375,105446
2019-10-15,11.550000190734863,11.949999809265137,11.0,11.199999809265137,11.172481536865234,159386
2019-10-16,11.350000381469727,11.5,11.0,11.199999809265137,11.172481536865234,114370
2019-10-17,11.399999618530273,11.800000190734863,10.899999618530273,11.449999809265137,11.421867370605469,160620
2019-10-18,11.600000381469727,12.699999809265137,11.449999809265137,12.300000190734863,12.269779205322266,178606
2019-10-22,12.649999618530273,12.899999618530273,12.350000381469727,12.800000190734863,12.768549919128418,100664
2019-10-23,13.0,13.899999618530273,12.75,12.850000381469727,12.818428039550781,155518
2019-10-24,13.0,13.350000381469727,12.399999618530273,12.5,12.469286918640137,47059
2019-10-25,13.199999809265137,13.199999809265137,12.449999809265137,12.649999618530273,12.618918418884277,58109
2019-10-27,12.699999809265137,13.100000381469727,12.550000190734863,12.699999809265137,12.668795585632324,32639
2019-10-29,13.100000381469727,13.100000381469727,12.5,12.949999809265137,12.918181419372559,62888
2019-10-30,13.0,13.199999809265137,12.850000381469727,13.050000190734863,13.017935752868652,62317
2019-10-31,13.199999809265137,14.149999618530273,13.0,13.899999618530273,13.865846633911133,296455
2019-11-01,14.149999618530273,14.600000381469727,13.75,14.350000381469727,14.314742088317871,163775
2019-11-04,14.449999809265137,15.350000381469727,14.449999809265137,14.75,14.71375846862793,237641
2019-11-05,14.899999618530273,15.25,14.050000190734863,14.199999809265137,14.165109634399414,100458
2019-11-06,14.300000190734863,14.899999618530273,14.100000381469727,14.449999809265137,14.414495468139648,84974
2019-11-07,14.5,14.699999809265137,14.100000381469727,14.399999618530273,14.364618301391602,72421
2019-11-08,14.100000381469727,14.399999618530273,14.0,14.050000190734863,14.01547908782959,45250
2019-11-11,13.800000190734863,14.850000381469727,13.800000190734863,14.600000381469727,14.564127922058105,107145
2019-11-13,14.649999618530273,15.199999809265137,14.25,14.800000190734863,14.763636589050293,124676
2019-11-14,15.25,15.399999618530273,14.850000381469727,14.899999618530273,14.86338996887207,221617
2019-11-15,14.25,14.25,12.550000190734863,12.75,12.718672752380371,379164
2019-11-18,12.199999809265137,13.449999809265137,12.199999809265137,13.100000381469727,13.0678129196167,183710
2019-11-19,13.050000190734863,13.300000190734863,12.850000381469727,12.949999809265137,12.918181419372559,64914
2019-11-20,12.899999618530273,13.149999618530273,12.449999809265137,12.550000190734863,12.519164085388184,262829
2019-11-21,12.149999618530273,12.850000381469727,12.149999618530273,12.649999618530273,12.618918418884277,110496
2019-11-22,13.5,13.850000381469727,13.149999618530273,13.399999618530273,13.36707592010498,361461
2019-11-25,13.399999618530273,13.5,12.899999618530273,13.050000190734863,13.017935752868652,75024
2019-11-26,12.850000381469727,13.699999809265137,12.649999618530273,13.149999618530273,13.117690086364746,210221
2019-11-27,13.149999618530273,13.399999618530273,12.850000381469727,12.949999809265137,12.918181419372559,108609
2019-11-28,12.850000381469727,13.149999618530273,12.75,12.899999618530273,12.868304252624512,62267
2019-11-29,12.899999618530273,12.949999809265137,12.649999618530273,12.75,12.718672752380371,73548
2019-12-02,12.949999809265137,12.949999809265137,12.5,12.600000381469727,12.569042205810547,87251
2019-12-03,12.649999618530273,12.699999809265137,12.199999809265137,12.25,12.219901084899902,58686
2019-12-04,12.25,12.399999618530273,12.050000190734863,12.300000190734863,12.269779205322266,47610
2019-12-05,12.600000381469727,12.600000381469727,12.25,12.300000190734863,12.269779205322266,39067
2019-12-06,13.0,13.0,12.199999809265137,12.550000190734863,12.519164085388184,74857
2019-12-09,12.600000381469727,12.649999618530273,12.199999809265137,12.350000381469727,12.319656372070312,28928
2019-12-10,12.350000381469727,12.600000381469727,12.050000190734863,12.199999809265137,12.170023918151855,72774
2019-12-11,12.25,12.300000190734863,11.899999618530273,12.0,11.970516204833984,77709
2019-12-12,12.050000190734863,12.350000381469727,11.800000190734863,12.100000381469727,12.070270538330078,45107
2019-12-13,12.050000190734863,12.600000381469727,12.050000190734863,12.300000190734863,12.269779205322266,61184
2019-12-16,12.149999618530273,12.75,12.149999618530273,12.600000381469727,12.569042205810547,181730
2019-12-17,12.699999809265137,13.949999809265137,12.449999809265137,13.550000190734863,13.516707420349121,548557
2019-12-18,13.449999809265137,13.850000381469727,12.850000381469727,12.949999809265137,12.918181419372559,67302
2019-12-19,13.050000190734863,13.75,12.949999809265137,13.050000190734863,13.017935752868652,189096
2019-12-20,13.0,13.75,12.949999809265137,13.050000190734863,13.017935752868652,82472
2019-12-23,13.0,13.350000381469727,12.800000190734863,12.899999618530273,12.868304252624512,48555
2019-12-24,12.800000190734863,13.100000381469727,12.5,12.649999618530273,12.618918418884277,75226
2019-12-26,12.699999809265137,12.850000381469727,12.199999809265137,12.350000381469727,12.319656372070312,119461
2019-12-27,12.399999618530273,12.550000190734863,12.100000381469727,12.25,12.219901084899902,91129
2019-12-30,12.300000190734863,12.699999809265137,12.0,12.25,12.219901084899902,139519
2019-12-31,12.050000190734863,12.5,12.050000190734863,12.149999618530273,12.120146751403809,92115
2020-01-01,12.0,12.550000190734863,12.0,12.350000381469727,12.319656372070312,96014
2020-01-02,12.300000190734863,13.100000381469727,12.300000190734863,12.699999809265137,12.668795585632324,137457
2020-01-03,12.699999809265137,14.550000190734863,12.600000381469727,13.649999618530273,13.616460800170898,885532
2020-01-06,13.100000381469727,13.649999618530273,12.600000381469727,12.75,12.718672752380371,218233
2020-01-07,13.199999809265137,13.649999618530273,12.800000190734863,12.949999809265137,12.918181419372559,165823
2020-01-08,12.600000381469727,13.449999809265137,12.600000381469727,12.949999809265137,12.918181419372559,132890
2020-01-09,13.050000190734863,13.5,12.600000381469727,12.949999809265137,12.918181419372559,259163
2020-01-10,12.899999618530273,13.350000381469727,12.899999618530273,13.0,12.968058586120605,114043
2020-01-13,13.050000190734863,13.350000381469727,12.75,13.100000381469727,13.0678129196167,120050
2020-01-14,13.699999809265137,14.449999809265137,13.600000381469727,13.850000381469727,13.815970420837402,808500
2020-01-15,13.850000381469727,14.25,13.550000190734863,14.0,13.965601921081543,169959
2020-01-16,14.0,14.550000190734863,14.0,14.149999618530273,14.115232467651367,168215
2020-01-17,14.100000381469727,14.5,14.100000381469727,14.199999809265137,14.165109634399414,129790
2020-01-20,15.149999618530273,15.199999809265137,14.550000190734863,14.649999618530273,14.614004135131836,448892
2020-01-21,14.800000190734863,15.149999618530273,14.399999618530273,14.449999809265137,14.414495468139648,119294
2020-01-22,14.5,14.75,14.0,14.149999618530273,14.115232467651367,94170
2020-01-23,14.350000381469727,14.350000381469727,13.699999809265137,14.0,13.965601921081543,157856
2020-01-24,14.0,14.300000190734863,14.0,14.199999809265137,14.165109634399414,125133
2020-01-27,14.149999618530273,14.850000381469727,14.0,14.5,14.464373588562012,142152
2020-01-28,14.649999618530273,14.800000190734863,14.25,14.350000381469727,14.314742088317871,120113
2020-01-29,14.600000381469727,14.800000190734863,14.100000381469727,14.449999809265137,14.414495468139648,82385
2020-01-30,14.300000190734863,14.75,14.25,14.350000381469727,14.314742088317871,67610
2020-01-31,14.350000381469727,14.5,13.5,13.649999618530273,13.616460800170898,104130
2020-02-03,13.5,13.5,12.649999618530273,12.850000381469727,12.818428039550781,61121
2020-02-04,13.100000381469727,13.300000190734863,12.899999618530273,13.100000381469727,13.0678129196167,57680
2020-02-05,13.149999618530273,14.399999618530273,13.100000381469727,13.899999618530273,13.865846633911133,248681
2020-02-06,14.399999618530273,14.399999618530273,13.5,13.850000381469727,13.815970420837402,106843
2020-02-07,13.949999809265137,13.949999809265137,13.5,13.550000190734863,13.516707420349121,58243
2020-02-10,13.600000381469727,13.800000190734863,13.0,13.300000190734863,13.267321586608887,227797
2020-02-11,13.449999809265137,13.75,13.25,13.350000381469727,13.317198753356934,152752
2020-02-12,13.449999809265137,13.850000381469727,12.949999809265137,13.050000190734863,13.017935752868652,111646
2020-02-13,13.449999809265137,13.449999809265137,12.899999618530273,13.0,12.968058586120605,84368
2020-02-14,13.199999809265137,13.199999809265137,12.699999809265137,12.75,12.718672752380371,73441
2020-02-17,12.800000190734863,12.949999809265137,12.199999809265137,12.300000190734863,12.269779205322266,94455
2020-02-18,12.5,12.5,12.050000190734863,12.300000190734863,12.269779205322266,75177
2020-02-19,12.699999809265137,12.699999809265137,12.399999618530273,12.600000381469727,12.569042205810547,41263
2020-02-20,12.5,12.699999809265137,12.149999618530273,12.300000190734863,12.269779205322266,65456
2020-02-24,12.100000381469727,12.5,12.0,12.300000190734863,12.269779205322266,91192
2020-02-25,12.699999809265137,12.699999809265137,12.149999618530273,12.350000381469727,12.319656372070312,40925
2020-02-26,12.350000381469727,12.399999618530273,11.199999809265137,11.75,11.72113037109375,106243
2020-02-27,12.0,12.0,11.5,11.649999618530273,11.62137508392334,82354
2020-02-28,11.649999618530273,11.899999618530273,11.0,11.050000190734863,11.022850036621094,134976
2020-03-02,11.5,11.5,10.800000190734863,10.850000381469727,10.823341369628906,130655
2020-03-03,11.0,11.449999809265137,10.850000381469727,10.949999809265137,10.923095703125,62886
2020-03-04,11.149999618530273,11.149999618530273,10.699999809265137,10.899999618530273,10.873218536376953,64688
2020-03-05,10.949999809265137,11.300000190734863,10.899999618530273,11.100000381469727,11.07272720336914,65932
2020-03-06,10.550000190734863,10.949999809265137,10.350000381469727,10.75,10.723587036132812,83605
2020-03-09,10.75,10.75,9.899999618530273,10.300000190734863,10.27469253540039,89271
2020-03-11,10.0,10.449999809265137,9.899999618530273,10.0,9.97542953491211,86029
2020-03-12,9.350000381469727,9.449999809265137,8.649999618530273,8.850000381469727,8.828255653381348,170456
2020-03-13,8.75,9.399999618530273,7.099999904632568,9.050000190734863,9.027764320373535,269080
2020-03-16,9.050000190734863,9.75,8.600000381469727,9.149999618530273,9.127517700195312,179932
2020-03-17,9.25,9.5,8.100000381469727,8.649999618530273,8.628746032714844,197260
2020-03-18,8.600000381469727,9.0,7.949999809265137,8.050000190734863,8.030220985412598,114952
2020-03-19,8.0,8.350000381469727,7.5,7.949999809265137,7.930466651916504,78410
2020-03-20,8.0,8.600000381469727,7.849999904632568,8.199999809265137,8.179852485656738,157174
2020-03-23,8.350000381469727,8.350000381469727,7.25,7.449999809265137,7.431694984436035,94451
2020-03-24,8.25,8.25,7.449999809265137,7.800000190734863,7.7808356285095215,120050
2020-03-25,7.650000095367432,9.300000190734863,7.199999809265137,8.850000381469727,8.828255653381348,203297
2020-03-26,9.350000381469727,10.100000381469727,9.050000190734863,9.899999618530273,9.875675201416016,215748
2020-03-27,10.350000381469727,10.399999618530273,9.5,9.649999618530273,9.626289367675781,130449
2020-03-30,9.550000190734863,10.199999809265137,9.100000381469727,9.5,9.47665786743164,201472
2020-03-31,9.800000190734863,10.0,9.449999809265137,9.800000190734863,9.775921821594238,94915
2020-04-01,9.800000190734863,10.699999809265137,9.800000190734863,10.149999618530273,10.12506103515625,152690
2020-04-03,10.25,11.300000190734863,9.050000190734863,10.800000190734863,10.77346420288086,328889
2020-04-07,11.5,12.949999809265137,11.0,12.949999809265137,12.918181419372559,775548
2020-04-08,14.699999809265137,15.5,14.0,15.5,15.461915969848633,1591431
2020-04-09,17.0,17.049999237060547,15.199999809265137,15.850000381469727,15.811056137084961,1912388
2020-04-13,17.399999618530273,17.399999618530273,14.399999618530273,15.300000190734863,15.262407302856445,829325
2020-04-15,16.25,16.399999618530273,15.25,15.5,15.461915969848633,702464
2020-04-16,15.550000190734863,15.550000190734863,14.699999809265137,15.100000381469727,15.062899589538574,427062
2020-04-17,15.25,15.5,14.5,14.899999618530273,14.86338996887207,266734
2020-04-20,14.949999809265137,14.949999809265137,13.550000190734863,14.0,13.965601921081543,305991
2020-04-21,13.800000190734863,14.899999618530273,13.350000381469727,14.350000381469727,14.314742088317871,518284
2020-04-22,14.850000381469727,14.850000381469727,13.800000190734863,14.100000381469727,14.065356254577637,270062
2020-04-23,14.25,15.100000381469727,14.0,14.800000190734863,14.763636589050293,464479
2020-04-24,14.550000190734863,15.649999618530273,14.300000190734863,15.0,14.963144302368164,432438
2020-04-27,15.5,15.75,15.100000381469727,15.25,15.212530136108398,351179
2020-04-28,15.449999809265137,15.75,14.800000190734863,14.850000381469727,14.81351375579834,153950
2020-04-29,15.300000190734863,15.300000190734863,14.699999809265137,14.949999809265137,14.913267135620117,197004
2020-04-30,15.199999809265137,15.25,14.0,14.199999809265137,14.165109634399414,305426
2020-05-04,14.0,14.5,13.649999618530273,13.75,13.716216087341309,276572
2020-05-05,14.100000381469727,14.100000381469727,13.050000190734863,13.149999618530273,13.117690086364746,186824
2020-05-06,13.149999618530273,13.149999618530273,12.600000381469727,12.850000381469727,12.818428039550781,206735
2020-05-07,12.75,13.600000381469727,12.75,13.5,13.466830253601074,117720
2020-05-08,13.300000190734863,13.949999809265137,13.300000190734863,13.449999809265137,13.416953086853027,96772
2020-05-11,13.850000381469727,13.850000381469727,12.899999618530273,13.149999618530273,13.117690086364746,117485
2020-05-12,13.199999809265137,13.350000381469727,12.800000190734863,13.050000190734863,13.017935752868652,61388
2020-05-13,13.449999809265137,13.550000190734863,12.850000381469727,13.0,12.968058586120605,141294
2020-05-14,13.199999809265137,14.300000190734863,13.050000190734863,14.300000190734863,14.264864921569824,842374
2020-05-15,14.949999809265137,14.949999809265137,13.699999809265137,13.850000381469727,13.815970420837402,352382
2020-05-18,13.699999809265137,14.149999618530273,12.899999618530273,13.0,12.968058586120605,203545
2020-05-19,13.350000381469727,13.449999809265137,12.899999618530273,13.0,12.968058586120605,148672
2020-05-20,13.25,13.300000190734863,12.850000381469727,13.199999809265137,13.167567253112793,103528
2020-05-21,13.199999809265137,13.399999618530273,13.050000190734863,13.199999809265137,13.167567253112793,63238
2020-05-22,13.050000190734863,13.199999809265137,12.800000190734863,12.949999809265137,12.918181419372559,84296
2020-05-26,12.949999809265137,13.300000190734863,12.800000190734863,12.949999809265137,12.918181419372559,109232
2020-05-27,13.0,13.149999618530273,12.800000190734863,12.949999809265137,12.918181419372559,68522
2020-05-28,13.149999618530273,13.199999809265137,12.899999618530273,13.050000190734863,13.017935752868652,64129
2020-05-29,12.899999618530273,14.100000381469727,11.850000381469727,13.199999809265137,13.167567253112793,488916
2020-06-01,13.399999618530273,13.649999618530273,13.100000381469727,13.399999618530273,13.36707592010498,166214
2020-06-02,13.449999809265137,13.899999618530273,13.25,13.600000381469727,13.566584587097168,199318
2020-06-03,13.75,13.949999809265137,13.550000190734863,13.600000381469727,13.566584587097168,243486
2020-06-04,13.600000381469727,14.75,13.199999809265137,14.350000381469727,14.314742088317871,667705
2020-06-05,14.699999809265137,15.0,14.25,14.5,14.464373588562012,454921
2020-06-08,14.850000381469727,15.199999809265137,14.100000381469727,14.649999618530273,14.614004135131836,657550
2020-06-09,14.699999809265137,15.0,13.899999618530273,14.350000381469727,14.314742088317871,317394
2020-06-10,15.800000190734863,17.200000762939453,15.5,17.200000762939453,17.157739639282227,2175928
2020-06-11,18.049999237060547,18.049999237060547,15.300000190734863,15.449999809265137,15.412038803100586,2599394
2020-06-12,14.0,16.299999237060547,14.0,15.899999618530273,15.860933303833008,1487850
2020-06-15,16.200000762939453,16.25,15.600000381469727,15.949999809265137,15.910810470581055,545831
2020-06-16,16.149999618530273,19.100000381469727,16.049999237060547,19.049999237060547,19.003192901611328,11697523
2020-06-17,20.0,22.850000381469727,18.399999618530273,22.799999237060547,22.74397850036621,11310612
2020-06-18,23.700000762939453,27.350000381469727,23.600000381469727,27.350000381469727,27.282800674438477,8648601
2020-06-19,30.049999237060547,30.049999237060547,25.149999618530273,25.799999237060547,25.736608505249023,8030024
2020-06-22,26.5,27.700000762939453,24.25,25.049999237060547,24.98845100402832,2612637
2020-06-23,26.399999618530273,26.450000762939453,24.100000381469727,25.100000381469727,25.038328170776367,1901141
2020-06-24,25.299999237060547,25.299999237060547,23.0,23.299999237060547,23.24275016784668,1439705
2020-06-25,23.0,24.899999618530273,21.600000381469727,24.25,24.19041633605957,2575299
2020-06-26,24.850000381469727,24.850000381469727,23.149999618530273,23.5,23.4422607421875,736808
2020-06-29,23.049999237060547,23.25,21.75,22.25,22.195331573486328,759803
2020-06-30,22.75,22.75,21.299999237060547,21.549999237060547,21.497051239013672,601069
2020-07-01,21.850000381469727,23.700000762939453,21.100000381469727,23.700000762939453,23.641769409179688,1316251
2020-07-02,25.5,25.5,23.149999618530273,23.899999618530273,23.841276168823242,1675921
2020-07-03,24.450000762939453,24.450000762939453,22.549999237060547,22.950000762939453,22.893611907958984,900045
2020-07-06,22.25,23.75,22.25,22.799999237060547,22.74397850036621,713540
2020-07-07,23.200000762939453,23.25,22.200000762939453,22.299999237060547,22.245206832885742,434913
2020-07-08,22.399999618530273,23.149999618530273,22.25,22.5,22.444717407226562,808045
2020-07-09,22.850000381469727,22.950000762939453,20.299999237060547,22.0,21.945945739746094,623859
2020-07-10,22.399999618530273,23.450000762939453,21.600000381469727,22.649999618530273,22.594348907470703,995752
2020-07-13,22.899999618530273,23.149999618530273,21.850000381469727,22.0,21.945945739746094,474369
2020-07-14,21.899999618530273,21.950000762939453,21.100000381469727,21.399999618530273,21.34741973876953,363590
2020-07-15,21.850000381469727,21.850000381469727,19.299999237060547,19.899999618530273,19.851104736328125,632434
2020-07-16,20.450000762939453,20.450000762939453,18.649999618530273,19.149999618530273,19.102947235107422,534612
2020-07-17,19.149999618530273,21.049999237060547,19.100000381469727,20.899999618530273,20.848648071289062,1011647
2020-07-20,21.0,21.200000762939453,20.100000381469727,20.549999237060547,20.499507904052734,696251
2020-07-21,20.850000381469727,20.899999618530273,20.200000762939453,20.350000381469727,20.299999237060547,276175
2020-07-22,20.399999618530273,20.649999618530273,19.100000381469727,19.799999237060547,19.75135040283203,485186
2020-07-23,20.100000381469727,20.600000381469727,19.850000381469727,20.149999618530273,20.10049057006836,341679
2020-07-24,20.149999618530273,20.200000762939453,19.200000762939453,19.75,19.701473236083984,324974
2020-07-27,19.950000762939453,20.149999618530273,19.299999237060547,19.399999618530273,19.352333068847656,220805
2020-07-28,19.399999618530273,21.200000762939453,19.0,20.450000762939453,20.399755477905273,561964
2020-07-29,21.5,22.450000762939453,21.450000762939453,22.350000381469727,22.295085906982422,2148676
2020-07-30,21.75,21.75,20.149999618530273,20.149999618530273,20.10049057006836,1230042
2020-07-31,19.850000381469727,21.399999618530273,18.799999237060547,20.799999237060547,20.74889373779297,1654424
2020-08-03,21.299999237060547,22.450000762939453,20.850000381469727,22.200000762939453,22.14545440673828,1486299
2020-08-04,22.399999618530273,22.75,21.299999237060547,22.25,22.195331573486328,874663
2020-08-05,22.25,22.5,21.549999237060547,21.700000762939453,21.646682739257812,452737
2020-08-06,21.649999618530273,22.350000381469727,21.5,21.850000381469727,21.796314239501953,530439
2020-08-07,22.0,22.200000762939453,21.600000381469727,21.75,21.69655990600586,499421
2020-08-10,21.700000762939453,23.450000762939453,21.700000762939453,23.0,22.94348907470703,1098699
2020-08-11,23.299999237060547,23.899999618530273,22.399999618530273,22.649999618530273,22.594348907470703,634411
2020-08-12,22.850000381469727,22.850000381469727,22.100000381469727,22.25,22.195331573486328,365338
2020-08-13,22.450000762939453,22.899999618530273,21.700000762939453,22.0,21.945945739746094,554081
2020-08-14,22.25,22.649999618530273,20.75,21.5,21.447174072265625,639029
2020-08-17,22.200000762939453,22.200000762939453,21.549999237060547,21.899999618530273,21.84619140625,333687
2020-08-18,22.049999237060547,22.299999237060547,21.75,21.799999237060547,21.746437072753906,291683
2020-08-19,22.100000381469727,22.5,21.649999618530273,21.950000762939453,21.896068572998047,396900
2020-08-20,21.75,22.950000762939453,21.649999618530273,22.25,22.195331573486328,526321
2020-08-21,22.75,22.799999237060547,22.25,22.5,22.444717407226562,500458
2020-08-24,22.950000762939453,22.950000762939453,22.5,22.649999618530273,22.594348907470703,324763
2020-08-25,22.649999618530273,23.799999237060547,22.649999618530273,23.5,23.4422607421875,1291869
2020-08-26,23.600000381469727,24.899999618530273,23.600000381469727,24.200000762939453,24.140541076660156,1399175
2020-08-27,24.649999618530273,24.700000762939453,23.299999237060547,23.450000762939453,23.392383575439453,543273
2020-08-28,23.600000381469727,23.75,22.549999237060547,22.950000762939453,22.893611907958984,535910
2020-08-31,23.399999618530273,23.399999618530273,20.700000762939453,21.549999237060547,21.497051239013672,681005
2020-09-01,20.700000762939453,21.899999618530273,20.700000762939453,21.350000381469727,21.297542572021484,236350
2020-09-02,21.649999618530273,22.100000381469727,20.649999618530273,21.75,21.69655990600586,214067
2020-09-03,22.049999237060547,22.049999237060547,21.200000762939453,21.5,21.447174072265625,212073
2020-09-04,20.899999618530273,21.350000381469727,20.75,20.850000381469727,20.798770904541016,268691
2020-09-07,21.0,21.299999237060547,20.649999618530273,20.75,20.699016571044922,155176
2020-09-08,20.75,21.100000381469727,19.899999618530273,20.100000381469727,20.050613403320312,339736
2020-09-09,20.100000381469727,20.350000381469727,19.450000762939453,19.899999618530273,19.851104736328125,268204
2020-09-10,20.25,21.100000381469727,19.899999618530273,20.350000381469727,20.299999237060547,168045
2020-09-11,20.350000381469727,21.200000762939453,20.299999237060547,20.850000381469727,20.850000381469727,165787
2020-09-14,21.0,21.399999618530273,20.350000381469727,20.75,20.75,216245
2020-09-15,20.549999237060547,21.75,20.549999237060547,21.549999237060547,21.549999237060547,425617
2020-09-16,21.399999618530273,21.700000762939453,20.850000381469727,21.200000762939453,21.200000762939453,148869
2020-09-17,21.200000762939453,21.200000762939453,20.25,20.450000762939453,20.450000762939453,291945
2020-09-18,20.799999237060547,22.450000762939453,20.549999237060547,22.350000381469727,22.350000381469727,1634590
2020-09-21,22.649999618530273,23.899999618530273,20.399999618530273,20.850000381469727,20.850000381469727,1215792
2020-09-22,21.0,22.899999618530273,19.600000381469727,22.75,22.75,1070038
2020-09-23,23.399999618530273,23.75,21.600000381469727,21.899999618530273,21.899999618530273,635435
2020-09-24,21.600000381469727,21.649999618530273,20.350000381469727,20.649999618530273,20.649999618530273,417582
2020-09-25,21.25,22.700000762939453,20.700000762939453,21.950000762939453,21.950000762939453,1736827
2020-09-28,22.149999618530273,22.950000762939453,22.0,22.100000381469727,22.100000381469727,619162
2020-09-29,22.100000381469727,22.549999237060547,21.649999618530273,21.850000381469727,21.850000381469727,257866
2020-09-30,22.200000762939453,23.0,22.0,22.75,22.75,623043
2020-10-01,22.799999237060547,23.200000762939453,21.799999237060547,22.0,22.0,405897
2020-10-05,20.950000762939453,21.600000381469727,20.549999237060547,20.799999237060547,20.799999237060547,836145
2020-10-06,20.5,21.450000762939453,20.5,20.950000762939453,20.950000762939453,295879
2020-10-07,21.0,22.0,20.700000762939453,21.049999237060547,21.049999237060547,205603
2020-10-08,22.0,23.0,21.399999618530273,22.0,22.0,1944268
2020-10-09,21.75,22.5,21.600000381469727,21.75,21.75,521247
2020-10-12,21.649999618530273,21.950000762939453,21.149999618530273,21.25,21.25,166867
2020-10-13,21.100000381469727,21.75,20.799999237060547,20.899999618530273,20.899999618530273,231932
2020-10-14,20.850000381469727,21.649999618530273,20.75,20.899999618530273,20.899999618530273,142767
2020-10-15,20.899999618530273,21.350000381469727,20.5,20.600000381469727,20.600000381469727,161883
2020-10-16,20.549999237060547,20.950000762939453,20.549999237060547,20.700000762939453,20.700000762939453,105861
2020-10-19,21.100000381469727,21.100000381469727,20.399999618530273,20.5,20.5,95374
2020-10-20,20.399999618530273,21.200000762939453,20.350000381469727,20.5,20.5,137867
2020-10-21,20.549999237060547,20.75,20.25,20.350000381469727,20.350000381469727,147707
2020-10-22,20.600000381469727,20.600000381469727,20.0,20.149999618530273,20.149999618530273,200836
2020-10-23,20.700000762939453,20.700000762939453,20.200000762939453,20.299999237060547,20.299999237060547,194237
2020-10-26,20.350000381469727,20.700000762939453,20.0,20.049999237060547,20.049999237060547,101072
2020-10-27,20.149999618530273,20.350000381469727,19.850000381469727,19.950000762939453,19.950000762939453,167856
2020-10-28,20.25,20.25,19.649999618530273,19.799999237060547,19.799999237060547,137093
2020-10-29,19.799999237060547,19.799999237060547,19.600000381469727,19.649999618530273,19.649999618530273,86690
2020-10-30,19.799999237060547,20.75,19.049999237060547,19.399999618530273,19.399999618530273,490433
2020-11-02,19.100000381469727,19.200000762939453,18.0,18.200000762939453,18.200000762939453,488887
2020-11-03,18.5,18.700000762939453,18.049999237060547,18.299999237060547,18.299999237060547,215676
2020-11-04,18.299999237060547,18.399999618530273,17.600000381469727,17.649999618530273,17.649999618530273,240245
2020-11-05,17.649999618530273,18.0,17.049999237060547,17.149999618530273,17.149999618530273,466501
2020-11-06,17.049999237060547,17.25,16.5,16.649999618530273,16.649999618530273,454127
2020-11-09,16.850000381469727,16.899999618530273,16.299999237060547,16.350000381469727,16.350000381469727,373615
2020-11-10,16.350000381469727,18.149999618530273,16.149999618530273,17.5,17.5,671157
2020-11-11,17.5,18.299999237060547,17.399999618530273,17.649999618530273,17.649999618530273,315466
2020-11-12,18.25,18.25,17.549999237060547,17.850000381469727,17.850000381469727,180362
2020-11-13,17.899999618530273,17.899999618530273,17.600000381469727,17.649999618530273,17.649999618530273,116849
2020-11-14,17.899999618530273,17.899999618530273,17.450000762939453,17.700000762939453,17.700000762939453,90236
2020-11-17,18.0,18.0,17.649999618530273,17.700000762939453,17.700000762939453,160676
2020-11-18,17.549999237060547,19.0,17.549999237060547,18.100000381469727,18.100000381469727,779883
2020-11-19,18.399999618530273,18.549999237060547,17.850000381469727,17.899999618530273,17.899999618530273,308685
2020-11-20,17.950000762939453,18.299999237060547,17.799999237060547,17.899999618530273,17.899999618530273,179737
2020-11-23,17.350000381469727,18.25,17.350000381469727,18.149999618530273,18.149999618530273,167433
2020-11-24,18.450000762939453,18.799999237060547,18.049999237060547,18.350000381469727,18.350000381469727,213061
2020-11-25,18.700000762939453,18.899999618530273,18.049999237060547,18.200000762939453,18.200000762939453,257804
2020-11-26,18.399999618530273,18.450000762939453,18.149999618530273,18.200000762939453,18.200000762939453,127404
2020-11-27,18.450000762939453,18.600000381469727,18.200000762939453,18.299999237060547,18.299999237060547,168680
2020-12-01,18.299999237060547,18.600000381469727,18.299999237060547,18.399999618530273,18.399999618530273,155628
2020-12-02,18.399999618530273,21.950000762939453,18.399999618530273,21.25,21.25,2127067
2020-12-03,22.0,22.0,20.0,20.450000762939453,20.450000762939453,1225849
2020-12-04,20.399999618530273,20.850000381469727,19.350000381469727,19.899999618530273,19.899999618530273,781893
2020-12-07,20.149999618530273,21.399999618530273,20.0,20.799999237060547,20.799999237060547,628693
2020-12-08,20.950000762939453,21.0,20.0,20.299999237060547,20.299999237060547,381651
2020-12-09,20.450000762939453,20.799999237060547,20.25,20.399999618530273,20.399999618530273,271774
2020-12-10,20.399999618530273,20.700000762939453,20.049999237060547,20.200000762939453,20.200000762939453,203389
2020-12-11,20.700000762939453,20.799999237060547,20.0,20.200000762939453,20.200000762939453,448239
2020-12-14,20.399999618530273,20.600000381469727,20.0,20.100000381469727,20.100000381469727,234273
2020-12-15,20.100000381469727,22.0,20.049999237060547,21.149999618530273,21.149999618530273,1098906
2020-12-16,21.25,21.299999237060547,20.600000381469727,20.799999237060547,20.799999237060547,407442
2020-12-17,20.799999237060547,21.799999237060547,20.600000381469727,20.850000381469727,20.850000381469727,511615
2020-12-18,21.0,21.100000381469727,20.100000381469727,20.25,20.25,315636
2020-12-21,20.299999237060547,23.799999237060547,20.100000381469727,20.5,20.5,4182304
2020-12-22,20.450000762939453,22.0,19.25,20.799999237060547,20.799999237060547,749094
2020-12-23,21.100000381469727,22.350000381469727,20.899999618530273,22.049999237060547,22.049999237060547,983306
2020-12-24,22.25,22.600000381469727,21.200000762939453,21.549999237060547,21.549999237060547,562850
2020-12-28,21.549999237060547,22.100000381469727,21.299999237060547,21.5,21.5,332436
2020-12-29,21.75,22.549999237060547,21.25,22.149999618530273,22.149999618530273,687791
2020-12-30,22.149999618530273,22.350000381469727,21.5,21.600000381469727,21.600000381469727,318785
2020-12-31,21.649999618530273,24.799999237060547,21.450000762939453,23.899999618530273,23.899999618530273,5206410
2021-01-01,23.600000381469727,24.0,23.100000381469727,23.25,23.25,740031
2021-01-04,23.25,24.350000381469727,23.25,23.549999237060547,23.549999237060547,811059
2021-01-05,23.549999237060547,23.700000762939453,23.0,23.149999618530273,23.149999618530273,549115
2021-01-06,22.649999618530273,23.450000762939453,22.350000381469727,22.600000381469727,22.600000381469727,528751
2021-01-07,22.950000762939453,24.200000762939453,22.5,23.549999237060547,23.549999237060547,1127860
2021-01-08,24.149999618530273,24.899999618530273,23.049999237060547,23.450000762939453,23.450000762939453,1340642
2021-01-11,23.549999237060547,23.75,22.549999237060547,22.700000762939453,22.700000762939453,527186
2021-01-12,23.200000762939453,23.450000762939453,22.75,22.950000762939453,22.950000762939453,371553
2021-01-13,23.0,23.299999237060547,22.5,22.850000381469727,22.850000381469727,373357
2021-01-14,23.0,23.149999618530273,22.600000381469727,22.700000762939453,22.700000762939453,254036
2021-01-15,22.799999237060547,22.950000762939453,22.149999618530273,22.399999618530273,22.399999618530273,283082
2021-01-18,22.200000762939453,22.5,21.649999618530273,21.75,21.75,213555
2021-01-19,22.100000381469727,22.5,21.850000381469727,22.149999618530273,22.149999618530273,257073
2021-01-20,22.350000381469727,22.950000762939453,22.0,22.149999618530273,22.149999618530273,376913
2021-01-21,22.100000381469727,22.350000381469727,21.5,21.600000381469727,21.600000381469727,236543
2021-01-22,21.600000381469727,22.0,20.899999618530273,21.0,21.0,308484
2021-01-25,21.700000762939453,21.700000762939453,20.200000762939453,20.399999618530273,20.399999618530273,272783
2021-01-27,20.399999618530273,20.5,19.649999618530273,19.850000381469727,19.850000381469727,236425
2021-01-28,19.700000762939453,21.350000381469727,19.25,21.0,21.0,378076
2021-01-29,21.5,21.5,20.399999618530273,20.5,20.5,185041
2021-02-01,21.149999618530273,21.149999618530273,20.149999618530273,20.399999618530273,20.399999618530273,157865
2021-02-02,20.899999618530273,21.299999237060547,20.600000381469727,20.799999237060547,20.799999237060547,178946
2021-02-03,21.100000381469727,21.600000381469727,20.700000762939453,20.899999618530273,20.899999618530273,348665
2021-02-04,21.049999237060547,21.399999618530273,20.799999237060547,21.0,21.0,226245
2021-02-05,20.899999618530273,21.350000381469727,20.649999618530273,20.75,20.75,234647
2021-02-08,21.0,21.25,20.549999237060547,20.700000762939453,20.700000762939453,280064
2021-02-09,20.600000381469727,20.899999618530273,20.200000762939453,20.299999237060547,20.299999237060547,246865
2021-02-10,20.649999618530273,20.799999237060547,20.350000381469727,20.399999618530273,20.399999618530273,140055
2021-02-11,20.700000762939453,21.100000381469727,20.399999618530273,20.600000381469727,20.600000381469727,271826
2021-02-12,20.700000762939453,20.950000762939453,20.25,20.350000381469727,20.350000381469727,160957
2021-02-15,20.0,20.200000762939453,19.299999237060547,19.399999618530273,19.399999618530273,644811
2021-02-16,19.5,19.600000381469727,18.950000762939453,19.149999618530273,19.149999618530273,429482
2021-02-17,19.049999237060547,19.799999237060547,19.049999237060547,19.299999237060547,19.299999237060547,303711
2021-02-18,19.100000381469727,19.549999237060547,19.0,19.100000381469727,19.100000381469727,296760
2021-02-19,19.299999237060547,21.600000381469727,19.100000381469727,20.549999237060547,20.549999237060547,1733924
2021-02-22,20.600000381469727,20.899999618530273,19.600000381469727,19.75,19.75,244782
2021-02-23,20.100000381469727,20.25,19.299999237060547,19.5,19.5,322209
2021-02-24,19.75,21.0,19.100000381469727,19.799999237060547,19.799999237060547,184867
2021-02-25,19.950000762939453,20.950000762939453,19.75,20.100000381469727,20.100000381469727,384656
2021-02-26,20.25,20.75,19.799999237060547,20.100000381469727,20.100000381469727,471935
2021-03-01,20.299999237060547,20.950000762939453,20.200000762939453,20.350000381469727,20.350000381469727,576121
2021-03-02,20.799999237060547,20.799999237060547,19.899999618530273,20.100000381469727,20.100000381469727,445381
2021-03-03,20.450000762939453,21.399999618530273,20.049999237060547,20.75,20.75,855151
2021-03-04,20.350000381469727,20.700000762939453,20.0,20.299999237060547,20.299999237060547,281759
2021-03-05,20.25,20.5,19.899999618530273,19.950000762939453,19.950000762939453,379093
2021-03-08,20.200000762939453,22.649999618530273,19.899999618530273,22.200000762939453,22.200000762939453,2549251
2021-03-09,22.549999237060547,23.399999618530273,21.0,21.25,21.25,1955014
2021-03-10,21.649999618530273,23.100000381469727,21.5,22.0,22.0,2353423
2021-03-12,22.350000381469727,22.75,21.100000381469727,21.399999618530273,21.399999618530273,1019032
2021-03-15,21.450000762939453,21.649999618530273,20.399999618530273,20.700000762939453,20.700000762939453,518568
2021-03-16,20.899999618530273,21.149999618530273,20.25,20.350000381469727,20.350000381469727,343559
2021-03-17,20.350000381469727,20.450000762939453,19.799999237060547,19.899999618530273,19.899999618530273,277154
2021-03-18,20.299999237060547,20.299999237060547,19.100000381469727,19.399999618530273,19.399999618530273,324353
2021-03-19,19.5,19.75,18.600000381469727,19.399999618530273,19.399999618530273,388890
2021-03-22,19.799999237060547,20.200000762939453,19.450000762939453,19.649999618530273,19.649999618530273,279876
2021-03-23,20.0,20.0,18.649999618530273,19.0,19.0,398940
2021-03-24,19.350000381469727,20.0,19.100000381469727,19.25,19.25,327556
2021-03-25,19.25,19.799999237060547,18.5,18.899999618530273,18.899999618530273,294214
2021-03-26,19.0,19.5,18.549999237060547,18.700000762939453,18.700000762939453,283560
2021-03-30,18.799999237060547,19.25,18.600000381469727,19.100000381469727,19.100000381469727,258896
2021-03-31,19.350000381469727,19.350000381469727,18.450000762939453,18.600000381469727,18.600000381469727,333249
2021-04-01,18.75,19.649999618530273,18.75,19.25,19.25,329328
2021-04-05,19.0,19.25,18.700000762939453,18.899999618530273,18.899999618530273,168638
2021-04-06,19.0,19.549999237060547,18.799999237060547,19.049999237060547,19.049999237060547,265791
2021-04-07,19.149999618530273,19.5,18.899999618530273,18.950000762939453,18.950000762939453,405368
2021-04-08,19.100000381469727,19.299999237060547,18.899999618530273,18.950000762939453,18.950000762939453,301848
2021-04-09,19.100000381469727,20.200000762939453,18.899999618530273,19.75,19.75,683268
2021-04-12,19.299999237060547,20.299999237060547,18.799999237060547,18.950000762939453,18.950000762939453,698378
2021-04-13,19.0,19.799999237060547,18.899999618530273,19.450000762939453,19.450000762939453,318651
2021-04-15,19.299999237060547,19.799999237060547,19.049999237060547,19.25,19.25,195570
2021-04-16,19.450000762939453,19.799999237060547,19.149999618530273,19.5,19.5,284246
2021-04-19,19.450000762939453,19.899999618530273,19.0,19.299999237060547,19.299999237060547,442433
2021-04-20,19.700000762939453,22.649999618530273,19.549999237060547,21.75,21.75,5699467
2021-04-22,22.5,26.100000381469727,22.200000762939453,26.100000381469727,26.100000381469727,11238566
2021-04-23,27.700000762939453,29.5,25.0,25.700000762939453,25.700000762939453,12380296
2021-04-26,25.700000762939453,26.950000762939453,24.25,24.700000762939453,24.700000762939453,2145497
2021-04-27,24.399999618530273,25.700000762939453,24.299999237060547,24.600000381469727,24.600000381469727,1069183
2021-04-28,24.75,27.200000762939453,23.0,26.75,26.75,4691441
2021-04-29,26.850000381469727,27.299999237060547,25.549999237060547,25.850000381469727,25.850000381469727,1894279
2021-04-30,25.5,25.799999237060547,24.600000381469727,24.950000762939453,24.950000762939453,1153143
2021-05-03,24.950000762939453,26.899999618530273,24.5,26.350000381469727,26.350000381469727,1955152
2021-05-04,26.649999618530273,27.299999237060547,24.850000381469727,25.049999237060547,25.049999237060547,1332898
2021-05-05,25.350000381469727,26.899999618530273,25.049999237060547,26.0,26.0,1594005
2021-05-06,26.25,26.450000762939453,25.600000381469727,25.850000381469727,25.850000381469727,877243
2021-05-07,26.100000381469727,26.350000381469727,25.299999237060547,25.5,25.5,651927
2021-05-10,26.0,26.75,25.75,26.149999618530273,26.149999618530273,1258989
2021-05-11,25.950000762939453,31.350000381469727,25.75,31.350000381469727,31.350000381469727,9702632
2021-05-12,32.650001525878906,33.25,29.649999618530273,30.899999618530273,30.899999618530273,7971559
2021-05-14,31.25,31.75,28.25,29.350000381469727,29.350000381469727,2284903
2021-05-17,30.0,30.600000381469727,28.950000762939453,29.049999237060547,29.049999237060547,918512
2021-05-18,29.25,29.700000762939453,27.5,28.100000381469727,28.100000381469727,998074
2021-05-19,28.5,30.899999618530273,28.299999237060547,30.350000381469727,30.350000381469727,3119081
2021-05-20,30.450000762939453,30.450000762939453,29.100000381469727,29.200000762939453,29.200000762939453,967606
2021-05-21,29.950000762939453,30.350000381469727,29.299999237060547,29.549999237060547,29.549999237060547,756057
2021-05-24,30.0,30.200000762939453,29.0,29.100000381469727,29.100000381469727,779959
2021-05-25,29.5,29.649999618530273,28.450000762939453,28.549999237060547,28.549999237060547,635476
2021-05-26,28.899999618530273,31.399999618530273,28.649999618530273,31.399999618530273,31.399999618530273,1868316
2021-05-27,32.900001525878906,34.150001525878906,31.049999237060547,33.20000076293945,33.20000076293945,4451277
2021-05-28,34.20000076293945,34.20000076293945,31.350000381469727,31.700000762939453,31.700000762939453,2184049
2021-05-31,32.0,32.79999923706055,30.700000762939453,31.049999237060547,31.049999237060547,919106
2021-06-01,31.299999237060547,31.5,29.549999237060547,29.899999618530273,29.899999618530273,780587
2021-06-02,29.600000381469727,31.399999618530273,29.399999618530273,30.399999618530273,30.399999618530273,1030364
2021-06-03,30.549999237060547,33.400001525878906,30.5,32.45000076293945,32.45000076293945,2233753
2021-06-04,32.849998474121094,34.5,31.700000762939453,33.599998474121094,33.599998474121094,2509316
2021-06-07,35.20000076293945,36.599998474121094,34.150001525878906,35.5,35.5,3639940
2021-06-08,36.45000076293945,37.75,34.5,36.75,36.75,3792013
2021-06-09,36.95000076293945,39.70000076293945,36.04999923706055,37.150001525878906,37.150001525878906,4412537
2021-06-10,37.79999923706055,38.599998474121094,37.0,37.849998474121094,37.849998474121094,1991828
2021-06-11,38.5,43.150001525878906,38.349998474121094,40.45000076293945,40.45000076293945,9079052
2021-06-14,40.95000076293945,43.20000076293945,37.5,41.900001525878906,41.900001525878906,5215654
2021-06-15,42.25,43.400001525878906,41.04999923706055,41.70000076293945,41.70000076293945,2265398
2021-06-16,41.54999923706055,41.95000076293945,39.5,39.70000076293945,39.70000076293945,1614811
2021-06-17,39.400001525878906,42.599998474121094,38.75,41.29999923706055,41.29999923706055,2854720
2021-06-18,43.29999923706055,44.0,39.099998474121094,41.95000076293945,41.95000076293945,6564008
2021-06-21,40.349998474121094,45.0,40.349998474121094,44.150001525878906,44.150001525878906,4430582
2021-06-22,45.650001525878906,46.400001525878906,43.29999923706055,43.95000076293945,43.95000076293945,6604655
2021-06-23,44.400001525878906,44.5,42.0,42.25,42.25,1160655
2021-06-24,42.25,42.75,39.54999923706055,40.349998474121094,40.349998474121094,1361493
2021-06-25,39.900001525878906,41.70000076293945,39.150001525878906,40.150001525878906,40.150001525878906,1276896
2021-06-28,40.5,40.599998474121094,39.25,39.79999923706055,39.79999923706055,740529
2021-06-29,39.45000076293945,42.0,39.25,40.849998474121094,40.849998474121094,1747013
2021-06-30,41.20000076293945,41.75,39.79999923706055,40.29999923706055,40.29999923706055,1013628
2021-07-01,40.04999923706055,41.29999923706055,39.900001525878906,40.150001525878906,40.150001525878906,703414
2021-07-02,40.349998474121094,40.900001525878906,39.900001525878906,40.349998474121094,40.349998474121094,765416
2021-07-05,40.75,44.25,40.099998474121094,42.95000076293945,42.95000076293945,3576417
2021-07-06,43.0,46.25,43.0,45.150001525878906,45.150001525878906,4863118
2021-07-07,44.79999923706055,46.0,44.20000076293945,44.650001525878906,44.650001525878906,1407620
2021-07-08,44.75,46.0,43.25,45.45000076293945,45.45000076293945,2177253
2021-07-09,45.400001525878906,46.900001525878906,44.150001525878906,46.5,46.5,2721708
2021-07-12,47.79999923706055,47.900001525878906,43.45000076293945,43.95000076293945,43.95000076293945,4352179
2021-07-13,45.400001525878906,45.400001525878906,43.79999923706055,44.20000076293945,44.20000076293945,1122823
2021-07-14,45.04999923706055,45.099998474121094,42.54999923706055,42.849998474121094,42.849998474121094,942002
2021-07-15,42.70000076293945,43.25,40.79999923706055,41.150001525878906,41.150001525878906,1177083
2021-07-16,41.20000076293945,42.349998474121094,40.54999923706055,40.75,40.75,926638
2021-07-19,39.900001525878906,40.95000076293945,39.650001525878906,39.849998474121094,39.849998474121094,721979
2021-07-20,40.20000076293945,40.20000076293945,37.349998474121094,38.04999923706055,38.04999923706055,1143467
2021-07-22,38.95000076293945,43.79999923706055,38.54999923706055,42.54999923706055,42.54999923706055,2681424
2021-07-23,42.95000076293945,43.25,39.099998474121094,40.099998474121094,40.099998474121094,2458584
2021-07-26,39.70000076293945,39.70000076293945,38.0,38.29999923706055,38.29999923706055,1422713
2021-07-27,38.70000076293945,40.400001525878906,37.79999923706055,38.54999923706055,38.54999923706055,1076720
2021-07-28,38.70000076293945,39.349998474121094,36.099998474121094,36.95000076293945,36.95000076293945,957329
2021-07-29,37.150001525878906,37.5,34.650001525878906,35.349998474121094,35.349998474121094,1178415
2021-07-30,35.650001525878906,36.5,35.0,35.20000076293945,35.20000076293945,811777
2021-08-02,35.70000076293945,35.900001525878906,34.45000076293945,35.04999923706055,35.04999923706055,745869
2021-08-03,34.54999923706055,35.25,33.599998474121094,33.900001525878906,33.900001525878906,732896
2021-08-04,33.900001525878906,34.79999923706055,31.200000762939453,32.20000076293945,32.20000076293945,1185387
2021-08-05,31.799999237060547,32.650001525878906,30.0,31.649999618530273,31.649999618530273,1224081
2021-08-06,31.299999237060547,34.29999923706055,31.299999237060547,34.0,34.0,1152879
2021-08-09,34.04999923706055,34.20000076293945,32.099998474121094,32.349998474121094,32.349998474121094,407300
2021-08-10,32.349998474121094,32.95000076293945,28.0,29.850000381469727,29.850000381469727,1491432
2021-08-11,29.799999237060547,29.799999237060547,26.75,29.549999237060547,29.549999237060547,1958156
2021-08-12,30.0,32.650001525878906,30.0,32.150001525878906,32.150001525878906,839106
2021-08-13,32.349998474121094,32.54999923706055,30.799999237060547,31.0,31.0,411681
2021-08-16,32.400001525878906,32.70000076293945,29.350000381469727,30.0,30.0,911330
2021-08-17,30.200000762939453,33.0,30.0,32.0,32.0,1338080
2021-08-18,32.0,32.599998474121094,30.700000762939453,31.0,31.0,494481
2021-08-20,30.75,31.25,28.950000762939453,29.149999618530273,29.149999618530273,539248
2021-08-23,30.600000381469727,30.600000381469727,27.549999237060547,28.049999237060547,28.049999237060547,425947
2021-08-24,28.049999237060547,29.399999618530273,28.0,29.100000381469727,29.100000381469727,330571
2021-08-25,29.399999618530273,31.5,29.399999618530273,30.850000381469727,30.850000381469727,646775
2021-08-26,30.799999237060547,32.5,30.399999618530273,31.75,31.75,686199
2021-08-27,32.04999923706055,32.349998474121094,31.200000762939453,31.700000762939453,31.700000762939453,288063
2021-08-30,31.600000381469727,32.20000076293945,31.0,31.149999618530273,31.149999618530273,269906
2021-08-31,30.850000381469727,31.399999618530273,30.399999618530273,30.549999237060547,30.549999237060547,223140
2021-09-01,30.75,31.200000762939453,30.0,30.100000381469727,30.100000381469727,219526
2021-09-02,30.149999618530273,31.399999618530273,29.899999618530273,30.350000381469727,30.350000381469727,505276
2021-09-03,30.450000762939453,30.799999237060547,29.75,29.950000762939453,29.950000762939453,339731
2021-09-06,30.200000762939453,30.5,29.299999237060547,29.549999237060547,29.549999237060547,202316
2021-09-07,29.799999237060547,30.450000762939453,29.100000381469727,29.649999618530273,29.649999618530273,265485
2021-09-08,29.75,30.149999618530273,29.200000762939453,29.450000762939453,29.450000762939453,216849
2021-09-09,29.600000381469727,30.0,29.5,29.549999237060547,29.549999237060547,164293
2021-09-13,29.600000381469727,29.950000762939453,28.700000762939453,29.100000381469727,29.100000381469727,366685
2021-09-14,29.200000762939453,30.200000762939453,29.149999618530273,29.600000381469727,29.600000381469727,277093
2021-09-15,29.799999237060547,31.649999618530273,29.700000762939453,30.850000381469727,30.850000381469727,822512
2021-09-16,31.100000381469727,31.399999618530273,30.350000381469727,30.399999618530273,30.399999618530273,314076
2021-09-17,30.600000381469727,30.600000381469727,29.200000762939453,29.450000762939453,29.450000762939453,270464
2021-09-20,29.25,29.850000381469727,28.899999618530273,29.100000381469727,29.100000381469727,220138
2021-09-21,29.100000381469727,29.450000762939453,28.25,28.600000381469727,28.600000381469727,381451
2021-09-22,28.600000381469727,30.0,28.5,29.149999618530273,29.149999618530273,400205
2021-09-23,29.299999237060547,30.049999237060547,28.799999237060547,29.100000381469727,29.100000381469727,399597
2021-09-24,30.200000762939453,30.799999237060547,29.5,29.649999618530273,29.649999618530273,910173
2021-09-27,30.100000381469727,30.399999618530273,29.049999237060547,29.299999237060547,29.299999237060547,292333
2021-09-28,29.549999237060547,30.799999237060547,29.049999237060547,29.399999618530273,29.399999618530273,783437
2021-09-29,29.600000381469727,29.799999237060547,29.25,29.399999618530273,29.399999618530273,234158
2021-09-30,29.5,30.200000762939453,29.299999237060547,29.399999618530273,29.399999618530273,341421
2021-10-01,29.399999618530273,29.850000381469727,29.0,29.649999618530273,29.649999618530273,255876
2021-10-04,29.799999237060547,30.75,29.5,29.850000381469727,29.850000381469727,506976
2021-10-05,29.399999618530273,30.450000762939453,29.399999618530273,30.0,30.0,425772
2021-10-06,30.200000762939453,34.150001525878906,29.899999618530273,32.900001525878906,32.900001525878906,3604591
2021-10-07,33.099998474121094,33.650001525878906,31.549999237060547,31.700000762939453,31.700000762939453,1196716
2021-10-08,32.04999923706055,32.75,31.799999237060547,32.0,32.0,540247
2021-10-11,32.5,32.54999923706055,31.299999237060547,31.450000762939453,31.450000762939453,462409
2021-10-12,31.299999237060547,31.75,30.399999618530273,30.649999618530273,30.649999618530273,399767
2021-10-13,30.649999618530273,31.75,30.549999237060547,30.75,30.75,452460
2021-10-14,30.75,31.25,30.299999237060547,30.399999618530273,30.399999618530273,404841
2021-10-18,30.399999618530273,31.0,30.25,30.350000381469727,30.350000381469727,371197
2021-10-19,30.450000762939453,30.600000381469727,29.25,29.299999237060547,29.299999237060547,465763
2021-10-20,29.450000762939453,29.450000762939453,28.399999618530273,28.75,28.75,399414
2021-10-21,29.0,29.200000762939453,26.600000381469727,27.950000762939453,27.950000762939453,364130
2021-10-22,28.25,28.850000381469727,27.549999237060547,27.899999618530273,27.899999618530273,322770
2021-10-25,27.899999618530273,28.149999618530273,26.299999237060547,26.799999237060547,26.799999237060547,602547
2021-10-26,26.700000762939453,27.5,26.549999237060547,26.899999618530273,26.899999618530273,445733
2021-10-27,27.450000762939453,28.299999237060547,26.799999237060547,27.350000381469727,27.350000381469727,515133
2021-10-28,27.399999618530273,27.399999618530273,26.700000762939453,26.75,26.75,206070
2021-10-29,26.75,26.799999237060547,26.149999618530273,26.399999618530273,26.399999618530273,228308
2021-11-01,26.649999618530273,26.700000762939453,26.25,26.399999618530273,26.399999618530273,184379
2021-11-02,26.549999237060547,27.5,26.399999618530273,27.25,27.25,256704
2021-11-03,27.549999237060547,27.549999237060547,26.399999618530273,26.600000381469727,26.600000381469727,172377
2021-11-04,26.899999618530273,27.399999618530273,26.649999618530273,27.049999237060547,27.049999237060547,65525
2021-11-08,27.100000381469727,27.450000762939453,26.700000762939453,26.799999237060547,26.799999237060547,190326
2021-11-09,27.0,27.350000381469727,26.75,26.850000381469727,26.850000381469727,257810
2021-11-10,26.600000381469727,27.100000381469727,26.600000381469727,26.75,26.75,195852
2021-11-11,26.700000762939453,26.850000381469727,26.399999618530273,26.5,26.5,141088
2021-11-12,26.75,26.75,25.100000381469727,25.75,25.75,343715
2021-11-15,26.600000381469727,26.600000381469727,25.200000762939453,25.25,25.25,272568
2021-11-16,25.5,25.850000381469727,25.0,25.100000381469727,25.100000381469727,458389
2021-11-17,25.25,25.75,24.899999618530273,25.0,25.0,295021
2021-11-18,25.0,25.25,24.0,24.399999618530273,24.399999618530273,319868
2021-11-22,24.350000381469727,24.399999618530273,23.25,23.549999237060547,23.549999237060547,368665
2021-11-23,23.700000762939453,24.799999237060547,23.100000381469727,24.600000381469727,24.600000381469727,260457
2021-11-24,24.899999618530273,25.5,24.649999618530273,24.850000381469727,24.850000381469727,186980
2021-11-25,24.850000381469727,25.75,24.0,25.299999237060547,25.299999237060547,214072
2021-11-26,25.399999618530273,26.399999618530273,24.600000381469727,25.0,25.0,584839
2021-11-29,25.399999618530273,25.649999618530273,23.700000762939453,23.799999237060547,23.799999237060547,382616
2021-11-30,23.850000381469727,24.549999237060547,23.5,23.600000381469727,23.600000381469727,208899
2021-12-01,24.100000381469727,24.549999237060547,23.149999618530273,23.450000762939453,23.450000762939453,372988
2021-12-02,23.600000381469727,24.299999237060547,23.25,23.700000762939453,23.700000762939453,211873
2021-12-03,24.0,25.799999237060547,23.700000762939453,25.299999237060547,25.299999237060547,480981
2021-12-06,25.200000762939453,25.75,24.450000762939453,24.600000381469727,24.600000381469727,501681
2021-12-07,24.850000381469727,25.350000381469727,24.649999618530273,24.799999237060547,24.799999237060547,276152
2021-12-08,25.100000381469727,25.450000762939453,24.75,24.950000762939453,24.950000762939453,214090
2021-12-09,25.149999618530273,26.450000762939453,25.0,26.100000381469727,26.100000381469727,533064
2021-12-10,26.5,27.899999618530273,26.149999618530273,27.700000762939453,27.700000762939453,1098321
2021-12-13,28.399999618530273,28.399999618530273,26.600000381469727,26.850000381469727,26.850000381469727,471779
2021-12-14,26.450000762939453,27.799999237060547,26.299999237060547,27.049999237060547,27.049999237060547,387471
2021-12-15,27.049999237060547,31.0,26.700000762939453,29.100000381469727,29.100000381469727,3429380
2021-12-16,29.600000381469727,29.649999618530273,25.399999618530273,26.299999237060547,26.299999237060547,2064479
2021-12-17,26.399999618530273,29.100000381469727,25.799999237060547,27.950000762939453,27.950000762939453,1701196
2021-12-20,27.899999618530273,27.950000762939453,26.0,26.350000381469727,26.350000381469727,633803
2021-12-21,26.899999618530273,27.0,26.0,26.149999618530273,26.149999618530273,427626
2021-12-22,26.299999237060547,27.600000381469727,25.950000762939453,26.75,26.75,437940
2021-12-23,27.200000762939453,27.200000762939453,26.299999237060547,26.450000762939453,26.450000762939453,483290
2021-12-24,26.700000762939453,26.700000762939453,25.899999618530273,26.200000762939453,26.200000762939453,290054
2021-12-27,26.5,27.200000762939453,26.0,26.299999237060547,26.299999237060547,651473
2021-12-28,26.399999618530273,26.850000381469727,26.350000381469727,26.450000762939453,26.450000762939453,491094
2021-12-29,26.5,27.5,26.5,26.899999618530273,26.899999618530273,732416
2021-12-30,27.100000381469727,27.899999618530273,26.75,27.049999237060547,27.049999237060547,796622
2021-12-31,27.25,27.5,26.549999237060547,26.799999237060547,26.799999237060547,461823
2022-01-03,26.950000762939453,28.950000762939453,26.899999618530273,28.450000762939453,28.450000762939453,1330740
2022-01-04,28.700000762939453,29.25,27.700000762939453,28.200000762939453,28.200000762939453,613018
2022-01-05,28.200000762939453,31.950000762939453,27.850000381469727,30.75,30.75,2828849
2022-01-06,30.399999618530273,31.700000762939453,29.450000762939453,30.899999618530273,30.899999618530273,1934305
2022-01-07,31.799999237060547,33.650001525878906,31.100000381469727,33.0,33.0,3469242
2022-01-10,33.75,34.099998474121094,33.0,33.75,33.75,1771777
2022-01-11,33.900001525878906,34.099998474121094,32.20000076293945,32.45000076293945,32.45000076293945,898192
2022-01-12,32.95000076293945,33.25,31.25,31.350000381469727,31.350000381469727,761621
2022-01-13,31.5,32.150001525878906,31.100000381469727,31.25,31.25,444345
2022-01-14,31.25,31.25,30.200000762939453,30.549999237060547,30.549999237060547,600343
2022-01-17,30.700000762939453,36.650001525878906,30.600000381469727,36.650001525878906,36.650001525878906,4689057
2022-01-18,37.849998474121094,39.0,35.400001525878906,36.0,36.0,7550135
2022-01-19,36.099998474121094,36.25,34.29999923706055,34.650001525878906,34.650001525878906,1365073
2022-01-20,34.79999923706055,38.29999923706055,34.650001525878906,36.70000076293945,36.70000076293945,2533723
2022-01-21,36.70000076293945,36.900001525878906,33.650001525878906,34.20000076293945,34.20000076293945,1067149
2022-01-24,34.20000076293945,34.20000076293945,31.149999618530273,32.400001525878906,32.400001525878906,1282645
2022-01-25,32.099998474121094,33.0,30.549999237060547,32.20000076293945,32.20000076293945,768567
2022-01-27,32.20000076293945,33.79999923706055,32.150001525878906,32.75,32.75,820011
2022-01-28,32.95000076293945,34.099998474121094,32.54999923706055,32.75,32.75,541423
2022-01-31,33.45000076293945,33.75,32.099998474121094,32.45000076293945,32.45000076293945,399577
2022-02-01,32.75,32.75,29.75,31.600000381469727,31.600000381469727,438092
2022-02-02,32.599998474121094,33.5,32.04999923706055,32.5,32.5,626664
2022-02-03,32.599998474121094,33.45000076293945,32.20000076293945,32.95000076293945,32.95000076293945,440512
2022-02-04,32.95000076293945,35.900001525878906,32.650001525878906,34.79999923706055,34.79999923706055,1552709
2022-02-07,35.5,35.95000076293945,33.20000076293945,33.79999923706055,33.79999923706055,725627
2022-02-08,33.900001525878906,34.0,31.5,32.349998474121094,32.349998474121094,586131
2022-02-09,32.5,33.29999923706055,32.150001525878906,32.70000076293945,32.70000076293945,346238
2022-02-10,32.70000076293945,33.20000076293945,32.0,32.400001525878906,32.400001525878906,324114
2022-02-11,31.899999618530273,32.900001525878906,31.5,31.75,31.75,363229
2022-02-14,30.899999618530273,31.200000762939453,29.649999618530273,30.0,30.0,378040
2022-02-15,31.0,32.349998474121094,30.100000381469727,31.200000762939453,31.200000762939453,687387
2022-02-16,32.0,32.150001525878906,31.100000381469727,31.299999237060547,31.299999237060547,294625
2022-02-17,31.600000381469727,31.850000381469727,30.5,30.899999618530273,30.899999618530273,247952
2022-02-18,30.549999237060547,31.25,30.0,30.149999618530273,30.149999618530273,231255
2022-02-21,30.0,30.350000381469727,28.75,29.049999237060547,29.049999237060547,374957
2022-02-22,28.0,28.049999237060547,26.75,27.299999237060547,27.299999237060547,479517
2022-02-23,27.350000381469727,29.799999237060547,27.350000381469727,28.5,28.5,443864
2022-02-24,27.200000762939453,28.299999237060547,25.0,25.25,25.25,858070
2022-02-25,26.850000381469727,27.399999618530273,26.149999618530273,27.049999237060547,27.049999237060547,443605
2022-02-28,27.0,27.200000762939453,26.200000762939453,26.850000381469727,26.850000381469727,373304
2022-03-02,26.549999237060547,27.549999237060547,26.350000381469727,26.75,26.75,247679
2022-03-03,26.850000381469727,27.700000762939453,26.600000381469727,26.799999237060547,26.799999237060547,257443
2022-03-04,26.799999237060547,26.950000762939453,26.0,26.5,26.5,224078
2022-03-07,26.25,26.25,25.0,25.399999618530273,25.399999618530273,285067
2022-03-08,25.049999237060547,26.450000762939453,25.049999237060547,26.049999237060547,26.049999237060547,202626
2022-03-09,26.299999237060547,28.399999618530273,26.299999237060547,27.899999618530273,27.899999618530273,789400
2022-03-10,28.649999618530273,29.100000381469727,28.149999618530273,28.299999237060547,28.299999237060547,230811
2022-03-11,28.850000381469727,28.850000381469727,27.799999237060547,28.0,28.0,230297
2022-03-14,27.0,27.799999237060547,26.5,27.0,27.0,599882
2022-03-15,27.25,27.950000762939453,26.850000381469727,27.100000381469727,27.100000381469727,309109
2022-03-16,27.350000381469727,27.700000762939453,26.950000762939453,27.049999237060547,27.049999237060547,265247
2022-03-17,27.350000381469727,27.899999618530273,27.350000381469727,27.5,27.5,301012
2022-03-21,27.75,28.5,27.5,27.850000381469727,27.850000381469727,352745
2022-03-22,27.600000381469727,28.25,27.299999237060547,27.549999237060547,27.549999237060547,229612
2022-03-23,27.799999237060547,27.950000762939453,27.5,27.549999237060547,27.549999237060547,195103
2022-03-24,27.549999237060547,27.899999618530273,27.0,27.149999618530273,27.149999618530273,335172
2022-03-25,27.450000762939453,27.450000762939453,26.5,26.700000762939453,26.700000762939453,246681
2022-03-28,26.950000762939453,26.950000762939453,25.25,25.450000762939453,25.450000762939453,408216
2022-03-29,26.0,26.0,24.149999618530273,24.350000381469727,24.350000381469727,603400
2022-03-30,25.399999618530273,25.5,24.200000762939453,24.600000381469727,24.600000381469727,507818
2022-03-31,24.5,25.0,23.850000381469727,24.049999237060547,24.049999237060547,578232
2022-04-01,24.5,26.950000762939453,24.100000381469727,26.399999618530273,26.399999618530273,802048
2022-04-04,26.950000762939453,27.049999237060547,26.299999237060547,26.649999618530273,26.649999618530273,467230
2022-04-05,26.899999618530273,28.75,26.799999237060547,28.100000381469727,28.100000381469727,818733
2022-04-06,28.0,29.5,27.850000381469727,28.75,28.75,610808
2022-04-07,29.0,29.899999618530273,28.200000762939453,28.5,28.5,592813
2022-04-08,28.399999618530273,34.20000076293945,28.399999618530273,32.349998474121094,32.349998474121094,7129454
2022-04-11,32.5,33.0,30.75,31.049999237060547,31.049999237060547,1172986
2022-04-12,31.0,31.5,28.799999237060547,30.299999237060547,30.299999237060547,1888415
2022-04-13,30.549999237060547,31.649999618530273,30.200000762939453,30.649999618530273,30.649999618530273,587327
2022-04-18,30.649999618530273,32.20000076293945,30.299999237060547,31.549999237060547,31.549999237060547,1094008
2022-04-19,32.099998474121094,32.349998474121094,27.649999618530273,30.100000381469727,30.100000381469727,718893
2022-04-20,31.0,31.5,30.0,30.549999237060547,30.549999237060547,399541
2022-04-21,30.850000381469727,32.25,30.75,31.149999618530273,31.149999618530273,788767
2022-04-22,30.75,32.25,30.75,30.950000762939453,30.950000762939453,579608
2022-04-25,30.799999237060547,30.799999237060547,29.5,29.649999618530273,29.649999618530273,443146
2022-04-26,29.700000762939453,30.600000381469727,29.450000762939453,29.700000762939453,29.700000762939453,337892
2022-04-27,29.700000762939453,30.049999237060547,28.700000762939453,29.100000381469727,29.100000381469727,332681
2022-04-28,29.149999618530273,30.200000762939453,28.0,28.549999237060547,28.549999237060547,387053
2022-04-29,29.0,29.399999618530273,28.200000762939453,28.450000762939453,28.450000762939453,336121
2022-05-02,28.100000381469727,28.5,27.5,27.799999237060547,27.799999237060547,237655
2022-05-04,27.799999237060547,28.75,26.799999237060547,27.450000762939453,27.450000762939453,285344
2022-05-05,28.0,28.049999237060547,27.049999237060547,27.450000762939453,27.450000762939453,168849
2022-05-06,27.049999237060547,27.299999237060547,26.299999237060547,26.799999237060547,26.799999237060547,320138
2022-05-09,26.299999237060547,26.799999237060547,26.0,26.350000381469727,26.350000381469727,354915
2022-05-10,26.0,26.950000762939453,25.700000762939453,25.850000381469727,25.850000381469727,281383
2022-05-11,26.299999237060547,26.5,24.049999237060547,24.600000381469727,24.600000381469727,341556
2022-05-12,24.549999237060547,27.299999237060547,23.549999237060547,23.899999618530273,23.899999618530273,342548
2022-05-13,24.350000381469727,25.5,24.299999237060547,24.549999237060547,24.549999237060547,260704
2022-05-16,24.549999237060547,26.049999237060547,24.549999237060547,25.149999618530273,25.149999618530273,207279
2022-05-17,25.5,26.25,25.100000381469727,26.100000381469727,26.100000381469727,309384
2022-05-18,26.149999618530273,27.0,25.850000381469727,26.399999618530273,26.399999618530273,308087
2022-05-19,26.0,26.0,25.100000381469727,25.299999237060547,25.299999237060547,218315
2022-05-20,25.899999618530273,26.399999618530273,25.75,26.0,26.0,188053
2022-05-23,25.5,26.200000762939453,25.450000762939453,25.549999237060547,25.549999237060547,190030
2022-05-24,25.700000762939453,26.25,25.350000381469727,25.5,25.5,142794
2022-05-25,25.549999237060547,25.899999618530273,24.5,24.549999237060547,24.549999237060547,155024
2022-05-26,24.700000762939453,24.950000762939453,23.549999237060547,24.25,24.25,165099
2022-05-27,24.450000762939453,25.5,24.100000381469727,25.350000381469727,25.350000381469727,191539
2022-05-30,25.399999618530273,25.899999618530273,24.700000762939453,25.399999618530273,25.399999618530273,214374
2022-05-31,27.200000762939453,27.5,26.0,26.200000762939453,26.200000762939453,350809
2022-06-01,26.600000381469727,26.700000762939453,25.950000762939453,26.0,26.0,171128
2022-06-02,26.049999237060547,26.399999618530273,25.649999618530273,25.899999618530273,25.899999618530273,132588
2022-06-03,26.100000381469727,26.549999237060547,25.200000762939453,25.549999237060547,25.549999237060547,283451
2022-06-06,25.549999237060547,25.75,25.149999618530273,25.299999237060547,25.299999237060547,104389
2022-06-07,25.049999237060547,25.299999237060547,24.450000762939453,24.549999237060547,24.549999237060547,215015
2022-06-08,24.799999237060547,25.299999237060547,24.600000381469727,24.75,24.75,99322
2022-06-09,24.5,25.399999618530273,24.5,25.0,25.0,94746
2022-06-10,24.649999618530273,25.5,24.5,24.799999237060547,24.799999237060547,121599
2022-06-13,24.600000381469727,24.799999237060547,23.899999618530273,24.0,24.0,151774
2022-06-14,23.649999618530273,24.299999237060547,23.649999618530273,23.75,23.75,157951
2022-06-15,23.799999237060547,24.25,23.600000381469727,23.899999618530273,23.899999618530273,120575
2022-06-16,24.399999618530273,24.5,22.25,22.799999237060547,22.799999237060547,203705
2022-06-17,22.75,23.0,22.0,22.450000762939453,22.450000762939453,130406
2022-06-20,22.600000381469727,22.950000762939453,20.75,20.950000762939453,20.950000762939453,173494
2022-06-21,21.450000762939453,22.700000762939453,21.25,22.25,22.25,149833
2022-06-22,22.299999237060547,22.549999237060547,21.799999237060547,21.899999618530273,21.899999618530273,89249
2022-06-23,22.100000381469727,23.899999618530273,22.100000381469727,22.950000762939453,22.950000762939453,235317
2022-06-24,23.700000762939453,23.950000762939453,22.75,23.049999237060547,23.049999237060547,142398
2022-06-27,23.450000762939453,23.850000381469727,22.600000381469727,23.0,23.0,118047
2022-06-28,23.100000381469727,23.399999618530273,22.799999237060547,23.149999618530273,23.149999618530273,67079
2022-06-29,22.700000762939453,23.299999237060547,22.600000381469727,23.100000381469727,23.100000381469727,43627
2022-06-30,22.75,24.200000762939453,22.600000381469727,23.25,23.25,189531
2022-07-01,23.100000381469727,23.5,22.799999237060547,23.200000762939453,23.200000762939453,35240
2022-07-04,22.899999618530273,23.450000762939453,22.649999618530273,23.0,23.0,30373
2022-07-05,23.0,23.5,23.0,23.049999237060547,23.049999237060547,80357
2022-07-06,23.149999618530273,23.450000762939453,22.799999237060547,23.049999237060547,23.049999237060547,96324
2022-07-07,23.399999618530273,24.600000381469727,23.350000381469727,24.200000762939453,24.200000762939453,274572
2022-07-08,24.299999237060547,24.549999237060547,23.600000381469727,23.75,23.75,109982
2022-07-11,23.799999237060547,24.450000762939453,23.450000762939453,24.049999237060547,24.049999237060547,102410
2022-07-12,24.049999237060547,24.700000762939453,23.799999237060547,24.200000762939453,24.200000762939453,77682
2022-07-13,24.450000762939453,25.100000381469727,24.25,24.399999618530273,24.399999618530273,141335
2022-07-14,24.799999237060547,25.350000381469727,24.200000762939453,24.450000762939453,24.450000762939453,200214
2022-07-15,24.799999237060547,24.799999237060547,24.049999237060547,24.100000381469727,24.100000381469727,52930
2022-07-18,24.25,24.549999237060547,24.100000381469727,24.200000762939453,24.200000762939453,73156
2022-07-19,24.049999237060547,25.149999618530273,23.799999237060547,24.950000762939453,24.950000762939453,162423
2022-07-20,25.25,25.5,24.200000762939453,24.75,24.75,192559
2022-07-21,24.899999618530273,24.899999618530273,24.5,24.75,24.75,96866
2022-07-22,24.850000381469727,25.0,23.700000762939453,24.399999618530273,24.399999618530273,148398
2022-07-25,24.799999237060547,24.799999237060547,23.899999618530273,24.100000381469727,24.100000381469727,101587
2022-07-26,24.100000381469727,24.350000381469727,23.600000381469727,23.799999237060547,23.799999237060547,73980
2022-07-27,23.799999237060547,24.100000381469727,23.600000381469727,23.700000762939453,23.700000762939453,68877
2022-07-28,23.899999618530273,24.0,23.549999237060547,23.649999618530273,23.649999618530273,87718
2022-07-29,24.149999618530273,24.149999618530273,23.700000762939453,23.850000381469727,23.850000381469727,130820
2022-08-01,23.850000381469727,24.299999237060547,23.700000762939453,24.100000381469727,24.100000381469727,163249
2022-08-02,24.149999618530273,24.799999237060547,23.600000381469727,24.549999237060547,24.549999237060547,236145
2022-08-03,24.600000381469727,24.850000381469727,23.600000381469727,24.299999237060547,24.299999237060547,177197
2022-08-04,24.299999237060547,24.799999237060547,23.850000381469727,24.450000762939453,24.450000762939453,170281
2022-08-05,24.850000381469727,24.850000381469727,24.0,24.100000381469727,24.100000381469727,90630
2022-08-08,23.850000381469727,24.899999618530273,23.850000381469727,24.399999618530273,24.399999618530273,176707
2022-08-10,24.350000381469727,24.600000381469727,24.100000381469727,24.350000381469727,24.350000381469727,60318
2022-08-11,24.299999237060547,24.5,23.950000762939453,24.200000762939453,24.200000762939453,78604
2022-08-12,24.25,24.899999618530273,24.049999237060547,24.5,24.5,196227
2022-08-16,24.399999618530273,24.399999618530273,23.799999237060547,24.0,24.0,182417
2022-08-17,24.100000381469727,24.649999618530273,22.700000762939453,23.0,23.0,805840
2022-08-18,23.100000381469727,23.450000762939453,22.0,23.149999618530273,23.149999618530273,328330
2022-08-19,23.0,23.75,23.0,23.25,23.25,190261
2022-08-22,23.25,23.549999237060547,22.5,22.899999618530273,22.899999618530273,147029
2022-08-23,22.850000381469727,23.200000762939453,22.100000381469727,22.700000762939453,22.700000762939453,189601
2022-08-24,22.700000762939453,23.100000381469727,22.700000762939453,22.850000381469727,22.850000381469727,190719
2022-08-25,23.100000381469727,23.399999618530273,23.0,23.149999618530273,23.149999618530273,229886
2022-08-26,23.25,23.399999618530273,22.850000381469727,22.950000762939453,22.950000762939453,145785
2022-08-29,22.5,23.0,22.450000762939453,22.899999618530273,22.899999618530273,118753
2022-08-30,23.049999237060547,23.299999237060547,22.799999237060547,22.899999618530273,22.899999618530273,242817
2022-09-01,22.899999618530273,23.149999618530273,22.649999618530273,22.799999237060547,22.799999237060547,200759
2022-09-02,22.799999237060547,24.649999618530273,22.799999237060547,23.950000762939453,23.950000762939453,1229937
2022-09-05,24.100000381469727,24.450000762939453,23.100000381469727,23.200000762939453,23.200000762939453,510863
2022-09-06,23.450000762939453,23.5,22.899999618530273,22.950000762939453,22.950000762939453,379073
2022-09-07,23.0,23.950000762939453,22.75,22.850000381469727,22.850000381469727,629603
2022-09-08,23.149999618530273,23.450000762939453,23.049999237060547,23.149999618530273,23.149999618530273,257041
2022-09-09,23.399999618530273,24.299999237060547,23.049999237060547,24.149999618530273,24.149999618530273,676303
2022-09-12,24.350000381469727,24.950000762939453,24.0,24.299999237060547,24.299999237060547,477722
2022-09-13,24.549999237060547,24.549999237060547,24.0,24.049999237060547,24.049999237060547,172086
2022-09-14,23.549999237060547,25.75,23.5,25.200000762939453,25.200000762939453,1316711
2022-09-15,25.450000762939453,25.450000762939453,24.799999237060547,24.950000762939453,24.950000762939453,359231
2022-09-16,25.149999618530273,25.200000762939453,23.5,23.75,23.75,328211
2022-09-19,23.549999237060547,24.200000762939453,23.5,23.600000381469727,23.600000381469727,149613
2022-09-20,23.700000762939453,24.0,23.5,23.600000381469727,23.600000381469727,120589
2022-09-21,23.75,23.75,23.149999618530273,23.200000762939453,23.200000762939453,117319
2022-09-22,23.200000762939453,23.399999618530273,23.0,23.25,23.25,94049
2022-09-23,23.25,23.399999618530273,22.649999618530273,22.850000381469727,22.850000381469727,146303
2022-09-26,22.549999237060547,23.25,20.5,21.149999618530273,21.149999618530273,467515
2022-09-27,21.549999237060547,21.799999237060547,20.799999237060547,21.0,21.0,303147
2022-09-28,20.950000762939453,22.0,20.649999618530273,20.850000381469727,20.850000381469727,142188
2022-09-29,20.799999237060547,21.299999237060547,20.700000762939453,20.899999618530273,20.899999618530273,181032
2022-09-30,20.75,21.350000381469727,20.75,21.0,21.0,164809
2022-10-03,21.049999237060547,21.850000381469727,21.049999237060547,21.299999237060547,21.299999237060547,252305
2022-10-04,21.649999618530273,21.850000381469727,21.450000762939453,21.649999618530273,21.649999618530273,177316
2022-10-06,21.950000762939453,22.049999237060547,21.700000762939453,21.75,21.75,140564
2022-10-07,21.649999618530273,22.649999618530273,21.649999618530273,22.399999618530273,22.399999618530273,180624
2022-10-10,22.25,22.399999618530273,21.899999618530273,22.149999618530273,22.149999618530273,144531
2022-10-11,22.25,22.299999237060547,21.700000762939453,21.799999237060547,21.799999237060547,154794
2022-10-12,22.049999237060547,22.049999237060547,21.5,21.600000381469727,21.600000381469727,163294
2022-10-13,21.600000381469727,21.75,21.200000762939453,21.399999618530273,21.399999618530273,78084
2022-10-14,21.75,21.799999237060547,20.850000381469727,21.200000762939453,21.200000762939453,137554
2022-10-17,21.549999237060547,21.649999618530273,21.200000762939453,21.299999237060547,21.299999237060547,76152
2022-10-18,21.5,21.600000381469727,21.399999618530273,21.450000762939453,21.450000762939453,86460
2022-10-19,21.5,22.25,21.450000762939453,21.700000762939453,21.700000762939453,169311
2022-10-20,21.899999618530273,21.950000762939453,21.399999618530273,21.5,21.5,58520
2022-10-21,21.5,21.850000381469727,21.100000381469727,21.25,21.25,105529
2022-10-24,21.700000762939453,21.799999237060547,21.5,21.700000762939453,21.700000762939453,42408
2022-10-25,21.399999618530273,21.75,21.299999237060547,21.399999618530273,21.399999618530273,130860
2022-10-27,21.399999618530273,21.700000762939453,21.399999618530273,21.549999237060547,21.549999237060547,108570
2022-10-28,21.600000381469727,21.649999618530273,21.5,21.549999237060547,21.549999237060547,77968
2022-10-31,21.700000762939453,21.700000762939453,21.299999237060547,21.350000381469727,21.350000381469727,159051
2022-11-01,21.200000762939453,21.5,21.200000762939453,21.399999618530273,21.399999618530273,106343
2022-11-02,21.5,21.5,21.149999618530273,21.25,21.25,177761
2022-11-03,21.450000762939453,21.549999237060547,21.149999618530273,21.200000762939453,21.200000762939453,102722
2022-11-04,21.350000381469727,21.350000381469727,20.899999618530273,21.100000381469727,21.100000381469727,303233
2022-11-07,21.350000381469727,21.350000381469727,20.950000762939453,21.100000381469727,21.100000381469727,231164
2022-11-09,21.299999237060547,21.399999618530273,21.149999618530273,21.25,21.25,266024
2022-11-10,21.350000381469727,21.350000381469727,21.049999237060547,21.100000381469727,21.100000381469727,115521
2022-11-11,21.350000381469727,21.75,21.149999618530273,21.399999618530273,21.399999618530273,245866
2022-11-14,21.649999618530273,21.649999618530273,21.100000381469727,21.399999618530273,21.399999618530273,213473
2022-11-15,21.399999618530273,21.399999618530273,20.0,20.700000762939453,20.700000762939453,318140
2022-11-16,20.700000762939453,21.0,20.549999237060547,20.649999618530273,20.649999618530273,222236
2022-11-17,20.600000381469727,20.75,20.049999237060547,20.350000381469727,20.350000381469727,189268
2022-11-18,20.549999237060547,20.549999237060547,20.149999618530273,20.200000762939453,20.200000762939453,123172
2022-11-21,20.299999237060547,20.299999237060547,19.700000762939453,20.0,20.0,349739
2022-11-22,20.0,20.100000381469727,19.799999237060547,19.950000762939453,19.950000762939453,207886
2022-11-23,20.200000762939453,20.25,19.700000762939453,19.899999618530273,19.899999618530273,258926
2022-11-24,20.100000381469727,20.149999618530273,19.950000762939453,20.100000381469727,20.100000381469727,102534
2022-11-25,20.350000381469727,21.75,20.049999237060547,21.100000381469727,21.100000381469727,526166
2022-11-28,21.600000381469727,21.649999618530273,21.149999618530273,21.200000762939453,21.200000762939453,189076
2022-11-29,21.450000762939453,21.450000762939453,20.899999618530273,21.049999237060547,21.049999237060547,134365
2022-11-30,21.100000381469727,21.200000762939453,20.799999237060547,21.0,21.0,92354
2022-12-01,21.0,21.450000762939453,21.0,21.100000381469727,21.100000381469727,160655
2022-12-02,21.0,21.549999237060547,20.950000762939453,21.200000762939453,21.200000762939453,243818
2022-12-05,21.200000762939453,23.799999237060547,21.049999237060547,22.950000762939453,22.950000762939453,1059371
2022-12-06,23.25,23.950000762939453,22.899999618530273,23.25,23.25,661811
2022-12-07,23.299999237060547,23.399999618530273,22.600000381469727,22.850000381469727,22.850000381469727,214101
2022-12-08,22.600000381469727,22.950000762939453,22.299999237060547,22.450000762939453,22.450000762939453,113496
2022-12-09,22.649999618530273,23.25,21.350000381469727,21.799999237060547,21.799999237060547,288695
2022-12-12,21.799999237060547,24.399999618530273,21.350000381469727,23.350000381469727,23.350000381469727,1116086
2022-12-13,23.5,24.0,22.5,23.350000381469727,23.350000381469727,385807
2022-12-14,23.350000381469727,23.700000762939453,22.600000381469727,22.899999618530273,22.899999618530273,217831
2022-12-15,23.0,24.350000381469727,22.950000762939453,23.149999618530273,23.149999618530273,594571
2022-12-16,23.299999237060547,23.5,22.649999618530273,22.850000381469727,22.850000381469727,174216
2022-12-19,23.200000762939453,23.649999618530273,22.75,23.200000762939453,23.200000762939453,194566
2022-12-20,23.0,23.399999618530273,22.75,22.899999618530273,22.899999618530273,142807
2022-12-21,22.899999618530273,23.899999618530273,20.350000381469727,22.149999618530273,22.149999618530273,1397005
2022-12-22,22.5,25.299999237060547,22.5,23.950000762939453,23.950000762939453,5424464
2022-12-23,24.200000762939453,28.5,24.200000762939453,27.5,27.5,9218236
2022-12-26,28.399999618530273,30.899999618530273,25.0,25.450000762939453,25.450000762939453,6279837
2022-12-27,25.5,25.649999618530273,23.850000381469727,24.049999237060547,24.049999237060547,2081581
2022-12-28,24.0,25.600000381469727,24.0,24.649999618530273,24.649999618530273,1557315
2022-12-29,24.950000762939453,26.200000762939453,24.700000762939453,25.450000762939453,25.450000762939453,1284932
2022-12-30,25.450000762939453,25.600000381469727,24.350000381469727,24.549999237060547,24.549999237060547,583228
2023-01-02,24.75,24.799999237060547,23.549999237060547,23.799999237060547,23.799999237060547,562124
2023-01-03,23.950000762939453,24.5,23.100000381469727,23.799999237060547,23.799999237060547,733490
2023-01-04,23.950000762939453,24.450000762939453,23.75,23.950000762939453,23.950000762939453,461219
2023-01-05,24.100000381469727,24.100000381469727,23.399999618530273,23.549999237060547,23.549999237060547,240323
2023-01-06,23.5,23.799999237060547,22.600000381469727,23.0,23.0,318384
2023-01-09,23.200000762939453,23.649999618530273,22.700000762939453,22.850000381469727,22.850000381469727,311901
2023-01-10,23.049999237060547,23.149999618530273,22.600000381469727,22.899999618530273,22.899999618530273,270686
2023-01-11,22.950000762939453,23.5,22.75,22.950000762939453,22.950000762939453,331006
2023-01-12,23.100000381469727,23.399999618530273,22.5,22.600000381469727,22.600000381469727,318563
2023-01-13,22.450000762939453,22.899999618530273,21.899999618530273,22.200000762939453,22.200000762939453,488215
2023-01-16,22.149999618530273,22.450000762939453,22.100000381469727,22.100000381469727,22.100000381469727,131026
2023-01-17,22.200000762939453,22.25,21.149999618530273,21.75,21.75,264067
2023-01-18,21.799999237060547,22.399999618530273,21.350000381469727,22.0,22.0,278380
2023-01-19,22.100000381469727,22.899999618530273,22.049999237060547,22.200000762939453,22.200000762939453,254326
2023-01-20,22.700000762939453,22.700000762939453,21.75,21.850000381469727,21.850000381469727,161933
2023-01-23,22.100000381469727,22.100000381469727,21.0,21.350000381469727,21.350000381469727,275288
2023-01-24,21.399999618530273,21.850000381469727,21.100000381469727,21.25,21.25,185966
2023-01-25,21.200000762939453,21.350000381469727,20.700000762939453,20.950000762939453,20.950000762939453,250253
2023-01-27,21.049999237060547,21.200000762939453,20.200000762939453,20.549999237060547,20.549999237060547,222886
2023-01-30,20.5,20.850000381469727,20.149999618530273,20.299999237060547,20.299999237060547,136343
2023-01-31,20.450000762939453,20.450000762939453,19.649999618530273,20.25,20.25,536509
2023-02-01,20.399999618530273,20.899999618530273,19.700000762939453,19.950000762939453,19.950000762939453,179597
2023-02-02,19.899999618530273,20.25,19.649999618530273,19.850000381469727,19.850000381469727,184233
2023-02-03,19.950000762939453,20.100000381469727,19.0,19.399999618530273,19.399999618530273,221730
2023-02-06,19.350000381469727,19.600000381469727,19.100000381469727,19.25,19.25,289035
2023-02-07,19.350000381469727,19.5,19.049999237060547,19.100000381469727,19.100000381469727,162823
2023-02-08,19.350000381469727,19.350000381469727,18.899999618530273,19.049999237060547,19.049999237060547,192902
2023-02-09,19.149999618530273,19.700000762939453,19.0,19.450000762939453,19.450000762939453,298513
2023-02-10,19.350000381469727,19.549999237060547,18.950000762939453,19.0,19.0,291167
2023-02-13,19.049999237060547,19.100000381469727,18.299999237060547,18.649999618530273,18.649999618530273,323749
2023-02-14,18.75,18.899999618530273,18.149999618530273,18.549999237060547,18.549999237060547,154866
2023-02-15,18.549999237060547,18.649999618530273,18.200000762939453,18.450000762939453,18.450000762939453,114338
2023-02-16,18.5,18.549999237060547,18.299999237060547,18.399999618530273,18.399999618530273,156706
2023-02-17,18.450000762939453,18.549999237060547,18.350000381469727,18.5,18.5,133110
2023-02-20,18.799999237060547,18.799999237060547,17.700000762939453,17.75,17.75,263526
2023-02-21,17.850000381469727,17.950000762939453,17.5,17.5,17.5,185480
2023-02-22,17.549999237060547,17.600000381469727,17.200000762939453,17.25,17.25,146057
2023-02-23,17.399999618530273,17.450000762939453,17.100000381469727,17.350000381469727,17.350000381469727,83840
2023-02-24,17.450000762939453,17.799999237060547,17.200000762939453,17.299999237060547,17.299999237060547,102273
2023-02-27,17.049999237060547,17.299999237060547,16.700000762939453,17.149999618530273,17.149999618530273,109926
2023-02-28,17.399999618530273,18.950000762939453,17.100000381469727,17.25,17.25,242012
2023-03-01,17.299999237060547,17.799999237060547,17.100000381469727,17.450000762939453,17.450000762939453,184347
2023-03-02,17.399999618530273,17.850000381469727,17.350000381469727,17.450000762939453,17.450000762939453,79795
2023-03-03,17.600000381469727,17.799999237060547,17.100000381469727,17.299999237060547,17.299999237060547,173007
2023-03-06,17.450000762939453,17.950000762939453,17.350000381469727,17.649999618530273,17.649999618530273,117585
2023-03-08,17.600000381469727,17.799999237060547,17.350000381469727,17.649999618530273,17.649999618530273,199024
2023-03-09,17.799999237060547,18.850000381469727,17.649999618530273,18.049999237060547,18.049999237060547,371041
2023-03-10,17.950000762939453,18.450000762939453,17.649999618530273,17.700000762939453,17.700000762939453,182849
2023-03-13,18.0,18.0,17.049999237060547,17.149999618530273,17.149999618530273,173765
2023-03-14,17.049999237060547,17.350000381469727,16.799999237060547,16.899999618530273,16.899999618530273,197166
2023-03-15,16.950000762939453,17.450000762939453,16.200000762939453,16.450000762939453,16.450000762939453,330034
2023-03-16,16.450000762939453,16.649999618530273,16.049999237060547,16.25,16.25,158476
2023-03-17,16.299999237060547,16.600000381469727,16.200000762939453,16.299999237060547,16.299999237060547,165184
2023-03-20,16.200000762939453,16.5,16.049999237060547,16.25,16.25,98740
2023-03-21,16.25,16.600000381469727,16.049999237060547,16.200000762939453,16.200000762939453,141266
2023-03-22,16.200000762939453,16.450000762939453,16.200000762939453,16.350000381469727,16.350000381469727,63077
2023-03-23,16.350000381469727,17.0,16.200000762939453,16.5,16.5,491051
2023-03-24,16.850000381469727,16.850000381469727,16.149999618530273,16.200000762939453,16.200000762939453,227533
2023-03-27,16.200000762939453,16.299999237060547,15.399999618530273,15.5,15.5,291909
2023-03-28,15.699999809265137,15.850000381469727,14.5,14.649999618530273,14.649999618530273,387793
2023-03-29,14.649999618530273,15.25,14.649999618530273,15.0,15.0,409104
2023-03-31,15.449999809265137,16.299999237060547,15.199999809265137,15.949999809265137,15.949999809265137,387727
2023-04-03,16.399999618530273,16.549999237060547,15.5,16.399999618530273,16.399999618530273,381297
2023-04-05,17.100000381469727,17.100000381469727,16.25,16.700000762939453,16.700000762939453,240072
2023-04-06,17.0,17.0,16.5,16.649999618530273,16.649999618530273,129124
2023-04-10,16.850000381469727,17.299999237060547,16.649999618530273,16.950000762939453,16.950000762939453,280503
2023-04-11,16.899999618530273,17.25,16.850000381469727,16.950000762939453,16.950000762939453,138793
2023-04-12,17.200000762939453,18.100000381469727,16.899999618530273,17.799999237060547,17.799999237060547,463124
2023-04-13,17.799999237060547,18.049999237060547,17.450000762939453,17.549999237060547,17.549999237060547,215901
2023-04-17,17.549999237060547,17.75,17.149999618530273,17.399999618530273,17.399999618530273,119728
2023-04-18,17.549999237060547,17.899999618530273,17.450000762939453,17.600000381469727,17.600000381469727,187776
2023-04-19,17.600000381469727,18.049999237060547,17.549999237060547,17.700000762939453,17.700000762939453,282913
2023-04-20,17.899999618530273,18.0,17.549999237060547,17.649999618530273,17.649999618530273,169503
2023-04-21,17.799999237060547,17.899999618530273,17.149999618530273,17.399999618530273,17.399999618530273,170584
2023-04-24,17.649999618530273,17.649999618530273,17.049999237060547,17.149999618530273,17.149999618530273,143161
2023-04-25,17.450000762939453,17.450000762939453,17.100000381469727,17.149999618530273,17.149999618530273,131303
2023-04-26,17.200000762939453,17.75,17.100000381469727,17.549999237060547,17.549999237060547,178158
2023-04-27,17.75,17.850000381469727,17.549999237060547,17.700000762939453,17.700000762939453,97360
2023-04-28,17.600000381469727,18.450000762939453,17.600000381469727,18.299999237060547,18.299999237060547,326543
2023-05-02,18.299999237060547,18.5,17.100000381469727,17.950000762939453,17.950000762939453,184835
2023-05-03,17.950000762939453,18.299999237060547,17.75,18.0,18.0,132612
2023-05-04,18.0,18.399999618530273,18.0,18.200000762939453,18.200000762939453,155821
2023-05-05,18.200000762939453,18.299999237060547,17.799999237060547,17.850000381469727,17.850000381469727,155927
2023-05-08,18.25,18.25,17.600000381469727,17.850000381469727,17.850000381469727,82821
2023-05-09,17.950000762939453,18.149999618530273,17.299999237060547,17.5,17.5,99837
2023-05-10,17.799999237060547,17.899999618530273,17.049999237060547,17.100000381469727,17.100000381469727,205983
2023-05-11,17.25,17.350000381469727,17.049999237060547,17.049999237060547,17.049999237060547,108896
2023-05-12,17.25,17.25,16.899999618530273,16.950000762939453,16.950000762939453,130735
2023-05-15,17.200000762939453,17.399999618530273,16.700000762939453,17.25,17.25,173937
2023-05-16,17.25,17.5,17.0,17.100000381469727,17.100000381469727,139296
2023-05-17,17.299999237060547,17.450000762939453,17.100000381469727,17.200000762939453,17.200000762939453,67068
2023-05-18,17.350000381469727,17.350000381469727,16.950000762939453,17.0,17.0,102344
2023-05-19,17.149999618530273,17.149999618530273,16.5,16.799999237060547,16.799999237060547,118969
2023-05-22,16.850000381469727,17.0,16.600000381469727,16.700000762939453,16.700000762939453,84860
2023-05-23,16.75,17.100000381469727,16.649999618530273,16.75,16.75,160299
2023-05-24,16.850000381469727,16.899999618530273,16.600000381469727,16.700000762939453,16.700000762939453,79752
2023-05-25,16.700000762939453,17.0,16.600000381469727,16.799999237060547,16.799999237060547,131795
2023-05-26,17.049999237060547,17.350000381469727,16.5,17.25,17.25,354549
2023-05-29,17.25,17.399999618530273,16.5,16.950000762939453,16.950000762939453,147909
2023-05-30,16.899999618530273,17.100000381469727,16.850000381469727,17.0,17.0,95049
2023-05-31,17.0,17.100000381469727,16.700000762939453,16.850000381469727,16.850000381469727,125256
2023-06-01,16.899999618530273,17.200000762939453,16.75,17.0,17.0,139592
2023-06-02,17.200000762939453,17.399999618530273,17.0,17.299999237060547,17.299999237060547,217963
2023-06-05,17.200000762939453,17.549999237060547,17.100000381469727,17.350000381469727,17.350000381469727,156154
2023-06-06,17.399999618530273,17.549999237060547,17.149999618530273,17.299999237060547,17.299999237060547,149683
2023-06-07,17.299999237060547,17.850000381469727,17.200000762939453,17.600000381469727,17.600000381469727,249943
2023-06-08,17.799999237060547,18.049999237060547,17.649999618530273,17.75,17.75,270788
2023-06-09,18.0,18.0,17.5,17.549999237060547,17.549999237060547,119352
2023-06-12,17.850000381469727,17.850000381469727,17.5,17.600000381469727,17.600000381469727,116287
2023-06-13,17.850000381469727,18.0,17.649999618530273,17.799999237060547,17.799999237060547,221541
2023-06-14,17.799999237060547,18.0,17.75,17.950000762939453,17.950000762939453,156644
2023-06-15,18.0,21.5,17.950000762939453,21.399999618530273,21.399999618530273,8171444
2023-06-16,21.350000381469727,21.350000381469727,19.899999618530273,20.0,20.0,1187160
2023-06-19,20.100000381469727,20.450000762939453,19.25,19.549999237060547,19.549999237060547,633296
2023-06-20,19.850000381469727,20.450000762939453,19.549999237060547,19.899999618530273,19.899999618530273,830577
2023-06-21,20.0,20.200000762939453,19.799999237060547,19.799999237060547,19.799999237060547,410988
2023-06-22,20.049999237060547,20.049999237060547,19.399999618530273,19.5,19.5,186686
2023-06-23,19.5,19.549999237060547,18.950000762939453,19.049999237060547,19.049999237060547,205619
2023-06-26,19.0,19.149999618530273,18.649999618530273,18.799999237060547,18.799999237060547,186587
2023-06-27,18.75,19.75,18.75,19.399999618530273,19.399999618530273,272771
2023-06-28,19.450000762939453,19.799999237060547,19.100000381469727,19.299999237060547,19.299999237060547,129171
2023-06-30,19.149999618530273,21.299999237060547,19.0,20.5,20.5,935723
2023-07-03,20.75,20.75,20.0,20.25,20.25,227908
2023-07-04,20.5,20.5,19.850000381469727,19.950000762939453,19.950000762939453,174385
2023-07-05,20.0,21.25,19.799999237060547,20.450000762939453,20.450000762939453,622286
2023-07-06,20.5,21.149999618530273,20.450000762939453,20.649999618530273,20.649999618530273,305143
2023-07-07,20.600000381469727,22.149999618530273,20.600000381469727,21.450000762939453,21.450000762939453,1045320
2023-07-10,21.600000381469727,21.75,21.350000381469727,21.549999237060547,21.549999237060547,330376
2023-07-11,21.600000381469727,21.799999237060547,21.149999618530273,21.25,21.25,161102
2023-07-12,21.350000381469727,21.899999618530273,20.600000381469727,21.25,21.25,403290
2023-07-13,21.649999618530273,21.649999618530273,21.200000762939453,21.450000762939453,21.450000762939453,391009
2023-07-14,21.450000762939453,21.899999618530273,21.25,21.549999237060547,21.549999237060547,230330
2023-07-17,21.25,21.850000381469727,21.25,21.5,21.5,209938
2023-07-18,21.5,21.950000762939453,21.350000381469727,21.549999237060547,21.549999237060547,216936
2023-07-19,21.899999618530273,22.600000381469727,21.450000762939453,21.649999618530273,21.649999618530273,492152
2023-07-20,21.799999237060547,21.799999237060547,21.450000762939453,21.5,21.5,191029
2023-07-21,21.450000762939453,21.700000762939453,21.299999237060547,21.549999237060547,21.549999237060547,266980
2023-07-24,21.549999237060547,21.850000381469727,21.299999237060547,21.399999618530273,21.399999618530273,165261
2023-07-25,21.450000762939453,21.75,21.299999237060547,21.5,21.5,202862
2023-07-26,21.75,23.649999618530273,21.5,22.950000762939453,22.950000762939453,1409404
2023-07-27,23.100000381469727,27.149999618530273,22.899999618530273,26.399999618530273,26.399999618530273,6026953
2023-07-28,26.399999618530273,26.450000762939453,25.299999237060547,25.549999237060547,25.549999237060547,1095948
2023-07-31,25.600000381469727,25.799999237060547,24.049999237060547,24.75,24.75,510518
2023-08-01,24.549999237060547,25.649999618530273,24.450000762939453,24.600000381469727,24.600000381469727,439805
2023-08-02,24.799999237060547,25.399999618530273,23.600000381469727,24.0,24.0,830884
2023-08-03,24.200000762939453,25.75,24.100000381469727,25.149999618530273,25.149999618530273,767385
2023-08-04,25.450000762939453,25.450000762939453,24.549999237060547,24.75,24.75,264413
2023-08-07,24.950000762939453,26.299999237060547,24.75,26.049999237060547,26.049999237060547,1010281
2023-08-08,26.200000762939453,26.549999237060547,25.549999237060547,25.799999237060547,25.799999237060547,686665
2023-08-09,26.049999237060547,26.549999237060547,25.850000381469727,26.299999237060547,26.299999237060547,632768
2023-08-10,26.25,28.25,26.149999618530273,27.049999237060547,27.049999237060547,1992236
2023-08-11,27.200000762939453,27.899999618530273,26.5,26.700000762939453,26.700000762939453,688122
2023-08-14,26.5,26.850000381469727,24.5,24.700000762939453,24.700000762939453,1059498
2023-08-16,24.75,25.299999237060547,24.100000381469727,24.75,24.75,482996
2023-08-17,24.850000381469727,25.350000381469727,24.149999618530273,24.350000381469727,24.350000381469727,417237
2023-08-18,24.149999618530273,24.649999618530273,23.75,24.049999237060547,24.049999237060547,268862
2023-08-21,24.200000762939453,24.799999237060547,24.0,24.600000381469727,24.600000381469727,279027
2023-08-22,24.850000381469727,25.649999618530273,24.799999237060547,25.049999237060547,25.049999237060547,547826
2023-08-23,25.200000762939453,25.649999618530273,25.100000381469727,25.5,25.5,360232
2023-08-24,25.700000762939453,27.399999618530273,25.5,25.799999237060547,25.799999237060547,1126389
2023-08-25,25.5,26.299999237060547,25.149999618530273,25.899999618530273,25.899999618530273,589764
2023-08-28,26.200000762939453,28.049999237060547,26.100000381469727,27.149999618530273,27.149999618530273,1112550
2023-08-29,27.350000381469727,28.950000762939453,27.350000381469727,27.850000381469727,27.850000381469727,1483150
2023-08-30,28.299999237060547,28.299999237060547,26.399999618530273,26.5,26.5,1163374
2023-08-31,26.649999618530273,26.899999618530273,26.100000381469727,26.399999618530273,26.399999618530273,704233
2023-09-01,26.350000381469727,26.950000762939453,25.799999237060547,26.450000762939453,26.450000762939453,764274
2023-09-04,26.950000762939453,27.600000381469727,26.75,26.850000381469727,26.850000381469727,795916
2023-09-05,27.100000381469727,28.600000381469727,27.100000381469727,27.950000762939453,27.950000762939453,1356634
2023-09-06,27.850000381469727,28.799999237060547,27.25,27.399999618530273,27.399999618530273,1075079
2023-09-07,27.5,28.450000762939453,27.399999618530273,28.049999237060547,28.049999237060547,791302
2023-09-08,28.200000762939453,28.5,26.75,27.200000762939453,27.200000762939453,1459622
2023-09-11,27.299999237060547,27.350000381469727,26.149999618530273,26.399999618530273,26.399999618530273,720724
2023-09-12,26.549999237060547,26.700000762939453,24.850000381469727,25.100000381469727,25.100000381469727,1018177
2023-09-13,25.100000381469727,25.850000381469727,24.649999618530273,25.5,25.5,635320
2023-09-14,25.299999237060547,26.100000381469727,25.299999237060547,25.600000381469727,25.600000381469727,204489
2023-09-15,25.700000762939453,26.149999618530273,25.600000381469727,25.75,25.75,251541
2023-09-18,25.850000381469727,26.200000762939453,25.5,25.600000381469727,25.600000381469727,299041
2023-09-20,25.549999237060547,25.600000381469727,24.75,25.049999237060547,25.049999237060547,281877
2023-09-21,24.850000381469727,25.399999618530273,24.75,24.799999237060547,24.799999237060547,223396
2023-09-22,24.75,25.950000762939453,24.75,25.649999618530273,25.649999618530273,503517
2023-09-25,25.649999618530273,26.100000381469727,25.200000762939453,25.350000381469727,25.350000381469727,228642
2023-09-26,25.399999618530273,25.600000381469727,24.549999237060547,24.75,24.75,188733
2023-09-27,24.850000381469727,25.149999618530273,24.799999237060547,24.899999618530273,24.899999618530273,219842
2023-09-28,25.0,25.899999618530273,24.799999237060547,25.100000381469727,25.100000381469727,236794
2023-09-29,25.399999618530273,25.399999618530273,24.299999237060547,24.399999618530273,24.399999618530273,363069
2023-10-03,24.649999618530273,25.299999237060547,24.25,24.600000381469727,24.600000381469727,432005
2023-10-04,24.600000381469727,24.600000381469727,23.649999618530273,23.75,23.75,276104
2023-10-05,24.200000762939453,24.299999237060547,23.950000762939453,24.049999237060547,24.049999237060547,106088
2023-10-06,24.100000381469727,24.350000381469727,24.0,24.100000381469727,24.100000381469727,96172
2023-10-09,23.549999237060547,23.850000381469727,23.0,23.149999618530273,23.149999618530273,231584
2023-10-10,23.299999237060547,23.600000381469727,23.200000762939453,23.399999618530273,23.399999618530273,117084
2023-10-11,23.700000762939453,23.950000762939453,23.100000381469727,23.5,23.5,179830
2023-10-12,23.5,24.100000381469727,23.5,23.850000381469727,23.850000381469727,188508
2023-10-13,23.950000762939453,25.200000762939453,23.850000381469727,24.850000381469727,24.850000381469727,615547
2023-10-16,24.899999618530273,25.25,24.399999618530273,24.5,24.5,218965
2023-10-17,24.700000762939453,24.899999618530273,24.100000381469727,24.299999237060547,24.299999237060547,222245
2023-10-18,24.5,24.5,23.700000762939453,23.799999237060547,23.799999237060547,199586
2023-10-19,23.799999237060547,24.850000381469727,23.700000762939453,24.450000762939453,24.450000762939453,330546
2023-10-20,24.450000762939453,24.75,22.5,23.5,23.5,247878
2023-10-23,23.649999618530273,23.799999237060547,22.200000762939453,22.5,22.5,235547
2023-10-25,22.600000381469727,23.450000762939453,22.0,22.200000762939453,22.200000762939453,217365
2023-10-26,22.049999237060547,22.5,21.5,22.25,22.25,263876
2023-10-27,22.549999237060547,22.950000762939453,22.350000381469727,22.600000381469727,22.600000381469727,109794
2023-10-30,22.649999618530273,23.700000762939453,22.399999618530273,23.049999237060547,23.049999237060547,189006
2023-10-31,23.100000381469727,23.399999618530273,22.799999237060547,22.850000381469727,22.850000381469727,115714
2023-11-01,23.149999618530273,23.25,22.75,23.049999237060547,23.049999237060547,97948
2023-11-02,23.049999237060547,23.450000762939453,22.799999237060547,23.100000381469727,23.100000381469727,101461
2023-11-03,23.149999618530273,23.649999618530273,23.049999237060547,23.200000762939453,23.200000762939453,173759
2023-11-06,23.399999618530273,24.549999237060547,23.25,24.149999618530273,24.149999618530273,295804
2023-11-07,24.049999237060547,24.600000381469727,23.899999618530273,24.25,24.25,225040
2023-11-08,24.350000381469727,24.950000762939453,24.350000381469727,24.5,24.5,300514
2023-11-09,24.700000762939453,24.850000381469727,23.799999237060547,23.899999618530273,23.899999618530273,170426
2023-11-10,23.899999618530273,26.299999237060547,23.799999237060547,25.600000381469727,25.600000381469727,3668349
2023-11-13,26.700000762939453,26.700000762939453,25.200000762939453,25.600000381469727,25.600000381469727,508820
2023-11-15,25.600000381469727,26.5,25.0,25.25,25.25,667361
2023-11-16,25.399999618530273,26.299999237060547,25.299999237060547,25.700000762939453,25.700000762939453,538323
2023-11-17,25.850000381469727,26.100000381469727,25.399999618530273,25.600000381469727,25.600000381469727,333277
2023-11-20,25.649999618530273,28.649999618530273,25.399999618530273,28.25,28.25,5074836
2023-11-21,28.899999618530273,29.899999618530273,28.399999618530273,29.549999237060547,29.549999237060547,4573028
2023-11-22,29.399999618530273,30.799999237060547,28.799999237060547,29.0,29.0,2732181
2023-11-23,29.25,32.0,28.149999618530273,30.950000762939453,30.950000762939453,3096153
2023-11-24,30.950000762939453,31.5,29.950000762939453,30.299999237060547,30.299999237060547,1440580
2023-11-28,30.600000381469727,31.399999618530273,29.700000762939453,30.5,30.5,1208895
2023-11-29,30.799999237060547,31.399999618530273,30.100000381469727,30.450000762939453,30.450000762939453,1019100
2023-11-30,30.5,30.700000762939453,29.0,29.299999237060547,29.299999237060547,776919
2023-12-01,29.450000762939453,30.799999237060547,29.200000762939453,29.600000381469727,29.600000381469727,1348222
2023-12-04,29.899999618530273,30.5,29.600000381469727,29.75,29.75,720291
2023-12-05,29.850000381469727,30.899999618530273,27.350000381469727,29.0,29.0,1323674
2023-12-06,29.299999237060547,30.200000762939453,28.600000381469727,28.950000762939453,28.950000762939453,727102
2023-12-07,28.899999618530273,29.700000762939453,28.700000762939453,28.850000381469727,28.850000381469727,560035
2023-12-08,29.049999237060547,29.799999237060547,28.799999237060547,29.100000381469727,29.100000381469727,616657
2023-12-11,29.149999618530273,29.549999237060547,28.799999237060547,28.899999618530273,28.899999618530273,417223
2023-12-12,29.0,29.75,28.549999237060547,28.899999618530273,28.899999618530273,719198
2023-12-13,29.149999618530273,31.0,28.899999618530273,30.25,30.25,2083613
2023-12-14,30.649999618530273,30.700000762939453,29.450000762939453,29.649999618530273,29.649999618530273,634039
2023-12-15,29.75,31.299999237060547,29.75,30.049999237060547,30.049999237060547,1408826
2023-12-18,30.100000381469727,31.100000381469727,29.799999237060547,29.950000762939453,29.950000762939453,1014202
2023-12-19,30.049999237060547,30.649999618530273,29.75,29.899999618530273,29.899999618530273,595242
2023-12-20,30.049999237060547,34.400001525878906,30.049999237060547,31.75,31.75,12845532
2023-12-21,31.149999618530273,35.400001525878906,31.0,34.150001525878906,34.150001525878906,7170435
2023-12-22,34.650001525878906,34.849998474121094,32.95000076293945,33.650001525878906,33.650001525878906,3227810
2023-12-26,33.79999923706055,35.29999923706055,33.5,33.95000076293945,33.95000076293945,2577713
2023-12-27,34.20000076293945,34.650001525878906,32.54999923706055,33.150001525878906,33.150001525878906,1464688
2023-12-28,33.400001525878906,34.650001525878906,32.349998474121094,32.70000076293945,32.70000076293945,1785215
2023-12-29,32.75,33.099998474121094,31.899999618530273,32.150001525878906,32.150001525878906,730570
2024-01-01,32.25,33.29999923706055,31.899999618530273,32.5,32.5,1101293
2024-01-02,32.5,34.95000076293945,32.5,34.599998474121094,34.599998474121094,3577551
2024-01-03,34.900001525878906,35.20000076293945,33.75,34.25,34.25,2163257
2024-01-04,34.150001525878906,34.54999923706055,33.54999923706055,33.70000076293945,33.70000076293945,861924
2024-01-05,33.650001525878906,35.29999923706055,32.79999923706055,34.0,34.0,2328308
2024-01-08,33.900001525878906,34.25,32.599998474121094,32.79999923706055,32.79999923706055,1233963
2024-01-09,33.20000076293945,34.599998474121094,32.849998474121094,33.54999923706055,33.54999923706055,1382525
2024-01-10,33.650001525878906,34.900001525878906,33.29999923706055,33.849998474121094,33.849998474121094,1251842
2024-01-11,33.849998474121094,34.650001525878906,33.5,33.79999923706055,33.79999923706055,871824
2024-01-12,33.95000076293945,36.54999923706055,33.95000076293945,34.29999923706055,34.29999923706055,3238155
2024-01-15,34.5,34.900001525878906,33.54999923706055,34.29999923706055,34.29999923706055,1260551
2024-01-16,34.29999923706055,34.79999923706055,32.849998474121094,33.650001525878906,33.650001525878906,1031255
2024-01-17,33.45000076293945,33.70000076293945,32.599998474121094,33.349998474121094,33.349998474121094,873664
2024-01-18,33.29999923706055,35.5,32.150001525878906,34.599998474121094,34.599998474121094,2548114
2024-01-19,35.099998474121094,35.29999923706055,33.79999923706055,34.0,34.0,880039
2024-01-23,34.099998474121094,35.5,33.29999923706055,33.79999923706055,33.79999923706055,1709920
2024-01-24,34.25,36.29999923706055,33.900001525878906,35.54999923706055,35.54999923706055,4098172
2024-01-25,36.0,36.70000076293945,35.400001525878906,36.099998474121094,36.099998474121094,2203594
2024-01-29,36.400001525878906,36.95000076293945,35.150001525878906,35.349998474121094,35.349998474121094,1815335
2024-01-30,35.400001525878906,35.849998474121094,34.20000076293945,34.45000076293945,34.45000076293945,1432949
2024-01-31,34.599998474121094,37.400001525878906,34.599998474121094,36.5,36.5,3098130
2024-02-01,36.75,37.150001525878906,35.75,36.54999923706055,36.54999923706055,1795324
2024-02-02,36.900001525878906,38.54999923706055,36.349998474121094,37.150001525878906,37.150001525878906,3616094
2024-02-05,37.5,37.849998474121094,36.099998474121094,36.75,36.75,1500632
2024-02-06,36.79999923706055,38.20000076293945,36.349998474121094,37.650001525878906,37.650001525878906,1734951
2024-02-07,38.0,38.45000076293945,36.95000076293945,37.099998474121094,37.099998474121094,1539016
2024-02-08,37.20000076293945,39.20000076293945,36.650001525878906,37.79999923706055,37.79999923706055,3434829
2024-02-09,38.099998474121094,38.20000076293945,35.5,36.29999923706055,36.29999923706055,2353964
2024-02-12,36.599998474121094,37.099998474121094,34.349998474121094,34.650001525878906,34.650001525878906,1537860
2024-02-13,35.0,35.79999923706055,33.849998474121094,35.04999923706055,35.04999923706055,1327372
2024-02-14,34.70000076293945,40.0,34.400001525878906,36.54999923706055,36.54999923706055,4993809
2024-02-15,37.0,37.599998474121094,36.29999923706055,36.75,36.75,1487351
2024-02-16,37.0,44.099998474121094,37.0,43.150001525878906,43.150001525878906,21109358
2024-02-19,43.400001525878906,45.45000076293945,42.400001525878906,43.900001525878906,43.900001525878906,8155378
2024-02-20,44.0,45.70000076293945,43.04999923706055,44.20000076293945,44.20000076293945,4833511
2024-02-21,44.599998474121094,44.599998474121094,40.95000076293945,41.54999923706055,41.54999923706055,2299278
2024-02-22,41.95000076293945,42.20000076293945,39.650001525878906,41.29999923706055,41.29999923706055,1641608
2024-02-23,41.599998474121094,42.20000076293945,40.20000076293945,40.45000076293945,40.45000076293945,803294
2024-02-26,40.599998474121094,40.95000076293945,39.20000076293945,39.54999923706055,39.54999923706055,865905
2024-02-27,39.75,40.70000076293945,38.150001525878906,38.75,38.75,1196293
2024-02-28,38.900001525878906,39.599998474121094,36.70000076293945,37.29999923706055,37.29999923706055,850692
2024-02-29,37.599998474121094,38.54999923706055,37.0,38.25,38.25,671900
2024-03-01,38.54999923706055,39.349998474121094,37.099998474121094,37.25,37.25,561807
2024-03-04,38.349998474121094,38.349998474121094,36.20000076293945,36.599998474121094,36.599998474121094,556702
2024-03-05,36.70000076293945,37.099998474121094,34.79999923706055,35.099998474121094,35.099998474121094,653801
2024-03-06,35.099998474121094,35.75,33.75,34.95000076293945,34.95000076293945,1065954
2024-03-07,35.45000076293945,36.25,35.45000076293945,35.75,35.75,780713
2024-03-11,35.70000076293945,35.849998474121094,33.79999923706055,33.900001525878906,33.900001525878906,659238
2024-03-12,33.75,34.099998474121094,32.5,33.20000076293945,33.20000076293945,1114869
2024-03-13,32.70000076293945,33.0,30.149999618530273,30.399999618530273,30.399999618530273,993083
2024-03-14,30.049999237060547,32.75,29.5,31.649999618530273,31.649999618530273,522119
2024-03-18,31.0,32.150001525878906,30.899999618530273,31.399999618530273,31.399999618530273,353947
2024-03-19,31.0,32.20000076293945,31.0,31.850000381469727,31.850000381469727,441413
2024-03-20,31.549999237060547,32.0,30.149999618530273,30.700000762939453,30.700000762939453,328792
2024-03-21,31.0,31.5,30.75,31.0,31.0,451708
2024-03-22,31.049999237060547,32.0,30.850000381469727,31.450000762939453,31.450000762939453,346491
2024-03-26,31.450000762939453,31.649999618530273,30.75,30.75,30.75,426121
2024-03-27,30.700000762939453,31.149999618530273,30.049999237060547,30.100000381469727,30.100000381469727,1022553
2024-03-28,30.149999618530273,30.75,30.049999237060547,30.149999618530273,30.149999618530273,541696
2024-04-01,30.299999237060547,34.95000076293945,30.299999237060547,34.25,34.25,1373369
2024-04-02,34.5,37.0,34.5,36.29999923706055,36.29999923706055,1129500
2024-04-03,36.25,37.400001525878906,34.79999923706055,35.25,35.25,726498
2024-04-04,36.20000076293945,36.95000076293945,34.75,35.599998474121094,35.599998474121094,964415
2024-04-05,38.79999923706055,38.79999923706055,34.29999923706055,36.0,36.0,1468719
2024-04-08,36.25,36.45000076293945,35.29999923706055,35.45000076293945,35.45000076293945,237737
2024-04-09,35.45000076293945,35.75,34.5,34.849998474121094,34.849998474121094,220171
2024-04-10,34.79999923706055,35.150001525878906,34.5,34.75,34.75,175946
2024-04-12,34.70000076293945,35.04999923706055,33.70000076293945,33.849998474121094,33.849998474121094,322162
2024-04-15,33.5,33.5,31.950000762939453,32.599998474121094,32.599998474121094,333537
2024-04-16,32.25,34.650001525878906,32.150001525878906,34.150001525878906,34.150001525878906,324676
2024-04-18,34.150001525878906,35.29999923706055,33.04999923706055,33.150001525878906,33.150001525878906,250937
2024-04-19,32.45000076293945,34.349998474121094,32.25,33.29999923706055,33.29999923706055,172310
2024-04-22,34.29999923706055,34.95000076293945,33.54999923706055,34.25,34.25,291903
2024-04-23,34.45000076293945,34.79999923706055,33.75,34.0,34.0,157876
2024-04-24,34.20000076293945,35.900001525878906,33.75,34.599998474121094,34.599998474121094,387965
2024-04-25,34.0,34.599998474121094,33.95000076293945,34.25,34.25,182158
2024-04-26,34.400001525878906,35.650001525878906,34.099998474121094,35.150001525878906,35.150001525878906,538130
2024-04-29,35.099998474121094,35.599998474121094,34.54999923706055,34.599998474121094,34.599998474121094,140932
2024-04-30,34.79999923706055,34.79999923706055,34.45000076293945,34.45000076293945,34.45000076293945,100365
2024-05-02,34.45000076293945,35.79999923706055,33.900001525878906,35.20000076293945,35.20000076293945,673593
2024-05-03,35.400001525878906,35.900001525878906,34.20000076293945,34.45000076293945,34.45000076293945,212262
2024-05-06,34.75,36.0,33.900001525878906,35.20000076293945,35.20000076293945,311616
2024-05-07,35.349998474121094,35.70000076293945,33.70000076293945,33.79999923706055,33.79999923706055,168251
2024-05-08,33.95000076293945,35.900001525878906,33.45000076293945,34.849998474121094,34.849998474121094,874698
2024-05-09,34.95000076293945,35.45000076293945,33.20000076293945,33.349998474121094,33.349998474121094,237813
2024-05-10,33.5,34.25,33.099998474121094,33.400001525878906,33.400001525878906,178999
2024-05-13,33.349998474121094,33.349998474121094,32.900001525878906,33.099998474121094,33.099998474121094,188208
2024-05-14,32.79999923706055,33.25,32.599998474121094,32.75,32.75,290356
2024-05-15,32.75,36.599998474121094,32.75,35.75,35.75,3019534
2024-05-16,35.650001525878906,35.75,33.95000076293945,34.20000076293945,34.20000076293945,465933
2024-05-17,34.150001525878906,34.79999923706055,33.599998474121094,33.75,33.75,232487
2024-05-21,34.900001525878906,34.900001525878906,33.0,33.349998474121094,33.349998474121094,401567
2024-05-22,33.54999923706055,33.75,33.099998474121094,33.349998474121094,33.349998474121094,145870
2024-05-23,33.29999923706055,34.150001525878906,33.099998474121094,33.349998474121094,33.349998474121094,190249
2024-05-24,33.349998474121094,33.75,32.5,33.349998474121094,33.349998474121094,229799
2024-05-27,33.54999923706055,33.54999923706055,32.849998474121094,33.0,33.0,177801
2024-05-28,33.20000076293945,33.20000076293945,32.0,32.20000076293945,32.20000076293945,213125
2024-05-29,32.20000076293945,32.75,32.0,32.150001525878906,32.150001525878906,109978
2024-05-30,31.899999618530273,32.150001525878906,31.5,31.600000381469727,31.600000381469727,85793
2024-05-31,31.700000762939453,32.099998474121094,31.600000381469727,31.850000381469727,31.850000381469727,89792
2024-06-03,32.95000076293945,33.349998474121094,31.899999618530273,32.29999923706055,32.29999923706055,182770
2024-06-04,32.400001525878906,32.400001525878906,26.149999618530273,29.100000381469727,29.100000381469727,620924
2024-06-05,29.5,30.25,28.549999237060547,29.649999618530273,29.649999618530273,314304
2024-06-06,29.799999237060547,31.700000762939453,29.799999237060547,30.75,30.75,292044
2024-06-07,31.299999237060547,32.099998474121094,30.649999618530273,31.450000762939453,31.450000762939453,230013
2024-06-10,31.850000381469727,32.70000076293945,31.450000762939453,31.860000610351562,31.860000610351562,256592
2024-06-11,31.90999984741211,32.900001525878906,31.770000457763672,32.810001373291016,32.810001373291016,208501
