Date,Open,High,Low,Close,Adj Close,Volume
2008-01-11,45.99348831176758,45.99348831176758,39.163455963134766,40.81922149658203,31.264860153198242,171187
2008-01-14,40.91120910644531,43.23387908935547,39.784366607666016,42.19902420043945,32.32170486450195,40760
2008-01-15,42.750946044921875,46.43042755126953,42.750946044921875,44.70566940307617,34.24163055419922,83929
2008-01-16,44.981632232666016,47.833229064941406,40.26729965209961,41.94606018066406,32.1279411315918,135040
2008-01-17,43.69381332397461,45.41857147216797,43.003910064697266,43.73980712890625,33.5018424987793,77828
2008-01-18,41.44013214111328,43.69381332397461,39.370426177978516,39.370426177978516,30.15517807006836,38548
2008-01-21,40.47426986694336,40.47426986694336,35.598960876464844,35.598960876464844,27.266481399536133,28699
2008-01-22,33.52925109863281,33.52925109863281,32.05746078491211,32.05746078491211,24.553922653198242,10653
2008-01-23,32.19544219970703,33.667232513427734,30.470685958862305,33.667232513427734,25.78689956665039,20874
2008-01-24,34.4951171875,35.322998046875,31.98847007751465,33.16130447387695,25.39939308166504,27938
2008-01-25,34.4951171875,34.84006881713867,34.4951171875,34.84006881713867,26.685222625732422,29652
2008-01-28,34.4951171875,36.58781814575195,34.4951171875,36.357852935791016,27.847740173339844,47837
2008-01-29,38.10560607910156,38.17459487915039,38.10560607910156,38.17459487915039,29.239248275756836,14847
2008-01-30,39.531402587890625,40.08332443237305,38.17459487915039,38.956485748291016,29.838125228881836,36561
2008-01-31,38.496551513671875,40.91120910644531,37.71466064453125,40.2902946472168,30.85973358154297,74362
2008-02-01,39.66938400268555,39.784366607666016,38.31257629394531,38.703521728515625,29.644372940063477,32404
2008-02-04,39.14045715332031,40.65824508666992,39.14045715332031,40.1063232421875,30.718826293945312,19898
2008-02-05,40.1063232421875,40.42827606201172,39.09446334838867,39.117462158203125,29.96141815185547,5011
2008-02-06,38.63452911376953,39.04846954345703,37.76065444946289,38.197593688964844,29.256860733032227,27995
2008-02-07,38.35857009887695,38.84149932861328,36.7947883605957,37.024757385253906,28.358545303344727,14086
2008-02-08,35.943912506103516,37.20873260498047,35.25400924682617,36.4498405456543,27.918197631835938,8672
2008-02-11,35.943912506103516,37.00176239013672,34.633094787597656,34.77107620239258,26.63237190246582,11258
2008-02-12,35.00104522705078,35.00104522705078,33.046321868896484,33.06931686401367,25.328933715820312,5618
2008-02-13,33.11531066894531,33.16130447387695,31.459545135498047,31.4825439453125,24.11357307434082,62621
2008-02-14,30.585668563842773,33.06931686401367,30.585668563842773,33.000328063964844,25.276094436645508,3794
2008-02-15,32.21843719482422,34.65609359741211,32.21843719482422,34.65609359741211,26.5443058013916,4491
2008-02-18,35.82892608642578,36.403846740722656,35.41498565673828,36.403846740722656,27.882972717285156,2563
2008-02-19,38.24358367919922,38.24358367919922,37.25472640991211,38.197593688964844,29.256860733032227,6911
2008-02-20,36.7947883605957,38.17459487915039,36.28886032104492,36.28886032104492,27.794898986816406,9053
2008-02-21,37.71466064453125,37.921630859375,35.87491989135742,35.897918701171875,27.495454788208008,8385
2008-02-22,35.09303283691406,35.75993728637695,34.56410598754883,35.18501663208008,26.949420928955078,945
2008-02-25,34.4951171875,35.18501663208008,33.52925109863281,34.97804641723633,26.79090118408203,3050
2008-02-26,35.41498565673828,35.87491989135742,33.667232513427734,34.035179138183594,26.068723678588867,10012
2008-02-27,34.93205261230469,35.04703903198242,34.15016555786133,34.15016555786133,26.156795501708984,4541
2008-02-28,34.035179138183594,34.54111099243164,33.11531066894531,33.828208923339844,25.910202026367188,4805
2008-02-29,32.885345458984375,34.58710479736328,32.24143600463867,32.86234664916992,25.170412063598633,13547
2008-03-03,31.229578018188477,32.35641860961914,31.229578018188477,31.229578018188477,23.919818878173828,5829
2008-03-04,31.229578018188477,32.65537643432617,29.68879508972168,29.68879508972168,22.739681243896484,5966
2008-03-05,29.43583106994629,30.815637588500977,28.217004776000977,28.92990493774414,22.158418655395508,6226
2008-03-07,28.056028366088867,28.515962600708008,27.504106521606445,27.504106521606445,21.06635093688965,17793
2008-03-10,27.573095321655273,27.573095321655273,24.767492294311523,26.630229949951172,20.39702033996582,34357
2008-03-11,24.376548767089844,29.2978515625,24.146581649780273,29.2978515625,22.440244674682617,15041
2008-03-12,29.941761016845703,32.19544219970703,28.97589683532715,29.61980628967285,22.686838150024414,6055
2008-03-13,29.61980628967285,29.61980628967285,26.676223754882812,26.676223754882812,20.43224334716797,78119
2008-03-14,27.550098419189453,27.550098419189453,25.020456314086914,25.89433479309082,19.833370208740234,37090
2008-03-17,23.31869888305664,26.07830810546875,23.31869888305664,23.870620727539062,18.283336639404297,4361
2008-03-18,23.6866455078125,23.6866455078125,21.915897369384766,23.22671127319336,17.790145874023438,14367
2008-03-19,23.57166290283203,24.813486099243164,21.15700340270996,21.777915954589844,16.680461883544922,12623
2008-03-24,22.53680992126465,22.53680992126465,20.69706916809082,21.15700340270996,16.204883575439453,4707
2008-03-25,20.099153518676758,22.076873779296875,20.099153518676758,21.616939544677734,16.55716896057129,19902
2008-03-26,21.869903564453125,22.697786331176758,21.869903564453125,22.697786331176758,17.385019302368164,12501
2008-03-27,23.847623825073242,23.847623825073242,23.847623825073242,23.847623825073242,18.26572036743164,1180
2008-03-28,25.043453216552734,25.043453216552734,22.99674415588379,25.043453216552734,19.181650161743164,10294
2008-03-31,26.21628761291504,26.21628761291504,23.8016300201416,23.93960952758789,18.336177825927734,8944
2008-04-01,25.112443923950195,25.112443923950195,23.45667839050293,24.836483001708984,19.023128509521484,3117
2008-04-02,26.07830810546875,26.07830810546875,24.491531372070312,25.733356475830078,19.710071563720703,8764
2008-04-03,25.7563533782959,26.37726593017578,25.3424129486084,25.940326690673828,19.868600845336914,3215
2008-04-04,24.974464416503906,25.89433479309082,24.836483001708984,24.859479904174805,19.040740966796875,961
2008-04-07,25.7563533782959,25.940326690673828,24.054594039916992,25.503389358520508,19.533933639526367,7207
2008-04-08,25.526386260986328,25.871337890625,24.514528274536133,25.296417236328125,19.375404357910156,2413
2008-04-09,25.066450119018555,25.664365768432617,24.836483001708984,25.204431533813477,19.30495262145996,3389
2008-04-10,25.871337890625,26.44625473022461,25.388404846191406,26.33127212524414,20.16803550720215,3185
2008-04-11,27.366125106811523,27.366125106811523,25.848339080810547,26.906190872192383,20.60838508605957,1565
2008-04-15,25.98632049560547,26.676223754882812,25.572378158569336,26.46925163269043,20.27372169494629,35259
2008-04-16,27.136157989501953,27.182151794433594,25.158437728881836,25.273422241210938,19.357791900634766,20133
2008-04-17,26.21628761291504,26.35426902770996,25.526386260986328,25.98632049560547,19.903825759887695,2972
2008-04-21,26.21628761291504,27.297134399414062,25.388404846191406,27.113161087036133,20.76691246032715,25488
2008-04-22,27.113161087036133,28.469968795776367,27.113161087036133,28.469968795776367,21.806137084960938,16708
2008-04-23,28.079023361206055,28.171010971069336,27.159154891967773,27.803062438964844,21.29533576965332,2619
2008-04-24,27.136157989501953,27.136157989501953,26.423259735107422,26.630229949951172,20.39702033996582,7107
2008-04-25,25.98632049560547,26.630229949951172,25.80234718322754,26.630229949951172,20.39702033996582,1374
2008-04-28,27.02117347717285,27.02117347717285,25.549381256103516,25.7563533782959,19.727685928344727,3728
2008-04-29,25.388404846191406,26.35426902770996,24.836483001708984,25.135440826416016,19.252105712890625,5109
2008-04-30,26.4002628326416,26.4002628326416,25.296417236328125,25.296417236328125,19.375404357910156,2717
2008-05-02,26.37726593017578,26.56123924255371,25.572378158569336,26.56123924255371,20.34417724609375,11677
2008-05-05,27.826059341430664,27.826059341430664,26.21628761291504,26.56123924255371,20.34417724609375,9177
2008-05-06,26.44625473022461,27.205148696899414,25.7563533782959,26.37726593017578,20.203264236450195,3543
2008-05-07,26.21628761291504,26.21628761291504,25.296417236328125,25.526386260986328,19.551542282104492,7272
2008-05-08,26.19329071044922,26.860197067260742,25.526386260986328,26.46925163269043,20.27372169494629,12460
2008-05-09,26.676223754882812,28.699935913085938,26.2852783203125,27.849056243896484,21.330556869506836,15608
2008-05-12,28.42397689819336,28.42397689819336,26.676223754882812,27.067167282104492,20.731685638427734,5772
2008-05-13,28.056028366088867,28.515962600708008,26.883193969726562,27.320131301879883,20.925437927246094,3196
2008-05-14,27.090164184570312,27.136157989501953,26.21628761291504,27.113161087036133,20.76691246032715,2282
2008-05-15,26.676223754882812,27.872053146362305,26.56123924255371,26.60723304748535,20.379405975341797,4961
2008-05-16,27.136157989501953,27.136157989501953,25.7563533782959,26.14729881286621,20.027124404907227,4457
2008-05-20,26.60723304748535,26.630229949951172,25.572378158569336,26.30827522277832,20.150421142578125,7477
2008-05-21,27.366125106811523,27.458112716674805,26.51524543762207,27.067167282104492,20.731685638427734,2609
2008-05-22,27.136157989501953,27.136157989501953,27.136157989501953,27.136157989501953,20.78452491760254,1087
2008-05-23,25.7563533782959,25.7563533782959,25.388404846191406,25.572378158569336,19.586772918701172,452
2008-05-26,25.319414138793945,25.710359573364258,24.330554962158203,24.468534469604492,18.741300582885742,1998
2008-05-27,24.606515884399414,25.96332359313965,23.45667839050293,23.617656707763672,18.089584350585938,7805
2008-05-28,23.59465980529785,24.054594039916992,23.1577205657959,23.916614532470703,18.318567276000977,2356
2008-05-29,23.916614532470703,25.250425338745117,23.50267219543457,24.399545669555664,18.688459396362305,7377
2008-05-30,22.421825408935547,23.916614532470703,22.421825408935547,23.824626922607422,18.24810791015625,4026
2008-06-02,23.134723663330078,23.640653610229492,22.375831604003906,22.83576774597168,17.490707397460938,15117
2008-06-03,20.69706916809082,23.31869888305664,20.69706916809082,22.99674415588379,17.614004135131836,3270
2008-06-04,22.168861389160156,22.168861389160156,22.145864486694336,22.145864486694336,16.962282180786133,434
2008-06-05,20.23713493347168,22.99674415588379,20.23713493347168,22.7437801361084,17.42024803161621,7585
2008-06-06,24.583518981933594,24.583518981933594,22.076873779296875,23.6866455078125,18.142425537109375,815
2008-06-09,21.846906661987305,22.53680992126465,21.731922149658203,22.53680992126465,17.2617244720459,3967
2008-06-10,22.53680992126465,22.7437801361084,21.225994110107422,21.823909759521484,16.715686798095703,3163
2008-06-11,21.271987915039062,22.99674415588379,21.271987915039062,22.95075035095215,17.578777313232422,502
2008-06-12,22.076873779296875,22.076873779296875,21.662933349609375,21.662933349609375,16.59239387512207,1854
2008-06-13,21.938894271850586,22.306842803955078,21.915897369384766,22.306842803955078,17.085586547851562,1489
2008-06-16,21.294984817504883,23.57166290283203,21.294984817504883,23.57166290283203,18.054353713989258,400
2008-06-17,22.53680992126465,22.99674415588379,22.53680992126465,22.904756546020508,17.543550491333008,1611
2008-06-18,23.41068458557129,23.45667839050293,22.904756546020508,22.904756546020508,17.543550491333008,3206
2008-06-19,21.386972427368164,23.41068458557129,21.386972427368164,22.398828506469727,17.156038284301758,4457
2008-06-20,21.616939544677734,22.927753448486328,21.616939544677734,22.927753448486328,17.5611629486084,332
2008-06-23,20.76605987548828,21.593942642211914,20.69706916809082,20.88104248046875,15.993514060974121,5398
2008-06-24,20.2601318359375,20.35211753845215,18.995309829711914,19.156288146972656,14.672467231750488,5005
2008-06-25,18.627361297607422,19.96117401123047,18.075441360473633,19.064300537109375,14.602012634277344,4596
2008-06-26,20.55908966064453,20.55908966064453,19.317264556884766,19.340261459350586,14.813379287719727,330
2008-06-27,18.489381790161133,19.317264556884766,18.1904239654541,18.719348907470703,14.337796211242676,1176
2008-06-30,18.39739418029785,18.39739418029785,16.92560386657715,17.040586471557617,13.05197811126709,2815
2008-07-01,17.017589569091797,18.604366302490234,16.327688217163086,17.84547233581543,13.668466567993164,15458
2008-07-02,17.017589569091797,17.93745994567871,16.212703704833984,17.82247543334961,13.65085220336914,1861
2008-07-03,17.24755859375,18.926319122314453,16.143714904785156,17.47752571105957,13.386641502380371,4370
2008-07-04,16.557655334472656,16.557655334472656,16.557655334472656,16.557655334472656,12.682084083557129,260
2008-07-07,18.489381790161133,19.7312068939209,18.489381790161133,18.995309829711914,14.549171447753906,760
2008-07-08,17.93745994567871,19.317264556884766,17.47752571105957,19.179283142089844,14.690079689025879,22722
2008-07-09,18.39739418029785,20.44410514831543,18.39739418029785,19.77720069885254,15.148046493530273,24792
2008-07-10,18.673355102539062,20.69706916809082,18.420391082763672,20.58208656311035,15.76453685760498,30039
2008-07-11,20.2601318359375,21.616939544677734,20.2601318359375,21.616939544677734,16.55716896057129,33591
2008-07-14,18.857330322265625,19.77720069885254,18.857330322265625,19.179283142089844,14.690079689025879,55660
2008-07-15,18.39739418029785,20.35211753845215,18.39739418029785,19.77720069885254,15.148046493530273,56694
2008-07-16,18.765342712402344,19.271270751953125,18.39739418029785,18.811336517333984,14.408256530761719,48539
2008-07-17,18.39739418029785,19.317264556884766,18.39739418029785,19.317264556884766,14.79576587677002,44386
2008-07-18,18.39739418029785,19.294267654418945,17.93745994567871,18.236417770385742,13.967903137207031,3748
2008-07-21,18.39739418029785,18.39739418029785,17.93745994567871,18.029447555541992,13.809383392333984,2730
2008-07-22,17.93745994567871,18.627361297607422,17.93745994567871,18.35140037536621,14.055973052978516,12112
2008-07-23,18.39739418029785,22.007883071899414,18.39739418029785,21.15700340270996,16.204883575439453,18893
2008-07-24,20.69706916809082,20.69706916809082,19.317264556884766,19.363258361816406,14.8309907913208,11105
2008-07-25,19.087297439575195,19.524234771728516,19.087297439575195,19.340261459350586,14.813379287719727,3557
2008-07-28,19.317264556884766,19.317264556884766,18.627361297607422,18.650358200073242,14.284958839416504,5798
2008-07-29,19.77720069885254,19.77720069885254,18.213420867919922,18.37439727783203,14.073587417602539,10873
2008-07-30,17.47752571105957,20.076156616210938,17.47752571105957,18.558372497558594,14.214503288269043,17641
2008-07-31,17.93745994567871,19.317264556884766,17.93745994567871,18.443387985229492,14.126434326171875,6740
2008-08-01,18.39739418029785,18.857330322265625,18.236417770385742,18.420391082763672,14.108817100524902,4989
2008-08-04,19.317264556884766,21.15700340270996,18.995309829711914,20.39811134338379,15.623621940612793,16948
2008-08-05,20.69706916809082,21.800912857055664,20.69706916809082,21.271987915039062,16.292953491210938,11973
2008-08-06,20.7890567779541,21.984886169433594,20.23713493347168,20.37511444091797,15.606006622314453,7814
2008-08-07,20.23713493347168,20.69706916809082,19.846189498901367,19.915180206298828,15.253727912902832,7775
2008-08-08,21.15700340270996,21.15700340270996,18.512378692626953,19.685213088989258,15.07758903503418,2826
2008-08-11,21.15700340270996,22.766775131225586,20.74306297302246,20.90403938293457,16.011131286621094,10529
2008-08-12,21.984886169433594,21.984886169433594,20.49009895324707,21.065017700195312,16.134429931640625,2391
2008-08-13,20.51309585571289,20.69706916809082,20.49009895324707,20.62807846069336,15.799765586853027,3478
2008-08-14,20.23713493347168,20.674072265625,19.708208084106445,20.674072265625,15.834992408752441,2156
2008-08-18,20.23713493347168,21.616939544677734,19.96117401123047,20.69706916809082,15.852604866027832,4502
2008-08-19,20.69706916809082,20.69706916809082,20.37511444091797,20.42110824584961,15.64123249053955,760
2008-08-20,20.23713493347168,21.386972427368164,20.23713493347168,20.51309585571289,15.71169376373291,9583
2008-08-21,20.69706916809082,20.90403938293457,19.77720069885254,19.93817710876465,15.271340370178223,2372
2008-08-22,19.77720069885254,20.92703628540039,18.995309829711914,20.21413803100586,15.482710838317871,5218
2008-08-25,19.317264556884766,21.294984817504883,19.317264556884766,19.455244064331055,14.901446342468262,5568
2008-08-26,19.547231674194336,20.44410514831543,19.547231674194336,19.77720069885254,15.148046493530273,460
2008-08-27,20.00716781616211,20.23713493347168,19.7312068939209,19.77720069885254,15.148046493530273,7111
2008-08-28,20.19114112854004,20.32912254333496,19.892183303833008,20.32912254333496,15.570783615112305,3720
2008-08-29,20.23713493347168,20.32912254333496,19.77720069885254,19.77720069885254,15.148046493530273,3261
2008-09-01,21.134008407592773,21.134008407592773,19.317264556884766,20.23713493347168,15.500325202941895,7024
2008-09-02,21.019023895263672,23.870620727539062,21.019023895263672,22.352834701538086,17.12081527709961,79689
2008-09-04,22.490814208984375,24.698503494262695,21.685928344726562,22.122867584228516,16.944671630859375,27125
2008-09-05,21.616939544677734,21.639936447143555,20.858047485351562,21.593942642211914,16.53955078125,4535
2008-09-08,22.83576774597168,22.858762741088867,20.76605987548828,20.92703628540039,16.028743743896484,23520
2008-09-09,20.51309585571289,21.662933349609375,20.51309585571289,21.639936447143555,16.574777603149414,10786
2008-09-10,20.74306297302246,21.846906661987305,20.74306297302246,21.225994110107422,16.257722854614258,2348
2008-09-11,21.731922149658203,21.731922149658203,21.2029972076416,21.2029972076416,16.2401123046875,4374
2008-09-12,20.95003318786621,21.616939544677734,20.72006607055664,21.18000030517578,16.22249984741211,5376
2008-09-15,19.409252166748047,19.77720069885254,19.317264556884766,19.547231674194336,14.971904754638672,2043
2008-09-16,22.53680992126465,22.53680992126465,18.39739418029785,18.995309829711914,14.549171447753906,13610
2008-09-17,21.2029972076416,21.2029972076416,18.443387985229492,19.386255264282227,14.848604202270508,12838
2008-09-18,16.212703704833984,18.37439727783203,15.177850723266602,16.833616256713867,13.206778526306152,150951
2008-09-19,16.741628646850586,18.328405380249023,16.741628646850586,17.27055549621582,13.549580574035645,6950
2008-09-22,17.040586471557617,18.16742706298828,17.040586471557617,17.70749282836914,13.892376899719238,4072
2008-09-23,17.24755859375,18.811336517333984,17.24755859375,17.93745994567871,14.072798728942871,6759
2008-09-24,17.59250831604004,18.673355102539062,17.59250831604004,18.673355102539062,14.650142669677734,282
2008-09-25,17.61550521850586,18.35140037536621,17.61550521850586,18.35140037536621,14.397552490234375,4502
2008-09-26,19.087297439575195,19.77720069885254,17.316547393798828,17.84547233581543,14.000628471374512,15947
2008-09-29,16.787622451782227,16.810619354248047,15.177850723266602,15.752769470214844,12.358803749084473,13604
2008-09-30,15.637785911560059,16.626646041870117,14.349967956542969,16.534658432006836,12.9722318649292,12540
2008-10-01,16.557655334472656,16.603649139404297,16.557655334472656,16.557655334472656,12.990274429321289,10392
2008-10-03,15.637785911560059,17.47752571105957,15.177850723266602,15.591792106628418,12.232508659362793,7844
2008-10-06,15.637785911560059,16.442672729492188,14.028014183044434,14.441954612731934,11.330404281616211,5385
2008-10-07,14.533942222595215,14.533942222595215,11.728339195251465,12.625211715698242,9.905084609985352,59160
2008-10-08,11.958307266235352,12.763193130493164,10.463518142700195,10.877459526062012,8.533889770507812,57984
2008-10-10,9.750618934631348,10.53250789642334,8.715765953063965,8.85374641418457,6.946188449859619,48108
2008-10-13,8.738761901855469,9.750618934631348,8.508794784545898,9.750618934631348,7.649829387664795,68553
2008-10-14,10.11856746673584,10.624494552612305,10.11856746673584,10.440521240234375,8.191088676452637,11856
2008-10-15,10.463518142700195,10.463518142700195,9.612639427185059,9.681629180908203,7.595702171325684,4468
2008-10-16,9.612639427185059,9.658632278442383,8.85374641418457,9.658632278442383,7.577661991119385,915
2008-10-17,9.658632278442383,9.658632278442383,9.198697090148926,9.244690895080566,7.252903461456299,4813
2008-10-20,8.991726875305176,10.187557220458984,8.991726875305176,9.29068374633789,7.288987636566162,702
2008-10-21,9.773615837097168,9.773615837097168,9.773615837097168,9.773615837097168,7.66787052154541,65
2008-10-22,10.762475967407227,10.762475967407227,10.509511947631836,10.762475967407227,8.443676948547363,4291
2008-10-23,11.84332275390625,11.84332275390625,10.440521240234375,10.923453330993652,8.569975852966309,2504
2008-10-24,10.348533630371094,10.348533630371094,10.348533630371094,10.348533630371094,8.11892032623291,65
2008-10-27,11.360390663146973,11.360390663146973,9.428665161132812,9.428665161132812,7.397240161895752,2130
2008-10-29,10.16456127166748,10.16456127166748,10.16456127166748,10.16456127166748,7.974586009979248,326
2008-10-31,10.57850170135498,10.57850170135498,9.29068374633789,9.29068374633789,7.288987636566162,2228
2008-11-03,9.428665161132812,10.233551025390625,9.428665161132812,10.233551025390625,8.02871322631836,3152
2008-11-04,10.348533630371094,11.268404006958008,10.348533630371094,11.176417350769043,8.768437385559082,3098
2008-11-05,11.84332275390625,11.84332275390625,10.670489311218262,10.670489311218262,8.37151050567627,1978
2008-11-06,10.11856746673584,10.57850170135498,10.11856746673584,10.57850170135498,8.299342155456543,7127
2008-11-07,10.57850170135498,11.475375175476074,10.57850170135498,11.291400909423828,8.858646392822266,3402
2008-11-10,10.57850170135498,11.268404006958008,9.727622032165527,11.222411155700684,8.804518699645996,6324
2008-11-11,10.187557220458984,10.624494552612305,9.88860034942627,10.30254077911377,8.08283805847168,5302
2008-11-12,10.348533630371094,10.693486213684082,9.727622032165527,10.371530532836914,8.136961936950684,1039
2008-11-14,9.658632278442383,10.923453330993652,9.658632278442383,10.923453330993652,8.569975852966309,2717
2008-11-17,9.451661109924316,9.796612739562988,9.451661109924316,9.773615837097168,7.66787052154541,1739
2008-11-18,7.818892955780029,10.486515045166016,7.818892955780029,10.417525291442871,8.17304801940918,2796
2008-11-19,9.658632278442383,10.0725736618042,8.991726875305176,9.244690895080566,7.252903461456299,3702
2008-11-20,8.738761901855469,10.509511947631836,8.738761901855469,8.968729972839355,7.0363993644714355,4461
2008-11-21,9.152704238891602,9.658632278442383,8.991726875305176,8.991726875305176,7.054440975189209,23220
2008-11-24,9.152704238891602,9.175700187683105,9.152704238891602,9.175700187683105,7.1987762451171875,219
2008-11-25,8.968729972839355,8.968729972839355,8.968729972839355,8.968729972839355,7.0363993644714355,217
2008-11-26,9.08371353149414,9.08371353149414,8.508794784545898,8.508794784545898,6.6755571365356445,652
2008-11-27,8.508794784545898,8.508794784545898,8.508794784545898,8.508794784545898,6.6755571365356445,0
2008-11-28,8.278826713562012,9.88860034942627,8.278826713562012,9.198697090148926,7.216818809509277,660
2008-12-01,9.152704238891602,9.152704238891602,8.117850303649902,8.186840057373047,6.42296838760376,1630
2008-12-02,8.393811225891113,9.175700187683105,8.278826713562012,9.175700187683105,7.1987762451171875,434
2008-12-03,8.738761901855469,9.152704238891602,8.163844108581543,9.152704238891602,7.180736541748047,4365
2008-12-04,8.370814323425293,9.152704238891602,8.370814323425293,9.129707336425781,7.162692546844482,5783
2008-12-05,8.738761901855469,8.922736167907715,8.140847206115723,8.140847206115723,6.386884689331055,39340
2008-12-08,8.301823616027832,9.152704238891602,8.301823616027832,8.87674331665039,6.964231014251709,3983
2008-12-10,8.738761901855469,8.738761901855469,8.232833862304688,8.60078239440918,6.747725963592529,9123
2008-12-11,8.393811225891113,8.508794784545898,8.324821472167969,8.324821472167969,6.531221866607666,4270
2008-12-12,8.416808128356934,8.60078239440918,8.278826713562012,8.60078239440918,6.747725963592529,18102
2008-12-15,8.692769050598145,9.106710433959961,8.439805030822754,8.531791687011719,6.693599224090576,9246
2008-12-16,8.738761901855469,10.256546974182129,8.738761901855469,10.003582954406738,7.848290920257568,19224
2008-12-17,10.0725736618042,10.0725736618042,9.520651817321777,9.934593200683594,7.79416561126709,6740
2008-12-18,9.428665161132812,10.0725736618042,9.428665161132812,9.86560344696045,7.740039348602295,3696
2008-12-19,10.0725736618042,10.0725736618042,10.0725736618042,10.0725736618042,7.902416706085205,0
2008-12-22,9.704626083374023,10.509511947631836,9.658632278442383,10.509511947631836,8.245217323303223,943
2008-12-23,12.188274383544922,12.188274383544922,9.01472282409668,10.14156436920166,7.956543445587158,10092
2008-12-24,10.80846881866455,12.188274383544922,10.6014986038208,11.268404006958008,8.840603828430176,2143
2008-12-26,11.498372077941895,11.728339195251465,10.026579856872559,10.0725736618042,7.902416706085205,9886
2008-12-29,8.577784538269043,9.658632278442383,8.577784538269043,9.658632278442383,7.577661991119385,756
2008-12-30,9.543647766113281,10.900456428527832,9.543647766113281,10.348533630371094,8.11892032623291,2856
2008-12-31,10.003582954406738,10.969447135925293,9.934593200683594,10.003582954406738,7.848290920257568,1037
2009-01-02,10.11856746673584,10.923453330993652,10.11856746673584,10.854462623596191,8.515848159790039,874
2009-01-05,10.57850170135498,11.705342292785645,10.57850170135498,10.854462623596191,8.515848159790039,1289
2009-01-06,10.57850170135498,11.521368026733398,10.57850170135498,11.222411155700684,8.804518699645996,6370
2009-01-07,10.57850170135498,11.498372077941895,10.509511947631836,10.509511947631836,8.245217323303223,2391
2009-01-09,9.658632278442383,10.11856746673584,9.658632278442383,10.11856746673584,7.93850040435791,543
2009-01-12,9.01472282409668,9.658632278442383,9.01472282409668,9.658632278442383,7.577661991119385,217
2009-01-13,9.08371353149414,9.198697090148926,9.06071662902832,9.198697090148926,7.216818809509277,369
2009-01-14,9.0377197265625,9.29068374633789,9.0377197265625,9.175700187683105,7.1987762451171875,2887
2009-01-15,10.0725736618042,10.0725736618042,9.842605590820312,9.842605590820312,7.7219953536987305,869
2009-01-16,9.198697090148926,10.210554122924805,8.830748558044434,9.980587005615234,7.830249309539795,378
2009-01-19,8.738761901855469,10.049576759338379,8.623779296875,8.968729972839355,7.0363993644714355,3913
2009-01-20,8.922736167907715,9.198697090148926,8.922736167907715,8.968729972839355,7.0363993644714355,1576
2009-01-21,9.198697090148926,9.198697090148926,9.198697090148926,9.198697090148926,7.216818809509277,434
2009-01-22,8.761758804321289,8.922736167907715,8.278826713562012,8.692769050598145,6.819894313812256,1924
2009-01-23,8.163844108581543,8.738761901855469,7.358957767486572,8.232833862304688,6.459053039550781,10675
2009-01-27,8.278826713562012,9.658632278442383,7.243974208831787,9.658632278442383,7.577661991119385,3348
2009-01-28,8.186840057373047,8.738761901855469,8.163844108581543,8.715765953063965,6.837937355041504,4233
2009-01-29,8.278826713562012,9.589641571044922,7.726905822753906,8.071857452392578,6.332758903503418,752
2009-01-30,8.071857452392578,8.830748558044434,8.071857452392578,8.416808128356934,6.603389263153076,508
2009-02-02,8.278826713562012,8.278826713562012,8.048859596252441,8.048859596252441,6.314716815948486,110
2009-02-03,7.657915115356445,8.301823616027832,7.634919166564941,8.301823616027832,6.513177871704102,1543
2009-02-04,9.08371353149414,9.08371353149414,7.8648858070373535,8.094854354858398,6.350801944732666,1126
2009-02-05,7.818892955780029,8.278826713562012,7.818892955780029,8.278826713562012,6.495136260986328,1304
2009-02-06,7.818892955780029,8.692769050598145,7.818892955780029,8.692769050598145,6.819894313812256,204
2009-02-09,9.88860034942627,10.440521240234375,7.358957767486572,9.0377197265625,7.090525150299072,29975
2009-02-10,9.06071662902832,9.152704238891602,8.646775245666504,9.152704238891602,7.180736541748047,1080
2009-02-11,10.095569610595703,10.095569610595703,8.715765953063965,8.968729972839355,7.0363993644714355,1206
2009-02-12,8.85374641418457,9.152704238891602,8.78475570678711,8.78475570678711,6.892061710357666,434
2009-02-13,9.244690895080566,9.244690895080566,8.531791687011719,8.531791687011719,6.693599224090576,47
2009-02-16,9.152704238891602,9.152704238891602,8.278826713562012,8.370814323425293,6.567305088043213,1326
2009-02-17,8.278826713562012,8.278826713562012,8.278826713562012,8.278826713562012,6.495136260986328,0
2009-02-18,8.278826713562012,8.278826713562012,8.278826713562012,8.278826713562012,6.495136260986328,0
2009-02-19,7.956872940063477,8.347818374633789,7.956872940063477,8.347818374633789,6.549265384674072,5309
2009-02-20,7.588924884796143,7.8648858070373535,7.565927982330322,7.634919166564941,5.989959716796875,13756
2009-02-24,7.358957767486572,8.186840057373047,7.358957767486572,7.588924884796143,5.953875541687012,193
2009-02-25,8.577784538269043,8.577784538269043,7.289967060089111,8.140847206115723,6.386884689331055,1304
2009-02-26,8.140847206115723,8.140847206115723,8.140847206115723,8.140847206115723,6.386884689331055,0
2009-02-27,8.048859596252441,8.048859596252441,6.9910101890563965,7.059999942779541,5.538908958435059,860
2009-03-02,7.358957767486572,7.358957767486572,7.128990173339844,7.128990173339844,5.593034744262695,752
2009-03-03,7.037003040313721,7.037003040313721,7.037003040313721,7.037003040313721,5.520866394042969,217
2009-03-04,7.128990173339844,8.048859596252441,7.128990173339844,7.197979927062988,5.64716100692749,591
2009-03-05,7.197979927062988,7.197979927062988,7.197979927062988,7.197979927062988,5.64716100692749,0
2009-03-06,7.243974208831787,7.703908920288086,6.600065231323242,7.473940849304199,5.8636651039123535,752
2009-03-09,7.358957767486572,7.358957767486572,7.358957767486572,7.358957767486572,5.773455619812012,21
2009-03-12,6.55407190322876,7.496938228607178,6.55407190322876,6.715048789978027,5.268277645111084,7240
2009-03-13,6.853028774261475,7.312963962554932,6.830032825469971,7.312963962554932,5.737371444702148,6305
2009-03-16,6.899023056030273,6.899023056030273,6.78403902053833,6.78403902053833,5.322403430938721,621
2009-03-17,6.55407190322876,7.128990173339844,6.55407190322876,7.128990173339844,5.593034744262695,437
2009-03-18,7.243974208831787,8.554787635803223,7.243974208831787,8.416808128356934,6.603389263153076,8103
2009-03-19,9.175700187683105,9.88860034942627,8.462800979614258,8.669772148132324,6.801851749420166,40697
2009-03-20,8.577784538269043,9.428665161132812,8.577784538269043,8.830748558044434,6.928145885467529,2582
2009-03-23,8.071857452392578,9.129707336425781,8.071857452392578,9.106710433959961,7.144652366638184,3417
2009-03-24,7.726905822753906,9.474658012390137,7.726905822753906,8.485797882080078,6.657515048980713,1878
2009-03-25,7.519935131072998,8.87674331665039,7.519935131072998,8.278826713562012,6.495136260986328,19224
2009-03-26,8.370814323425293,8.370814323425293,8.301823616027832,8.301823616027832,6.513177871704102,6631
2009-03-27,7.818892955780029,8.255830764770508,7.243974208831787,8.140847206115723,6.386884689331055,7946
2009-03-30,7.588924884796143,7.841888904571533,7.588924884796143,7.841888904571533,6.152337551116943,358
2009-03-31,7.266971111297607,7.473940849304199,7.266971111297607,7.450944900512695,5.845623970031738,2898
2009-04-01,7.358957767486572,7.887883186340332,7.358957767486572,7.887883186340332,6.188423156738281,1445
2009-04-02,7.358957767486572,8.255830764770508,7.358957767486572,7.887883186340332,6.188423156738281,4359
2009-04-06,9.129707336425781,9.152704238891602,8.646775245666504,9.06071662902832,7.108566761016846,1674
2009-04-08,9.198697090148926,10.486515045166016,9.198697090148926,10.27954387664795,8.06479549407959,34474
2009-04-09,10.348533630371094,10.348533630371094,9.86560344696045,9.911596298217773,7.776122570037842,3554
2009-04-13,10.348533630371094,11.498372077941895,9.704626083374023,10.53250789642334,8.26325798034668,3578
2009-04-15,10.53250789642334,11.383387565612793,10.233551025390625,10.80846881866455,8.47976303100586,13156
2009-04-16,11.360390663146973,11.40638542175293,9.29068374633789,9.405668258666992,7.3791985511779785,8116
2009-04-17,9.26768684387207,10.969447135925293,9.26768684387207,10.969447135925293,8.606058120727539,2978
2009-04-20,11.567361831665039,11.912313461303711,10.256546974182129,10.348533630371094,8.11892032623291,9062
2009-04-21,8.669772148132324,10.785472869873047,8.669772148132324,10.348533630371094,8.11892032623291,3189
2009-04-22,9.727622032165527,11.314397811889648,9.313680648803711,9.566644668579102,7.505491733551025,1321
2009-04-23,9.658632278442383,9.658632278442383,9.106710433959961,9.658632278442383,7.577661991119385,323
2009-04-24,9.428665161132812,10.256546974182129,9.428665161132812,10.256546974182129,8.046753883361816,641
2009-04-27,9.382671356201172,10.32553768157959,9.382671356201172,10.187557220458984,7.992626667022705,3185
2009-04-28,9.451661109924316,9.88860034942627,9.451661109924316,9.658632278442383,7.577661991119385,5237
2009-04-29,11.222411155700684,11.222411155700684,9.26768684387207,9.405668258666992,7.3791985511779785,6103
2009-04-30,9.405668258666992,9.405668258666992,9.405668258666992,9.405668258666992,7.3791985511779785,0
2009-05-04,9.198697090148926,9.198697090148926,9.198697090148926,9.198697090148926,7.216818809509277,217
2009-05-05,9.244690895080566,10.0725736618042,9.198697090148926,10.0725736618042,7.902416706085205,1413
2009-05-06,9.106710433959961,10.11856746673584,9.106710433959961,9.704626083374023,7.61374568939209,3024
2009-05-07,10.210554122924805,10.348533630371094,9.428665161132812,10.32553768157959,8.100878715515137,4622
2009-05-08,9.428665161132812,11.337393760681152,8.761758804321289,10.256546974182129,8.046753883361816,37398
2009-05-11,10.739479064941406,10.739479064941406,9.451661109924316,10.371530532836914,8.136961936950684,8446
2009-05-12,9.520651817321777,10.969447135925293,9.520651817321777,10.095569610595703,7.920457363128662,4424
2009-05-13,9.29068374633789,11.383387565612793,9.29068374633789,10.187557220458984,7.992626667022705,9233
2009-05-14,9.750618934631348,10.854462623596191,9.681629180908203,10.095569610595703,7.920457363128662,1213
2009-05-15,10.969447135925293,10.969447135925293,10.11856746673584,10.55550479888916,8.281299591064453,3102
2009-05-18,10.55550479888916,10.55550479888916,10.55550479888916,10.55550479888916,8.281299591064453,0
2009-05-19,11.40638542175293,11.429381370544434,9.980587005615234,11.015439987182617,8.642142295837402,10508
2009-05-20,11.176417350769043,12.326253890991211,11.038436889648438,12.326253890991211,9.670536041259766,14908
2009-05-21,12.740196228027344,14.809903144836426,12.257264137268066,13.430097579956055,10.536555290222168,32643
2009-05-22,13.798046112060547,16.097721099853516,12.602214813232422,15.867753028869629,12.449013710021973,22179
2009-05-25,15.867753028869629,15.867753028869629,14.280978202819824,14.303974151611328,11.222152709960938,91462
2009-05-26,14.717915534973145,14.717915534973145,13.13114070892334,13.31511402130127,10.446345329284668,37211
2009-05-27,13.798046112060547,13.798046112060547,13.36110782623291,13.476092338562012,10.572639465332031,8918
2009-05-28,13.798046112060547,14.028014183044434,13.039154052734375,13.38410472869873,10.500473976135254,60484
2009-05-29,13.10814380645752,13.913029670715332,13.10814380645752,13.683061599731445,10.735016822814941,53683
2009-06-01,13.36110782623291,14.257981300354004,13.36110782623291,14.074007034301758,11.041733741760254,262989
2009-06-02,15.085864067077637,15.476807594299316,13.430097579956055,13.775049209594727,10.807188034057617,110928
2009-06-03,13.821043014526367,14.188990592956543,13.33811092376709,13.522085189819336,10.608725547790527,100246
2009-06-04,13.453095436096191,14.257981300354004,13.453095436096191,13.798046112060547,10.825228691101074,42482
2009-06-05,13.683061599731445,14.671921730041504,13.154136657714844,13.568078994750977,10.644807815551758,228238
2009-06-08,14.028014183044434,14.028014183044434,12.234267234802246,12.418240547180176,9.742706298828125,84727
2009-06-09,13.2001314163208,13.2001314163208,12.234267234802246,12.441238403320312,9.760748863220215,5218
2009-06-10,13.33811092376709,13.706059455871582,12.602214813232422,13.706059455871582,10.753060340881348,45441
2009-06-11,14.142996788024902,14.234984397888184,13.10814380645752,13.38410472869873,10.500473976135254,34176
2009-06-12,12.924169540405273,13.637068748474121,12.257264137268066,12.579218864440918,9.868999481201172,27479
2009-06-15,12.395244598388672,12.395244598388672,12.004300117492676,12.280261039733887,9.634453773498535,5131
2009-06-16,12.303257942199707,12.648208618164062,12.303257942199707,12.441238403320312,9.760748863220215,6740
2009-06-17,12.832182884216309,13.154136657714844,12.09628677368164,12.188274383544922,9.562286376953125,16717
2009-06-18,11.498372077941895,11.79732894897461,11.038436889648438,11.176417350769043,8.768437385559082,49922
2009-06-19,11.061433792114258,11.498372077941895,11.038436889648438,11.222411155700684,8.804518699645996,8651
2009-06-22,12.303257942199707,12.303257942199707,11.498372077941895,11.544364929199219,9.057107925415039,4565
2009-06-23,10.923453330993652,11.452378273010254,10.923453330993652,11.153421401977539,8.750393867492676,1087
2009-06-24,11.176417350769043,11.79732894897461,11.176417350769043,11.337393760681152,8.894730567932129,5013
2009-06-25,11.544364929199219,11.544364929199219,11.061433792114258,11.245407104492188,8.82256031036377,6309
2009-06-26,11.084429740905762,12.050293922424316,11.084429740905762,11.68234634399414,9.165360450744629,6522
2009-06-29,11.498372077941895,12.786189079284668,11.498372077941895,12.464235305786133,9.778791427612305,171039
2009-06-30,12.694202423095703,12.878175735473633,11.360390663146973,11.79732894897461,9.255570411682129,141441
2009-07-01,11.84332275390625,12.211271286010742,11.383387565612793,11.68234634399414,9.165360450744629,1956
2009-07-02,11.498372077941895,11.958307266235352,11.107426643371582,11.728339195251465,9.201444625854492,5870
2009-07-03,11.521368026733398,12.142280578613281,11.268404006958008,11.475375175476074,9.002982139587402,9144
2009-07-06,11.544364929199219,11.86631965637207,10.80846881866455,10.877459526062012,8.533889770507812,7714
2009-07-07,10.80846881866455,11.84332275390625,10.80846881866455,10.946450233459473,8.588014602661133,8677
2009-07-08,10.992443084716797,11.40638542175293,10.348533630371094,10.371530532836914,8.136961936950684,10871
2009-07-09,9.819608688354492,10.57850170135498,9.796612739562988,10.57850170135498,8.299342155456543,4131
2009-07-10,10.57850170135498,10.57850170135498,9.658632278442383,10.14156436920166,7.956543445587158,9201
2009-07-13,10.003582954406738,11.015439987182617,9.658632278442383,9.773615837097168,7.66787052154541,4331
2009-07-14,9.911596298217773,10.30254077911377,9.221693992614746,9.911596298217773,7.776122570037842,7324
2009-07-15,11.498372077941895,11.498372077941895,9.911596298217773,10.53250789642334,8.26325798034668,37157
2009-07-16,11.038436889648438,11.038436889648438,10.11856746673584,10.16456127166748,7.974586009979248,10362
2009-07-17,10.739479064941406,10.739479064941406,10.187557220458984,10.371530532836914,8.136961936950684,12599
2009-07-20,10.39452838897705,12.280261039733887,10.39452838897705,10.854462623596191,8.515848159790039,22596
2009-07-21,10.693486213684082,11.521368026733398,10.693486213684082,11.314397811889648,8.876688003540039,8198
2009-07-22,12.234267234802246,12.234267234802246,10.57850170135498,10.854462623596191,8.515848159790039,8609
2009-07-23,10.716482162475586,11.038436889648438,10.57850170135498,10.762475967407227,8.443676948547363,3478
2009-07-24,11.475375175476074,11.498372077941895,10.992443084716797,11.107426643371582,8.71430778503418,3622
2009-07-27,11.084429740905762,11.544364929199219,11.084429740905762,11.291400909423828,8.858646392822266,4565
2009-07-28,11.291400909423828,11.728339195251465,11.291400909423828,11.337393760681152,8.894730567932129,3043
2009-07-29,11.176417350769043,12.188274383544922,11.084429740905762,11.383387565612793,8.930813789367676,5037
2009-07-30,11.038436889648438,12.395244598388672,11.038436889648438,11.889315605163574,9.327736854553223,7901
2009-07-31,11.935310363769531,11.958307266235352,11.567361831665039,11.68234634399414,9.165360450744629,7744
2009-08-03,11.475375175476074,11.475375175476074,11.475375175476074,11.475375175476074,9.002982139587402,1087
2009-08-04,11.015439987182617,11.958307266235352,11.015439987182617,11.452378273010254,8.984939575195312,5435
2009-08-05,11.59035873413086,11.59035873413086,11.130423545837402,11.40638542175293,8.948857307434082,2174
2009-08-06,12.395244598388672,12.395244598388672,10.440521240234375,10.693486213684082,8.38955307006836,20670
2009-08-07,11.705342292785645,11.705342292785645,11.038436889648438,11.567361831665039,9.075151443481445,11005
2009-08-10,11.130423545837402,11.245407104492188,10.900456428527832,10.923453330993652,8.569975852966309,15708
2009-08-11,10.716482162475586,10.716482162475586,10.463518142700195,10.486515045166016,8.227174758911133,15436
2009-08-12,11.889315605163574,11.889315605163574,10.39452838897705,10.670489311218262,8.37151050567627,8966
2009-08-13,10.80846881866455,11.130423545837402,10.670489311218262,10.739479064941406,8.425637245178223,6000
2009-08-14,10.762475967407227,11.176417350769043,10.57850170135498,10.762475967407227,8.443676948547363,13643
2009-08-17,10.785472869873047,11.245407104492188,10.233551025390625,10.371530532836914,8.136961936950684,19339
2009-08-18,9.750618934631348,12.464235305786133,9.750618934631348,12.09628677368164,9.490116119384766,38914
2009-08-19,14.028014183044434,14.028014183044434,12.119283676147461,12.579218864440918,9.868999481201172,55768
2009-08-20,12.050293922424316,12.878175735473633,12.027297019958496,12.602214813232422,9.887042999267578,34554
2009-08-21,12.418240547180176,12.418240547180176,11.636351585388184,12.004300117492676,9.417948722839355,14204
2009-08-24,12.395244598388672,12.533225059509277,11.705342292785645,12.234267234802246,9.598369598388672,29839
2009-08-25,12.257264137268066,12.648208618164062,11.958307266235352,12.165276527404785,9.544243812561035,11088
2009-08-26,11.86631965637207,12.993160247802734,11.68234634399414,12.901172637939453,10.121588706970215,36150
2009-08-27,13.039154052734375,13.31511402130127,12.602214813232422,12.993160247802734,10.193758010864258,20002
2009-08-28,12.993160247802734,13.430097579956055,12.556221961975098,12.6712064743042,9.941169738769531,27919
2009-08-31,13.10814380645752,13.10814380645752,12.257264137268066,12.855179786682129,10.085505485534668,11719
2009-09-01,12.878175735473633,14.90188980102539,12.878175735473633,13.292118072509766,10.428304672241211,127641
2009-09-02,13.683061599731445,13.683061599731445,12.510228157043457,12.855179786682129,10.085505485534668,27799
2009-09-03,13.223127365112305,13.33811092376709,12.464235305786133,12.625211715698242,9.905084609985352,23544
2009-09-04,12.464235305786133,12.878175735473633,12.418240547180176,12.533225059509277,9.832916259765625,12538
2009-09-07,12.855179786682129,13.568078994750977,12.786189079284668,13.31511402130127,10.446345329284668,31876
2009-09-08,15.982736587524414,15.982736587524414,12.970163345336914,12.970163345336914,10.175715446472168,15871
2009-09-09,12.993160247802734,14.005017280578613,12.464235305786133,13.2001314163208,10.356136322021484,33874
2009-09-10,13.913029670715332,13.913029670715332,12.487232208251953,12.579218864440918,9.868999481201172,28390
2009-09-11,12.878175735473633,13.246124267578125,12.533225059509277,12.809185981750488,10.049420356750488,9783
2009-09-14,13.10814380645752,13.10814380645752,12.579218864440918,12.901172637939453,10.121588706970215,3813
2009-09-15,14.671921730041504,14.671921730041504,12.694202423095703,12.855179786682129,10.085505485534668,17806
2009-09-16,13.568078994750977,13.568078994750977,12.487232208251953,12.6712064743042,9.941169738769531,15997
2009-09-17,12.878175735473633,13.0851469039917,12.533225059509277,12.740196228027344,10.371767044067383,32517
2009-09-18,12.556221961975098,12.901172637939453,12.418240547180176,12.464235305786133,10.147107124328613,9344
2009-09-22,12.878175735473633,13.775049209594727,12.464235305786133,13.292118072509766,10.821084022521973,68561
2009-09-23,13.10814380645752,13.177133560180664,12.648208618164062,12.94716739654541,10.540261268615723,12877
2009-09-24,12.763193130493164,12.763193130493164,12.303257942199707,12.694202423095703,10.33432388305664,17104
2009-09-25,12.556221961975098,12.878175735473633,12.211271286010742,12.602214813232422,10.259437561035156,13219
2009-09-29,12.786189079284668,13.154136657714844,12.648208618164062,12.694202423095703,10.33432388305664,19109
2009-09-30,11.958307266235352,13.867035865783691,11.958307266235352,13.59107494354248,11.06446361541748,73406
2009-10-01,14.028014183044434,14.533942222595215,13.33811092376709,13.59107494354248,11.06446361541748,68029
2009-10-05,13.33811092376709,13.407100677490234,12.786189079284668,12.878175735473633,10.484095573425293,8431
2009-10-06,12.878175735473633,12.878175735473633,12.372247695922852,12.441238403320312,10.128386497497559,6263
2009-10-07,12.418240547180176,13.10814380645752,12.395244598388672,12.487232208251953,10.165828704833984,13014
2009-10-08,13.706059455871582,13.706059455871582,11.958307266235352,12.878175735473633,10.484095573425293,7609
2009-10-09,12.556221961975098,12.648208618164062,12.004300117492676,12.119283676147461,9.866281509399414,18861
2009-10-12,12.142280578613281,12.533225059509277,12.142280578613281,12.326253890991211,10.03477668762207,5861
2009-10-13,12.326253890991211,12.326253890991211,12.326253890991211,12.326253890991211,10.03477668762207,0
2009-10-14,12.303257942199707,12.326253890991211,12.07328987121582,12.188274383544922,9.92244815826416,74358
2009-10-15,12.395244598388672,13.016157150268555,12.119283676147461,12.970163345336914,10.558984756469727,19785
2009-10-16,13.292118072509766,13.292118072509766,12.556221961975098,12.832182884216309,10.446651458740234,10342
2009-10-20,12.510228157043457,13.10814380645752,12.418240547180176,12.487232208251953,10.165828704833984,8455
2009-10-21,12.855179786682129,14.257981300354004,12.855179786682129,13.33811092376709,10.858530044555664,236824
2009-10-22,13.269121170043945,13.476092338562012,12.648208618164062,12.832182884216309,10.446651458740234,23009
2009-10-23,12.993160247802734,13.10814380645752,12.487232208251953,12.625211715698242,10.278158187866211,15019
2009-10-26,12.625211715698242,12.878175735473633,12.418240547180176,12.487232208251953,10.165828704833984,5196
2009-10-27,12.809185981750488,12.809185981750488,11.86631965637207,11.86631965637207,9.660346984863281,10653
2009-10-28,11.314397811889648,12.027297019958496,11.314397811889648,12.004300117492676,9.772672653198242,16089
2009-10-29,11.153421401977539,12.556221961975098,11.153421401977539,11.935310363769531,9.716511726379395,6677
2009-10-30,11.498372077941895,11.86631965637207,11.383387565612793,11.452378273010254,9.323356628417969,7392
2009-11-03,11.498372077941895,11.544364929199219,11.084429740905762,11.337393760681152,9.229747772216797,9783
2009-11-04,11.061433792114258,12.234267234802246,11.061433792114258,11.79732894897461,9.604178428649902,9623
2009-11-05,12.579218864440918,12.579218864440918,11.613354682922363,12.119283676147461,9.866281509399414,12821
2009-11-06,11.383387565612793,13.522085189819336,11.383387565612793,12.832182884216309,10.446651458740234,54455
2009-11-09,12.855179786682129,13.33811092376709,12.441238403320312,12.924169540405273,10.521538734436035,9723
2009-11-10,12.832182884216309,12.878175735473633,12.418240547180176,12.418240547180176,10.109663963317871,5435
2009-11-11,12.418240547180176,12.602214813232422,12.234267234802246,12.533225059509277,10.20327091217041,8479
2009-11-12,12.395244598388672,12.855179786682129,12.188274383544922,12.418240547180176,10.109663963317871,11523
2009-11-13,12.441238403320312,12.878175735473633,12.441238403320312,12.648208618164062,10.296879768371582,2609
2009-11-16,12.464235305786133,12.602214813232422,12.418240547180176,12.579218864440918,10.240714073181152,6522
2009-11-17,13.522085189819336,13.522085189819336,11.958307266235352,12.441238403320312,10.128386497497559,13480
2009-11-18,12.786189079284668,12.786189079284668,12.303257942199707,12.510228157043457,10.184550285339355,7392
2009-11-19,12.533225059509277,12.533225059509277,12.188274383544922,12.418240547180176,10.109663963317871,1187
2009-11-20,12.533225059509277,12.763193130493164,12.188274383544922,12.418240547180176,10.109663963317871,5000
2009-11-23,12.786189079284668,13.729056358337402,12.487232208251953,13.154136657714844,10.708754539489746,40081
2009-11-24,12.970163345336914,13.10814380645752,12.556221961975098,12.602214813232422,10.259437561035156,9394
2009-11-25,12.878175735473633,13.016157150268555,12.188274383544922,12.303257942199707,10.016057014465332,9686
2009-11-26,12.326253890991211,12.533225059509277,11.981303215026855,12.119283676147461,9.866281509399414,8188
2009-11-27,11.86631965637207,11.86631965637207,11.498372077941895,11.636351585388184,9.473128318786621,12680
2009-11-30,12.901172637939453,12.901172637939453,11.705342292785645,11.86631965637207,9.660346984863281,5218
2009-12-01,11.981303215026855,12.349250793457031,11.86631965637207,12.142280578613281,9.885004043579102,5931
2009-12-02,12.050293922424316,12.326253890991211,11.958307266235352,12.004300117492676,9.772672653198242,12760
2009-12-03,12.234267234802246,13.568078994750977,12.07328987121582,12.625211715698242,10.278158187866211,122184
2009-12-04,12.579218864440918,13.10814380645752,12.188274383544922,12.602214813232422,10.259437561035156,15402
2009-12-07,11.751336097717285,13.10814380645752,11.567361831665039,12.694202423095703,10.33432388305664,11588
2009-12-08,12.464235305786133,13.2001314163208,12.464235305786133,13.0851469039917,10.652589797973633,26458
2009-12-09,13.33811092376709,13.453095436096191,12.878175735473633,13.246124267578125,10.783641815185547,41116
2009-12-10,13.430097579956055,13.637068748474121,13.33811092376709,13.38410472869873,10.895971298217773,20500
2009-12-11,13.798046112060547,13.798046112060547,12.878175735473633,13.016157150268555,10.59642505645752,11993
2009-12-14,13.545082092285156,13.545082092285156,12.648208618164062,12.855179786682129,10.465375900268555,12664
2009-12-15,13.33811092376709,13.33811092376709,12.924169540405273,12.924169540405273,10.521538734436035,4855
2009-12-16,12.694202423095703,13.062150001525879,12.602214813232422,12.832182884216309,10.446651458740234,1728
2009-12-17,13.292118072509766,13.292118072509766,12.418240547180176,12.556221961975098,10.221993446350098,4207
2009-12-18,13.430097579956055,13.430097579956055,12.418240547180176,12.487232208251953,10.165828704833984,2867
2009-12-21,13.59107494354248,13.59107494354248,11.958307266235352,12.257264137268066,9.978612899780273,7564
2009-12-22,12.418240547180176,12.855179786682129,12.418240547180176,12.602214813232422,10.259437561035156,9005
2009-12-23,12.694202423095703,12.763193130493164,12.556221961975098,12.556221961975098,10.221993446350098,9342
2009-12-24,15.062867164611816,15.062867164611816,12.625211715698242,13.039154052734375,10.615148544311523,13908
2009-12-29,13.568078994750977,13.568078994750977,12.441238403320312,12.901172637939453,10.502815246582031,8951
2009-12-30,12.878175735473633,13.292118072509766,12.878175735473633,13.016157150268555,10.59642505645752,13114
2009-12-31,14.556939125061035,14.556939125061035,13.0851469039917,13.177133560180664,10.727474212646484,21111
2010-01-04,13.798046112060547,15.821760177612305,13.798046112060547,15.821760177612305,12.880459785461426,225114
2010-01-05,16.99459457397461,17.47752571105957,15.637785911560059,15.91374683380127,12.95534896850586,408770
2010-01-06,16.281694412231445,17.24755859375,15.660781860351562,15.982736587524414,13.01151180267334,129664
2010-01-07,15.637785911560059,16.879610061645508,15.637785911560059,16.097721099853516,13.105121612548828,31415
2010-01-08,16.258697509765625,18.857330322265625,16.258697509765625,17.70749282836914,14.415633201599121,871358
2010-01-11,17.93745994567871,19.7312068939209,17.36254119873047,18.604366302490234,15.145773887634277,325052
2010-01-12,18.420391082763672,18.696353912353516,16.396678924560547,16.879610061645508,13.741655349731445,65611
2010-01-13,16.695636749267578,17.93745994567871,16.672639846801758,17.63850212097168,14.359466552734375,55868
2010-01-14,17.47752571105957,18.627361297607422,17.47752571105957,18.236417770385742,14.84622859954834,75828
2010-01-15,18.39739418029785,20.2601318359375,16.833616256713867,18.627361297607422,15.164493560791016,313000
2010-01-18,18.650358200073242,21.15700340270996,18.1904239654541,19.501239776611328,15.8759183883667,391031
2010-01-19,20.03016471862793,20.30612564086914,18.719348907470703,18.926319122314453,15.40787410736084,66563
2010-01-20,19.639219284057617,19.639219284057617,18.35140037536621,18.719348907470703,15.239380836486816,95635
2010-01-21,18.696353912353516,22.076873779296875,18.627361297607422,19.96117401123047,16.250349044799805,615774
2010-01-22,19.7312068939209,19.77720069885254,18.972314834594727,18.972314834594727,15.445318222045898,8642
2010-01-25,18.029447555541992,18.029447555541992,18.029447555541992,18.029447555541992,14.67773723602295,1087
2010-01-27,17.47752571105957,17.47752571105957,17.1325740814209,17.1325740814209,13.947591781616211,1630
2010-01-28,16.350685119628906,16.902606964111328,16.281694412231445,16.281694412231445,13.254892349243164,8655
2010-01-29,15.476807594299316,16.557655334472656,15.476807594299316,16.074724197387695,13.086398124694824,19485
2010-02-01,15.338828086853027,16.879610061645508,15.338828086853027,16.879610061645508,13.741655349731445,9788
2010-02-02,16.879610061645508,17.70749282836914,16.879610061645508,17.24755859375,14.041200637817383,40129
2010-02-03,16.557655334472656,17.316547393798828,16.396678924560547,16.442672729492188,13.385944366455078,6850
2010-02-04,16.097721099853516,16.649642944335938,15.959739685058594,15.959739685058594,12.992790222167969,2035
2010-02-05,15.177850723266602,15.637785911560059,15.177850723266602,15.177850723266602,12.356256484985352,36348
2010-02-08,15.361824989318848,15.361824989318848,14.326971054077148,14.372964859008789,11.70099925994873,19244
2010-02-09,15.062867164611816,15.108860969543457,14.487948417663574,14.533942222595215,11.832050323486328,1874
2010-02-10,15.177850723266602,15.177850723266602,14.005017280578613,14.005017280578613,11.401453971862793,4820
2010-02-11,14.395960807800293,14.717915534973145,14.142996788024902,14.694918632507324,11.963101387023926,3109
2010-02-15,14.717915534973145,15.269838333129883,14.257981300354004,14.349967956542969,11.68227767944336,10171
2010-02-16,14.303974151611328,14.947882652282715,14.303974151611328,14.717915534973145,11.981822967529297,14693
2010-02-17,15.269838333129883,15.361824989318848,14.85589599609375,15.108860969543457,12.300090789794922,29882
2010-02-18,14.60293197631836,15.154853820800781,14.579935073852539,14.809903144836426,12.056711196899414,2796
2010-02-19,14.165993690490723,15.269838333129883,14.142996788024902,14.510945320129395,11.813331604003906,10740
2010-02-22,15.062867164611816,15.062867164611816,13.798046112060547,13.844039916992188,11.270402908325195,24538
2010-02-23,13.798046112060547,13.798046112060547,13.31511402130127,13.33811092376709,10.858530044555664,17085
2010-02-24,13.154136657714844,13.568078994750977,12.901172637939453,13.246124267578125,10.783641815185547,2878
2010-02-25,13.0851469039917,13.752053260803223,12.717199325561523,12.901172637939453,10.502815246582031,30786
2010-02-26,12.510228157043457,13.545082092285156,12.510228157043457,13.545082092285156,11.027022361755371,2230
2010-03-02,14.165993690490723,14.234984397888184,14.097003936767578,14.234984397888184,11.58867073059082,1478
2010-03-03,14.740913391113281,14.947882652282715,14.556939125061035,14.832900047302246,12.075431823730469,8179
2010-03-04,14.395960807800293,15.062867164611816,14.120000839233398,14.832900047302246,12.075431823730469,4122
2010-03-05,15.246841430664062,15.269838333129883,14.64892578125,14.717915534973145,11.981822967529297,22829
2010-03-08,14.717915534973145,16.005733489990234,14.717915534973145,15.177850723266602,12.356256484985352,17241
2010-03-09,15.223843574523926,15.614789009094238,14.418957710266113,14.579935073852539,11.86949348449707,10310
2010-03-10,14.074007034301758,15.108860969543457,14.051010131835938,14.257981300354004,11.607391357421875,11525
2010-03-11,13.499088287353516,14.740913391113281,13.476092338562012,14.441954612731934,11.757164001464844,7953
2010-03-12,14.074007034301758,15.016874313354492,14.074007034301758,14.671921730041504,11.944379806518555,2474
2010-03-15,14.671921730041504,15.062867164611816,13.821043014526367,13.982020378112793,11.382732391357422,7879
2010-03-16,13.798046112060547,14.257981300354004,13.798046112060547,14.028014183044434,11.42017650604248,3072
2010-03-17,13.6140718460083,14.694918632507324,13.6140718460083,14.372964859008789,11.70099925994873,10355
2010-03-18,14.372964859008789,15.821760177612305,14.372964859008789,15.384820938110352,12.524748802185059,135040
2010-03-19,15.292834281921387,15.729772567749023,14.832900047302246,14.85589599609375,12.094152450561523,5028
2010-03-22,14.280978202819824,14.90188980102539,13.913029670715332,13.982020378112793,11.382732391357422,4626
2010-03-23,13.476092338562012,14.533942222595215,13.476092338562012,14.21198844909668,11.56994915008545,12175
2010-03-25,13.798046112060547,15.085864067077637,13.798046112060547,14.326971054077148,11.663556098937988,14347
2010-03-26,14.097003936767578,14.671921730041504,14.074007034301758,14.257981300354004,11.607391357421875,20672
2010-03-29,14.993877410888672,15.637785911560059,14.074007034301758,14.372964859008789,11.70099925994873,81863
2010-03-30,14.740913391113281,15.821760177612305,14.717915534973145,15.821760177612305,12.880459785461426,120475
2010-03-31,16.99459457397461,17.40853500366211,15.867753028869629,17.293550491333008,14.078642845153809,174876
2010-04-01,17.47752571105957,17.68449592590332,16.603649139404297,16.856613159179688,13.722930908203125,61734
2010-04-05,16.879610061645508,17.91446304321289,16.465667724609375,16.787622451782227,13.666768074035645,40038
2010-04-06,16.373680114746094,17.017589569091797,16.005733489990234,16.235700607299805,13.217448234558105,65522
2010-04-07,16.764625549316406,16.764625549316406,15.89074993133545,15.936742782592773,12.974067687988281,59556
2010-04-08,16.189708709716797,16.534658432006836,15.798763275146484,15.936742782592773,12.974067687988281,25488
2010-04-09,17.15557098388672,17.15557098388672,15.89074993133545,15.982736587524414,13.01151180267334,39268
2010-04-12,16.143714904785156,16.327688217163086,15.982736587524414,16.074724197387695,13.086398124694824,15221
2010-04-13,16.212703704833984,16.465667724609375,16.212703704833984,16.327688217163086,13.292336463928223,10723
2010-04-15,16.97159767150879,17.6614990234375,16.373680114746094,16.488664627075195,13.423384666442871,65552
2010-04-16,16.396678924560547,17.24755859375,16.074724197387695,16.764625549316406,13.64804744720459,26905
2010-04-19,16.764625549316406,17.43153190612793,16.166711807250977,17.293550491333008,14.078642845153809,49370
2010-04-20,17.40853500366211,18.627361297607422,16.856613159179688,18.052444458007812,14.696455955505371,361581
2010-04-21,18.16742706298828,18.857330322265625,17.84547233581543,18.259414672851562,14.864951133728027,146831
2010-04-22,18.39739418029785,18.39739418029785,17.316547393798828,17.61550521850586,14.34074592590332,44288
2010-04-23,17.24755859375,17.6614990234375,17.24755859375,17.47752571105957,14.228414535522461,10534
2010-04-26,17.89146614074707,18.305408477783203,17.33954429626465,17.5465145111084,14.28458309173584,17174
2010-04-27,17.61550521850586,17.93745994567871,17.017589569091797,17.1325740814209,13.947591781616211,20128
2010-04-28,16.856613159179688,17.086580276489258,16.097721099853516,16.488664627075195,13.423384666442871,26379
2010-04-29,16.92560386657715,17.20156478881836,16.419675827026367,16.649642944335938,13.554438591003418,17428
2010-04-30,16.649642944335938,17.20156478881836,16.649642944335938,16.833616256713867,13.704209327697754,17224
2010-05-03,16.97159767150879,16.97159767150879,16.373680114746094,16.534658432006836,13.46082878112793,12053
2010-05-04,17.15557098388672,17.24755859375,16.097721099853516,16.120716094970703,13.123839378356934,23562
2010-05-05,15.867753028869629,16.097721099853516,15.499805450439453,15.752769470214844,12.824295043945312,38218
2010-05-06,15.775766372680664,16.074724197387695,15.315831184387207,15.499805450439453,12.618358612060547,20896
2010-05-07,16.097721099853516,16.097721099853516,15.085864067077637,15.453811645507812,12.580913543701172,17650
2010-05-10,15.775766372680664,15.775766372680664,15.292834281921387,15.384820938110352,12.524748802185059,20689
2010-05-11,15.729772567749023,15.752769470214844,15.177850723266602,15.177850723266602,12.356256484985352,10716
2010-05-12,15.131856918334961,15.660781860351562,15.039870262145996,15.614789009094238,12.711967468261719,31595
2010-05-13,15.637785911560059,16.097721099853516,15.154853820800781,15.292834281921387,12.44986343383789,39616
2010-05-14,15.269838333129883,15.476807594299316,15.016874313354492,15.016874313354492,12.22520637512207,4468
2010-05-17,15.062867164611816,15.062867164611816,14.303974151611328,14.763909339904785,12.019268989562988,4267
2010-05-18,15.085864067077637,15.085864067077637,14.257981300354004,14.326971054077148,11.663556098937988,81072
2010-05-19,13.936026573181152,14.717915534973145,13.660065650939941,13.729056358337402,11.176795959472656,98087
2010-05-20,14.487948417663574,14.487948417663574,13.844039916992188,13.959023475646973,11.364009857177734,12732
2010-05-21,13.775049209594727,13.890032768249512,13.33811092376709,13.430097579956055,10.933414459228516,33350
2010-05-24,14.120000839233398,14.120000839233398,12.970163345336914,13.476092338562012,10.970856666564941,4961
2010-05-25,13.016157150268555,13.6140718460083,13.016157150268555,13.59107494354248,11.06446361541748,1400
2010-05-26,13.752053260803223,14.028014183044434,13.453095436096191,13.499088287353516,10.989578247070312,6150
2010-05-27,13.430097579956055,13.752053260803223,13.38410472869873,13.706059455871582,11.158073425292969,3043
2010-05-28,13.798046112060547,14.257981300354004,13.683061599731445,14.188990592956543,11.551226615905762,3750
2010-05-31,14.257981300354004,14.441954612731934,13.660065650939941,14.074007034301758,11.457618713378906,3046
2010-06-01,14.257981300354004,14.717915534973145,13.6140718460083,14.028014183044434,11.42017650604248,8420
2010-06-02,14.372964859008789,14.372964859008789,12.993160247802734,13.706059455871582,11.158073425292969,11795
2010-06-03,13.821043014526367,13.821043014526367,13.33811092376709,13.568078994750977,11.045742988586426,11684
2010-06-04,13.545082092285156,13.798046112060547,12.94716739654541,13.38410472869873,10.895971298217773,22601
2010-06-07,13.223127365112305,13.568078994750977,13.223127365112305,13.407100677490234,10.914690971374512,12510
2010-06-08,13.729056358337402,15.177850723266602,13.59107494354248,13.821043014526367,11.251680374145508,59873
2010-06-09,14.234984397888184,14.349967956542969,13.683061599731445,13.798046112060547,11.232959747314453,27332
2010-06-10,13.775049209594727,14.372964859008789,13.775049209594727,14.234984397888184,11.58867073059082,26197
2010-06-11,14.257981300354004,14.303974151611328,13.729056358337402,13.798046112060547,11.232959747314453,17117
2010-06-14,13.936026573181152,14.257981300354004,13.660065650939941,13.775049209594727,11.214239120483398,16658
2010-06-15,13.798046112060547,14.120000839233398,13.683061599731445,13.798046112060547,11.232959747314453,8599
2010-06-16,13.982020378112793,13.982020378112793,13.59107494354248,13.729056358337402,11.176795959472656,41327
2010-06-17,13.798046112060547,15.131856918334961,13.568078994750977,14.257981300354004,11.607391357421875,89808
2010-06-18,14.510945320129395,14.90188980102539,14.120000839233398,14.21198844909668,11.56994915008545,16578
2010-06-21,14.028014183044434,14.62592887878418,14.028014183044434,14.349967956542969,11.68227767944336,15982
2010-06-22,14.188990592956543,14.188990592956543,13.798046112060547,13.821043014526367,11.251680374145508,12401
2010-06-23,14.21198844909668,14.234984397888184,13.706059455871582,13.729056358337402,11.176795959472656,13969
2010-06-24,12.418240547180176,14.441954612731934,12.418240547180176,14.257981300354004,11.607391357421875,17669
2010-06-25,13.959023475646973,14.60293197631836,13.821043014526367,14.051010131835938,11.438897132873535,22518
2010-06-28,13.936026573181152,14.60293197631836,13.936026573181152,14.028014183044434,11.42017650604248,16269
2010-06-29,14.257981300354004,14.257981300354004,13.867035865783691,14.097003936767578,11.47634220123291,12601
2010-06-30,14.487948417663574,14.487948417663574,13.844039916992188,14.120000839233398,11.495061874389648,4183
2010-07-01,13.959023475646973,14.62592887878418,13.6140718460083,13.844039916992188,11.270402908325195,50755
2010-07-02,13.936026573181152,14.487948417663574,13.936026573181152,14.21198844909668,11.56994915008545,48432
2010-07-05,13.913029670715332,14.142996788024902,13.913029670715332,14.005017280578613,11.401453971862793,619
2010-07-06,14.005017280578613,14.418957710266113,14.005017280578613,14.21198844909668,11.56994915008545,9614
2010-07-07,14.234984397888184,14.257981300354004,13.936026573181152,14.21198844909668,11.56994915008545,7720
2010-07-08,14.257981300354004,17.063583374023438,14.257981300354004,17.063583374023438,13.891426086425781,1021770
2010-07-09,17.93745994567871,18.236417770385742,16.626646041870117,17.33954429626465,14.11608600616455,451576
2010-07-12,17.017589569091797,17.017589569091797,16.143714904785156,16.373680114746094,13.329777717590332,57912
2010-07-13,16.143714904785156,16.99459457397461,16.051727294921875,16.603649139404297,13.516993522644043,34781
2010-07-14,16.212703704833984,17.7764835357666,16.212703704833984,17.040586471557617,13.872706413269043,78028
2010-07-15,17.61550521850586,17.61550521850586,16.787622451782227,16.902606964111328,13.760375022888184,114350
2010-07-16,16.810619354248047,18.627361297607422,16.810619354248047,17.7764835357666,14.471796035766602,352443
2010-07-19,17.93745994567871,19.547231674194336,17.40853500366211,19.202281951904297,15.632535934448242,553671
2010-07-20,18.788339614868164,19.593225479125977,18.12143325805664,18.14443016052246,14.771340370178223,62252
2010-07-21,18.604366302490234,18.857330322265625,18.029447555541992,18.213420867919922,14.827508926391602,55440
2010-07-22,18.811336517333984,19.455244064331055,17.7764835357666,19.225278854370117,15.651260375976562,460139
2010-07-23,19.087297439575195,19.133291244506836,18.075441360473633,18.259414672851562,14.864951133728027,274743
2010-07-26,17.017589569091797,19.271270751953125,17.017589569091797,18.37439727783203,14.958556175231934,149497
2010-07-27,18.282411575317383,19.547231674194336,18.282411575317383,18.581369400024414,15.127055168151855,174824
2010-07-28,18.627361297607422,18.972314834594727,18.282411575317383,18.673355102539062,15.201937675476074,77139
2010-07-29,17.93745994567871,18.673355102539062,17.93745994567871,18.1904239654541,14.808786392211914,35705
2010-07-30,18.052444458007812,18.742345809936523,17.75348663330078,18.029447555541992,14.67773723602295,48095
2010-08-02,18.213420867919922,19.639219284057617,18.213420867919922,18.995309829711914,15.464040756225586,359366
2010-08-03,19.363258361816406,19.616222381591797,18.673355102539062,18.811336517333984,15.314270973205566,78195
2010-08-04,18.857330322265625,19.087297439575195,18.16742706298828,18.37439727783203,14.958556175231934,47330
2010-08-05,19.064300537109375,19.064300537109375,18.1904239654541,18.328405380249023,14.921113967895508,42727
2010-08-06,18.029447555541992,19.064300537109375,18.029447555541992,18.37439727783203,14.958556175231934,59240
2010-08-09,19.202281951904297,20.00716781616211,18.12143325805664,19.892183303833008,16.194183349609375,313568
2010-08-10,20.23713493347168,20.42110824584961,19.271270751953125,19.547231674194336,15.913358688354492,100879
2010-08-11,19.317264556884766,19.96117401123047,19.087297439575195,19.179283142089844,15.613814353942871,57442
2010-08-12,19.087297439575195,19.386255264282227,18.650358200073242,18.880327224731445,15.370434761047363,43153
2010-08-13,19.524234771728516,19.524234771728516,18.535375595092773,18.627361297607422,15.164493560791016,50126
2010-08-16,18.39739418029785,20.00716781616211,18.39739418029785,19.294267654418945,15.707425117492676,112157
2010-08-17,18.857330322265625,19.317264556884766,18.16742706298828,18.37439727783203,14.958556175231934,34072
2010-08-18,18.719348907470703,18.857330322265625,18.213420867919922,18.259414672851562,14.864951133728027,48737
2010-08-19,18.259414672851562,18.673355102539062,18.075441360473633,18.14443016052246,14.771340370178223,21359
2010-08-20,18.305408477783203,18.39739418029785,17.6614990234375,18.029447555541992,14.67773723602295,8068
2010-08-23,18.09843635559082,18.09843635559082,17.38553810119629,17.82247543334961,14.509239196777344,14506
2010-08-24,17.82247543334961,18.305408477783203,17.109577178955078,18.006450653076172,14.659013748168945,17352
2010-08-25,18.834333419799805,18.834333419799805,17.52351951599121,17.52351951599121,14.265859603881836,22777
2010-08-26,18.213420867919922,18.39739418029785,17.52351951599121,17.52351951599121,14.265859603881836,25183
2010-08-27,17.84547233581543,17.84547233581543,16.856613159179688,17.063583374023438,13.891426086425781,16493
2010-08-30,17.47752571105957,17.86846923828125,17.20156478881836,17.70749282836914,14.415633201599121,11786
2010-08-31,17.20156478881836,17.38553810119629,17.063583374023438,17.20156478881836,14.003756523132324,9266
2010-09-01,17.063583374023438,18.075441360473633,17.063583374023438,18.029447555541992,14.67773723602295,13014
2010-09-02,17.38553810119629,17.93745994567871,17.38553810119629,17.799480438232422,14.490519523620605,6968
2010-09-03,17.17856788635254,18.236417770385742,17.17856788635254,17.47752571105957,14.228414535522461,5374
2010-09-06,17.24755859375,17.93745994567871,17.24755859375,17.82247543334961,14.509239196777344,7596
2010-09-07,17.5465145111084,17.70749282836914,17.24755859375,17.47752571105957,14.228414535522461,7474
2010-09-08,17.27055549621582,18.075441360473633,17.27055549621582,17.70749282836914,14.415633201599121,5800
2010-09-09,18.029447555541992,18.604366302490234,17.96045684814453,18.39739418029785,14.977279663085938,134927
2010-09-13,18.604366302490234,18.604366302490234,17.82247543334961,17.96045684814453,14.621569633483887,43614
2010-09-14,17.93745994567871,18.259414672851562,17.47752571105957,17.70749282836914,14.415633201599121,35737
2010-09-15,17.73048973083496,18.581369400024414,17.73048973083496,18.16742706298828,14.790061950683594,38735
2010-09-16,18.16742706298828,18.765342712402344,18.16742706298828,18.1904239654541,14.808786392211914,6785
2010-09-17,18.1904239654541,18.1904239654541,17.73048973083496,17.89146614074707,14.943238258361816,18317
2010-09-20,17.86846923828125,18.37439727783203,17.70749282836914,17.93745994567871,14.981651306152344,10481
2010-09-21,18.328405380249023,18.328405380249023,17.36254119873047,17.47752571105957,14.597505569458008,13980
2010-09-22,17.47752571105957,18.006450653076172,17.063583374023438,17.59250831604004,14.6935396194458,5826
2010-09-23,18.09843635559082,18.09843635559082,17.017589569091797,17.063583374023438,14.251773834228516,7498
2010-09-24,17.43153190612793,17.93745994567871,17.27055549621582,17.89146614074707,14.943238258361816,33448
2010-09-27,18.35140037536621,18.627361297607422,17.24755859375,17.93745994567871,14.981651306152344,21257
2010-09-28,17.93745994567871,17.96045684814453,17.38553810119629,17.75348663330078,14.82799243927002,15682
2010-09-29,17.040586471557617,17.47752571105957,17.040586471557617,17.20156478881836,14.367019653320312,7244
2010-09-30,17.017589569091797,17.36254119873047,16.787622451782227,17.316547393798828,14.463052749633789,6107
2010-10-01,17.36254119873047,17.43153190612793,16.557655334472656,16.902606964111328,14.11732292175293,17961
2010-10-04,17.017589569091797,17.56951141357422,16.603649139404297,17.56951141357422,14.674333572387695,1561
2010-10-05,16.787622451782227,17.43153190612793,16.695636749267578,17.017589569091797,14.213361740112305,5818
2010-10-06,17.040586471557617,17.86846923828125,16.741628646850586,16.97159767150879,14.174947738647461,11977
2010-10-07,17.017589569091797,17.68449592590332,17.017589569091797,17.36254119873047,14.501470565795898,23425
2010-10-08,18.14443016052246,18.14443016052246,16.879610061645508,17.33954429626465,14.482260704040527,24172
2010-10-11,17.63850212097168,17.70749282836914,17.24755859375,17.50052261352539,14.61671257019043,14197
2010-10-12,17.017589569091797,17.47752571105957,17.017589569091797,17.017589569091797,14.213361740112305,4022
2010-10-13,17.17856788635254,17.47752571105957,16.856613159179688,16.97159767150879,14.174947738647461,7683
2010-10-14,16.97159767150879,17.59250831604004,16.92560386657715,17.040586471557617,14.232566833496094,17685
2010-10-15,17.47752571105957,17.47752571105957,17.109577178955078,17.1325740814209,14.30939769744873,11523
2010-10-18,17.36254119873047,17.86846923828125,16.787622451782227,17.50052261352539,14.61671257019043,16067
2010-10-19,17.063583374023438,17.24755859375,16.626646041870117,17.24755859375,14.405433654785156,44965
2010-10-20,16.856613159179688,17.24755859375,16.856613159179688,16.902606964111328,14.11732292175293,3435
2010-10-21,16.879610061645508,16.879610061645508,16.557655334472656,16.603649139404297,13.86762809753418,11164
2010-10-22,16.603649139404297,16.787622451782227,16.511661529541016,16.741628646850586,13.98287296295166,10588
2010-10-25,16.649642944335938,16.672639846801758,16.603649139404297,16.626646041870117,13.886836051940918,2719
2010-10-26,16.92560386657715,16.99459457397461,16.534658432006836,16.603649139404297,13.86762809753418,2328
2010-10-27,16.488664627075195,16.856613159179688,16.258697509765625,16.304691314697266,13.617937088012695,3446
2010-10-28,15.821760177612305,16.281694412231445,15.821760177612305,16.281694412231445,13.598729133605957,2369
2010-10-29,15.982736587524414,17.109577178955078,15.706775665283203,16.534658432006836,13.810007095336914,81768
2010-11-01,16.327688217163086,17.36254119873047,15.982736587524414,17.017589569091797,14.213361740112305,266685
2010-11-02,16.879610061645508,17.293550491333008,16.442672729492188,16.442672729492188,13.733181953430176,153191
2010-11-03,16.99459457397461,17.27055549621582,16.787622451782227,17.27055549621582,14.424641609191895,130748
2010-11-04,18.052444458007812,18.14443016052246,17.59250831604004,18.09843635559082,15.116098403930664,32367
2010-11-08,18.742345809936523,18.949317932128906,18.16742706298828,18.857330322265625,15.749939918518066,28562
2010-11-09,18.627361297607422,19.800195693969727,18.1904239654541,19.616222381591797,16.383779525756836,97735
2010-11-10,19.317264556884766,20.60508155822754,19.041303634643555,20.60508155822754,17.20969009399414,109926
2010-11-11,20.69706916809082,21.639936447143555,20.69706916809082,21.225994110107422,17.728286743164062,150799
2010-11-12,21.938894271850586,21.938894271850586,20.16814422607422,20.16814422607422,16.84475326538086,17202
2010-11-15,19.77720069885254,20.23713493347168,19.179283142089844,19.179283142089844,16.018840789794922,5244
2010-11-16,18.627361297607422,18.857330322265625,18.236417770385742,18.236417770385742,15.231344223022461,14352
2010-11-18,17.73048973083496,17.86846923828125,17.33954429626465,17.38553810119629,14.520676612854004,10079
2010-11-19,16.787622451782227,17.84547233581543,16.626646041870117,17.84547233581543,14.90481948852539,8275
2010-11-22,17.017589569091797,17.33954429626465,16.97159767150879,17.109577178955078,14.290188789367676,5924
2010-11-23,16.787622451782227,17.017589569091797,16.258697509765625,16.511661529541016,13.790801048278809,7348
2010-11-24,17.109577178955078,17.33954429626465,16.005733489990234,17.15557098388672,14.328601837158203,11336
2010-11-25,17.799480438232422,18.029447555541992,17.316547393798828,17.5465145111084,14.655128479003906,7351
2010-11-26,17.017589569091797,17.82247543334961,16.672639846801758,16.672639846801758,13.925254821777344,4207
2010-11-29,16.097721099853516,17.27055549621582,15.844756126403809,15.982736587524414,13.349034309387207,20376
2010-11-30,16.304691314697266,16.672639846801758,16.304691314697266,16.649642944335938,13.906044006347656,382
2010-12-01,16.672639846801758,17.36254119873047,16.672639846801758,17.017589569091797,14.213361740112305,2998
2010-12-02,17.63850212097168,17.70749282836914,17.27055549621582,17.293550491333008,14.443845748901367,4350
2010-12-03,17.93745994567871,17.93745994567871,16.442672729492188,16.488664627075195,13.771594047546387,23544
2010-12-06,16.787622451782227,16.99459457397461,15.729772567749023,16.120716094970703,13.464276313781738,10118
2010-12-07,16.235700607299805,16.235700607299805,15.568795204162598,15.591792106628418,13.02251148223877,2119
2010-12-08,16.327688217163086,16.327688217163086,14.947882652282715,14.970879554748535,12.503915786743164,20983
2010-12-09,15.522802352905273,15.522802352905273,14.234984397888184,14.234984397888184,11.88928508758545,3789
2010-12-10,13.637068748474121,14.947882652282715,13.522085189819336,14.924886703491211,12.46550178527832,14930
2010-12-13,15.177850723266602,15.223843574523926,14.257981300354004,15.131856918334961,12.638367652893066,6640
2010-12-14,15.844756126403809,15.844756126403809,15.108860969543457,15.108860969543457,12.619158744812012,5005
2010-12-15,15.591792106628418,15.591792106628418,14.533942222595215,14.740913391113281,12.311843872070312,1591
2010-12-16,15.269838333129883,15.269838333129883,14.280978202819824,14.947882652282715,12.484708786010742,2230
2010-12-20,15.269838333129883,15.292834281921387,14.349967956542969,14.694918632507324,12.27342700958252,4622
2010-12-21,15.269838333129883,15.315831184387207,14.717915534973145,14.763909339904785,12.33105182647705,5244
2010-12-22,14.832900047302246,15.292834281921387,14.740913391113281,14.924886703491211,12.46550178527832,3709
2010-12-23,15.315831184387207,15.315831184387207,14.487948417663574,14.533942222595215,12.138978958129883,8749
2010-12-24,14.809903144836426,14.947882652282715,14.487948417663574,14.786906242370605,12.350258827209473,3822
2010-12-27,15.384820938110352,15.384820938110352,14.395960807800293,14.809903144836426,12.369463920593262,7153
2010-12-28,15.315831184387207,15.315831184387207,14.487948417663574,14.579935073852539,12.177392959594727,18400
2010-12-29,14.487948417663574,14.579935073852539,14.326971054077148,14.487948417663574,12.100564002990723,1589
2010-12-30,14.717915534973145,14.717915534973145,14.418957710266113,14.556939125061035,12.158186912536621,3265
2010-12-31,14.924886703491211,15.062867164611816,14.60293197631836,14.85589599609375,12.407880783081055,5600
2011-01-03,15.269838333129883,15.407817840576172,14.924886703491211,15.269838333129883,12.75361156463623,10062
2011-01-04,15.177850723266602,15.223843574523926,14.90188980102539,15.039870262145996,12.561537742614746,3185
2011-01-05,14.832900047302246,15.315831184387207,14.832900047302246,15.154853820800781,12.657573699951172,12658
2011-01-06,14.809903144836426,15.085864067077637,14.809903144836426,14.87889289855957,12.42708683013916,1326
2011-01-07,14.809903144836426,14.809903144836426,13.660065650939941,13.752053260803223,11.485932350158691,25297
2011-01-10,13.660065650939941,14.120000839233398,13.10814380645752,13.2001314163208,11.024957656860352,4794
2011-01-11,14.120000839233398,14.120000839233398,12.993160247802734,13.33811092376709,11.140203475952148,2587
2011-01-12,13.453095436096191,14.234984397888184,12.533225059509277,13.752053260803223,11.485932350158691,7203
2011-01-13,13.499088287353516,13.844039916992188,13.36110782623291,13.36110782623291,11.159408569335938,4185
2011-01-14,13.33811092376709,13.499088287353516,13.33811092376709,13.38410472869873,11.178616523742676,1141
2011-01-17,12.280261039733887,14.142996788024902,12.280261039733887,12.832182884216309,10.71764087677002,16571
2011-01-18,12.832182884216309,13.039154052734375,12.326253890991211,12.418240547180176,10.371912002563477,5726
2011-01-19,12.556221961975098,13.2001314163208,12.188274383544922,12.510228157043457,10.44874095916748,4333
2011-01-20,11.774333000183105,13.246124267578125,11.774333000183105,13.016157150268555,10.871299743652344,1404
2011-01-21,12.648208618164062,13.637068748474121,12.579218864440918,12.625211715698242,10.544776916503906,12303
2011-01-24,12.625211715698242,13.10814380645752,12.579218864440918,12.809185981750488,10.698434829711914,897
2011-01-25,12.004300117492676,12.970163345336914,12.004300117492676,12.372247695922852,10.333497047424316,5363
2011-01-27,12.395244598388672,12.648208618164062,12.211271286010742,12.326253890991211,10.295083045959473,2696
2011-01-28,11.958307266235352,11.958307266235352,11.68234634399414,11.774333000183105,9.83410930633545,354
2011-01-31,11.84332275390625,12.418240547180176,11.613354682922363,12.349250793457031,10.314290046691895,2630
2011-02-01,11.958307266235352,12.395244598388672,11.613354682922363,11.636351585388184,9.718865394592285,3059
2011-02-02,11.268404006958008,12.740196228027344,11.268404006958008,12.211271286010742,10.199047088623047,8457
2011-02-03,11.176417350769043,12.280261039733887,11.176417350769043,12.280261039733887,10.256669044494629,2261
2011-02-04,12.004300117492676,12.004300117492676,11.268404006958008,11.383387565612793,9.507586479187012,5252
2011-02-07,11.613354682922363,11.613354682922363,11.107426643371582,11.337393760681152,9.469168663024902,3261
2011-02-08,11.912313461303711,11.912313461303711,10.233551025390625,10.57850170135498,8.835331916809082,11699
2011-02-09,10.348533630371094,11.383387565612793,9.980587005615234,10.11856746673584,8.451188087463379,11018
2011-02-10,10.11856746673584,10.57850170135498,10.11856746673584,10.256546974182129,8.566429138183594,2563
2011-02-11,10.647492408752441,10.946450233459473,10.11856746673584,10.693486213684082,8.931367874145508,2643
2011-02-14,11.245407104492188,11.245407104492188,10.57850170135498,10.877459526062012,9.085025787353516,15887
2011-02-15,10.693486213684082,11.038436889648438,10.486515045166016,10.509511947631836,8.777711868286133,5613
2011-02-16,11.268404006958008,11.268404006958008,10.53250789642334,10.785472869873047,9.008197784423828,860
2011-02-17,11.038436889648438,11.038436889648438,10.670489311218262,10.670489311218262,8.91215991973877,223
2011-02-18,10.624494552612305,10.624494552612305,10.187557220458984,10.509511947631836,8.777711868286133,1254
2011-02-21,11.038436889648438,11.038436889648438,10.27954387664795,10.670489311218262,8.91215991973877,1963
2011-02-22,10.348533630371094,10.670489311218262,10.30254077911377,10.348533630371094,8.643259048461914,7020
2011-02-23,10.348533630371094,10.371530532836914,10.16456127166748,10.187557220458984,8.508810043334961,2452
2011-02-24,10.003582954406738,10.11856746673584,10.003582954406738,10.003582954406738,8.35515022277832,858
2011-02-25,10.003582954406738,10.256546974182129,9.29068374633789,9.911596298217773,8.278321266174316,4594
2011-02-28,10.095569610595703,10.095569610595703,9.106710433959961,9.405668258666992,7.8557634353637695,3933
2011-03-01,9.428665161132812,10.348533630371094,9.428665161132812,10.348533630371094,8.643259048461914,5200
2011-03-03,9.957590103149414,11.245407104492188,9.750618934631348,10.187557220458984,8.508810043334961,12521
2011-03-04,10.53250789642334,10.923453330993652,10.53250789642334,10.693486213684082,8.931367874145508,1195
2011-03-07,10.463518142700195,10.739479064941406,10.049576759338379,10.739479064941406,8.969782829284668,521
2011-03-08,10.992443084716797,11.038436889648438,10.417525291442871,10.739479064941406,8.969782829284668,784
2011-03-09,9.957590103149414,10.992443084716797,9.957590103149414,10.371530532836914,8.662467002868652,1539
2011-03-10,10.27954387664795,10.348533630371094,10.27954387664795,10.348533630371094,8.643259048461914,141
2011-03-11,10.785472869873047,10.785472869873047,10.486515045166016,10.6014986038208,8.854538917541504,4663
2011-03-14,10.877459526062012,10.877459526062012,10.486515045166016,10.486515045166016,8.758502960205078,65
2011-03-15,10.30254077911377,10.57850170135498,9.612639427185059,10.11856746673584,8.451188087463379,3598
2011-03-16,10.026579856872559,10.992443084716797,10.026579856872559,10.992443084716797,9.181061744689941,706
2011-03-17,10.946450233459473,11.84332275390625,10.11856746673584,10.14156436920166,8.4703950881958,6848
2011-03-18,10.14156436920166,10.14156436920166,10.14156436920166,10.14156436920166,8.4703950881958,0
2011-03-21,9.86560344696045,9.88860034942627,9.658632278442383,9.750618934631348,8.143872261047363,5413
2011-03-22,9.842605590820312,10.11856746673584,9.773615837097168,10.095569610595703,8.43198013305664,4304
2011-03-23,10.11856746673584,10.57850170135498,10.026579856872559,10.486515045166016,8.758502960205078,11447
2011-03-24,10.27954387664795,10.762475967407227,10.27954387664795,10.693486213684082,8.931367874145508,9738
2011-03-25,9.980587005615234,10.80846881866455,9.681629180908203,9.86560344696045,8.239908218383789,52216
2011-03-28,10.003582954406738,10.11856746673584,9.589641571044922,10.11856746673584,8.451188087463379,14480
2011-03-29,9.842605590820312,9.842605590820312,9.0377197265625,9.612639427185059,8.028626441955566,17965
2011-03-30,9.451661109924316,10.900456428527832,9.336677551269531,10.877459526062012,9.085025787353516,19789
2011-03-31,10.57850170135498,10.57850170135498,10.11856746673584,10.27954387664795,8.585637092590332,2546
2011-04-01,10.57850170135498,11.084429740905762,10.57850170135498,10.762475967407227,8.98898983001709,2946
2011-04-04,10.785472869873047,11.705342292785645,10.39452838897705,11.65934944152832,9.73807430267334,5694
2011-04-05,11.613354682922363,12.09628677368164,11.360390663146973,11.613354682922363,9.699657440185547,5720
2011-04-06,11.79732894897461,11.82032585144043,11.176417350769043,11.268404006958008,9.41154956817627,7848
2011-04-07,10.80846881866455,11.86631965637207,10.80846881866455,11.475375175476074,9.5844144821167,7111
2011-04-08,11.268404006958008,13.568078994750977,11.268404006958008,11.958307266235352,9.987768173217773,58427
2011-04-11,12.142280578613281,12.211271286010742,11.774333000183105,11.84332275390625,9.891730308532715,9405
2011-04-13,11.521368026733398,11.958307266235352,11.521368026733398,11.521368026733398,9.622828483581543,1137
2011-04-15,11.498372077941895,12.211271286010742,11.498372077941895,11.981303215026855,10.006974220275879,68657
2011-04-18,11.912313461303711,12.119283676147461,11.65934944152832,12.004300117492676,10.026183128356934,18556
2011-04-19,11.728339195251465,11.728339195251465,11.199414253234863,11.452378273010254,9.565208435058594,1943
2011-04-20,11.498372077941895,11.498372077941895,11.40638542175293,11.40638542175293,9.52679443359375,1304
2011-04-21,11.567361831665039,11.567361831665039,11.498372077941895,11.544364929199219,9.642035484313965,4348
2011-04-25,12.372247695922852,12.648208618164062,11.958307266235352,12.441238403320312,10.391119003295898,17782
2011-04-26,12.188274383544922,12.556221961975098,12.188274383544922,12.211271286010742,10.199047088623047,5242
2011-04-27,12.418240547180176,12.418240547180176,11.59035873413086,11.68234634399414,9.757280349731445,3396
2011-04-28,11.544364929199219,11.728339195251465,11.544364929199219,11.544364929199219,9.642035484313965,373
2011-04-29,11.728339195251465,11.728339195251465,11.728339195251465,11.728339195251465,9.795693397521973,587
2011-05-02,11.383387565612793,11.383387565612793,11.383387565612793,11.383387565612793,9.507586479187012,1739
2011-05-03,11.383387565612793,11.383387565612793,11.038436889648438,11.314397811889648,9.44996452331543,7640
2011-05-04,10.739479064941406,11.038436889648438,10.57850170135498,11.038436889648438,9.219476699829102,2793
2011-05-05,11.038436889648438,11.038436889648438,10.877459526062012,10.877459526062012,9.085025787353516,2454
2011-05-06,9.934593200683594,11.199414253234863,9.934593200683594,10.716482162475586,8.950575828552246,4496
2011-05-09,10.854462623596191,11.038436889648438,10.854462623596191,11.038436889648438,9.219476699829102,1474
2011-05-10,11.038436889648438,11.751336097717285,10.739479064941406,10.946450233459473,9.14264965057373,267
2011-05-11,10.739479064941406,10.80846881866455,10.57850170135498,10.647492408752441,8.892952919006348,741
2011-05-12,11.038436889648438,11.038436889648438,10.670489311218262,10.670489311218262,8.91215991973877,3941
2011-05-13,10.693486213684082,10.693486213684082,10.647492408752441,10.647492408752441,8.892952919006348,2282
2011-05-16,10.11856746673584,10.57850170135498,10.11856746673584,10.57850170135498,8.835331916809082,219
2011-05-17,10.57850170135498,11.268404006958008,10.57850170135498,10.923453330993652,9.123441696166992,3252
2011-05-18,10.57850170135498,11.65934944152832,10.57850170135498,11.544364929199219,9.642035484313965,12580
2011-05-19,11.498372077941895,11.774333000183105,10.762475967407227,11.728339195251465,9.795693397521973,1221
2011-05-20,11.038436889648438,11.912313461303711,11.038436889648438,11.82032585144043,9.872523307800293,2926
2011-05-23,11.728339195251465,11.728339195251465,10.877459526062012,10.969447135925293,9.161855697631836,3193
2011-05-24,10.624494552612305,12.07328987121582,10.624494552612305,11.015439987182617,9.200268745422363,3559
2011-05-25,10.509511947631836,11.498372077941895,10.440521240234375,10.647492408752441,8.892952919006348,8181
2011-05-26,10.348533630371094,11.360390663146973,10.348533630371094,10.693486213684082,8.931367874145508,3237
2011-05-27,10.739479064941406,10.900456428527832,10.57850170135498,10.739479064941406,8.969782829284668,145
2011-05-30,10.992443084716797,11.038436889648438,10.992443084716797,11.038436889648438,9.219476699829102,3726
2011-05-31,11.199414253234863,11.613354682922363,11.061433792114258,11.291400909423828,9.430757522583008,10799
2011-06-01,11.061433792114258,11.291400909423828,11.061433792114258,11.291400909423828,9.430757522583008,413
2011-06-02,11.107426643371582,12.165276527404785,10.670489311218262,11.268404006958008,9.41154956817627,58621
2011-06-03,11.107426643371582,11.314397811889648,10.969447135925293,10.969447135925293,9.161855697631836,5794
2011-06-06,10.969447135925293,10.969447135925293,10.969447135925293,10.969447135925293,9.161855697631836,0
2011-06-07,10.946450233459473,10.946450233459473,10.923453330993652,10.923453330993652,9.123441696166992,326
2011-06-08,10.923453330993652,11.061433792114258,10.739479064941406,11.038436889648438,9.219476699829102,817
2011-06-09,10.785472869873047,10.785472869873047,10.670489311218262,10.670489311218262,8.91215991973877,4348
2011-06-10,10.693486213684082,11.107426643371582,10.693486213684082,11.107426643371582,9.277099609375,13
2011-06-13,10.739479064941406,11.383387565612793,10.739479064941406,11.383387565612793,9.507586479187012,4
2011-06-14,11.475375175476074,13.545082092285156,11.038436889648438,12.441238403320312,10.391119003295898,61787
2011-06-15,12.418240547180176,12.878175735473633,11.68234634399414,11.935310363769531,9.968560218811035,28312
2011-06-16,11.935310363769531,11.935310363769531,11.498372077941895,11.498372077941895,9.603622436523438,14962
2011-06-17,11.544364929199219,12.165276527404785,11.544364929199219,11.567361831665039,9.66124439239502,3913
2011-06-20,11.958307266235352,12.740196228027344,11.038436889648438,11.383387565612793,9.507586479187012,34537
2011-06-21,11.521368026733398,12.832182884216309,11.337393760681152,11.82032585144043,9.872523307800293,22796
2011-06-22,11.268404006958008,11.728339195251465,11.268404006958008,11.498372077941895,9.603622436523438,38266
2011-06-23,11.498372077941895,11.498372077941895,11.176417350769043,11.176417350769043,9.334720611572266,2717
2011-06-24,11.82032585144043,13.430097579956055,11.498372077941895,13.062150001525879,10.909714698791504,180353
2011-06-27,12.6712064743042,13.982020378112793,12.6712064743042,13.637068748474121,11.389894485473633,185808
2011-06-28,13.59107494354248,13.775049209594727,12.924169540405273,13.246124267578125,11.063371658325195,90478
2011-06-29,13.292118072509766,13.33811092376709,12.878175735473633,13.13114070892334,10.967337608337402,113766
2011-06-30,13.33811092376709,13.913029670715332,12.970163345336914,13.476092338562012,11.255446434020996,81742
2011-07-01,14.005017280578613,16.189708709716797,13.062150001525879,15.798763275146484,13.195377349853516,401902
2011-07-04,15.798763275146484,16.097721099853516,14.924886703491211,14.993877410888672,12.523124694824219,57171
2011-07-05,15.798763275146484,15.798763275146484,14.487948417663574,14.763909339904785,12.33105182647705,8916
2011-07-06,14.556939125061035,14.556939125061035,13.775049209594727,13.798046112060547,11.524346351623535,20137
2011-07-07,13.798046112060547,14.349967956542969,13.798046112060547,13.798046112060547,11.524346351623535,4439
2011-07-08,13.844039916992188,14.60293197631836,13.729056358337402,14.028014183044434,11.71642017364502,16924
2011-07-11,14.028014183044434,14.303974151611328,13.867035865783691,14.028014183044434,11.71642017364502,2456
2011-07-12,13.890032768249512,14.280978202819824,13.798046112060547,13.844039916992188,11.562761306762695,2689
2011-07-13,13.36110782623291,14.097003936767578,13.36110782623291,13.844039916992188,11.562761306762695,236
2011-07-14,13.890032768249512,15.867753028869629,13.6140718460083,14.487948417663574,12.100564002990723,338282
2011-07-15,14.717915534973145,15.062867164611816,14.257981300354004,14.257981300354004,11.908492088317871,3306
2011-07-18,14.441954612731934,14.87889289855957,14.257981300354004,14.441954612731934,12.062148094177246,6740
2011-07-19,14.349967956542969,14.947882652282715,14.349967956542969,14.763909339904785,12.33105182647705,2124
2011-07-20,14.90188980102539,15.499805450439453,14.487948417663574,14.694918632507324,12.27342700958252,8483
2011-07-21,14.947882652282715,15.108860969543457,14.717915534973145,14.832900047302246,12.388672828674316,11362
2011-07-22,15.177850723266602,16.051727294921875,14.947882652282715,15.246841430664062,12.734403610229492,108484
2011-07-25,15.177850723266602,16.005733489990234,15.177850723266602,15.499805450439453,12.945682525634766,20285
2011-07-26,15.867753028869629,15.936742782592773,15.407817840576172,15.430814743041992,12.888062477111816,6013
2011-07-27,15.683778762817383,15.844756126403809,15.407817840576172,15.637785911560059,13.06092643737793,291
2011-07-28,15.407817840576172,15.591792106628418,15.223843574523926,15.246841430664062,12.734403610229492,10879
2011-07-29,13.59107494354248,17.20156478881836,13.59107494354248,15.522802352905273,12.964890480041504,140104
2011-08-01,15.637785911560059,15.637785911560059,15.039870262145996,15.384820938110352,12.84964656829834,500
2011-08-02,14.717915534973145,15.131856918334961,13.982020378112793,14.717915534973145,12.292634010314941,1587
2011-08-03,14.395960807800293,14.809903144836426,14.395960807800293,14.809903144836426,12.369463920593262,5657
2011-08-04,14.21198844909668,14.257981300354004,14.21198844909668,14.257981300354004,11.908492088317871,4215
2011-08-05,12.832182884216309,14.051010131835938,12.832182884216309,13.31511402130127,11.120994567871094,17043
2011-08-08,12.763193130493164,12.993160247802734,12.418240547180176,12.878175735473633,10.75605583190918,29125
2011-08-09,12.832182884216309,14.120000839233398,12.326253890991211,12.924169540405273,10.794469833374023,9005
2011-08-10,12.993160247802734,14.005017280578613,12.993160247802734,13.407100677490234,11.197822570800781,2228
2011-08-11,12.878175735473633,12.878175735473633,12.418240547180176,12.809185981750488,10.698434829711914,18737
2011-08-12,14.028014183044434,14.028014183044434,12.648208618164062,12.924169540405273,10.794469833374023,9392
2011-08-16,12.418240547180176,13.10814380645752,12.418240547180176,12.878175735473633,10.75605583190918,2602
2011-08-17,12.878175735473633,13.10814380645752,11.958307266235352,12.832182884216309,10.71764087677002,17982
2011-08-18,12.878175735473633,12.878175735473633,12.533225059509277,12.809185981750488,10.698434829711914,4863
2011-08-19,12.119283676147461,12.878175735473633,11.65934944152832,12.855179786682129,10.73685073852539,45652
2011-08-22,12.763193130493164,12.763193130493164,12.648208618164062,12.648208618164062,10.563983917236328,763
2011-08-23,12.648208618164062,12.648208618164062,12.441238403320312,12.441238403320312,10.391119003295898,434
2011-08-24,13.33811092376709,13.33811092376709,12.027297019958496,12.09628677368164,10.103010177612305,3293
2011-08-25,11.65934944152832,13.039154052734375,10.969447135925293,11.107426643371582,9.277099609375,30834
2011-08-26,11.130423545837402,11.889315605163574,10.624494552612305,10.716482162475586,8.950575828552246,10984
2011-08-29,10.693486213684082,12.418240547180176,10.693486213684082,11.774333000183105,9.83410930633545,9664
2011-08-30,11.774333000183105,13.31511402130127,11.084429740905762,12.6712064743042,10.583192825317383,13247
2011-09-02,12.142280578613281,13.062150001525879,12.142280578613281,12.878175735473633,10.75605583190918,22701
2011-09-05,12.418240547180176,14.028014183044434,11.521368026733398,13.453095436096191,11.236237525939941,20439
2011-09-06,13.568078994750977,14.717915534973145,12.6712064743042,14.395960807800293,12.023734092712402,217411
2011-09-07,14.257981300354004,16.097721099853516,14.21198844909668,15.131856918334961,12.638367652893066,214275
2011-09-08,14.924886703491211,15.545799255371094,14.786906242370605,15.315831184387207,12.792024612426758,225284
2011-09-09,14.717915534973145,15.407817840576172,14.257981300354004,14.717915534973145,12.292634010314941,178847
2011-09-12,14.947882652282715,14.993877410888672,14.005017280578613,14.441954612731934,12.062148094177246,218744
2011-09-13,14.487948417663574,15.959739685058594,14.487948417663574,15.062867164611816,12.580744743347168,285770
2011-09-14,15.177850723266602,15.177850723266602,14.257981300354004,14.947882652282715,12.484708786010742,222094
2011-09-15,14.947882652282715,15.867753028869629,14.740913391113281,15.729772567749023,13.137755393981934,262471
2011-09-16,15.407817840576172,15.959739685058594,15.315831184387207,15.729772567749023,13.137755393981934,249046
2011-09-19,15.407817840576172,15.614789009094238,14.717915534973145,15.062867164611816,12.959683418273926,232780
2011-09-20,14.947882652282715,18.075441360473633,14.763909339904785,18.052444458007812,15.53183364868164,1303188
2011-09-21,18.811336517333984,18.811336517333984,16.304691314697266,16.7186336517334,14.384261131286621,623729
2011-09-22,16.120716094970703,16.764625549316406,15.131856918334961,15.637785911560059,13.454327583312988,338669
2011-09-23,14.947882652282715,15.085864067077637,14.257981300354004,14.694918632507324,12.643109321594238,258825
2011-09-26,14.257981300354004,14.809903144836426,13.246124267578125,13.959023475646973,12.009964942932129,222381
2011-09-27,13.798046112060547,14.671921730041504,13.798046112060547,14.671921730041504,12.623324394226074,101847
2011-09-28,15.361824989318848,15.361824989318848,14.303974151611328,15.085864067077637,12.979467391967773,202591
2011-09-29,14.717915534973145,15.637785911560059,14.372964859008789,15.177850723266602,13.058610916137695,229017
2011-09-30,14.763909339904785,15.177850723266602,14.441954612731934,14.740913391113281,12.682682037353516,324350
2011-10-03,14.257981300354004,15.177850723266602,14.005017280578613,14.234984397888184,12.247393608093262,250296
2011-10-04,14.46495246887207,14.87889289855957,13.913029670715332,14.303974151611328,12.30675220489502,217172
2011-10-05,14.257981300354004,14.671921730041504,13.890032768249512,14.142996788024902,12.168251037597656,352421
2011-10-07,14.188990592956543,14.85589599609375,14.188990592956543,14.740913391113281,12.682682037353516,255916
2011-10-10,14.028014183044434,15.315831184387207,14.028014183044434,15.200847625732422,13.078396797180176,128492
2011-10-11,14.947882652282715,15.568795204162598,14.487948417663574,15.407817840576172,13.256470680236816,6690
2011-10-12,15.591792106628418,15.982736587524414,15.453811645507812,15.637785911560059,13.454327583312988,84144
2011-10-13,15.660781860351562,16.143714904785156,15.039870262145996,15.453811645507812,13.296041488647461,182514
2011-10-14,14.763909339904785,15.637785911560059,14.763909339904785,14.993877410888672,12.900325775146484,231089
2011-10-17,14.993877410888672,15.154853820800781,14.85589599609375,14.947882652282715,12.860754013061523,159250
2011-10-18,15.568795204162598,15.568795204162598,14.510945320129395,14.947882652282715,12.860754013061523,184436
2011-10-19,15.660781860351562,15.683778762817383,14.418957710266113,14.717915534973145,12.662895202636719,114833
2011-10-20,14.165993690490723,15.453811645507812,14.165993690490723,14.947882652282715,12.860754013061523,303599
2011-10-21,14.487948417663574,14.993877410888672,14.487948417663574,14.947882652282715,12.860754013061523,253329
2011-10-24,14.763909339904785,15.591792106628418,14.556939125061035,15.177850723266602,13.058610916137695,189857
2011-10-25,15.223843574523926,15.384820938110352,14.579935073852539,14.763909339904785,12.702466011047363,114924
2011-10-28,14.970879554748535,15.568795204162598,14.947882652282715,15.269838333129883,13.13775634765625,120732
2011-10-31,14.947882652282715,15.545799255371094,14.947882652282715,15.315831184387207,13.177328109741211,115301
2011-11-01,14.717915534973145,15.959739685058594,14.717915534973145,14.87889289855957,12.801397323608398,117083
2011-11-02,15.223843574523926,15.269838333129883,14.832900047302246,15.016874313354492,12.920112609863281,110202
2011-11-03,14.993877410888672,15.453811645507812,14.924886703491211,15.361824989318848,13.216899871826172,123919
2011-11-04,15.453811645507812,15.821760177612305,15.338828086853027,15.499805450439453,13.335614204406738,115940
2011-11-08,15.591792106628418,15.637785911560059,15.177850723266602,15.614789009094238,13.434540748596191,186280
2011-11-09,15.407817840576172,15.545799255371094,15.292834281921387,15.315831184387207,13.177328109741211,131659
2011-11-11,15.453811645507812,15.591792106628418,14.028014183044434,14.763909339904785,12.702466011047363,106821
2011-11-14,14.60293197631836,15.407817840576172,14.556939125061035,14.740913391113281,12.682682037353516,120038
2011-11-15,14.832900047302246,14.993877410888672,13.821043014526367,14.142996788024902,12.168251037597656,60832
2011-11-16,14.487948417663574,14.533942222595215,12.94716739654541,13.039154052734375,11.218536376953125,50607
2011-11-17,13.062150001525879,13.752053260803223,12.855179786682129,13.453095436096191,11.574679374694824,11869
2011-11-18,12.878175735473633,13.798046112060547,12.6712064743042,13.10814380645752,11.277892112731934,829215
2011-11-21,12.809185981750488,13.2001314163208,12.07328987121582,12.326253890991211,10.605175971984863,117518
2011-11-22,12.832182884216309,12.878175735473633,11.958307266235352,12.119283676147461,10.427103042602539,31676
2011-11-23,12.487232208251953,12.602214813232422,11.521368026733398,12.533225059509277,10.783246994018555,2489
2011-11-24,13.223127365112305,13.223127365112305,12.07328987121582,12.07328987121582,10.387532234191895,52905
2011-11-25,12.07328987121582,12.648208618164062,11.79732894897461,12.395244598388672,10.664531707763672,10512
2011-11-28,12.395244598388672,12.648208618164062,11.981303215026855,12.142280578613281,10.446889877319336,15565
2011-11-29,12.188274383544922,12.602214813232422,12.004300117492676,12.349250793457031,10.624960899353027,84381
2011-11-30,12.303257942199707,12.395244598388672,11.958307266235352,12.395244598388672,10.664531707763672,110813
2011-12-01,12.878175735473633,13.062150001525879,11.82032585144043,11.981303215026855,10.308389663696289,214304
2011-12-02,12.234267234802246,12.257264137268066,11.86631965637207,11.981303215026855,10.308389663696289,121736
2011-12-05,12.09628677368164,12.648208618164062,11.567361831665039,11.728339195251465,10.09074592590332,48622
2011-12-07,11.912313461303711,12.142280578613281,11.59035873413086,11.912313461303711,10.249032974243164,1978
2011-12-08,12.234267234802246,12.234267234802246,11.59035873413086,11.728339195251465,10.09074592590332,56118
2011-12-09,11.107426643371582,11.912313461303711,11.107426643371582,11.544364929199219,9.932458877563477,2582
2011-12-12,11.498372077941895,11.935310363769531,11.038436889648438,11.176417350769043,9.615887641906738,4798
2011-12-13,11.176417350769043,11.65934944152832,10.693486213684082,11.107426643371582,9.556529998779297,5742
2011-12-14,10.463518142700195,11.245407104492188,10.463518142700195,10.624494552612305,9.14102840423584,2435
2011-12-15,10.57850170135498,10.80846881866455,10.57850170135498,10.57850170135498,9.101456642150879,1787
2011-12-16,10.256546974182129,10.923453330993652,10.11856746673584,10.11856746673584,8.705741882324219,6500
2011-12-19,10.0725736618042,10.233551025390625,9.26768684387207,9.474658012390137,8.151740074157715,2937
2011-12-20,8.991726875305176,9.405668258666992,8.85374641418457,9.06071662902832,7.795596122741699,3496
2011-12-21,9.612639427185059,9.612639427185059,8.60078239440918,8.899740219116211,7.657094955444336,2489
2011-12-22,9.175700187683105,9.520651817321777,8.78475570678711,9.152704238891602,7.8747382164001465,2039
2011-12-23,9.382671356201172,9.382671356201172,8.968729972839355,9.152704238891602,7.8747382164001465,1200
2011-12-26,8.968729972839355,9.543647766113281,8.968729972839355,9.543647766113281,8.211095809936523,197
2011-12-27,9.543647766113281,9.543647766113281,9.543647766113281,9.543647766113281,8.211095809936523,0
2011-12-28,9.405668258666992,9.428665161132812,8.968729972839355,8.968729972839355,7.7164530754089355,652
2011-12-29,8.968729972839355,8.968729972839355,8.78475570678711,8.78475570678711,7.558165550231934,2426
2011-12-30,9.474658012390137,9.474658012390137,8.623779296875,9.08371353149414,7.815380573272705,3565
2012-01-02,9.175700187683105,9.175700187683105,8.830748558044434,8.830748558044434,7.597736358642578,271
2012-01-03,9.635635375976562,9.704626083374023,9.175700187683105,9.612639427185059,8.270453453063965,2000
2012-01-04,9.198697090148926,9.589641571044922,9.152704238891602,9.543647766113281,8.211095809936523,5792
2012-01-05,9.566644668579102,10.210554122924805,9.29068374633789,10.0725736618042,8.666169166564941,11201
2012-01-06,9.658632278442383,10.348533630371094,9.244690895080566,10.256546974182129,8.824454307556152,3083
2012-01-09,11.383387565612793,11.383387565612793,9.543647766113281,10.11856746673584,8.705741882324219,3200
2012-01-10,9.658632278442383,11.337393760681152,9.658632278442383,10.831465721130371,9.319101333618164,1828
2012-01-11,12.234267234802246,12.234267234802246,10.55550479888916,10.57850170135498,9.101456642150879,3563
2012-01-12,11.935310363769531,11.935310363769531,10.57850170135498,11.383387565612793,9.793959617614746,934
2012-01-13,10.80846881866455,10.854462623596191,10.486515045166016,10.57850170135498,9.101456642150879,4135
2012-01-16,11.383387565612793,11.40638542175293,10.716482162475586,10.969447135925293,9.43781566619873,3659
2012-01-17,11.314397811889648,11.314397811889648,10.923453330993652,10.923453330993652,9.398244857788086,810
2012-01-18,10.57850170135498,11.958307266235352,10.57850170135498,10.831465721130371,9.319101333618164,426
2012-01-19,10.57850170135498,11.613354682922363,10.348533630371094,10.762475967407227,9.25974178314209,2861
2012-01-20,10.348533630371094,11.498372077941895,10.11856746673584,10.762475967407227,9.25974178314209,3646
2012-01-23,10.670489311218262,11.337393760681152,10.670489311218262,10.946450233459473,9.418028831481934,2152
2012-01-24,10.57850170135498,11.153421401977539,10.486515045166016,10.992443084716797,9.457600593566895,3046
2012-01-25,10.486515045166016,11.015439987182617,10.486515045166016,11.015439987182617,9.477385520935059,1956
2012-01-27,11.061433792114258,13.2001314163208,11.015439987182617,13.177133560180664,11.337246894836426,21313
2012-01-30,13.407100677490234,14.234984397888184,11.958307266235352,12.510228157043457,10.763463020324707,22261
2012-01-31,12.464235305786133,12.464235305786133,12.027297019958496,12.211271286010742,10.50624942779541,3300
2012-02-01,11.981303215026855,12.602214813232422,11.981303215026855,12.510228157043457,10.763463020324707,3196
2012-02-02,12.303257942199707,12.303257942199707,11.544364929199219,11.958307266235352,10.288603782653809,14208
2012-02-03,12.648208618164062,12.648208618164062,11.107426643371582,12.257264137268066,10.545818328857422,489
2012-02-06,11.958307266235352,12.694202423095703,11.498372077941895,12.395244598388672,10.664531707763672,6679
2012-02-07,12.418240547180176,12.418240547180176,11.981303215026855,12.004300117492676,10.328174591064453,2663
2012-02-08,11.958307266235352,11.981303215026855,11.245407104492188,11.958307266235352,10.288603782653809,6203
2012-02-09,11.981303215026855,12.142280578613281,11.912313461303711,11.912313461303711,10.249032974243164,37227
2012-02-10,12.257264137268066,12.280261039733887,11.636351585388184,11.705342292785645,10.07096004486084,6229
2012-02-13,11.705342292785645,11.958307266235352,10.762475967407227,11.452378273010254,9.853318214416504,1802
2012-02-14,11.498372077941895,11.889315605163574,11.084429740905762,11.314397811889648,9.734601020812988,4855
2012-02-15,11.889315605163574,11.935310363769531,11.314397811889648,11.68234634399414,10.051175117492676,4661
2012-02-16,11.958307266235352,12.326253890991211,11.498372077941895,11.59035873413086,9.972030639648438,55423
2012-02-17,11.958307266235352,12.878175735473633,11.544364929199219,11.728339195251465,10.09074592590332,14834
2012-02-21,11.498372077941895,11.498372077941895,11.268404006958008,11.498372077941895,9.892888069152832,2722
2012-02-22,12.119283676147461,12.257264137268066,11.383387565612793,11.475375175476074,9.873101234436035,3683
2012-02-23,11.337393760681152,11.636351585388184,11.038436889648438,11.153421401977539,9.596102714538574,3352
2012-02-24,11.153421401977539,11.65934944152832,11.153421401977539,11.268404006958008,9.69503116607666,271
2012-02-27,11.038436889648438,11.498372077941895,10.57850170135498,10.57850170135498,9.101456642150879,11832
2012-02-28,10.923453330993652,10.992443084716797,10.670489311218262,10.693486213684082,9.200387001037598,4435
2012-02-29,10.693486213684082,11.337393760681152,10.693486213684082,11.038436889648438,9.497170448303223,9086
2012-03-01,12.050293922424316,12.050293922424316,10.32553768157959,11.498372077941895,9.892888069152832,2702
2012-03-02,11.291400909423828,11.498372077941895,10.831465721130371,11.360390663146973,9.774173736572266,3433
2012-03-05,11.176417350769043,11.65934944152832,10.6014986038208,10.831465721130371,9.319101333618164,1204
2012-03-06,10.624494552612305,10.624494552612305,10.624494552612305,10.624494552612305,9.14102840423584,86
2012-03-07,10.57850170135498,11.038436889648438,10.57850170135498,10.6014986038208,9.121241569519043,874
2012-03-09,10.417525291442871,10.854462623596191,10.11856746673584,10.854462623596191,9.338885307312012,3415
2012-03-12,10.854462623596191,10.992443084716797,10.57850170135498,10.57850170135498,9.101456642150879,8775
2012-03-13,11.774333000183105,11.774333000183105,10.256546974182129,10.486515045166016,9.022313117980957,18324
2012-03-14,10.762475967407227,11.061433792114258,10.624494552612305,10.716482162475586,9.220170974731445,1569
2012-03-15,11.360390663146973,11.360390663146973,10.509511947631836,10.57850170135498,9.101456642150879,59197
2012-03-16,11.038436889648438,11.429381370544434,10.16456127166748,11.176417350769043,9.615887641906738,2143
2012-03-19,10.55550479888916,11.153421401977539,10.348533630371094,10.900456428527832,9.378458023071289,13193
2012-03-20,10.900456428527832,10.946450233459473,10.509511947631836,10.57850170135498,9.101456642150879,2022
2012-03-21,10.486515045166016,10.55550479888916,10.30254077911377,10.417525291442871,8.962956428527832,2054
2012-03-22,10.348533630371094,10.670489311218262,10.348533630371094,10.348533630371094,8.90359878540039,2859
2012-03-23,11.245407104492188,11.245407104492188,10.417525291442871,10.739479064941406,9.239956855773926,3802
2012-03-26,10.463518142700195,10.57850170135498,10.27954387664795,10.57850170135498,9.101456642150879,2611
2012-03-27,10.11856746673584,11.360390663146973,10.11856746673584,10.53250789642334,9.061883926391602,3489
2012-03-28,10.16456127166748,10.969447135925293,10.11856746673584,10.11856746673584,8.705741882324219,5911
2012-03-29,9.658632278442383,10.210554122924805,9.336677551269531,9.88860034942627,8.507883071899414,3643
2012-03-30,9.88860034942627,10.80846881866455,9.88860034942627,10.739479064941406,9.239956855773926,334
2012-04-02,10.11856746673584,10.440521240234375,9.750618934631348,10.233551025390625,8.804669380187988,1785
2012-04-03,10.854462623596191,10.854462623596191,10.233551025390625,10.6014986038208,9.121241569519043,1043
2012-04-04,10.348533630371094,10.716482162475586,10.32553768157959,10.647492408752441,9.160815238952637,2522
2012-04-09,10.80846881866455,10.923453330993652,10.16456127166748,10.57850170135498,9.101456642150879,2630
2012-04-10,10.348533630371094,10.348533630371094,10.11856746673584,10.30254077911377,8.864028930664062,2572
2012-04-11,10.348533630371094,10.693486213684082,10.187557220458984,10.371530532836914,8.923384666442871,1115
2012-04-12,10.55550479888916,10.57850170135498,10.39452838897705,10.440521240234375,8.982742309570312,2532
2012-04-13,10.900456428527832,11.774333000183105,10.233551025390625,11.153421401977539,9.596102714538574,30447
2012-04-16,11.268404006958008,11.958307266235352,11.130423545837402,11.912313461303711,10.249032974243164,17522
2012-04-17,11.728339195251465,12.648208618164062,11.728339195251465,12.165276527404785,10.466675758361816,209055
2012-04-18,11.981303215026855,12.832182884216309,11.981303215026855,12.211271286010742,10.50624942779541,41573
2012-04-19,12.349250793457031,12.349250793457031,11.68234634399414,11.86631965637207,10.209458351135254,15317
2012-04-20,11.889315605163574,12.142280578613281,11.544364929199219,11.889315605163574,10.22924518585205,32493
2012-04-23,11.452378273010254,11.84332275390625,10.39452838897705,10.647492408752441,9.160815238952637,21150
2012-04-24,10.716482162475586,10.785472869873047,10.55550479888916,10.693486213684082,9.200387001037598,43032
2012-04-25,11.613354682922363,11.613354682922363,10.624494552612305,10.900456428527832,9.378458023071289,4265
2012-04-26,10.969447135925293,10.969447135925293,10.57850170135498,10.693486213684082,9.200387001037598,1900
2012-04-27,10.693486213684082,10.80846881866455,9.842605590820312,10.27954387664795,8.844242095947266,17824
2012-04-30,10.57850170135498,10.80846881866455,10.187557220458984,10.32553768157959,8.883813858032227,8762
2012-05-02,10.348533630371094,10.624494552612305,10.14156436920166,10.14156436920166,8.725526809692383,5065
2012-05-03,10.30254077911377,10.30254077911377,10.187557220458984,10.210554122924805,8.784884452819824,4818
2012-05-04,10.11856746673584,10.417525291442871,8.991726875305176,9.497654914855957,8.171526908874512,44715
2012-05-07,9.198697090148926,9.359674453735352,9.06071662902832,9.29068374633789,7.9934539794921875,4785
2012-05-08,9.198697090148926,9.566644668579102,8.738761901855469,9.221693992614746,7.934097766876221,4885
2012-05-09,8.991726875305176,9.497654914855957,8.899740219116211,9.06071662902832,7.795596122741699,3509
2012-05-10,8.991726875305176,9.198697090148926,8.991726875305176,9.129707336425781,7.854953289031982,1467
2012-05-11,9.198697090148926,9.543647766113281,9.198697090148926,9.198697090148926,7.914309024810791,62752
2012-05-14,9.01472282409668,9.01472282409668,9.01472282409668,9.01472282409668,7.756024360656738,108
2012-05-15,8.968729972839355,8.968729972839355,8.968729972839355,8.968729972839355,7.7164530754089355,434
2012-05-16,8.991726875305176,8.991726875305176,8.991726875305176,8.991726875305176,7.736238956451416,328
2012-05-17,8.945733070373535,9.980587005615234,8.945733070373535,9.658632278442383,8.310025215148926,1878
2012-05-18,9.635635375976562,11.498372077941895,9.635635375976562,10.6014986038208,9.121241569519043,35020
2012-05-21,11.015439987182617,11.015439987182617,10.11856746673584,10.210554122924805,8.784884452819824,5574
2012-05-22,10.187557220458984,10.877459526062012,9.796612739562988,10.32553768157959,8.883813858032227,21526
2012-05-23,10.53250789642334,10.55550479888916,10.348533630371094,10.486515045166016,9.022313117980957,32
2012-05-24,10.969447135925293,10.969447135925293,9.658632278442383,9.957590103149414,8.567239761352539,750
2012-05-25,9.681629180908203,10.095569610595703,9.681629180908203,9.86560344696045,8.488099098205566,1304
2012-05-28,9.88860034942627,9.88860034942627,9.727622032165527,9.727622032165527,8.369379997253418,2000
2012-05-29,9.727622032165527,10.371530532836914,9.658632278442383,10.371530532836914,8.923384666442871,2341
2012-05-30,9.658632278442383,9.88860034942627,9.244690895080566,9.88860034942627,8.507883071899414,1439
2012-05-31,9.658632278442383,10.233551025390625,9.382671356201172,10.187557220458984,8.765098571777344,8
2012-06-01,9.658632278442383,9.658632278442383,9.08371353149414,9.244690895080566,7.953883171081543,376
2012-06-04,9.244690895080566,9.750618934631348,9.152704238891602,9.589641571044922,8.2506685256958,6533
2012-06-05,9.382671356201172,9.405668258666992,9.152704238891602,9.244690895080566,7.953883171081543,8681
2012-06-06,9.198697090148926,10.095569610595703,9.129707336425781,9.543647766113281,8.211095809936523,5922
2012-06-07,9.658632278442383,9.658632278442383,9.543647766113281,9.658632278442383,8.310025215148926,1626
2012-06-08,9.405668258666992,11.360390663146973,9.29068374633789,10.371530532836914,8.923384666442871,5557
2012-06-11,11.038436889648438,12.418240547180176,10.233551025390625,10.670489311218262,9.180599212646484,98753
2012-06-12,10.762475967407227,11.452378273010254,10.30254077911377,11.038436889648438,9.497170448303223,417
2012-06-13,10.647492408752441,10.670489311218262,10.187557220458984,10.53250789642334,9.061883926391602,2182
2012-06-14,10.53250789642334,11.038436889648438,10.509511947631836,10.509511947631836,9.042098999023438,821
2012-06-15,10.509511947631836,10.509511947631836,10.509511947631836,10.509511947631836,9.042098999023438,0
2012-06-18,11.038436889648438,11.038436889648438,10.39452838897705,10.39452838897705,8.943171501159668,2182
2012-06-19,10.39452838897705,10.463518142700195,10.11856746673584,10.440521240234375,8.982742309570312,1263
2012-06-20,10.11856746673584,10.210554122924805,9.681629180908203,9.842605590820312,8.46831226348877,5722
2012-06-21,9.934593200683594,10.11856746673584,9.658632278442383,9.773615837097168,8.408955574035645,4596
2012-06-22,10.11856746673584,10.11856746673584,10.11856746673584,10.11856746673584,8.705741882324219,82
2012-06-25,10.30254077911377,10.30254077911377,9.727622032165527,9.934593200683594,8.547455787658691,2000
2012-06-26,9.658632278442383,10.0725736618042,9.658632278442383,9.88860034942627,8.507883071899414,3230
2012-06-27,9.727622032165527,10.32553768157959,9.727622032165527,9.88860034942627,8.507883071899414,91
2012-06-28,9.88860034942627,10.026579856872559,9.750618934631348,9.934593200683594,8.547455787658691,2443
2012-06-29,9.934593200683594,10.53250789642334,9.796612739562988,10.233551025390625,8.804669380187988,4998
2012-07-02,10.026579856872559,10.11856746673584,9.773615837097168,9.957590103149414,8.567239761352539,226
2012-07-03,10.11856746673584,10.11856746673584,10.11856746673584,10.11856746673584,8.705741882324219,217
2012-07-04,10.348533630371094,10.946450233459473,9.88860034942627,9.957590103149414,8.567239761352539,943
2012-07-05,10.233551025390625,10.233551025390625,10.233551025390625,10.233551025390625,8.804669380187988,428
2012-07-06,10.16456127166748,10.233551025390625,10.16456127166748,10.210554122924805,8.784884452819824,1217
2012-07-09,10.30254077911377,10.854462623596191,9.86560344696045,10.210554122924805,8.784884452819824,1339
2012-07-10,10.210554122924805,10.210554122924805,10.210554122924805,10.210554122924805,8.784884452819824,0
2012-07-11,10.348533630371094,10.831465721130371,10.210554122924805,10.57850170135498,9.101456642150879,1197
2012-07-12,10.11856746673584,11.498372077941895,9.911596298217773,10.854462623596191,9.338885307312012,177836
2012-07-13,10.57850170135498,11.475375175476074,10.16456127166748,10.80846881866455,9.299315452575684,21563
2012-07-16,10.57850170135498,11.015439987182617,10.16456127166748,10.992443084716797,9.457600593566895,343
2012-07-17,10.57850170135498,11.107426643371582,10.187557220458984,10.509511947631836,9.042098999023438,8533
2012-07-18,10.16456127166748,10.946450233459473,10.0725736618042,10.11856746673584,8.705741882324219,13780
2012-07-19,9.88860034942627,10.348533630371094,9.88860034942627,10.11856746673584,8.705741882324219,5761
2012-07-20,9.88860034942627,10.57850170135498,9.88860034942627,10.095569610595703,8.685955047607422,14382
2012-07-23,10.57850170135498,10.57850170135498,9.88860034942627,9.911596298217773,8.527668952941895,3422
2012-07-24,10.486515045166016,10.486515045166016,10.049576759338379,10.049576759338379,8.646385192871094,32839
2012-07-25,10.049576759338379,10.049576759338379,9.819608688354492,10.026579856872559,8.62660026550293,15
2012-07-26,9.658632278442383,10.11856746673584,9.566644668579102,9.819608688354492,8.448524475097656,7024
2012-07-27,9.88860034942627,10.463518142700195,9.88860034942627,10.463518142700195,9.002528190612793,54681
2012-07-30,10.463518142700195,10.670489311218262,9.911596298217773,9.957590103149414,8.567239761352539,7968
2012-07-31,10.14156436920166,10.440521240234375,10.0725736618042,10.30254077911377,8.864028930664062,7283
2012-08-01,10.30254077911377,10.30254077911377,10.30254077911377,10.30254077911377,8.864028930664062,0
2012-08-02,10.417525291442871,10.57850170135498,9.704626083374023,9.842605590820312,8.46831226348877,7614
2012-08-03,9.842605590820312,10.11856746673584,9.773615837097168,9.86560344696045,8.488099098205566,2735
2012-08-06,9.934593200683594,10.003582954406738,9.773615837097168,9.796612739562988,8.428739547729492,1124
2012-08-07,10.003582954406738,10.003582954406738,9.88860034942627,9.88860034942627,8.507883071899414,691
2012-08-08,9.957590103149414,9.957590103149414,9.612639427185059,9.658632278442383,8.310025215148926,19570
2012-08-09,9.658632278442383,9.957590103149414,9.451661109924316,9.474658012390137,8.151740074157715,3430
2012-08-10,9.704626083374023,9.704626083374023,9.497654914855957,9.658632278442383,8.310025215148926,654
2012-08-13,9.842605590820312,9.842605590820312,9.313680648803711,9.520651817321777,8.19131088256836,369
2012-08-14,9.88860034942627,10.049576759338379,9.106710433959961,9.957590103149414,8.567239761352539,27295
2012-08-16,9.658632278442383,9.658632278442383,9.313680648803711,9.474658012390137,8.151740074157715,2841
2012-08-17,9.658632278442383,9.934593200683594,9.26768684387207,9.336677551269531,8.033025741577148,854
2012-08-21,9.336677551269531,9.336677551269531,8.85374641418457,8.968729972839355,7.7164530754089355,23009
2012-08-22,9.198697090148926,9.198697090148926,8.830748558044434,8.830748558044434,7.597736358642578,3285
2012-08-23,9.01472282409668,9.175700187683105,8.692769050598145,8.80775260925293,7.577951431274414,17609
2012-08-24,8.78475570678711,8.87674331665039,8.623779296875,8.87674331665039,7.637309551239014,4346
2012-08-27,8.623779296875,9.08371353149414,8.60078239440918,8.738761901855469,7.518593788146973,5196
2012-08-28,8.554787635803223,8.738761901855469,8.554787635803223,8.738761901855469,7.518593788146973,869
2012-08-29,8.991726875305176,8.991726875305176,7.818892955780029,7.933876037597656,6.826091766357422,32808
2012-08-30,7.818892955780029,8.255830764770508,7.542932033538818,8.232833862304688,7.08330774307251,7433
2012-08-31,8.738761901855469,9.658632278442383,8.278826713562012,9.06071662902832,7.795596122741699,46700
2012-09-03,9.06071662902832,9.08371353149414,8.669772148132324,8.922736167907715,7.6768798828125,14747
2012-09-04,8.80775260925293,8.991726875305176,8.715765953063965,8.945733070373535,7.696666717529297,2587
2012-09-05,8.669772148132324,9.313680648803711,8.439805030822754,8.577784538269043,7.380092620849609,8675
2012-09-06,8.462800979614258,8.485797882080078,8.324821472167969,8.462800979614258,7.281164646148682,25666
2012-09-07,8.462800979614258,9.0377197265625,8.278826713562012,8.692769050598145,7.47902250289917,3417
2012-09-10,9.520651817321777,9.612639427185059,8.78475570678711,9.06071662902832,7.795596122741699,9044
2012-09-11,9.198697090148926,9.221693992614746,8.78475570678711,9.129707336425781,7.854953289031982,11005
2012-09-12,9.451661109924316,9.658632278442383,9.198697090148926,9.589641571044922,8.2506685256958,17869
2012-09-13,9.244690895080566,9.520651817321777,9.152704238891602,9.198697090148926,7.914309024810791,13854
2012-09-14,9.474658012390137,9.474658012390137,9.152704238891602,9.198697090148926,7.914309024810791,8990
2012-09-17,9.658632278442383,9.658632278442383,9.06071662902832,9.175700187683105,7.894521713256836,58603
2012-09-18,9.129707336425781,9.129707336425781,8.623779296875,8.80775260925293,7.654690265655518,15373
2012-09-20,8.738761901855469,9.152704238891602,8.393811225891113,8.646775245666504,7.514787673950195,5076
2012-09-21,8.738761901855469,9.106710433959961,8.393811225891113,8.623779296875,7.494802474975586,16865
2012-09-24,8.968729972839355,9.86560344696045,8.945733070373535,9.635635375976562,8.374190330505371,56590
2012-09-25,9.612639427185059,10.647492408752441,9.244690895080566,9.727622032165527,8.454134941101074,172522
2012-09-26,9.934593200683594,9.934593200683594,9.382671356201172,9.474658012390137,8.234289169311523,7144
2012-09-27,9.773615837097168,9.773615837097168,9.129707336425781,9.221693992614746,8.014443397521973,5555
2012-09-28,9.612639427185059,9.612639427185059,8.968729972839355,9.175700187683105,7.9744672775268555,37824
2012-10-01,9.428665161132812,9.520651817321777,9.152704238891602,9.244690895080566,8.034428596496582,12501
2012-10-03,9.26768684387207,9.566644668579102,9.198697090148926,9.405668258666992,8.174331665039062,9496
2012-10-04,10.693486213684082,10.693486213684082,9.658632278442383,10.16456127166748,8.833873748779297,239368
2012-10-05,10.026579856872559,10.026579856872559,9.635635375976562,9.681629180908203,8.414164543151855,1830
2012-10-08,9.612639427185059,9.88860034942627,9.566644668579102,9.88860034942627,8.594040870666504,1295
2012-10-09,10.095569610595703,10.233551025390625,9.543647766113281,9.86560344696045,8.574054718017578,3672
2012-10-10,9.658632278442383,10.11856746673584,9.520651817321777,9.842605590820312,8.55406665802002,44201
2012-10-11,9.773615837097168,9.773615837097168,9.773615837097168,9.773615837097168,8.494109153747559,1108
2012-10-12,9.750618934631348,10.440521240234375,9.750618934631348,10.210554122924805,8.873846054077148,54585
2012-10-15,10.210554122924805,10.992443084716797,10.11856746673584,10.256546974182129,8.91381549835205,71044
2012-10-16,10.026579856872559,10.233551025390625,9.934593200683594,10.049576759338379,8.7339448928833,41782
2012-10-17,10.026579856872559,10.026579856872559,9.819608688354492,9.86560344696045,8.574054718017578,906
2012-10-18,9.658632278442383,10.0725736618042,9.589641571044922,9.88860034942627,8.594040870666504,3761
2012-10-19,9.88860034942627,9.88860034942627,9.750618934631348,9.773615837097168,8.494109153747559,4350
2012-10-22,9.681629180908203,10.463518142700195,9.474658012390137,10.095569610595703,8.773914337158203,9109
2012-10-23,9.980587005615234,10.32553768157959,9.88860034942627,9.911596298217773,8.614025115966797,5374
2012-10-25,9.842605590820312,9.842605590820312,9.842605590820312,9.842605590820312,8.55406665802002,271
2012-10-29,9.658632278442383,9.658632278442383,9.01472282409668,9.359674453735352,8.134357452392578,6157
2012-10-30,9.566644668579102,9.658632278442383,9.428665161132812,9.451661109924316,8.214301109313965,2241
2012-10-31,9.428665161132812,9.934593200683594,9.428665161132812,9.681629180908203,8.414164543151855,11108
2012-11-01,9.796612739562988,10.11856746673584,9.796612739562988,10.095569610595703,8.773914337158203,4574
2012-11-02,9.727622032165527,10.371530532836914,9.727622032165527,10.256546974182129,8.91381549835205,38066
2012-11-05,10.003582954406738,10.417525291442871,10.003582954406738,10.026579856872559,8.713957786560059,19470
2012-11-06,10.11856746673584,10.348533630371094,10.003582954406738,10.0725736618042,8.753928184509277,73382
2012-11-07,10.11856746673584,10.11856746673584,9.451661109924316,9.727622032165527,8.454134941101074,84757
2012-11-08,9.727622032165527,9.750618934631348,9.589641571044922,9.612639427185059,8.354205131530762,3391
2012-11-09,9.704626083374023,10.003582954406738,9.543647766113281,9.589641571044922,8.334218978881836,3293
2012-11-12,9.612639427185059,9.819608688354492,9.336677551269531,9.773615837097168,8.494109153747559,68342
2012-11-15,9.543647766113281,9.543647766113281,9.520651817321777,9.543647766113281,8.294246673583984,626
2012-11-16,9.566644668579102,9.658632278442383,9.336677551269531,9.428665161132812,8.194315910339355,168736
2012-11-19,9.520651817321777,9.520651817321777,9.244690895080566,9.26768684387207,8.054412841796875,9031
2012-11-20,9.336677551269531,9.336677551269531,9.106710433959961,9.244690895080566,8.034428596496582,10538
2012-11-21,9.428665161132812,9.428665161132812,9.152704238891602,9.313680648803711,8.094385147094727,70877
2012-11-22,9.198697090148926,9.382671356201172,9.198697090148926,9.198697090148926,7.994454383850098,25523
2012-11-23,9.635635375976562,9.635635375976562,9.26768684387207,9.313680648803711,8.094385147094727,6977
2012-11-26,9.152704238891602,9.474658012390137,9.106710433959961,9.428665161132812,8.194315910339355,7898
2012-11-27,9.26768684387207,9.428665161132812,9.26768684387207,9.428665161132812,8.194315910339355,1545
2012-11-29,9.658632278442383,11.314397811889648,9.658632278442383,11.176417350769043,9.713263511657715,156404
2012-11-30,11.153421401977539,11.912313461303711,10.39452838897705,10.992443084716797,9.553374290466309,52750
2012-12-03,11.268404006958008,11.268404006958008,10.348533630371094,10.854462623596191,9.433456420898438,11690
2012-12-04,11.107426643371582,11.130423545837402,10.923453330993652,10.923453330993652,9.493416786193848,3387
2012-12-05,10.647492408752441,11.038436889648438,10.57850170135498,10.762475967407227,9.353511810302734,11523
2012-12-06,11.291400909423828,11.314397811889648,10.39452838897705,10.624494552612305,9.233595848083496,2037
2012-12-07,10.762475967407227,10.762475967407227,10.53250789642334,10.55550479888916,9.173637390136719,22961
2012-12-10,11.65934944152832,11.774333000183105,9.957590103149414,10.57850170135498,9.193623542785645,7648
2012-12-11,10.486515045166016,11.222411155700684,10.187557220458984,10.463518142700195,9.093692779541016,7311
2012-12-12,10.348533630371094,10.57850170135498,10.14156436920166,10.348533630371094,8.993762016296387,5031
2012-12-13,10.348533630371094,10.693486213684082,10.14156436920166,10.32553768157959,8.973776817321777,6381
2012-12-14,10.27954387664795,10.486515045166016,9.819608688354492,10.32553768157959,8.973776817321777,5796
2012-12-17,9.658632278442383,10.6014986038208,9.658632278442383,10.16456127166748,8.833873748779297,9825
2012-12-18,10.210554122924805,10.57850170135498,10.187557220458984,10.32553768157959,8.973776817321777,8001
2012-12-19,10.371530532836914,10.57850170135498,10.16456127166748,10.440521240234375,9.07370662689209,4354
2012-12-20,10.57850170135498,10.57850170135498,10.14156436920166,10.509511947631836,9.133666038513184,6970
2012-12-21,10.80846881866455,10.80846881866455,10.30254077911377,10.30254077911377,8.953791618347168,5846
2012-12-24,10.854462623596191,10.854462623596191,10.11856746673584,10.39452838897705,9.033735275268555,8994
2012-12-26,10.785472869873047,10.854462623596191,9.796612739562988,10.417525291442871,9.05372142791748,5663
2012-12-27,10.14156436920166,10.348533630371094,10.14156436920166,10.16456127166748,8.833873748779297,5076
2012-12-28,10.210554122924805,10.32553768157959,9.934593200683594,9.957590103149414,8.653996467590332,2322
2012-12-31,9.957590103149414,10.16456127166748,9.911596298217773,9.911596298217773,8.614025115966797,2124
2013-01-01,11.337393760681152,11.337393760681152,9.796612739562988,10.440521240234375,9.07370662689209,3863
2013-01-02,11.383387565612793,11.383387565612793,10.440521240234375,10.486515045166016,9.113677978515625,9697
2013-01-03,10.11856746673584,11.222411155700684,9.934593200683594,10.762475967407227,9.353511810302734,16260
2013-01-04,10.57850170135498,11.199414253234863,10.53250789642334,10.80846881866455,9.393485069274902,6163
2013-01-07,10.624494552612305,10.946450233459473,10.486515045166016,10.55550479888916,9.173637390136719,6737
2013-01-08,11.038436889648438,11.038436889648438,10.463518142700195,10.716482162475586,9.313539505004883,9733
2013-01-09,10.417525291442871,10.693486213684082,10.417525291442871,10.57850170135498,9.193623542785645,5800
2013-01-10,10.348533630371094,10.509511947631836,10.348533630371094,10.509511947631836,9.133666038513184,3487
2013-01-11,11.038436889648438,11.038436889648438,10.55550479888916,10.670489311218262,9.273568153381348,5429
2013-01-14,10.6014986038208,10.900456428527832,10.6014986038208,10.854462623596191,9.433456420898438,2841
2013-01-15,10.80846881866455,11.130423545837402,10.670489311218262,10.992443084716797,9.553374290466309,72475
2013-01-16,10.900456428527832,11.130423545837402,10.900456428527832,11.038436889648438,9.593345642089844,223683
2013-01-17,11.038436889648438,11.291400909423828,10.670489311218262,11.130423545837402,9.673290252685547,93669
2013-01-18,10.923453330993652,11.68234634399414,10.923453330993652,10.992443084716797,9.553374290466309,46769
2013-01-21,11.153421401977539,11.40638542175293,10.946450233459473,11.176417350769043,9.713263511657715,14499
2013-01-22,11.061433792114258,11.176417350769043,10.923453330993652,11.015439987182617,9.573358535766602,2598
2013-01-23,11.130423545837402,11.130423545837402,10.233551025390625,10.6014986038208,9.213608741760254,9440
2013-01-24,11.038436889648438,11.038436889648438,10.348533630371094,10.348533630371094,8.993762016296387,7470
2013-01-25,10.53250789642334,10.55550479888916,10.026579856872559,10.53250789642334,9.153651237487793,2335
2013-01-28,10.486515045166016,10.946450233459473,10.486515045166016,10.57850170135498,9.193623542785645,5015
2013-01-29,10.6014986038208,10.785472869873047,10.57850170135498,10.57850170135498,9.193623542785645,4759
2013-01-30,10.348533630371094,10.57850170135498,10.233551025390625,10.348533630371094,8.993762016296387,1624
2013-01-31,10.371530532836914,10.371530532836914,10.026579856872559,10.026579856872559,8.713957786560059,4522
2013-02-01,10.57850170135498,10.57850170135498,9.819608688354492,10.049576759338379,8.7339448928833,1652
2013-02-04,10.11856746673584,10.16456127166748,9.980587005615234,10.16456127166748,8.833873748779297,2793
2013-02-05,9.88860034942627,9.980587005615234,9.681629180908203,9.704626083374023,8.434149742126465,7614
2013-02-06,9.658632278442383,10.0725736618042,9.612639427185059,9.819608688354492,8.534079551696777,2352
2013-02-07,10.049576759338379,10.049576759338379,9.382671356201172,9.428665161132812,8.194315910339355,23616
2013-02-08,9.658632278442383,9.658632278442383,9.313680648803711,9.589641571044922,8.334218978881836,8292
2013-02-11,9.589641571044922,9.589641571044922,9.428665161132812,9.428665161132812,8.194315910339355,9903
2013-02-12,9.451661109924316,9.658632278442383,9.451661109924316,9.658632278442383,8.39417839050293,2380
2013-02-13,9.88860034942627,9.88860034942627,9.796612739562988,9.796612739562988,8.514094352722168,10884
2013-02-14,9.566644668579102,9.658632278442383,9.520651817321777,9.658632278442383,8.39417839050293,1193
2013-02-15,9.474658012390137,9.520651817321777,9.474658012390137,9.497654914855957,8.254276275634766,2011
2013-02-18,9.543647766113281,10.440521240234375,9.474658012390137,9.474658012390137,8.234289169311523,326
2013-02-19,9.474658012390137,9.497654914855957,9.428665161132812,9.428665161132812,8.194315910339355,1126
2013-02-20,10.049576759338379,10.049576759338379,9.612639427185059,9.612639427185059,8.354205131530762,110
2013-02-21,10.049576759338379,10.049576759338379,8.508794784545898,9.520651817321777,8.274261474609375,27610
2013-02-22,9.520651817321777,9.566644668579102,9.451661109924316,9.451661109924316,8.214301109313965,339
2013-02-25,9.451661109924316,9.451661109924316,9.451661109924316,9.451661109924316,8.214301109313965,654
2013-02-26,9.451661109924316,9.451661109924316,9.26768684387207,9.359674453735352,8.134357452392578,1193
2013-02-27,9.359674453735352,9.359674453735352,9.152704238891602,9.313680648803711,8.094385147094727,4122
2013-02-28,9.26768684387207,9.29068374633789,9.129707336425781,9.152704238891602,7.954482555389404,2878
2013-03-01,9.543647766113281,9.543647766113281,8.968729972839355,9.0377197265625,7.85455322265625,8777
2013-03-04,8.78475570678711,8.991726875305176,8.78475570678711,8.991726875305176,7.81458044052124,1521
2013-03-05,8.80775260925293,9.359674453735352,8.80775260925293,8.922736167907715,7.7546210289001465,1815
2013-03-06,8.87674331665039,9.106710433959961,8.87674331665039,8.968729972839355,7.794593811035156,2363
2013-03-07,9.06071662902832,9.06071662902832,8.991726875305176,8.991726875305176,7.81458044052124,1093
2013-03-08,9.129707336425781,9.750618934631348,8.922736167907715,9.0377197265625,7.85455322265625,5331
2013-03-11,10.233551025390625,10.233551025390625,8.738761901855469,8.830748558044434,7.674675941467285,17624
2013-03-12,8.968729972839355,9.198697090148926,8.87674331665039,8.922736167907715,7.7546210289001465,23238
2013-03-13,8.87674331665039,8.968729972839355,8.80775260925293,8.80775260925293,7.654690265655518,7077
2013-03-14,8.85374641418457,8.85374641418457,8.508794784545898,8.738761901855469,7.59473180770874,14015
2013-03-15,8.78475570678711,8.78475570678711,8.554787635803223,8.577784538269043,7.454827308654785,813
2013-03-18,8.623779296875,8.899740219116211,8.370814323425293,8.393811225891113,7.29494047164917,3643
2013-03-19,8.508794784545898,8.508794784545898,7.910880088806152,8.186840057373047,7.11506462097168,15386
2013-03-20,8.324821472167969,8.324821472167969,8.140847206115723,8.186840057373047,7.11506462097168,6670
2013-03-21,8.140847206115723,8.278826713562012,8.002866744995117,8.094854354858398,7.035122394561768,6044
2013-03-22,7.8648858070373535,8.60078239440918,7.657915115356445,7.979869842529297,6.935190677642822,20172
2013-03-25,8.85374641418457,8.85374641418457,7.841888904571533,7.8648858070373535,6.835259437561035,3804
2013-03-26,7.588924884796143,7.910880088806152,7.473940849304199,7.818892955780029,6.795287132263184,16295
2013-03-28,7.634919166564941,8.255830764770508,7.634919166564941,8.255830764770508,7.175024509429932,3087
2013-04-01,8.071857452392578,8.094854354858398,7.8648858070373535,8.002866744995117,6.955175876617432,4898
2013-04-02,8.140847206115723,9.08371353149414,8.140847206115723,8.324821472167969,7.234981536865234,5450
2013-04-03,9.129707336425781,9.198697090148926,8.094854354858398,8.60078239440918,7.474815845489502,13319
2013-04-04,8.094854354858398,8.278826713562012,7.818892955780029,7.841888904571533,6.815272331237793,919
2013-04-05,8.117850303649902,8.80775260925293,7.818892955780029,8.094854354858398,7.035122394561768,19487
2013-04-08,7.818892955780029,8.209836959838867,7.818892955780029,8.209836959838867,7.135051250457764,4244
2013-04-09,8.255830764770508,8.255830764770508,7.634919166564941,7.657915115356445,6.655383586883545,4676
2013-04-10,7.611921787261963,7.657915115356445,7.496938228607178,7.657915115356445,6.655383586883545,593
2013-04-11,7.657915115356445,7.657915115356445,7.657915115356445,7.657915115356445,6.655383586883545,0
2013-04-12,7.496938228607178,7.956872940063477,7.174983978271484,7.634919166564941,6.6353983879089355,9686
2013-04-15,7.565927982330322,8.255830764770508,7.565927982330322,7.979869842529297,6.935190677642822,10047
2013-04-16,8.232833862304688,8.232833862304688,7.634919166564941,8.209836959838867,7.135051250457764,1806
2013-04-17,7.818892955780029,7.910880088806152,7.680912017822266,7.887883186340332,6.855245590209961,7822
2013-04-18,8.209836959838867,8.209836959838867,7.841888904571533,8.002866744995117,6.955175876617432,1676
2013-04-22,7.726905822753906,7.74990177154541,7.726905822753906,7.74990177154541,6.735328197479248,610
2013-04-23,7.74990177154541,7.74990177154541,7.74990177154541,7.74990177154541,6.735328197479248,0
2013-04-25,7.74990177154541,8.255830764770508,7.74990177154541,8.255830764770508,7.175024509429932,8001
2013-04-26,8.255830764770508,8.278826713562012,7.795896053314209,7.818892955780029,6.795287132263184,27786
2013-04-29,7.680912017822266,7.910880088806152,7.542932033538818,7.795896053314209,6.7753005027771,29952
2013-04-30,7.795896053314209,7.933876037597656,7.657915115356445,7.933876037597656,6.895217418670654,2883
2013-05-02,7.611921787261963,7.657915115356445,7.611921787261963,7.657915115356445,6.655383586883545,897
2013-05-03,7.657915115356445,8.025862693786621,7.657915115356445,8.002866744995117,6.955175876617432,765
2013-05-06,7.611921787261963,7.979869842529297,7.611921787261963,7.726905822753906,6.7153425216674805,1411
2013-05-07,7.818892955780029,8.002866744995117,7.726905822753906,7.956872940063477,6.91520357131958,2395
2013-05-08,7.726905822753906,7.956872940063477,7.611921787261963,7.74990177154541,6.735328197479248,2043
2013-05-09,7.611921787261963,7.818892955780029,7.611921787261963,7.680912017822266,6.675370216369629,658
2013-05-10,7.818892955780029,7.979869842529297,7.680912017822266,7.680912017822266,6.675370216369629,3617
2013-05-13,8.163844108581543,8.186840057373047,7.634919166564941,7.703908920288086,6.695356369018555,5000
2013-05-14,7.680912017822266,7.680912017822266,7.634919166564941,7.657915115356445,6.655383586883545,608
2013-05-15,7.657915115356445,7.680912017822266,7.634919166564941,7.657915115356445,6.655383586883545,1737
2013-05-16,7.680912017822266,8.048859596252441,7.450944900512695,7.818892955780029,6.795287132263184,2422
2013-05-17,7.588924884796143,7.588924884796143,7.588924884796143,7.588924884796143,6.595426082611084,1089
2013-05-20,7.588924884796143,8.232833862304688,7.588924884796143,7.611921787261963,6.615411281585693,3370
2013-05-21,7.588924884796143,7.818892955780029,7.358957767486572,7.726905822753906,6.7153425216674805,5589
2013-05-22,7.726905822753906,7.726905822753906,7.726905822753906,7.726905822753906,6.7153425216674805,0
2013-05-23,8.140847206115723,8.140847206115723,7.450944900512695,7.772899150848389,6.755314350128174,2826
2013-05-24,7.772899150848389,7.772899150848389,7.772899150848389,7.772899150848389,6.755314350128174,0
2013-05-27,7.611921787261963,7.818892955780029,7.611921787261963,7.818892955780029,6.795287132263184,1093
2013-05-28,7.795896053314209,7.933876037597656,7.726905822753906,7.726905822753906,6.7153425216674805,2839
2013-05-29,7.611921787261963,7.611921787261963,7.611921787261963,7.611921787261963,6.615411281585693,4
2013-05-30,7.588924884796143,7.588924884796143,7.381954193115234,7.588924884796143,6.595426082611084,950
2013-05-31,7.450944900512695,7.818892955780029,7.128990173339844,7.358957767486572,6.395564079284668,1563
2013-06-03,8.002866744995117,8.025862693786621,7.151987075805664,7.151987075805664,6.215689182281494,880
2013-06-04,7.979869842529297,7.979869842529297,6.738046169281006,7.128990173339844,6.195702075958252,6668
2013-06-05,6.9910101890563965,7.151987075805664,6.738046169281006,6.9910101890563965,6.0757856369018555,1097
2013-06-06,6.899023056030273,7.680912017822266,6.853028774261475,6.853028774261475,5.955868244171143,3252
2013-06-07,7.588924884796143,7.588924884796143,6.853028774261475,6.876026153564453,5.975854873657227,2002
2013-06-10,7.588924884796143,7.588924884796143,6.462084770202637,6.738046169281006,5.8559393882751465,1904
2013-06-11,6.830032825469971,7.381954193115234,6.738046169281006,7.381954193115234,6.4155497550964355,2178
2013-06-12,7.381954193115234,7.542932033538818,6.78403902053833,6.922019958496094,6.0158281326293945,537
2013-06-13,7.335960865020752,7.335960865020752,6.577067852020264,6.646059036254883,5.775994300842285,2272
2013-06-14,6.669054985046387,6.876026153564453,6.600065231323242,6.80703592300415,5.915896892547607,1095
2013-06-17,6.899023056030273,6.899023056030273,6.669054985046387,6.738046169281006,5.8559393882751465,317
2013-06-18,7.082996845245361,7.358957767486572,6.669054985046387,6.76104211807251,5.875925064086914,1713
2013-06-19,6.945015907287598,6.945015907287598,6.715048789978027,6.80703592300415,5.915896892547607,1743
2013-06-20,7.542932033538818,7.542932033538818,6.968012809753418,7.082996845245361,6.155730247497559,8746
2013-06-21,7.220976829528809,7.220976829528809,6.462084770202637,6.485081195831299,5.636091232299805,10940
2013-06-24,6.462084770202637,6.899023056030273,6.439087867736816,6.439087867736816,5.596118450164795,3659
2013-06-25,6.301106929779053,6.301106929779053,5.979153156280518,6.002150058746338,5.2163825035095215,23
2013-06-26,6.117133140563965,7.197979927062988,6.117133140563965,6.669054985046387,5.7959794998168945,3226
2013-06-27,6.462084770202637,6.462084770202637,6.462084770202637,6.462084770202637,5.616103649139404,434
2013-06-28,6.9910101890563965,7.014007091522217,5.634202003479004,5.956155776977539,5.176409721374512,43014
2013-07-01,5.979153156280518,6.439087867736816,5.979153156280518,6.094137191772461,5.296327114105225,10297
2013-07-02,6.600065231323242,6.600065231323242,5.8871660232543945,6.071139812469482,5.276340007781982,476
2013-07-03,6.002150058746338,6.002150058746338,5.910162925720215,5.979153156280518,5.1963958740234375,4128
2013-07-04,6.094137191772461,6.094137191772461,5.84117317199707,5.864169120788574,5.096465587615967,2154
2013-07-05,5.864169120788574,5.864169120788574,5.634202003479004,5.772181987762451,5.0165205001831055,10097
2013-07-08,5.772181987762451,5.772181987762451,5.772181987762451,5.772181987762451,5.0165205001831055,0
2013-07-09,5.634202003479004,5.634202003479004,5.634202003479004,5.634202003479004,4.896604061126709,217
2013-07-10,5.634202003479004,5.749186038970947,4.737329006195068,5.634202003479004,4.896604061126709,1554
2013-07-11,5.634202003479004,5.634202003479004,5.634202003479004,5.634202003479004,4.896604061126709,0
2013-07-12,5.49622106552124,5.49622106552124,5.49622106552124,5.49622106552124,4.776686668395996,217
2013-07-15,5.174266815185547,5.174266815185547,5.174266815185547,5.174266815185547,4.496881008148193,250
2013-07-16,5.174266815185547,5.174266815185547,5.174266815185547,5.174266815185547,4.496881008148193,0
2013-07-17,6.20911979675293,6.20911979675293,6.186123847961426,6.20911979675293,5.396256446838379,34
2013-07-18,6.20911979675293,6.20911979675293,6.20911979675293,6.20911979675293,5.396256446838379,0
2013-07-19,5.404233932495117,5.404233932495117,5.404233932495117,5.404233932495117,4.696742057800293,6522
2013-07-22,5.28925085067749,5.28925085067749,5.28925085067749,5.28925085067749,4.596811771392822,13234
2013-07-23,5.0592827796936035,5.0592827796936035,5.0592827796936035,5.0592827796936035,4.396949768066406,13056
2013-07-24,5.49622106552124,5.49622106552124,5.49622106552124,5.49622106552124,4.776686668395996,217
2013-07-25,5.0592827796936035,5.0592827796936035,4.829316139221191,5.0592827796936035,4.396949768066406,6348
2013-07-26,5.0592827796936035,5.0592827796936035,5.0592827796936035,5.0592827796936035,4.396949768066406,0
2013-07-29,5.0592827796936035,5.0592827796936035,5.0592827796936035,5.0592827796936035,4.396949768066406,152
2013-07-30,5.864169120788574,5.864169120788574,4.622344970703125,5.864169120788574,5.096465587615967,1000
2013-07-31,4.714332103729248,4.737329006195068,4.691335201263428,4.714332103729248,4.0971574783325195,4152
2013-08-01,4.806319236755371,4.806319236755371,4.806319236755371,4.806319236755371,4.177102088928223,2
2013-08-02,4.599348068237305,4.599348068237305,4.438371181488037,4.599348068237305,3.9972267150878906,4381
2013-08-05,4.208404064178467,4.208404064178467,4.208404064178467,4.208404064178467,3.657463550567627,380
2013-08-06,4.208404064178467,4.208404064178467,4.208404064178467,4.208404064178467,3.657463550567627,0
2013-08-07,4.208404064178467,4.208404064178467,4.208404064178467,4.208404064178467,3.657463550567627,0
2013-08-08,4.737329006195068,4.737329006195068,4.208404064178467,4.737329006195068,4.117144584655762,271
2013-08-12,4.737329006195068,4.737329006195068,4.737329006195068,4.737329006195068,4.117144584655762,0
2013-08-13,4.139412879943848,4.139412879943848,4.047427177429199,4.139412879943848,3.597504138946533,434
2013-08-14,3.9094460010528564,3.9094460010528564,3.9094460010528564,3.9094460010528564,3.3976430892944336,2
2013-08-16,3.9094460010528564,3.9094460010528564,3.771466016769409,3.9094460010528564,3.3976430892944336,61160
2013-08-19,4.369380950927734,4.369380950927734,4.369380950927734,4.369380950927734,3.79736590385437,10871
2013-08-20,4.576352119445801,4.576352119445801,4.576352119445801,4.576352119445801,3.977241277694702,206
2013-08-21,4.576352119445801,4.576352119445801,4.576352119445801,4.576352119445801,3.977241277694702,217
2013-08-22,5.473225116729736,5.473225116729736,4.921302795410156,5.473225116729736,4.7567009925842285,1304
2013-08-23,4.944300174713135,4.944300174713135,4.944300174713135,4.944300174713135,4.297020435333252,21
2013-08-26,4.829316139221191,4.829316139221191,4.829316139221191,4.829316139221191,4.197089195251465,2
2013-08-27,4.645341873168945,4.645341873168945,4.599348068237305,4.645341873168945,4.037200927734375,12349
2013-08-28,4.645341873168945,4.645341873168945,4.645341873168945,4.645341873168945,4.037200927734375,0
2013-08-29,4.645341873168945,4.645341873168945,4.645341873168945,4.645341873168945,4.037200927734375,0
2013-08-30,5.105277061462402,5.105277061462402,4.415373802185059,5.105277061462402,4.436923027038574,3674
2013-09-02,5.0592827796936035,5.0592827796936035,5.0592827796936035,5.0592827796936035,4.396949768066406,195
2013-09-03,4.737329006195068,5.24325704574585,4.737329006195068,4.737329006195068,4.117144584655762,445
2013-09-04,4.645341873168945,4.645341873168945,4.645341873168945,4.645341873168945,4.037200927734375,2
2013-09-05,4.645341873168945,4.645341873168945,4.645341873168945,4.645341873168945,4.037200927734375,0
2013-09-06,4.737329006195068,5.013289928436279,3.8174591064453125,4.737329006195068,4.117144584655762,1393
2013-09-10,4.438371181488037,4.438371181488037,4.438371181488037,4.438371181488037,3.8573243618011475,10
2013-09-11,4.438371181488037,4.438371181488037,4.438371181488037,4.438371181488037,3.8573243618011475,0
2013-09-12,4.461368083953857,4.461368083953857,4.461368083953857,4.461368083953857,3.8773105144500732,54
2013-09-13,4.668338775634766,5.105277061462402,4.668338775634766,4.668338775634766,4.057186126708984,271
2013-09-16,4.139412879943848,4.139412879943848,4.139412879943848,4.139412879943848,3.783903121948242,21
2013-09-17,3.4955050945281982,4.231400012969971,3.4955050945281982,4.231400012969971,3.8679897785186768,21
2013-09-18,3.97843599319458,5.0592827796936035,3.97843599319458,3.97843599319458,3.636751413345337,293
2013-09-19,4.599348068237305,4.599348068237305,4.599348068237305,4.599348068237305,4.204336166381836,434
2013-09-20,4.599348068237305,4.599348068237305,4.599348068237305,4.599348068237305,4.204336166381836,0
2013-09-23,4.599348068237305,4.599348068237305,4.599348068237305,4.599348068237305,4.204336166381836,0
2013-09-24,4.599348068237305,4.599348068237305,4.599348068237305,4.599348068237305,4.204336166381836,0
2013-09-25,5.0592827796936035,5.0592827796936035,5.0592827796936035,5.0592827796936035,4.624770641326904,326
2013-09-26,4.599348068237305,4.599348068237305,4.599348068237305,4.599348068237305,4.204336166381836,10
2013-09-27,5.0592827796936035,5.0592827796936035,4.737329006195068,5.0592827796936035,4.624770641326904,6446
2013-09-30,4.415373802185059,4.415373802185059,4.415373802185059,4.415373802185059,4.036162376403809,21
2013-10-01,4.415373802185059,4.415373802185059,4.415373802185059,4.415373802185059,4.036162376403809,326
2013-10-03,4.415373802185059,4.415373802185059,4.415373802185059,4.415373802185059,4.036162376403809,0
2013-10-04,4.599348068237305,4.599348068237305,4.599348068237305,4.599348068237305,4.204336166381836,184
2013-10-07,4.599348068237305,4.599348068237305,4.599348068237305,4.599348068237305,4.204336166381836,0
2013-10-08,4.898305892944336,4.898305892944336,4.898305892944336,4.898305892944336,4.47761869430542,250
2013-10-09,4.599348068237305,4.714332103729248,4.599348068237305,4.599348068237305,4.204336166381836,223
2013-10-10,4.599348068237305,4.599348068237305,4.599348068237305,4.599348068237305,4.204336166381836,0
2013-10-11,4.852313041687012,4.852313041687012,4.829316139221191,4.852313041687012,4.435575485229492,2609
2013-10-14,4.852313041687012,4.852313041687012,4.852313041687012,4.852313041687012,4.435575485229492,0
2013-10-15,5.0592827796936035,5.0592827796936035,5.0592827796936035,5.0592827796936035,4.624770641326904,1978
2013-10-17,5.0592827796936035,5.0592827796936035,5.0592827796936035,5.0592827796936035,4.624770641326904,271
2013-10-18,5.0592827796936035,5.0592827796936035,5.0592827796936035,5.0592827796936035,4.624770641326904,0
2013-10-21,5.0592827796936035,5.0592827796936035,4.829316139221191,5.0592827796936035,4.624770641326904,1021
2013-10-22,5.0592827796936035,5.0592827796936035,4.714332103729248,5.0592827796936035,4.624770641326904,500
2013-10-23,5.910162925720215,5.910162925720215,5.910162925720215,5.910162925720215,5.402573108673096,21
2013-10-24,6.140130043029785,6.439087867736816,6.140130043029785,6.140130043029785,5.612789630889893,33941
2013-10-25,5.358241081237793,6.232117176055908,5.358241081237793,5.358241081237793,4.898053169250488,228
2013-10-28,5.082280158996582,5.082280158996582,5.082280158996582,5.082280158996582,4.6457929611206055,21
2013-10-29,4.622344970703125,5.634202003479004,4.622344970703125,4.622344970703125,4.225358486175537,1021
2013-10-30,5.542214870452881,5.542214870452881,5.542214870452881,5.542214870452881,5.066226959228516,319
2013-10-31,4.783321857452393,4.783321857452393,4.783321857452393,4.783321857452393,4.372509956359863,21
2013-11-01,5.634202003479004,5.726189136505127,4.599348068237305,5.634202003479004,5.150313854217529,234
2013-11-05,5.634202003479004,5.634202003479004,5.634202003479004,5.634202003479004,5.150313854217529,0
2013-11-06,5.7951788902282715,5.7951788902282715,5.7951788902282715,5.7951788902282715,5.297464370727539,869
2013-11-07,6.071139812469482,6.071139812469482,6.071139812469482,6.071139812469482,5.549724578857422,432
2013-11-08,5.864169120788574,6.20911979675293,5.864169120788574,5.864169120788574,5.360530376434326,252
2013-11-11,5.864169120788574,5.864169120788574,5.864169120788574,5.864169120788574,5.360530376434326,0
2013-11-12,5.956155776977539,5.956155776977539,5.703192234039307,5.956155776977539,5.444616317749023,1304
2013-11-13,6.232117176055908,6.232117176055908,6.232117176055908,6.232117176055908,5.6968770027160645,869
2013-11-14,6.324103832244873,6.324103832244873,6.071139812469482,6.324103832244873,5.7809624671936035,8370
2013-11-18,6.2551140785217285,6.2551140785217285,6.232117176055908,6.2551140785217285,5.717899322509766,1304
2013-11-19,6.485081195831299,6.485081195831299,6.485081195831299,6.485081195831299,5.928116321563721,652
2013-11-20,6.646059036254883,6.646059036254883,6.1631269454956055,6.646059036254883,6.075268268585205,2478
2013-11-21,6.646059036254883,6.646059036254883,6.646059036254883,6.646059036254883,6.075268268585205,869
2013-11-22,6.968012809753418,6.968012809753418,6.968012809753418,6.968012809753418,6.369570255279541,21
2013-11-25,7.243974208831787,7.243974208831787,7.243974208831787,7.243974208831787,6.621831893920898,23
2013-11-26,7.243974208831787,7.243974208831787,7.243974208831787,7.243974208831787,6.621831893920898,0
2013-11-27,7.243974208831787,7.243974208831787,7.243974208831787,7.243974208831787,6.621831893920898,0
2013-11-28,7.243974208831787,7.243974208831787,7.243974208831787,7.243974208831787,6.621831893920898,0
2013-11-29,7.243974208831787,7.243974208831787,7.243974208831787,7.243974208831787,6.621831893920898,0
2013-12-02,7.243974208831787,7.243974208831787,7.243974208831787,7.243974208831787,6.621831893920898,0
2013-12-03,7.542932033538818,7.542932033538818,7.542932033538818,7.542932033538818,6.895112991333008,21
2013-12-04,7.542932033538818,7.542932033538818,7.542932033538818,7.542932033538818,6.895112991333008,0
2013-12-05,7.910880088806152,7.910880088806152,7.174983978271484,7.910880088806152,7.2314605712890625,4
2013-12-06,7.519935131072998,7.519935131072998,7.519935131072998,7.519935131072998,6.874091625213623,2
2013-12-09,7.151987075805664,7.151987075805664,7.151987075805664,7.151987075805664,6.537744998931885,2
2013-12-10,6.80703592300415,6.80703592300415,6.80703592300415,6.80703592300415,6.222419261932373,2
2013-12-11,6.80703592300415,6.80703592300415,6.80703592300415,6.80703592300415,6.222419261932373,0
2013-12-12,6.508078098297119,6.508078098297119,6.508078098297119,6.508078098297119,5.949136734008789,543
2013-12-13,6.508078098297119,6.508078098297119,6.508078098297119,6.508078098297119,5.949136734008789,0
2013-12-16,6.324103832244873,6.324103832244873,6.324103832244873,6.324103832244873,5.7809624671936035,543
2013-12-17,6.20911979675293,6.20911979675293,6.20911979675293,6.20911979675293,5.6758551597595215,869
2013-12-18,6.2551140785217285,6.2551140785217285,6.2551140785217285,6.2551140785217285,5.717899322509766,1087
2013-12-19,6.2551140785217285,6.439087867736816,6.094137191772461,6.2551140785217285,5.717899322509766,1089
2013-12-20,6.140130043029785,6.140130043029785,6.002150058746338,6.140130043029785,5.612789630889893,2174
2013-12-23,5.910162925720215,6.393094062805176,5.910162925720215,5.910162925720215,5.402573108673096,1304
2013-12-24,5.7951788902282715,6.071139812469482,5.7951788902282715,5.7951788902282715,5.297464370727539,1782
2013-12-26,6.025146961212158,6.071139812469482,5.979153156280518,6.025146961212158,5.5076823234558105,2976
2013-12-27,6.278110980987549,6.278110980987549,5.910162925720215,6.278110980987549,5.738919734954834,2609
2013-12-30,6.278110980987549,6.278110980987549,6.278110980987549,6.278110980987549,5.738919734954834,0
2013-12-31,6.278110980987549,6.278110980987549,6.278110980987549,6.278110980987549,5.738919734954834,0
2014-01-01,6.55407190322876,6.577067852020264,6.55407190322876,6.55407190322876,5.991180896759033,2435
2014-01-02,6.876026153564453,6.876026153564453,6.876026153564453,6.876026153564453,6.2854838371276855,12436
2014-01-03,7.197979927062988,7.197979927062988,7.197979927062988,7.197979927062988,6.579787731170654,9120
2014-01-06,7.197979927062988,7.197979927062988,7.197979927062988,7.197979927062988,6.579787731170654,0
2014-01-07,7.220976829528809,7.220976829528809,7.220976829528809,7.220976829528809,6.600808620452881,652
2014-01-08,7.220976829528809,7.220976829528809,7.220976829528809,7.220976829528809,6.600808620452881,0
2014-01-09,7.220976829528809,7.220976829528809,7.220976829528809,7.220976829528809,6.600808620452881,0
2014-01-10,7.565927982330322,7.565927982330322,7.496938228607178,7.565927982330322,6.916134834289551,4961
2014-01-13,7.588924884796143,7.933876037597656,7.266971111297607,7.887883186340332,7.2104387283325195,7753
2014-01-14,8.255830764770508,8.278826713562012,7.910880088806152,8.186840057373047,7.483719825744629,9209
2014-01-15,8.554787635803223,8.577784538269043,8.393811225891113,8.577784538269043,7.841087341308594,8942
2014-01-16,8.991726875305176,8.991726875305176,8.186840057373047,8.186840057373047,7.483719825744629,16704
2014-01-17,7.8648858070373535,8.232833862304688,7.841888904571533,8.186840057373047,7.483719825744629,3417
2014-01-20,7.818892955780029,8.278826713562012,7.795896053314209,7.933876037597656,7.252480983734131,4709
2014-01-21,7.542932033538818,8.140847206115723,7.542932033538818,7.795896053314209,7.126351356506348,469
2014-01-22,8.094854354858398,8.094854354858398,7.427947998046875,7.427947998046875,6.790005207061768,1876
2014-01-23,7.427947998046875,7.634919166564941,7.427947998046875,7.565927982330322,6.916134834289551,808
2014-01-24,7.381954193115234,7.910880088806152,7.197979927062988,7.473940849304199,6.832047939300537,2332
2014-01-27,7.473940849304199,7.473940849304199,7.128990173339844,7.151987075805664,6.537744998931885,280
2014-01-28,7.151987075805664,7.473940849304199,7.151987075805664,7.473940849304199,6.832047939300537,4
2014-01-29,7.473940849304199,7.473940849304199,7.10599422454834,7.10599422454834,6.495701789855957,595
2014-01-30,7.427947998046875,7.427947998046875,7.404951095581055,7.404951095581055,6.768982887268066,4
2014-01-31,7.496938228607178,7.680912017822266,7.10599422454834,7.381954193115234,6.747961044311523,408
2014-02-03,7.726905822753906,7.74990177154541,7.014007091522217,7.10599422454834,6.495701789855957,2611
2014-02-04,7.10599422454834,7.10599422454834,6.968012809753418,6.968012809753418,6.369570255279541,217
2014-02-05,7.266971111297607,7.289967060089111,7.266971111297607,7.289967060089111,6.66387414932251,4
2014-02-06,6.968012809753418,7.634919166564941,6.945015907287598,7.450944900512695,6.811026573181152,658
2014-02-07,7.404951095581055,7.404951095581055,7.082996845245361,7.151987075805664,6.537744998931885,2019
2014-02-10,7.151987075805664,7.289967060089111,7.082996845245361,7.243974208831787,6.621831893920898,682
2014-02-11,7.565927982330322,7.588924884796143,7.381954193115234,7.588924884796143,6.9371562004089355,163
2014-02-12,7.565927982330322,7.565927982330322,7.243974208831787,7.243974208831787,6.621831893920898,110
2014-02-13,7.243974208831787,7.243974208831787,7.243974208831787,7.243974208831787,6.621831893920898,0
2014-02-14,7.243974208831787,7.243974208831787,7.243974208831787,7.243974208831787,6.621831893920898,0
2014-02-17,6.945015907287598,7.197979927062988,6.899023056030273,7.197979927062988,6.579787731170654,887
2014-02-18,6.853028774261475,7.128990173339844,6.853028774261475,6.9910101890563965,6.3905930519104,1248
2014-02-19,7.10599422454834,7.10599422454834,6.646059036254883,6.669054985046387,6.096288681030273,2245
2014-02-20,6.669054985046387,6.669054985046387,6.669054985046387,6.669054985046387,6.096288681030273,0
2014-02-21,6.738046169281006,6.76104211807251,6.738046169281006,6.738046169281006,6.159354209899902,337
2014-02-24,6.462084770202637,6.968012809753418,6.462084770202637,6.715048789978027,6.138332843780518,1161
2014-02-25,6.968012809753418,6.9910101890563965,6.968012809753418,6.9910101890563965,6.3905930519104,1450
2014-02-26,6.853028774261475,6.853028774261475,6.830032825469971,6.830032825469971,6.243440628051758,21
2014-02-28,6.715048789978027,6.715048789978027,6.715048789978027,6.715048789978027,6.138332843780518,2174
2014-03-03,6.715048789978027,6.715048789978027,6.715048789978027,6.715048789978027,6.138332843780518,0
2014-03-04,6.508078098297119,7.037003040313721,6.485081195831299,7.037003040313721,6.43263578414917,3741
2014-03-05,7.381954193115234,7.381954193115234,6.9910101890563965,6.9910101890563965,6.3905930519104,328
2014-03-06,6.9910101890563965,7.335960865020752,6.9910101890563965,7.243974208831787,6.621831893920898,108
2014-03-07,6.968012809753418,6.968012809753418,6.899023056030273,6.899023056030273,6.306506156921387,5639
2014-03-10,6.439087867736816,7.335960865020752,6.439087867736816,7.128990173339844,6.516722679138184,2043
2014-03-11,6.922019958496094,6.922019958496094,6.899023056030273,6.899023056030273,6.306506156921387,223
2014-03-12,6.439087867736816,7.588924884796143,6.439087867736816,7.588924884796143,6.9371562004089355,8475
2014-03-13,8.255830764770508,8.255830764770508,6.830032825469971,6.899023056030273,6.306506156921387,25260
2014-03-14,6.6230621337890625,7.037003040313721,6.6230621337890625,6.945015907287598,6.3485493659973145,1111
2014-03-18,6.876026153564453,6.968012809753418,6.692051887512207,6.80703592300415,6.222419261932373,2635
2014-03-19,6.78403902053833,6.78403902053833,6.439087867736816,6.646059036254883,6.075268268585205,4341
2014-03-20,6.439087867736816,6.853028774261475,6.439087867736816,6.669054985046387,6.096288681030273,1850
2014-03-21,6.669054985046387,7.014007091522217,6.439087867736816,6.715048789978027,6.138332843780518,123534
2014-03-24,6.55407190322876,6.9910101890563965,6.485081195831299,6.78403902053833,6.201397895812988,203878
2014-03-25,6.899023056030273,7.450944900512695,6.899023056030273,7.450944900512695,6.811026573181152,6996
2014-03-26,8.163844108581543,8.186840057373047,7.565927982330322,8.140847206115723,7.441676616668701,221418
2014-03-27,7.680912017822266,8.025862693786621,7.657915115356445,7.818892955780029,7.147373676300049,4307
2014-03-28,7.381954193115234,7.818892955780029,7.128990173339844,7.358957767486572,6.726939678192139,12210
2014-03-31,6.715048789978027,7.74990177154541,6.692051887512207,7.519935131072998,6.874091625213623,1013
2014-04-01,7.381954193115234,7.841888904571533,7.358957767486572,7.772899150848389,7.105329990386963,1517
2014-04-02,8.531791687011719,8.531791687011719,7.588924884796143,7.818892955780029,7.147373676300049,4783
2014-04-03,8.554787635803223,8.554787635803223,7.703908920288086,7.933876037597656,7.252480983734131,9934
2014-04-04,8.117850303649902,8.117850303649902,8.117850303649902,8.117850303649902,7.420655727386475,2
2014-04-07,8.117850303649902,8.232833862304688,7.404951095581055,8.232833862304688,7.525763034820557,547
2014-04-09,7.841888904571533,8.048859596252441,7.588924884796143,7.910880088806152,7.2314605712890625,17630
2014-04-10,7.795896053314209,8.048859596252441,7.795896053314209,8.048859596252441,7.3575897216796875,4489
2014-04-11,7.841888904571533,8.370814323425293,7.818892955780029,8.278826713562012,7.567806720733643,8744
2014-04-15,8.508794784545898,8.508794784545898,8.209836959838867,8.209836959838867,7.504741668701172,8279
2014-04-16,8.85374641418457,8.85374641418457,7.519935131072998,8.002866744995117,7.31554651260376,6174
2014-04-17,7.818892955780029,7.818892955780029,7.795896053314209,7.795896053314209,7.126351356506348,519
2014-04-21,7.933876037597656,8.508794784545898,7.8648858070373535,8.324821472167969,7.6098504066467285,9055
2014-04-22,8.715765953063965,8.715765953063965,7.8648858070373535,8.255830764770508,7.546786785125732,10247
2014-04-23,8.071857452392578,8.485797882080078,8.048859596252441,8.255830764770508,7.546786785125732,3602
2014-04-24,8.255830764770508,8.255830764770508,8.255830764770508,8.255830764770508,7.546786785125732,0
2014-04-25,7.8648858070373535,8.232833862304688,7.8648858070373535,8.025862693786621,7.336568832397461,3643
2014-04-28,8.761758804321289,8.761758804321289,7.8648858070373535,8.025862693786621,7.336568832397461,7435
2014-04-29,8.278826713562012,8.347818374633789,7.611921787261963,7.795896053314209,7.126351356506348,25716
2014-04-30,8.255830764770508,8.554787635803223,7.887883186340332,8.347818374633789,7.630873680114746,45473
2014-05-02,8.048859596252441,8.071857452392578,7.74990177154541,7.933876037597656,7.252480983734131,8866
2014-05-05,7.933876037597656,7.933876037597656,7.542932033538818,7.841888904571533,7.168395042419434,16919
2014-05-06,7.542932033538818,7.887883186340332,7.542932033538818,7.887883186340332,7.2104387283325195,271
2014-05-07,7.427947998046875,7.795896053314209,7.381954193115234,7.473940849304199,6.832047939300537,9133
2014-05-08,7.496938228607178,7.496938228607178,7.174983978271484,7.174983978271484,6.558765888214111,9351
2014-05-09,7.772899150848389,7.772899150848389,7.358957767486572,7.358957767486572,6.726939678192139,1252
2014-05-12,7.197979927062988,8.255830764770508,7.174983978271484,7.174983978271484,6.558765888214111,11127
2014-05-13,6.922019958496094,7.358957767486572,6.600065231323242,7.128990173339844,6.516722679138184,7957
2014-05-14,7.059999942779541,7.795896053314209,6.9910101890563965,7.404951095581055,6.768982887268066,1706
2014-05-15,7.818892955780029,8.163844108581543,7.220976829528809,7.243974208831787,6.621831893920898,16704
2014-05-16,6.922019958496094,7.841888904571533,6.899023056030273,7.358957767486572,6.726939678192139,16313
2014-05-19,7.151987075805664,8.830748558044434,7.151987075805664,8.577784538269043,7.841087341308594,36129
2014-05-20,8.232833862304688,10.256546974182129,8.048859596252441,9.842605590820312,8.997281074523926,34280
2014-05-21,11.452378273010254,11.79732894897461,9.88860034942627,11.751336097717285,10.742081642150879,349514
2014-05-22,12.211271286010742,12.648208618164062,11.038436889648438,11.291400909423828,10.321647644042969,63389
2014-05-23,11.268404006958008,11.498372077941895,10.233551025390625,10.877459526062012,9.943258285522461,35478
2014-05-26,11.015439987182617,11.958307266235352,10.923453330993652,11.038436889648438,10.090409278869629,101564
2014-05-27,10.670489311218262,10.80846881866455,10.233551025390625,10.785472869873047,9.859171867370605,9027
2014-05-28,10.946450233459473,11.199414253234863,10.53250789642334,10.831465721130371,9.901214599609375,16311
2014-05-29,10.670489311218262,11.153421401977539,10.670489311218262,10.80846881866455,9.880192756652832,2113
2014-05-30,10.80846881866455,10.80846881866455,10.11856746673584,10.11856746673584,9.249542236328125,19267
2014-06-02,10.187557220458984,10.80846881866455,10.14156436920166,10.739479064941406,9.817126274108887,14069
2014-06-03,10.624494552612305,11.79732894897461,10.624494552612305,11.68234634399414,10.679017066955566,124793
2014-06-04,11.68234634399414,12.418240547180176,11.68234634399414,11.935310363769531,10.910255432128906,76234
2014-06-05,12.257264137268066,12.372247695922852,11.360390663146973,11.68234634399414,10.679017066955566,29001
2014-06-06,11.958307266235352,12.004300117492676,11.544364929199219,11.705342292785645,10.700039863586426,65198
2014-06-09,11.79732894897461,12.257264137268066,11.498372077941895,11.65934944152832,10.657995223999023,80498
2014-06-10,12.119283676147461,12.142280578613281,11.038436889648438,11.498372077941895,10.510842323303223,32917
2014-06-11,11.728339195251465,12.648208618164062,11.68234634399414,12.625211715698242,11.540905952453613,101364
2014-06-12,12.648208618164062,13.867035865783691,12.648208618164062,13.867035865783691,12.676077842712402,53848
2014-06-13,14.694918632507324,14.85589599609375,12.487232208251953,12.487232208251953,11.414776802062988,87134
2014-06-16,12.510228157043457,12.510228157043457,11.774333000183105,12.211271286010742,11.162516593933105,24575
2014-06-17,11.774333000183105,12.878175735473633,11.774333000183105,12.878175735473633,11.772144317626953,21002
2014-06-18,12.625211715698242,12.924169540405273,11.84332275390625,11.958307266235352,10.931278228759766,110326
2014-06-19,11.958307266235352,12.234267234802246,11.245407104492188,11.360390663146973,10.384713172912598,34935
2014-06-20,11.452378273010254,11.59035873413086,11.291400909423828,11.475375175476074,10.489822387695312,16263
2014-06-23,11.935310363769531,11.935310363769531,11.153421401977539,11.705342292785645,10.700039863586426,3237
2014-06-24,11.567361831665039,12.188274383544922,11.567361831665039,11.82032585144043,10.805146217346191,6627
2014-06-25,11.958307266235352,12.188274383544922,11.84332275390625,12.07328987121582,11.036385536193848,37885
2014-06-26,12.280261039733887,12.280261039733887,11.337393760681152,11.82032585144043,10.805146217346191,11505
2014-06-27,11.84332275390625,12.07328987121582,11.498372077941895,11.636351585388184,10.636972427368164,12738
2014-06-30,11.935310363769531,12.027297019958496,11.79732894897461,11.84332275390625,10.826168060302734,8862
2014-07-01,12.07328987121582,12.188274383544922,11.498372077941895,11.958307266235352,10.931278228759766,38583
2014-07-02,12.119283676147461,13.154136657714844,12.07328987121582,13.154136657714844,12.024404525756836,154917
2014-07-03,14.257981300354004,14.257981300354004,12.740196228027344,12.878175735473633,11.772144317626953,180564
2014-07-04,13.798046112060547,14.165993690490723,12.717199325561523,14.165993690490723,12.949358940124512,349475
2014-07-07,14.947882652282715,15.407817840576172,14.418957710266113,14.62592887878418,13.369791984558105,82411
2014-07-08,14.947882652282715,15.775766372680664,12.602214813232422,12.94716739654541,11.835210800170898,115042
2014-07-09,12.786189079284668,14.487948417663574,12.09628677368164,12.832182884216309,11.730100631713867,122017
2014-07-10,12.832182884216309,13.798046112060547,12.418240547180176,13.453095436096191,12.297687530517578,91171
2014-07-11,13.33811092376709,14.533942222595215,12.878175735473633,13.0851469039917,11.961338996887207,197260
2014-07-14,12.878175735473633,13.31511402130127,12.326253890991211,12.809185981750488,11.70907974243164,1550
2014-07-15,13.154136657714844,14.694918632507324,13.154136657714844,13.499088287353516,12.339731216430664,27893
2014-07-16,13.33811092376709,14.165993690490723,13.13114070892334,14.051010131835938,12.844250679016113,58890
2014-07-17,14.142996788024902,15.775766372680664,13.6140718460083,14.809903144836426,13.537965774536133,420068
2014-07-18,14.90188980102539,15.361824989318848,14.418957710266113,14.533942222595215,13.28570556640625,46926
2014-07-21,15.361824989318848,15.453811645507812,14.280978202819824,14.62592887878418,13.369791984558105,138217
2014-07-22,14.395960807800293,15.361824989318848,13.913029670715332,15.062867164611816,13.769205093383789,75943
2014-07-23,15.039870262145996,16.051727294921875,14.64892578125,15.177850723266602,13.874313354492188,177351
2014-07-24,15.361824989318848,18.213420867919922,14.62592887878418,18.14443016052246,16.586109161376953,1192670
2014-07-25,18.581369400024414,18.627361297607422,15.89074993133545,16.419675827026367,15.009485244750977,465094
2014-07-28,16.373680114746094,16.419675827026367,15.085864067077637,15.223843574523926,13.916356086730957,140593
2014-07-30,14.947882652282715,15.867753028869629,14.947882652282715,15.269838333129883,13.95840072631836,58447
2014-07-31,15.522802352905273,16.051727294921875,14.90188980102539,15.039870262145996,13.748183250427246,117807
2014-08-01,14.809903144836426,15.338828086853027,14.142996788024902,14.694918632507324,13.432857513427734,218435
2014-08-04,14.556939125061035,15.476807594299316,14.556939125061035,15.062867164611816,13.769205093383789,117614
2014-08-05,15.407817840576172,17.017589569091797,14.947882652282715,16.442672729492188,15.030508041381836,261271
2014-08-06,16.189708709716797,17.33954429626465,15.844756126403809,16.074724197387695,14.694160461425781,56088
2014-08-07,16.902606964111328,16.902606964111328,15.729772567749023,16.005733489990234,14.63109302520752,83929
2014-08-08,16.051727294921875,16.143714904785156,14.947882652282715,15.637785911560059,14.294747352600098,90204
2014-08-11,16.764625549316406,18.305408477783203,16.557655334472656,17.96045684814453,16.417938232421875,412347
2014-08-12,18.627361297607422,19.501239776611328,17.52351951599121,17.91446304321289,16.588293075561523,306149
2014-08-13,17.70749282836914,17.70749282836914,16.534658432006836,16.879610061645508,15.630046844482422,132907
2014-08-14,17.799480438232422,17.799480438232422,16.557655334472656,16.97159767150879,15.715224266052246,110219
2014-08-18,18.35140037536621,18.35140037536621,16.810619354248047,17.75348663330078,16.439231872558594,155076
2014-08-19,18.328405380249023,20.37511444091797,17.70749282836914,19.7312068939209,18.27054786682129,619311
2014-08-20,20.69706916809082,21.248991012573242,20.00716781616211,20.65107536315918,19.1223201751709,729231
2014-08-21,20.69706916809082,21.938894271850586,20.60508155822754,21.019023895263672,19.463027954101562,377486
2014-08-22,21.984886169433594,21.984886169433594,19.386255264282227,19.662216186523438,18.2066650390625,185789
2014-08-25,19.77720069885254,20.05316162109375,18.16742706298828,18.35140037536621,16.992883682250977,189857
2014-08-26,18.39739418029785,20.42110824584961,18.39739418029785,19.087297439575195,17.674306869506836,480709
2014-08-27,19.317264556884766,19.478242874145508,18.857330322265625,18.949317932128906,17.546539306640625,90406
2014-08-28,19.294267654418945,20.099153518676758,18.512378692626953,18.811336517333984,17.418773651123047,191931
2014-09-01,19.156288146972656,19.77720069885254,18.259414672851562,18.443387985229492,17.078060150146484,159274
2014-09-02,18.834333419799805,19.363258361816406,18.16742706298828,18.420391082763672,17.056766510009766,217978
2014-09-03,20.42110824584961,20.42110824584961,17.47752571105957,17.7764835357666,16.460529327392578,90547
2014-09-04,17.61550521850586,18.857330322265625,16.787622451782227,17.316547393798828,16.034635543823242,148573
2014-09-05,17.27055549621582,18.09843635559082,16.603649139404297,17.293550491333008,16.013343811035156,159922
2014-09-08,17.109577178955078,18.35140037536621,17.040586471557617,17.75348663330078,16.439231872558594,96935
2014-09-09,18.37439727783203,18.857330322265625,17.63850212097168,18.673355102539062,17.291004180908203,113885
2014-09-10,18.39739418029785,20.00716781616211,17.52351951599121,19.708208084106445,18.249250411987305,237359
2014-09-11,20.099153518676758,20.92703628540039,19.570228576660156,20.122150421142578,18.63254737854004,324772
2014-09-12,20.55908966064453,21.478958129882812,19.915180206298828,20.44410514831543,18.930673599243164,195912
2014-09-15,20.23713493347168,22.076873779296875,19.77720069885254,20.62807846069336,19.101022720336914,171139
2014-09-16,21.15700340270996,21.570945739746094,17.47752571105957,18.052444458007812,16.716060638427734,209201
2014-09-17,18.16742706298828,19.225278854370117,17.70749282836914,18.12143325805664,16.779939651489258,109119
2014-09-18,17.75348663330078,19.75420379638672,17.59250831604004,18.926319122314453,17.52524185180664,130272
2014-09-19,18.512378692626953,19.685213088989258,18.512378692626953,19.018306732177734,17.61042022705078,68848
2014-09-22,19.639219284057617,22.81277084350586,18.857330322265625,22.076873779296875,20.442567825317383,1423253
2014-09-23,22.53680992126465,24.537525177001953,21.386972427368164,21.662933349609375,20.05927085876465,603031
2014-09-24,21.616939544677734,22.904756546020508,21.40996742248535,22.237850189208984,20.59162712097168,193344
2014-09-25,22.99674415588379,22.99674415588379,20.812053680419922,21.134008407592773,19.569499969482422,142465
2014-09-26,20.7890567779541,21.846906661987305,19.77720069885254,20.812053680419922,19.271379470825195,152221
2014-09-29,24.974464416503906,24.974464416503906,24.974464416503906,24.974464416503906,23.125656127929688,210208
2014-09-30,29.964757919311523,29.964757919311523,27.941043853759766,29.964757919311523,27.74652671813965,3685630
2014-10-01,30.815637588500977,30.815637588500977,27.734073638916016,28.97589683532715,26.830873489379883,855949
2014-10-07,28.83791732788086,31.87348747253418,28.102020263671875,31.85049057006836,29.492664337158203,1268109
2014-10-08,32.26443099975586,35.02404022216797,32.26443099975586,35.02404022216797,32.431278228759766,1767330
2014-10-09,36.33485412597656,37.59967803955078,34.219154357910156,34.70208740234375,32.1331672668457,1304736
2014-10-10,34.88606262207031,34.88606262207031,31.252574920654297,31.252574920654297,28.939014434814453,1335208
2014-10-13,29.895767211914062,33.828208923339844,29.13687515258789,32.44840621948242,30.046316146850586,585517
2014-10-14,33.391273498535156,33.713226318359375,31.160587310791016,32.14944839477539,29.769493103027344,628756
2014-10-15,32.14944839477539,32.14944839477539,32.14944839477539,32.14944839477539,29.769493103027344,0
2014-10-16,31.942476272583008,33.06931686401367,29.458829879760742,29.895767211914062,27.682645797729492,250607
2014-10-17,30.125734329223633,31.160587310791016,29.1828670501709,29.61980628967285,27.427114486694336,181516
2014-10-20,31.045604705810547,31.712509155273438,28.79192352294922,29.27485466003418,27.107698440551758,161916
2014-10-21,29.665800094604492,30.424692153930664,28.285995483398438,29.27485466003418,27.107698440551758,159133
2014-10-22,29.987754821777344,30.355701446533203,26.906190872192383,30.217721939086914,27.98076629638672,153880
2014-10-27,31.229578018188477,31.896484375,29.895767211914062,30.079740524291992,27.852996826171875,193899
2014-10-28,30.309709548950195,33.06931686401367,29.55081558227539,32.60938262939453,30.19537925720215,407975
2014-10-29,33.4372673034668,34.77107620239258,32.3104248046875,33.391273498535156,30.919391632080078,657475
2014-10-30,34.219154357910156,34.95505142211914,33.345279693603516,34.0811767578125,31.55821990966797,276112
2014-10-31,34.44912338256836,35.36899185180664,33.621238708496094,34.035179138183594,31.515621185302734,234381
2014-11-03,34.2651481628418,34.65609359741211,33.11531066894531,34.288143157958984,31.749853134155273,152543
2014-11-05,34.0811767578125,36.104888916015625,34.035179138183594,35.1390266418457,32.537757873535156,364518
2014-11-07,36.28886032104492,36.28886032104492,33.506256103515625,33.73622131347656,31.238801956176758,191077
2014-11-10,34.035179138183594,35.78293228149414,32.885345458984375,35.34599685668945,32.729408264160156,293898
2014-11-11,36.7947883605957,41.716094970703125,36.7947883605957,38.84149932861328,35.96614074707031,1802126
2014-11-12,39.439414978027344,46.59140396118164,38.657527923583984,46.59140396118164,43.14234161376953,3062146
2014-11-13,47.235313415527344,48.615116119384766,44.521697998046875,45.096614837646484,41.75820541381836,2857502
2014-11-14,44.75166320800781,48.270164489746094,44.728668212890625,46.47642135620117,43.035865783691406,1146788
2014-11-17,46.47642135620117,55.76710510253906,46.47642135620117,55.76710510253906,51.6387825012207,2467279
2014-11-18,61.33231735229492,61.33231735229492,58.13576889038086,61.33231735229492,56.79200744628906,2539896
2014-11-19,63.19505310058594,63.65498733520508,55.21518325805664,55.23817825317383,51.14900588989258,1612039
2014-11-20,54.73225021362305,59.699546813964844,53.19146728515625,56.50299835205078,52.320194244384766,2206390
2014-11-21,56.80195617675781,58.25075149536133,55.19218444824219,55.652122497558594,51.532310485839844,603444
2014-11-24,57.21590042114258,58.34273910522461,52.52456283569336,55.67511749267578,51.5536003112793,951458
2014-11-25,56.08905792236328,57.146907806396484,51.55870056152344,52.82352066040039,48.91310119628906,819211
2014-11-26,52.47856903076172,57.307884216308594,47.81023025512695,56.457008361816406,52.27760696411133,1251966
2014-11-27,56.985931396484375,57.10091781616211,54.04235076904297,54.479286193847656,50.44629669189453,424266
2014-11-28,54.98521423339844,57.67583465576172,54.50228500366211,54.87023162841797,50.80830001831055,786396
2014-12-01,54.5252799987793,56.066062927246094,52.89250946044922,53.881370544433594,49.89264678955078,328222
2014-12-02,53.44443130493164,54.41029739379883,48.523128509521484,51.85765838623047,48.018741607666016,303103
2014-12-03,51.5127067565918,54.82423782348633,51.5127067565918,53.306453704833984,49.36029052734375,346670
2014-12-04,53.58241271972656,55.14619064331055,51.74267578125,52.087623596191406,48.23168182373047,434652
2014-12-05,52.38658142089844,56.29602813720703,52.1566162109375,53.03049087524414,49.10475158691406,1062602
2014-12-08,53.306453704833984,55.88208770751953,53.00749588012695,53.513423919677734,49.55193328857422,481866
2014-12-09,53.352447509765625,57.85980987548828,53.352447509765625,54.80124282836914,50.744415283203125,1388559
2014-12-10,54.84723663330078,57.698829650878906,54.82423782348633,57.284889221191406,53.04420471191406,679128
2014-12-11,57.491859436035156,68.73726654052734,54.73225021362305,68.5762939453125,63.49971389770508,4405732
2014-12-12,69.91010284423828,72.62371826171875,58.13576889038086,60.27446746826172,55.812477111816406,3713156
2014-12-15,58.48072052001953,66.00065612792969,58.4117317199707,64.48287200927734,59.70934295654297,1626795
2014-12-16,64.48287200927734,67.93238067626953,61.81524658203125,63.54000473022461,58.83626937866211,1557757
2014-12-17,63.70098114013672,67.54143524169922,51.880653381347656,64.50586700439453,59.73063659667969,2301580
2014-12-18,65.79368591308594,71.24391174316406,65.79368591308594,68.32332611083984,63.2654914855957,1687304
2014-12-19,69.28919219970703,71.28990936279297,63.9769401550293,64.6668472290039,59.87969207763672,1501327
2014-12-22,65.42573547363281,67.1504898071289,63.99993896484375,64.71283721923828,59.922279357910156,715312
2014-12-23,64.98880004882812,65.88567352294922,60.61941909790039,61.516292572021484,56.96236801147461,566851
2014-12-24,60.94137191772461,66.64456176757812,59.44658279418945,64.45987701416016,59.68804168701172,1192190
2014-12-26,65.17277526855469,65.70169830322266,62.62013244628906,63.54000473022461,58.83626937866211,606357
2014-12-29,64.16091918945312,67.10449981689453,63.93095016479492,65.0807876586914,60.26299285888672,758259
2014-12-30,64.89681243896484,65.9086685180664,63.28704071044922,63.58599853515625,58.87885284423828,644223
2014-12-31,63.58599853515625,72.4857406616211,63.58599853515625,70.60000610351562,65.3736343383789,3699401
2015-01-01,71.0599365234375,72.09479522705078,69.26618957519531,69.7491226196289,64.58573150634766,1223986
2015-01-02,69.72612762451172,71.88782501220703,68.66828155517578,69.54215240478516,64.39409637451172,1052459
2015-01-05,68.990234375,70.94495391845703,65.44873046875,67.05850219726562,62.094303131103516,859697
2015-01-06,66.23062133789062,66.23062133789062,61.976226806640625,62.7351188659668,58.090965270996094,713727
2015-01-07,62.551143646240234,65.0807876586914,61.63127517700195,62.11420440673828,57.51601791381836,927898
2015-01-08,63.60899353027344,66.18463134765625,63.60899353027344,64.91980743408203,60.113929748535156,575757
2015-01-09,65.54071807861328,65.95465850830078,62.87310028076172,63.3790283203125,58.68721008300781,349014
2015-01-12,63.65498733520508,66.69055938720703,63.03407669067383,64.87381744384766,60.07134246826172,688099
2015-01-13,64.6668472290039,66.4605941772461,63.9769401550293,64.32189178466797,59.560272216796875,469140
2015-01-14,63.79296875,67.01251220703125,57.491859436035156,65.01179504394531,60.19910430908203,913109
2015-01-15,65.40274047851562,66.3456039428711,63.471012115478516,64.04593658447266,59.304744720458984,444323
2015-01-16,64.1379165649414,65.67870330810547,62.919090270996094,63.218048095703125,58.538143157958984,511976
2015-01-19,63.81596374511719,64.71283721923828,61.723262786865234,62.551143646240234,57.92060852050781,306045
2015-01-20,62.965087890625,70.60000610351562,62.643131256103516,67.74840545654297,62.73312759399414,2385070
2015-01-21,68.41531372070312,69.51915740966797,66.00065612792969,66.52957916259766,61.604530334472656,748290
2015-01-22,66.23062133789062,66.8745346069336,64.16091918945312,64.71283721923828,59.922279357910156,302614
2015-01-23,65.31075286865234,65.70169830322266,62.137203216552734,63.03407669067383,58.3677864074707,273416
2015-01-27,63.88495635986328,64.85082244873047,62.78111267089844,63.12606430053711,58.45296859741211,235150
2015-01-28,63.011077880859375,66.09264373779297,61.884239196777344,62.137203216552734,57.537315368652344,456836
2015-01-29,61.86124038696289,63.90795135498047,60.251468658447266,61.12534713745117,56.60036849975586,419818
2015-01-30,61.516292572021484,62.551143646240234,59.285606384277344,60.366451263427734,55.897647857666016,283798
2015-02-02,59.883522033691406,62.45915603637695,58.917659759521484,59.584564208984375,55.17364501953125,215595
2015-02-03,60.1364860534668,60.66541290283203,57.81381607055664,59.676551818847656,55.25882339477539,397519
2015-02-04,59.97550964355469,61.05635452270508,59.331600189208984,59.56156539916992,55.152347564697266,157113
2015-02-05,59.699546813964844,61.07935333251953,57.26189422607422,57.97479248046875,53.683040618896484,200284
2015-02-06,58.36573791503906,61.17133712768555,54.73225021362305,55.60612869262695,51.489723205566406,499753
2015-02-09,54.272315979003906,55.88208770751953,52.45557403564453,53.78938674926758,49.807472229003906,262534
2015-02-10,51.5127067565918,59.76853942871094,51.5127067565918,56.411014556884766,52.23501968383789,487827
2015-02-11,57.767822265625,60.251468658447266,57.031925201416016,59.51557540893555,55.10975646972656,311857
2015-02-12,59.952510833740234,61.07935333251953,59.10163116455078,59.7225456237793,55.30140686035156,259034
2015-02-13,63.93095016479492,65.14977264404297,62.091209411621094,62.57414245605469,57.94190979003906,890697
2015-02-16,63.057071685791016,63.723976135253906,60.090492248535156,60.48143768310547,56.00412368774414,344622
2015-02-18,60.71140670776367,61.63127517700195,57.1239128112793,58.48072052001953,54.15151596069336,243138
2015-02-19,57.72182846069336,59.078636169433594,56.02006912231445,57.10091781616211,52.87385559082031,262850
2015-02-20,56.29602813720703,64.75883483886719,55.00821304321289,62.57414245605469,57.94190979003906,1165551
2015-02-23,62.87310028076172,62.87310028076172,58.11277389526367,59.10163116455078,54.72645950317383,409940
2015-02-24,59.51557540893555,59.56156539916992,57.031925201416016,57.399871826171875,53.15067672729492,252363
2015-02-25,57.491859436035156,61.14834213256836,57.491859436035156,57.99778747558594,53.70432662963867,484540
2015-02-26,58.36573791503906,58.75667953491211,56.2270393371582,56.686973571777344,52.49054718017578,183432
2015-02-27,57.21590042114258,59.56156539916992,56.80195617675781,58.77967834472656,54.42833709716797,261456
2015-03-02,57.60684585571289,58.54970932006836,56.686973571777344,57.077919006347656,52.85255813598633,176994
2015-03-03,57.58384704589844,58.917659759521484,56.96293640136719,57.56085205078125,53.29974365234375,333016
2015-03-04,57.92879867553711,59.331600189208984,57.491859436035156,58.13576889038086,53.83210372924805,287910
2015-03-05,57.97479248046875,64.39088439941406,57.97479248046875,61.930233001708984,57.34565734863281,1096259
2015-03-09,61.12534713745117,63.057071685791016,59.952510833740234,61.17133712768555,56.642948150634766,311528
2015-03-10,60.98736572265625,64.80482482910156,60.98736572265625,62.57414245605469,57.94190979003906,445876
2015-03-11,62.551143646240234,63.172054290771484,60.71140670776367,61.26332473754883,56.72813034057617,186832
2015-03-12,61.01036071777344,62.758113861083984,60.044498443603516,60.61941909790039,56.13188934326172,165853
2015-03-13,60.94137191772461,61.17133712768555,58.4117317199707,58.64169692993164,54.30057144165039,137812
2015-03-16,58.98664855957031,59.97550964355469,57.031925201416016,58.04378128051758,53.746925354003906,283996
2015-03-17,58.43472671508789,59.14762496948242,55.652122497558594,57.031925201416016,52.809967041015625,234383
2015-03-18,57.60684585571289,61.03335952758789,57.077919006347656,57.99778747558594,53.70432662963867,661861
2015-03-19,58.457725524902344,59.331600189208984,56.6409797668457,57.0549201965332,52.83126449584961,144650
2015-03-20,56.7099723815918,57.3538818359375,54.29531478881836,54.66326141357422,50.61665725708008,160157
2015-03-23,55.51414108276367,55.859092712402344,51.627689361572266,52.31759262084961,48.44462966918945,223083
2015-03-24,52.17961120605469,52.8005256652832,50.638832092285156,51.167755126953125,47.37990951538086,180682
2015-03-25,51.5127067565918,51.97264099121094,48.63811492919922,48.98306655883789,45.35695266723633,234167
2015-03-26,48.70710372924805,49.16703796386719,45.395572662353516,46.79837417602539,43.3339958190918,233396
2015-03-27,47.46527862548828,48.29316329956055,44.01576614379883,46.08547592163086,42.67386245727539,257219
2015-03-30,46.72938537597656,50.661827087402344,46.72938537597656,49.99492263793945,46.29389572143555,315862
2015-03-31,50.845802307128906,59.97550964355469,50.27088165283203,55.3991584777832,51.29806900024414,791757
2015-04-01,55.19218444824219,59.791534423828125,55.19218444824219,57.42287063598633,53.171974182128906,349040
2015-04-06,57.90580368041992,60.113487243652344,57.90580368041992,58.77967834472656,54.42833709716797,228254
2015-04-07,59.170623779296875,60.090492248535156,55.88208770751953,58.89466094970703,54.53480911254883,408710
2015-04-08,59.6535530090332,62.3211784362793,59.630558013916016,60.251468658447266,55.79117965698242,433037
2015-04-09,60.82638931274414,61.49329376220703,59.10163116455078,59.676551818847656,55.25882339477539,254812
2015-04-10,59.791534423828125,64.16091918945312,58.871665954589844,62.091209411621094,57.49472427368164,776096
2015-04-13,62.505149841308594,63.44801712036133,61.30931854248047,61.90723419189453,57.324363708496094,168865
2015-04-15,62.41316223144531,64.09192657470703,59.30860137939453,59.90652084350586,55.471763610839844,359940
2015-04-16,60.251468658447266,60.251468658447266,56.571990966796875,57.62984085083008,53.36362075805664,212995
2015-04-17,57.9517936706543,57.9517936706543,53.83537673950195,54.5252799987793,50.48888397216797,320019
2015-04-20,54.77824401855469,57.46886444091797,52.70853805541992,53.74338912963867,49.76487731933594,156259
2015-04-21,53.6284065246582,57.031925201416016,53.398441314697266,55.19218444824219,51.106422424316406,245682
2015-04-22,56.066062927246094,56.985931396484375,54.31830978393555,55.905086517333984,51.766544342041016,120558
2015-04-23,56.80195617675781,58.08977508544922,54.80124282836914,55.10020065307617,51.02124786376953,385180
2015-04-24,55.51414108276367,56.457008361816406,49.99492263793945,50.3858642578125,46.655906677246094,314755
2015-04-27,50.40886306762695,51.23674774169922,47.442283630371094,47.81023025512695,44.270938873291016,230982
2015-04-28,47.833229064941406,50.592838287353516,47.16632080078125,49.74195861816406,46.059661865234375,173687
2015-04-29,50.27088165283203,52.89250946044922,47.833229064941406,51.65068817138672,47.827091217041016,342581
2015-04-30,51.9266471862793,53.306453704833984,49.76495361328125,50.500850677490234,46.76238250732422,387991
2015-05-04,50.592838287353516,52.66254425048828,49.28202438354492,50.01791763305664,46.31519317626953,251831
2015-05-05,50.040916442871094,53.053489685058594,48.0861930847168,50.93778610229492,47.16696548461914,861495
2015-05-06,51.466712951660156,53.99635314941406,49.05205535888672,50.178897857666016,46.464256286621094,961268
2015-05-07,50.13290023803711,51.627689361572266,48.75309753417969,49.25902557373047,45.61247634887695,262374
2015-05-08,49.971923828125,51.052772521972656,49.48899459838867,49.74195861816406,46.059661865234375,179068
2015-05-11,50.52384567260742,50.82280349731445,49.60397720336914,50.247886657714844,46.52813720703125,188020
2015-05-12,50.13290023803711,50.500850677490234,46.54541015625,46.98234939575195,43.50434875488281,256605
2015-05-13,48.040199279785156,48.523128509521484,46.08547592163086,47.1893196105957,43.695987701416016,225538
2015-05-14,47.55726623535156,48.29316329956055,46.03948211669922,47.32729721069336,43.82375717163086,173437
2015-05-15,47.833229064941406,48.68410873413086,47.6032600402832,47.87922286987305,44.33481979370117,147742
2015-05-18,47.87922286987305,53.237464904785156,47.87922286987305,51.282737731933594,47.48637771606445,810066
2015-05-19,50.914791107177734,52.61655044555664,49.67296600341797,51.259742736816406,47.465091705322266,260565
2015-05-20,51.052772521972656,52.20261001586914,49.81094741821289,50.10990524291992,46.40037155151367,154350
2015-05-21,50.15589904785156,50.661827087402344,49.39700698852539,49.64997100830078,45.974483489990234,120258
2015-05-22,50.06391143798828,50.960784912109375,49.21303176879883,49.44300079345703,45.782833099365234,140241
2015-05-25,49.99492263793945,50.546844482421875,49.21303176879883,49.71895980834961,46.038368225097656,92637
2015-05-26,50.500850677490234,50.546844482421875,48.79909133911133,49.19003677368164,45.54859924316406,79763
2015-05-27,48.29316329956055,49.67296600341797,48.109188079833984,48.68410873413086,45.08012771606445,96848
2015-05-28,49.30501937866211,49.87993621826172,48.270164489746094,49.35101318359375,45.69765853881836,144653
2015-05-29,50.592838287353516,51.74267578125,47.09733200073242,47.39628982543945,43.887638092041016,267579
2015-06-01,48.063194274902344,48.96006774902344,45.349578857421875,45.648536682128906,42.26926803588867,311204
2015-06-02,46.10847091674805,46.45342254638672,43.69381332397461,44.061763763427734,40.799964904785156,150425
2015-06-03,44.613685607910156,45.303585052490234,40.91120910644531,42.68195724487305,39.522300720214844,216384
2015-06-04,43.003910064697266,43.41785430908203,41.44013214111328,42.842933654785156,39.671363830566406,106001
2015-06-05,42.842933654785156,47.833229064941406,41.90006637573242,45.441566467285156,42.077613830566406,981132
2015-06-08,45.441566467285156,46.22345733642578,42.337005615234375,42.911922454833984,39.73523712158203,226566
2015-06-09,42.77394485473633,43.14189147949219,41.624107360839844,42.52098083496094,39.37323760986328,216978
2015-06-10,42.842933654785156,44.613685607910156,41.9920539855957,42.93492126464844,39.75654220581055,153076
2015-06-11,43.16489028930664,44.01576614379883,41.27915573120117,41.463130950927734,38.393699645996094,134275
2015-06-12,41.39413833618164,42.176029205322266,40.95719909667969,41.60110855102539,38.52145767211914,87988
2015-06-15,41.60110855102539,43.23387908935547,40.56625747680664,42.130035400390625,39.011234283447266,141961
2015-06-16,41.85407257080078,42.428993225097656,40.405277252197266,41.34814453125,38.2872314453125,189605
2015-06-17,41.44013214111328,43.09589767456055,41.44013214111328,41.78508377075195,38.69181442260742,167299
2015-06-18,42.635963439941406,43.049903869628906,40.75022888183594,41.09518051147461,38.052982330322266,356439
2015-06-19,41.463130950927734,42.084041595458984,38.63452911376953,39.324432373046875,36.413330078125,239286
2015-06-22,39.55440139770508,40.152313232421875,36.7947883605957,37.39270782470703,34.624603271484375,425955
2015-06-23,37.53068542480469,40.70423889160156,36.7947883605957,39.577396392822266,36.64756393432617,434811
2015-06-24,39.945343017578125,40.65824508666992,38.197593688964844,38.864498138427734,35.9874382019043,200302
2015-06-25,38.864498138427734,40.12931823730469,37.71466064453125,38.5655403137207,35.710609436035156,271442
2015-06-26,39.002479553222656,42.084041595458984,38.68052291870117,40.45127487182617,37.45675277709961,497450
2015-06-29,39.4624137878418,39.4624137878418,37.94462966918945,38.42755889892578,35.58284378051758,204965
2015-06-30,38.3355712890625,39.09446334838867,38.17459487915039,38.35857009887695,35.51896286010742,156974
2015-07-01,38.84149932861328,40.01433563232422,38.68052291870117,39.209449768066406,36.30685806274414,126591
2015-07-02,40.70423889160156,41.44013214111328,40.244300842285156,40.95719909667969,37.92522430419922,445173
2015-07-03,40.98019790649414,42.77394485473633,40.58925247192383,41.003196716308594,37.967811584472656,301033
2015-07-06,40.037330627441406,41.04918670654297,39.163455963134766,40.81922149658203,37.797454833984375,236079
2015-07-07,40.9342041015625,47.902217864990234,40.9342041015625,45.69453048706055,42.31185531616211,1859321
2015-07-08,45.92449951171875,48.661109924316406,44.613685607910156,45.99348831176758,42.588687896728516,852955
2015-07-09,46.45342254638672,48.454139709472656,45.763519287109375,46.03948211669922,42.63127517700195,503282
2015-07-10,46.08547592163086,47.741241455078125,45.763519287109375,45.92449951171875,42.524803161621094,207531
2015-07-13,46.45342254638672,46.7753791809082,45.0736198425293,45.37257766723633,42.013736724853516,135380
2015-07-14,45.74052429199219,49.48899459838867,44.75166320800781,48.29316329956055,44.71812438964844,666059
2015-07-15,48.7301025390625,49.53498840332031,46.17746353149414,46.7753791809082,43.31269454956055,262095
2015-07-16,46.56840515136719,48.201175689697266,46.56840515136719,46.89036178588867,43.41917037963867,125239
2015-07-17,47.51127243041992,48.109188079833984,46.03948211669922,46.66039276123047,43.20622253417969,225199
2015-07-20,47.787235260009766,52.38658142089844,47.41928482055664,51.0987663269043,47.31603240966797,915994
2015-07-21,51.466712951660156,52.17961120605469,47.235313415527344,47.534271240234375,44.01540756225586,410629
2015-07-22,47.373294830322266,49.67296600341797,47.373294830322266,48.84508514404297,45.229183197021484,323147
2015-07-23,49.19003677368164,50.40886306762695,48.75309753417969,49.42000198364258,45.76154327392578,233993
2015-07-24,49.48899459838867,49.62697219848633,47.833229064941406,47.948211669921875,44.39870071411133,98409
2015-07-27,47.833229064941406,47.948211669921875,45.096614837646484,45.441566467285156,42.077613830566406,157370
2015-07-28,45.94749450683594,46.91335678100586,43.90078353881836,44.889644622802734,41.566558837890625,174522
2015-07-29,45.441566467285156,47.14332580566406,45.096614837646484,46.062477111816406,42.65256118774414,166290
2015-07-30,48.33915710449219,50.47785186767578,46.91335678100586,47.626258850097656,44.100582122802734,454257
2015-07-31,46.49941635131836,48.063194274902344,46.22345733642578,46.56840515136719,43.12104034423828,138171
2015-08-03,46.45342254638672,47.6032600402832,45.556549072265625,46.03948211669922,42.63127517700195,92521
2015-08-04,45.763519287109375,47.32729721069336,45.188602447509766,46.79837417602539,43.3339958190918,208788
2015-08-05,46.10847091674805,47.71824264526367,45.9015007019043,46.1314697265625,42.71644973754883,217787
2015-08-06,46.43042755126953,47.35029602050781,44.843650817871094,45.11961364746094,41.77949905395508,225551
2015-08-07,45.510555267333984,46.40742874145508,45.0736198425293,45.188602447509766,41.84337615966797,102701
2015-08-10,45.62554168701172,46.91335678100586,43.64781951904297,44.820655822753906,41.502681732177734,271860
2015-08-11,46.91335678100586,47.948211669921875,45.41857147216797,45.970489501953125,42.567386627197266,752913
2015-08-12,45.94749450683594,46.7753791809082,43.73980712890625,44.19974136352539,40.92772674560547,259317
2015-08-13,44.613685607910156,45.53355407714844,41.04918670654297,41.60110855102539,38.52145767211914,167077
2015-08-14,42.176029205322266,42.31401062011719,41.37114334106445,41.831077575683594,38.73440933227539,168495
2015-08-17,42.176029205322266,42.86593246459961,40.65824508666992,42.382999420166016,39.2454719543457,124469
2015-08-18,42.98091506958008,43.34886169433594,41.85407257080078,42.704952239990234,39.5435905456543,80000
2015-08-19,43.07290267944336,43.32586669921875,42.084041595458984,42.68195724487305,39.522300720214844,101112
2015-08-20,41.94606018066406,43.23387908935547,40.79622268676758,41.256160736083984,38.202049255371094,64276
2015-08-21,40.01433563232422,40.88821029663086,38.22058868408203,39.66938400268555,36.73274230957031,83490
2015-08-24,38.197593688964844,38.35857009887695,31.735506057739258,33.64423751831055,31.153621673583984,303001
2015-08-25,34.288143157958984,35.87491989135742,29.895767211914062,33.32228088378906,30.855499267578125,279100
2015-08-26,33.3682746887207,36.7947883605957,33.345279693603516,35.16202163696289,32.559043884277344,263035
2015-08-27,35.87491989135742,38.749515533447266,35.87491989135742,37.71466064453125,34.92272186279297,196382
2015-08-28,38.42755889892578,44.33772277832031,37.78364944458008,41.94606018066406,38.840877532958984,861863
2015-08-31,41.716094970703125,43.25687789916992,40.19831085205078,41.808082580566406,38.713111877441406,318201
2015-09-01,40.520263671875,41.624107360839844,37.99061965942383,38.42755889892578,35.58284378051758,283144
2015-09-02,39.55440139770508,40.49726486206055,38.657527923583984,39.25544357299805,36.34944534301758,185054
2015-09-03,39.55440139770508,40.42827606201172,39.09446334838867,39.324432373046875,36.413330078125,95600
2015-09-04,39.09446334838867,39.09446334838867,35.87491989135742,36.265865325927734,33.5811767578125,184230
2015-09-07,37.13974380493164,37.13974380493164,34.127166748046875,34.40312957763672,32.05963134765625,83150
2015-09-08,34.95505142211914,37.6916618347168,34.74808120727539,37.16273880004883,34.631263732910156,208820
2015-09-09,37.346710205078125,39.991336822509766,36.8637809753418,37.346710205078125,34.80270004272461,362718
2015-09-10,36.49583435058594,37.16273880004883,34.56410598754883,36.564823150634766,34.074073791503906,125474
2015-09-11,37.20873260498047,40.405277252197266,37.20873260498047,38.5655403137207,35.93850326538086,321225
2015-09-14,38.58853530883789,39.738372802734375,38.496551513671875,38.956485748291016,36.30282211303711,86625
2015-09-15,38.657527923583984,39.50840759277344,37.36970901489258,37.71466064453125,35.14558410644531,53542
2015-09-16,38.611534118652344,39.209449768066406,37.94462966918945,38.08260726928711,35.488468170166016,147923
2015-09-18,38.818504333496094,39.991336822509766,38.26658248901367,38.58853530883789,35.959930419921875,101414
2015-09-21,38.26658248901367,39.04846954345703,38.05961227416992,38.58853530883789,35.959930419921875,75612
2015-09-22,38.864498138427734,41.1641731262207,38.31257629394531,38.703521728515625,36.06708526611328,416898
2015-09-23,38.17459487915039,38.864498138427734,36.633811950683594,38.35857009887695,35.74563217163086,69583
2015-09-24,38.63452911376953,39.439414978027344,37.78364944458008,37.99061965942383,35.402748107910156,66037
2015-09-28,38.58853530883789,39.002479553222656,36.932769775390625,37.25472640991211,34.71697998046875,81992
2015-09-29,36.817787170410156,37.94462966918945,35.75993728637695,36.74879837036133,34.24551773071289,104393
2015-09-30,37.64567184448242,37.85264205932617,36.8637809753418,37.39270782470703,34.84556579589844,66861
2015-10-01,37.78364944458008,38.611534118652344,37.346710205078125,37.57667922973633,35.01700210571289,90112
2015-10-05,38.1515998840332,38.3355712890625,37.76065444946289,38.08260726928711,35.488468170166016,49233
2015-10-06,38.63452911376953,38.910491943359375,37.59967803955078,37.96762466430664,35.381317138671875,59619
2015-10-07,38.08260726928711,42.704952239990234,38.05961227416992,41.716094970703125,38.87445068359375,1172209
2015-10-08,42.084041595458984,42.176029205322266,38.864498138427734,39.853355407714844,37.13860321044922,287690
2015-10-09,40.9342041015625,43.003910064697266,40.33628845214844,42.428993225097656,39.538787841796875,505336
2015-10-12,42.31401062011719,42.704952239990234,40.77322769165039,41.003196716308594,38.21010971069336,118199
2015-10-13,40.98019790649414,42.68195724487305,40.9342041015625,41.69309616088867,38.8530158996582,161277
2015-10-14,42.176029205322266,42.77394485473633,40.35928726196289,41.27915573120117,38.46726989746094,134347
2015-10-15,42.038047790527344,44.38371658325195,41.762088775634766,43.87778854370117,40.88888931274414,487325
2015-10-16,44.475704193115234,45.441566467285156,42.72795104980469,43.23387908935547,40.28884506225586,481409
2015-10-19,43.67081832885742,44.613685607910156,42.81993865966797,43.210880279541016,40.26741027832031,219433
2015-10-20,43.18788528442383,43.87778854370117,41.808082580566406,42.176029205322266,39.30305099487305,103323
2015-10-21,42.31401062011719,43.41785430908203,41.07218551635742,41.670101165771484,38.831581115722656,154600
2015-10-23,42.31401062011719,42.382999420166016,41.39413833618164,41.509124755859375,38.681575775146484,73373
2015-10-26,42.130035400390625,42.176029205322266,39.646385192871094,40.12931823730469,37.395755767822266,118718
2015-10-27,39.784366607666016,40.42827606201172,39.324432373046875,39.80736541748047,37.095733642578125,52442
2015-10-28,39.92234802246094,43.69381332397461,39.50840759277344,41.9920539855957,39.13161087036133,606875
2015-10-29,41.9920539855957,43.5328369140625,41.9920539855957,42.382999420166016,39.49592208862305,170067
2015-10-30,42.10703659057617,43.23387908935547,41.463130950927734,42.015052795410156,39.15304183959961,115338
2015-11-02,42.382999420166016,43.23387908935547,38.22058868408203,40.244300842285156,37.502906799316406,318071
2015-11-03,40.79622268676758,41.831077575683594,40.01433563232422,40.31329345703125,37.56719970703125,124667
2015-11-04,41.09518051147461,43.14189147949219,40.06032943725586,41.11817932128906,38.3172607421875,199234
2015-11-05,41.1641731262207,42.222023010253906,40.037330627441406,40.244300842285156,37.502906799316406,62478
2015-11-06,40.01433563232422,41.39413833618164,39.784366607666016,40.06032943725586,37.33146286010742,75234
2015-11-09,38.864498138427734,41.85407257080078,37.85264205932617,40.31329345703125,37.56719970703125,269025
2015-11-10,41.09518051147461,42.77394485473633,40.49726486206055,41.256160736083984,38.44584274291992,201598
2015-11-13,41.69309616088867,42.52098083496094,40.49726486206055,41.53211975097656,38.702999114990234,106743
2015-11-16,41.1641731262207,44.981632232666016,40.49726486206055,44.222740173339844,41.2103385925293,545783
2015-11-17,44.636680603027344,44.79765701293945,42.658958435058594,43.78580093383789,40.803165435791016,291330
2015-11-18,43.92378234863281,47.6032600402832,43.73980712890625,46.7753791809082,43.5890998840332,1407366
2015-11-19,47.51127243041992,56.112056732177734,47.235313415527344,55.21518325805664,51.45399475097656,3530069
2015-11-20,54.73225021362305,57.21590042114258,53.16847229003906,53.78938674926758,50.12532424926758,1808460
2015-11-23,54.272315979003906,56.43400955200195,53.6973991394043,55.53713607788086,51.7540168762207,638083
2015-11-24,55.652122497558594,57.99778747558594,54.73225021362305,56.50299835205078,52.654083251953125,1019248
2015-11-26,56.96293640136719,64.75883483886719,56.571990966796875,61.14834213256836,56.98299026489258,3147271
2015-11-27,61.63127517700195,65.54071807861328,61.63127517700195,63.58599853515625,59.25459671020508,1917788
2015-11-30,64.04593658447266,64.57485961914062,60.251468658447266,60.68840789794922,56.55438995361328,964388
2015-12-01,61.12534713745117,65.31075286865234,61.12534713745117,63.011077880859375,58.718849182128906,847389
2015-12-02,63.40202331542969,63.54000473022461,60.71140670776367,62.344173431396484,58.09736633300781,499601
2015-12-03,62.3211784362793,65.77069091796875,61.14834213256836,63.24104690551758,58.93314743041992,1250185
2015-12-04,62.87310028076172,66.00065612792969,62.758113861083984,64.11492156982422,59.747493743896484,1395532
2015-12-07,64.57485961914062,65.60971069335938,62.850101470947266,63.65498733520508,59.31888961791992,502692
2015-12-08,63.264041900634766,65.31075286865234,60.96437072753906,61.63127517700195,57.43303298950195,685684
2015-12-09,60.71140670776367,60.71140670776367,50.13290023803711,51.55870056152344,48.04658508300781,1614787
2015-12-10,54.134334564208984,55.19218444824219,52.89250946044922,53.766387939453125,50.10388946533203,1053083
2015-12-11,54.180328369140625,59.44658279418945,52.43257522583008,57.42287063598633,53.51129913330078,1703678
2015-12-14,58.36573791503906,60.251468658447266,55.53713607788086,57.5378532409668,53.61845397949219,1618266
2015-12-15,57.9517936706543,57.9517936706543,55.19218444824219,55.5831298828125,51.796878814697266,480755
2015-12-16,56.43400955200195,57.79081726074219,55.19218444824219,55.72111129760742,51.92545700073242,484914
2015-12-17,54.91622543334961,56.59498596191406,53.37544250488281,54.82423782348633,51.08967971801758,824886
2015-12-18,54.61726760864258,57.399871826171875,54.04235076904297,55.53713607788086,51.7540168762207,817539
2015-12-21,53.398441314697266,55.79010009765625,53.398441314697266,54.019351959228516,50.33962631225586,372891
2015-12-22,54.180328369140625,55.05420684814453,52.75453186035156,53.32944869995117,49.69671630859375,262861
2015-12-23,54.134334564208984,54.387298583984375,52.04163360595703,52.86951446533203,49.26810836791992,229712
2015-12-24,53.260459899902344,56.02006912231445,51.78866958618164,55.03120803833008,51.28255081176758,656688
2015-12-28,55.37615966796875,55.37615966796875,53.352447509765625,53.559417724609375,49.911014556884766,188768
2015-12-29,53.42143630981445,55.79010009765625,53.352447509765625,54.80124282836914,51.06825256347656,501507
2015-12-30,54.87023162841797,55.19218444824219,53.44443130493164,53.559417724609375,49.911014556884766,143911
2015-12-31,54.15733337402344,54.686256408691406,52.66254425048828,53.03049087524414,49.41811752319336,165234
2016-01-01,53.49042510986328,54.50228500366211,53.12247848510742,53.49042510986328,49.84672927856445,166406
2016-01-04,53.720394134521484,54.73225021362305,52.1566162109375,52.43257522583008,48.860931396484375,233935
2016-01-05,52.54756164550781,54.180328369140625,52.54756164550781,53.145477294921875,49.52527618408203,152815
2016-01-06,53.28345489501953,54.134334564208984,52.29459762573242,52.52456283569336,48.946651458740234,199739
2016-01-07,51.60469436645508,52.087623596191406,48.569122314453125,49.09804916381836,45.75354766845703,373796
2016-01-08,51.052772521972656,54.019351959228516,51.052772521972656,53.145477294921875,49.52527618408203,539454
2016-01-11,52.40958023071289,53.58241271972656,50.661827087402344,52.36358642578125,48.79664993286133,373374
2016-01-12,52.34059143066406,53.99635314941406,50.77680969238281,51.834659576416016,48.303749084472656,184921
2016-01-13,52.50156784057617,53.260459899902344,48.29316329956055,49.85694122314453,46.46075439453125,260419
2016-01-14,49.21303176879883,49.44300079345703,46.54541015625,47.51127243041992,44.27486801147461,116338
2016-01-15,48.70710372924805,49.71895980834961,40.08332443237305,43.44084930419922,40.481712341308594,284438
2016-01-18,42.130035400390625,43.83179473876953,40.47426986694336,41.09518051147461,38.29582214355469,188787
2016-01-19,42.31401062011719,43.463844299316406,39.76137161254883,41.39413833618164,38.574424743652344,241203
2016-01-20,41.07218551635742,41.07218551635742,37.73765563964844,39.738372802734375,37.03144454956055,121384
2016-01-21,40.06032943725586,40.9342041015625,37.48469161987305,39.163455963134766,36.49569320678711,214882
2016-01-22,39.80736541748047,42.337005615234375,39.60039138793945,40.68124008178711,37.91008758544922,275947
2016-01-25,41.831077575683594,42.4059944152832,40.520263671875,41.670101165771484,38.831581115722656,189387
2016-01-27,41.670101165771484,43.64781951904297,41.21016311645508,42.93492126464844,40.01025390625,332012
2016-01-28,43.27987289428711,45.648536682128906,43.23387908935547,44.54469299316406,41.51036834716797,356550
2016-01-29,44.843650817871094,46.56840515136719,44.613685607910156,44.95863342285156,41.89611053466797,129294
2016-02-01,45.4875602722168,51.006778717041016,43.96977615356445,46.7753791809082,43.5890998840332,689138
2016-02-02,46.91335678100586,48.201175689697266,44.1767463684082,45.0736198425293,42.003265380859375,260762
2016-02-03,44.15374755859375,44.5906867980957,41.969058990478516,42.86593246459961,39.94596481323242,168615
2016-02-04,43.463844299316406,45.303585052490234,42.31401062011719,43.118896484375,40.181697845458984,309402
2016-02-05,43.27987289428711,44.613685607910156,42.81993865966797,44.15374755859375,41.14604949951172,170802
2016-02-08,44.314727783203125,44.33772277832031,42.451988220214844,42.589969635009766,39.68879699707031,187767
2016-02-09,42.084041595458984,42.543975830078125,40.88821029663086,41.463130950927734,38.638710021972656,123539
2016-02-10,41.85407257080078,44.33772277832031,41.23316192626953,42.0610466003418,39.195899963378906,283296
2016-02-11,42.19902420043945,42.4059944152832,37.62267303466797,37.96762466430664,35.381317138671875,220009
2016-02-12,38.197593688964844,38.611534118652344,35.09303283691406,37.32371520996094,34.78127670288086,316894
2016-02-15,38.864498138427734,41.37114334106445,37.96762466430664,39.232444763183594,36.55997848510742,234959
2016-02-16,40.01433563232422,41.44013214111328,37.71466064453125,38.03661346435547,35.44560623168945,250496
2016-02-17,39.04846954345703,39.09446334838867,36.058895111083984,36.725799560546875,34.22407913208008,187909
2016-02-18,37.48469161987305,39.025474548339844,36.840782165527344,38.404563903808594,35.78848648071289,198051
2016-02-19,37.94462966918945,38.58853530883789,37.39270782470703,37.6916618347168,35.12415313720703,112444
2016-02-22,37.99061965942383,38.79550552368164,36.7947883605957,37.13974380493164,34.609832763671875,148453
2016-02-23,37.438697814941406,37.438697814941406,35.5529670715332,36.196876525878906,33.7311897277832,173944
2016-02-24,35.75993728637695,37.48469161987305,35.644954681396484,36.150882720947266,33.688323974609375,213532
2016-02-25,36.679805755615234,37.64567184448242,35.66794967651367,36.725799560546875,34.22407913208008,221520
2016-02-26,37.5076904296875,37.57667922973633,35.690948486328125,36.17387771606445,33.70975875854492,85918
2016-02-29,35.48397445678711,36.54182434082031,34.95505142211914,35.437984466552734,33.02399444580078,149395
2016-03-01,36.311859130859375,38.956485748291016,35.66794967651367,38.10560607910156,35.5098991394043,260406
2016-03-02,38.72651672363281,40.56625747680664,37.024757385253906,38.496551513671875,35.87421417236328,298383
2016-03-03,38.58853530883789,42.31401062011719,37.71466064453125,41.716094970703125,38.87445068359375,756487
2016-03-04,41.02619171142578,42.52098083496094,40.01433563232422,41.07218551635742,38.27440643310547,465602
2016-03-08,41.27915573120117,42.130035400390625,40.01433563232422,41.34814453125,38.53156280517578,158752
2016-03-09,41.716094970703125,42.084041595458984,40.47426986694336,41.716094970703125,38.87445068359375,281389
2016-03-10,42.038047790527344,42.72795104980469,41.23316192626953,41.762088775634766,38.91730499267578,364040
2016-03-11,42.0610466003418,42.543975830078125,40.63524627685547,41.07218551635742,38.27440643310547,237970
2016-03-14,41.670101165771484,42.543975830078125,40.49726486206055,40.70423889160156,37.931522369384766,203633
2016-03-15,40.26729965209961,41.1641731262207,40.06032943725586,40.19831085205078,37.46005630493164,158789
2016-03-16,40.35928726196289,40.65824508666992,39.14045715332031,39.738372802734375,37.03144454956055,109193
2016-03-17,40.01433563232422,41.256160736083984,39.66938400268555,39.96834182739258,37.24574279785156,192214
2016-03-18,40.12931823730469,40.47426986694336,39.50840759277344,39.738372802734375,37.03144454956055,86888
2016-03-21,40.17531204223633,41.5781135559082,39.55440139770508,41.18716812133789,38.38154983520508,246452
2016-03-22,41.02619171142578,41.27915573120117,40.31329345703125,40.95719909667969,38.1672477722168,185900
2016-03-23,40.72723388671875,41.21016311645508,39.830360412597656,40.152313232421875,37.41718673706055,79319
2016-03-28,40.42827606201172,40.63524627685547,38.910491943359375,39.04846954345703,36.38853454589844,72849
2016-03-29,39.3934211730957,39.60039138793945,37.73765563964844,37.89863586425781,35.3170280456543,172794
2016-03-30,39.09446334838867,40.84221649169922,38.910491943359375,40.1063232421875,37.374332427978516,321686
2016-03-31,40.037330627441406,44.843650817871094,39.439414978027344,42.222023010253906,39.345909118652344,803572
2016-04-01,42.10703659057617,42.86593246459961,41.09518051147461,41.73908996582031,38.89588165283203,214332
2016-04-04,42.176029205322266,43.69381332397461,41.85407257080078,42.77394485473633,39.8602409362793,284668
2016-04-05,42.4059944152832,42.428993225097656,41.04918670654297,41.37114334106445,38.55299377441406,112078
2016-04-06,42.084041595458984,42.658958435058594,40.68124008178711,42.382999420166016,39.49592208862305,316733
2016-04-07,42.31401062011719,45.9015007019043,41.624107360839844,44.24573516845703,41.231773376464844,1166441
2016-04-08,44.567691802978516,47.235313415527344,43.83179473876953,46.1314697265625,42.989051818847656,460217
2016-04-11,46.9593505859375,47.833229064941406,45.303585052490234,46.68339157104492,43.50338363647461,472342
2016-04-12,46.98234939575195,48.98306655883789,45.809513092041016,47.71824264526367,44.467735290527344,653277
2016-04-13,48.17818069458008,48.93707275390625,47.30430221557617,47.92521667480469,44.66061782836914,389663
2016-04-18,48.201175689697266,48.29316329956055,46.63739776611328,47.741241455078125,44.489166259765625,282281
2016-04-20,46.91335678100586,48.13218688964844,44.843650817871094,46.49941635131836,43.33193588256836,848996
2016-04-21,46.9593505859375,47.1893196105957,45.303585052490234,45.99348831176758,42.8604736328125,259728
2016-04-22,45.763519287109375,46.91335678100586,45.0736198425293,45.648536682128906,42.53901290893555,254492
2016-04-25,45.53355407714844,45.970489501953125,44.820655822753906,45.57954788208008,42.474727630615234,148599
2016-04-26,45.21159744262695,46.36143493652344,44.682674407958984,45.57954788208008,42.474727630615234,165508
2016-04-27,45.87850570678711,46.3154411315918,44.935638427734375,45.303585052490234,42.217559814453125,235228
2016-04-28,45.78651809692383,45.78651809692383,43.73980712890625,44.13075256347656,41.1246223449707,95622
2016-04-29,44.222740173339844,44.613685607910156,41.624107360839844,42.8889274597168,39.96738815307617,178934
2016-05-02,42.77394485473633,43.27987289428711,41.923065185546875,42.750946044921875,39.83880615234375,163979
2016-05-03,43.57883071899414,43.57883071899414,42.084041595458984,42.543975830078125,39.645938873291016,123323
2016-05-04,42.245018005371094,42.451988220214844,41.04918670654297,41.37114334106445,38.55299377441406,82226
2016-05-05,41.509124755859375,41.877071380615234,40.86521530151367,41.30215072631836,38.488704681396484,93995
2016-05-06,41.21016311645508,41.716094970703125,40.42827606201172,40.58925247192383,37.824363708496094,79691
2016-05-09,41.30215072631836,41.48612594604492,40.520263671875,40.84221649169922,38.060096740722656,59217
2016-05-10,41.11817932128906,43.18788528442383,41.11817932128906,41.831077575683594,38.981597900390625,196132
2016-05-11,41.18716812133789,41.90006637573242,40.9342041015625,41.256160736083984,38.44584274291992,76282
2016-05-12,41.808082580566406,43.118896484375,41.02619171142578,42.15303039550781,39.281620025634766,209716
2016-05-13,41.85407257080078,43.14189147949219,41.34814453125,42.382999420166016,39.49592208862305,209338
2016-05-16,42.10703659057617,43.78580093383789,41.44013214111328,43.34886169433594,40.3959846496582,300101
2016-05-17,43.83179473876953,44.774662017822266,43.23387908935547,44.13075256347656,41.1246223449707,192327
2016-05-18,44.13075256347656,44.13075256347656,43.02690887451172,43.27987289428711,40.331703186035156,89008
2016-05-19,43.14189147949219,48.0172004699707,42.911922454833984,45.717525482177734,42.603302001953125,1331653
2016-05-20,46.45342254638672,49.12104415893555,46.43042755126953,46.9593505859375,43.76054000854492,1189801
2016-05-23,47.580265045166016,48.17818069458008,44.843650817871094,45.74052429199219,42.62473678588867,252774
2016-05-24,45.809513092041016,46.15446472167969,42.68195724487305,43.41785430908203,40.460289001464844,263869
2016-05-25,44.15374755859375,45.303585052490234,43.50983810424805,44.636680603027344,41.596092224121094,339835
2016-05-26,45.050621032714844,45.99348831176758,44.15374755859375,45.0736198425293,42.003265380859375,246863
2016-05-27,45.464561462402344,45.99348831176758,44.843650817871094,45.441566467285156,42.34613800048828,189859
2016-05-30,45.53355407714844,47.488277435302734,44.49869918823242,45.21159744262695,42.1318359375,321025
2016-05-31,45.83251190185547,46.68339157104492,44.613685607910156,45.763519287109375,42.64616775512695,351997
2016-06-01,45.99348831176758,47.25830841064453,45.349578857421875,45.87850570678711,42.75331497192383,250850
2016-06-02,46.24645233154297,46.45342254638672,44.774662017822266,46.10847091674805,42.96762466430664,217530
2016-06-03,46.24645233154297,47.787235260009766,45.21159744262695,47.028343200683594,43.8248291015625,568443
2016-06-06,47.30430221557617,47.71824264526367,46.03948211669922,46.43042755126953,43.267642974853516,156163
2016-06-07,46.86736297607422,47.235313415527344,46.03948211669922,46.38443374633789,43.22478485107422,144061
2016-06-08,46.72938537597656,51.627689361572266,46.72938537597656,50.89179611206055,47.42510986328125,2719871
2016-06-09,50.914791107177734,52.43257522583008,50.638832092285156,51.581695556640625,48.068016052246094,901625
2016-06-10,51.85765838623047,54.226322174072266,51.627689361572266,53.74338912963867,50.08245849609375,1091919
2016-06-13,53.78938674926758,54.73225021362305,52.45557403564453,54.24931716918945,50.55392074584961,1356676
2016-06-14,54.77824401855469,55.76710510253906,48.75309753417969,49.3280143737793,45.96785354614258,1979678
2016-06-15,50.13290023803711,51.5127067565918,49.3280143737793,49.90293502807617,46.50360870361328,679683
2016-06-16,49.83394241333008,49.83394241333008,47.373294830322266,48.43114471435547,45.132076263427734,446867
2016-06-17,48.75309753417969,49.5579833984375,47.00534439086914,47.41928482055664,44.189144134521484,295965
2016-06-20,46.08547592163086,48.93707275390625,46.08547592163086,47.97120666503906,44.703468322753906,328755
2016-06-21,48.68410873413086,51.74267578125,48.29316329956055,50.56983947753906,47.12508773803711,992518
2016-06-22,50.960784912109375,52.11062240600586,48.316158294677734,49.19003677368164,45.839271545410156,811327
2016-06-23,49.62697219848633,49.90293502807617,47.71824264526367,48.408145904541016,45.11064147949219,338373
2016-06-24,46.47642135620117,49.42000198364258,44.29172897338867,49.09804916381836,45.75354766845703,832056
2016-06-27,49.74195861816406,51.23674774169922,48.155181884765625,50.247886657714844,46.82506561279297,539574
2016-06-28,50.707820892333984,51.167755126953125,49.25902557373047,50.47785186767578,47.03936767578125,341902
2016-06-29,51.23674774169922,52.43257522583008,50.293880462646484,51.581695556640625,48.068016052246094,673928
2016-06-30,52.27159881591797,52.846519470214844,51.5127067565918,51.880653381347656,48.34660339355469,467222
2016-07-01,52.24860382080078,52.24860382080078,50.98378372192383,51.19075012207031,47.70370101928711,192038
2016-07-04,51.74267578125,52.36358642578125,50.431861877441406,51.60469436645508,48.08945083618164,317925
2016-07-05,51.30573654174805,52.66254425048828,50.93778610229492,52.31759262084961,48.7537841796875,225353
2016-07-07,52.43257522583008,54.134334564208984,52.13361740112305,52.61655044555664,49.032379150390625,677680
2016-07-08,53.352447509765625,55.05420684814453,52.087623596191406,54.73225021362305,51.00395965576172,1010206
2016-07-11,55.49114227294922,56.25003433227539,54.134334564208984,54.640262603759766,50.918235778808594,382584
2016-07-12,54.50228500366211,54.7552490234375,53.28345489501953,54.088340759277344,50.40391540527344,229695
2016-07-13,54.134334564208984,54.134334564208984,51.60469436645508,52.087623596191406,48.53948211669922,247674
2016-07-14,52.89250946044922,57.33088302612305,52.06462860107422,56.54899215698242,52.69694137573242,1171896
2016-07-15,57.491859436035156,57.88280487060547,53.53641891479492,54.1113395690918,50.42533874511719,1516958
2016-07-18,55.5831298828125,56.02006912231445,53.145477294921875,53.605411529541016,49.953880310058594,530459
2016-07-19,54.45629119873047,54.45629119873047,52.68553924560547,53.398441314697266,49.76100540161133,210384
2016-07-20,54.7552490234375,57.031925201416016,54.1113395690918,55.53713607788086,51.7540168762207,886160
2016-07-21,56.066062927246094,56.571990966796875,53.6284065246582,54.36430358886719,50.66107177734375,359927
2016-07-22,54.686256408691406,56.571990966796875,53.6973991394043,55.07720184326172,51.325408935546875,904741
2016-07-25,55.652122497558594,56.480003356933594,55.28417205810547,55.652122497558594,51.861167907714844,514520
2016-07-26,55.83609390258789,55.859092712402344,52.61655044555664,53.2144660949707,49.589561462402344,398321
2016-07-27,52.52456283569336,54.20332717895508,52.52456283569336,53.237464904785156,49.611000061035156,259917
2016-07-28,53.858375549316406,56.80195617675781,53.858375549316406,55.95107650756836,52.13976287841797,1554476
2016-07-29,56.457008361816406,56.663978576660156,54.36430358886719,55.72111129760742,51.92545700073242,645719
2016-08-01,56.29602813720703,56.29602813720703,53.58241271972656,54.15733337402344,50.46820831298828,375233
2016-08-02,55.05420684814453,57.67583465576172,54.73225021362305,57.00893020629883,53.12556076049805,1259693
2016-08-03,56.75596618652344,56.75596618652344,53.42143630981445,53.95036315917969,50.275333404541016,992083
2016-08-04,55.12319564819336,55.83609390258789,47.46527862548828,48.5001335144043,45.19636917114258,1398902
2016-08-05,49.30501937866211,50.454856872558594,47.14332580566406,48.201175689697266,44.91777420043945,480937
2016-08-08,48.59212112426758,50.500850677490234,47.948211669921875,49.46599578857422,46.096435546875,384919
2016-08-09,49.67296600341797,49.67296600341797,46.38443374633789,46.86736297607422,43.6748161315918,189796
2016-08-10,49.39700698852539,49.39700698852539,45.32658386230469,45.556549072265625,42.45329666137695,335077
2016-08-11,45.855506896972656,45.855506896972656,43.3028678894043,43.57883071899414,40.61029815673828,269248
2016-08-12,43.25687789916992,45.11961364746094,42.81993865966797,43.71681213378906,40.73887634277344,281972
2016-08-16,43.57883071899414,44.061763763427734,41.02619171142578,41.34814453125,38.53156280517578,343779
2016-08-17,42.26801681518555,43.87778854370117,40.70423889160156,42.93492126464844,40.01025390625,784924
2016-08-18,43.32586669921875,43.87778854370117,42.842933654785156,43.18788528442383,40.2459831237793,313950
2016-08-19,43.210880279541016,43.96977615356445,42.86593246459961,43.16489028930664,40.22455596923828,221046
2016-08-22,43.32586669921875,43.64781951904297,41.44013214111328,42.222023010253906,39.345909118652344,198291
2016-08-23,42.31401062011719,43.25687789916992,41.969058990478516,42.222023010253906,39.345909118652344,133025
2016-08-24,42.31401062011719,42.77394485473633,41.670101165771484,42.015052795410156,39.15304183959961,188061
2016-08-25,42.31401062011719,43.118896484375,42.31401062011719,42.68195724487305,39.77451705932617,101616
2016-08-26,42.77394485473633,43.64781951904297,41.969058990478516,42.130035400390625,39.260189056396484,98246
2016-08-29,41.69309616088867,42.428993225097656,40.91120910644531,41.04918670654297,38.25297164916992,134399
2016-08-30,41.37114334106445,42.084041595458984,40.84221649169922,41.34814453125,38.53156280517578,117288
2016-08-31,41.624107360839844,43.5328369140625,41.27915573120117,41.509124755859375,38.681575775146484,354193
2016-09-01,41.85407257080078,42.98091506958008,41.21016311645508,41.85407257080078,39.00302505493164,158613
2016-09-02,43.41785430908203,43.41785430908203,42.428993225097656,42.72795104980469,39.8173828125,145907
2016-09-06,43.210880279541016,43.80879592895508,42.428993225097656,42.61296844482422,39.71022415161133,151190
2016-09-07,43.210880279541016,44.15374755859375,42.68195724487305,43.32586669921875,40.37456130981445,220181
2016-09-08,43.34886169433594,43.80879592895508,42.451988220214844,42.81993865966797,39.90309524536133,84129
2016-09-09,44.01576614379883,45.4875602722168,43.62482452392578,44.70566940307617,41.660377502441406,637548
2016-09-12,44.521697998046875,45.74052429199219,42.222023010253906,43.76280212402344,40.78173828125,396673
2016-09-14,44.1767463684082,44.70566940307617,43.32586669921875,43.50983810424805,40.54600524902344,109056
2016-09-15,43.049903869628906,44.15374755859375,42.957916259765625,43.3028678894043,40.353126525878906,101170
2016-09-16,43.23387908935547,44.01576614379883,42.36000442504883,43.210880279541016,40.26741027832031,127170
2016-09-19,42.77394485473633,42.957916259765625,41.90006637573242,42.0610466003418,39.195899963378906,117042
2016-09-20,41.463130950927734,42.957916259765625,41.463130950927734,42.31401062011719,39.648406982421875,85920
2016-09-21,42.15303039550781,44.061763763427734,42.15303039550781,42.911922454833984,40.20865249633789,274660
2016-09-22,43.69381332397461,44.613685607910156,43.09589767456055,43.25687789916992,40.531883239746094,127507
2016-09-23,43.80879592895508,44.10775375366211,41.90006637573242,42.451988220214844,39.77769470214844,159639
2016-09-26,42.52098083496094,42.52098083496094,41.624107360839844,41.73908996582031,39.10971450805664,79237
2016-09-27,41.90006637573242,42.543975830078125,41.1641731262207,41.34814453125,38.74338912963867,113163
2016-09-28,41.53211975097656,42.86593246459961,40.98019790649414,41.716094970703125,39.088165283203125,306393
2016-09-29,42.291011810302734,42.589969635009766,37.5076904296875,39.117462158203125,36.65323257446289,497561
2016-09-30,39.324432373046875,39.784366607666016,38.42755889892578,39.3934211730957,36.911808013916016,173781
2016-10-03,41.39413833618164,42.15303039550781,40.84221649169922,41.27915573120117,38.67874526977539,260473
2016-10-04,41.39413833618164,41.48612594604492,40.49726486206055,40.98019790649414,38.39862060546875,73071
2016-10-05,40.9342041015625,41.624107360839844,40.49726486206055,40.58925247192383,38.03230285644531,163279
2016-10-06,41.256160736083984,41.39413833618164,39.991336822509766,40.63524627685547,38.07539749145508,213034
2016-10-07,40.47426986694336,40.9342041015625,40.12931823730469,40.63524627685547,38.07539749145508,73877
2016-10-10,40.47426986694336,41.11817932128906,40.01433563232422,40.68124008178711,38.118499755859375,105090
2016-10-13,40.08332443237305,41.34814453125,38.9794807434082,39.80736541748047,37.2996711730957,97078
2016-10-14,40.12931823730469,40.12931823730469,38.864498138427734,39.04846954345703,36.58858108520508,106465
2016-10-17,39.738372802734375,39.899349212646484,38.63452911376953,38.77251052856445,36.33000946044922,67196
2016-10-18,39.784366607666016,40.70423889160156,39.34742736816406,40.1063232421875,37.57979965209961,330131
2016-10-19,40.9342041015625,42.038047790527344,40.70423889160156,41.34814453125,38.74338912963867,322132
2016-10-20,40.9342041015625,40.9342041015625,39.60039138793945,39.96834182739258,37.450504302978516,138776
2016-10-21,39.646385192871094,43.55583190917969,39.646385192871094,40.68124008178711,38.118499755859375,75104
2016-10-24,40.70423889160156,41.53211975097656,39.80736541748047,40.037330627441406,37.51515197753906,86636
2016-10-25,40.17531204223633,41.02619171142578,39.34742736816406,39.80736541748047,37.2996711730957,134712
2016-10-26,39.55440139770508,43.41785430908203,39.4624137878418,42.26801681518555,39.60531234741211,665696
2016-10-27,42.31401062011719,42.635963439941406,41.14117431640625,41.463130950927734,38.851131439208984,101007
2016-10-28,41.21016311645508,41.670101165771484,40.47426986694336,40.70423889160156,38.140052795410156,91091
2016-11-01,40.63524627685547,42.19902420043945,40.63524627685547,41.5781135559082,38.9588737487793,83009
2016-11-02,40.61225128173828,41.5781135559082,40.244300842285156,40.42827606201172,37.881473541259766,193436
2016-11-03,40.61225128173828,42.31401062011719,40.244300842285156,40.88821029663086,38.312435150146484,283679
2016-11-04,41.85407257080078,42.68195724487305,39.025474548339844,39.278438568115234,36.80406188964844,251844
2016-11-07,40.84221649169922,40.84221649169922,39.324432373046875,39.439414978027344,36.954898834228516,52283
2016-11-08,39.416419982910156,39.96834182739258,38.63452911376953,39.002479553222656,36.545494079589844,53359
2016-11-09,37.11674499511719,38.54254150390625,32.24143600463867,37.48469161987305,35.123321533203125,120669
2016-11-10,38.17459487915039,40.01433563232422,38.01361846923828,38.84149932861328,36.39464569091797,51620
2016-11-11,37.5076904296875,41.969058990478516,37.5076904296875,39.80736541748047,37.2996711730957,631550
2016-11-15,39.80736541748047,39.830360412597656,37.07075119018555,37.30072021484375,34.95093536376953,80091
2016-11-16,37.30072021484375,38.12860107421875,36.3808479309082,36.610816955566406,34.30449676513672,67289
2016-11-17,35.9669075012207,37.231727600097656,35.46097946166992,35.71394348144531,33.46411895751953,50755
2016-11-18,35.87491989135742,36.311859130859375,35.5529670715332,35.897918701171875,33.63650894165039,36326
2016-11-21,36.426841735839844,36.426841735839844,34.35713577270508,34.61009979248047,32.42981719970703,62804
2016-11-22,35.00104522705078,35.598960876464844,32.97732925415039,33.345279693603516,31.244670867919922,86481
2016-11-23,33.57524490356445,34.81707000732422,31.64352035522461,33.920196533203125,31.783374786376953,330022
2016-11-24,33.57524490356445,34.95505142211914,32.74736404418945,33.27629089355469,31.180025100708008,106130
2016-11-25,33.598243713378906,34.2651481628418,33.391273498535156,33.89720153808594,31.761821746826172,102197
2016-11-28,34.10417175292969,34.72508239746094,33.391273498535156,34.24215316772461,32.08504867553711,78358
2016-11-29,34.4951171875,36.564823150634766,34.47211837768555,35.322998046875,33.097801208496094,224390
2016-11-30,35.41498565673828,37.36970901489258,35.41498565673828,36.54182434082031,34.239845275878906,189368
2016-12-01,37.25472640991211,37.25472640991211,35.41498565673828,35.598960876464844,33.35637664794922,69918
2016-12-02,35.92091369628906,36.150882720947266,34.2651481628418,34.65609359741211,32.47290802001953,98798
2016-12-05,34.219154357910156,34.93205261230469,34.012184143066406,34.15016555786133,31.998851776123047,50063
2016-12-06,34.4951171875,36.219871520996094,34.035179138183594,35.27700424194336,33.05470657348633,74782
2016-12-07,34.72508239746094,35.644954681396484,34.0811767578125,34.633094787597656,32.45135498046875,60508
2016-12-08,35.391990661621094,35.391990661621094,34.035179138183594,34.51811218261719,32.343624114990234,74327
2016-12-09,34.426124572753906,36.7947883605957,34.15016555786133,35.78293228149414,33.52876281738281,276093
2016-12-12,35.7369384765625,36.104888916015625,34.86306381225586,35.00104522705078,32.79612731933594,60571
2016-12-13,34.95505142211914,35.34599685668945,34.72508239746094,34.88606262207031,32.68838882446289,46876
2016-12-14,34.77107620239258,35.04703903198242,33.920196533203125,34.0811767578125,31.934213638305664,34330
2016-12-15,33.94319534301758,34.9090576171875,33.7822151184082,34.012184143066406,31.869565963745117,50598
2016-12-16,34.2651481628418,34.4951171875,32.885345458984375,33.69023132324219,31.567890167236328,73440
2016-12-19,34.4951171875,34.58710479736328,33.4372673034668,33.667232513427734,31.546342849731445,36863
2016-12-20,34.173160552978516,34.40312957763672,33.345279693603516,33.391273498535156,31.28777313232422,33624
2016-12-21,32.90834045410156,34.72508239746094,32.90834045410156,34.19615936279297,32.04195022583008,88005
2016-12-22,34.633094787597656,34.70208740234375,33.506256103515625,33.64423751831055,31.524795532226562,39503
2016-12-23,34.74808120727539,35.00104522705078,33.667232513427734,34.173160552978516,32.0203971862793,66822
2016-12-26,34.47211837768555,34.47211837768555,32.56338882446289,32.60938262939453,30.555133819580078,65707
2016-12-27,33.11531066894531,33.552249908447266,32.24143600463867,32.77035903930664,30.705968856811523,64541
2016-12-28,33.345279693603516,33.57524490356445,32.44840621948242,32.49440002441406,30.4473934173584,40884
2016-12-29,32.586387634277344,34.012184143066406,32.586387634277344,33.828208923339844,31.697179794311523,91517
2016-12-30,33.598243713378906,34.173160552978516,32.81635284423828,33.207298278808594,31.115385055541992,78876
2017-01-02,33.69023132324219,34.58710479736328,33.23029327392578,34.2651481628418,32.10659408569336,57160
2017-01-03,34.77107620239258,36.886775970458984,34.4951171875,36.311859130859375,34.02436828613281,343450
2017-01-04,36.357852935791016,36.54182434082031,34.81707000732422,35.27700424194336,33.05470657348633,142476
2017-01-05,35.5529670715332,35.82892608642578,34.79407501220703,35.27700424194336,33.05470657348633,72538
2017-01-06,35.30000305175781,37.66866683959961,35.09303283691406,36.472835540771484,34.175209045410156,258036
2017-01-09,37.25472640991211,38.58853530883789,37.25472640991211,37.64567184448242,35.2741584777832,171674
2017-01-10,37.66866683959961,38.28957748413086,36.840782165527344,37.093746185302734,34.75699996948242,141833
2017-01-11,37.32371520996094,38.58853530883789,37.25472640991211,37.36970901489258,35.01557922363281,266846
2017-01-12,37.89863586425781,37.89863586425781,36.817787170410156,37.024757385253906,34.692359924316406,61754
2017-01-13,36.95576858520508,37.71466064453125,36.840782165527344,37.185733795166016,34.84319305419922,36976
2017-01-16,38.51954650878906,38.51954650878906,37.48469161987305,38.01361846923828,35.618927001953125,334938
2017-01-17,39.55440139770508,39.55440139770508,38.08260726928711,38.42755889892578,36.00678634643555,318210
2017-01-18,38.17459487915039,38.79550552368164,37.64567184448242,37.80664825439453,35.424991607666016,105978
2017-01-19,38.42755889892578,38.450557708740234,37.48469161987305,37.59967803955078,35.23106384277344,45828
2017-01-20,37.57667922973633,37.85264205932617,36.265865325927734,36.633811950683594,34.3260383605957,55527
2017-01-23,36.840782165527344,37.71466064453125,36.104888916015625,36.886775970458984,34.56306838989258,51631
2017-01-24,37.16273880004883,37.46169662475586,36.886775970458984,37.11674499511719,34.77854919433594,25281
2017-01-25,37.25472640991211,39.76137161254883,36.8637809753418,37.99061965942383,35.597373962402344,543009
2017-01-27,38.1515998840332,39.30143737792969,37.85264205932617,38.3355712890625,35.920597076416016,157765
2017-01-30,38.35857009887695,39.232444763183594,37.76065444946289,38.42755889892578,36.00678634643555,129229
2017-01-31,38.24358367919922,38.58853530883789,37.16273880004883,37.41570281982422,35.058677673339844,56934
2017-02-01,37.55368423461914,38.17459487915039,36.7947883605957,37.73765563964844,35.360347747802734,46739
2017-02-02,38.12860107421875,38.12860107421875,37.07075119018555,37.57667922973633,35.20950698852539,54757
2017-02-03,37.57667922973633,38.818504333496094,37.04775619506836,37.73765563964844,35.360347747802734,112472
2017-02-06,38.08260726928711,39.232444763183594,37.80664825439453,38.5655403137207,36.13607406616211,204670
2017-02-07,38.63452911376953,38.956485748291016,37.71466064453125,37.80664825439453,35.424991607666016,63587
2017-02-08,37.438697814941406,38.72651672363281,37.438697814941406,38.22058868408203,35.81285858154297,71497
2017-02-09,38.31257629394531,38.58853530883789,37.76065444946289,38.03661346435547,35.640472412109375,38327
2017-02-10,38.404563903808594,39.439414978027344,37.89863586425781,38.77251052856445,36.33000946044922,183149
2017-02-13,38.77251052856445,39.18645095825195,37.36970901489258,37.76065444946289,35.38189697265625,89538
2017-02-14,38.17459487915039,38.17459487915039,33.57524490356445,35.851924896240234,33.59340286254883,257575
2017-02-15,36.33485412597656,36.33485412597656,34.33414077758789,34.4951171875,32.32207489013672,91662
2017-02-16,35.07003402709961,36.08189010620117,34.4951171875,35.16202163696289,32.94696044921875,110689
2017-02-17,35.18501663208008,35.690948486328125,34.95505142211914,35.11602783203125,32.90386962890625,60328
2017-02-20,36.104888916015625,36.65681076049805,35.07003402709961,35.41498565673828,33.183990478515625,170663
2017-02-21,35.598960876464844,35.98990249633789,35.391990661621094,35.5529670715332,33.31328582763672,48165
2017-02-22,35.690948486328125,35.9669075012207,35.00104522705078,35.11602783203125,32.90386962890625,64852
2017-02-23,35.322998046875,35.34599685668945,34.72508239746094,34.86306381225586,32.66684341430664,36968
2017-02-27,35.20801544189453,35.20801544189453,34.6790885925293,34.77107620239258,32.58065414428711,19287
2017-02-28,34.6790885925293,39.55440139770508,34.58710479736328,37.62267303466797,35.25260543823242,1148260
2017-03-01,37.94462966918945,38.450557708740234,37.2777214050293,37.48469161987305,35.123321533203125,253442
2017-03-02,37.85264205932617,37.96762466430664,35.41498565673828,35.644954681396484,33.399478912353516,151434
2017-03-03,35.644954681396484,36.886775970458984,35.644954681396484,36.311859130859375,34.02436828613281,142041
2017-03-06,36.7947883605957,38.17459487915039,36.7947883605957,37.16273880004883,34.82164764404297,169010
2017-03-07,37.41570281982422,37.41570281982422,35.87491989135742,36.17387771606445,33.89508056640625,79050
2017-03-08,36.33485412597656,36.472835540771484,35.87491989135742,36.196876525878906,33.9166259765625,34883
2017-03-09,35.897918701171875,36.95576858520508,35.897918701171875,36.12788391113281,33.85198211669922,78289
2017-03-10,37.16273880004883,37.25472640991211,36.311859130859375,36.518829345703125,34.218299865722656,73271
2017-03-14,37.85264205932617,38.58853530883789,36.978763580322266,37.2777214050293,34.929386138916016,159087
2017-03-15,37.53068542480469,38.17459487915039,36.840782165527344,37.46169662475586,35.10177230834961,160961
2017-03-16,37.80664825439453,39.853355407714844,37.80664825439453,38.93348693847656,36.48084259033203,491119
2017-03-17,39.531402587890625,41.27915573120117,39.531402587890625,40.26729965209961,37.730628967285156,1091776
2017-03-20,40.520263671875,42.635963439941406,40.244300842285156,41.1641731262207,38.571006774902344,583634
2017-03-21,41.34814453125,41.39413833618164,39.646385192871094,40.1063232421875,37.57979965209961,159400
2017-03-22,39.55440139770508,40.22130584716797,39.163455963134766,39.439414978027344,36.954898834228516,137497
2017-03-23,39.830360412597656,41.02619171142578,39.324432373046875,40.405277252197266,37.85991287231445,390772
2017-03-24,40.35928726196289,40.84221649169922,39.692378997802734,39.8763542175293,37.364315032958984,116883
2017-03-27,40.19831085205078,41.256160736083984,39.899349212646484,40.244300842285156,37.70907974243164,364534
2017-03-28,40.98019790649414,41.716094970703125,39.692378997802734,40.037330627441406,37.51515197753906,142670
2017-03-29,40.47426986694336,41.32514953613281,40.06032943725586,40.12931823730469,37.601341247558594,299359
2017-03-30,40.42827606201172,41.07218551635742,40.037330627441406,40.22130584716797,37.68753433227539,217426
2017-03-31,40.38228225708008,40.54325866699219,39.8763542175293,39.991336822509766,37.47205352783203,66518
2017-04-03,40.47426986694336,40.88821029663086,40.1063232421875,40.26729965209961,37.730628967285156,64800
2017-04-05,40.65824508666992,41.9920539855957,40.152313232421875,41.417137145996094,38.80803680419922,447274
2017-04-06,41.831077575683594,41.831077575683594,40.9342041015625,41.27915573120117,38.67874526977539,66122
2017-04-07,41.5781135559082,42.015052795410156,40.06032943725586,40.42827606201172,37.881473541259766,163162
2017-04-10,40.70423889160156,40.72723388671875,39.416419982910156,39.899349212646484,37.385860443115234,90817
2017-04-11,39.692378997802734,41.1641731262207,39.18645095825195,40.68124008178711,38.118499755859375,204248
2017-04-12,40.49726486206055,40.88821029663086,39.60039138793945,40.08332443237305,37.55824661254883,85046
2017-04-13,39.830360412597656,41.624107360839844,39.784366607666016,40.47426986694336,37.924564361572266,264680
2017-04-17,40.06032943725586,40.84221649169922,40.06032943725586,40.42827606201172,37.881473541259766,91043
2017-04-18,40.70423889160156,41.30215072631836,39.8763542175293,39.991336822509766,37.47205352783203,121171
2017-04-19,40.47426986694336,40.47426986694336,39.370426177978516,40.2902946472168,37.75218200683594,97768
2017-04-20,40.152313232421875,41.39413833618164,40.12931823730469,41.23316192626953,38.63565444946289,127402
2017-04-21,42.0610466003418,43.09589767456055,41.21016311645508,41.877071380615234,39.23899459838867,426195
2017-04-24,42.750946044921875,42.8889274597168,41.39413833618164,41.762088775634766,39.131256103515625,140926
2017-04-25,42.61296844482422,42.61296844482422,41.417137145996094,41.509124755859375,38.894229888916016,63819
2017-04-26,41.53211975097656,42.957916259765625,40.58925247192383,41.27915573120117,38.67874526977539,272347
2017-04-27,41.39413833618164,41.85407257080078,40.70423889160156,41.04918670654297,38.4632682800293,61956
2017-04-28,41.5781135559082,41.5781135559082,40.405277252197266,40.61225128173828,38.053855895996094,58658
2017-05-02,40.9342041015625,41.73908996582031,40.2902946472168,40.47426986694336,37.924564361572266,185267
2017-05-03,41.003196716308594,41.003196716308594,39.8763542175293,40.1063232421875,37.57979965209961,62465
2017-05-04,40.1063232421875,40.38228225708008,39.60039138793945,39.853355407714844,37.3427734375,91119
2017-05-05,39.692378997802734,41.39413833618164,39.692378997802734,40.19831085205078,37.66599655151367,301740
2017-05-08,40.91120910644531,42.26801681518555,40.47426986694336,41.18716812133789,38.592552185058594,341828
2017-05-09,40.72723388671875,41.39413833618164,40.520263671875,40.68124008178711,38.118499755859375,70616
2017-05-10,40.70423889160156,41.670101165771484,40.70423889160156,41.18716812133789,38.592552185058594,125463
2017-05-11,41.39413833618164,41.624107360839844,40.12931823730469,40.65824508666992,38.096946716308594,75275
2017-05-12,40.47426986694336,40.79622268676758,40.037330627441406,40.12931823730469,37.601341247558594,60862
2017-05-15,40.47426986694336,40.86521530151367,40.037330627441406,40.31329345703125,37.77372741699219,38340
2017-05-16,40.244300842285156,42.084041595458984,40.244300842285156,41.11817932128906,38.52790832519531,206746
2017-05-17,40.9342041015625,41.78508377075195,40.70423889160156,40.95719909667969,38.3770751953125,48922
2017-05-18,41.39413833618164,42.130035400390625,40.56625747680664,40.72723388671875,38.16159439086914,275208
2017-05-19,41.37114334106445,41.39413833618164,39.830360412597656,40.12931823730469,37.601341247558594,52868
2017-05-22,40.47426986694336,40.9342041015625,39.55440139770508,39.623390197753906,37.12728500366211,44041
2017-05-23,39.8763542175293,40.1063232421875,37.25472640991211,38.3355712890625,35.920597076416016,63913
2017-05-24,39.09446334838867,39.09446334838867,36.8637809753418,37.024757385253906,34.692359924316406,58780
2017-05-25,37.231727600097656,37.94462966918945,36.90977478027344,37.76065444946289,35.38189697265625,37764
2017-05-26,38.12860107421875,38.5655403137207,37.55368423461914,37.82964324951172,35.44654083251953,51663
2017-05-29,37.71466064453125,37.71466064453125,35.87491989135742,36.058895111083984,33.78733825683594,63635
2017-05-30,35.92091369628906,36.265865325927734,34.44912338256836,34.95505142211914,32.75303649902344,94593
2017-05-31,35.322998046875,36.3808479309082,35.1390266418457,35.50697326660156,33.27018356323242,60839
2017-06-01,36.104888916015625,37.024757385253906,35.78293228149414,36.311859130859375,34.02436828613281,71786
2017-06-02,36.3808479309082,42.222023010253906,35.66794967651367,41.44013214111328,38.8295783996582,860719
2017-06-05,41.39413833618164,41.39413833618164,39.60039138793945,39.71537780761719,37.213478088378906,96952
2017-06-06,39.784366607666016,40.2902946472168,38.42755889892578,38.910491943359375,36.45930099487305,82579
2017-06-07,39.3934211730957,39.80736541748047,37.94462966918945,39.416419982910156,36.933353424072266,89116
2017-06-08,39.50840759277344,40.19831085205078,38.703521728515625,38.956485748291016,36.50239562988281,26471
2017-06-09,39.09446334838867,40.01433563232422,38.88749313354492,39.04846954345703,36.58858108520508,51263
2017-06-12,38.956485748291016,39.96834182739258,38.68052291870117,39.209449768066406,36.73942565917969,36761
2017-06-13,38.864498138427734,39.738372802734375,38.72651672363281,38.88749313354492,36.43775177001953,28419
2017-06-14,39.4624137878418,39.4624137878418,38.450557708740234,38.51954650878906,36.09298324584961,38648
2017-06-15,39.002479553222656,39.30143737792969,38.63452911376953,38.703521728515625,36.26536178588867,14349
2017-06-16,38.42755889892578,39.991336822509766,38.42755889892578,39.324432373046875,36.847164154052734,121167
2017-06-19,39.784366607666016,40.56625747680664,39.117462158203125,39.50840759277344,37.01954650878906,164358
2017-06-20,39.96834182739258,44.5906867980957,39.209449768066406,43.16489028930664,40.4456901550293,1502595
2017-06-21,42.957916259765625,44.774662017822266,42.382999420166016,42.750946044921875,40.057823181152344,1010084
2017-06-22,42.86593246459961,43.09589767456055,40.79622268676758,40.98019790649414,38.39862060546875,249370
2017-06-23,41.14117431640625,41.23316192626953,39.55440139770508,39.96834182739258,37.450504302978516,78856
2017-06-27,40.47426986694336,40.68124008178711,38.77251052856445,39.04846954345703,36.58858108520508,72888
2017-06-28,39.09446334838867,40.45127487182617,38.910491943359375,39.50840759277344,37.01954650878906,124661
2017-06-29,40.47426986694336,40.9342041015625,40.01433563232422,40.61225128173828,38.053855895996094,165634
2017-06-30,40.70423889160156,42.497982025146484,40.70423889160156,41.39413833618164,38.78648376464844,1078022
2017-07-03,41.509124755859375,41.808082580566406,40.70423889160156,40.81922149658203,38.24778366088867,279633
2017-07-04,40.98019790649414,41.21016311645508,40.01433563232422,40.152313232421875,37.62289047241211,125417
2017-07-05,40.520263671875,41.14117431640625,39.76137161254883,40.037330627441406,37.51515197753906,225214
2017-07-06,40.42827606201172,40.68124008178711,39.8763542175293,40.01433563232422,37.49361038208008,159222
2017-07-07,39.92234802246094,41.09518051147461,39.853355407714844,40.01433563232422,37.49361038208008,317353
2017-07-10,40.70423889160156,41.07218551635742,40.38228225708008,41.003196716308594,38.420169830322266,77637
2017-07-11,41.5781135559082,41.69309616088867,40.01433563232422,40.08332443237305,37.55824661254883,150166
2017-07-12,40.2902946472168,44.15374755859375,40.2902946472168,42.72795104980469,40.036277770996094,536730
2017-07-13,44.15374755859375,45.0736198425293,42.10703659057617,42.4059944152832,39.73460006713867,739422
2017-07-14,42.4059944152832,43.23387908935547,41.11817932128906,41.48612594604492,38.872676849365234,147062
2017-07-17,41.09518051147461,41.85407257080078,40.77322769165039,40.88821029663086,38.312435150146484,89923
2017-07-18,40.9342041015625,40.98019790649414,40.06032943725586,40.22130584716797,37.68753433227539,125798
2017-07-19,40.47426986694336,41.003196716308594,40.152313232421875,40.26729965209961,37.730628967285156,91004
2017-07-20,40.17531204223633,40.72723388671875,40.08332443237305,40.152313232421875,37.62289047241211,61319
2017-07-21,40.17531204223633,41.30215072631836,40.037330627441406,40.152313232421875,37.62289047241211,164340
2017-07-24,40.244300842285156,40.63524627685547,39.623390197753906,39.738372802734375,37.23502731323242,86647
2017-07-25,40.01433563232422,42.0610466003418,39.60039138793945,40.520263671875,37.96766662597656,575618
2017-07-26,39.92234802246094,40.72723388671875,39.92234802246094,39.991336822509766,37.47205352783203,92099
2017-07-27,40.33628845214844,40.58925247192383,39.646385192871094,39.738372802734375,37.23502731323242,74649
2017-07-28,39.324432373046875,40.1063232421875,39.324432373046875,39.66938400268555,37.170387268066406,134321
2017-07-31,39.784366607666016,40.152313232421875,39.18645095825195,39.4624137878418,36.9764518737793,50513
2017-08-01,39.92234802246094,39.92234802246094,38.910491943359375,39.117462158203125,36.65323257446289,57538
2017-08-02,39.324432373046875,39.784366607666016,38.47355270385742,38.63452911376953,36.20072555541992,47878
2017-08-03,39.002479553222656,39.002479553222656,37.39270782470703,37.438697814941406,35.08021926879883,61967
2017-08-04,38.3355712890625,39.439414978027344,38.26658248901367,38.818504333496094,36.37310791015625,266848
2017-08-07,39.92234802246094,40.22130584716797,38.22058868408203,38.496551513671875,36.071434020996094,98242
2017-08-08,38.63452911376953,39.09446334838867,37.53068542480469,37.71466064453125,35.33879470825195,55588
2017-08-09,37.66866683959961,37.66866683959961,36.49583435058594,36.886775970458984,34.56306838989258,71844
2017-08-10,36.7947883605957,36.7947883605957,34.035179138183594,34.9090576171875,32.709938049316406,88027
2017-08-11,34.44912338256836,34.4951171875,30.815637588500977,34.127166748046875,31.9773006439209,108654
2017-08-14,34.86306381225586,35.851924896240234,33.57524490356445,34.6790885925293,32.49445724487305,64867
2017-08-16,34.77107620239258,36.58781814575195,34.74808120727539,35.62195587158203,33.3779296875,93489
2017-08-17,35.7369384765625,36.24287033081055,34.77107620239258,35.30000305175781,33.07625198364258,67218
2017-08-18,35.18501663208008,35.18501663208008,34.51811218261719,34.86306381225586,32.66684341430664,42112
2017-08-21,34.86306381225586,35.41498565673828,33.667232513427734,34.0811767578125,31.934213638305664,55338
2017-08-22,34.84006881713867,34.84006881713867,33.207298278808594,33.48325729370117,31.373960494995117,41955
2017-08-23,34.81707000732422,35.48397445678711,34.035179138183594,34.44912338256836,32.27897262573242,168802
2017-08-24,34.4951171875,34.72508239746094,33.57524490356445,33.805213928222656,31.675628662109375,41871
2017-08-28,34.05817794799805,34.6790885925293,33.4372673034668,34.33414077758789,32.171241760253906,73858
2017-08-29,34.035179138183594,38.58853530883789,33.713226318359375,35.690948486328125,33.442569732666016,1290476
2017-08-30,36.03589630126953,38.910491943359375,34.56410598754883,35.7369384765625,33.48566818237305,165634
2017-08-31,35.87491989135742,37.78364944458008,35.41498565673828,36.012901306152344,33.744239807128906,428154
2017-09-01,36.012901306152344,37.48469161987305,35.943912506103516,36.886775970458984,34.56306838989258,266781
2017-09-04,37.25472640991211,37.25472640991211,35.98990249633789,36.104888916015625,33.83043670654297,87084
2017-09-05,36.196876525878906,37.20873260498047,35.9669075012207,36.058895111083984,33.78733825683594,125100
2017-09-06,36.08189010620117,36.7947883605957,35.644954681396484,36.104888916015625,33.83043670654297,233967
2017-09-07,36.104888916015625,37.73765563964844,36.104888916015625,36.817787170410156,34.4984245300293,249546
2017-09-08,37.11674499511719,37.11674499511719,35.82892608642578,35.92091369628906,33.65805435180664,82113
2017-09-11,36.24287033081055,36.725799560546875,35.322998046875,35.644954681396484,33.399478912353516,132451
2017-09-12,35.87491989135742,36.518829345703125,35.27700424194336,35.437984466552734,33.20554733276367,419896
2017-09-13,35.48397445678711,35.66794967651367,34.6790885925293,34.81707000732422,32.623741149902344,149751
2017-09-14,35.07003402709961,35.46097946166992,34.79407501220703,35.27700424194336,33.05470657348633,62037
2017-09-15,35.27700424194336,35.75993728637695,34.95505142211914,35.18501663208008,32.968509674072266,67766
2017-09-18,35.690948486328125,35.9669075012207,35.07003402709961,35.23101043701172,33.0116081237793,105132
2017-09-19,35.34599685668945,35.34599685668945,34.9090576171875,34.95505142211914,32.968231201171875,44154
2017-09-20,35.09303283691406,36.74879837036133,34.9090576171875,35.391990661621094,33.38033676147461,188698
2017-09-21,35.7369384765625,35.7369384765625,34.56410598754883,34.72508239746094,32.7513313293457,71612
2017-09-22,34.633094787597656,34.633094787597656,33.391273498535156,33.7822151184082,31.8620548248291,77445
2017-09-25,33.57524490356445,34.035179138183594,32.01146697998047,33.805213928222656,31.88374900817871,245808
2017-09-26,34.035179138183594,34.93205261230469,33.48325729370117,34.035179138183594,32.100643157958984,261708
2017-09-27,34.4951171875,34.74808120727539,32.97732925415039,33.138309478759766,31.25475311279297,73558
2017-09-28,33.32228088378906,33.48325729370117,32.47140121459961,33.27629089355469,31.3848876953125,61156
2017-09-29,33.805213928222656,34.31114196777344,33.02332305908203,33.27629089355469,31.3848876953125,72949
2017-10-03,33.920196533203125,34.012184143066406,33.138309478759766,33.23029327392578,31.341508865356445,43234
2017-10-04,33.759220123291016,33.7822151184082,33.345279693603516,33.391273498535156,31.493343353271484,51709
2017-10-05,33.57524490356445,34.426124572753906,33.11531066894531,33.32228088378906,31.428266525268555,160070
2017-10-06,33.667232513427734,34.19615936279297,33.391273498535156,33.7822151184082,31.8620548248291,70916
2017-10-09,33.920196533203125,34.633094787597656,33.713226318359375,34.035179138183594,32.100643157958984,88532
2017-10-10,34.6790885925293,38.496551513671875,34.6790885925293,37.36970901489258,35.24563980102539,1360079
2017-10-11,37.99061965942383,38.818504333496094,34.65609359741211,36.12788391113281,34.07440185546875,306362
2017-10-12,36.33485412597656,36.70280456542969,35.46097946166992,35.82892608642578,33.79243850708008,84655
2017-10-13,35.897918701171875,37.89863586425781,35.11602783203125,36.357852935791016,34.291297912597656,469751
2017-10-16,36.403846740722656,37.16273880004883,35.644954681396484,35.98990249633789,33.94425964355469,86120
2017-10-17,36.03589630126953,36.978763580322266,35.7369384765625,35.9669075012207,33.92257308959961,223901
2017-10-18,36.058895111083984,37.04775619506836,35.437984466552734,36.4498405456543,34.37805938720703,196910
2017-10-19,36.564823150634766,36.771793365478516,35.50697326660156,36.012901306152344,33.9659538269043,50726
2017-10-23,36.104888916015625,38.63452911376953,36.104888916015625,37.73765563964844,35.59267807006836,857993
2017-10-24,38.05961227416992,39.92234802246094,37.30072021484375,38.68052291870117,36.48194885253906,740707
2017-10-25,39.025474548339844,39.232444763183594,37.07075119018555,37.36970901489258,35.24563980102539,223279
2017-10-26,37.6916618347168,37.94462966918945,36.7947883605957,36.932769775390625,34.83353805541992,140719
2017-10-27,36.95576858520508,37.53068542480469,36.33485412597656,36.403846740722656,34.33467483520508,135723
2017-10-30,36.7947883605957,37.99061965942383,36.633811950683594,37.00176239013672,34.89860534667969,173100
2017-10-31,37.20873260498047,37.66866683959961,36.564823150634766,36.886775970458984,34.790157318115234,110865
2017-11-01,36.932769775390625,37.66866683959961,36.58781814575195,36.817787170410156,34.72509002685547,167891
2017-11-02,36.90977478027344,38.84149932861328,36.564823150634766,37.32371520996094,35.202266693115234,568365
2017-11-03,37.32371520996094,38.1515998840332,36.817787170410156,37.62267303466797,35.48422622680664,211301
2017-11-06,37.438697814941406,40.244300842285156,37.231727600097656,39.071468353271484,36.85067367553711,1043212
2017-11-07,39.55440139770508,40.47426986694336,37.78364944458008,37.96762466430664,35.8095703125,414397
2017-11-08,38.611534118652344,38.63452911376953,37.024757385253906,37.2777214050293,35.158878326416016,111126
2017-11-09,37.41570281982422,38.404563903808594,36.610816955566406,37.231727600097656,35.11550521850586,119445
2017-11-10,37.25472640991211,38.63452911376953,37.024757385253906,37.20873260498047,35.093814849853516,179388
2017-11-13,37.64567184448242,37.66866683959961,36.058895111083984,36.219871520996094,34.16115951538086,120523
2017-11-14,36.196876525878906,37.66866683959961,36.058895111083984,36.8637809753418,34.768470764160156,90960
2017-11-15,36.725799560546875,36.817787170410156,35.322998046875,35.75993728637695,33.72737121582031,94069
2017-11-16,36.196876525878906,36.49583435058594,35.690948486328125,35.82892608642578,33.79243850708008,51215
2017-11-17,36.24287033081055,40.84221649169922,35.87491989135742,40.42827606201172,38.130367279052734,1709052
2017-11-20,40.98019790649414,43.23387908935547,40.49726486206055,41.37114334106445,39.01963424682617,3279570
2017-11-21,42.176029205322266,42.497982025146484,39.80736541748047,40.45127487182617,38.15205383300781,856129
2017-11-22,40.42827606201172,40.91120910644531,39.14045715332031,39.34742736816406,37.1109504699707,231158
2017-11-23,39.4624137878418,40.81922149658203,39.163455963134766,39.8763542175293,37.60980987548828,384478
2017-11-24,39.8763542175293,40.38228225708008,38.864498138427734,39.09446334838867,36.87236022949219,234587
2017-11-27,39.209449768066406,39.76137161254883,38.749515533447266,38.88749313354492,36.67715835571289,163799
2017-11-28,38.9794807434082,39.853355407714844,38.63452911376953,39.531402587890625,37.28446578979492,599826
2017-11-29,39.945343017578125,40.65824508666992,39.09446334838867,39.71537780761719,37.45798110961914,526072
2017-11-30,39.55440139770508,40.520263671875,39.14045715332031,39.3934211730957,37.154327392578125,243197
2017-12-01,39.738372802734375,40.70423889160156,37.94462966918945,38.38156509399414,36.199981689453125,352191
2017-12-04,38.68052291870117,38.93348693847656,37.53068542480469,37.66866683959961,35.527610778808594,209921
2017-12-05,37.59967803955078,38.31257629394531,37.07075119018555,37.59967803955078,35.46253967285156,153643
2017-12-06,37.48469161987305,38.08260726928711,36.90977478027344,37.16273880004883,35.050437927246094,122047
2017-12-07,36.90977478027344,37.94462966918945,36.90977478027344,37.53068542480469,35.3974609375,110876
2017-12-08,37.6916618347168,38.910491943359375,37.59967803955078,37.96762466430664,35.8095703125,297268
2017-12-11,37.96762466430664,38.404563903808594,37.16273880004883,37.346710205078125,35.22394943237305,148490
2017-12-12,37.66866683959961,38.77251052856445,37.36970901489258,38.12860107421875,35.96139907836914,316718
2017-12-13,37.13974380493164,37.438697814941406,36.058895111083984,36.28886032104492,34.226226806640625,338863
2017-12-14,36.4498405456543,36.7947883605957,34.74808120727539,35.30000305175781,33.293575286865234,146370
2017-12-15,36.196876525878906,36.33485412597656,35.598960876464844,35.7369384765625,33.7056770324707,94689
2017-12-18,36.33485412597656,36.978763580322266,35.27700424194336,35.943912506103516,33.90088653564453,143598
2017-12-19,36.28886032104492,37.438697814941406,36.265865325927734,36.886775970458984,34.790157318115234,157948
2017-12-20,37.185733795166016,37.80664825439453,36.564823150634766,36.771793365478516,34.68171691894531,216043
2017-12-21,36.978763580322266,37.48469161987305,36.219871520996094,36.633811950683594,34.551570892333984,190089
2017-12-22,36.771793365478516,37.41570281982422,36.33485412597656,36.564823150634766,34.48650360107422,192483
2017-12-26,36.840782165527344,37.76065444946289,36.24287033081055,37.36970901489258,35.24563980102539,333527
2017-12-27,37.71466064453125,37.94462966918945,36.8637809753418,36.978763580322266,34.87691879272461,155165
2017-12-28,36.886775970458984,37.41570281982422,36.70280456542969,36.771793365478516,34.68171691894531,81424
2017-12-29,37.00176239013672,37.20873260498047,36.564823150634766,36.725799560546875,34.638328552246094,111433
2018-01-01,36.95576858520508,39.09446334838867,36.95576858520508,37.80664825439453,35.65774917602539,546860
2018-01-02,38.12860107421875,38.3355712890625,37.346710205078125,37.5076904296875,35.37577819824219,116277
2018-01-03,37.78364944458008,38.26658248901367,37.48469161987305,37.76065444946289,35.6143684387207,149151
2018-01-04,37.94462966918945,38.63452911376953,37.25472640991211,37.59967803955078,35.46253967285156,232896
2018-01-05,37.76065444946289,38.818504333496094,37.76065444946289,38.17459487915039,36.004783630371094,256779
2018-01-08,38.35857009887695,39.991336822509766,38.35857009887695,39.3934211730957,37.154327392578125,821222
2018-01-09,39.646385192871094,40.19831085205078,38.17459487915039,38.496551513671875,36.308433532714844,516847
2018-01-10,38.42755889892578,39.09446334838867,37.66866683959961,37.78364944458008,35.63605499267578,259508
2018-01-11,38.1515998840332,38.63452911376953,37.53068542480469,37.89863586425781,35.7445068359375,155024
2018-01-12,38.17459487915039,40.17531204223633,38.05961227416992,38.88749313354492,36.67715835571289,825308
2018-01-15,39.18645095825195,40.38228225708008,38.38156509399414,40.06032943725586,37.7833251953125,748305
2018-01-16,40.037330627441406,40.47426986694336,37.71466064453125,38.54254150390625,36.351810455322266,489193
2018-01-17,38.38156509399414,39.899349212646484,37.82964324951172,39.623390197753906,37.37122344970703,326957
2018-01-18,40.01433563232422,41.670101165771484,37.55368423461914,37.94462966918945,35.78788375854492,1345577
2018-01-19,38.10560607910156,38.22058868408203,36.7947883605957,37.346710205078125,35.22394943237305,168528
2018-01-22,37.32371520996094,38.657527923583984,37.32371520996094,37.85264205932617,35.70111846923828,124061
2018-01-23,38.1515998840332,38.1515998840332,36.840782165527344,37.024757385253906,34.9202995300293,82542
2018-01-24,37.024757385253906,37.024757385253906,36.150882720947266,36.357852935791016,34.291297912597656,99829
2018-01-25,37.00176239013672,37.231727600097656,35.98990249633789,36.08189010620117,34.03102493286133,81505
2018-01-29,36.150882720947266,36.840782165527344,35.04703903198242,35.36899185180664,33.358646392822266,90186
2018-01-30,35.437984466552734,35.87491989135742,34.4951171875,35.25400924682617,33.25019836425781,115446
2018-01-31,35.598960876464844,36.95576858520508,35.20801544189453,35.943912506103516,33.90088653564453,362588
2018-02-01,35.9669075012207,36.3808479309082,35.30000305175781,35.50697326660156,33.4887809753418,120677
2018-02-02,35.18501663208008,35.18501663208008,32.28742980957031,32.65537643432617,30.79926872253418,205550
2018-02-05,32.42540740966797,32.81635284423828,31.735506057739258,32.74736404418945,30.886028289794922,75217
2018-02-06,28.285995483398438,31.942476272583008,28.285995483398438,31.091598510742188,29.324373245239258,165125
2018-02-07,31.82749366760254,32.24143600463867,30.930620193481445,31.436548233032227,29.649717330932617,162609
2018-02-08,31.505538940429688,33.046321868896484,31.505538940429688,32.632381439208984,30.77758026123047,103175
2018-02-09,32.14944839477539,33.52925109863281,31.712509155273438,33.02332305908203,31.14630126953125,46693
2018-02-12,33.11531066894531,34.035179138183594,32.24143600463867,32.33342361450195,30.495616912841797,238288
2018-02-14,32.93133544921875,33.391273498535156,31.965473175048828,32.47140121459961,30.625751495361328,220594
2018-02-15,32.65537643432617,33.06931686401367,32.19544219970703,32.3104248046875,30.473920822143555,93685
2018-02-16,32.70137023925781,32.70137023925781,31.528535842895508,31.85049057006836,30.040132522583008,35035
2018-02-19,32.17244338989258,32.17244338989258,30.309709548950195,30.861629486083984,29.10747718811035,68105
2018-02-20,31.64352035522461,31.64352035522461,29.987754821777344,30.378698348999023,28.651996612548828,80722
2018-02-21,30.999610900878906,31.252574920654297,29.918764114379883,30.148731231689453,28.43509864807129,50628
2018-02-22,30.125734329223633,31.022607803344727,29.895767211914062,30.309709548950195,28.586929321289062,45423
2018-02-23,30.493682861328125,31.87348747253418,30.470685958862305,31.091598510742188,29.324373245239258,98113
2018-02-26,31.735506057739258,32.19544219970703,31.275571823120117,31.3675594329834,29.58465003967285,43290
2018-02-27,31.413551330566406,33.8512077331543,31.114595413208008,31.59752655029297,29.801546096801758,400006
2018-02-28,31.275571823120117,32.19544219970703,30.539676666259766,30.861629486083984,29.10747718811035,174370
2018-03-01,30.907623291015625,31.7814998626709,30.631662368774414,30.884626388549805,29.129165649414062,61917
2018-03-05,30.884626388549805,30.884626388549805,29.80377960205078,30.079740524291992,28.370027542114258,81576
2018-03-06,30.769643783569336,30.815637588500977,28.97589683532715,29.2978515625,27.63258171081543,44765
2018-03-07,29.458829879760742,29.458829879760742,28.354984283447266,28.7689266204834,27.13372230529785,74495
2018-03-08,28.83791732788086,28.97589683532715,27.366125106811523,27.895050048828125,26.30951690673828,68448
2018-03-09,28.42397689819336,28.83791732788086,27.596092224121094,27.711076736450195,26.135997772216797,110163
2018-03-12,28.285995483398438,28.79192352294922,27.688079833984375,27.918046951293945,26.331205368041992,29969
2018-03-13,27.734073638916016,28.722932815551758,27.734073638916016,28.010034561157227,26.417966842651367,48911
2018-03-14,27.826059341430664,28.469968795776367,27.780067443847656,28.285995483398438,26.678239822387695,36622
2018-03-15,28.079023361206055,29.34384536743164,28.056028366088867,29.11387825012207,27.459068298339844,54340
2018-03-16,28.97589683532715,29.43583106994629,28.308992385864258,28.607948303222656,26.981891632080078,30252
2018-03-19,28.377981185913086,28.722932815551758,27.711076736450195,27.918046951293945,26.331205368041992,39331
2018-03-20,27.918046951293945,27.918046951293945,26.975181579589844,27.044170379638672,25.506999969482422,65287
2018-03-21,27.251142501831055,27.596092224121094,26.952184677124023,27.389122009277344,25.83234214782715,29404
2018-03-22,27.159154891967773,27.596092224121094,26.60723304748535,26.699220657348633,25.181655883789062,38116
2018-03-23,26.26228141784668,26.44625473022461,25.7563533782959,25.89433479309082,24.422521591186523,67555
2018-03-26,25.80234718322754,26.58423614501953,25.296417236328125,25.434398651123047,23.988723754882812,116207
2018-03-27,25.641368865966797,28.469968795776367,25.250425338745117,26.51524543762207,25.008136749267578,247619
2018-03-28,26.35426902770996,26.35426902770996,25.066450119018555,25.227428436279297,23.793519973754883,53237
2018-04-02,25.917329788208008,26.676223754882812,25.480392456054688,26.423259735107422,24.92137908935547,43099
2018-04-03,26.676223754882812,27.688079833984375,26.03231430053711,27.366125106811523,25.81065559387207,105423
2018-04-04,27.596092224121094,28.331989288330078,26.699220657348633,26.883193969726562,25.355173110961914,58232
2018-04-05,27.826059341430664,28.056028366088867,27.366125106811523,27.734073638916016,26.15768814086914,32702
2018-04-06,27.780067443847656,28.262998580932617,27.688079833984375,27.803062438964844,26.22275733947754,21748
2018-04-09,27.757070541381836,28.377981185913086,27.596092224121094,28.079023361206055,26.4830322265625,58740
2018-04-10,28.377981185913086,28.630945205688477,27.803062438964844,28.010034561157227,26.417966842651367,23144
2018-04-11,27.734073638916016,28.285995483398438,27.734073638916016,27.964040756225586,26.374584197998047,15341
2018-04-12,27.895050048828125,28.240001678466797,26.99817657470703,27.205148696899414,25.65882682800293,52211
2018-04-13,27.964040756225586,27.964040756225586,26.99817657470703,27.251142501831055,25.702205657958984,22037
2018-04-16,27.136157989501953,27.826059341430664,26.906190872192383,27.297134399414062,25.74558448791504,44556
2018-04-17,27.918046951293945,27.918046951293945,26.929187774658203,27.044170379638672,25.506999969482422,34670
2018-04-18,27.619089126586914,27.826059341430664,27.182151794433594,27.458112716674805,25.897415161132812,68968
2018-04-19,27.366125106811523,29.78078269958496,27.159154891967773,28.883909225463867,27.24216651916504,238583
2018-04-20,28.7689266204834,28.7689266204834,27.596092224121094,27.688079833984375,26.114307403564453,57562
2018-04-23,27.849056243896484,27.849056243896484,27.389122009277344,27.481109619140625,25.91910171508789,30823
2018-04-24,27.711076736450195,32.97732925415039,27.711076736450195,32.97732925415039,31.10291862487793,2794819
2018-04-25,33.16130447387695,36.54182434082031,31.7814998626709,32.17244338989258,30.343786239624023,4186323
2018-04-26,32.17244338989258,32.839351654052734,30.677656173706055,31.045604705810547,29.280994415283203,317403
2018-04-27,31.091598510742188,31.39055633544922,29.481826782226562,29.849773406982422,28.153135299682617,200793
2018-04-30,29.941761016845703,33.94319534301758,29.38983917236328,32.81635284423828,30.951095581054688,943527
2018-05-02,32.65537643432617,32.65537643432617,30.585668563842773,30.792640686035156,29.042409896850586,312759
2018-05-03,30.792640686035156,30.792640686035156,29.895767211914062,30.010751724243164,28.304960250854492,81700
2018-05-04,30.309709548950195,31.3675594329834,29.52781867980957,30.378698348999023,28.651996612548828,231050
2018-05-07,30.585668563842773,30.792640686035156,29.481826782226562,29.711793899536133,28.022998809814453,85853
2018-05-08,29.849773406982422,30.125734329223633,28.7689266204834,29.09088134765625,27.4373779296875,77587
2018-05-09,29.38983917236328,30.240718841552734,28.240001678466797,28.630945205688477,27.003582000732422,84429
2018-05-10,28.83791732788086,28.97589683532715,27.458112716674805,27.619089126586914,26.049240112304688,67016
2018-05-11,27.987037658691406,28.400978088378906,27.274137496948242,27.458112716674805,25.897415161132812,101133
2018-05-14,27.596092224121094,29.757787704467773,27.596092224121094,28.331989288330078,26.721620559692383,156965
2018-05-15,28.42397689819336,28.97589683532715,27.596092224121094,27.711076736450195,26.135997772216797,59301
2018-05-16,28.010034561157227,28.194007873535156,27.228145599365234,27.389122009277344,25.83234214782715,45791
2018-05-17,27.596092224121094,28.262998580932617,27.044170379638672,27.297134399414062,25.74558448791504,60854
2018-05-18,27.136157989501953,27.826059341430664,26.58423614501953,26.72221565246582,25.20334815979004,41299
2018-05-21,26.44625473022461,27.320131301879883,25.135440826416016,25.526386260986328,24.075485229492188,74101
2018-05-22,25.319414138793945,25.710359573364258,24.514528274536133,25.204431533813477,23.77182960510254,41762
2018-05-23,25.572378158569336,26.17029571533203,24.767492294311523,24.974464416503906,23.554933547973633,59386
2018-05-24,25.273422241210938,25.7563533782959,24.836483001708984,25.250425338745117,23.815210342407227,22540
2018-05-25,25.480392456054688,28.125017166137695,25.158437728881836,27.113161087036133,25.57206916809082,495674
2018-05-28,27.136157989501953,27.895050048828125,26.906190872192383,27.067167282104492,25.528688430786133,88092
2018-05-29,27.136157989501953,27.688079833984375,26.46925163269043,26.79120635986328,25.268413543701172,53470
2018-05-30,27.412118911743164,27.412118911743164,26.676223754882812,26.860197067260742,25.33348274230957,42697
2018-05-31,29.34384536743164,29.34384536743164,27.596092224121094,27.918046951293945,26.331205368041992,255005
2018-06-01,27.918046951293945,28.056028366088867,26.53824234008789,26.79120635986328,25.268413543701172,62050
2018-06-04,26.76820945739746,27.366125106811523,25.61837387084961,25.825342178344727,24.35744857788086,19363
2018-06-05,25.871337890625,26.07830810546875,24.882476806640625,24.951467514038086,23.53324317932129,64752
2018-06-06,25.434398651123047,25.98632049560547,24.790489196777344,25.112443923950195,23.685070037841797,59645
2018-06-07,26.03231430053711,26.53824234008789,25.3424129486084,26.14729881286621,24.66110610961914,56134
2018-06-08,26.44625473022461,26.837200164794922,25.89433479309082,26.19329071044922,24.704483032226562,54866
2018-06-11,26.630229949951172,28.492965698242188,26.44625473022461,27.458112716674805,25.897415161132812,294106
2018-06-12,27.205148696899414,28.056028366088867,26.929187774658203,27.159154891967773,25.615447998046875,41675
2018-06-13,27.826059341430664,28.400978088378906,27.02117347717285,27.159154891967773,25.615447998046875,76123
2018-06-14,27.550098419189453,27.550098419189453,26.79120635986328,27.090164184570312,25.550378799438477,19922
2018-06-15,27.550098419189453,27.550098419189453,26.44625473022461,26.699220657348633,25.181655883789062,34430
2018-06-18,26.676223754882812,27.067167282104492,26.21628761291504,26.79120635986328,25.268413543701172,30545
2018-06-19,26.883193969726562,27.090164184570312,26.21628761291504,26.23928451538086,24.74786376953125,29201
2018-06-20,26.676223754882812,27.228145599365234,26.2852783203125,26.44625473022461,24.943071365356445,38114
2018-06-21,26.76820945739746,26.76820945739746,25.549381256103516,25.61837387084961,24.16224479675293,18187
2018-06-22,25.664365768432617,25.940326690673828,25.296417236328125,25.549381256103516,24.0971736907959,28801
2018-06-25,25.61837387084961,25.871337890625,24.951467514038086,25.066450119018555,23.641691207885742,24257
2018-06-26,25.98632049560547,25.98632049560547,24.330554962158203,24.583518981933594,23.186208724975586,26901
2018-06-27,24.836483001708984,24.974464416503906,23.617656707763672,23.77863311767578,22.42707061767578,53831
2018-06-28,23.54866600036621,24.123584747314453,22.81277084350586,23.11172866821289,21.79807472229004,41827
2018-06-29,23.22671127319336,27.113161087036133,23.22671127319336,24.767492294311523,23.359725952148438,544790
2018-07-02,24.399545669555664,24.813486099243164,22.881759643554688,23.640653610229492,22.296934127807617,97881
2018-07-03,23.45667839050293,24.560522079467773,21.616939544677734,23.8016300201416,22.448762893676758,77300
2018-07-04,23.870620727539062,23.893617630004883,22.904756546020508,23.24970817565918,21.928211212158203,61528
2018-07-05,23.042736053466797,25.250425338745117,23.042736053466797,23.824626922607422,22.47045135498047,209494
2018-07-06,23.75563621520996,24.284561157226562,23.134723663330078,23.59465980529785,22.253555297851562,190120
2018-07-09,23.916614532470703,24.652509689331055,23.57166290283203,24.146581649780273,22.77410888671875,162222
2018-07-10,24.146581649780273,24.514528274536133,23.6866455078125,24.238567352294922,22.860864639282227,50331
2018-07-11,23.73263931274414,24.261564254760742,23.66364860534668,23.824626922607422,22.47045135498047,25981
2018-07-12,24.307558059692383,24.307558059692383,22.628795623779297,23.45667839050293,22.123414993286133,42473
2018-07-13,23.50267219543457,25.96332359313965,23.29570198059082,23.6866455078125,22.340312957763672,615052
2018-07-16,23.11172866821289,24.698503494262695,22.628795623779297,23.11172866821289,21.79807472229004,172746
2018-07-17,23.45667839050293,23.77863311767578,23.042736053466797,23.18071746826172,21.863142013549805,54188
2018-07-18,23.640653610229492,23.640653610229492,22.904756546020508,22.99674415588379,21.689626693725586,39433
2018-07-19,23.45667839050293,23.45667839050293,22.168861389160156,22.444822311401367,21.16907501220703,87640
2018-07-20,22.283845901489258,22.490814208984375,21.869903564453125,22.076873779296875,20.822040557861328,32793
2018-07-23,21.892900466918945,23.22671127319336,21.662933349609375,22.168861389160156,20.90880012512207,25479
2018-07-24,22.030881881713867,23.45667839050293,21.892900466918945,23.06573486328125,21.754695892333984,93343
2018-07-25,22.95075035095215,23.893617630004883,22.858762741088867,23.272705078125,21.949901580810547,54177
2018-07-26,23.22671127319336,23.824626922607422,22.99674415588379,23.18071746826172,21.863142013549805,49633
2018-07-27,23.824626922607422,24.836483001708984,23.22671127319336,24.284561157226562,22.90424346923828,168441
2018-07-30,24.836483001708984,26.30827522277832,24.836483001708984,25.066450119018555,23.641691207885742,279359
2018-07-31,24.836483001708984,25.526386260986328,24.422542572021484,24.882476806640625,23.468175888061523,115185
2018-08-01,25.112443923950195,26.4002628326416,24.422542572021484,25.181434631347656,23.750141143798828,293674
2018-08-02,25.089448928833008,25.434398651123047,24.606515884399414,25.043453216552734,23.6200008392334,79856
2018-08-03,25.98632049560547,28.056028366088867,25.98632049560547,27.02117347717285,25.485309600830078,885203
2018-08-06,26.58423614501953,27.136157989501953,26.4002628326416,26.74521255493164,25.225034713745117,44845
2018-08-07,26.676223754882812,26.883193969726562,25.572378158569336,25.7563533782959,24.29237937927246,81250
2018-08-08,26.49224853515625,26.74521255493164,25.7563533782959,26.07830810546875,24.59603500366211,81059
2018-08-09,26.35426902770996,27.366125106811523,25.917329788208008,26.33127212524414,24.834619522094727,134023
2018-08-10,26.00931739807129,26.03231430053711,24.468534469604492,24.698503494262695,23.294658660888672,72023
2018-08-13,24.422542572021484,24.882476806640625,23.59465980529785,23.847623825073242,22.492143630981445,91945
2018-08-14,23.8016300201416,23.96260643005371,23.042736053466797,23.41068458557129,22.08003807067871,42495
2018-08-16,23.75563621520996,23.916614532470703,23.22671127319336,23.59465980529785,22.253555297851562,59836
2018-08-17,23.54866600036621,23.916614532470703,23.134723663330078,23.272705078125,21.949901580810547,50898
2018-08-20,23.31869888305664,23.916614532470703,23.31869888305664,23.59465980529785,22.253555297851562,30169
2018-08-21,23.45667839050293,24.100587844848633,23.45667839050293,23.54866600036621,22.210176467895508,33996
2018-08-23,23.36469268798828,24.192575454711914,23.134723663330078,23.617656707763672,22.27524757385254,25684
2018-08-24,23.45667839050293,23.916614532470703,23.45667839050293,23.52566909790039,22.188486099243164,16500
2018-08-27,23.73263931274414,25.733356475830078,23.57166290283203,24.261564254760742,22.88255500793457,249056
2018-08-28,24.376548767089844,24.376548767089844,23.45667839050293,23.52566909790039,22.188486099243164,27299
2018-08-29,23.52566909790039,23.73263931274414,23.47967529296875,23.57166290283203,22.23186683654785,12647
2018-08-30,23.50267219543457,24.146581649780273,23.47967529296875,23.73263931274414,22.383691787719727,21253
2018-08-31,23.6866455078125,24.00860023498535,23.50267219543457,23.640653610229492,22.296934127807617,26627
2018-09-03,24.123584747314453,24.376548767089844,23.6866455078125,23.824626922607422,22.47045135498047,30508
2018-09-04,24.00860023498535,25.066450119018555,23.18071746826172,23.36469268798828,22.03666114807129,126567
2018-09-05,23.54866600036621,24.238567352294922,22.237850189208984,22.881759643554688,21.581178665161133,71616
2018-09-06,22.99674415588379,24.077590942382812,22.99674415588379,23.617656707763672,22.27524757385254,59936
2018-09-07,23.45667839050293,23.57166290283203,23.18071746826172,23.3876895904541,22.058349609375,44367
2018-09-10,23.45667839050293,23.52566909790039,22.97374725341797,23.042736053466797,21.733003616333008,37911
2018-09-11,22.605798721313477,23.24970817565918,22.168861389160156,22.398828506469727,21.125696182250977,29393
2018-09-12,22.490814208984375,23.1577205657959,22.122867584228516,22.352834701538086,21.08231544494629,33213
2018-09-14,22.97374725341797,22.99674415588379,22.306842803955078,22.513811111450195,21.234140396118164,24997
2018-09-17,22.168861389160156,23.29570198059082,22.122867584228516,22.766775131225586,21.472726821899414,61652
2018-09-18,22.674789428710938,23.916614532470703,22.306842803955078,22.628795623779297,21.67093849182129,71714
2018-09-19,23.18071746826172,23.18071746826172,22.145864486694336,22.490814208984375,21.538799285888672,22618
2018-09-21,22.191858291625977,22.83576774597168,21.18000030517578,21.570945739746094,20.657867431640625,34085
2018-09-24,22.076873779296875,22.076873779296875,20.00716781616211,20.32912254333496,19.46860694885254,26447
2018-09-25,20.23713493347168,20.65107536315918,18.765342712402344,19.478242874145508,18.65374755859375,48641
2018-09-26,19.869186401367188,19.869186401367188,17.98345375061035,18.328405380249023,17.552579879760742,120721
2018-09-27,18.650358200073242,18.673355102539062,17.56951141357422,17.89146614074707,17.134136199951172,34376
2018-09-28,17.70749282836914,18.075441360473633,16.695636749267578,16.92560386657715,16.209157943725586,61821
2018-10-01,16.672639846801758,17.82247543334961,16.327688217163086,17.59250831604004,16.847829818725586,25910
2018-10-03,18.16742706298828,19.225278854370117,16.649642944335938,18.328405380249023,17.552579879760742,236929
2018-10-04,18.16742706298828,18.742345809936523,17.36254119873047,17.56951141357422,16.825809478759766,64591
2018-10-05,17.93745994567871,18.627361297607422,17.1325740814209,17.27055549621582,16.539506912231445,97500
2018-10-08,17.017589569091797,17.45452880859375,15.91374683380127,16.626646041870117,15.922853469848633,52544
2018-10-09,16.7186336517334,17.063583374023438,15.867753028869629,16.097721099853516,15.416318893432617,38024
2018-10-10,15.752769470214844,18.305408477783203,15.752769470214844,16.626646041870117,15.922853469848633,124776
2018-10-11,16.005733489990234,16.465667724609375,15.775766372680664,16.235700607299805,15.548458099365234,26192
2018-10-12,16.649642944335938,17.33954429626465,15.959739685058594,17.109577178955078,16.385345458984375,83559
2018-10-15,17.68449592590332,18.305408477783203,17.316547393798828,18.12143325805664,17.354368209838867,65983
2018-10-16,18.604366302490234,19.156288146972656,18.213420867919922,18.604366302490234,17.81686019897461,37968
2018-10-17,18.627361297607422,18.719348907470703,17.40853500366211,17.70749282836914,16.957948684692383,71355
2018-10-19,17.93745994567871,17.93745994567871,17.063583374023438,17.50052261352539,16.75973892211914,18056
2018-10-22,17.93745994567871,17.93745994567871,16.166711807250977,16.488664627075195,15.790712356567383,39242
2018-10-23,16.327688217163086,17.47752571105957,15.867753028869629,16.94860076904297,16.231182098388672,30602
2018-10-24,17.799480438232422,17.799480438232422,16.672639846801758,17.017589569091797,16.297250747680664,14695
2018-10-25,17.017589569091797,17.20156478881836,16.603649139404297,16.833616256713867,16.121065139770508,14910
2018-10-26,16.695636749267578,17.063583374023438,16.281694412231445,16.833616256713867,16.121065139770508,18611
2018-10-29,16.695636749267578,18.236417770385742,16.649642944335938,17.59250831604004,16.847829818725586,55892
2018-10-30,17.70749282836914,18.14443016052246,17.5465145111084,17.70749282836914,16.957948684692383,20633
2018-10-31,17.93745994567871,18.14443016052246,17.50052261352539,17.89146614074707,17.134136199951172,14091
2018-11-01,17.93745994567871,18.650358200073242,17.6614990234375,18.12143325805664,17.354368209838867,39296
2018-11-02,18.604366302490234,19.225278854370117,17.96045684814453,18.09843635559082,17.332345962524414,72462
2018-11-05,18.765342712402344,18.765342712402344,17.93745994567871,18.236417770385742,17.464487075805664,15110
2018-11-06,18.558372497558594,19.087297439575195,18.213420867919922,18.558372497558594,17.77281379699707,55738
2018-11-07,18.857330322265625,19.110294342041016,18.581369400024414,18.627361297607422,17.83888053894043,3583
2018-11-09,18.420391082763672,19.77720069885254,17.68449592590332,18.489381790161133,17.706743240356445,122545
2018-11-12,18.673355102539062,18.857330322265625,17.89146614074707,17.98345375061035,17.22222900390625,138719
2018-11-13,17.93745994567871,18.558372497558594,17.47752571105957,18.09843635559082,17.332345962524414,142185
2018-11-14,18.305408477783203,18.765342712402344,18.006450653076172,18.236417770385742,17.464487075805664,71942
2018-11-15,18.604366302490234,18.673355102539062,16.856613159179688,18.259414672851562,17.486509323120117,68544
2018-11-16,18.903322219848633,18.995309829711914,18.213420867919922,18.466384887695312,17.68471908569336,79685
2018-11-19,18.006450653076172,18.37439727783203,17.7764835357666,17.91446304321289,17.156160354614258,69120
2018-11-20,17.84547233581543,18.811336517333984,17.68449592590332,17.93745994567871,17.17818260192871,16404
2018-11-21,17.93745994567871,19.271270751953125,17.84547233581543,18.811336517333984,18.01506805419922,116059
2018-11-22,18.834333419799805,19.064300537109375,18.029447555541992,18.213420867919922,17.442462921142578,98131
2018-11-26,18.37439727783203,18.535375595092773,17.91446304321289,17.98345375061035,17.22222900390625,24453
2018-11-27,17.89146614074707,18.581369400024414,17.75348663330078,18.006450653076172,17.244253158569336,68061
2018-11-28,18.489381790161133,18.489381790161133,17.70749282836914,17.91446304321289,17.156160354614258,32150
2018-11-29,18.029447555541992,18.16742706298828,17.56951141357422,17.7764835357666,17.02402114868164,23040
2018-11-30,17.82247543334961,18.857330322265625,17.6614990234375,18.420391082763672,17.640670776367188,68420
2018-12-03,19.7312068939209,19.869186401367188,19.271270751953125,19.708208084106445,18.87397575378418,204844
2018-12-04,20.00716781616211,20.19114112854004,19.547231674194336,19.892183303833008,19.05016326904297,72081
2018-12-05,20.00716781616211,21.524951934814453,19.501239776611328,19.93817710876465,19.094209671020508,179425
2018-12-06,19.75420379638672,20.00716781616211,19.271270751953125,19.478242874145508,18.65374755859375,36329
2018-12-07,19.593225479125977,19.616222381591797,18.972314834594727,19.041303634643555,18.23530387878418,33472
2018-12-10,18.972314834594727,18.972314834594727,17.98345375061035,18.052444458007812,17.288301467895508,53164
2018-12-11,18.305408477783203,18.857330322265625,18.282411575317383,18.535375595092773,17.75078773498535,24744
2018-12-12,19.639219284057617,19.93817710876465,18.811336517333984,19.409252166748047,18.587677001953125,53518
2018-12-13,19.409252166748047,19.892183303833008,19.386255264282227,19.455244064331055,18.63172149658203,20457
2018-12-14,19.501239776611328,19.662216186523438,18.765342712402344,19.133291244506836,18.323396682739258,24209
2018-12-17,18.949317932128906,19.77720069885254,18.949317932128906,19.294267654418945,18.477558135986328,16317
2018-12-18,19.317264556884766,19.98417091369629,19.087297439575195,19.77720069885254,18.940048217773438,26171
2018-12-19,19.708208084106445,20.65107536315918,19.708208084106445,20.23713493347168,19.38051414489746,31387
2018-12-20,19.869186401367188,21.616939544677734,19.823192596435547,21.248991012573242,20.349538803100586,83755
2018-12-21,21.2029972076416,21.593942642211914,20.69706916809082,20.92703628540039,20.041213989257812,27077
2018-12-24,21.340978622436523,21.340978622436523,20.53609275817871,20.62807846069336,19.75490951538086,27432
2018-12-26,21.15700340270996,21.15700340270996,19.524234771728516,20.099153518676758,19.248374938964844,39759
2018-12-27,21.570945739746094,23.59465980529785,20.69706916809082,22.214855194091797,21.274520874023438,823412
2018-12-28,22.904756546020508,22.904756546020508,21.938894271850586,22.283845901489258,21.340587615966797,123537
2018-12-31,23.18071746826172,23.916614532470703,22.352834701538086,22.444822311401367,21.494752883911133,136299
2019-01-01,22.398828506469727,22.697786331176758,21.708925247192383,22.099870681762695,21.16440200805664,46428
2019-01-02,22.352834701538086,22.513811111450195,21.478958129882812,21.639936447143555,20.72393798828125,23535
2019-01-03,21.938894271850586,22.306842803955078,21.2029972076416,21.524951934814453,20.613821029663086,31995
2019-01-04,21.40996742248535,21.662933349609375,20.97303009033203,21.111011505126953,20.21739959716797,24544
2019-01-07,21.800912857055664,22.076873779296875,21.386972427368164,21.593942642211914,20.679889678955078,24292
2019-01-08,21.432964324951172,22.030881881713867,21.432964324951172,21.869903564453125,20.944168090820312,18141
2019-01-09,22.076873779296875,22.076873779296875,21.18000030517578,21.570945739746094,20.657867431640625,10088
2019-01-10,21.570945739746094,22.076873779296875,21.15700340270996,21.271987915039062,20.371564865112305,25436
2019-01-11,21.570945739746094,21.846906661987305,21.386972427368164,21.455961227416992,20.547748565673828,13123
2019-01-14,20.97303009033203,22.030881881713867,20.97303009033203,21.088014602661133,20.195377349853516,21094
2019-01-15,21.777915954589844,22.99674415588379,21.18000030517578,21.892900466918945,20.9661922454834,98126
2019-01-16,21.800912857055664,22.122867584228516,21.317981719970703,21.662933349609375,20.745962142944336,21487
2019-01-17,22.191858291625977,22.191858291625977,21.386972427368164,21.40996742248535,20.50370216369629,4961
2019-01-18,21.455961227416992,21.455961227416992,21.065017700195312,21.18000030517578,20.283470153808594,5646
2019-01-21,21.616939544677734,21.708925247192383,20.97303009033203,21.065017700195312,20.17335319519043,22255
2019-01-22,20.97303009033203,21.2029972076416,20.7890567779541,20.812053680419922,19.93109703063965,12464
2019-01-23,20.99602699279785,21.134008407592773,20.46710205078125,20.69706916809082,19.820980072021484,6083
2019-01-24,20.69706916809082,20.76605987548828,20.099153518676758,20.21413803100586,19.358491897583008,23818
2019-01-25,21.019023895263672,21.019023895263672,19.340261459350586,19.524234771728516,18.69778823852539,35646
2019-01-28,19.455244064331055,19.75420379638672,18.213420867919922,18.673355102539062,17.88292694091797,37144
2019-01-29,18.39739418029785,18.604366302490234,18.006450653076172,18.305408477783203,17.53055763244629,30882
2019-01-30,18.489381790161133,19.133291244506836,18.305408477783203,18.558372497558594,17.77281379699707,33706
2019-01-31,19.041303634643555,19.294267654418945,18.627361297607422,18.880327224731445,18.081140518188477,15980
2019-02-01,19.179283142089844,19.179283142089844,18.627361297607422,18.719348907470703,17.92697525024414,8290
2019-02-04,19.133291244506836,19.133291244506836,18.39739418029785,18.443387985229492,17.662694931030273,12701
2019-02-05,18.489381790161133,18.673355102539062,17.98345375061035,18.052444458007812,17.288301467895508,12690
2019-02-06,18.14443016052246,18.16742706298828,17.33954429626465,17.5465145111084,16.80378532409668,23488
2019-02-07,17.82247543334961,17.89146614074707,17.24755859375,17.33954429626465,16.605575561523438,28477
2019-02-08,17.40853500366211,17.47752571105957,16.787622451782227,17.24755859375,16.51748275756836,17972
2019-02-11,17.24755859375,17.40853500366211,16.695636749267578,17.040586471557617,16.31927490234375,15965
2019-02-12,17.33954429626465,17.93745994567871,16.649642944335938,16.99459457397461,16.27522850036621,10099
2019-02-14,17.36254119873047,17.56951141357422,16.649642944335938,16.833616256713867,16.121065139770508,32402
2019-02-15,16.810619354248047,17.33954429626465,16.787622451782227,16.94860076904297,16.231182098388672,8751
2019-02-18,16.902606964111328,17.17856788635254,15.89074993133545,16.097721099853516,15.416318893432617,25440
2019-02-19,16.626646041870117,16.741628646850586,16.005733489990234,16.097721099853516,15.416318893432617,12590
2019-02-20,16.511661529541016,16.557655334472656,16.143714904785156,16.258697509765625,15.570481300354004,9807
2019-02-21,16.534658432006836,16.902606964111328,16.281694412231445,16.511661529541016,15.812737464904785,28110
2019-02-22,16.327688217163086,18.35140037536621,16.327688217163086,17.75348663330078,17.001995086669922,80391
2019-02-25,18.09843635559082,18.765342712402344,17.70749282836914,18.512378692626953,17.7287654876709,50004
2019-02-26,18.512378692626953,18.765342712402344,17.47752571105957,18.37439727783203,17.59662437438965,41966
2019-02-27,18.696353912353516,19.524234771728516,18.35140037536621,18.765342712402344,17.971019744873047,57871
2019-02-28,18.834333419799805,18.834333419799805,18.282411575317383,18.35140037536621,17.574602127075195,23383
2019-03-01,18.811336517333984,19.041303634643555,18.39739418029785,18.650358200073242,17.86090660095215,38096
2019-03-05,18.834333419799805,22.375831604003906,18.512378692626953,21.708925247192383,20.790008544921875,263239
2019-03-06,22.7437801361084,23.31869888305664,21.892900466918945,22.881759643554688,21.913196563720703,305878
2019-03-07,23.01974105834961,24.583518981933594,23.01974105834961,23.70964241027832,22.706035614013672,285625
2019-03-08,23.08873176574707,23.36469268798828,22.99674415588379,23.06573486328125,22.08938217163086,54475
2019-03-11,22.99674415588379,23.45667839050293,22.99674415588379,23.01974105834961,22.04533576965332,52426
2019-03-12,23.29570198059082,23.41068458557129,22.260847091674805,22.398828506469727,21.450706481933594,70710
2019-03-13,22.398828506469727,24.675506591796875,22.122867584228516,22.467819213867188,21.516775131225586,223472
2019-03-14,22.467819213867188,23.272705078125,21.478958129882812,22.651792526245117,21.692960739135742,170365
2019-03-15,22.53680992126465,23.20371437072754,21.731922149658203,22.053876876831055,21.1203556060791,91615
2019-03-18,22.053876876831055,22.55980682373047,21.639936447143555,22.283845901489258,21.340587615966797,64326
2019-03-19,22.490814208984375,22.55980682373047,21.570945739746094,22.191858291625977,21.25249671936035,86636
2019-03-20,22.099870681762695,22.444822311401367,21.501955032348633,21.570945739746094,20.657867431640625,88610
2019-03-22,21.800912857055664,21.823909759521484,21.019023895263672,21.134008407592773,20.239423751831055,41105
2019-03-25,20.92703628540039,21.846906661987305,20.90403938293457,21.754919052124023,20.834054946899414,61067
2019-03-26,21.846906661987305,22.237850189208984,21.777915954589844,21.869903564453125,20.944168090820312,53842
2019-03-27,22.421825408935547,22.444822311401367,20.55908966064453,20.858047485351562,19.97514533996582,93130
2019-03-28,21.18000030517578,21.570945739746094,21.019023895263672,21.111011505126953,20.21739959716797,28045
2019-04-01,21.823909759521484,22.053876876831055,21.317981719970703,21.524951934814453,20.613821029663086,45019
2019-04-02,21.40996742248535,21.984886169433594,21.2029972076416,21.40996742248535,20.50370216369629,24059
2019-04-03,21.524951934814453,23.1577205657959,21.524951934814453,22.168861389160156,21.230472564697266,121582
2019-04-04,22.375831604003906,22.375831604003906,21.501955032348633,22.030881881713867,21.09833335876465,26195
2019-04-05,22.053876876831055,22.55980682373047,21.271987915039062,22.329837799072266,21.384632110595703,24299
2019-04-08,22.513811111450195,22.95075035095215,22.306842803955078,22.329837799072266,21.384632110595703,39990
2019-04-09,22.398828506469727,23.59465980529785,22.306842803955078,23.042736053466797,22.06735610961914,100805
2019-04-10,22.99674415588379,23.22671127319336,22.306842803955078,22.421825408935547,21.472726821899414,25942
2019-04-11,22.95075035095215,24.146581649780273,22.122867584228516,23.617656707763672,22.617942810058594,177805
2019-04-12,24.100587844848633,25.250425338745117,23.50267219543457,24.353551864624023,23.32268714904785,498944
2019-04-15,24.399545669555664,25.296417236328125,23.8016300201416,24.353551864624023,23.32268714904785,125150
2019-04-16,24.445539474487305,25.066450119018555,23.22671127319336,23.54866600036621,22.551870346069336,84153
2019-04-18,23.47967529296875,26.630229949951172,22.53680992126465,25.98632049560547,24.886341094970703,391451
2019-04-22,26.630229949951172,26.630229949951172,23.54866600036621,24.169578552246094,23.146499633789062,258480
2019-04-23,24.629512786865234,25.3424129486084,23.6866455078125,24.583518981933594,23.542919158935547,94058
2019-04-24,24.997461318969727,25.112443923950195,23.59465980529785,23.8016300201416,22.79412841796875,71677
2019-04-25,24.054594039916992,24.330554962158203,23.06573486328125,23.272705078125,22.2875919342041,53468
2019-04-26,23.08873176574707,23.617656707763672,22.513811111450195,22.674789428710938,21.714982986450195,44088
2019-04-30,22.55980682373047,22.858762741088867,21.616939544677734,21.800912857055664,20.878101348876953,38638
2019-05-02,21.961889266967773,21.961889266967773,20.49009895324707,20.60508155822754,19.732887268066406,57299
2019-05-03,20.37511444091797,20.7890567779541,19.662216186523438,20.16814422607422,19.31444549560547,47108
2019-05-06,19.800195693969727,20.42110824584961,18.236417770385742,18.466384887695312,17.68471908569336,115707
2019-05-07,18.857330322265625,18.857330322265625,17.61550521850586,17.86846923828125,17.11211395263672,81613
2019-05-08,17.6614990234375,18.282411575317383,17.38553810119629,17.56951141357422,16.825809478759766,32056
2019-05-09,17.56951141357422,18.39739418029785,17.293550491333008,18.12143325805664,17.354368209838867,37635
2019-05-10,18.37439727783203,18.949317932128906,18.16742706298828,18.581369400024414,17.794836044311523,49093
2019-05-13,18.39739418029785,18.811336517333984,17.36254119873047,17.63850212097168,16.89188003540039,59691
2019-05-14,17.91446304321289,18.305408477783203,17.47752571105957,18.006450653076172,17.244253158569336,27258
2019-05-15,18.535375595092773,19.478242874145508,18.006450653076172,18.1904239654541,17.420438766479492,87681
2019-05-16,18.765342712402344,18.765342712402344,17.316547393798828,17.75348663330078,17.001995086669922,36650
2019-05-17,17.24755859375,17.43153190612793,16.92560386657715,17.086580276489258,16.36332130432129,53674
2019-05-20,18.627361297607422,18.627361297607422,17.47752571105957,18.14443016052246,17.376392364501953,23675
2019-05-21,18.489381790161133,18.489381790161133,17.52351951599121,17.59250831604004,16.847829818725586,39240
2019-05-22,17.89146614074707,18.14443016052246,17.52351951599121,17.96045684814453,17.20020866394043,10781
2019-05-23,18.696353912353516,18.696353912353516,17.33954429626465,17.59250831604004,16.847829818725586,49202
2019-05-24,18.282411575317383,18.627361297607422,17.50052261352539,18.489381790161133,17.706743240356445,61023
2019-05-27,18.39739418029785,19.708208084106445,18.006450653076172,19.156288146972656,18.34541893005371,127894
2019-05-28,19.317264556884766,19.593225479125977,18.512378692626953,18.673355102539062,17.88292694091797,44451
2019-05-29,19.570228576660156,20.65107536315918,19.478242874145508,19.892183303833008,19.05016326904297,333818
2019-05-30,20.21413803100586,20.42110824584961,19.317264556884766,19.363258361816406,18.543628692626953,22979
2019-05-31,19.96117401123047,19.96117401123047,18.995309829711914,19.133291244506836,18.323396682739258,20718
2019-06-03,19.041303634643555,19.041303634643555,18.443387985229492,18.811336517333984,18.01506805419922,33967
2019-06-04,18.857330322265625,18.857330322265625,18.213420867919922,18.35140037536621,17.574602127075195,13484
2019-06-06,18.443387985229492,18.811336517333984,17.063583374023438,17.316547393798828,16.58354949951172,52972
2019-06-07,17.75348663330078,17.75348663330078,17.15557098388672,17.293550491333008,16.5615291595459,23303
2019-06-10,17.47752571105957,17.59250831604004,17.15557098388672,17.17856788635254,16.451416015625,25512
2019-06-11,17.84547233581543,17.84547233581543,17.109577178955078,17.38553810119629,16.64962387084961,22290
2019-06-12,18.052444458007812,18.765342712402344,17.84547233581543,18.719348907470703,17.92697525024414,95487
2019-06-13,19.271270751953125,21.065017700195312,17.799480438232422,20.51309585571289,19.644794464111328,259734
2019-06-14,21.111011505126953,21.111011505126953,18.903322219848633,19.478242874145508,18.65374755859375,76904
2019-06-17,19.7312068939209,19.93817710876465,18.39739418029785,18.535375595092773,17.75078773498535,30093
2019-06-18,18.39739418029785,19.041303634643555,17.86846923828125,17.91446304321289,17.156160354614258,13454
2019-06-19,17.70749282836914,18.39739418029785,17.017589569091797,17.22456169128418,16.495458602905273,44417
2019-06-20,17.040586471557617,18.282411575317383,16.787622451782227,17.98345375061035,17.22222900390625,51711
2019-06-21,17.20156478881836,18.719348907470703,17.20156478881836,18.029447555541992,17.26627540588379,21781
2019-06-24,17.56951141357422,18.35140037536621,17.56951141357422,17.93745994567871,17.17818260192871,14778
2019-06-25,17.5465145111084,18.37439727783203,17.52351951599121,17.68449592590332,16.93592643737793,21050
2019-06-26,17.84547233581543,18.16742706298828,17.5465145111084,18.09843635559082,17.332345962524414,36533
2019-06-27,17.75348663330078,18.604366302490234,17.75348663330078,17.86846923828125,17.11211395263672,24440
2019-06-28,18.328405380249023,18.627361297607422,17.86846923828125,18.37439727783203,17.59662437438965,102290
2019-07-01,18.811336517333984,19.087297439575195,18.39739418029785,18.489381790161133,17.706743240356445,68931
2019-07-02,18.09843635559082,18.811336517333984,18.029447555541992,18.12143325805664,17.354368209838867,21359
2019-07-03,18.16742706298828,18.305408477783203,17.61550521850586,17.73048973083496,16.9799747467041,28171
2019-07-04,17.40853500366211,17.91446304321289,17.40853500366211,17.6614990234375,16.913902282714844,19602
2019-07-05,17.33954429626465,17.91446304321289,17.017589569091797,17.086580276489258,16.36332130432129,64046
2019-07-08,16.810619354248047,17.799480438232422,16.672639846801758,16.787622451782227,16.0770206451416,15919
2019-07-09,16.810619354248047,17.22456169128418,16.557655334472656,16.810619354248047,16.099040985107422,26131
2019-07-10,16.557655334472656,17.20156478881836,16.189708709716797,16.511661529541016,15.812737464904785,31700
2019-07-11,16.511661529541016,16.741628646850586,16.327688217163086,16.396678924560547,15.702622413635254,19091
2019-07-12,16.373680114746094,16.787622451782227,16.258697509765625,16.534658432006836,15.834759712219238,13210
2019-07-15,16.511661529541016,17.017589569091797,16.327688217163086,16.603649139404297,15.900833129882812,9479
2019-07-16,16.511661529541016,17.1325740814209,16.373680114746094,16.649642944335938,15.944878578186035,14721
2019-07-17,16.511661529541016,17.22456169128418,16.373680114746094,16.442672729492188,15.746668815612793,17143
2019-07-18,16.327688217163086,17.017589569091797,15.637785911560059,15.89074993133545,15.218108177185059,38890
2019-07-19,15.637785911560059,16.258697509765625,15.407817840576172,15.499805450439453,14.843710899353027,18948
2019-07-22,14.90188980102539,15.867753028869629,14.90188980102539,14.947882652282715,14.315152168273926,23288
2019-07-23,14.740913391113281,15.844756126403809,13.844039916992188,14.142996788024902,13.544336318969727,69844
2019-07-24,14.257981300354004,14.46495246887207,12.717199325561523,12.878175735473633,12.333053588867188,101181
2019-07-25,12.648208618164062,13.568078994750977,12.418240547180176,12.556221961975098,12.024727821350098,33511
2019-07-26,12.234267234802246,12.717199325561523,12.119283676147461,12.234267234802246,11.716401100158691,23392
2019-07-29,12.234267234802246,13.430097579956055,10.624494552612305,10.785472869873047,10.328933715820312,149379
2019-07-30,10.80846881866455,11.176417350769043,10.003582954406738,10.233551025390625,9.800373077392578,59658
2019-07-31,10.55550479888916,10.55550479888916,9.29068374633789,9.934593200683594,9.514070510864258,80450
2019-08-01,10.0725736618042,10.0725736618042,8.968729972839355,9.26768684387207,8.87539291381836,71479
2019-08-02,9.635635375976562,9.635635375976562,8.347818374633789,8.347818374633789,7.9944634437561035,140743
2019-08-05,8.439805030822754,8.439805030822754,7.519935131072998,7.634919166564941,7.311739921569824,78091
2019-08-06,7.657915115356445,8.002866744995117,7.312963962554932,8.002866744995117,7.664112567901611,19809
2019-08-07,8.255830764770508,8.393811225891113,8.140847206115723,8.393811225891113,8.0385103225708,13499
2019-08-08,8.738761901855469,8.80775260925293,8.278826713562012,8.80775260925293,8.434927940368652,30473
2019-08-09,9.198697090148926,9.244690895080566,9.198697090148926,9.244690895080566,8.853371620178223,20609
2019-08-13,9.704626083374023,9.704626083374023,9.704626083374023,9.704626083374023,9.293838500976562,9805
2019-08-14,10.187557220458984,10.187557220458984,9.29068374633789,10.187557220458984,9.756325721740723,41138
2019-08-16,10.693486213684082,10.693486213684082,10.11856746673584,10.693486213684082,10.240840911865234,41542
2019-08-19,11.222411155700684,11.222411155700684,11.222411155700684,11.222411155700684,10.747376441955566,14165
2019-08-20,11.774333000183105,11.774333000183105,11.314397811889648,11.636351585388184,11.143795013427734,86723
2019-08-21,11.728339195251465,11.728339195251465,11.061433792114258,11.061433792114258,10.593213081359863,10471
2019-08-22,10.509511947631836,10.509511947631836,10.509511947631836,10.509511947631836,10.064653396606445,1234
2019-08-23,10.003582954406738,10.210554122924805,10.003582954406738,10.003582954406738,9.580140113830566,20155
2019-08-26,9.520651817321777,9.86560344696045,9.520651817321777,9.566644668579102,9.161698341369629,40647
2019-08-27,9.543647766113281,10.026579856872559,9.543647766113281,9.86560344696045,9.44800090789795,46213
2019-08-28,10.233551025390625,10.233551025390625,9.405668258666992,9.681629180908203,9.271814346313477,23103
2019-08-29,9.244690895080566,10.003582954406738,9.198697090148926,9.198697090148926,8.809324264526367,16293
2019-08-30,9.198697090148926,9.658632278442383,9.106710433959961,9.589641571044922,9.183720588684082,12193
2019-09-03,9.612639427185059,9.934593200683594,9.129707336425781,9.152704238891602,8.765278816223145,14869
2019-09-04,9.497654914855957,9.520651817321777,9.106710433959961,9.336677551269531,8.941463470458984,4805
2019-09-05,9.106710433959961,9.405668258666992,9.08371353149414,9.336677551269531,8.941463470458984,3980
2019-09-06,9.589641571044922,9.796612739562988,9.359674453735352,9.773615837097168,9.359906196594238,19561
2019-09-09,10.14156436920166,10.256546974182129,9.497654914855957,10.16456127166748,9.73430347442627,26758
2019-09-11,10.233551025390625,10.647492408752441,10.187557220458984,10.624494552612305,10.174768447875977,31895
2019-09-12,11.038436889648438,11.153421401977539,10.647492408752441,10.831465721130371,10.372980117797852,19363
2019-09-13,10.57850170135498,10.80846881866455,10.348533630371094,10.53250789642334,10.086675643920898,13884
2019-09-16,10.53250789642334,10.716482162475586,10.417525291442871,10.670489311218262,10.218816757202148,22703
2019-09-17,10.463518142700195,10.670489311218262,10.233551025390625,10.32553768157959,9.888466835021973,18811
2019-09-18,10.57850170135498,10.57850170135498,9.957590103149414,9.980587005615234,9.775842666625977,5294
2019-09-19,10.233551025390625,10.463518142700195,9.681629180908203,10.463518142700195,10.248866081237793,28523
2019-09-20,10.647492408752441,10.647492408752441,10.003582954406738,10.187557220458984,9.97856616973877,49880
2019-09-23,10.55550479888916,10.55550479888916,9.796612739562988,9.911596298217773,9.708267211914062,18565
2019-09-24,10.39452838897705,10.39452838897705,10.39452838897705,10.39452838897705,10.181291580200195,11025
2019-09-25,10.900456428527832,10.900456428527832,10.57850170135498,10.900456428527832,10.676840782165527,43208
2019-09-26,10.992443084716797,11.429381370544434,10.923453330993652,11.429381370544434,11.194914817810059,31167
2019-09-27,11.981303215026855,11.981303215026855,11.981303215026855,11.981303215026855,11.735514640808105,23055
2019-09-30,12.579218864440918,12.579218864440918,11.705342292785645,12.211271286010742,11.96076488494873,90434
2019-10-01,12.234267234802246,12.234267234802246,11.613354682922363,11.613354682922363,11.375113487243652,21696
2019-10-03,11.268404006958008,11.613354682922363,11.038436889648438,11.40638542175293,11.172391891479492,36537
2019-10-04,11.79732894897461,11.79732894897461,10.854462623596191,10.900456428527832,10.676840782165527,13814
2019-10-07,11.222411155700684,11.245407104492188,10.371530532836914,10.39452838897705,10.181291580200195,19065
2019-10-09,10.11856746673584,10.371530532836914,9.980587005615234,10.16456127166748,9.956042289733887,9407
2019-10-10,9.934593200683594,10.32553768157959,9.773615837097168,9.934593200683594,9.730790138244629,14995
2019-10-11,9.658632278442383,9.88860034942627,9.451661109924316,9.474658012390137,9.280292510986328,21002
2019-10-14,9.428665161132812,9.86560344696045,9.106710433959961,9.727622032165527,9.528066635131836,19202
2019-10-15,9.313680648803711,10.210554122924805,9.244690895080566,9.566644668579102,9.370391845703125,34594
2019-10-16,9.474658012390137,9.773615837097168,9.106710433959961,9.658632278442383,9.460492134094238,29941
2019-10-17,9.88860034942627,9.957590103149414,9.313680648803711,9.704626083374023,9.505542755126953,57649
2019-10-18,9.934593200683594,10.095569610595703,9.336677551269531,10.026579856872559,9.820891380310059,38518
2019-10-22,10.348533630371094,10.348533630371094,9.543647766113281,10.003582954406738,9.79836654663086,54242
2019-10-23,10.27954387664795,10.27954387664795,9.704626083374023,10.14156436920166,9.933517456054688,43169
2019-10-24,10.16456127166748,10.16456127166748,9.819608688354492,9.88860034942627,9.685742378234863,16324
2019-10-25,9.704626083374023,9.957590103149414,9.658632278442383,9.681629180908203,9.483017921447754,23503
2019-10-27,10.003582954406738,10.095569610595703,9.727622032165527,9.934593200683594,9.730790138244629,4741
2019-10-29,9.934593200683594,10.417525291442871,9.589641571044922,10.417525291442871,10.203817367553711,37424
2019-10-30,10.670489311218262,10.923453330993652,10.348533630371094,10.739479064941406,10.5191650390625,23857
2019-10-31,10.624494552612305,10.923453330993652,10.233551025390625,10.463518142700195,10.248866081237793,42342
2019-11-01,10.348533630371094,10.57850170135498,10.210554122924805,10.440521240234375,10.226341247558594,18874
2019-11-04,10.57850170135498,10.946450233459473,10.57850170135498,10.946450233459473,10.721891403198242,24890
2019-11-05,11.245407104492188,11.475375175476074,10.57850170135498,10.693486213684082,10.474117279052734,33280
2019-11-06,10.256546974182129,11.222411155700684,10.256546974182129,10.509511947631836,10.293916702270508,24897
2019-11-07,10.348533630371094,10.670489311218262,10.16456127166748,10.57850170135498,10.361491203308105,10644
2019-11-08,10.463518142700195,10.55550479888916,10.049576759338379,10.16456127166748,9.956042289733887,30463
2019-11-11,10.14156436920166,10.187557220458984,9.796612739562988,9.86560344696045,9.663217544555664,10999
2019-11-13,10.256546974182129,10.348533630371094,9.773615837097168,10.210554122924805,10.001091003417969,50515
2019-11-14,9.911596298217773,10.440521240234375,9.727622032165527,9.842605590820312,9.640689849853516,36492
2019-11-15,9.658632278442383,10.0725736618042,9.612639427185059,9.727622032165527,9.528066635131836,17511
2019-11-18,9.934593200683594,10.11856746673584,9.773615837097168,10.026579856872559,9.820891380310059,19850
2019-11-19,10.026579856872559,10.16456127166748,9.612639427185059,10.049576759338379,9.843416213989258,16704
2019-11-20,9.88860034942627,10.348533630371094,9.796612739562988,10.16456127166748,9.956042289733887,36437
2019-11-21,10.463518142700195,10.463518142700195,10.049576759338379,10.0725736618042,9.865942001342773,16202
2019-11-22,10.30254077911377,10.53250789642334,9.750618934631348,10.210554122924805,10.001091003417969,38905
2019-11-25,10.210554122924805,10.256546974182129,9.773615837097168,10.095569610595703,9.888465881347656,16795
2019-11-26,10.11856746673584,10.57850170135498,10.026579856872559,10.417525291442871,10.203817367553711,48835
2019-11-27,10.256546974182129,10.57850170135498,10.11856746673584,10.11856746673584,9.910991668701172,29675
2019-11-28,10.11856746673584,10.30254077911377,9.842605590820312,10.003582954406738,9.79836654663086,25842
2019-11-29,10.003582954406738,10.095569610595703,9.704626083374023,9.911596298217773,9.708267211914062,5126
2019-12-02,9.658632278442383,10.0725736618042,9.658632278442383,9.750618934631348,9.550591468811035,8227
2019-12-03,9.796612739562988,10.049576759338379,9.474658012390137,9.543647766113281,9.34786605834961,22677
2019-12-04,9.589641571044922,9.635635375976562,9.428665161132812,9.428665161132812,9.23524284362793,12390
2019-12-05,9.474658012390137,9.750618934631348,9.313680648803711,9.428665161132812,9.23524284362793,11647
2019-12-06,9.520651817321777,9.727622032165527,8.531791687011719,9.129707336425781,8.942418098449707,24314
2019-12-09,8.968729972839355,9.175700187683105,8.531791687011719,8.945733070373535,8.76221752166748,15628
2019-12-10,9.152704238891602,9.313680648803711,8.78475570678711,9.152704238891602,8.96494197845459,11792
2019-12-11,8.85374641418457,9.244690895080566,8.80775260925293,8.922736167907715,8.739692687988281,24610
2019-12-12,8.80775260925293,9.244690895080566,8.738761901855469,9.129707336425781,8.942418098449707,11479
2019-12-13,8.899740219116211,9.198697090148926,8.738761901855469,9.129707336425781,8.942418098449707,11690
2019-12-16,9.198697090148926,9.221693992614746,8.830748558044434,9.129707336425781,8.942418098449707,25003
2019-12-17,8.899740219116211,9.129707336425781,8.87674331665039,8.87674331665039,8.6946439743042,31621
2019-12-18,8.945733070373535,9.313680648803711,8.738761901855469,9.129707336425781,8.942418098449707,23014
2019-12-19,9.152704238891602,9.198697090148926,8.761758804321289,8.830748558044434,8.649591445922852,18317
2019-12-20,9.08371353149414,9.152704238891602,8.761758804321289,8.80775260925293,8.627067565917969,26538
2019-12-23,8.80775260925293,8.991726875305176,8.80775260925293,8.899740219116211,8.717167854309082,9125
2019-12-24,8.899740219116211,9.129707336425781,8.692769050598145,8.715765953063965,8.536967277526855,22738
2019-12-26,8.738761901855469,9.01472282409668,8.738761901855469,8.899740219116211,8.717167854309082,23957
2019-12-27,9.06071662902832,9.06071662902832,8.60078239440918,8.830748558044434,8.649591445922852,16565
2019-12-30,8.830748558044434,9.198697090148926,8.830748558044434,9.198697090148926,9.009991645812988,23553
2019-12-31,9.26768684387207,9.451661109924316,9.08371353149414,9.198697090148926,9.009991645812988,23377
2020-01-01,9.198697090148926,9.474658012390137,9.198697090148926,9.359674453735352,9.167667388916016,17982
2020-01-02,9.359674453735352,10.049576759338379,8.85374641418457,9.727622032165527,9.528066635131836,58573
2020-01-03,9.980587005615234,10.693486213684082,9.26768684387207,10.6014986038208,10.384016036987305,153584
2020-01-06,11.015439987182617,11.015439987182617,9.86560344696045,10.187557220458984,9.97856616973877,66870
2020-01-07,10.854462623596191,10.877459526062012,10.256546974182129,10.53250789642334,10.31644058227539,17667
2020-01-08,10.16456127166748,10.739479064941406,10.14156436920166,10.440521240234375,10.226341247558594,20942
2020-01-09,10.762475967407227,11.245407104492188,10.417525291442871,11.061433792114258,10.834516525268555,75138
2020-01-10,11.498372077941895,11.521368026733398,10.693486213684082,11.015439987182617,10.78946590423584,57882
2020-01-13,10.900456428527832,11.728339195251465,10.900456428527832,11.429381370544434,11.194914817810059,33491
2020-01-14,12.257264137268066,12.556221961975098,12.188274383544922,12.556221961975098,12.298639297485352,123284
2020-01-15,12.510228157043457,12.970163345336914,12.027297019958496,12.326253890991211,12.073389053344727,106745
2020-01-16,12.625211715698242,12.625211715698242,11.958307266235352,12.07328987121582,11.825613975524902,41471
2020-01-17,11.958307266235352,12.418240547180176,11.889315605163574,12.09628677368164,11.848140716552734,20526
2020-01-20,12.395244598388672,12.395244598388672,11.613354682922363,11.82032585144043,11.577839851379395,15413
2020-01-21,11.79732894897461,11.912313461303711,11.268404006958008,11.337393760681152,11.104814529418945,22509
2020-01-22,11.222411155700684,11.567361831665039,11.176417350769043,11.245407104492188,11.014715194702148,12136
2020-01-23,11.084429740905762,11.636351585388184,11.084429740905762,11.291400909423828,11.059765815734863,16506
2020-01-24,11.475375175476074,11.751336097717285,10.80846881866455,11.429381370544434,11.194914817810059,29893
2020-01-27,11.59035873413086,11.59035873413086,10.877459526062012,10.923453330993652,10.699365615844727,31730
2020-01-28,11.314397811889648,11.452378273010254,11.199414253234863,11.40638542175293,11.172391891479492,30041
2020-01-29,11.40638542175293,11.40638542175293,10.854462623596191,11.153421401977539,10.924615859985352,19835
2020-01-30,11.153421401977539,11.268404006958008,10.6014986038208,11.061433792114258,10.834516525268555,21289
2020-01-31,10.647492408752441,11.038436889648438,10.509511947631836,10.509511947631836,10.293916702270508,40353
2020-02-03,9.566644668579102,9.842605590820312,9.520651817321777,9.520651817321777,9.325342178344727,36024
2020-02-04,9.336677551269531,9.980587005615234,9.336677551269531,9.980587005615234,9.775842666625977,43932
2020-02-05,10.11856746673584,10.256546974182129,9.589641571044922,9.612639427185059,9.41544246673584,22842
2020-02-06,9.658632278442383,10.0725736618042,9.658632278442383,10.0725736618042,9.865942001342773,27456
2020-02-07,10.026579856872559,10.187557220458984,9.681629180908203,9.681629180908203,9.483017921447754,24503
2020-02-10,9.451661109924316,10.026579856872559,9.221693992614746,9.359674453735352,9.167667388916016,32243
2020-02-11,9.359674453735352,9.704626083374023,9.198697090148926,9.313680648803711,9.1226167678833,31513
2020-02-12,9.29068374633789,9.474658012390137,9.198697090148926,9.29068374633789,9.100091934204102,17691
2020-02-13,9.382671356201172,9.612639427185059,9.29068374633789,9.29068374633789,9.100091934204102,15860
2020-02-14,9.612639427185059,9.612639427185059,9.01472282409668,9.129707336425781,8.942418098449707,31695
2020-02-17,9.01472282409668,9.497654914855957,8.692769050598145,8.692769050598145,8.514443397521973,39340
2020-02-18,8.439805030822754,8.577784538269043,8.278826713562012,8.324821472167969,8.154043197631836,32365
2020-02-19,8.163844108581543,8.715765953063965,8.048859596252441,8.301823616027832,8.13151741027832,71157
2020-02-20,8.416808128356934,8.508794784545898,7.956872940063477,8.163844108581543,7.996368885040283,28206
2020-02-24,8.048859596252441,8.462800979614258,7.772899150848389,7.887883186340332,7.72606897354126,21294
2020-02-25,7.841888904571533,8.025862693786621,7.496938228607178,7.542932033538818,7.3881940841674805,24660
2020-02-26,7.404951095581055,7.772899150848389,7.381954193115234,7.496938228607178,7.343143939971924,18074
2020-02-27,7.795896053314209,7.795896053314209,7.128990173339844,7.496938228607178,7.343143939971924,47945
2020-02-28,7.358957767486572,7.611921787261963,7.128990173339844,7.220976829528809,7.072843551635742,12210
2020-03-02,7.128990173339844,7.565927982330322,6.945015907287598,7.059999942779541,6.9151692390441895,9783
2020-03-03,7.174983978271484,7.335960865020752,6.899023056030273,6.945015907287598,6.802543640136719,7631
2020-03-04,6.899023056030273,7.266971111297607,6.600065231323242,6.715048789978027,6.57729434967041,30795
2020-03-05,6.80703592300415,7.037003040313721,6.692051887512207,6.9910101890563965,6.847594261169434,8744
2020-03-06,6.646059036254883,7.335960865020752,6.646059036254883,6.738046169281006,6.599820137023926,38544
2020-03-09,6.462084770202637,6.6230621337890625,6.416090965270996,6.416090965270996,6.284469127655029,30254
2020-03-11,6.117133140563965,6.439087867736816,6.117133140563965,6.186123847961426,6.059219837188721,139337
2020-03-12,6.186123847961426,6.20911979675293,5.8871660232543945,5.8871660232543945,5.76639461517334,11869
2020-03-13,5.611205101013184,6.1631269454956055,5.611205101013184,6.071139812469482,5.946594715118408,48365
2020-03-16,5.772181987762451,6.002150058746338,5.772181987762451,5.772181987762451,5.653769493103027,19176
2020-03-17,5.979153156280518,5.979153156280518,5.49622106552124,5.49622106552124,5.383469581604004,40340
2020-03-18,5.5192179679870605,5.5192179679870605,5.24325704574585,5.28925085067749,5.180745601654053,20794
2020-03-19,5.082280158996582,5.082280158996582,5.0362868309021,5.0362868309021,4.932971000671387,14610
2020-03-20,4.829316139221191,5.0592827796936035,4.806319236755371,4.806319236755371,4.707720756530762,41892
2020-03-23,4.599348068237305,5.013289928436279,4.576352119445801,4.576352119445801,4.482470989227295,15776
2020-03-24,4.369380950927734,4.668338775634766,4.369380950927734,4.369380950927734,4.279746055603027,41388
2020-03-25,4.369380950927734,4.392377853393555,4.162409782409668,4.208404064178467,4.122071266174316,61897
2020-03-26,4.139412879943848,4.415373802185059,4.047427177429199,4.415373802185059,4.324795246124268,25860
2020-03-27,4.576352119445801,4.622344970703125,4.415373802185059,4.599348068237305,4.504995346069336,40553
2020-03-30,4.507360935211182,4.783321857452393,4.369380950927734,4.622344970703125,4.527520656585693,16661
2020-03-31,4.783321857452393,4.852313041687012,4.714332103729248,4.829316139221191,4.730246067047119,22511
2020-04-01,5.013289928436279,5.0592827796936035,4.737329006195068,5.0592827796936035,4.9554948806762695,49233
2020-04-03,5.151269912719727,5.312246799468994,5.128273010253906,5.312246799468994,5.2032694816589355,9888
2020-04-07,5.565211772918701,5.565211772918701,5.220260143280029,5.565211772918701,5.451045513153076,19400
2020-04-08,5.818175792694092,5.84117317199707,5.312246799468994,5.749186038970947,5.6312456130981445,32628
2020-04-09,5.979153156280518,6.025146961212158,5.7951788902282715,6.025146961212158,5.90154504776001,35283
2020-04-13,6.324103832244873,6.324103832244873,5.772181987762451,5.864169120788574,5.743869304656982,29858
2020-04-15,5.864169120788574,6.140130043029785,5.864169120788574,6.094137191772461,5.969120502471924,43497
2020-04-16,6.002150058746338,6.186123847961426,5.7951788902282715,6.048142910003662,5.924069881439209,47511
2020-04-17,6.347101211547852,6.347101211547852,6.301106929779053,6.347101211547852,6.216894626617432,13714
2020-04-20,6.646059036254883,6.646059036254883,6.646059036254883,6.646059036254883,6.509719371795654,2909
2020-04-21,6.968012809753418,6.968012809753418,6.462084770202637,6.715048789978027,6.57729434967041,68707
2020-04-22,7.037003040313721,7.037003040313721,6.76104211807251,7.037003040313721,6.892643928527832,16878
2020-04-23,7.358957767486572,7.381954193115234,7.037003040313721,7.381954193115234,7.230518817901611,14336
2020-04-24,7.74990177154541,7.74990177154541,7.565927982330322,7.74990177154541,7.590918064117432,21624
2020-04-27,8.117850303649902,8.117850303649902,8.117850303649902,8.117850303649902,7.95131778717041,5605
2020-04-28,8.508794784545898,8.508794784545898,7.726905822753906,8.048859596252441,7.883742332458496,95826
2020-04-29,8.048859596252441,8.048859596252441,7.657915115356445,7.703908920288086,7.545868396759033,36131
2020-04-30,7.496938228607178,8.002866744995117,7.381954193115234,7.588924884796143,7.4332427978515625,28527
2020-05-04,7.220976829528809,7.450944900512695,7.220976829528809,7.220976829528809,7.072843551635742,12527
2020-05-05,6.899023056030273,7.565927982330322,6.899023056030273,7.059999942779541,6.9151692390441895,14573
2020-05-06,7.404951095581055,7.404951095581055,6.80703592300415,7.404951095581055,7.2530436515808105,29038
2020-05-07,7.772899150848389,7.772899150848389,7.174983978271484,7.74990177154541,7.590918064117432,19731
2020-05-08,7.772899150848389,8.117850303649902,7.404951095581055,7.956872940063477,7.793642997741699,59110
2020-05-11,8.347818374633789,8.347818374633789,7.703908920288086,8.025862693786621,7.861217021942139,10351
2020-05-12,8.255830764770508,8.278826713562012,7.680912017822266,8.025862693786621,7.861217021942139,22979
2020-05-13,8.278826713562012,8.278826713562012,7.795896053314209,8.117850303649902,7.95131778717041,13227
2020-05-14,7.818892955780029,8.462800979614258,7.818892955780029,7.979869842529297,7.816168308258057,15130
2020-05-15,7.703908920288086,8.209836959838867,7.703908920288086,7.933876037597656,7.7711181640625,16045
2020-05-18,7.795896053314209,7.795896053314209,7.542932033538818,7.611921787261963,7.455768585205078,20894
2020-05-19,7.772899150848389,7.772899150848389,7.243974208831787,7.243974208831787,7.095368385314941,11634
2020-05-20,7.243974208831787,7.542932033538818,7.128990173339844,7.151987075805664,7.005268573760986,6392
2020-05-21,6.9910101890563965,7.496938228607178,6.9910101890563965,7.197979927062988,7.050317764282227,5785
2020-05-22,7.037003040313721,7.358957767486572,6.853028774261475,6.876026153564453,6.734969139099121,14260
2020-05-26,6.669054985046387,7.197979927062988,6.669054985046387,7.151987075805664,7.005268573760986,16900
2020-05-27,7.312963962554932,7.496938228607178,7.312963962554932,7.496938228607178,7.343143939971924,10688
2020-05-28,7.8648858070373535,7.8648858070373535,7.496938228607178,7.818892955780029,7.658493518829346,22377
2020-05-29,7.542932033538818,8.186840057373047,7.542932033538818,8.002866744995117,7.838693141937256,20981
2020-06-01,8.048859596252441,8.278826713562012,7.657915115356445,7.933876037597656,7.7711181640625,19617
2020-06-02,7.795896053314209,8.232833862304688,7.795896053314209,8.048859596252441,7.883742332458496,20033
2020-06-03,8.048859596252441,8.439805030822754,7.956872940063477,8.416808128356934,8.244142532348633,53346
2020-06-04,8.715765953063965,8.830748558044434,8.232833862304688,8.531791687011719,8.356767654418945,24614
2020-06-05,8.531791687011719,9.152704238891602,8.324821472167969,8.968729972839355,8.78474235534668,52333
2020-06-08,9.612639427185059,9.86560344696045,9.612639427185059,9.842605590820312,9.640689849853516,65974
2020-06-09,9.313680648803711,10.11856746673584,8.991726875305176,9.336677551269531,9.145142555236816,78228
2020-06-10,9.543647766113281,10.095569610595703,8.761758804321289,9.01472282409668,8.829792022705078,51474
2020-06-11,9.474658012390137,9.681629180908203,9.01472282409668,9.152704238891602,8.96494197845459,20711
2020-06-12,8.715765953063965,9.980587005615234,8.347818374633789,9.129707336425781,8.942418098449707,43608
2020-06-15,8.78475570678711,9.497654914855957,8.761758804321289,9.451661109924316,9.257766723632812,16245
2020-06-16,9.221693992614746,10.371530532836914,9.152704238891602,9.474658012390137,9.280292510986328,170034
2020-06-17,9.543647766113281,10.095569610595703,9.198697090148926,9.773615837097168,9.57311725616455,56797
2020-06-18,10.11856746673584,10.509511947631836,9.428665161132812,10.16456127166748,9.956042289733887,93671
2020-06-19,10.16456127166748,10.463518142700195,9.773615837097168,9.86560344696045,9.663217544555664,54146
2020-06-22,9.750618934631348,10.27954387664795,9.658632278442383,9.957590103149414,9.753316879272461,65441
2020-06-23,9.911596298217773,10.785472869873047,9.911596298217773,10.371530532836914,10.15876579284668,167364
2020-06-24,10.53250789642334,10.6014986038208,9.911596298217773,10.0725736618042,9.865942001342773,66246
2020-06-25,10.0725736618042,10.30254077911377,9.704626083374023,9.957590103149414,9.753316879272461,28534
2020-06-26,10.049576759338379,10.210554122924805,9.727622032165527,9.88860034942627,9.685742378234863,59067
2020-06-29,10.095569610595703,10.095569610595703,9.428665161132812,9.589641571044922,9.392916679382324,32041
2020-06-30,10.095569610595703,10.095569610595703,9.175700187683105,9.497654914855957,9.302815437316895,28801
2020-07-01,10.11856746673584,10.233551025390625,9.428665161132812,9.589641571044922,9.392916679382324,189922
2020-07-02,9.589641571044922,9.750618934631348,9.451661109924316,9.474658012390137,9.280292510986328,56431
2020-07-03,9.543647766113281,10.417525291442871,9.474658012390137,10.417525291442871,10.203817367553711,268033
2020-07-06,10.647492408752441,11.015439987182617,9.934593200683594,10.16456127166748,9.956042289733887,194647
2020-07-07,9.88860034942627,10.509511947631836,9.704626083374023,10.27954387664795,10.06866455078125,71853
2020-07-08,10.463518142700195,10.854462623596191,9.911596298217773,10.348533630371094,10.13624095916748,149408
2020-07-09,10.55550479888916,10.57850170135498,10.11856746673584,10.463518142700195,10.248866081237793,40429
2020-07-10,10.57850170135498,10.716482162475586,9.88860034942627,10.509511947631836,10.293916702270508,96848
2020-07-13,10.16456127166748,10.739479064941406,10.026579856872559,10.256546974182129,10.046141624450684,38072
2020-07-14,10.026579856872559,10.233551025390625,9.612639427185059,9.819608688354492,9.618165969848633,23607
2020-07-15,10.27954387664795,10.371530532836914,8.968729972839355,9.313680648803711,9.1226167678833,38235
2020-07-16,9.520651817321777,9.819608688354492,8.60078239440918,9.244690895080566,9.055042266845703,43673
2020-07-17,9.520651817321777,9.612639427185059,8.968729972839355,9.198697090148926,9.009991645812988,31371
2020-07-20,9.313680648803711,10.11856746673584,9.08371353149414,9.750618934631348,9.550591468811035,50244
2020-07-21,10.0725736618042,10.440521240234375,9.566644668579102,9.957590103149414,9.753316879272461,84898
2020-07-22,9.727622032165527,10.440521240234375,9.566644668579102,9.612639427185059,9.41544246673584,39142
2020-07-23,9.980587005615234,9.980587005615234,9.497654914855957,9.658632278442383,9.460492134094238,24225
2020-07-24,9.520651817321777,10.32553768157959,9.26768684387207,9.612639427185059,9.41544246673584,139574
2020-07-27,9.773615837097168,9.773615837097168,9.382671356201172,9.520651817321777,9.325342178344727,30545
2020-07-28,9.658632278442383,9.727622032165527,9.06071662902832,9.152704238891602,8.96494197845459,37627
2020-07-29,9.198697090148926,9.543647766113281,8.991726875305176,9.0377197265625,8.852317810058594,31763
2020-07-30,9.405668258666992,9.589641571044922,8.761758804321289,9.01472282409668,8.829792022705078,49565
2020-07-31,9.175700187683105,9.198697090148926,8.761758804321289,8.80775260925293,8.627067565917969,22829
2020-08-03,8.968729972839355,9.152704238891602,8.393811225891113,8.991726875305176,8.807268142700195,24431
2020-08-04,9.152704238891602,9.428665161132812,8.85374641418457,9.221693992614746,9.032517433166504,41616
2020-08-05,8.991726875305176,9.658632278442383,8.968729972839355,9.221693992614746,9.032517433166504,44347
2020-08-06,9.106710433959961,9.635635375976562,9.08371353149414,9.497654914855957,9.302815437316895,41401
2020-08-07,9.704626083374023,10.57850170135498,9.428665161132812,10.210554122924805,10.001091003417969,172957
2020-08-10,10.57850170135498,11.360390663146973,9.88860034942627,10.946450233459473,10.721891403198242,268472
2020-08-11,11.337393760681152,11.59035873413086,10.233551025390625,10.624494552612305,10.406539916992188,88458
2020-08-12,10.900456428527832,10.900456428527832,10.14156436920166,10.348533630371094,10.13624095916748,83959
2020-08-13,10.670489311218262,10.670489311218262,9.727622032165527,10.27954387664795,10.06866455078125,78476
2020-08-14,10.371530532836914,10.946450233459473,10.11856746673584,10.30254077911377,10.091190338134766,80950
2020-08-17,10.57850170135498,10.670489311218262,9.957590103149414,10.348533630371094,10.13624095916748,41827
2020-08-18,10.647492408752441,11.935310363769531,10.187557220458984,11.337393760681152,11.104814529418945,297002
2020-08-19,11.498372077941895,12.970163345336914,11.130423545837402,12.602214813232422,12.343688011169434,762199
2020-08-20,12.188274383544922,15.108860969543457,12.188274383544922,15.108860969543457,14.79891300201416,596534
2020-08-21,16.557655334472656,16.603649139404297,14.924886703491211,15.269838333129883,14.956586837768555,1165769
2020-08-24,15.752769470214844,15.752769470214844,14.303974151611328,14.533942222595215,14.235788345336914,200965
2020-08-25,14.62592887878418,15.269838333129883,14.028014183044434,14.786906242370605,14.483563423156738,205992
2020-08-26,14.947882652282715,15.223843574523926,14.418957710266113,14.64892578125,14.348413467407227,93402
2020-08-27,15.085864067077637,15.085864067077637,14.533942222595215,14.786906242370605,14.483563423156738,147662
2020-08-28,14.947882652282715,15.775766372680664,13.31511402130127,13.31511402130127,13.041963577270508,2572894
2020-08-31,13.10814380645752,13.660065650939941,12.004300117492676,12.004300117492676,11.758040428161621,265741
2020-09-01,11.958307266235352,12.188274383544922,10.969447135925293,11.705342292785645,11.465214729309082,236285
2020-09-02,11.958307266235352,12.142280578613281,11.40638542175293,11.705342292785645,11.465214729309082,78735
2020-09-03,11.958307266235352,11.958307266235352,11.291400909423828,11.475375175476074,11.23996639251709,81037
2020-09-04,11.452378273010254,11.774333000183105,11.176417350769043,11.452378273010254,11.217440605163574,79513
2020-09-07,11.567361831665039,11.728339195251465,11.199414253234863,11.521368026733398,11.285014152526855,68044
2020-09-08,11.521368026733398,11.65934944152832,10.946450233459473,10.946450233459473,10.721891403198242,152549
2020-09-09,11.038436889648438,11.268404006958008,10.417525291442871,10.440521240234375,10.226341247558594,98948
2020-09-10,10.80846881866455,10.946450233459473,10.440521240234375,10.923453330993652,10.699365615844727,193442
2020-09-11,11.038436889648438,11.360390663146973,10.6014986038208,10.946450233459473,10.721891403198242,50261
2020-09-14,11.314397811889648,11.314397811889648,10.6014986038208,10.647492408752441,10.429065704345703,94948
2020-09-15,10.831465721130371,10.831465721130371,10.256546974182129,10.371530532836914,10.15876579284668,162546
2020-09-16,10.371530532836914,10.877459526062012,10.003582954406738,10.831465721130371,10.609264373779297,282335
2020-09-17,10.877459526062012,11.176417350769043,10.486515045166016,10.785472869873047,10.564216613769531,93856
2020-09-18,11.153421401977539,11.268404006958008,10.739479064941406,11.107426643371582,10.879566192626953,95724
2020-09-21,11.107426643371582,11.268404006958008,10.509511947631836,10.53250789642334,10.359335899353027,26540
2020-09-22,10.739479064941406,10.923453330993652,10.16456127166748,10.739479064941406,10.56290340423584,53435
2020-09-23,10.900456428527832,10.969447135925293,10.348533630371094,10.440521240234375,10.268861770629883,95496
2020-09-24,10.440521240234375,10.440521240234375,9.980587005615234,10.0725736618042,9.906964302062988,17543
2020-09-25,10.348533630371094,10.55550479888916,9.957590103149414,10.417525291442871,10.246244430541992,16191
2020-09-28,10.647492408752441,10.923453330993652,10.57850170135498,10.854462623596191,10.675997734069824,58434
2020-09-29,11.038436889648438,11.383387565612793,10.80846881866455,11.061433792114258,10.879566192626953,73238
2020-09-30,11.153421401977539,11.153421401977539,10.716482162475586,10.900456428527832,10.721234321594238,19028
2020-10-01,10.647492408752441,11.268404006958008,10.647492408752441,11.061433792114258,10.879566192626953,53933
2020-10-05,10.900456428527832,11.40638542175293,10.647492408752441,11.360390663146973,11.173606872558594,180610
2020-10-06,11.774333000183105,11.774333000183105,10.80846881866455,10.80846881866455,10.630759239196777,270833
2020-10-07,10.854462623596191,10.854462623596191,10.27954387664795,10.27954387664795,10.110529899597168,107560
2020-10-08,10.27954387664795,10.53250789642334,10.11856746673584,10.371530532836914,10.201004981994629,14204
2020-10-09,10.348533630371094,10.647492408752441,10.11856746673584,10.39452838897705,10.223625183105469,26682
2020-10-12,10.256546974182129,10.716482162475586,10.233551025390625,10.39452838897705,10.223625183105469,23986
2020-10-13,10.55550479888916,10.55550479888916,10.003582954406738,10.0725736618042,9.906964302062988,54444
2020-10-14,9.957590103149414,10.32553768157959,9.29068374633789,9.727622032165527,9.567684173583984,33656
2020-10-15,9.934593200683594,10.11856746673584,8.899740219116211,9.612639427185059,9.454591751098633,35444
2020-10-16,9.612639427185059,10.11856746673584,9.382671356201172,9.750618934631348,9.590302467346191,60734
2020-10-19,9.750618934631348,9.842605590820312,9.152704238891602,9.336677551269531,9.183167457580566,64496
2020-10-20,9.359674453735352,9.543647766113281,9.08371353149414,9.198697090148926,9.047454833984375,74186
2020-10-21,9.405668258666992,9.88860034942627,9.244690895080566,9.566644668579102,9.409353256225586,24720
2020-10-22,9.451661109924316,9.86560344696045,9.29068374633789,9.658632278442383,9.499828338623047,25251
2020-10-23,9.88860034942627,10.049576759338379,9.313680648803711,9.773615837097168,9.612921714782715,74617
2020-10-26,9.796612739562988,10.0725736618042,9.451661109924316,9.704626083374023,9.545065879821777,38392
2020-10-27,10.14156436920166,10.14156436920166,9.543647766113281,9.612639427185059,9.454591751098633,55038
2020-10-28,9.635635375976562,9.957590103149414,9.566644668579102,9.911596298217773,9.74863338470459,19509
2020-10-29,9.497654914855957,10.003582954406738,9.313680648803711,9.543647766113281,9.386734008789062,27438
2020-10-30,9.727622032165527,9.934593200683594,9.428665161132812,9.704626083374023,9.545065879821777,16358
2020-11-02,9.497654914855957,9.88860034942627,9.428665161132812,9.635635375976562,9.47721004486084,34428
2020-11-03,9.497654914855957,9.819608688354492,9.474658012390137,9.566644668579102,9.409353256225586,20681
2020-11-04,9.520651817321777,9.658632278442383,9.29068374633789,9.313680648803711,9.160548210144043,28591
2020-11-05,9.474658012390137,9.727622032165527,9.359674453735352,9.428665161132812,9.273642539978027,60373
2020-11-06,9.658632278442383,10.348533630371094,9.451661109924316,9.86560344696045,9.703396797180176,96002
2020-11-09,10.348533630371094,10.348533630371094,9.543647766113281,9.934593200683594,9.77125072479248,27401
2020-11-10,9.727622032165527,10.30254077911377,9.681629180908203,10.049576759338379,9.884345054626465,82587
2020-11-11,9.88860034942627,10.30254077911377,9.313680648803711,10.095569610595703,9.929581642150879,121088
2020-11-12,9.88860034942627,10.57850170135498,9.704626083374023,10.210554122924805,10.042675018310547,157563
2020-11-13,10.187557220458984,10.348533630371094,9.88860034942627,10.003582954406738,9.839107513427734,146457
2020-11-14,10.256546974182129,10.854462623596191,9.474658012390137,10.53250789642334,10.359335899353027,372785
2020-11-17,10.762475967407227,11.567361831665039,10.739479064941406,11.567361831665039,11.377175331115723,366891
2020-11-18,12.09628677368164,12.717199325561523,12.027297019958496,12.717199325561523,12.508108139038086,390368
2020-11-19,12.280261039733887,13.062150001525879,12.09628677368164,12.257264137268066,12.055733680725098,292819
2020-11-20,11.958307266235352,12.533225059509277,11.65934944152832,11.68234634399414,11.49026870727539,197321
2020-11-23,12.165276527404785,12.165276527404785,11.337393760681152,11.65934944152832,11.467650413513184,97724
2020-11-24,11.958307266235352,12.234267234802246,11.176417350769043,11.705342292785645,11.512887001037598,74225
2020-11-25,12.234267234802246,12.234267234802246,11.498372077941895,11.751336097717285,11.558125495910645,46921
2020-11-26,11.889315605163574,12.142280578613281,11.636351585388184,11.84332275390625,11.648599624633789,34909
2020-11-27,12.234267234802246,12.326253890991211,11.360390663146973,11.613354682922363,11.42241096496582,137869
2020-12-01,11.774333000183105,12.188274383544922,11.636351585388184,12.188274383544922,11.987879753112793,88014
2020-12-02,12.786189079284668,12.786189079284668,12.326253890991211,12.694202423095703,12.485487937927246,153773
2020-12-03,12.993160247802734,13.039154052734375,12.234267234802246,12.441238403320312,12.23668384552002,86160
2020-12-04,12.717199325561523,13.062150001525879,12.303257942199707,12.579218864440918,12.372395515441895,95278
2020-12-07,13.062150001525879,13.062150001525879,12.625211715698242,12.970163345336914,12.756912231445312,91913
2020-12-08,13.0851469039917,13.246124267578125,11.889315605163574,12.234267234802246,12.03311538696289,196123
2020-12-09,12.740196228027344,12.740196228027344,12.07328987121582,12.165276527404785,11.965258598327637,73347
2020-12-10,12.878175735473633,13.36110782623291,12.372247695922852,13.0851469039917,12.87000560760498,400754
2020-12-11,14.372964859008789,14.372964859008789,14.372964859008789,14.372964859008789,14.136649131774902,409827
2020-12-14,15.384820938110352,15.384820938110352,13.890032768249512,14.372964859008789,14.136649131774902,531653
2020-12-15,14.372964859008789,14.694918632507324,13.59107494354248,13.959023475646973,13.729513168334961,183486
2020-12-16,13.936026573181152,14.487948417663574,13.867035865783691,14.051010131835938,13.819988250732422,88116
2020-12-17,13.867035865783691,14.142996788024902,13.59107494354248,13.660065650939941,13.435471534729004,90547
2020-12-18,13.660065650939941,15.016874313354492,12.441238403320312,14.671921730041504,14.430689811706543,702947
2020-12-21,14.441954612731934,14.487948417663574,13.223127365112305,13.31511402130127,13.09619140625,210501
2020-12-22,13.545082092285156,13.637068748474121,12.211271286010742,13.407100677490234,13.186665534973145,121023
2020-12-23,14.120000839233398,14.441954612731934,13.798046112060547,14.165993690490723,13.93308162689209,254277
2020-12-24,14.303974151611328,14.717915534973145,13.821043014526367,14.051010131835938,13.819988250732422,202948
2020-12-28,14.051010131835938,15.361824989318848,14.051010131835938,15.062867164611816,14.815208435058594,961988
2020-12-29,14.90188980102539,15.131856918334961,14.372964859008789,14.441954612731934,14.20450496673584,202861
2020-12-30,14.694918632507324,14.717915534973145,13.844039916992188,14.165993690490723,13.93308162689209,662322
2020-12-31,14.165993690490723,14.533942222595215,13.913029670715332,14.028014183044434,13.797369956970215,171833
2021-01-01,14.074007034301758,14.349967956542969,13.890032768249512,14.097003936767578,13.865225791931152,66200
2021-01-04,14.142996788024902,14.62592887878418,13.982020378112793,14.21198844909668,13.978320121765137,130066
2021-01-05,14.051010131835938,14.671921730041504,14.028014183044434,14.441954612731934,14.20450496673584,109648
2021-01-06,14.510945320129395,14.671921730041504,14.257981300354004,14.395960807800293,14.159266471862793,135138
2021-01-07,14.487948417663574,15.821760177612305,14.395960807800293,15.614789009094238,15.358055114746094,1971870
2021-01-08,15.821760177612305,16.189708709716797,15.223843574523926,15.407817840576172,15.154487609863281,303940
2021-01-11,15.637785911560059,15.637785911560059,14.62592887878418,15.131856918334961,14.883064270019531,159407
2021-01-12,14.90188980102539,15.177850723266602,14.441954612731934,14.62592887878418,14.385454177856445,152865
2021-01-13,14.90188980102539,15.131856918334961,14.510945320129395,14.832900047302246,14.589021682739258,170795
2021-01-14,14.441954612731934,14.947882652282715,14.257981300354004,14.418957710266113,14.181886672973633,101655
2021-01-15,14.717915534973145,14.717915534973145,13.867035865783691,13.959023475646973,13.729513168334961,116825
2021-01-18,13.821043014526367,14.142996788024902,13.039154052734375,13.499088287353516,13.277140617370605,75378
2021-01-19,13.568078994750977,14.395960807800293,13.38410472869873,13.568078994750977,13.34499740600586,91352
2021-01-20,13.775049209594727,13.844039916992188,13.38410472869873,13.453095436096191,13.231904029846191,67622
2021-01-21,13.223127365112305,13.867035865783691,13.154136657714844,13.269121170043945,13.050954818725586,83031
2021-01-22,13.660065650939941,14.120000839233398,12.050293922424316,13.6140718460083,13.390233993530273,251692
2021-01-25,13.706059455871582,13.913029670715332,12.970163345336914,13.0851469039917,12.87000560760498,121791
2021-01-27,13.476092338562012,13.476092338562012,12.717199325561523,12.855179786682129,12.643818855285645,53566
2021-01-28,12.648208618164062,13.223127365112305,12.464235305786133,12.924169540405273,12.711674690246582,46537
2021-01-29,12.924169540405273,13.568078994750977,12.924169540405273,12.970163345336914,12.756912231445312,27958
2021-02-01,13.6140718460083,13.6140718460083,12.602214813232422,12.924169540405273,12.711674690246582,59064
2021-02-02,13.292118072509766,13.430097579956055,12.970163345336914,13.154136657714844,12.937860488891602,75051
2021-02-03,13.177133560180664,13.568078994750977,13.039154052734375,13.0851469039917,12.87000560760498,45543
2021-02-04,13.0851469039917,13.407100677490234,12.901172637939453,13.016157150268555,12.802149772644043,72216
2021-02-05,13.223127365112305,13.775049209594727,13.223127365112305,13.33811092376709,13.118810653686523,114522
2021-02-08,13.33811092376709,13.33811092376709,13.062150001525879,13.154136657714844,12.937860488891602,74267
2021-02-09,13.223127365112305,13.798046112060547,13.223127365112305,13.660065650939941,13.435471534729004,210303
2021-02-10,13.476092338562012,13.752053260803223,13.38410472869873,13.545082092285156,13.322378158569336,35815
2021-02-11,13.522085189819336,13.729056358337402,13.453095436096191,13.59107494354248,13.36761474609375,47874
2021-02-12,13.660065650939941,14.051010131835938,13.13114070892334,13.292118072509766,13.073573112487793,69085
2021-02-15,13.522085189819336,14.924886703491211,13.522085189819336,14.280978202819824,14.046175003051758,847493
2021-02-16,14.441954612731934,14.717915534973145,13.522085189819336,14.441954612731934,14.20450496673584,292426
2021-02-17,16.405826568603516,17.32406234741211,16.038530349731445,17.293453216552734,17.009119033813477,457153
2021-02-18,17.660749435424805,17.691356658935547,16.681297302246094,16.956768035888672,16.677968978881836,130170
2021-02-19,16.528257369995117,16.65068817138672,15.548805236816406,15.946706771850586,15.684515953063965,158620
2021-02-22,15.916099548339844,16.28339385986328,15.426372528076172,16.007923126220703,15.744726181030273,67074
2021-02-23,15.946706771850586,16.405826568603516,15.30394172668457,15.610020637512207,15.353365898132324,85094
2021-02-24,15.487588882446289,16.099746704101562,14.936647415161133,15.30394172668457,15.052319526672363,48124
2021-02-25,15.45698070526123,15.487588882446289,15.120294570922852,15.212118148803711,14.962005615234375,49895
2021-02-26,14.997862815856934,15.30394172668457,14.538744926452637,15.181509971618652,14.931900024414062,87000
2021-03-01,14.814215660095215,16.222177505493164,14.753000259399414,15.946706771850586,15.684515953063965,161879
2021-03-02,16.314001083374023,16.314001083374023,15.426372528076172,15.579413414001465,15.323262214660645,93064
2021-03-03,15.854884147644043,15.916099548339844,14.753000259399414,15.028470993041992,14.781377792358398,128300
2021-03-04,15.548805236816406,15.793667793273926,14.814215660095215,14.997862815856934,14.751273155212402,237634
2021-03-05,15.181509971618652,15.273333549499512,14.63056755065918,14.844823837280273,14.600749969482422,93083
2021-03-08,15.08968734741211,15.08968734741211,14.07962703704834,14.32448959350586,14.088971138000488,214786
2021-03-09,14.63056755065918,14.753000259399414,14.263274192810059,14.355096817016602,14.119074821472168,117257
2021-03-10,14.263274192810059,14.844823837280273,14.018410682678223,14.47752857208252,14.239494323730469,100439
2021-03-12,14.232666015625,14.661175727844238,14.14084243774414,14.32448959350586,14.088971138000488,55836
2021-03-15,14.263274192810059,14.416313171386719,13.742939949035645,13.926587104797363,13.697610855102539,41706
2021-03-16,14.569353103637695,14.569353103637695,11.937074661254883,12.181938171386719,11.981646537780762,708412
2021-03-17,12.181938171386719,13.16139030456543,12.181938171386719,12.610447883605957,12.40311050415039,264379
2021-03-18,12.54923152923584,12.977743148803711,12.181938171386719,12.426800727844238,12.22248363494873,65043
2021-03-19,12.212546348571777,12.702272415161133,11.784034729003906,12.610447883605957,12.40311050415039,39898
2021-03-22,12.702272415161133,12.702272415161133,12.181938171386719,12.243152618408203,12.041854858398438,42980
2021-03-23,12.916526794433594,12.916526794433594,12.243152618408203,12.30436897277832,12.102065086364746,57310
2021-03-24,11.753426551818848,12.120721817016602,11.569780349731445,11.692212104797363,11.499972343444824,187164
2021-03-25,11.263701438903809,11.508563995361328,10.437288284301758,10.712759017944336,10.536623001098633,193523
2021-03-26,10.896407127380371,11.171876907348633,10.22303295135498,10.957621574401855,10.777460098266602,155770
2021-03-30,10.559720039367676,10.651542663574219,9.8251314163208,10.161816596984863,9.994738578796387,317256
2021-03-31,10.100601196289062,10.590328216552734,8.876285552978516,9.641483306884766,9.48296070098877,261060
2021-04-01,9.978170394897461,10.498503684997559,9.916954040527344,10.4066801071167,10.235576629638672,150696
2021-04-05,10.590328216552734,10.835190773010254,9.916954040527344,10.161816596984863,9.994738578796387,138029
2021-04-06,10.161816596984863,10.957621574401855,9.916954040527344,10.284249305725098,10.115159034729004,128550
2021-04-07,10.4066801071167,10.590328216552734,9.519051551818848,10.529111862182617,10.355995178222656,164201
2021-04-08,10.529111862182617,10.835190773010254,10.345464706420898,10.37607192993164,10.205471992492676,317659
2021-04-09,10.590328216552734,12.181938171386719,10.31485652923584,11.630995750427246,11.439762115478516,1110117
2021-04-12,11.508563995361328,11.569780349731445,10.4066801071167,11.386133193969727,11.198925018310547,433064
2021-04-13,11.386133193969727,11.508563995361328,10.773975372314453,11.263701438903809,11.078507423400879,119786
2021-04-15,10.927014350891113,11.630995750427246,10.773975372314453,11.202485084533691,11.01829719543457,56965
2021-04-16,11.447347640991211,11.447347640991211,10.896407127380371,11.049446105957031,10.867774963378906,65429
2021-04-19,10.345464706420898,10.743367195129395,10.284249305725098,10.498503684997559,10.325891494750977,100573
2021-04-20,10.712759017944336,11.263701438903809,10.498503684997559,10.835190773010254,10.657042503356934,174406
2021-04-22,10.835190773010254,11.447347640991211,10.773975372314453,11.355525016784668,11.168821334838867,198457
2021-04-23,11.23309326171875,11.29430866241455,10.896407127380371,11.018837928771973,10.837669372558594,56444
2021-04-26,10.957621574401855,11.23309326171875,10.957621574401855,11.08005428314209,10.897880554199219,50981
2021-04-27,11.263701438903809,11.416741371154785,10.957621574401855,11.23309326171875,11.048402786254883,111606
2021-04-28,11.386133193969727,12.181938171386719,11.171876907348633,11.692212104797363,11.499972343444824,672426
2021-04-29,11.90646743774414,12.181938171386719,11.630995750427246,11.692212104797363,11.499972343444824,223636
2021-04-30,11.569780349731445,11.784034729003906,11.447347640991211,11.692212104797363,11.499972343444824,88434
2021-05-03,11.784034729003906,11.845251083374023,11.447347640991211,11.569780349731445,11.379554748535156,87724
2021-05-04,11.569780349731445,11.998290061950684,11.47795581817627,11.508563995361328,11.319343566894531,159733
2021-05-05,11.600387573242188,11.875859260559082,11.539172172546387,11.600387573242188,11.409658432006836,134798
2021-05-06,11.630995750427246,11.722819328308105,11.202485084533691,11.447347640991211,11.259134292602539,53479
2021-05-07,11.447347640991211,11.630995750427246,11.263701438903809,11.386133193969727,11.198925018310547,78241
2021-05-10,11.47795581817627,11.753426551818848,11.416741371154785,11.539172172546387,11.349449157714844,123989
2021-05-11,11.32491683959961,12.824703216552734,11.32491683959961,12.426800727844238,12.22248363494873,432896
2021-05-12,12.824703216552734,14.508136749267578,12.54923152923584,13.834762573242188,13.607295989990234,926689
2021-05-14,14.202057838439941,14.844823837280273,13.957195281982422,14.293882369995117,14.058866500854492,608959
2021-05-17,14.355096817016602,15.487588882446289,14.110234260559082,15.181509971618652,14.931900024414062,630001
2021-05-18,15.732452392578125,17.04859161376953,14.875432014465332,16.3446102142334,16.075878143310547,1607469
2021-05-19,15.977314949035645,17.966827392578125,15.946706771850586,17.966827392578125,17.671422958374023,2236982
2021-05-20,18.30351448059082,19.589046478271484,17.44649314880371,18.732025146484375,18.42403793334961,1409404
2021-05-21,18.548377990722656,19.405397415161133,17.079198837280273,18.670808792114258,18.36383056640625,719040
2021-05-24,19.25235939025879,19.405397415161133,18.30351448059082,18.670808792114258,18.36383056640625,318813
2021-05-25,18.915672302246094,18.946279525756836,17.385278701782227,17.966827392578125,17.671422958374023,383200
2021-05-26,17.966827392578125,18.456554412841797,17.201631546020508,17.477102279663086,17.189748764038086,316982
2021-05-27,18.18108367919922,18.18108367919922,16.65068817138672,16.956768035888672,16.677968978881836,388491
2021-05-28,17.017982482910156,17.293453216552734,15.395766258239746,15.732452392578125,15.473785400390625,670613
2021-05-31,15.793667793273926,15.824275970458984,14.171449661254883,14.202057838439941,13.968551635742188,1369663
2021-06-01,13.895978927612305,14.232666015625,13.498077392578125,13.865370750427246,13.63740062713623,622795
2021-06-02,13.98780345916748,14.538744926452637,13.98780345916748,14.538744926452637,14.299703598022461,268120
2021-06-03,14.691783905029297,15.24272632598877,14.691783905029297,15.24272632598877,14.992111206054688,214196
2021-06-04,15.854884147644043,15.977314949035645,14.63056755065918,14.753000259399414,14.51043701171875,670658
2021-06-07,15.30394172668457,15.30394172668457,14.875432014465332,15.08968734741211,14.841588020324707,212316
2021-06-08,15.30394172668457,15.793667793273926,14.875432014465332,15.671236991882324,15.413575172424316,359203
2021-06-09,15.977314949035645,16.436433792114258,15.610020637512207,15.916099548339844,15.654412269592285,659067
2021-06-10,15.916099548339844,16.711904525756836,15.916099548339844,16.711904525756836,16.4371337890625,301600
2021-06-11,17.109806060791016,17.538318634033203,16.773120880126953,17.538318634033203,17.24995994567871,539117
2021-06-14,18.058652877807617,18.058652877807617,16.681297302246094,17.109806060791016,16.828493118286133,276788
2021-06-15,17.32406234741211,17.844396591186523,17.14041519165039,17.201631546020508,16.918807983398438,241921
2021-06-16,17.783180236816406,17.783180236816406,16.834335327148438,16.864944458007812,16.587656021118164,111855
2021-06-17,16.467042922973633,16.773120880126953,16.038530349731445,16.038530349731445,15.774829864501953,400913
2021-06-18,16.038530349731445,16.436433792114258,15.24272632598877,15.793667793273926,15.5339937210083,439288
2021-06-21,15.30394172668457,16.55886459350586,15.05907917022705,16.55886459350586,16.286609649658203,326935
2021-06-22,17.262847900390625,17.385278701782227,16.3446102142334,16.65068817138672,16.376924514770508,260537
2021-06-23,17.109806060791016,17.109806060791016,16.222177505493164,16.314001083374023,16.0457706451416,90357
2021-06-24,16.436433792114258,16.55886459350586,15.916099548339844,16.130355834960938,15.865145683288574,108720
2021-06-25,16.130355834960938,16.895551681518555,15.793667793273926,16.222177505493164,15.955456733703613,326286
2021-06-28,16.28339385986328,16.436433792114258,15.732452392578125,16.007923126220703,15.744726181030273,144555
2021-06-29,15.793667793273926,16.222177505493164,15.610020637512207,15.885492324829102,15.624307632446289,130597
2021-06-30,15.885492324829102,16.25278663635254,15.854884147644043,16.099746704101562,15.835041046142578,81750
2021-07-01,15.977314949035645,16.28339385986328,15.548805236816406,15.671236991882324,15.413575172424316,96360
2021-07-02,16.099746704101562,16.099746704101562,15.487588882446289,15.701844215393066,15.443679809570312,119838
2021-07-05,16.06913948059082,16.467042922973633,15.701844215393066,15.793667793273926,15.5339937210083,450918
2021-07-06,15.793667793273926,16.28339385986328,15.395766258239746,15.732452392578125,15.473785400390625,96545
2021-07-07,16.16096305847168,16.16096305847168,15.671236991882324,15.916099548339844,15.654412269592285,108207
2021-07-08,16.222177505493164,16.222177505493164,15.548805236816406,15.793667793273926,15.5339937210083,176216
2021-07-09,16.007923126220703,16.06913948059082,15.518197059631348,15.610020637512207,15.353365898132324,73530
2021-07-12,16.099746704101562,16.130355834960938,15.793667793273926,15.916099548339844,15.654412269592285,173269
2021-07-13,16.038530349731445,16.65068817138672,15.548805236816406,15.640628814697266,15.38347053527832,569995
2021-07-14,16.06913948059082,16.191570281982422,15.671236991882324,16.038530349731445,15.774829864501953,213170
2021-07-15,16.28339385986328,16.711904525756836,15.732452392578125,15.885492324829102,15.624307632446289,497460
2021-07-16,16.038530349731445,16.099746704101562,15.732452392578125,15.793667793273926,15.5339937210083,87869
2021-07-19,15.45698070526123,15.885492324829102,15.365158081054688,15.610020637512207,15.353365898132324,131850
2021-07-20,15.365158081054688,15.763059616088867,14.997862815856934,15.150901794433594,14.901795387268066,159137
2021-07-22,15.45698070526123,15.885492324829102,15.120294570922852,15.334549903869629,15.082425117492676,201938
2021-07-23,15.212118148803711,15.579413414001465,15.05907917022705,15.181509971618652,14.991747856140137,73085
2021-07-26,15.05907917022705,15.395766258239746,14.875432014465332,14.997862815856934,14.810396194458008,80567
2021-07-27,15.426372528076172,15.426372528076172,14.844823837280273,14.936647415161133,14.749946594238281,98489
2021-07-28,15.24272632598877,15.24272632598877,14.569353103637695,14.936647415161133,14.749946594238281,84871
2021-07-29,15.120294570922852,15.426372528076172,14.753000259399414,15.08968734741211,14.90107250213623,104876
2021-07-30,15.212118148803711,15.701844215393066,14.844823837280273,15.05907917022705,14.870847702026367,172622
2021-08-02,15.273333549499512,15.273333549499512,14.691783905029297,14.967254638671875,14.780171394348145,167402
2021-08-03,14.814215660095215,15.610020637512207,14.691783905029297,15.273333549499512,15.08242416381836,218660
2021-08-04,15.610020637512207,15.732452392578125,15.150901794433594,15.273333549499512,15.08242416381836,126684
2021-08-05,15.212118148803711,15.30394172668457,14.569353103637695,14.783608436584473,14.598819732666016,116255
2021-08-06,14.997862815856934,15.212118148803711,14.569353103637695,14.691783905029297,14.508143424987793,62611
2021-08-09,14.47752857208252,15.028470993041992,14.38570499420166,14.508136749267578,14.326791763305664,84889
2021-08-10,14.38570499420166,14.599961280822754,13.804156303405762,13.926587104797363,13.752511024475098,132843
2021-08-11,14.049018859863281,14.049018859863281,13.253213882446289,13.253213882446289,13.087554931640625,117793
2021-08-12,13.436861038208008,13.895978927612305,13.40625286102295,13.895978927612305,13.722285270690918,32463
2021-08-13,14.38570499420166,14.569353103637695,14.110234260559082,14.569353103637695,14.387243270874023,87995
2021-08-16,14.997862815856934,14.997862815856934,14.110234260559082,14.232666015625,14.054764747619629,59174
2021-08-17,14.202057838439941,14.263274192810059,13.528684616088867,13.589900016784668,13.420032501220703,57333
2021-08-18,14.049018859863281,14.049018859863281,13.00835132598877,13.22260570526123,13.057329177856445,41873
2021-08-20,13.16139030456543,13.589900016784668,12.824703216552734,13.100173950195312,12.93642807006836,64824
2021-08-23,12.885918617248535,13.55929183959961,12.457408905029297,12.457408905029297,12.30169677734375,85491
2021-08-24,12.39619255065918,13.069565773010254,11.937074661254883,13.00835132598877,12.845752716064453,84424
2021-08-25,13.038957595825195,13.40625286102295,12.610447883605957,12.702272415161133,12.543499946594238,37472
2021-08-26,13.100173950195312,13.31442928314209,12.824703216552734,13.130782127380371,12.966652870178223,20850
2021-08-27,13.31442928314209,13.31442928314209,12.855311393737793,13.038957595825195,12.8759765625,21780
2021-08-30,13.038957595825195,13.589900016784668,13.038957595825195,13.37564468383789,13.208455085754395,36054
2021-08-31,13.742939949035645,13.773548126220703,13.191997528076172,13.589900016784668,13.420032501220703,40002
2021-09-01,13.589900016784668,13.926587104797363,13.16139030456543,13.283822059631348,13.117780685424805,73307
2021-09-02,13.55929183959961,13.895978927612305,13.16139030456543,13.620508193969727,13.450258255004883,84695
2021-09-03,14.293882369995117,14.293882369995117,13.589900016784668,14.202057838439941,14.02453899383545,100214
2021-09-06,14.202057838439941,14.691783905029297,13.957195281982422,14.232666015625,14.054764747619629,54889
2021-09-07,14.32448959350586,14.32448959350586,13.804156303405762,13.895978927612305,13.722285270690918,28245
2021-09-08,13.926587104797363,14.018410682678223,13.40625286102295,13.773548126220703,13.601385116577148,79017
2021-09-09,13.773548126220703,14.355096817016602,13.528684616088867,13.865370750427246,13.692060470581055,54776
2021-09-13,13.773548126220703,14.508136749267578,13.773548126220703,14.32448959350586,14.145440101623535,58761
2021-09-14,14.661175727844238,14.997862815856934,14.171449661254883,14.844823837280273,14.659270286560059,98407
2021-09-15,14.997862815856934,15.30394172668457,14.416313171386719,14.691783905029297,14.508143424987793,103535
2021-09-16,14.936647415161133,14.936647415161133,14.263274192810059,14.32448959350586,14.145440101623535,77953
2021-09-17,14.14084243774414,14.538744926452637,13.834762573242188,13.957195281982422,13.782736778259277,66812
2021-09-20,14.263274192810059,14.63056755065918,13.528684616088867,13.957195281982422,13.782736778259277,219461
2021-09-21,14.049018859863281,14.32448959350586,13.620508193969727,13.865370750427246,13.692060470581055,37284
2021-09-22,14.018410682678223,14.14084243774414,13.620508193969727,13.865370750427246,13.692060470581055,35361
2021-09-23,14.202057838439941,14.232666015625,13.681723594665527,13.865370750427246,13.692060470581055,73252
2021-09-24,13.773548126220703,14.171449661254883,13.345037460327148,13.773548126220703,13.601385116577148,89713
2021-09-27,13.681723594665527,13.957195281982422,13.100173950195312,13.283822059631348,13.117780685424805,168784
2021-09-28,13.436861038208008,13.712331771850586,13.00835132598877,13.589900016784668,13.420032501220703,93529
2021-09-29,13.712331771850586,13.712331771850586,13.191997528076172,13.37564468383789,13.208455085754395,31276
2021-09-30,13.681723594665527,13.681723594665527,13.130782127380371,13.40625286102295,13.238680839538574,76666
2021-10-01,13.651116371154785,13.651116371154785,13.22260570526123,13.37564468383789,13.208455085754395,18132
2021-10-04,13.55929183959961,13.957195281982422,13.253213882446289,13.742939949035645,13.571159362792969,222906
2021-10-05,14.049018859863281,14.232666015625,13.651116371154785,14.14084243774414,13.964088439941406,187020
2021-10-06,14.508136749267578,14.63056755065918,13.620508193969727,13.895978927612305,13.722285270690918,193250
2021-10-07,14.07962703704834,14.997862815856934,14.07962703704834,14.508136749267578,14.326791763305664,435012
2021-10-08,14.722392082214355,14.936647415161133,13.957195281982422,14.14084243774414,13.964088439941406,110760
2021-10-11,14.14084243774414,14.691783905029297,14.049018859863281,14.202057838439941,14.02453899383545,129922
2021-10-12,14.202057838439941,14.508136749267578,13.834762573242188,13.98780345916748,13.812962532043457,92471
2021-10-13,14.416313171386719,14.416313171386719,14.018410682678223,14.110234260559082,13.933862686157227,86193
2021-10-14,14.110234260559082,14.508136749267578,13.804156303405762,13.926587104797363,13.752511024475098,89227
2021-10-18,13.926587104797363,14.569353103637695,13.773548126220703,13.895978927612305,13.722285270690918,72461
2021-10-19,13.895978927612305,14.07962703704834,13.40625286102295,13.436861038208008,13.268906593322754,106771
2021-10-20,13.895978927612305,14.07962703704834,13.00835132598877,13.651116371154785,13.480484008789062,66030
2021-10-21,14.202057838439941,14.599961280822754,13.773548126220703,14.07962703704834,13.903637886047363,213683
2021-10-22,14.38570499420166,14.63056755065918,13.651116371154785,13.926587104797363,13.752511024475098,120354
2021-10-25,14.293882369995117,14.508136749267578,13.55929183959961,14.07962703704834,13.903637886047363,256585
2021-10-26,14.38570499420166,15.487588882446289,14.38570499420166,15.487588882446289,15.294000625610352,608335
2021-10-27,17.017982482910156,17.017982482910156,15.487588882446289,17.017982482910156,16.805265426635742,2809347
2021-10-28,15.300000190734863,17.600000381469727,15.300000190734863,16.450000762939453,16.244382858276367,995406
2021-10-29,16.75,16.899999618530273,16.149999618530273,16.299999237060547,16.096256256103516,177477
2021-11-01,16.649999618530273,16.649999618530273,15.800000190734863,16.0,15.800006866455078,102072
2021-11-02,16.0,16.350000381469727,15.550000190734863,15.699999809265137,15.503756523132324,123112
2021-11-03,15.949999809265137,16.0,14.649999618530273,14.899999618530273,14.713756561279297,207479
2021-11-04,14.899999618530273,15.75,14.5,15.5,15.306257247924805,98728
2021-11-08,15.850000381469727,15.899999618530273,15.350000381469727,15.699999809265137,15.503756523132324,142061
2021-11-09,15.899999618530273,15.899999618530273,14.699999809265137,14.899999618530273,14.713756561279297,276759
2021-11-10,15.050000190734863,15.100000381469727,14.550000190734863,14.649999618530273,14.466880798339844,205845
2021-11-11,14.850000381469727,16.100000381469727,14.5,16.100000381469727,15.898757934570312,1019484
2021-11-12,16.549999237060547,16.899999618530273,15.5,15.600000381469727,15.405007362365723,300176
2021-11-15,15.100000381469727,15.800000190734863,15.100000381469727,15.149999618530273,14.960631370544434,109988
2021-11-16,15.399999618530273,15.949999809265137,15.0,15.300000190734863,15.108757019042969,169536
2021-11-17,15.600000381469727,15.850000381469727,15.100000381469727,15.600000381469727,15.405007362365723,172783
2021-11-18,15.899999618530273,15.899999618530273,14.800000190734863,14.949999809265137,14.763132095336914,175494
2021-11-22,15.25,15.25,14.25,14.449999809265137,14.269381523132324,86320
2021-11-23,14.449999809265137,15.199999809265137,14.050000190734863,14.600000381469727,14.41750717163086,158050
2021-11-24,14.949999809265137,15.100000381469727,14.5,14.649999618530273,14.466880798339844,57064
2021-11-25,14.949999809265137,16.100000381469727,14.949999809265137,16.100000381469727,15.898757934570312,791897
2021-11-26,15.649999618530273,16.100000381469727,15.25,15.449999809265137,15.256881713867188,158381
2021-11-29,15.600000381469727,15.649999618530273,14.5,14.75,14.565631866455078,78075
2021-11-30,15.399999618530273,15.600000381469727,14.75,14.850000381469727,14.664381980895996,101754
2021-12-01,15.100000381469727,15.300000190734863,14.800000190734863,14.850000381469727,14.664381980895996,20930
2021-12-02,15.149999618530273,15.600000381469727,14.850000381469727,15.050000190734863,14.861882209777832,63517
2021-12-03,15.050000190734863,15.25,14.649999618530273,14.75,14.565631866455078,97221
2021-12-06,14.949999809265137,15.100000381469727,14.5,14.600000381469727,14.41750717163086,114500
2021-12-07,14.899999618530273,16.049999237060547,14.600000381469727,14.850000381469727,14.664381980895996,347841
2021-12-08,14.899999618530273,15.149999618530273,14.800000190734863,14.899999618530273,14.713756561279297,75457
2021-12-09,15.050000190734863,15.149999618530273,14.75,14.899999618530273,14.713756561279297,86144
2021-12-10,15.149999618530273,15.350000381469727,14.75,14.899999618530273,14.713756561279297,385854
2021-12-13,15.300000190734863,15.300000190734863,14.850000381469727,14.899999618530273,14.713756561279297,129174
2021-12-14,15.0,15.149999618530273,14.800000190734863,14.899999618530273,14.713756561279297,62553
2021-12-15,15.25,15.300000190734863,14.800000190734863,15.100000381469727,14.911256790161133,166216
2021-12-16,15.350000381469727,15.399999618530273,14.800000190734863,15.0,14.812506675720215,97988
2021-12-17,14.850000381469727,15.0,14.449999809265137,14.649999618530273,14.466880798339844,94956
2021-12-20,14.5,14.649999618530273,13.5,14.0,13.825006484985352,83958
2021-12-21,14.25,14.600000381469727,14.050000190734863,14.149999618530273,13.97313117980957,58558
2021-12-22,14.149999618530273,14.600000381469727,14.149999618530273,14.300000190734863,14.121256828308105,41247
2021-12-23,14.600000381469727,15.199999809265137,14.449999809265137,14.949999809265137,14.763132095336914,288367
2021-12-24,15.149999618530273,15.149999618530273,14.350000381469727,14.600000381469727,14.41750717163086,59420
2021-12-27,14.850000381469727,14.850000381469727,14.350000381469727,14.550000190734863,14.368131637573242,118528
2021-12-28,14.800000190734863,14.850000381469727,14.449999809265137,14.75,14.565631866455078,102244
2021-12-29,14.899999618530273,15.149999618530273,14.449999809265137,14.550000190734863,14.368131637573242,259664
2021-12-30,14.800000190734863,14.850000381469727,14.5,14.600000381469727,14.41750717163086,120525
2021-12-31,14.800000190734863,16.049999237060547,14.449999809265137,16.0,15.800006866455078,1329669
2022-01-03,16.450000762939453,16.700000762939453,16.0,16.450000762939453,16.244382858276367,589076
2022-01-04,16.799999237060547,16.799999237060547,15.699999809265137,15.800000190734863,15.602507591247559,287147
2022-01-05,15.899999618530273,16.299999237060547,15.350000381469727,15.5,15.306257247924805,135680
2022-01-06,15.5,17.049999237060547,15.350000381469727,17.049999237060547,16.836883544921875,512610
2022-01-07,18.399999618530273,18.399999618530273,17.100000381469727,17.350000381469727,17.133132934570312,501360
2022-01-10,17.700000762939453,18.0,16.25,17.649999618530273,17.42938232421875,351574
2022-01-11,18.149999618530273,18.450000762939453,16.850000381469727,17.75,17.528133392333984,430372
2022-01-12,18.299999237060547,18.799999237060547,17.0,17.850000381469727,17.626882553100586,392162
2022-01-13,18.0,18.450000762939453,17.399999618530273,17.5,17.281259536743164,116274
2022-01-14,17.649999618530273,17.850000381469727,17.450000762939453,17.5,17.281259536743164,54968
2022-01-17,18.0,18.450000762939453,17.450000762939453,18.049999237060547,17.824382781982422,174269
2022-01-18,18.100000381469727,19.850000381469727,17.649999618530273,19.600000381469727,19.355009078979492,1020365
2022-01-19,20.0,20.350000381469727,18.25,19.049999237060547,18.8118839263916,549379
2022-01-20,19.350000381469727,19.799999237060547,18.549999237060547,18.700000762939453,18.466259002685547,134182
2022-01-21,18.5,19.299999237060547,17.600000381469727,17.899999618530273,17.67625617980957,83265
2022-01-24,18.25,18.25,16.399999618530273,16.899999618530273,16.688756942749023,140106
2022-01-25,16.600000381469727,17.950000762939453,16.399999618530273,17.450000762939453,17.231882095336914,90962
2022-01-27,17.25,17.75,16.549999237060547,16.950000762939453,16.73813247680664,93949
2022-01-28,17.549999237060547,18.600000381469727,17.25,17.399999618530273,17.182506561279297,175801
2022-01-31,17.299999237060547,18.899999618530273,17.200000762939453,18.100000381469727,17.87375831604004,214119
2022-02-01,18.0,18.799999237060547,18.0,18.399999618530273,18.170007705688477,105619
2022-02-02,18.649999618530273,18.700000762939453,17.799999237060547,18.0,17.775009155273438,114956
2022-02-03,17.899999618530273,18.149999618530273,17.600000381469727,17.799999237060547,17.57750701904297,35255
2022-02-04,17.700000762939453,18.0,17.350000381469727,17.450000762939453,17.231882095336914,74846
2022-02-07,17.75,18.0,17.049999237060547,17.25,17.03438377380371,70362
2022-02-08,17.149999618530273,17.799999237060547,16.450000762939453,16.649999618530273,16.441883087158203,106256
2022-02-09,17.25,17.25,16.600000381469727,16.700000762939453,16.49125862121582,90789
2022-02-10,16.75,17.399999618530273,16.649999618530273,16.799999237060547,16.590007781982422,114017
2022-02-11,16.799999237060547,16.799999237060547,15.550000190734863,16.049999237060547,15.849381446838379,194844
2022-02-14,16.0,16.049999237060547,15.050000190734863,15.149999618530273,14.960631370544434,137587
2022-02-15,15.550000190734863,16.399999618530273,15.149999618530273,16.200000762939453,15.99750804901123,53732
2022-02-16,16.600000381469727,17.149999618530273,14.75,15.899999618530273,15.70125675201416,248894
2022-02-17,16.0,16.299999237060547,15.399999618530273,15.550000190734863,15.355631828308105,84656
2022-02-18,15.75,16.299999237060547,15.199999809265137,15.649999618530273,15.454381942749023,81400
2022-02-21,15.649999618530273,15.699999809265137,14.75,15.050000190734863,14.861882209777832,54467
2022-02-22,14.75,15.199999809265137,14.199999809265137,14.449999809265137,14.269381523132324,81543
2022-02-23,14.699999809265137,15.25,14.350000381469727,14.550000190734863,14.368131637573242,46822
2022-02-24,14.199999809265137,14.75,13.100000381469727,13.199999809265137,13.035005569458008,233666
2022-02-25,13.600000381469727,14.399999618530273,13.600000381469727,14.199999809265137,14.022506713867188,52009
2022-02-28,14.350000381469727,14.449999809265137,13.300000190734863,14.300000190734863,14.121256828308105,37387
2022-03-02,14.199999809265137,14.699999809265137,14.0,14.449999809265137,14.269381523132324,34451
2022-03-03,14.75,15.25,14.100000381469727,14.399999618530273,14.220005989074707,58297
2022-03-04,14.199999809265137,15.0,14.0,14.699999809265137,14.516256332397461,57373
2022-03-07,14.699999809265137,16.100000381469727,14.0,15.199999809265137,15.01000690460205,159521
2022-03-08,15.800000190734863,15.800000190734863,14.899999618530273,15.5,15.306257247924805,104119
2022-03-09,15.5,16.149999618530273,15.300000190734863,15.699999809265137,15.503756523132324,66607
2022-03-10,15.850000381469727,16.600000381469727,15.75,16.299999237060547,16.096256256103516,144220
2022-03-11,16.5,16.5,15.600000381469727,15.75,15.553132057189941,84299
2022-03-14,16.350000381469727,16.350000381469727,15.0,15.149999618530273,14.960631370544434,42485
2022-03-15,15.5,15.5,14.75,14.850000381469727,14.664381980895996,41786
2022-03-16,14.75,15.25,14.449999809265137,14.600000381469727,14.41750717163086,59435
2022-03-17,15.0,15.449999809265137,14.699999809265137,14.850000381469727,14.664381980895996,83396
2022-03-21,15.149999618530273,15.5,14.5,14.600000381469727,14.41750717163086,66300
2022-03-22,14.75,14.899999618530273,14.300000190734863,14.600000381469727,14.41750717163086,69563
2022-03-23,14.850000381469727,14.949999809265137,14.0,14.149999618530273,13.97313117980957,103725
2022-03-24,14.149999618530273,14.899999618530273,13.899999618530273,14.050000190734863,13.874382019042969,79394
2022-03-25,14.25,14.449999809265137,13.800000190734863,13.949999809265137,13.775630950927734,112630
2022-03-28,14.100000381469727,14.5,13.550000190734863,13.75,13.578131675720215,131095
2022-03-29,13.649999618530273,13.699999809265137,13.100000381469727,13.25,13.084381103515625,157037
2022-03-30,13.399999618530273,13.850000381469727,13.199999809265137,13.449999809265137,13.281880378723145,102044
2022-03-31,13.649999618530273,13.649999618530273,12.5,12.899999618530273,12.738755226135254,185224
2022-04-01,12.899999618530273,14.149999618530273,12.850000381469727,14.149999618530273,13.97313117980957,107796
2022-04-04,14.649999618530273,15.449999809265137,14.149999618530273,15.300000190734863,15.108757019042969,194901
2022-04-05,15.899999618530273,15.899999618530273,15.100000381469727,15.350000381469727,15.158132553100586,80952
2022-04-06,15.0,15.649999618530273,15.0,15.350000381469727,15.158132553100586,66240
2022-04-07,15.350000381469727,16.450000762939453,15.199999809265137,15.899999618530273,15.70125675201416,183703
2022-04-08,16.049999237060547,16.450000762939453,15.800000190734863,16.049999237060547,15.849381446838379,81345
2022-04-11,15.850000381469727,16.149999618530273,15.75,16.0,15.800006866455078,64466
2022-04-12,15.75,16.399999618530273,15.550000190734863,15.949999809265137,15.750632286071777,87521
2022-04-13,16.200000762939453,16.950000762939453,15.899999618530273,16.399999618530273,16.19500732421875,178284
2022-04-18,16.350000381469727,16.350000381469727,15.75,15.949999809265137,15.750632286071777,68548
2022-04-19,16.25,16.399999618530273,15.199999809265137,15.550000190734863,15.355631828308105,86600
2022-04-20,15.449999809265137,16.25,15.149999618530273,15.550000190734863,15.355631828308105,57556
2022-04-21,15.899999618530273,16.450000762939453,15.699999809265137,16.049999237060547,15.849381446838379,128040
2022-04-22,15.850000381469727,16.450000762939453,15.75,16.200000762939453,15.99750804901123,123836
2022-04-25,16.0,16.0,15.550000190734863,15.699999809265137,15.503756523132324,43949
2022-04-26,16.049999237060547,16.600000381469727,15.699999809265137,15.899999618530273,15.70125675201416,86102
2022-04-27,16.0,16.0,15.399999618530273,15.600000381469727,15.405007362365723,40320
2022-04-28,16.0,16.399999618530273,15.350000381469727,15.600000381469727,15.405007362365723,178410
2022-04-29,15.899999618530273,15.899999618530273,14.949999809265137,15.100000381469727,14.911256790161133,58172
2022-05-02,15.399999618530273,15.699999809265137,14.0,14.25,14.071881294250488,125225
2022-05-04,14.600000381469727,14.600000381469727,12.800000190734863,13.300000190734863,13.133756637573242,211168
2022-05-05,13.850000381469727,14.0,12.800000190734863,13.199999809265137,13.035005569458008,116822
2022-05-06,13.300000190734863,13.699999809265137,13.0,13.399999618530273,13.232505798339844,107582
2022-05-09,13.149999618530273,13.949999809265137,12.949999809265137,13.449999809265137,13.281880378723145,109455
2022-05-10,13.300000190734863,13.75,13.149999618530273,13.300000190734863,13.133756637573242,53659
2022-05-11,13.300000190734863,13.5,12.5,12.649999618530273,12.491880416870117,129965
2022-05-12,12.5,12.800000190734863,12.149999618530273,12.600000381469727,12.442505836486816,38531
2022-05-13,12.75,13.5,12.550000190734863,12.800000190734863,12.640006065368652,47714
2022-05-16,12.850000381469727,13.25,12.800000190734863,13.050000190734863,12.886880874633789,51028
2022-05-17,13.25,14.800000190734863,13.100000381469727,14.399999618530273,14.220005989074707,165423
2022-05-18,14.600000381469727,15.399999618530273,14.300000190734863,14.600000381469727,14.41750717163086,447590
2022-05-19,14.449999809265137,15.300000190734863,13.100000381469727,14.600000381469727,14.41750717163086,274460
2022-05-20,14.649999618530273,14.949999809265137,14.149999618530273,14.449999809265137,14.269381523132324,67905
2022-05-23,14.949999809265137,17.0,14.600000381469727,15.449999809265137,15.256881713867188,1211391
2022-05-24,15.75,16.200000762939453,14.899999618530273,15.050000190734863,14.861882209777832,144941
2022-05-25,15.350000381469727,15.699999809265137,14.25,14.300000190734863,14.121256828308105,94820
2022-05-26,14.199999809265137,14.600000381469727,13.5,14.149999618530273,13.97313117980957,87983
2022-05-27,14.449999809265137,14.699999809265137,13.850000381469727,14.25,14.071881294250488,56277
2022-05-30,14.75,14.75,14.399999618530273,14.5,14.318757057189941,53287
2022-05-31,14.649999618530273,14.75,14.199999809265137,14.350000381469727,14.170631408691406,26099
2022-06-01,14.550000190734863,14.75,14.199999809265137,14.300000190734863,14.121256828308105,26683
2022-06-02,14.149999618530273,14.899999618530273,14.100000381469727,14.550000190734863,14.368131637573242,62448
2022-06-03,14.75,14.800000190734863,13.949999809265137,14.100000381469727,13.92375659942627,79751
2022-06-06,13.850000381469727,14.199999809265137,13.5,13.550000190734863,13.380631446838379,66140
2022-06-07,13.75,13.899999618530273,13.100000381469727,13.199999809265137,13.035005569458008,58989
2022-06-08,13.399999618530273,13.600000381469727,13.050000190734863,13.149999618530273,12.985630989074707,81535
2022-06-09,13.149999618530273,13.399999618530273,13.0,13.050000190734863,12.886880874633789,84804
2022-06-10,13.100000381469727,13.300000190734863,13.0,13.149999618530273,12.985630989074707,62683
2022-06-13,13.149999618530273,13.149999618530273,12.75,12.850000381469727,12.68938159942627,85667
2022-06-14,12.949999809265137,13.050000190734863,12.300000190734863,12.699999809265137,12.541255950927734,57438
2022-06-15,12.949999809265137,13.100000381469727,12.199999809265137,12.649999618530273,12.491880416870117,102780
2022-06-16,12.899999618530273,13.25,12.350000381469727,12.449999809265137,12.294380187988281,66910
2022-06-17,12.25,12.649999618530273,12.25,12.449999809265137,12.294380187988281,32687
2022-06-20,12.25,12.699999809265137,11.800000190734863,11.899999618530273,11.75125503540039,57731
2022-06-21,11.899999618530273,12.399999618530273,11.600000381469727,12.100000381469727,11.948755264282227,67059
2022-06-22,12.350000381469727,12.350000381469727,11.600000381469727,11.899999618530273,11.75125503540039,35544
2022-06-23,11.649999618530273,12.100000381469727,11.649999618530273,11.850000381469727,11.70188045501709,67774
2022-06-24,12.350000381469727,12.350000381469727,11.899999618530273,12.050000190734863,11.899380683898926,96217
2022-06-27,12.25,12.5,12.100000381469727,12.25,12.096880912780762,74432
2022-06-28,12.399999618530273,12.399999618530273,11.899999618530273,12.149999618530273,11.998129844665527,60502
2022-06-29,12.149999618530273,12.25,11.949999809265137,12.100000381469727,11.948755264282227,27330
2022-06-30,12.25,13.449999809265137,11.949999809265137,12.25,12.096880912780762,431207
2022-07-01,12.399999618530273,14.649999618530273,12.100000381469727,13.600000381469727,13.430006980895996,1582039
2022-07-04,13.5,14.600000381469727,13.300000190734863,13.949999809265137,13.775630950927734,284928
2022-07-05,14.0,14.149999618530273,13.550000190734863,13.550000190734863,13.380631446838379,82908
2022-07-06,13.75,13.949999809265137,13.300000190734863,13.5,13.331255912780762,55709
2022-07-07,13.550000190734863,14.199999809265137,13.300000190734863,13.899999618530273,13.726255416870117,124184
2022-07-08,13.5,14.050000190734863,13.5,13.600000381469727,13.430006980895996,70908
2022-07-11,13.800000190734863,13.800000190734863,13.0,13.100000381469727,12.936256408691406,151732
2022-07-12,13.300000190734863,13.600000381469727,13.050000190734863,13.199999809265137,13.035005569458008,83557
2022-07-13,13.050000190734863,13.699999809265137,13.050000190734863,13.350000381469727,13.183131217956543,63376
2022-07-14,13.550000190734863,13.550000190734863,13.100000381469727,13.199999809265137,13.035005569458008,18252
2022-07-15,13.399999618530273,13.399999618530273,13.050000190734863,13.199999809265137,13.035005569458008,26385
2022-07-18,13.199999809265137,13.449999809265137,12.949999809265137,13.100000381469727,12.936256408691406,55378
2022-07-19,13.350000381469727,13.350000381469727,13.050000190734863,13.199999809265137,13.035005569458008,30862
2022-07-20,13.399999618530273,13.399999618530273,12.949999809265137,13.149999618530273,12.985630989074707,54402
2022-07-21,13.5,13.5,13.050000190734863,13.050000190734863,12.886880874633789,81664
2022-07-22,13.100000381469727,13.699999809265137,13.100000381469727,13.449999809265137,13.281880378723145,77700
2022-07-25,13.75,16.100000381469727,13.550000190734863,16.100000381469727,15.898757934570312,2254624
2022-07-26,16.549999237060547,16.600000381469727,14.850000381469727,15.0,14.812506675720215,726323
2022-07-27,15.0,18.0,14.600000381469727,17.899999618530273,17.67625617980957,1902767
2022-07-28,17.649999618530273,20.899999618530273,17.299999237060547,19.600000381469727,19.355009078979492,2667972
2022-07-29,18.649999618530273,19.0,17.649999618530273,17.649999618530273,17.42938232421875,726155
2022-08-01,17.649999618530273,17.649999618530273,16.299999237060547,16.899999618530273,16.688756942749023,666365
2022-08-02,16.350000381469727,17.0,16.149999618530273,16.299999237060547,16.096256256103516,319741
2022-08-03,17.299999237060547,17.299999237060547,15.0,15.800000190734863,15.602507591247559,328519
2022-08-04,16.100000381469727,16.100000381469727,14.5,15.350000381469727,15.158132553100586,567641
2022-08-05,15.149999618530273,16.100000381469727,15.149999618530273,15.449999809265137,15.256881713867188,259477
2022-08-08,15.25,15.800000190734863,15.25,15.5,15.306257247924805,96652
2022-08-10,15.649999618530273,15.649999618530273,15.25,15.350000381469727,15.158132553100586,103981
2022-08-11,15.5,15.550000190734863,14.649999618530273,14.949999809265137,14.859939575195312,133040
2022-08-12,14.949999809265137,15.350000381469727,14.949999809265137,15.0,14.909638404846191,62207
2022-08-16,15.0,15.5,14.5,15.399999618530273,15.307228088378906,220530
2022-08-17,15.5,16.149999618530273,15.300000190734863,16.0,15.903614044189453,485074
2022-08-18,16.0,16.100000381469727,15.399999618530273,15.800000190734863,15.704818725585938,316537
2022-08-19,15.800000190734863,15.800000190734863,15.149999618530273,15.399999618530273,15.307228088378906,145878
2022-08-22,15.649999618530273,16.149999618530273,15.100000381469727,15.699999809265137,15.60542106628418,339088
2022-08-23,15.300000190734863,15.949999809265137,15.300000190734863,15.550000190734863,15.45632553100586,137649
2022-08-24,16.0,16.0,15.600000381469727,15.850000381469727,15.754518508911133,115590
2022-08-25,15.649999618530273,16.0,15.5,15.75,15.655119895935059,116707
2022-08-26,16.200000762939453,16.200000762939453,15.5,15.600000381469727,15.506024360656738,59174
2022-08-29,15.5,16.0,15.100000381469727,15.850000381469727,15.754518508911133,156770
2022-08-30,16.200000762939453,16.200000762939453,15.199999809265137,15.350000381469727,15.257530212402344,235706
2022-09-01,15.350000381469727,15.699999809265137,15.199999809265137,15.5,15.406625747680664,35447
2022-09-02,15.75,15.75,14.75,15.100000381469727,15.00903606414795,365020
2022-09-05,15.449999809265137,15.449999809265137,14.850000381469727,14.899999618530273,14.810239791870117,171835
2022-09-06,14.899999618530273,15.399999618530273,14.550000190734863,15.050000190734863,14.95933723449707,117165
2022-09-07,15.399999618530273,15.399999618530273,14.899999618530273,15.0,14.909638404846191,109106
2022-09-08,15.350000381469727,15.399999618530273,14.850000381469727,15.0,14.909638404846191,280959
2022-09-09,15.199999809265137,15.550000190734863,14.850000381469727,14.899999618530273,14.810239791870117,244412
2022-09-12,15.100000381469727,15.199999809265137,14.899999618530273,15.0,14.909638404846191,120847
2022-09-13,15.300000190734863,15.300000190734863,14.850000381469727,14.949999809265137,14.859939575195312,110696
2022-09-14,15.0,15.649999618530273,14.699999809265137,15.149999618530273,15.058733940124512,1105522
2022-09-15,15.199999809265137,15.300000190734863,14.850000381469727,15.0,14.909638404846191,304862
2022-09-16,14.949999809265137,15.100000381469727,14.699999809265137,14.800000190734863,14.710843086242676,218989
2022-09-19,14.649999618530273,15.300000190734863,14.649999618530273,15.149999618530273,15.058733940124512,123790
2022-09-20,15.300000190734863,15.399999618530273,14.800000190734863,14.899999618530273,14.810239791870117,216195
2022-09-21,14.899999618530273,15.199999809265137,14.600000381469727,14.800000190734863,14.710843086242676,90969
2022-09-22,14.949999809265137,14.949999809265137,14.300000190734863,14.649999618530273,14.561746597290039,77117
2022-09-23,14.850000381469727,14.899999618530273,14.550000190734863,14.600000381469727,14.51204776763916,92061
2022-09-26,14.600000381469727,14.800000190734863,13.899999618530273,13.899999618530273,13.816264152526855,116574
2022-09-27,13.899999618530273,14.350000381469727,13.699999809265137,13.75,13.667168617248535,117351
2022-09-28,14.0,14.0,13.649999618530273,13.649999618530273,13.567770004272461,73400
2022-09-29,13.800000190734863,14.0,13.0,13.300000190734863,13.219879150390625,142806
2022-09-30,13.550000190734863,13.75,12.649999618530273,12.75,12.673192024230957,437856
2022-10-03,12.800000190734863,13.25,12.550000190734863,13.0,12.921686172485352,137210
2022-10-04,13.25,13.649999618530273,13.050000190734863,13.550000190734863,13.46837329864502,92600
2022-10-06,13.800000190734863,14.199999809265137,13.649999618530273,13.949999809265137,13.865962982177734,115354
2022-10-07,13.899999618530273,13.899999618530273,13.600000381469727,13.649999618530273,13.567770004272461,47824
2022-10-10,13.699999809265137,13.800000190734863,13.399999618530273,13.649999618530273,13.567770004272461,57735
2022-10-11,13.649999618530273,14.25,13.600000381469727,13.75,13.667168617248535,182871
2022-10-12,14.149999618530273,14.149999618530273,13.649999618530273,13.699999809265137,13.617469787597656,52851
2022-10-13,13.800000190734863,14.0,13.699999809265137,13.800000190734863,13.716867446899414,74180
2022-10-14,14.0,14.100000381469727,13.649999618530273,13.800000190734863,13.716867446899414,33456
2022-10-17,13.949999809265137,13.949999809265137,13.399999618530273,13.399999618530273,13.319276809692383,38542
2022-10-18,13.949999809265137,13.949999809265137,13.300000190734863,13.5,13.41867446899414,25073
2022-10-19,13.600000381469727,13.800000190734863,13.5,13.649999618530273,13.567770004272461,42270
2022-10-20,13.800000190734863,13.800000190734863,13.350000381469727,13.600000381469727,13.518072128295898,49265
2022-10-21,13.75,13.75,13.25,13.350000381469727,13.269577980041504,50699
2022-10-24,13.899999618530273,14.649999618530273,13.600000381469727,14.399999618530273,14.313252449035645,194798
2022-10-25,14.399999618530273,14.5,13.850000381469727,14.050000190734863,13.965361595153809,47370
2022-10-27,14.25,14.399999618530273,14.0,14.050000190734863,13.965361595153809,53627
2022-10-28,14.300000190734863,14.5,14.0,14.199999809265137,14.114457130432129,99188
2022-10-31,14.5,14.5,13.300000190734863,13.75,13.667168617248535,88613
2022-11-01,13.899999618530273,13.949999809265137,13.399999618530273,13.600000381469727,13.518072128295898,64665
2022-11-02,13.449999809265137,13.800000190734863,13.449999809265137,13.699999809265137,13.617469787597656,43310
2022-11-03,13.449999809265137,14.100000381469727,13.399999618530273,13.850000381469727,13.766566276550293,67405
2022-11-04,14.0,14.199999809265137,13.850000381469727,14.050000190734863,13.965361595153809,62841
2022-11-07,14.050000190734863,14.600000381469727,13.949999809265137,14.100000381469727,14.015060424804688,91607
2022-11-09,14.399999618530273,14.550000190734863,13.899999618530273,14.100000381469727,14.015060424804688,102419
2022-11-10,14.149999618530273,14.25,13.399999618530273,14.050000190734863,13.965361595153809,176861
2022-11-11,14.449999809265137,14.899999618530273,13.050000190734863,13.899999618530273,13.816264152526855,367785
2022-11-14,13.550000190734863,14.399999618530273,13.550000190734863,14.149999618530273,14.06475830078125,95941
2022-11-15,14.25,14.350000381469727,13.449999809265137,13.699999809265137,13.617469787597656,177518
2022-11-16,13.75,14.149999618530273,13.75,13.850000381469727,13.766566276550293,56797
2022-11-17,13.800000190734863,13.949999809265137,13.699999809265137,13.850000381469727,13.766566276550293,38567
2022-11-18,13.850000381469727,13.899999618530273,13.699999809265137,13.800000190734863,13.716867446899414,46749
2022-11-21,13.949999809265137,14.199999809265137,13.050000190734863,13.300000190734863,13.219879150390625,129711
2022-11-22,13.449999809265137,13.600000381469727,13.100000381469727,13.300000190734863,13.219879150390625,197852
2022-11-23,13.550000190734863,14.0,13.199999809265137,13.600000381469727,13.518072128295898,174233
2022-11-24,13.550000190734863,13.699999809265137,13.399999618530273,13.449999809265137,13.368975639343262,55175
2022-11-25,13.300000190734863,13.300000190734863,12.5,13.100000381469727,13.021084785461426,514616
2022-11-28,13.25,13.550000190734863,13.050000190734863,13.350000381469727,13.269577980041504,539428
2022-11-29,13.100000381469727,13.649999618530273,12.899999618530273,13.100000381469727,13.021084785461426,761449
2022-11-30,13.100000381469727,13.800000190734863,13.050000190734863,13.699999809265137,13.617469787597656,691456
2022-12-01,13.800000190734863,14.649999618530273,13.800000190734863,14.100000381469727,14.015060424804688,728949
2022-12-02,14.25,14.5,14.100000381469727,14.199999809265137,14.114457130432129,292737
2022-12-05,14.449999809265137,14.449999809265137,13.800000190734863,14.050000190734863,13.965361595153809,181400
2022-12-06,14.25,14.25,14.0,14.149999618530273,14.06475830078125,136558
2022-12-07,14.25,14.350000381469727,13.800000190734863,14.100000381469727,14.015060424804688,401546
2022-12-08,14.149999618530273,14.899999618530273,14.0,14.199999809265137,14.114457130432129,374880
2022-12-09,14.5,14.5,13.800000190734863,13.949999809265137,13.865962982177734,266510
2022-12-12,14.0,14.100000381469727,13.850000381469727,13.949999809265137,13.865962982177734,53748
2022-12-13,14.0,14.0,13.75,13.800000190734863,13.716867446899414,112278
2022-12-14,13.899999618530273,14.0,13.75,13.800000190734863,13.716867446899414,179252
2022-12-15,13.850000381469727,14.449999809265137,13.75,14.050000190734863,13.965361595153809,260082
2022-12-16,14.0,14.149999618530273,13.699999809265137,13.800000190734863,13.716867446899414,139255
2022-12-19,13.800000190734863,14.100000381469727,13.699999809265137,13.949999809265137,13.865962982177734,119432
2022-12-20,13.949999809265137,16.5,13.949999809265137,15.600000381469727,15.506024360656738,3790585
2022-12-21,16.0,16.0,13.899999618530273,13.949999809265137,13.865962982177734,795994
2022-12-22,14.0,14.25,13.399999618530273,13.5,13.41867446899414,432214
2022-12-23,13.25,13.449999809265137,12.800000190734863,12.850000381469727,12.772590637207031,249898
2022-12-26,13.0,13.699999809265137,12.899999618530273,13.550000190734863,13.46837329864502,286643
2022-12-27,13.699999809265137,14.199999809265137,13.449999809265137,14.100000381469727,14.015060424804688,278333
2022-12-28,14.149999618530273,14.199999809265137,13.850000381469727,14.050000190734863,13.965361595153809,139458
2022-12-29,14.0,14.149999618530273,13.850000381469727,13.850000381469727,13.766566276550293,89515
2022-12-30,13.850000381469727,14.149999618530273,13.850000381469727,13.949999809265137,13.865962982177734,90945
2023-01-02,13.899999618530273,14.899999618530273,13.899999618530273,14.699999809265137,14.611445426940918,281303
2023-01-03,14.850000381469727,15.399999618530273,14.75,14.850000381469727,14.760541915893555,431427
2023-01-04,14.850000381469727,15.350000381469727,14.399999618530273,14.649999618530273,14.561746597290039,144762
2023-01-05,14.699999809265137,14.699999809265137,14.100000381469727,14.350000381469727,14.263554573059082,198738
2023-01-06,14.5,15.399999618530273,14.25,15.100000381469727,15.00903606414795,647490
2023-01-09,15.5,15.5,14.850000381469727,15.25,15.158132553100586,234407
2023-01-10,15.5,15.850000381469727,14.899999618530273,15.449999809265137,15.356926918029785,446613
2023-01-11,15.5,15.949999809265137,15.199999809265137,15.75,15.655119895935059,421165
2023-01-12,15.850000381469727,15.899999618530273,15.149999618530273,15.350000381469727,15.257530212402344,185545
2023-01-13,15.399999618530273,15.5,15.199999809265137,15.300000190734863,15.207831382751465,78937
2023-01-16,15.300000190734863,15.550000190734863,14.800000190734863,14.949999809265137,14.859939575195312,86414
2023-01-17,14.949999809265137,15.25,14.399999618530273,14.649999618530273,14.561746597290039,110710
2023-01-18,14.649999618530273,15.199999809265137,14.550000190734863,15.0,14.909638404846191,153065
2023-01-19,14.800000190734863,15.149999618530273,14.550000190734863,14.649999618530273,14.561746597290039,83738
2023-01-20,14.699999809265137,15.0,14.5,14.550000190734863,14.462348937988281,55528
2023-01-23,14.649999618530273,16.0,14.399999618530273,14.800000190734863,14.710843086242676,270018
2023-01-24,15.0,15.199999809265137,14.550000190734863,14.699999809265137,14.611445426940918,320994
2023-01-25,14.699999809265137,15.100000381469727,14.050000190734863,14.149999618530273,14.06475830078125,467834
2023-01-27,14.350000381469727,14.350000381469727,13.300000190734863,13.699999809265137,13.617469787597656,190997
2023-01-30,13.75,14.050000190734863,13.699999809265137,13.800000190734863,13.716867446899414,89630
2023-01-31,13.850000381469727,14.050000190734863,13.699999809265137,13.949999809265137,13.865962982177734,120657
2023-02-01,14.100000381469727,14.5,13.5,13.699999809265137,13.617469787597656,172760
2023-02-02,13.600000381469727,13.850000381469727,13.550000190734863,13.600000381469727,13.518072128295898,99163
2023-02-03,13.600000381469727,13.699999809265137,13.0,13.25,13.170180320739746,232089
2023-02-06,13.25,13.5,13.100000381469727,13.350000381469727,13.269577980041504,74766
2023-02-07,13.300000190734863,13.649999618530273,13.300000190734863,13.399999618530273,13.319276809692383,72003
2023-02-08,13.5,13.800000190734863,13.050000190734863,13.600000381469727,13.518072128295898,156581
2023-02-09,13.449999809265137,14.050000190734863,13.449999809265137,13.75,13.667168617248535,158260
2023-02-10,14.0,15.0,13.600000381469727,14.100000381469727,14.015060424804688,816181
2023-02-13,14.0,14.399999618530273,13.199999809265137,13.600000381469727,13.518072128295898,195881
2023-02-14,13.800000190734863,13.800000190734863,13.050000190734863,13.149999618530273,13.070782661437988,218349
2023-02-15,13.25,13.449999809265137,13.0,13.100000381469727,13.021084785461426,203016
2023-02-16,13.25,13.399999618530273,13.199999809265137,13.25,13.170180320739746,91341
2023-02-17,13.25,13.350000381469727,12.949999809265137,13.050000190734863,12.97138500213623,146169
2023-02-20,13.100000381469727,13.199999809265137,12.850000381469727,12.949999809265137,12.871987342834473,58320
2023-02-21,13.100000381469727,13.149999618530273,12.5,12.600000381469727,12.524096488952637,228665
2023-02-22,12.699999809265137,12.75,12.050000190734863,12.300000190734863,12.225903511047363,121063
2023-02-23,12.199999809265137,13.100000381469727,12.100000381469727,12.5,12.424698829650879,150742
2023-02-24,13.25,13.449999809265137,12.600000381469727,12.800000190734863,12.722891807556152,372302
2023-02-27,13.0,13.0,12.350000381469727,12.399999618530273,12.325300216674805,131919
2023-02-28,12.5,12.75,12.399999618530273,12.449999809265137,12.374999046325684,73243
2023-03-01,12.699999809265137,12.949999809265137,12.399999618530273,12.75,12.673192024230957,100320
2023-03-02,12.75,13.0,12.5,12.550000190734863,12.474397659301758,114853
2023-03-03,12.699999809265137,12.75,12.350000381469727,12.550000190734863,12.474397659301758,190698
2023-03-06,12.699999809265137,13.0,12.600000381469727,12.699999809265137,12.623493194580078,169738
2023-03-08,12.850000381469727,13.0,12.649999618530273,12.899999618530273,12.822288513183594,115784
2023-03-09,12.75,13.0,12.600000381469727,12.649999618530273,12.5737943649292,118775
2023-03-10,12.75,12.899999618530273,12.050000190734863,12.5,12.424698829650879,97337
2023-03-13,12.550000190734863,12.800000190734863,12.25,12.399999618530273,12.325300216674805,164640
2023-03-14,12.5,12.5,11.050000190734863,11.949999809265137,11.878011703491211,158279
2023-03-15,12.100000381469727,12.5,12.0,12.25,12.176204681396484,118099
2023-03-16,12.300000190734863,12.449999809265137,11.649999618530273,12.149999618530273,12.07680606842041,115492
2023-03-17,11.949999809265137,12.25,11.899999618530273,12.050000190734863,11.977409362792969,49999
2023-03-20,12.0,12.199999809265137,11.699999809265137,11.800000190734863,11.728915214538574,90515
2023-03-21,11.800000190734863,11.949999809265137,11.649999618530273,11.75,11.679216384887695,57706
2023-03-22,12.050000190734863,12.050000190734863,11.75,11.899999618530273,11.828312873840332,40181
2023-03-23,11.800000190734863,12.149999618530273,11.75,11.850000381469727,11.77861499786377,141860
2023-03-24,11.899999618530273,11.899999618530273,11.5,11.699999809265137,11.629517555236816,81201
2023-03-27,11.649999618530273,11.649999618530273,10.800000190734863,11.050000190734863,10.983433723449707,205748
2023-03-28,11.350000381469727,11.399999618530273,10.600000381469727,10.699999809265137,10.635541915893555,137467
2023-03-29,10.75,10.949999809265137,10.5,10.850000381469727,10.784638404846191,146954
2023-03-31,11.100000381469727,11.350000381469727,10.899999618530273,11.0,10.933734893798828,108715
2023-04-03,11.050000190734863,11.899999618530273,11.0,11.649999618530273,11.579818725585938,109688
2023-04-05,12.0,12.100000381469727,11.449999809265137,11.949999809265137,11.878011703491211,102219
2023-04-06,11.850000381469727,12.25,11.850000381469727,12.149999618530273,12.07680606842041,72457
2023-04-10,12.100000381469727,12.25,11.800000190734863,11.949999809265137,11.878011703491211,78055
2023-04-11,11.850000381469727,12.199999809265137,11.850000381469727,12.0,11.92771053314209,45666
2023-04-12,12.100000381469727,12.100000381469727,11.949999809265137,12.050000190734863,11.977409362792969,49740
2023-04-13,11.899999618530273,12.100000381469727,11.600000381469727,11.899999618530273,11.828312873840332,87019
2023-04-17,12.0,12.0,11.550000190734863,11.800000190734863,11.728915214538574,75432
2023-04-18,11.949999809265137,12.100000381469727,11.800000190734863,11.850000381469727,11.77861499786377,98522
2023-04-19,11.949999809265137,12.25,11.899999618530273,12.050000190734863,11.977409362792969,110134
2023-04-20,12.25,12.25,11.949999809265137,12.0,11.92771053314209,52416
2023-04-21,12.100000381469727,12.300000190734863,11.550000190734863,11.75,11.679216384887695,237067
2023-04-24,11.75,11.899999618530273,11.550000190734863,11.699999809265137,11.629517555236816,65152
2023-04-25,11.699999809265137,11.949999809265137,11.699999809265137,11.850000381469727,11.77861499786377,57053
2023-04-26,11.899999618530273,12.0,11.75,11.899999618530273,11.828312873840332,86141
2023-04-27,11.949999809265137,11.949999809265137,11.75,11.800000190734863,11.728915214538574,84158
2023-04-28,11.949999809265137,12.0,11.5,11.850000381469727,11.77861499786377,106480
2023-05-02,12.0,12.5,12.0,12.100000381469727,12.027108192443848,213064
2023-05-03,12.25,14.300000190734863,12.050000190734863,13.149999618530273,13.070782661437988,1338944
2023-05-04,13.449999809265137,13.449999809265137,12.850000381469727,13.0,12.921686172485352,395134
2023-05-05,13.100000381469727,13.300000190734863,12.5,12.75,12.673192024230957,149589
2023-05-08,12.949999809265137,13.199999809265137,12.800000190734863,13.0,12.921686172485352,76723
2023-05-09,13.149999618530273,13.800000190734863,13.149999618530273,13.449999809265137,13.368975639343262,261040
2023-05-10,13.449999809265137,13.5,12.850000381469727,13.050000190734863,12.97138500213623,130786
2023-05-11,13.300000190734863,13.5,13.050000190734863,13.350000381469727,13.269577980041504,146459
2023-05-12,13.399999618530273,13.699999809265137,13.149999618530273,13.25,13.170180320739746,137868
2023-05-15,13.050000190734863,13.75,13.050000190734863,13.649999618530273,13.567770004272461,278981
2023-05-16,13.699999809265137,13.899999618530273,13.199999809265137,13.399999618530273,13.319276809692383,246974
2023-05-17,13.550000190734863,13.600000381469727,13.300000190734863,13.399999618530273,13.319276809692383,109102
2023-05-18,13.550000190734863,15.449999809265137,12.050000190734863,14.949999809265137,14.859939575195312,1969990
2023-05-19,15.0,15.449999809265137,14.649999618530273,14.75,14.661144256591797,528128
2023-05-22,15.0,15.0,13.949999809265137,14.050000190734863,13.965361595153809,298110
2023-05-23,14.199999809265137,14.949999809265137,13.949999809265137,14.25,14.164155960083008,705504
2023-05-24,14.25,14.350000381469727,13.5,13.699999809265137,13.617469787597656,333946
2023-05-25,13.75,13.949999809265137,13.399999618530273,13.5,13.41867446899414,223500
2023-05-26,13.600000381469727,13.800000190734863,12.850000381469727,12.899999618530273,12.822288513183594,534350
2023-05-29,13.100000381469727,13.25,12.5,12.600000381469727,12.524096488952637,640594
2023-05-30,12.600000381469727,12.850000381469727,12.449999809265137,12.699999809265137,12.623493194580078,295193
2023-05-31,12.699999809265137,12.899999618530273,12.149999618530273,12.25,12.176204681396484,368485
2023-06-01,12.350000381469727,12.699999809265137,12.350000381469727,12.649999618530273,12.5737943649292,190609
2023-06-02,12.75,12.899999618530273,12.649999618530273,12.75,12.673192024230957,118609
2023-06-05,13.0,13.300000190734863,12.600000381469727,13.050000190734863,12.97138500213623,318138
2023-06-06,13.25,13.449999809265137,13.100000381469727,13.350000381469727,13.269577980041504,233831
2023-06-07,13.399999618530273,13.800000190734863,13.399999618530273,13.699999809265137,13.617469787597656,233545
2023-06-08,13.75,15.5,13.449999809265137,14.550000190734863,14.462348937988281,1200328
2023-06-09,14.899999618530273,15.149999618530273,14.0,14.350000381469727,14.263554573059082,455187
2023-06-12,14.550000190734863,15.100000381469727,12.850000381469727,13.199999809265137,13.120481491088867,1447419
2023-06-13,13.449999809265137,13.75,13.199999809265137,13.5,13.41867446899414,460150
2023-06-14,13.550000190734863,13.75,13.300000190734863,13.399999618530273,13.319276809692383,166896
2023-06-15,13.550000190734863,13.75,13.350000381469727,13.449999809265137,13.368975639343262,235469
2023-06-16,13.649999618530273,14.100000381469727,13.399999618530273,13.75,13.667168617248535,491532
2023-06-19,14.149999618530273,14.25,13.649999618530273,13.699999809265137,13.617469787597656,341942
2023-06-20,13.800000190734863,13.800000190734863,13.399999618530273,13.550000190734863,13.46837329864502,358105
2023-06-21,13.699999809265137,13.699999809265137,13.449999809265137,13.550000190734863,13.46837329864502,194276
2023-06-22,13.600000381469727,13.75,13.199999809265137,13.350000381469727,13.269577980041504,243704
2023-06-23,13.399999618530273,13.5,12.899999618530273,13.050000190734863,12.97138500213623,313352
2023-06-26,13.100000381469727,13.350000381469727,13.0,13.100000381469727,13.021084785461426,129676
2023-06-27,13.25,14.100000381469727,13.149999618530273,13.75,13.667168617248535,593191
2023-06-28,13.75,14.149999618530273,13.649999618530273,13.75,13.667168617248535,326992
2023-06-30,13.800000190734863,13.899999618530273,13.550000190734863,13.699999809265137,13.617469787597656,246037
2023-07-03,14.0,14.0,13.550000190734863,13.800000190734863,13.716867446899414,208502
2023-07-04,13.850000381469727,14.350000381469727,13.649999618530273,13.899999618530273,13.816264152526855,431311
2023-07-05,14.050000190734863,14.5,13.75,14.149999618530273,14.06475830078125,426605
2023-07-06,14.199999809265137,15.0,14.199999809265137,14.800000190734863,14.710843086242676,1115408
2023-07-07,14.899999618530273,14.949999809265137,14.350000381469727,14.600000381469727,14.51204776763916,229379
2023-07-10,14.899999618530273,14.899999618530273,14.25,14.300000190734863,14.213854789733887,208838
2023-07-11,14.25,14.75,14.199999809265137,14.350000381469727,14.263554573059082,225728
2023-07-12,14.550000190734863,14.600000381469727,14.149999618530273,14.350000381469727,14.263554573059082,272064
2023-07-13,14.5,14.600000381469727,13.850000381469727,14.050000190734863,13.965361595153809,405618
2023-07-14,14.25,14.600000381469727,14.100000381469727,14.25,14.164155960083008,156208
2023-07-17,14.5,14.699999809265137,14.300000190734863,14.449999809265137,14.362951278686523,322511
2023-07-18,14.600000381469727,14.649999618530273,14.100000381469727,14.25,14.164155960083008,248999
2023-07-19,14.350000381469727,14.350000381469727,14.100000381469727,14.149999618530273,14.06475830078125,142171
2023-07-20,14.300000190734863,14.649999618530273,14.050000190734863,14.300000190734863,14.213854789733887,266399
2023-07-21,14.350000381469727,14.649999618530273,14.199999809265137,14.5,14.412650108337402,217434
2023-07-24,14.699999809265137,14.699999809265137,14.399999618530273,14.449999809265137,14.362951278686523,141930
2023-07-25,14.550000190734863,14.699999809265137,14.25,14.399999618530273,14.313252449035645,336496
2023-07-26,14.350000381469727,14.449999809265137,14.050000190734863,14.199999809265137,14.114457130432129,199049
2023-07-27,14.399999618530273,14.399999618530273,14.0,14.0,13.91566276550293,149803
2023-07-28,14.199999809265137,14.199999809265137,13.699999809265137,13.850000381469727,13.766566276550293,160203
2023-07-31,14.100000381469727,14.100000381469727,13.699999809265137,13.800000190734863,13.716867446899414,219877
2023-08-01,13.949999809265137,14.550000190734863,13.949999809265137,14.25,14.164155960083008,359789
2023-08-02,14.25,14.850000381469727,13.850000381469727,14.100000381469727,14.015060424804688,460151
2023-08-03,14.25,14.600000381469727,14.149999618530273,14.300000190734863,14.213854789733887,210803
2023-08-04,14.5,14.850000381469727,14.300000190734863,14.699999809265137,14.611445426940918,438500
2023-08-07,14.800000190734863,17.600000381469727,14.800000190734863,17.549999237060547,17.444276809692383,7369134
2023-08-08,17.899999618530273,17.950000762939453,16.350000381469727,17.100000381469727,16.99698829650879,1567211
2023-08-09,17.0,20.100000381469727,15.600000381469727,19.600000381469727,19.4819278717041,5760169
2023-08-10,19.399999618530273,21.299999237060547,19.049999237060547,20.049999237060547,19.929216384887695,3234796
2023-08-11,20.0,20.0,17.100000381469727,17.649999618530273,17.54367446899414,1915516
2023-08-14,17.799999237060547,19.149999618530273,17.100000381469727,18.899999618530273,18.786144256591797,1711975
2023-08-16,18.649999618530273,19.299999237060547,18.100000381469727,18.600000381469727,18.487951278686523,256204
2023-08-17,18.850000381469727,18.899999618530273,17.850000381469727,18.100000381469727,17.990962982177734,345053
2023-08-18,18.149999618530273,18.25,17.200000762939453,17.25,17.14608383178711,361687
2023-08-21,17.100000381469727,17.5,16.450000762939453,17.0,16.89759063720703,162254
2023-08-22,17.049999237060547,17.5,17.049999237060547,17.299999237060547,17.195781707763672,155578
2023-08-23,17.450000762939453,17.700000762939453,17.049999237060547,17.350000381469727,17.245481491088867,110723
2023-08-24,17.75,17.850000381469727,17.149999618530273,17.200000762939453,17.096385955810547,160104
2023-08-25,17.5,17.700000762939453,17.0,17.299999237060547,17.195781707763672,99660
2023-08-28,17.299999237060547,17.350000381469727,17.049999237060547,17.149999618530273,17.04668617248535,84933
2023-08-29,17.350000381469727,17.350000381469727,17.0,17.100000381469727,16.99698829650879,93295
2023-08-30,17.25,17.5,17.100000381469727,17.25,17.14608383178711,154786
2023-08-31,17.350000381469727,17.899999618530273,16.399999618530273,16.600000381469727,16.5,345281
2023-09-01,16.75,17.299999237060547,16.0,17.299999237060547,17.299999237060547,238749
2023-09-04,17.399999618530273,17.549999237060547,16.75,16.899999618530273,16.899999618530273,329719
2023-09-05,16.899999618530273,17.25,16.899999618530273,17.149999618530273,17.149999618530273,186913
2023-09-06,17.399999618530273,17.399999618530273,16.700000762939453,16.75,16.75,152798
2023-09-07,16.899999618530273,17.200000762939453,16.600000381469727,17.049999237060547,17.049999237060547,150399
2023-09-08,17.200000762939453,17.399999618530273,16.799999237060547,16.850000381469727,16.850000381469727,162262
2023-09-11,17.149999618530273,17.200000762939453,16.299999237060547,16.700000762939453,16.700000762939453,216842
2023-09-12,17.0,17.0,15.899999618530273,15.899999618530273,15.899999618530273,248340
2023-09-13,15.75,16.149999618530273,15.100000381469727,15.600000381469727,15.600000381469727,440486
2023-09-14,15.600000381469727,16.299999237060547,15.199999809265137,15.899999618530273,15.899999618530273,251596
2023-09-15,15.949999809265137,16.149999618530273,15.399999618530273,15.550000190734863,15.550000190734863,119234
2023-09-18,15.699999809265137,15.850000381469727,15.300000190734863,15.75,15.75,79811
2023-09-20,15.899999618530273,15.899999618530273,15.100000381469727,15.199999809265137,15.199999809265137,200867
2023-09-21,15.199999809265137,15.550000190734863,14.550000190734863,15.149999618530273,15.149999618530273,178402
2023-09-22,15.149999618530273,15.399999618530273,14.699999809265137,14.899999618530273,14.899999618530273,103977
2023-09-25,14.899999618530273,15.300000190734863,14.75,15.0,15.0,89173
2023-09-26,15.399999618530273,15.399999618530273,14.850000381469727,14.949999809265137,14.949999809265137,42018
2023-09-27,14.949999809265137,15.399999618530273,14.550000190734863,15.25,15.25,82351
2023-09-28,15.300000190734863,15.300000190734863,14.600000381469727,14.850000381469727,14.850000381469727,67631
2023-09-29,14.850000381469727,15.5,14.25,14.899999618530273,14.899999618530273,109905
2023-10-03,15.149999618530273,15.25,14.75,15.149999618530273,15.149999618530273,64680
2023-10-04,15.25,15.25,14.800000190734863,14.899999618530273,14.899999618530273,46512
2023-10-05,14.899999618530273,15.25,14.149999618530273,14.300000190734863,14.300000190734863,407987
2023-10-06,14.449999809265137,15.0,14.300000190734863,14.800000190734863,14.800000190734863,273612
2023-10-09,15.300000190734863,15.300000190734863,14.649999618530273,14.850000381469727,14.850000381469727,117585
2023-10-10,15.0,15.050000190734863,14.649999618530273,14.850000381469727,14.850000381469727,61036
2023-10-11,15.0,15.100000381469727,14.350000381469727,14.550000190734863,14.550000190734863,215913
2023-10-12,14.600000381469727,14.949999809265137,14.5,14.75,14.75,115572
2023-10-13,14.850000381469727,15.449999809265137,14.25,15.300000190734863,15.300000190734863,236348
2023-10-16,15.300000190734863,15.550000190734863,15.0,15.199999809265137,15.199999809265137,125621
2023-10-17,15.449999809265137,15.5,14.800000190734863,15.050000190734863,15.050000190734863,96033
2023-10-18,15.199999809265137,15.199999809265137,14.699999809265137,15.050000190734863,15.050000190734863,65404
2023-10-19,15.0,15.100000381469727,14.5,14.75,14.75,75208
2023-10-20,14.800000190734863,14.949999809265137,14.050000190734863,14.350000381469727,14.350000381469727,197364
2023-10-23,14.449999809265137,14.449999809265137,13.649999618530273,13.699999809265137,13.699999809265137,162639
2023-10-25,14.100000381469727,14.100000381469727,13.300000190734863,13.600000381469727,13.600000381469727,160826
2023-10-26,13.699999809265137,13.800000190734863,13.100000381469727,13.550000190734863,13.550000190734863,179021
2023-10-27,13.800000190734863,14.199999809265137,13.800000190734863,13.899999618530273,13.899999618530273,58823
2023-10-30,14.100000381469727,14.100000381469727,13.699999809265137,13.800000190734863,13.800000190734863,23792
2023-10-31,13.800000190734863,14.0,13.800000190734863,13.800000190734863,13.800000190734863,29146
2023-11-01,13.850000381469727,14.350000381469727,13.600000381469727,13.949999809265137,13.949999809265137,38028
2023-11-02,14.199999809265137,14.199999809265137,13.800000190734863,14.050000190734863,14.050000190734863,32364
2023-11-03,14.300000190734863,14.75,14.149999618530273,14.75,14.75,158331
2023-11-06,14.949999809265137,15.199999809265137,14.75,15.0,15.0,101568
2023-11-07,15.199999809265137,15.300000190734863,14.850000381469727,14.949999809265137,14.949999809265137,60324
2023-11-08,15.25,15.25,14.699999809265137,14.850000381469727,14.850000381469727,52688
2023-11-09,14.850000381469727,15.149999618530273,14.75,14.800000190734863,14.800000190734863,55544
2023-11-10,14.800000190734863,15.149999618530273,14.75,15.050000190734863,15.050000190734863,61216
2023-11-13,15.25,15.350000381469727,14.850000381469727,15.199999809265137,15.199999809265137,145356
2023-11-15,15.399999618530273,15.949999809265137,15.350000381469727,15.949999809265137,15.949999809265137,471244
2023-11-16,16.299999237060547,16.700000762939453,16.0,16.700000762939453,16.700000762939453,592234
2023-11-17,16.700000762939453,16.700000762939453,16.100000381469727,16.450000762939453,16.450000762939453,217539
2023-11-20,17.799999237060547,18.899999618530273,17.200000762939453,18.100000381469727,18.100000381469727,2129867
2023-11-21,18.450000762939453,18.649999618530273,16.600000381469727,16.950000762939453,16.950000762939453,683966
2023-11-22,17.0,17.549999237060547,16.850000381469727,17.049999237060547,17.049999237060547,404462
2023-11-23,17.100000381469727,18.399999618530273,16.850000381469727,17.649999618530273,17.649999618530273,629143
2023-11-24,17.799999237060547,18.5,17.649999618530273,18.049999237060547,18.049999237060547,880545
2023-11-28,18.100000381469727,18.75,17.600000381469727,18.100000381469727,18.100000381469727,790091
2023-11-29,17.899999618530273,18.450000762939453,17.100000381469727,17.200000762939453,17.200000762939453,470004
2023-11-30,17.200000762939453,17.850000381469727,17.100000381469727,17.299999237060547,17.299999237060547,329165
2023-12-01,17.299999237060547,17.649999618530273,17.200000762939453,17.350000381469727,17.350000381469727,232055
2023-12-04,17.549999237060547,17.799999237060547,16.799999237060547,16.899999618530273,16.899999618530273,444378
2023-12-05,16.850000381469727,17.799999237060547,16.850000381469727,17.350000381469727,17.350000381469727,782976
2023-12-06,17.649999618530273,17.700000762939453,16.899999618530273,17.049999237060547,17.049999237060547,273429
2023-12-07,16.899999618530273,17.200000762939453,16.5,16.75,16.75,557621
2023-12-08,16.75,17.5,16.600000381469727,16.75,16.75,402081
2023-12-11,16.899999618530273,20.100000381469727,16.5,20.100000381469727,20.100000381469727,3679372
2023-12-12,20.399999618530273,23.0,20.100000381469727,20.700000762939453,20.700000762939453,6787225
2023-12-13,21.0,21.600000381469727,19.25,19.950000762939453,19.950000762939453,1908951
2023-12-14,20.299999237060547,23.899999618530273,19.850000381469727,23.899999618530273,23.899999618530273,6842436
2023-12-15,24.700000762939453,25.200000762939453,21.549999237060547,21.549999237060547,21.549999237060547,5067881
2023-12-18,21.549999237060547,22.649999618530273,20.200000762939453,21.850000381469727,21.850000381469727,1838670
2023-12-19,22.049999237060547,22.200000762939453,21.149999618530273,21.299999237060547,21.299999237060547,629844
2023-12-20,21.549999237060547,21.75,19.200000762939453,19.399999618530273,19.399999618530273,1651510
2023-12-21,19.149999618530273,20.950000762939453,18.75,20.200000762939453,20.200000762939453,763008
2023-12-22,20.799999237060547,20.799999237060547,19.649999618530273,20.049999237060547,20.049999237060547,728686
2023-12-26,20.450000762939453,20.600000381469727,19.899999618530273,19.950000762939453,19.950000762939453,394587
2023-12-27,20.149999618530273,20.25,19.549999237060547,19.649999618530273,19.649999618530273,357971
2023-12-28,19.700000762939453,19.950000762939453,19.049999237060547,19.149999618530273,19.149999618530273,359552
2023-12-29,19.399999618530273,19.649999618530273,19.100000381469727,19.399999618530273,19.399999618530273,243221
2024-01-01,19.700000762939453,21.299999237060547,19.600000381469727,20.799999237060547,20.799999237060547,1467187
2024-01-02,20.850000381469727,21.5,20.450000762939453,21.299999237060547,21.299999237060547,991193
2024-01-03,21.299999237060547,21.5,20.950000762939453,21.200000762939453,21.200000762939453,541116
2024-01-04,21.350000381469727,22.0,21.200000762939453,21.799999237060547,21.799999237060547,862818
2024-01-05,22.149999618530273,22.149999618530273,21.0,21.399999618530273,21.399999618530273,572538
2024-01-08,21.5,21.75,20.649999618530273,21.100000381469727,21.100000381469727,863542
2024-01-09,21.399999618530273,22.299999237060547,21.100000381469727,21.25,21.25,1042835
2024-01-10,21.399999618530273,21.399999618530273,20.799999237060547,21.049999237060547,21.049999237060547,447892
2024-01-11,21.049999237060547,21.350000381469727,20.75,21.0,21.0,381229
2024-01-12,21.049999237060547,21.299999237060547,20.200000762939453,20.549999237060547,20.549999237060547,597565
2024-01-15,20.799999237060547,21.0,20.049999237060547,20.350000381469727,20.350000381469727,457240
2024-01-16,20.700000762939453,21.0,19.600000381469727,20.0,20.0,525618
2024-01-17,19.950000762939453,20.200000762939453,19.5,19.600000381469727,19.600000381469727,365281
2024-01-18,19.600000381469727,20.799999237060547,19.149999618530273,20.649999618530273,20.649999618530273,675851
2024-01-19,20.850000381469727,21.200000762939453,20.399999618530273,20.700000762939453,20.700000762939453,469420
2024-01-23,20.75,20.950000762939453,19.649999618530273,19.799999237060547,19.799999237060547,414570
2024-01-24,20.200000762939453,20.25,19.600000381469727,20.149999618530273,20.149999618530273,304841
2024-01-25,20.149999618530273,20.549999237060547,19.299999237060547,19.600000381469727,19.600000381469727,521296
2024-01-29,19.899999618530273,20.299999237060547,19.5,19.649999618530273,19.649999618530273,598011
2024-01-30,19.75,21.600000381469727,19.75,21.25,21.25,1275042
2024-01-31,22.0,23.350000381469727,22.0,23.350000381469727,23.350000381469727,3646885
2024-02-01,23.600000381469727,23.75,22.049999237060547,22.450000762939453,22.450000762939453,1621241
2024-02-02,22.649999618530273,22.950000762939453,21.600000381469727,22.049999237060547,22.049999237060547,1012384
2024-02-05,22.200000762939453,23.149999618530273,22.049999237060547,22.25,22.25,744904
2024-02-06,22.450000762939453,22.799999237060547,21.600000381469727,22.100000381469727,22.100000381469727,661496
2024-02-07,23.049999237060547,26.5,22.899999618530273,26.5,26.5,4056271
2024-02-08,28.799999237060547,28.799999237060547,24.700000762939453,24.899999618530273,24.899999618530273,3529822
2024-02-09,25.25,25.649999618530273,22.5,23.5,23.5,1695080
2024-02-12,24.450000762939453,24.649999618530273,22.0,22.200000762939453,22.200000762939453,1293753
2024-02-13,22.450000762939453,23.399999618530273,21.200000762939453,23.049999237060547,23.049999237060547,948432
2024-02-14,23.0,24.200000762939453,21.299999237060547,23.299999237060547,23.299999237060547,723668
2024-02-15,23.100000381469727,24.25,23.100000381469727,23.5,23.5,572831
2024-02-16,23.700000762939453,24.100000381469727,22.049999237060547,22.850000381469727,22.850000381469727,398007
2024-02-19,23.049999237060547,25.850000381469727,22.899999618530273,25.200000762939453,25.200000762939453,2069567
2024-02-20,25.399999618530273,25.899999618530273,24.549999237060547,24.799999237060547,24.799999237060547,1559803
2024-02-21,25.0,26.350000381469727,23.950000762939453,26.0,26.0,2086295
2024-02-22,26.299999237060547,26.5,25.049999237060547,25.399999618530273,25.399999618530273,813618
2024-02-23,25.350000381469727,27.899999618530273,24.75,26.950000762939453,26.950000762939453,4378562
2024-02-26,27.450000762939453,28.799999237060547,27.049999237060547,27.649999618530273,27.649999618530273,2594420
2024-02-27,27.899999618530273,29.5,27.600000381469727,28.149999618530273,28.149999618530273,2334781
2024-02-28,28.350000381469727,28.700000762939453,25.549999237060547,25.899999618530273,25.899999618530273,2020874
2024-02-29,26.200000762939453,26.5,24.600000381469727,25.049999237060547,25.049999237060547,1549827
2024-03-01,25.450000762939453,26.0,24.649999618530273,25.149999618530273,25.149999618530273,1409971
2024-03-04,25.75,28.0,24.850000381469727,26.950000762939453,26.950000762939453,3099472
2024-03-05,27.200000762939453,27.399999618530273,25.0,25.200000762939453,25.200000762939453,1196689
2024-03-06,25.450000762939453,26.100000381469727,23.899999618530273,24.75,24.75,1121716
2024-03-07,24.799999237060547,25.600000381469727,24.450000762939453,24.549999237060547,24.549999237060547,421520
2024-03-11,24.75,24.75,22.899999618530273,23.0,23.0,491335
2024-03-12,23.299999237060547,23.350000381469727,21.649999618530273,22.350000381469727,22.350000381469727,690398
2024-03-13,22.200000762939453,22.299999237060547,19.25,19.649999618530273,19.649999618530273,938479
2024-03-14,19.399999618530273,22.0,19.399999618530273,21.450000762939453,21.450000762939453,671594
2024-03-15,21.75,22.5,20.799999237060547,21.25,21.25,410872
2024-03-18,21.149999618530273,21.950000762939453,20.799999237060547,21.0,21.0,405779
2024-03-19,21.100000381469727,21.649999618530273,20.100000381469727,20.299999237060547,20.299999237060547,532755
2024-03-20,20.5,20.899999618530273,19.75,20.149999618530273,20.149999618530273,519968
2024-03-21,20.450000762939453,22.799999237060547,20.450000762939453,20.700000762939453,20.700000762939453,790748
2024-03-22,20.850000381469727,22.200000762939453,20.700000762939453,20.799999237060547,20.799999237060547,849121
2024-03-26,20.950000762939453,21.5,19.799999237060547,20.100000381469727,20.100000381469727,620445
2024-03-27,20.200000762939453,20.549999237060547,19.5,19.600000381469727,19.600000381469727,595996
2024-03-28,19.899999618530273,20.700000762939453,19.5,20.049999237060547,20.049999237060547,517485
2024-04-01,20.399999618530273,22.600000381469727,20.399999618530273,22.350000381469727,22.350000381469727,1077555
2024-04-02,22.399999618530273,22.799999237060547,21.899999618530273,22.399999618530273,22.399999618530273,389012
2024-04-03,22.049999237060547,23.25,22.049999237060547,22.75,22.75,550232
2024-04-04,23.100000381469727,23.5,22.700000762939453,22.899999618530273,22.899999618530273,428227
2024-04-05,23.0,23.649999618530273,22.5,23.350000381469727,23.350000381469727,590452
2024-04-08,23.450000762939453,23.799999237060547,22.799999237060547,23.100000381469727,23.100000381469727,381502
2024-04-09,23.200000762939453,23.700000762939453,22.149999618530273,22.399999618530273,22.399999618530273,421333
2024-04-10,22.600000381469727,22.950000762939453,22.0,22.149999618530273,22.149999618530273,300411
2024-04-12,22.149999618530273,22.399999618530273,21.549999237060547,21.649999618530273,21.649999618530273,208458
2024-04-15,21.549999237060547,21.549999237060547,20.399999618530273,20.75,20.75,305861
2024-04-16,20.799999237060547,21.549999237060547,19.799999237060547,20.5,20.5,725834
2024-04-18,20.649999618530273,21.399999618530273,20.25,20.5,20.5,356190
2024-04-19,20.200000762939453,20.450000762939453,20.0,20.25,20.25,250256
2024-04-22,20.549999237060547,21.399999618530273,20.549999237060547,21.100000381469727,21.100000381469727,325355
2024-04-23,21.700000762939453,21.700000762939453,21.0,21.25,21.25,432203
2024-04-24,21.350000381469727,21.75,21.200000762939453,21.25,21.25,323797
2024-04-25,21.600000381469727,23.450000762939453,21.350000381469727,22.950000762939453,22.950000762939453,1944568
2024-04-26,23.200000762939453,23.399999618530273,22.549999237060547,23.0,23.0,517472
2024-04-29,23.0,23.299999237060547,22.049999237060547,22.649999618530273,22.649999618530273,370851
2024-04-30,23.299999237060547,23.299999237060547,22.25,22.350000381469727,22.350000381469727,244232
2024-05-02,22.600000381469727,22.850000381469727,21.899999618530273,22.0,22.0,405878
2024-05-03,22.350000381469727,22.75,21.649999618530273,22.149999618530273,22.149999618530273,303320
2024-05-06,22.450000762939453,22.450000762939453,21.200000762939453,21.350000381469727,21.350000381469727,395293
2024-05-07,21.5,21.5,20.5,20.799999237060547,20.799999237060547,185655
2024-05-08,20.799999237060547,21.799999237060547,20.700000762939453,21.5,21.5,513905
2024-05-09,21.850000381469727,22.799999237060547,21.049999237060547,21.25,21.25,1053343
2024-05-10,21.600000381469727,21.950000762939453,20.899999618530273,21.049999237060547,21.049999237060547,324851
2024-05-13,21.0,21.299999237060547,19.600000381469727,20.649999618530273,20.649999618530273,413615
2024-05-14,20.649999618530273,21.399999618530273,20.649999618530273,20.850000381469727,20.850000381469727,231309
2024-05-15,21.0,21.200000762939453,20.600000381469727,20.75,20.75,276833
2024-05-16,20.950000762939453,21.049999237060547,20.549999237060547,20.75,20.75,153709
2024-05-17,20.75,21.25,20.700000762939453,20.899999618530273,20.899999618530273,204509
2024-05-21,21.299999237060547,21.5,21.0,21.350000381469727,21.350000381469727,305839
2024-05-22,21.649999618530273,21.700000762939453,21.049999237060547,21.25,21.25,207469
2024-05-23,21.0,21.450000762939453,21.0,21.299999237060547,21.299999237060547,196879
2024-05-24,21.299999237060547,22.549999237060547,20.850000381469727,22.049999237060547,22.049999237060547,641613
2024-05-27,22.200000762939453,22.450000762939453,21.600000381469727,22.0,22.0,507132
2024-05-28,22.450000762939453,22.450000762939453,20.100000381469727,21.200000762939453,21.200000762939453,304668
2024-05-29,21.450000762939453,21.450000762939453,20.549999237060547,20.950000762939453,20.950000762939453,176351
2024-05-30,20.649999618530273,21.049999237060547,20.649999618530273,20.700000762939453,20.700000762939453,125363
2024-05-31,20.700000762939453,21.0,20.350000381469727,20.450000762939453,20.450000762939453,166110
2024-06-03,20.75,22.399999618530273,20.75,21.25,21.25,400525
2024-06-04,21.450000762939453,21.450000762939453,18.25,18.799999237060547,18.799999237060547,585825
2024-06-05,18.850000381469727,19.799999237060547,18.149999618530273,19.600000381469727,19.600000381469727,471343
2024-06-06,20.0,20.700000762939453,19.899999618530273,20.399999618530273,20.399999618530273,232755
2024-06-07,20.5,21.0,20.350000381469727,20.799999237060547,20.799999237060547,391976
2024-06-10,21.09000015258789,21.399999618530273,20.790000915527344,21.139999389648438,21.139999389648438,183904
2024-06-11,21.020000457763672,21.549999237060547,21.0,21.399999618530273,21.399999618530273,97759
