Date,Open,High,Low,Close,Adj Close,Volume
2002-07-01,7.21875,7.256249904632568,7.050000190734863,7.068749904632568,2.8241734504699707,461999
2002-07-02,6.9375,7.3125,6.449999809265137,7.199999809265137,2.8766117095947266,1059221
2002-07-03,7.162499904632568,7.6875,7.162499904632568,7.443749904632568,2.9739973545074463,3263213
2002-07-04,7.762499809265137,7.800000190734863,7.237500190734863,7.293749809265137,2.9140689373016357,2013258
2002-07-05,7.462500095367432,7.5,7.050000190734863,7.181250095367432,2.8691210746765137,1676602
2002-07-08,7.349999904632568,7.706250190734863,7.21875,7.293749809265137,2.9140689373016357,1196789
2002-07-09,7.3125,7.3125,7.068749904632568,7.125,2.8466477394104004,612226
2002-07-10,7.199999809265137,7.275000095367432,6.768750190734863,6.84375,2.734279155731201,1070615
2002-07-11,6.75,6.918749809265137,6.5625,6.693749904632568,2.6743507385253906,1290887
2002-07-12,6.9375,7.087500095367432,6.581250190734863,6.693749904632568,2.6743507385253906,998381
2002-07-15,6.75,6.824999809265137,6.431250095367432,6.543749809265137,2.6144211292266846,826722
2002-07-16,6.5625,6.768750190734863,6.431250095367432,6.525000095367432,2.6069302558898926,656669
2002-07-17,6.487500190734863,6.675000190734863,6.431250095367432,6.543749809265137,2.6144211292266846,575106
2002-07-18,6.712500095367432,6.787499904632568,6.449999809265137,6.599999904632568,2.636894941329956,798359
2002-07-19,6.375,6.375,6.074999809265137,6.224999904632568,2.4870707988739014,1160034
2002-07-22,6.074999809265137,6.074999809265137,5.737500190734863,5.793749809265137,2.31477427482605,1005229
2002-07-23,6.074999809265137,6.168749809265137,5.662499904632568,6.056250095367432,2.4196505546569824,1061519
2002-07-24,6.074999809265137,6.074999809265137,5.90625,6.018750190734863,2.4046688079833984,749026
2002-07-25,6.206250190734863,6.318749904632568,6.0,6.037499904632568,2.4121592044830322,787138
2002-07-26,6.037499904632568,6.037499904632568,5.71875,5.793749809265137,2.31477427482605,616615
2002-07-29,5.756249904632568,5.962500095367432,5.287499904632568,5.53125,2.209897518157959,775869
2002-07-30,5.8125,5.887499809265137,5.268750190734863,5.418749809265137,2.164949655532837,803373
2002-07-31,5.362500190734863,5.550000190734863,4.875,5.34375,2.1349856853485107,1056890
2002-08-01,5.287499904632568,5.606249809265137,5.287499904632568,5.381249904632568,2.149967908859253,554815
2002-08-02,4.987500190734863,5.362500190734863,4.949999809265137,5.287499904632568,2.1125118732452393,533237
2002-08-05,5.34375,5.474999904632568,5.34375,5.381249904632568,2.149967908859253,378218
2002-08-06,5.625,5.625,5.287499904632568,5.53125,2.209897518157959,392959
2002-08-07,5.699999809265137,5.849999904632568,5.625,5.756249904632568,2.2997922897338867,689023
2002-08-08,5.849999904632568,5.849999904632568,5.456250190734863,5.53125,2.209897518157959,427927
2002-08-09,5.550000190734863,5.662499904632568,5.362500190734863,5.53125,2.209897518157959,477026
2002-08-12,5.324999809265137,5.662499904632568,5.324999809265137,5.587500095367432,2.2323710918426514,271519
2002-08-13,5.625,5.699999809265137,5.53125,5.550000190734863,2.21738862991333,197722
2002-08-14,5.550000190734863,5.587500095367432,5.4375,5.512499809265137,2.202406167984009,125178
2002-08-15,5.512499809265137,5.512499809265137,5.512499809265137,5.512499809265137,2.202406167984009,0
2002-08-16,5.699999809265137,5.699999809265137,5.456250190734863,5.512499809265137,2.202406167984009,190709
2002-08-19,5.474999904632568,5.568749904632568,5.4375,5.474999904632568,2.1874239444732666,150885
2002-08-20,5.493750095367432,5.737500190734863,5.493750095367432,5.662499904632568,2.262336015701294,519871
2002-08-21,5.71875,5.793749809265137,5.625,5.699999809265137,2.277318239212036,581226
2002-08-22,5.8125,5.8125,5.53125,5.568749904632568,2.224879741668701,334237
2002-08-23,5.568749904632568,5.681250095367432,5.550000190734863,5.606249809265137,2.2398622035980225,304202
2002-08-26,5.587500095367432,5.662499904632568,5.512499809265137,5.53125,2.209897518157959,193538
2002-08-27,5.587500095367432,5.625,5.418749809265137,5.4375,2.1724419593811035,320847
2002-08-28,5.400000095367432,5.4375,5.324999809265137,5.381249904632568,2.149967908859253,160311
2002-08-29,5.362500190734863,5.418749809265137,5.268750190734863,5.306250095367432,2.1200037002563477,194655
2002-08-30,5.381249904632568,5.493750095367432,5.324999809265137,5.4375,2.1724419593811035,244879
2002-09-02,5.606249809265137,5.793749809265137,5.512499809265137,5.737500190734863,2.292299747467041,755109
2002-09-03,5.53125,5.71875,5.456250190734863,5.512499809265137,2.202406167984009,396210
2002-09-04,5.306250095367432,5.550000190734863,5.306250095367432,5.512499809265137,2.202406167984009,223242
2002-09-05,5.550000190734863,5.587500095367432,5.4375,5.474999904632568,2.1874239444732666,290954
2002-09-06,5.550000190734863,5.587500095367432,5.324999809265137,5.362500190734863,2.142476797103882,415791
2002-09-09,5.512499809265137,5.512499809265137,5.287499904632568,5.324999809265137,2.1274943351745605,286010
2002-09-10,5.324999809265137,5.324999809265137,5.324999809265137,5.324999809265137,2.1274943351745605,0
2002-09-11,5.474999904632568,5.493750095367432,5.34375,5.362500190734863,2.142476797103882,198759
2002-09-12,5.418749809265137,5.550000190734863,5.362500190734863,5.474999904632568,2.1874239444732666,298781
2002-09-13,5.474999904632568,5.474999904632568,5.306250095367432,5.34375,2.1349856853485107,153525
2002-09-16,5.4375,5.4375,5.324999809265137,5.34375,2.1349856853485107,149362
2002-09-17,5.4375,5.4375,5.34375,5.400000095367432,2.1574599742889404,141911
2002-09-18,5.381249904632568,5.400000095367432,5.25,5.268750190734863,2.1050214767456055,167991
2002-09-19,5.25,5.324999809265137,5.118750095367432,5.193749904632568,2.075056552886963,198015
2002-09-20,5.15625,5.25,4.987500190734863,5.212500095367432,2.082547187805176,200533
2002-09-23,5.287499904632568,5.324999809265137,5.15625,5.193749904632568,2.075056552886963,174853
2002-09-24,5.15625,5.15625,5.043749809265137,5.081250190734863,2.0301098823547363,162325
2002-09-25,4.96875,5.118750095367432,4.893750190734863,5.043749809265137,2.0151267051696777,140087
2002-09-26,5.118750095367432,5.25,5.0625,5.193749904632568,2.075056552886963,167450
2002-09-27,5.099999904632568,5.212500095367432,5.081250190734863,5.15625,2.0600743293762207,194423
2002-09-30,5.118750095367432,5.15625,4.96875,4.987500190734863,1.9926540851593018,147735
2002-10-01,5.0625,5.0625,4.875,4.912499904632568,1.962688684463501,237549
2002-10-02,4.912499904632568,4.912499904632568,4.912499904632568,4.912499904632568,1.962688684463501,0
2002-10-03,5.043749809265137,5.043749809265137,4.856249809265137,4.875,1.9477059841156006,193703
2002-10-04,4.875,4.875,4.724999904632568,4.78125,1.9102504253387451,131391
2002-10-07,4.5,4.875,4.5,4.743750095367432,1.8952687978744507,213935
2002-10-08,4.743750095367432,4.987500190734863,4.743750095367432,4.912499904632568,1.962688684463501,276519
2002-10-09,4.987500190734863,5.118750095367432,4.875,4.893750190734863,1.9551975727081299,307010
2002-10-10,4.800000190734863,4.931250095367432,4.800000190734863,4.893750190734863,1.9551975727081299,137802
2002-10-11,5.175000190734863,5.175000190734863,4.912499904632568,4.987500190734863,1.9926540851593018,253591
2002-10-14,5.0625,5.137499809265137,4.949999809265137,4.987500190734863,1.9926540851593018,175909
2002-10-15,4.987500190734863,4.987500190734863,4.987500190734863,4.987500190734863,1.9926540851593018,0
2002-10-16,5.193749904632568,5.324999809265137,5.006249904632568,5.043749809265137,2.0151267051696777,561338
2002-10-17,5.231249809265137,5.606249809265137,5.212500095367432,5.53125,2.209897518157959,1401159
2002-10-18,5.662499904632568,5.699999809265137,5.418749809265137,5.456250190734863,2.1799330711364746,869341
2002-10-21,5.550000190734863,6.074999809265137,5.400000095367432,5.925000190734863,2.3672125339508057,1076319
2002-10-22,5.943749904632568,6.037499904632568,5.550000190734863,5.625,2.247354030609131,1267290
2002-10-23,5.587500095367432,5.756249904632568,5.53125,5.568749904632568,2.224879741668701,430370
2002-10-24,5.456250190734863,5.699999809265137,5.362500190734863,5.4375,2.1724419593811035,314159
2002-10-25,5.4375,5.4375,5.212500095367432,5.287499904632568,2.1125118732452393,248053
2002-10-28,5.287499904632568,5.287499904632568,5.137499809265137,5.212500095367432,2.082547187805176,264063
2002-10-29,5.25,6.262499809265137,5.212500095367432,6.1875,2.4720892906188965,2240794
2002-10-30,6.09375,6.09375,5.643750190734863,5.756249904632568,2.2997922897338867,938986
2002-10-31,5.756249904632568,5.943749904632568,5.625,5.887499809265137,2.3522303104400635,883151
2002-11-01,5.793749809265137,5.868750095367432,5.71875,5.793749809265137,2.31477427482605,260533
2002-11-04,5.981249809265137,5.981249809265137,5.793749809265137,5.868750095367432,2.3447389602661133,146261
2002-11-05,5.887499809265137,6.1875,5.775000095367432,6.074999809265137,2.427142381668091,614442
2002-11-06,6.074999809265137,6.074999809265137,6.074999809265137,6.074999809265137,2.427142381668091,0
2002-11-07,6.0,6.449999809265137,6.0,6.09375,2.4346327781677246,1769634
2002-11-08,6.018750190734863,6.150000095367432,5.943749904632568,6.074999809265137,2.427142381668091,517495
2002-11-11,5.643750190734863,6.1875,5.643750190734863,5.981249809265137,2.38968563079834,306218
2002-11-12,5.887499809265137,6.243750095367432,5.887499809265137,6.074999809265137,2.427142381668091,1054367
2002-11-13,6.0,6.131249904632568,5.981249809265137,6.018750190734863,2.4347262382507324,338434
2002-11-14,6.1875,6.675000190734863,6.0,6.393750190734863,2.586423397064209,1197917
2002-11-15,6.487500190734863,7.087500095367432,6.412499904632568,6.956250190734863,2.813966989517212,3834514
2002-11-18,6.993750095367432,7.125,6.787499904632568,7.050000190734863,2.851891279220581,1615642
2002-11-19,7.050000190734863,7.050000190734863,7.050000190734863,7.050000190734863,2.851891279220581,0
2002-11-20,7.087500095367432,7.125,6.75,6.84375,2.7684593200683594,1168258
2002-11-21,6.993750095367432,7.3125,6.9375,7.106249809265137,2.8746461868286133,1970194
2002-11-22,7.349999904632568,7.40625,6.881249904632568,6.956250190734863,2.813966989517212,1317962
2002-11-25,6.974999904632568,7.012499809265137,6.84375,6.900000095367432,2.791212558746338,593223
2002-11-26,6.862500190734863,7.462500095367432,6.862500190734863,7.087500095367432,2.867061138153076,2079599
2002-11-27,7.050000190734863,7.237500190734863,6.9375,7.050000190734863,2.851891279220581,1068103
2002-11-28,6.84375,7.275000095367432,6.84375,7.106249809265137,2.8746461868286133,799031
2002-11-29,7.125,7.275000095367432,6.956250190734863,7.21875,2.920154571533203,1212151
2002-12-02,7.293749809265137,7.724999904632568,7.199999809265137,7.574999809265137,3.064265251159668,2510042
2002-12-03,7.668749809265137,7.875,6.956250190734863,7.087500095367432,2.867061138153076,1875311
2002-12-04,6.84375,7.106249809265137,6.84375,6.900000095367432,2.791212558746338,976253
2002-12-05,7.03125,7.331250190734863,7.012499809265137,7.21875,2.920154571533203,832365
2002-12-06,7.349999904632568,7.481249809265137,7.03125,7.368750095367432,2.980832815170288,1032029
2002-12-09,7.425000190734863,7.556250095367432,6.9375,7.012499809265137,2.8367221355438232,1135458
2002-12-10,6.918749809265137,7.237500190734863,6.787499904632568,7.068749904632568,2.859476327896118,535517
2002-12-11,7.181250095367432,7.256249904632568,6.900000095367432,6.9375,2.806381940841675,643650
2002-12-12,6.9375,7.012499809265137,6.84375,6.900000095367432,2.791212558746338,341151
2002-12-13,7.125,7.125,6.900000095367432,6.9375,2.806381940841675,379386
2002-12-16,7.050000190734863,7.050000190734863,6.637499809265137,6.693749904632568,2.7077794075012207,586671
2002-12-17,6.824999809265137,6.824999809265137,6.5625,6.675000190734863,2.700194835662842,501431
2002-12-18,6.65625,6.75,6.618750095367432,6.637499809265137,2.685025691986084,216658
2002-12-19,6.599999904632568,7.125,6.525000095367432,6.974999904632568,2.821552038192749,771455
2002-12-20,7.03125,7.087500095367432,6.768750190734863,6.824999809265137,2.7608730792999268,757191
2002-12-23,6.881249904632568,6.918749809265137,6.525000095367432,6.618750095367432,2.6774404048919678,576202
2002-12-24,6.637499809265137,6.9375,6.375,6.881249904632568,2.783627986907959,584450
2002-12-25,6.881249904632568,6.881249904632568,6.881249904632568,6.881249904632568,2.783627986907959,0
2002-12-26,6.862500190734863,7.012499809265137,6.806250095367432,6.84375,2.7684593200683594,365314
2002-12-27,6.881249904632568,6.9375,6.65625,6.693749904632568,2.7077794075012207,248266
2002-12-30,6.5625,6.9375,6.5625,6.806250095367432,2.753288745880127,558253
2002-12-31,6.900000095367432,6.993750095367432,6.75,6.787499904632568,2.745704174041748,477261
2003-01-01,6.806250095367432,6.918749809265137,6.768750190734863,6.787499904632568,2.745704174041748,165373
2003-01-02,6.862500190734863,6.862500190734863,6.5625,6.599999904632568,2.669856071472168,366749
2003-01-03,6.787499904632568,6.787499904632568,6.525000095367432,6.5625,2.6546852588653564,256653
2003-01-06,6.712500095367432,6.731249809265137,6.525000095367432,6.543749809265137,2.647101402282715,224461
2003-01-07,6.506249904632568,6.599999904632568,6.375,6.412499904632568,2.5940070152282715,269074
2003-01-08,6.375,6.599999904632568,6.375,6.543749809265137,2.647101402282715,187365
2003-01-09,6.1875,6.675000190734863,6.1875,6.543749809265137,2.647101402282715,273319
2003-01-10,6.581250190734863,6.581250190734863,6.206250190734863,6.300000190734863,2.5484986305236816,630223
2003-01-13,6.28125,6.28125,6.0,6.112500190734863,2.472651958465576,338703
2003-01-14,6.262499809265137,6.599999904632568,6.1875,6.581250190734863,2.6622705459594727,724869
2003-01-15,6.731249809265137,6.918749809265137,6.637499809265137,6.712500095367432,2.715364694595337,966029
2003-01-16,6.75,6.84375,6.599999904632568,6.637499809265137,2.685025691986084,421309
2003-01-17,6.693749904632568,6.900000095367432,6.5625,6.768750190734863,2.738119602203369,793445
2003-01-20,7.162499904632568,7.387499809265137,6.637499809265137,6.75,2.730534553527832,2245586
2003-01-21,6.806250095367432,6.9375,6.449999809265137,6.487500190734863,2.6243464946746826,793709
2003-01-22,6.506249904632568,6.824999809265137,6.393750190734863,6.525000095367432,2.639516830444336,721506
2003-01-23,6.28125,6.599999904632568,6.28125,6.337500095367432,2.563669204711914,482935
2003-01-24,6.506249904632568,6.525000095367432,5.962500095367432,6.018750190734863,2.4347262382507324,1353743
2003-01-27,5.943749904632568,5.962500095367432,5.662499904632568,5.775000095367432,2.3361239433288574,987935
2003-01-28,5.925000190734863,6.28125,5.793749809265137,5.962500095367432,2.4119715690612793,540279
2003-01-29,6.131249904632568,6.150000095367432,5.90625,5.943749904632568,2.4043867588043213,504114
2003-01-30,5.90625,6.074999809265137,5.831250190734863,5.887499809265137,2.3816332817077637,276637
2003-01-31,5.981249809265137,6.0,5.775000095367432,5.849999904632568,2.3664631843566895,212127
2003-02-03,5.849999904632568,6.150000095367432,5.849999904632568,6.112500190734863,2.472651958465576,433482
2003-02-04,6.1875,6.262499809265137,5.943749904632568,5.981249809265137,2.4195568561553955,471557
2003-02-05,5.8125,5.981249809265137,5.662499904632568,5.775000095367432,2.3361239433288574,264191
2003-02-06,5.849999904632568,5.887499809265137,5.737500190734863,5.8125,2.3512938022613525,235951
2003-02-07,6.0,6.0,5.699999809265137,5.737500190734863,2.3209540843963623,387117
2003-02-10,5.699999809265137,5.775000095367432,5.550000190734863,5.587500095367432,2.260275363922119,291279
2003-02-11,5.643750190734863,5.71875,5.512499809265137,5.53125,2.2375214099884033,262418
2003-02-12,5.568749904632568,5.568749904632568,5.4375,5.474999904632568,2.214766502380371,185749
2003-02-13,5.474999904632568,5.474999904632568,5.474999904632568,5.474999904632568,2.214766502380371,0
2003-02-14,5.324999809265137,5.71875,5.25,5.324999809265137,2.154088258743286,275543
2003-02-17,5.456250190734863,5.925000190734863,5.456250190734863,5.849999904632568,2.3664631843566895,750317
2003-02-18,6.0,6.037499904632568,5.699999809265137,5.737500190734863,2.3209540843963623,616263
2003-02-19,5.925000190734863,5.943749904632568,5.625,5.681250095367432,2.298199415206909,417682
2003-02-20,5.643750190734863,5.699999809265137,5.53125,5.568749904632568,2.252690315246582,405090
2003-02-21,5.53125,5.53125,5.418749809265137,5.456250190734863,2.207181930541992,496498
2003-02-24,5.587500095367432,5.681250095367432,5.4375,5.456250190734863,2.207181930541992,241165
2003-02-25,5.418749809265137,5.456250190734863,5.306250095367432,5.362500190734863,2.1692583560943604,214130
2003-02-26,5.4375,5.4375,5.287499904632568,5.324999809265137,2.154088258743286,284495
2003-02-27,5.324999809265137,5.512499809265137,5.324999809265137,5.474999904632568,2.214766502380371,165551
2003-02-28,5.587500095367432,5.625,5.474999904632568,5.606249809265137,2.2678608894348145,392351
2003-03-03,5.699999809265137,5.868750095367432,5.493750095367432,5.53125,2.2375214099884033,197525
2003-03-04,5.512499809265137,5.512499809265137,5.324999809265137,5.362500190734863,2.1692583560943604,182034
2003-03-05,5.418749809265137,5.418749809265137,5.212500095367432,5.268750190734863,2.1313347816467285,238138
2003-03-06,5.137499809265137,5.4375,5.137499809265137,5.231249809265137,2.116163969039917,158698
2003-03-07,5.175000190734863,5.212500095367432,5.025000095367432,5.099999904632568,2.063070297241211,303050
2003-03-10,5.0625,5.175000190734863,4.518750190734863,4.931250095367432,1.994807243347168,242701
2003-03-11,4.875,5.043749809265137,4.706250190734863,4.96875,2.0099761486053467,428077
2003-03-12,5.043749809265137,5.175000190734863,4.96875,4.987500190734863,2.017561435699463,216709
2003-03-13,5.099999904632568,5.099999904632568,4.856249809265137,4.931250095367432,1.994807243347168,269255
2003-03-14,4.931250095367432,4.931250095367432,4.931250095367432,4.931250095367432,1.994807243347168,0
2003-03-17,4.875,5.0625,4.724999904632568,4.762499809265137,1.926543116569519,268901
2003-03-18,4.762499809265137,4.762499809265137,4.762499809265137,4.762499809265137,1.926543116569519,0
2003-03-19,4.893750190734863,4.987500190734863,4.762499809265137,4.837500095367432,1.9568824768066406,308538
2003-03-20,5.775000095367432,5.775000095367432,4.800000190734863,5.006249904632568,2.025146484375,421903
2003-03-21,5.699999809265137,5.699999809265137,4.96875,5.137499809265137,2.0782406330108643,366847
2003-03-24,5.25,5.381249904632568,4.949999809265137,4.987500190734863,2.017561435699463,346989
2003-03-25,4.762499809265137,5.043749809265137,4.724999904632568,5.006249904632568,2.025146484375,272941
2003-03-26,4.875,5.137499809265137,4.875,5.043749809265137,2.040316343307495,362517
2003-03-27,4.987500190734863,5.025000095367432,4.875,4.893750190734863,1.9796372652053833,220575
2003-03-28,5.025000095367432,5.0625,4.800000190734863,4.856249809265137,1.9644676446914673,222557
2003-03-31,4.800000190734863,4.837500095367432,4.5,4.574999809265137,1.8506959676742554,274725
2003-04-01,4.518750190734863,4.856249809265137,4.518750190734863,4.706250190734863,1.9037895202636719,211698
2003-04-02,4.875,4.875,4.668749809265137,4.800000190734863,1.9417136907577515,173959
2003-04-03,5.081250190734863,5.081250190734863,4.875,5.025000095367432,2.032731294631958,212735
2003-04-04,5.137499809265137,5.418749809265137,4.912499904632568,5.362500190734863,2.1692583560943604,303983
2003-04-07,5.550000190734863,5.550000190734863,5.306250095367432,5.512499809265137,2.229935884475708,465167
2003-04-08,5.362500190734863,5.493750095367432,5.287499904632568,5.34375,2.161672592163086,317706
2003-04-09,5.287499904632568,5.287499904632568,4.5,5.231249809265137,2.116163969039917,330474
2003-04-10,5.25,5.25,4.59375,4.6875,1.8962044715881348,907453
2003-04-11,4.59375,4.912499904632568,4.5,4.856249809265137,1.9644676446914673,519303
2003-04-15,4.893750190734863,5.137499809265137,4.875,5.006249904632568,2.025146484375,287474
2003-04-16,5.118750095367432,5.212500095367432,4.818749904632568,4.949999809265137,2.002392053604126,453626
2003-04-17,4.875,5.231249809265137,4.6875,5.137499809265137,2.0782406330108643,1101685
2003-04-18,5.137499809265137,5.137499809265137,5.137499809265137,5.137499809265137,2.0782406330108643,0
2003-04-21,5.287499904632568,5.287499904632568,4.818749904632568,4.949999809265137,2.002392053604126,557623
2003-04-22,4.837500095367432,5.025000095367432,4.837500095367432,4.856249809265137,1.9644676446914673,279085
2003-04-23,4.912499904632568,5.175000190734863,4.856249809265137,4.893750190734863,1.9796372652053833,504413
2003-04-24,4.949999809265137,4.96875,4.743750095367432,4.762499809265137,1.926543116569519,340311
2003-04-25,4.837500095367432,4.837500095367432,4.724999904632568,4.78125,1.9341282844543457,163114
2003-04-28,4.762499809265137,4.800000190734863,4.650000095367432,4.6875,1.8962044715881348,163647
2003-04-29,4.706250190734863,4.837500095367432,4.650000095367432,4.706250190734863,1.9037895202636719,182703
2003-04-30,4.650000095367432,4.743750095367432,4.5,4.518750190734863,1.8279412984848022,317749
2003-05-01,4.518750190734863,4.518750190734863,4.518750190734863,4.518750190734863,1.8279412984848022,0
2003-05-02,4.574999809265137,4.78125,4.5,4.6875,1.8962044715881348,282565
2003-05-05,4.800000190734863,4.837500095367432,4.706250190734863,4.78125,1.9341282844543457,315925
2003-05-06,4.800000190734863,4.875,4.724999904632568,4.762499809265137,1.926543116569519,211975
2003-05-07,4.856249809265137,4.856249809265137,4.6875,4.706250190734863,1.9037895202636719,133399
2003-05-08,4.6875,4.78125,4.6875,4.724999904632568,1.9113738536834717,98810
2003-05-09,4.6875,4.706250190734863,4.5,4.650000095367432,1.881034255027771,126591
2003-05-12,4.6875,4.743750095367432,4.5,4.556250095367432,1.8431110382080078,244399
2003-05-13,4.650000095367432,4.650000095367432,4.3125,4.349999904632568,1.759677529335022,467807
2003-05-14,4.40625,4.5,4.293749809265137,4.349999904632568,1.759677529335022,394813
2003-05-15,4.425000190734863,4.481249809265137,4.331250190734863,4.443749904632568,1.7976020574569702,334975
2003-05-16,4.462500095367432,5.043749809265137,4.462500095367432,4.96875,2.0099761486053467,1161650
2003-05-19,5.0625,5.15625,4.724999904632568,4.743750095367432,1.9189586639404297,667029
2003-05-20,4.59375,4.743750095367432,4.574999809265137,4.706250190734863,1.9037895202636719,311879
2003-05-21,4.800000190734863,4.818749904632568,4.574999809265137,4.612500190734863,1.865864634513855,189306
2003-05-22,4.612500190734863,4.668749809265137,4.5,4.518750190734863,1.8279412984848022,224119
2003-05-23,4.612500190734863,4.612500190734863,4.256249904632568,4.368750095367432,1.7672628164291382,586074
2003-05-26,4.349999904632568,4.462500095367432,4.293749809265137,4.3125,1.7445080280303955,317698
2003-05-27,4.462500095367432,4.462500095367432,4.331250190734863,4.349999904632568,1.759677529335022,398063
2003-05-28,4.462500095367432,4.462500095367432,4.275000095367432,4.387499809265137,1.7748470306396484,375991
2003-05-29,4.425000190734863,4.837500095367432,4.387499809265137,4.762499809265137,1.926543116569519,946525
2003-05-30,4.949999809265137,4.987500190734863,4.612500190734863,4.6875,1.8962044715881348,640669
2003-06-02,4.800000190734863,5.53125,4.762499809265137,5.324999809265137,2.154088258743286,2713698
2003-06-03,5.381249904632568,5.4375,4.987500190734863,5.043749809265137,2.040316343307495,923338
2003-06-04,5.212500095367432,5.231249809265137,5.006249904632568,5.043749809265137,2.040316343307495,580901
2003-06-05,5.15625,5.25,5.081250190734863,5.099999904632568,2.063070297241211,742813
2003-06-06,5.137499809265137,5.212500095367432,5.025000095367432,5.118750095367432,2.07065486907959,377717
2003-06-09,5.15625,5.34375,5.006249904632568,5.212500095367432,2.108579158782959,742749
2003-06-10,5.25,5.34375,5.0625,5.118750095367432,2.07065486907959,840730
2003-06-11,5.137499809265137,5.175000190734863,4.893750190734863,5.006249904632568,2.070655345916748,460605
2003-06-12,5.025000095367432,5.081250190734863,4.912499904632568,4.987500190734863,2.0629005432128906,293471
2003-06-13,4.949999809265137,5.0625,4.912499904632568,4.931250095367432,2.0396344661712646,264706
2003-06-16,4.893750190734863,5.099999904632568,4.893750190734863,4.96875,2.055144786834717,179949
2003-06-17,5.25,5.25,4.987500190734863,5.025000095367432,2.0784106254577637,424906
2003-06-18,5.0625,5.081250190734863,4.949999809265137,4.96875,2.055144786834717,303029
2003-06-19,5.043749809265137,5.043749809265137,4.893750190734863,4.893750190734863,2.0241236686706543,260943
2003-06-20,4.837500095367432,4.931250095367432,4.78125,4.856249809265137,2.008613109588623,296767
2003-06-23,4.537499904632568,4.931250095367432,4.537499904632568,4.743750095367432,1.9620815515518188,255469
2003-06-24,4.537499904632568,4.78125,4.518750190734863,4.706250190734863,1.9465712308883667,205263
2003-06-25,4.78125,4.856249809265137,4.706250190734863,4.762499809265137,1.969836711883545,251810
2003-06-26,4.800000190734863,4.875,4.743750095367432,4.856249809265137,2.008613109588623,287119
2003-06-27,4.875,5.081250190734863,4.856249809265137,4.949999809265137,2.0473897457122803,571634
2003-06-30,5.0625,5.15625,4.96875,5.0625,2.093921422958374,443181
2003-07-01,5.137499809265137,5.137499809265137,4.893750190734863,4.949999809265137,2.0473897457122803,238101
2003-07-02,4.96875,5.099999904632568,4.912499904632568,4.949999809265137,2.0473897457122803,256567
2003-07-03,5.0625,5.0625,4.818749904632568,4.856249809265137,2.008613109588623,394037
2003-07-04,4.78125,4.949999809265137,4.78125,4.893750190734863,2.0241236686706543,484911
2003-07-07,5.0625,5.0625,4.856249809265137,4.931250095367432,2.0396344661712646,367965
2003-07-08,5.043749809265137,5.25,4.96875,5.137499809265137,2.1249425411224365,1184477
2003-07-09,5.231249809265137,5.362500190734863,4.96875,5.006249904632568,2.070655345916748,576114
2003-07-10,5.193749904632568,6.018750190734863,5.193749904632568,5.831250190734863,2.41188645362854,7014845
2003-07-11,5.962500095367432,5.962500095367432,5.25,5.512499809265137,2.2800469398498535,2009223
2003-07-14,5.8125,5.887499809265137,5.493750095367432,5.550000190734863,2.2955570220947266,1138149
2003-07-15,5.456250190734863,5.587500095367432,5.118750095367432,5.212500095367432,2.1559629440307617,1102362
2003-07-16,5.212500095367432,5.53125,4.96875,5.474999904632568,2.2645363807678223,658053
2003-07-17,5.625,5.793749809265137,5.25,5.306250095367432,2.194739818572998,1154269
2003-07-18,4.875,5.006249904632568,4.574999809265137,4.818749904632568,1.9931024312973022,1161317
2003-07-21,4.762499809265137,4.931250095367432,4.537499904632568,4.612500190734863,1.907794713973999,718242
2003-07-22,4.59375,4.706250190734863,4.574999809265137,4.650000095367432,1.923304796218872,376813
2003-07-23,4.78125,4.856249809265137,4.6875,4.743750095367432,1.9620815515518188,368447
2003-07-24,4.762499809265137,4.837500095367432,4.6875,4.78125,1.9775917530059814,221821
2003-07-25,4.724999904632568,4.837500095367432,4.6875,4.743750095367432,1.9620815515518188,217874
2003-07-28,4.818749904632568,5.137499809265137,4.724999904632568,4.949999809265137,2.0473897457122803,703879
2003-07-29,4.987500190734863,5.006249904632568,4.78125,4.893750190734863,2.0241236686706543,376879
2003-07-30,5.137499809265137,5.137499809265137,4.875,4.987500190734863,2.0629005432128906,372439
2003-07-31,4.949999809265137,5.099999904632568,4.893750190734863,4.931250095367432,2.0396344661712646,355407
2003-08-01,4.893750190734863,5.0625,4.893750190734863,4.912499904632568,2.031878709793091,259154
2003-08-04,4.912499904632568,5.025000095367432,4.875,4.949999809265137,2.0473897457122803,285567
2003-08-05,5.006249904632568,5.043749809265137,4.743750095367432,4.800000190734863,1.9853473901748657,375282
2003-08-06,4.875,4.875,4.762499809265137,4.800000190734863,1.9853473901748657,223991
2003-08-07,4.987500190734863,4.987500190734863,4.762499809265137,4.818749904632568,1.9931024312973022,263461
2003-08-08,4.78125,4.893750190734863,4.78125,4.818749904632568,1.9931024312973022,247874
2003-08-11,4.818749904632568,4.931250095367432,4.706250190734863,4.724999904632568,1.9543267488479614,373253
2003-08-12,4.724999904632568,4.800000190734863,4.650000095367432,4.6875,1.938815951347351,402122
2003-08-13,4.762499809265137,4.762499809265137,4.556250095367432,4.612500190734863,1.907794713973999,377415
2003-08-14,4.706250190734863,4.706250190734863,4.537499904632568,4.556250095367432,1.8845294713974,727490
2003-08-15,4.556250095367432,4.556250095367432,4.556250095367432,4.556250095367432,1.8845294713974,0
2003-08-18,4.631249904632568,4.631249904632568,4.537499904632568,4.556250095367432,1.8845294713974,657034
2003-08-19,4.6875,4.837500095367432,4.631249904632568,4.706250190734863,1.9465712308883667,572327
2003-08-20,4.650000095367432,5.175000190734863,4.650000095367432,5.081250190734863,2.1016769409179688,2377917
2003-08-21,5.099999904632568,5.231249809265137,4.949999809265137,4.987500190734863,2.0629005432128906,1121802
2003-08-22,5.0625,5.081250190734863,4.875,4.893750190734863,2.0241236686706543,515173
2003-08-25,4.875,5.025000095367432,4.59375,4.6875,1.938815951347351,506837
2003-08-26,4.6875,4.949999809265137,4.6875,4.875,2.0163681507110596,495503
2003-08-27,4.987500190734863,5.231249809265137,4.893750190734863,4.949999809265137,2.0473897457122803,1530125
2003-08-28,5.0625,5.4375,4.949999809265137,5.287499904632568,2.186984062194824,3332490
2003-08-29,5.381249904632568,5.662499904632568,5.287499904632568,5.324999809265137,2.2024943828582764,2422634
2003-09-01,5.418749809265137,5.4375,5.099999904632568,5.193749904632568,2.148207426071167,673973
2003-09-02,5.25,5.287499904632568,5.0625,5.231249809265137,2.1637182235717773,814530
2003-09-03,5.512499809265137,5.550000190734863,4.949999809265137,4.987500190734863,2.0629005432128906,759415
2003-09-04,4.893750190734863,5.306250095367432,4.893750190734863,5.212500095367432,2.1559629440307617,789647
2003-09-05,5.418749809265137,5.53125,5.25,5.324999809265137,2.2024943828582764,1320621
2003-09-08,5.512499809265137,5.512499809265137,5.081250190734863,5.175000190734863,2.1404531002044678,468957
2003-09-09,5.287499904632568,5.493750095367432,5.193749904632568,5.25,2.171473741531372,1604002
2003-09-10,5.212500095367432,5.212500095367432,5.006249904632568,5.118750095367432,2.1171867847442627,510053
2003-09-11,4.96875,5.15625,4.931250095367432,5.0625,2.093921422958374,363765
2003-09-12,5.118750095367432,5.175000190734863,4.912499904632568,4.949999809265137,2.0473897457122803,377967
2003-09-15,4.96875,4.96875,4.78125,4.800000190734863,1.9853473901748657,346487
2003-09-16,4.6875,4.949999809265137,4.650000095367432,4.893750190734863,2.0241236686706543,364583
2003-09-17,4.875,5.099999904632568,4.837500095367432,4.893750190734863,2.0241236686706543,336613
2003-09-18,5.0625,5.081250190734863,4.762499809265137,4.78125,1.9775917530059814,231730
2003-09-19,4.912499904632568,4.912499904632568,4.650000095367432,4.743750095367432,1.9620815515518188,365130
2003-09-22,4.762499809265137,4.800000190734863,4.6875,4.706250190734863,1.9465712308883667,254474
2003-09-23,4.743750095367432,4.800000190734863,4.6875,4.762499809265137,1.969836711883545,197482
2003-09-24,4.875,4.875,4.612500190734863,4.650000095367432,1.923304796218872,371255
2003-09-25,4.650000095367432,4.743750095367432,4.59375,4.631249904632568,1.915549874305725,269202
2003-09-26,4.650000095367432,4.949999809265137,4.631249904632568,4.837500095367432,2.0008575916290283,491351
2003-09-29,4.856249809265137,4.875,4.743750095367432,4.837500095367432,2.0008575916290283,344906
2003-09-30,5.625,5.625,4.762499809265137,4.949999809265137,2.0473897457122803,491567
2003-10-01,4.949999809265137,5.0625,4.893750190734863,5.025000095367432,2.0784106254577637,482458
2003-10-02,5.025000095367432,5.025000095367432,5.025000095367432,5.025000095367432,2.0784106254577637,0
2003-10-03,5.175000190734863,5.625,4.987500190734863,5.099999904632568,2.109431743621826,1189063
2003-10-06,5.099999904632568,5.231249809265137,5.0625,5.15625,2.132697343826294,576826
2003-10-07,6.1875,6.1875,5.0625,5.081250190734863,2.1016769409179688,381914
2003-10-08,5.25,5.25,4.96875,5.025000095367432,2.0784106254577637,303453
2003-10-09,5.137499809265137,5.15625,4.96875,5.025000095367432,2.0784106254577637,452637
2003-10-10,5.175000190734863,5.268750190734863,4.949999809265137,5.099999904632568,2.109431743621826,848149
2003-10-13,5.0625,5.099999904632568,4.5,4.59375,1.9000391960144043,2338919
2003-10-14,4.743750095367432,4.837500095367432,4.59375,4.706250190734863,1.9465712308883667,1012013
2003-10-15,4.706250190734863,4.856249809265137,4.706250190734863,4.818749904632568,1.9931024312973022,543922
2003-10-16,4.837500095367432,4.837500095367432,4.743750095367432,4.800000190734863,1.9853473901748657,393093
2003-10-17,4.800000190734863,4.875,4.724999904632568,4.837500095367432,2.0008575916290283,551090
2003-10-20,4.875,4.949999809265137,4.650000095367432,4.6875,1.938815951347351,540309
2003-10-21,4.762499809265137,4.762499809265137,4.537499904632568,4.556250095367432,1.8845294713974,359394
2003-10-22,4.6875,4.818749904632568,4.537499904632568,4.556250095367432,1.8845294713974,324394
2003-10-23,4.650000095367432,4.650000095367432,4.5,4.537499904632568,1.876773476600647,249954
2003-10-24,4.574999809265137,4.668749809265137,4.518750190734863,4.59375,1.9000391960144043,318730
2003-10-27,4.650000095367432,4.706250190734863,4.537499904632568,4.574999809265137,1.8922840356826782,149679
2003-10-28,4.59375,4.650000095367432,4.518750190734863,4.518750190734863,1.8690185546875,183695
2003-10-29,4.574999809265137,4.59375,4.481249809265137,4.5,1.8612637519836426,219666
2003-10-30,4.556250095367432,4.556250095367432,4.425000190734863,4.462500095367432,1.8457525968551636,205975
2003-10-31,4.349999904632568,4.5,4.349999904632568,4.387499809265137,1.8147311210632324,406970
2003-11-03,4.462500095367432,4.5,4.40625,4.40625,1.8224862813949585,306141
2003-11-04,4.40625,4.462500095367432,4.331250190734863,4.368750095367432,1.8069766759872437,341895
2003-11-05,5.0625,5.0625,4.125,4.59375,1.9000391960144043,1253759
2003-11-06,4.724999904632568,4.875,4.6875,4.762499809265137,1.969836711883545,965055
2003-11-07,4.6875,4.856249809265137,4.6875,4.743750095367432,1.9620815515518188,403018
2003-11-10,4.762499809265137,4.762499809265137,4.612500190734863,4.650000095367432,1.954201340675354,146413
2003-11-11,4.762499809265137,4.78125,4.612500190734863,4.706250190734863,1.9778412580490112,336805
2003-11-12,4.6875,4.743750095367432,4.612500190734863,4.706250190734863,1.9778412580490112,461037
2003-11-13,4.78125,4.931250095367432,4.650000095367432,4.6875,1.9699612855911255,477370
2003-11-14,4.762499809265137,4.875,4.556250095367432,4.612500190734863,1.9384416341781616,415389
2003-11-17,4.537499904632568,4.706250190734863,4.537499904632568,4.650000095367432,1.954201340675354,178279
2003-11-18,4.59375,4.650000095367432,4.518750190734863,4.537499904632568,1.9069221019744873,459714
2003-11-19,4.5,4.762499809265137,4.481249809265137,4.518750190734863,1.8990427255630493,460799
2003-11-20,4.59375,4.668749809265137,4.518750190734863,4.537499904632568,1.9069221019744873,692775
2003-11-21,4.462500095367432,4.574999809265137,4.462500095367432,4.5,1.8911632299423218,307775
2003-11-24,4.537499904632568,4.59375,4.518750190734863,4.537499904632568,1.9069221019744873,159562
2003-11-25,4.59375,4.6875,4.537499904632568,4.556250095367432,1.9148023128509521,411077
2003-11-26,4.556250095367432,4.556250095367432,4.556250095367432,4.556250095367432,1.9148023128509521,0
2003-11-27,4.612500190734863,5.25,4.59375,5.137499809265137,2.1590778827667236,3277831
2003-11-28,5.15625,5.4375,5.081250190734863,5.175000190734863,2.174837350845337,2633994
2003-12-01,5.4375,5.550000190734863,5.25,5.418749809265137,2.277275323867798,2594647
2003-12-02,5.550000190734863,5.756249904632568,5.25,5.324999809265137,2.2378756999969482,2039645
2003-12-03,5.418749809265137,5.512499809265137,5.268750190734863,5.287499904632568,2.2221169471740723,898610
2003-12-04,5.34375,5.4375,5.175000190734863,5.193749904632568,2.1827170848846436,686647
2003-12-05,5.418749809265137,5.53125,5.081250190734863,5.118750095367432,2.1511974334716797,878458
2003-12-08,5.137499809265137,5.34375,5.137499809265137,5.25,2.2063562870025635,785690
2003-12-09,5.381249904632568,6.300000190734863,5.324999809265137,6.224999904632568,2.6161086559295654,6907509
2003-12-10,7.3125,7.3125,5.681250095367432,6.074999809265137,2.553070306777954,4196002
2003-12-11,6.300000190734863,6.393750190734863,5.831250190734863,6.112500190734863,2.568829298019409,2369306
2003-12-12,6.150000095367432,6.5625,6.09375,6.300000190734863,2.64762806892395,2607338
2003-12-15,6.375,6.787499904632568,6.375,6.693749904632568,2.8131048679351807,3638434
2003-12-16,6.712500095367432,7.256249904632568,6.487500190734863,7.087500095367432,2.978581666946411,7021234
2003-12-17,7.462500095367432,8.475000381469727,7.40625,7.612500190734863,3.1992175579071045,22296181
2003-12-18,7.762499809265137,7.762499809265137,7.3125,7.40625,3.1125383377075195,4074514
2003-12-19,7.462500095367432,7.6875,7.162499904632568,7.256249904632568,3.04949951171875,2803495
2003-12-22,7.349999904632568,7.349999904632568,6.9375,7.012499809265137,2.9470622539520264,1623285
2003-12-23,6.9375,7.256249904632568,6.900000095367432,6.956250190734863,2.9234230518341064,1349242
2003-12-24,6.9375,7.068749904632568,6.806250095367432,6.918749809265137,2.907662868499756,1515613
2003-12-25,6.918749809265137,6.918749809265137,6.918749809265137,6.918749809265137,2.907662868499756,0
2003-12-26,6.900000095367432,7.125,6.84375,7.03125,2.954941511154175,1128914
2003-12-29,6.993750095367432,7.462500095367432,6.9375,7.349999904632568,3.0888988971710205,1921071
2003-12-30,7.481249809265137,7.650000095367432,6.9375,7.03125,2.954941511154175,1485098
2003-12-31,7.237500190734863,7.237500190734863,6.84375,6.862500190734863,2.884023427963257,770165
2004-01-01,7.087500095367432,7.106249809265137,6.881249904632568,6.974999904632568,2.931302070617676,606319
2004-01-02,7.068749904632568,7.368750095367432,6.993750095367432,7.087500095367432,2.978581666946411,1901133
2004-01-05,7.125,7.237500190734863,6.862500190734863,6.9375,2.9155428409576416,1065439
2004-01-06,7.125,7.181250095367432,6.693749904632568,6.768750190734863,2.844623327255249,959431
2004-01-07,6.768750190734863,6.787499904632568,6.412499904632568,6.506249904632568,2.7343060970306396,817831
2004-01-08,6.412499904632568,7.181250095367432,6.412499904632568,7.050000190734863,2.9628219604492188,1211293
2004-01-09,7.387499809265137,7.462500095367432,6.84375,6.900000095367432,2.899782419204712,1507826
2004-01-12,7.181250095367432,7.199999809265137,6.768750190734863,6.9375,2.9155428409576416,1563015
2004-01-13,7.012499809265137,7.012499809265137,6.581250190734863,6.731249809265137,2.828864336013794,904770
2004-01-14,6.918749809265137,7.012499809265137,6.599999904632568,6.675000190734863,2.805224657058716,940373
2004-01-15,6.731249809265137,6.862500190734863,6.525000095367432,6.5625,2.7579452991485596,522727
2004-01-16,6.581250190734863,6.581250190734863,6.09375,6.168749809265137,2.5924689769744873,768077
2004-01-19,6.1875,6.337500095367432,5.699999809265137,6.09375,2.5609495639801025,825663
2004-01-20,6.1875,6.356249809265137,5.8125,5.868750095367432,2.4663918018341064,605239
2004-01-21,5.831250190734863,5.943749904632568,5.081250190734863,5.15625,2.166957139968872,895535
2004-01-22,5.268750190734863,5.381249904632568,4.743750095367432,4.912499904632568,2.0645198822021484,1065423
2004-01-23,5.175000190734863,5.381249904632568,5.025000095367432,5.362500190734863,2.253636121749878,760503
2004-01-26,5.362500190734863,5.362500190734863,5.362500190734863,5.362500190734863,2.253636121749878,0
2004-01-27,5.587500095367432,5.625,5.25,5.4375,2.2851548194885254,629871
2004-01-28,4.875,5.324999809265137,4.875,5.137499809265137,2.1590778827667236,711757
2004-01-29,5.212500095367432,5.212500095367432,4.912499904632568,5.043749809265137,2.1196787357330322,309381
2004-01-30,5.043749809265137,5.099999904632568,4.856249809265137,4.893750190734863,2.0566394329071045,386469
2004-02-02,4.893750190734863,4.893750190734863,4.893750190734863,4.893750190734863,2.0566394329071045,0
2004-02-03,4.800000190734863,4.931250095367432,4.537499904632568,4.650000095367432,1.954201340675354,455749
2004-02-04,4.6875,4.837500095367432,4.537499904632568,4.724999904632568,1.985721230506897,442215
2004-02-05,4.875,4.875,4.724999904632568,4.78125,2.0093607902526855,285466
2004-02-06,4.6875,4.875,4.6875,4.800000190734863,2.0172407627105713,335557
2004-02-09,4.931250095367432,4.949999809265137,4.78125,4.912499904632568,2.0645198822021484,245015
2004-02-10,4.912499904632568,4.912499904632568,4.724999904632568,4.856249809265137,2.040879726409912,254407
2004-02-11,4.949999809265137,4.949999809265137,4.818749904632568,4.875,2.048759937286377,179407
2004-02-12,4.96875,4.96875,4.800000190734863,4.818749904632568,2.025120735168457,180925
2004-02-13,4.78125,4.912499904632568,4.762499809265137,4.893750190734863,2.0566394329071045,208397
2004-02-16,4.893750190734863,5.175000190734863,4.762499809265137,4.96875,2.0881588459014893,225653
2004-02-17,4.875,4.96875,4.837500095367432,4.875,2.048759937286377,204045
2004-02-18,4.875,4.96875,4.762499809265137,4.78125,2.0093607902526855,277693
2004-02-19,4.800000190734863,4.837500095367432,4.668749809265137,4.706250190734863,1.9778412580490112,248159
2004-02-20,4.59375,5.587500095367432,4.556250095367432,4.650000095367432,1.954201340675354,484821
2004-02-23,4.6875,4.818749904632568,4.59375,4.612500190734863,1.9384416341781616,231719
2004-02-24,4.59375,4.650000095367432,4.425000190734863,4.481249809265137,1.8832826614379883,497858
2004-02-25,4.631249904632568,4.631249904632568,4.462500095367432,4.481249809265137,1.8832826614379883,321295
2004-02-26,4.556250095367432,4.631249904632568,4.387499809265137,4.425000190734863,1.859643816947937,280370
2004-02-27,4.462500095367432,4.5,4.40625,4.443749904632568,1.8675230741500854,217322
2004-03-01,4.59375,4.59375,4.481249809265137,4.518750190734863,1.8990427255630493,247909
2004-03-02,4.518750190734863,4.518750190734863,4.518750190734863,4.518750190734863,1.8990427255630493,0
2004-03-03,4.59375,4.59375,4.481249809265137,4.5,1.8911632299423218,159247
2004-03-04,4.5,4.574999809265137,4.387499809265137,4.425000190734863,1.859643816947937,310498
2004-03-05,4.425000190734863,4.5,4.368750095367432,4.40625,1.8517637252807617,138007
2004-03-08,4.425000190734863,4.443749904632568,4.349999904632568,4.387499809265137,1.8438836336135864,278023
2004-03-09,4.349999904632568,4.40625,4.162499904632568,4.237500190734863,1.7808455228805542,401570
2004-03-10,4.368750095367432,4.425000190734863,4.199999809265137,4.21875,1.7729648351669312,290053
2004-03-11,4.650000095367432,4.650000095367432,4.237500190734863,4.275000095367432,1.796604871749878,172215
2004-03-12,4.275000095367432,4.3125,4.181250095367432,4.237500190734863,1.7808455228805542,150258
2004-03-15,4.3125,4.349999904632568,4.125,4.162499904632568,1.7493256330490112,198519
2004-03-16,4.143750190734863,4.181250095367432,4.03125,4.068749904632568,1.7099266052246094,192949
2004-03-17,4.03125,4.21875,4.03125,4.106249809265137,1.7256861925125122,203613
2004-03-18,4.162499904632568,4.199999809265137,4.012499809265137,4.012499809265137,1.6862865686416626,193674
2004-03-19,4.125,4.125,3.9749999046325684,4.050000190734863,1.702046275138855,189839
2004-03-22,3.9937500953674316,4.087500095367432,3.7874999046325684,3.8062500953674316,1.5996087789535522,184237
2004-03-23,3.7874999046325684,3.8812499046325684,3.6937499046325684,3.75,1.5759693384170532,283869
2004-03-24,3.75,3.75,3.6187500953674316,3.65625,1.5365701913833618,232930
2004-03-25,3.674999952316284,3.6937499046325684,3.581249952316284,3.5999999046325684,1.512930154800415,474642
2004-03-26,3.7125000953674316,3.75,3.65625,3.731250047683716,1.5680891275405884,397751
2004-03-29,3.731250047683716,3.7874999046325684,3.7125000953674316,3.75,1.5759693384170532,275239
2004-03-30,3.75,3.9000000953674316,3.731250047683716,3.862499952316284,1.6232478618621826,223405
2004-03-31,3.8812499046325684,3.9000000953674316,3.75,3.7874999046325684,1.5917291641235352,208221
2004-04-01,3.825000047683716,4.125,3.825000047683716,4.068749904632568,1.7099266052246094,314573
2004-04-02,4.125,4.3125,4.125,4.275000095367432,1.796604871749878,206517
2004-04-05,4.199999809265137,4.518750190734863,4.199999809265137,4.368750095367432,1.836004614830017,291245
2004-04-06,4.481249809265137,4.537499904632568,4.275000095367432,4.331250190734863,1.820244550704956,181175
2004-04-07,4.481249809265137,4.537499904632568,4.256249904632568,4.293749809265137,1.8044846057891846,143159
2004-04-08,4.3125,4.462500095367432,4.3125,4.387499809265137,1.8438836336135864,143842
2004-04-09,4.387499809265137,4.387499809265137,4.387499809265137,4.387499809265137,1.8438836336135864,0
2004-04-12,4.425000190734863,4.481249809265137,4.368750095367432,4.387499809265137,1.8438836336135864,231375
2004-04-13,4.462500095367432,4.762499809265137,4.40625,4.706250190734863,1.9778412580490112,693727
2004-04-14,4.706250190734863,4.706250190734863,4.706250190734863,4.706250190734863,1.9778412580490112,0
2004-04-15,4.875,4.96875,4.762499809265137,4.800000190734863,2.0172407627105713,510631
2004-04-16,4.724999904632568,4.912499904632568,4.724999904632568,4.78125,2.0093607902526855,345229
2004-04-19,4.931250095367432,4.931250095367432,4.6875,4.762499809265137,2.0014808177948,379375
2004-04-20,4.78125,4.893750190734863,4.612500190734863,4.668749809265137,1.9620813131332397,578909
2004-04-21,4.612500190734863,4.668749809265137,4.518750190734863,4.556250095367432,1.9148023128509521,343535
2004-04-22,4.537499904632568,4.6875,4.40625,4.556250095367432,1.9148023128509521,387965
2004-04-23,4.537499904632568,4.631249904632568,4.125,4.5,1.8911632299423218,351743
2004-04-27,4.275000095367432,4.462500095367432,4.087500095367432,4.143750190734863,1.7414456605911255,312677
2004-04-28,4.256249904632568,4.256249904632568,3.9375,4.106249809265137,1.7256861925125122,171263
2004-04-29,4.181250095367432,4.237500190734863,4.068749904632568,4.199999809265137,1.7650856971740723,120658
2004-04-30,4.237500190734863,4.237500190734863,4.125,4.125,1.733566164970398,118429
2004-05-03,4.125,4.199999809265137,4.03125,4.068749904632568,1.7099266052246094,130687
2004-05-04,4.125,4.162499904632568,4.106249809265137,4.143750190734863,1.7414456605911255,104679
2004-05-05,4.6875,4.6875,4.181250095367432,4.293749809265137,1.8044846057891846,196559
2004-05-06,4.462500095367432,4.462500095367432,4.199999809265137,4.331250190734863,1.820244550704956,206698
2004-05-07,4.3125,4.3125,4.181250095367432,4.21875,1.7729648351669312,157471
2004-05-10,4.21875,4.256249904632568,4.143750190734863,4.199999809265137,1.7650856971740723,137127
2004-05-11,4.125,4.199999809265137,4.106249809265137,4.125,1.733566164970398,183970
2004-05-12,4.199999809265137,4.199999809265137,4.125,4.143750190734863,1.7414456605911255,112293
2004-05-13,3.956249952316284,4.537499904632568,3.956249952316284,4.3125,1.8123645782470703,412298
2004-05-14,4.443749904632568,4.462500095367432,4.03125,4.106249809265137,1.7256861925125122,334455
2004-05-17,3.768749952316284,4.125,3.299999952316284,3.5625,1.4971702098846436,366210
2004-05-18,3.5625,4.087500095367432,3.5625,3.918750047683716,1.6468877792358398,321591
2004-05-19,4.21875,4.237500190734863,3.9375,4.050000190734863,1.702046275138855,181482
2004-05-20,4.125,4.237500190734863,3.9749999046325684,4.012499809265137,1.6862865686416626,368162
2004-05-21,4.106249809265137,4.106249809265137,3.9000000953674316,4.03125,1.6941665410995483,130885
2004-05-24,4.199999809265137,4.462500095367432,3.956249952316284,4.425000190734863,1.859643816947937,778733
2004-05-25,4.443749904632568,4.668749809265137,4.199999809265137,4.481249809265137,1.8832826614379883,845309
2004-05-26,4.518750190734863,4.612500190734863,4.199999809265137,4.40625,1.8517637252807617,429922
2004-05-27,4.481249809265137,4.574999809265137,4.349999904632568,4.387499809265137,1.8438836336135864,372631
2004-05-28,4.425000190734863,4.5,4.237500190734863,4.237500190734863,1.7808455228805542,251391
2004-05-31,4.275000095367432,4.293749809265137,4.125,4.237500190734863,1.7808455228805542,238903
2004-06-01,4.331250190734863,4.349999904632568,4.21875,4.256249904632568,1.7887248992919922,216223
2004-06-02,4.256249904632568,4.331250190734863,4.199999809265137,4.275000095367432,1.796604871749878,189077
2004-06-03,4.443749904632568,4.462500095367432,4.199999809265137,4.21875,1.7729648351669312,238599
2004-06-04,3.9375,4.237500190734863,3.9375,4.125,1.733566164970398,157757
2004-06-07,4.162499904632568,4.181250095367432,4.012499809265137,4.03125,1.6941665410995483,158218
2004-06-08,4.068749904632568,4.125,3.9749999046325684,4.050000190734863,1.702046275138855,101591
2004-06-09,4.050000190734863,4.181250095367432,4.050000190734863,4.068749904632568,1.7099266052246094,117983
2004-06-10,4.125,4.125,4.03125,4.050000190734863,1.702046275138855,78615
2004-06-11,4.162499904632568,4.162499904632568,3.9749999046325684,3.9937500953674316,1.6784069538116455,150903
2004-06-14,4.012499809265137,4.03125,3.862499952316284,3.9000000953674316,1.639007568359375,137914
2004-06-15,3.9000000953674316,3.9937500953674316,3.84375,3.862499952316284,1.6232478618621826,89514
2004-06-16,3.862499952316284,3.956249952316284,3.862499952316284,3.9000000953674316,1.639007568359375,55839
2004-06-17,3.9375,3.9375,3.8062500953674316,3.862499952316284,1.6232478618621826,100751
2004-06-18,3.956249952316284,3.956249952316284,3.862499952316284,3.9000000953674316,1.639007568359375,116367
2004-06-21,3.9375,3.9375,3.8062500953674316,3.84375,1.6153678894042969,102818
2004-06-22,3.825000047683716,3.862499952316284,3.8062500953674316,3.8062500953674316,1.5996087789535522,70023
2004-06-23,3.8062500953674316,3.825000047683716,3.7125000953674316,3.731250047683716,1.5680891275405884,164063
2004-06-24,3.9000000953674316,3.9000000953674316,3.5625,3.5999999046325684,1.512930154800415,197546
2004-06-25,3.75,3.825000047683716,3.674999952316284,3.7874999046325684,1.5917291641235352,154271
2004-06-28,3.8812499046325684,3.9749999046325684,3.7874999046325684,3.918750047683716,1.6468877792358398,152861
2004-06-29,3.825000047683716,4.293749809265137,3.825000047683716,4.181250095367432,1.7572051286697388,368575
2004-06-30,4.237500190734863,4.387499809265137,4.181250095367432,4.3125,1.8123645782470703,335901
2004-07-01,4.3125,4.40625,4.199999809265137,4.368750095367432,1.836004614830017,247370
2004-07-02,4.368750095367432,4.5,4.3125,4.331250190734863,1.820244550704956,143695
2004-07-05,4.59375,4.59375,4.331250190734863,4.368750095367432,1.836004614830017,166989
2004-07-06,4.462500095367432,4.462500095367432,4.256249904632568,4.3125,1.8123645782470703,106629
2004-07-07,4.387499809265137,4.387499809265137,4.237500190734863,4.275000095367432,1.796604871749878,176874
2004-07-08,4.275000095367432,4.349999904632568,3.9375,3.9749999046325684,1.6705272197723389,287154
2004-07-09,4.21875,4.387499809265137,3.9749999046325684,4.106249809265137,1.7256861925125122,120701
2004-07-12,4.256249904632568,4.256249904632568,4.125,4.21875,1.7729648351669312,149095
2004-07-13,4.21875,4.256249904632568,4.162499904632568,4.181250095367432,1.8053475618362427,152079
2004-07-14,4.5,4.5,4.162499904632568,4.3125,1.8620182275772095,257135
2004-07-15,4.237500190734863,4.349999904632568,4.21875,4.331250190734863,1.8701140880584717,157805
2004-07-16,4.425000190734863,4.6875,4.40625,4.612500190734863,1.9915498495101929,717309
2004-07-19,4.706250190734863,4.949999809265137,4.59375,4.800000190734863,2.072507619857788,1135738
2004-07-20,4.78125,4.875,4.612500190734863,4.668749809265137,2.0158369541168213,377655
2004-07-21,4.818749904632568,4.837500095367432,4.668749809265137,4.762499809265137,2.0563156604766846,431130
2004-07-22,4.78125,5.474999904632568,4.574999809265137,5.25,2.2668042182922363,3547042
2004-07-23,5.400000095367432,5.400000095367432,5.025000095367432,5.137499809265137,2.218230724334717,1204269
2004-07-26,5.15625,5.287499904632568,5.118750095367432,5.175000190734863,2.234421968460083,844271
2004-07-27,5.34375,5.4375,4.912499904632568,5.025000095367432,2.1696560382843018,1215591
2004-07-28,5.15625,5.15625,4.912499904632568,5.0625,2.1858468055725098,484874
2004-07-29,5.118750095367432,5.175000190734863,4.912499904632568,4.949999809265137,2.137272596359253,320434
2004-07-30,4.762499809265137,5.0625,4.762499809265137,5.025000095367432,2.1696560382843018,693431
2004-08-02,4.96875,5.0625,4.893750190734863,4.912499904632568,2.121081829071045,397461
2004-08-03,5.006249904632568,5.006249904632568,4.762499809265137,4.818749904632568,2.08060359954834,470501
2004-08-04,4.837500095367432,4.837500095367432,4.724999904632568,4.800000190734863,2.072507619857788,324181
2004-08-05,4.724999904632568,5.137499809265137,4.724999904632568,4.987500190734863,2.1534643173217773,608935
2004-08-06,5.0625,5.099999904632568,4.800000190734863,4.856249809265137,2.0967941284179688,379383
2004-08-09,4.800000190734863,4.96875,4.743750095367432,4.912499904632568,2.121081829071045,167989
2004-08-10,4.875,5.324999809265137,4.856249809265137,5.193749904632568,2.2425174713134766,1125951
2004-08-11,5.400000095367432,5.587500095367432,5.0625,5.081250190734863,2.1939427852630615,1861202
2004-08-12,5.081250190734863,5.15625,4.931250095367432,4.949999809265137,2.137272596359253,434669
2004-08-13,4.949999809265137,5.025000095367432,4.931250095367432,5.006249904632568,2.16156005859375,228842
2004-08-16,4.96875,5.025000095367432,4.893750190734863,4.96875,2.1453683376312256,287634
2004-08-17,5.0625,5.099999904632568,4.875,4.912499904632568,2.121081829071045,351279
2004-08-18,4.856249809265137,4.987500190734863,4.856249809265137,4.875,2.1048903465270996,157879
2004-08-19,4.949999809265137,4.96875,4.875,4.931250095367432,2.1291770935058594,244639
2004-08-20,4.96875,5.118750095367432,4.893750190734863,4.912499904632568,2.121081829071045,339527
2004-08-23,4.987500190734863,5.099999904632568,4.949999809265137,5.025000095367432,2.1696560382843018,548442
2004-08-24,5.025000095367432,5.137499809265137,5.006249904632568,5.043749809265137,2.1777520179748535,184549
2004-08-25,5.212500095367432,5.4375,4.912499904632568,4.931250095367432,2.1291770935058594,170245
2004-08-26,5.212500095367432,5.212500095367432,4.96875,5.043749809265137,2.1777520179748535,250413
2004-08-27,4.987500190734863,5.0625,4.875,4.949999809265137,2.137272596359253,291735
2004-08-30,4.912499904632568,5.081250190734863,4.912499904632568,5.006249904632568,2.16156005859375,377762
2004-08-31,5.043749809265137,5.099999904632568,4.987500190734863,5.025000095367432,2.1696560382843018,363047
2004-09-01,5.099999904632568,5.175000190734863,5.0625,5.081250190734863,2.1939427852630615,427330
2004-09-02,5.099999904632568,5.362500190734863,5.099999904632568,5.15625,2.2263259887695312,1213247
2004-09-03,5.212500095367432,5.306250095367432,5.118750095367432,5.15625,2.2263259887695312,491573
2004-09-06,5.25,5.4375,5.175000190734863,5.268750190734863,2.274899959564209,994821
2004-09-07,5.400000095367432,5.418749809265137,5.15625,5.193749904632568,2.2425174713134766,481031
2004-09-08,5.25,5.324999809265137,5.193749904632568,5.25,2.2668042182922363,440133
2004-09-09,5.34375,5.400000095367432,5.193749904632568,5.212500095367432,2.2506134510040283,572389
2004-09-10,5.25,5.381249904632568,5.193749904632568,5.25,2.2668042182922363,565122
2004-09-13,5.306250095367432,5.34375,5.212500095367432,5.231249809265137,2.258708953857422,422925
2004-09-14,5.34375,5.34375,5.193749904632568,5.212500095367432,2.2506134510040283,340050
2004-09-15,5.324999809265137,5.34375,5.175000190734863,5.231249809265137,2.258708953857422,502074
2004-09-16,5.231249809265137,5.25,5.193749904632568,5.193749904632568,2.2425174713134766,195263
2004-09-17,5.25,5.268750190734863,5.175000190734863,5.175000190734863,2.234421968460083,280202
2004-09-20,5.231249809265137,5.25,5.043749809265137,5.0625,2.1858468055725098,327210
2004-09-21,5.175000190734863,5.193749904632568,5.0625,5.099999904632568,2.2020390033721924,278893
2004-09-22,5.137499809265137,5.193749904632568,5.025000095367432,5.118750095367432,2.210134506225586,350439
2004-09-23,4.987500190734863,5.137499809265137,4.987500190734863,5.006249904632568,2.16156005859375,257802
2004-09-24,4.949999809265137,5.006249904632568,4.931250095367432,4.949999809265137,2.137272596359253,278890
2004-09-27,4.949999809265137,5.231249809265137,4.931250095367432,4.987500190734863,2.1534643173217773,266557
2004-09-28,4.987500190734863,4.987500190734863,4.912499904632568,4.912499904632568,2.121081829071045,179143
2004-09-29,4.912499904632568,5.118750095367432,4.912499904632568,5.099999904632568,2.2020390033721924,546234
2004-09-30,5.25,5.268750190734863,5.099999904632568,5.15625,2.2263259887695312,643719
2004-10-01,5.175000190734863,5.25,5.0625,5.118750095367432,2.210134506225586,669458
2004-10-04,5.212500095367432,5.231249809265137,5.118750095367432,5.137499809265137,2.218230724334717,435442
2004-10-05,5.193749904632568,5.212500095367432,5.0625,5.099999904632568,2.2020390033721924,424578
2004-10-06,5.099999904632568,5.193749904632568,5.025000095367432,5.043749809265137,2.1777520179748535,408615
2004-10-07,5.118750095367432,5.137499809265137,5.043749809265137,5.099999904632568,2.2020390033721924,192421
2004-10-08,5.081250190734863,5.71875,5.043749809265137,5.606249809265137,2.4206230640411377,3440306
2004-10-11,6.074999809265137,6.262499809265137,5.662499904632568,5.737500190734863,2.4772942066192627,2606637
2004-10-12,5.8125,5.962500095367432,5.606249809265137,5.643750190734863,2.4368155002593994,1184367
2004-10-14,5.737500190734863,6.09375,5.587500095367432,5.943749904632568,2.5663464069366455,2633551
2004-10-15,6.112500190734863,6.112500190734863,5.8125,5.831250190734863,2.5177714824676514,1399882
2004-10-18,5.981249809265137,5.981249809265137,5.662499904632568,5.681250095367432,2.4530065059661865,667770
2004-10-19,5.849999904632568,6.506249904632568,5.775000095367432,6.449999809265137,2.784931182861328,7855207
2004-10-20,6.543749809265137,6.543749809265137,6.131249904632568,6.1875,2.6715915203094482,3506567
2004-10-21,6.074999809265137,6.28125,5.962500095367432,6.131249904632568,2.647303342819214,1379834
2004-10-22,6.131249904632568,6.131249904632568,6.131249904632568,6.131249904632568,2.647303342819214,0
2004-10-25,6.150000095367432,6.487500190734863,5.962500095367432,6.1875,2.6715915203094482,2034826
2004-10-26,6.1875,6.46875,6.018750190734863,6.150000095367432,2.655399799346924,2558386
2004-10-27,6.224999904632568,6.224999904632568,5.962500095367432,6.0,2.590634346008301,929237
2004-10-28,6.224999904632568,6.412499904632568,6.150000095367432,6.206250190734863,2.679687261581421,2107311
2004-10-29,6.375,6.375,6.018750190734863,6.037499904632568,2.606825113296509,639714
2004-11-01,6.28125,6.375,6.018750190734863,6.131249904632568,2.6975693702697754,655498
2004-11-02,6.243750095367432,6.262499809265137,5.849999904632568,5.90625,2.5985755920410156,878661
2004-11-03,5.925000190734863,6.131249904632568,5.90625,5.981249809265137,2.6315736770629883,1034077
2004-11-04,6.0,6.112500190734863,5.962500095367432,6.0,2.6398234367370605,665119
2004-11-05,6.0,6.09375,5.90625,5.925000190734863,2.606826066970825,462645
2004-11-08,6.0,6.0,5.868750095367432,5.887499809265137,2.5903260707855225,571061
2004-11-09,5.887499809265137,5.887499809265137,5.606249809265137,5.699999809265137,2.5078322887420654,783135
2004-11-10,5.71875,5.8125,5.681250095367432,5.756249904632568,2.5325798988342285,435559
2004-11-11,5.737500190734863,5.831250190734863,5.681250095367432,5.71875,2.5160820484161377,286639
2004-11-12,5.8125,5.849999904632568,5.756249904632568,5.793749809265137,2.5490784645080566,193154
2004-11-15,5.793749809265137,5.793749809265137,5.793749809265137,5.793749809265137,2.5490784645080566,0
2004-11-16,5.775000095367432,5.8125,5.681250095367432,5.737500190734863,2.5243308544158936,436005
2004-11-17,5.71875,5.962500095367432,5.71875,5.868750095367432,2.5820775032043457,735794
2004-11-18,6.150000095367432,7.050000190734863,5.943749904632568,7.050000190734863,3.101792335510254,7869375
2004-11-19,8.456250190734863,8.456250190734863,6.787499904632568,6.862500190734863,3.0192980766296387,8498370
2004-11-22,6.84375,7.125,6.487500190734863,7.03125,3.093543291091919,2338898
2004-11-23,7.125,7.3125,6.881249904632568,6.956250190734863,3.0605454444885254,2143141
2004-11-24,7.21875,7.5,6.9375,7.012499809265137,3.0852928161621094,1208042
2004-11-25,8.212499618530273,8.212499618530273,6.806250095367432,6.881249904632568,3.0275471210479736,1382045
2004-11-26,6.881249904632568,6.881249904632568,6.881249904632568,6.881249904632568,3.0275471210479736,0
2004-11-29,6.46875,7.125,6.46875,6.956250190734863,3.0605454444885254,1576013
2004-11-30,6.974999904632568,7.106249809265137,6.768750190734863,6.806250095367432,2.9945499897003174,1107141
2004-12-01,6.862500190734863,6.9375,6.599999904632568,6.712500095367432,2.9533028602600098,1123605
2004-12-02,6.75,6.862500190734863,6.599999904632568,6.637499809265137,2.920304775238037,749663
2004-12-03,6.731249809265137,6.75,6.449999809265137,6.46875,2.846060037612915,938389
2004-12-06,6.375,6.525000095367432,6.375,6.375,2.804811954498291,746570
2004-12-07,6.1875,6.5625,6.1875,6.449999809265137,2.8378098011016846,1133815
2004-12-08,6.599999904632568,6.75,6.412499904632568,6.449999809265137,2.8378098011016846,1097786
2004-12-09,6.5625,6.5625,6.375,6.449999809265137,2.8378098011016846,573479
2004-12-10,6.375,6.525000095367432,6.375,6.393750190734863,2.8130617141723633,732599
2004-12-13,6.506249904632568,6.525000095367432,6.393750190734863,6.449999809265137,2.8378098011016846,625861
2004-12-14,6.543749809265137,6.712500095367432,6.487500190734863,6.525000095367432,2.8708083629608154,846229
2004-12-15,6.5625,6.9375,6.525000095367432,6.675000190734863,2.936803102493286,2214279
2004-12-16,6.84375,6.84375,6.581250190734863,6.65625,2.928553581237793,980738
2004-12-17,6.993750095367432,7.949999809265137,6.824999809265137,7.387499809265137,3.2502822875976562,8846741
2004-12-20,7.462500095367432,8.418749809265137,7.3125,8.212499618530273,3.6132588386535645,13962487
2004-12-21,8.324999809265137,9.1875,8.287500381469727,8.8125,3.8772406578063965,11648623
2004-12-22,9.018750190734863,9.337499618530273,8.625,8.8125,3.8772406578063965,9226943
2004-12-23,9.375,9.375,8.71875,8.868749618530273,3.901988983154297,3782175
2004-12-24,8.925000190734863,8.943750381469727,8.625,8.662500381469727,3.8112449645996094,2386703
2004-12-27,8.71875,8.8125,8.4375,8.512499809265137,3.7452480792999268,1902479
2004-12-28,8.774999618530273,8.774999618530273,8.456250190734863,8.53125,3.753499746322632,1558210
2004-12-29,8.625,8.737500190734863,8.287500381469727,8.34375,3.6710047721862793,2040282
2004-12-30,8.475000381469727,8.587499618530273,8.287500381469727,8.34375,3.6710047721862793,1281999
2004-12-31,8.568750381469727,8.568750381469727,8.287500381469727,8.34375,3.6710047721862793,1381935
2005-01-03,8.568750381469727,8.568750381469727,8.324999809265137,8.456250190734863,3.720501661300659,1565242
2005-01-04,8.53125,8.925000190734863,8.324999809265137,8.699999809265137,3.8277440071105957,3446069
2005-01-05,8.925000190734863,8.925000190734863,6.974999904632568,8.024999618530273,3.5307633876800537,2659301
2005-01-06,8.212499618530273,8.25,7.3125,7.818749904632568,3.4400200843811035,2817135
2005-01-07,7.78125,8.475000381469727,7.78125,8.081250190734863,3.5555126667022705,1420933
2005-01-10,8.399999618530273,8.774999618530273,8.137499809265137,8.362500190734863,3.679253578186035,3093197
2005-01-11,8.587499618530273,8.887499809265137,8.081250190734863,8.268750190734863,3.638007164001465,4123690
2005-01-12,8.4375,8.71875,7.349999904632568,7.612500190734863,3.349275827407837,4064122
2005-01-13,8.25,8.25,7.762499809265137,8.024999618530273,3.5307633876800537,1777690
2005-01-14,8.231249809265137,8.231249809265137,7.6875,7.818749904632568,3.4400200843811035,1125991
2005-01-17,8.4375,8.4375,7.5,7.612500190734863,3.349275827407837,1404349
2005-01-18,7.78125,7.818749904632568,7.556250095367432,7.631249904632568,3.357525587081909,905050
2005-01-19,7.949999809265137,8.962499618530273,7.875,8.53125,3.753499746322632,9665797
2005-01-20,8.625,8.625,8.100000381469727,8.287500381469727,3.6462562084198,3434375
2005-01-24,8.774999618530273,8.774999618530273,7.912499904632568,7.96875,3.506014108657837,1112869
2005-01-25,7.800000190734863,8.006250381469727,7.612500190734863,7.931250095367432,3.489516496658325,1124461
2005-01-27,8.024999618530273,8.306249618530273,8.006250381469727,8.137499809265137,3.58026123046875,1236327
2005-01-28,8.306249618530273,8.550000190734863,8.118749618530273,8.268750190734863,3.638007164001465,2132122
2005-01-31,8.53125,8.53125,8.175000190734863,8.231249809265137,3.6215076446533203,1175346
2005-02-01,8.399999618530273,8.4375,8.0625,8.287500381469727,3.6462562084198,1413735
2005-02-02,8.34375,8.8125,8.287500381469727,8.512499809265137,3.7452480792999268,3076407
2005-02-03,8.625,8.793749809265137,8.34375,8.399999618530273,3.6957521438598633,1321767
2005-02-04,8.606249809265137,8.606249809265137,8.212499618530273,8.324999809265137,3.6627542972564697,1001941
2005-02-07,8.475000381469727,8.475000381469727,8.25,8.268750190734863,3.638007164001465,1148586
2005-02-08,8.324999809265137,8.662500381469727,8.0625,8.512499809265137,3.7452480792999268,2295639
2005-02-09,8.606249809265137,8.8125,8.475000381469727,8.568750381469727,3.7699973583221436,2099095
2005-02-10,8.774999618530273,9.487500190734863,8.587499618530273,9.056249618530273,3.9844839572906494,8413130
2005-02-11,9.243749618530273,9.337499618530273,8.850000381469727,8.925000190734863,3.9267375469207764,3412341
2005-02-14,9.037500381469727,9.262499809265137,8.981249809265137,9.018750190734863,3.967984914779663,3106666
2005-02-15,9.149999618530273,9.149999618530273,8.662500381469727,8.737500190734863,3.844243049621582,1257602
2005-02-16,8.90625,8.962499618530273,8.25,8.399999618530273,3.6957521438598633,1524287
2005-02-17,8.475000381469727,8.699999809265137,8.306249618530273,8.568750381469727,3.7699973583221436,1334237
2005-02-18,8.625,8.774999618530273,8.362500190734863,8.4375,3.7122507095336914,1076493
2005-02-21,8.606249809265137,8.606249809265137,8.137499809265137,8.268750190734863,3.638007164001465,758898
2005-02-22,8.324999809265137,9.1875,8.15625,8.8125,3.8772406578063965,1490271
2005-02-23,7.987500190734863,8.962499618530273,7.987500190734863,8.53125,3.753499746322632,1213023
2005-02-24,8.587499618530273,8.71875,8.4375,8.512499809265137,3.7452480792999268,577687
2005-02-25,8.53125,8.587499618530273,8.268750190734863,8.306249618530273,3.6545042991638184,724938
2005-02-28,8.606249809265137,8.606249809265137,8.193750381469727,8.4375,3.7122507095336914,663527
2005-03-01,8.475000381469727,8.512499809265137,8.193750381469727,8.25,3.6297576427459717,729181
2005-03-02,8.175000190734863,8.399999618530273,8.137499809265137,8.193750381469727,3.605008602142334,694391
2005-03-03,8.34375,8.587499618530273,8.212499618530273,8.475000381469727,3.7287509441375732,1318298
2005-03-04,8.550000190734863,8.774999618530273,8.324999809265137,8.418749809265137,3.704002857208252,2001090
2005-03-07,8.568750381469727,8.662500381469727,8.4375,8.456250190734863,3.720501661300659,1308647
2005-03-08,8.699999809265137,8.699999809265137,8.306249618530273,8.324999809265137,3.6627542972564697,1058621
2005-03-09,8.587499618530273,8.587499618530273,8.137499809265137,8.193750381469727,3.605008602142334,1059951
2005-03-10,8.25,8.287500381469727,8.15625,8.175000190734863,3.59675931930542,625367
2005-03-11,8.0625,8.362500190734863,8.043749809265137,8.15625,3.5885095596313477,612402
2005-03-14,8.212499618530273,8.212499618530273,7.875,7.893750190734863,3.473017454147339,633333
2005-03-15,8.024999618530273,8.0625,7.837500095367432,7.893750190734863,3.473017454147339,546925
2005-03-16,8.024999618530273,8.024999618530273,7.78125,7.837500095367432,3.4482691287994385,502522
2005-03-17,7.875,7.949999809265137,7.706250190734863,7.743750095367432,3.40702223777771,556250
2005-03-18,7.6875,7.818749904632568,7.387499809265137,7.743750095367432,3.40702223777771,763973
2005-03-21,7.875,7.875,7.462500095367432,7.5,3.2997796535491943,658127
2005-03-22,7.612500190734863,7.612500190734863,7.331250190734863,7.368750095367432,3.2420334815979004,588287
2005-03-23,7.3125,7.481249809265137,6.974999904632568,7.125,3.1347897052764893,713514
2005-03-24,7.462500095367432,8.024999618530273,7.199999809265137,7.631249904632568,3.357525587081909,2401471
2005-03-28,7.78125,8.568750381469727,7.40625,8.15625,3.5885095596313477,4174839
2005-03-29,8.287500381469727,8.71875,7.912499904632568,8.25,3.6297576427459717,7642554
2005-03-30,8.25,9.0,8.25,8.831250190734863,3.885490894317627,6631373
2005-03-31,9.262499809265137,9.356249809265137,8.943750381469727,9.112500190734863,4.009232521057129,5483357
2005-04-01,9.112500190734863,9.300000190734863,9.0,9.056249618530273,3.9844839572906494,3309973
2005-04-04,9.1875,10.875,9.168749809265137,10.875,4.784679412841797,23989831
2005-04-05,11.212499618530273,12.262499809265137,11.100000381469727,11.699999809265137,5.147655010223389,35369093
2005-04-06,11.887499809265137,12.300000190734863,11.100000381469727,11.4375,5.032164096832275,23226226
2005-04-07,11.71875,11.868749618530273,11.324999809265137,11.456250190734863,5.040412902832031,8998306
2005-04-08,11.493749618530273,11.850000381469727,11.381250381469727,11.606249809265137,5.106409072875977,11981661
2005-04-11,11.774999618530273,11.850000381469727,11.024999618530273,11.118749618530273,4.891921520233154,6283605
2005-04-12,11.25,11.25,10.725000381469727,11.081250190734863,4.875423431396484,4934482
2005-04-13,11.324999809265137,11.699999809265137,10.949999809265137,11.381250381469727,5.007416248321533,10608829
2005-04-15,10.78125,11.0625,10.331250190734863,10.59375,4.660938262939453,6419143
2005-04-18,10.574999809265137,10.574999809265137,9.824999809265137,10.106249809265137,4.446452617645264,5207751
2005-04-19,10.181249618530273,10.612500190734863,9.618749618530273,9.75,4.289712905883789,4473959
2005-04-20,9.956250190734863,10.162500381469727,9.65625,10.012499809265137,4.405204772949219,3627573
2005-04-21,10.199999809265137,10.78125,10.03125,10.574999809265137,4.652689456939697,6867645
2005-04-22,11.137499809265137,11.268750190734863,10.668749809265137,10.818750381469727,4.75993013381958,7868671
2005-04-25,10.800000190734863,10.837499618530273,10.199999809265137,10.293749809265137,4.528947353363037,3939487
2005-04-26,10.425000190734863,10.574999809265137,9.899999618530273,10.199999809265137,4.487699031829834,5109071
2005-04-27,10.481249809265137,10.481249809265137,9.9375,9.975000381469727,4.388707160949707,3101205
2005-04-28,10.050000190734863,10.125,9.899999618530273,9.975000381469727,4.388707160949707,1700349
2005-04-29,9.975000381469727,10.012499809265137,9.824999809265137,9.881250381469727,4.347458362579346,1767090
2005-05-02,10.3125,10.3125,9.46875,9.806249618530273,4.314459800720215,2647285
2005-05-03,9.824999809265137,9.9375,9.600000381469727,9.768750190734863,4.297962665557861,1830642
2005-05-04,9.806249618530273,10.012499809265137,9.768750190734863,9.956250190734863,4.380457401275635,1348871
2005-05-05,10.050000190734863,10.162500381469727,9.9375,9.975000381469727,4.388707160949707,1551194
2005-05-06,10.012499809265137,10.706250190734863,9.862500190734863,10.59375,4.660938262939453,4933762
2005-05-09,10.668749809265137,10.725000381469727,10.350000381469727,10.556249618530273,4.644439220428467,3381690
2005-05-10,10.5,10.631250381469727,10.3125,10.350000381469727,4.553694725036621,1721437
2005-05-11,10.350000381469727,10.350000381469727,9.975000381469727,10.125,4.4547014236450195,1431906
2005-05-12,9.637499809265137,10.293749809265137,9.637499809265137,10.181249618530273,4.4794487953186035,1068799
2005-05-13,10.125,10.574999809265137,10.050000190734863,10.368749618530273,4.561944007873535,1920685
2005-05-16,10.368749618530273,10.481249809265137,9.9375,10.368749618530273,4.561944007873535,1091234
2005-05-17,10.481249809265137,10.5,10.143750190734863,10.256250381469727,4.512448310852051,1323157
2005-05-18,10.256250381469727,10.256250381469727,9.9375,10.125,4.4547014236450195,879346
2005-05-19,10.425000190734863,10.425000190734863,10.125,10.143750190734863,4.462950706481934,591250
2005-05-20,10.274999618530273,10.612500190734863,10.143750190734863,10.518750190734863,4.627939224243164,2385938
2005-05-23,10.537500381469727,11.306249618530273,10.481249809265137,11.043749809265137,4.858924865722656,4172834
2005-05-24,11.212499618530273,11.25,10.78125,10.800000190734863,4.751681327819824,1837549
2005-05-25,10.481249809265137,10.875,10.481249809265137,10.762499809265137,4.7934370040893555,1094682
2005-05-26,10.818750381469727,10.818750381469727,10.443750381469727,10.518750190734863,4.684874057769775,1049637
2005-05-27,10.59375,10.743749618530273,10.387499809265137,10.425000190734863,4.643119812011719,1021775
2005-05-30,10.5,10.556249618530273,10.21875,10.331250190734863,4.601364612579346,716319
2005-05-31,10.199999809265137,10.481249809265137,10.199999809265137,10.274999618530273,4.5763115882873535,507341
2005-06-01,10.143750190734863,10.631250381469727,10.143750190734863,10.5,4.676523685455322,880135
2005-06-02,10.649999618530273,10.668749809265137,10.274999618530273,10.3125,4.593015193939209,619909
2005-06-03,10.237500190734863,10.5,10.237500190734863,10.387499809265137,4.626417636871338,562207
2005-06-06,10.987500190734863,11.399999618530273,10.743749618530273,10.78125,4.801787853240967,1697671
2005-06-07,10.912500381469727,10.949999809265137,10.631250381469727,10.743749618530273,4.785085201263428,700037
2005-06-08,10.818750381469727,11.399999618530273,10.706250190734863,10.912500381469727,4.860244274139404,1919791
2005-06-09,11.043749809265137,11.193750381469727,10.6875,11.043749809265137,4.918701171875,2211775
2005-06-10,11.15625,11.493749618530273,11.006250381469727,11.15625,4.968806743621826,4566682
2005-06-13,11.306249618530273,11.306249618530273,10.78125,10.987500190734863,4.893649101257324,1299573
2005-06-14,11.118749618530273,11.137499809265137,10.837499618530273,10.931249618530273,4.868595123291016,976183
2005-06-15,10.931249618530273,11.024999618530273,10.762499809265137,10.96875,4.885295391082764,882855
2005-06-16,10.96875,11.081250190734863,10.518750190734863,10.59375,4.718278884887695,842346
2005-06-17,10.725000381469727,10.725000381469727,10.3125,10.518750190734863,4.684874057769775,1306242
2005-06-20,10.612500190734863,10.649999618530273,10.199999809265137,10.293749809265137,4.5846638679504395,680079
2005-06-21,9.5625,10.649999618530273,9.5625,10.537500381469727,4.6932244300842285,791573
2005-06-22,10.443750381469727,10.649999618530273,10.350000381469727,10.5,4.676523685455322,683090
2005-06-23,10.818750381469727,10.818750381469727,10.368749618530273,10.518750190734863,4.684874057769775,590605
2005-06-24,10.5,10.649999618530273,10.21875,10.481249809265137,4.668173789978027,849066
2005-06-27,10.78125,10.78125,10.537500381469727,10.6875,4.7600321769714355,848114
2005-06-28,10.6875,10.949999809265137,10.537500381469727,10.706250190734863,4.7683844566345215,1330215
2005-06-29,10.96875,10.96875,10.612500190734863,10.6875,4.7600321769714355,452533
2005-06-30,10.762499809265137,10.875,10.574999809265137,10.6875,4.7600321769714355,505247
2005-07-01,10.78125,11.34375,10.612500190734863,11.175000190734863,4.977157115936279,2253386
2005-07-04,11.118749618530273,11.4375,10.949999809265137,11.100000381469727,4.943753242492676,931514
2005-07-05,11.15625,11.287500381469727,10.949999809265137,11.081250190734863,4.935402870178223,764698
2005-07-06,11.100000381469727,12.149999618530273,11.024999618530273,12.056249618530273,5.369650840759277,7464666
2005-07-07,12.375,12.375,11.287500381469727,11.399999618530273,5.07736873626709,5661631
2005-07-08,11.606249809265137,11.793749809265137,11.362500190734863,11.587499618530273,5.160876274108887,2667786
2005-07-11,11.756250381469727,11.981249809265137,11.550000190734863,11.606249809265137,5.169228553771973,1461757
2005-07-12,11.699999809265137,11.699999809265137,11.306249618530273,11.4375,5.094071865081787,1135207
2005-07-13,11.456250190734863,11.550000190734863,11.306249618530273,11.34375,5.052314758300781,621885
2005-07-14,11.362500190734863,11.512499809265137,11.175000190734863,11.25,5.010560512542725,662565
2005-07-15,10.6875,11.774999618530273,10.6875,11.53125,5.1358256340026855,1116647
2005-07-18,11.737500190734863,11.887499809265137,11.512499809265137,11.587499618530273,5.160876274108887,1074637
2005-07-19,11.512499809265137,11.8125,11.4375,11.512499809265137,5.127471923828125,880581
2005-07-20,11.71875,12.131250381469727,11.550000190734863,11.681249618530273,5.202631950378418,2132845
2005-07-21,11.71875,12.0,11.456250190734863,11.568750381469727,5.152527332305908,980445
2005-07-22,11.268750190734863,12.131250381469727,11.268750190734863,11.831250190734863,5.269439697265625,2799034
2005-07-25,12.0,12.899999618530273,11.699999809265137,12.243749618530273,5.453161239624023,7306407
2005-07-26,12.375,12.46875,11.662500381469727,11.831250190734863,5.269439697265625,2117426
2005-07-27,11.850000381469727,11.943750381469727,11.681249618530273,11.71875,5.219335079193115,674418
2005-07-28,31.25,31.25,31.25,31.25,13.918225288391113,0
2005-07-29,11.71875,11.887499809265137,11.15625,11.306249618530273,5.035614490509033,869826
2005-08-01,11.550000190734863,11.550000190734863,11.100000381469727,11.25,5.010560512542725,786562
2005-08-02,11.324999809265137,11.4375,11.0625,11.362500190734863,5.060667991638184,796039
2005-08-03,11.512499809265137,11.606249809265137,11.25,11.268750190734863,5.018910884857178,798402
2005-08-04,11.15625,11.512499809265137,11.15625,11.231249809265137,5.0022101402282715,613341
2005-08-05,11.34375,11.34375,11.15625,11.175000190734863,4.977157115936279,845314
2005-08-08,11.024999618530273,11.287500381469727,10.875,10.987500190734863,4.893649101257324,750029
2005-08-09,11.118749618530273,11.118749618530273,10.762499809265137,10.912500381469727,4.860244274139404,661258
2005-08-10,11.024999618530273,11.0625,10.6875,10.96875,4.885295391082764,575498
2005-08-11,11.081250190734863,11.15625,10.931249618530273,10.96875,4.885295391082764,621781
2005-08-12,11.25,11.568750381469727,10.912500381469727,11.212499618530273,4.993858337402344,1724159
2005-08-16,11.268750190734863,11.456250190734863,11.137499809265137,11.193750381469727,4.985508918762207,918485
2005-08-17,11.25,11.568750381469727,11.212499618530273,11.324999809265137,5.04396390914917,1241125
2005-08-18,11.568750381469727,11.568750381469727,11.0625,11.15625,4.968806743621826,903090
2005-08-19,11.15625,11.4375,11.043749809265137,11.118749618530273,4.952103614807129,935229
2005-08-22,11.231249809265137,11.550000190734863,11.15625,11.193750381469727,4.985508918762207,1062373
2005-08-23,11.268750190734863,11.34375,10.875,10.893750190734863,4.851892948150635,743231
2005-08-24,10.893750190734863,11.006250381469727,10.612500190734863,10.743749618530273,4.785085201263428,558279
2005-08-25,10.875,11.287500381469727,10.743749618530273,11.0625,4.927052021026611,878365
2005-08-26,11.0625,11.774999618530273,11.0625,11.4375,5.094071865081787,3445375
2005-08-29,11.774999618530273,12.0,11.324999809265137,11.756250381469727,5.2360382080078125,4251237
2005-08-30,11.925000190734863,12.112500190734863,11.774999618530273,11.831250190734863,5.269439697265625,2168127
2005-08-31,11.90625,12.375,11.625,12.131250381469727,5.403055667877197,3663933
2005-09-01,12.28125,12.375,12.037500381469727,12.09375,5.386353015899658,1978783
2005-09-02,12.037500381469727,12.1875,11.737500190734863,11.8125,5.261089324951172,1453002
2005-09-05,12.375,12.375,11.71875,11.8125,5.261089324951172,982298
2005-09-06,12.225000381469727,12.225000381469727,11.550000190734863,11.643750190734863,5.18593168258667,692295
2005-09-08,11.8125,12.0,11.512499809265137,11.643750190734863,5.18593168258667,969834
2005-09-09,11.793749809265137,13.574999809265137,11.774999618530273,13.125,5.845653533935547,22742306
2005-09-12,13.5,13.856249809265137,13.3125,13.481249809265137,6.004321098327637,13182181
2005-09-13,13.612500190734863,13.912500381469727,13.368749618530273,13.443750381469727,5.987622261047363,6372714
2005-09-14,13.537500381469727,13.59375,12.806249618530273,13.03125,5.803900241851807,3239994
2005-09-15,13.125,13.199999809265137,12.956250190734863,13.068750381469727,5.820601463317871,1384498
2005-09-16,13.199999809265137,13.3125,12.862500190734863,12.975000381469727,5.778846740722656,1674586
2005-09-19,13.3125,13.3125,12.862500190734863,12.993749618530273,5.787198543548584,1473397
2005-09-20,13.050000190734863,13.050000190734863,12.5625,12.675000190734863,5.645233154296875,1805317
2005-09-21,12.712499618530273,12.75,10.875,12.056249618530273,5.369650840759277,2790186
2005-09-22,12.300000190734863,12.300000190734863,10.5,10.59375,4.718278884887695,2579319
2005-09-23,10.6875,11.8125,9.862500190734863,11.475000381469727,5.110772132873535,2379258
2005-09-26,11.962499618530273,11.962499618530273,11.568750381469727,11.850000381469727,5.277791976928711,1159757
2005-09-27,11.962499618530273,12.1875,11.71875,11.943750381469727,5.319547653198242,1350093
2005-09-28,12.056249618530273,12.337499618530273,11.8125,12.0,5.344597816467285,1305754
2005-09-29,11.625,12.131250381469727,11.625,11.681249618530273,5.202631950378418,598461
2005-09-30,11.831250190734863,11.850000381469727,11.418749809265137,11.53125,5.1358256340026855,843426
2005-10-03,11.550000190734863,11.887499809265137,11.475000381469727,11.662500381469727,5.194280624389648,668175
2005-10-04,11.71875,12.037500381469727,11.71875,11.868749618530273,5.286139965057373,954647
2005-10-05,11.981249809265137,12.543749809265137,11.793749809265137,12.074999809265137,5.3780012130737305,2501165
2005-10-06,12.0,12.1875,11.662500381469727,11.925000190734863,5.3111958503723145,988821
2005-10-07,12.131250381469727,12.168749809265137,11.53125,11.681249618530273,5.202631950378418,1071362
2005-10-10,11.681249618530273,12.037500381469727,11.681249618530273,11.981249809265137,5.336246490478516,921639
2005-10-11,12.1875,12.5625,11.8125,11.943750381469727,5.319547653198242,1034887
2005-10-13,11.962499618530273,11.962499618530273,11.475000381469727,11.756250381469727,5.2360382080078125,515882
2005-10-14,11.756250381469727,11.793749809265137,11.212499618530273,11.287500381469727,5.027262210845947,869578
2005-10-17,11.587499618530273,11.587499618530273,10.96875,11.0625,4.927052021026611,592386
2005-10-18,11.4375,11.4375,10.912500381469727,11.043749809265137,4.918701171875,730631
2005-10-19,11.137499809265137,11.137499809265137,10.59375,10.743749618530273,4.785085201263428,667663
2005-10-20,10.875,11.212499618530273,10.3125,10.556249618530273,4.701576232910156,758514
2005-10-21,11.25,11.25,10.425000190734863,10.949999809265137,4.876947402954102,1558018
2005-10-24,11.4375,11.587499618530273,11.15625,11.25,5.010560512542725,1741178
2005-10-25,11.625,11.625,11.0625,11.231249809265137,5.0022101402282715,939877
2005-10-26,11.25,11.587499618530273,11.0625,11.212499618530273,4.993858337402344,694325
2005-10-27,11.306249618530273,11.306249618530273,10.875,10.912500381469727,4.926146030426025,449365
2005-10-28,11.006250381469727,11.0625,10.5,10.518750190734863,4.7483978271484375,444149
2005-10-31,10.743749618530273,10.743749618530273,10.537500381469727,10.574999809265137,4.773789405822754,368485
2005-11-02,10.556249618530273,10.949999809265137,10.556249618530273,10.856249809265137,4.900752067565918,393959
2005-11-04,10.856249809265137,10.856249809265137,10.856249809265137,10.856249809265137,4.900752067565918,0
2005-11-07,11.15625,11.306249618530273,10.875,11.25,5.0784993171691895,849578
2005-11-08,11.324999809265137,11.475000381469727,11.137499809265137,11.287500381469727,5.09542989730835,795562
2005-11-09,11.306249618530273,11.381250381469727,11.0625,11.118749618530273,5.019251346588135,526162
2005-11-10,11.15625,11.287500381469727,10.949999809265137,11.100000381469727,5.010787010192871,669295
2005-11-11,11.137499809265137,11.324999809265137,11.100000381469727,11.212499618530273,5.061572074890137,825599
2005-11-14,11.287500381469727,11.381250381469727,10.912500381469727,11.081250190734863,5.002322673797607,947722
2005-11-16,11.137499809265137,11.418749809265137,11.100000381469727,11.324999809265137,5.112357139587402,995274
2005-11-17,11.324999809265137,11.493749618530273,11.212499618530273,11.362500190734863,5.12928581237793,879965
2005-11-18,11.475000381469727,11.587499618530273,11.100000381469727,11.15625,5.036181449890137,1260373
2005-11-21,11.193750381469727,11.362500190734863,10.6875,10.875,4.909217834472656,970741
2005-11-22,10.987500190734863,11.193750381469727,10.743749618530273,11.118749618530273,5.019251346588135,737143
2005-11-23,11.212499618530273,11.212499618530273,10.949999809265137,11.006250381469727,4.968466758728027,417303
2005-11-24,11.0625,11.137499809265137,10.96875,11.024999618530273,4.976930141448975,453053
2005-11-25,11.137499809265137,11.193750381469727,11.024999618530273,11.081250190734863,5.002322673797607,559002
2005-11-28,11.399999618530273,11.737500190734863,11.137499809265137,11.512499809265137,5.1969990730285645,1468293
2005-11-29,11.8125,11.8125,11.25,11.493749618530273,5.188533306121826,1081805
2005-11-30,11.71875,11.925000190734863,11.287500381469727,11.324999809265137,5.112357139587402,1295570
2005-12-01,11.587499618530273,11.587499618530273,11.212499618530273,11.34375,5.120820999145508,365485
2005-12-02,11.53125,11.587499618530273,11.268750190734863,11.324999809265137,5.112357139587402,543930
2005-12-05,11.287500381469727,13.59375,11.287500381469727,13.3125,6.009559631347656,24092650
2005-12-06,13.3125,13.3125,12.412500381469727,12.524999618530273,5.654064178466797,12720183
2005-12-07,12.5625,13.012499809265137,12.46875,12.65625,5.713313102722168,4120746
2005-12-08,12.65625,12.918749809265137,12.5625,12.65625,5.713313102722168,3184591
2005-12-09,12.675000190734863,12.75,12.431249618530273,12.506250381469727,5.645599365234375,1526535
2005-12-12,12.637499809265137,13.537500381469727,12.637499809265137,13.125,5.9249162673950195,8623485
2005-12-13,13.443750381469727,13.5,13.03125,13.087499618530273,5.907988548278809,4258698
2005-12-14,13.293749809265137,13.293749809265137,12.787500381469727,12.84375,5.797952651977539,1439453
2005-12-15,12.956250190734863,13.087499618530273,12.768750190734863,12.806249618530273,5.781027317047119,1113277
2005-12-16,12.899999618530273,13.068750381469727,12.731249809265137,12.824999809265137,5.789490699768066,923111
2005-12-19,12.862500190734863,13.556249618530273,12.862500190734863,13.199999809265137,5.958774566650391,2876655
2005-12-20,13.3125,13.331250190734863,12.881250381469727,13.068750381469727,5.899523735046387,1394335
2005-12-21,13.3125,13.462499618530273,12.581250190734863,12.731249809265137,5.747170448303223,1535586
2005-12-22,12.768750190734863,12.787500381469727,12.506250381469727,12.618749618530273,5.696384906768799,988999
2005-12-23,12.731249809265137,13.199999809265137,12.600000381469727,13.050000190734863,5.891059875488281,1861626
2005-12-26,12.600000381469727,13.068750381469727,12.487500190734863,12.600000381469727,5.68792200088501,1056343
2005-12-27,12.5625,12.768750190734863,12.393750190734863,12.731249809265137,5.747170448303223,792759
2005-12-28,12.9375,12.9375,12.543749809265137,12.618749618530273,5.696384906768799,597130
2005-12-29,12.675000190734863,12.712499618530273,12.5625,12.581250190734863,5.67945671081543,384949
2005-12-30,12.5625,13.21875,12.5625,12.712499618530273,5.738704681396484,1469103
2006-01-02,12.731249809265137,13.012499809265137,12.637499809265137,12.731249809265137,5.747170448303223,643767
2006-01-03,12.899999618530273,13.21875,12.787500381469727,12.975000381469727,5.857204437255859,1509111
2006-01-04,12.75,14.793749809265137,12.75,14.231249809265137,6.4243035316467285,14808938
2006-01-05,14.418749809265137,14.550000190734863,13.931249618530273,14.081250190734863,6.356589317321777,4118325
2006-01-06,14.175000190734863,15.993749618530273,13.987500190734863,15.225000381469727,6.8729047775268555,18305818
2006-01-09,15.375,16.21875,15.225000381469727,15.543749809265137,7.0167951583862305,9893327
2006-01-10,15.600000381469727,15.712499618530273,14.925000190734863,15.056249618530273,6.796726703643799,3054362
2006-01-12,14.681249618530273,15.918749809265137,14.4375,15.09375,6.81365442276001,6007703
2006-01-13,15.824999809265137,15.824999809265137,15.018750190734863,15.112500190734863,6.822117805480957,2175943
2006-01-16,15.5625,15.824999809265137,15.0,15.243749618530273,6.881368160247803,4990450
2006-01-17,15.600000381469727,15.600000381469727,14.456250190734863,14.587499618530273,6.585123538970947,3175458
2006-01-18,15.0,15.149999618530273,14.25,14.887499809265137,6.720548629760742,3864351
2006-01-19,15.431249618530273,15.506250381469727,14.981249809265137,15.28125,6.8982977867126465,2789194
2006-01-20,15.506250381469727,15.543749809265137,15.149999618530273,15.225000381469727,6.8729047775268555,1608330
2006-01-23,14.699999809265137,15.225000381469727,14.699999809265137,14.962499618530273,6.754406929016113,917773
2006-01-24,15.131250381469727,15.131250381469727,14.381250381469727,14.681249618530273,6.627444267272949,1459322
2006-01-25,14.8125,14.8125,14.399999618530273,14.456250190734863,6.52587366104126,720458
2006-01-27,14.25,14.774999618530273,14.25,14.568750381469727,6.576655864715576,898111
2006-01-30,14.587499618530273,15.543749809265137,14.324999809265137,15.09375,6.81365442276001,2608914
2006-01-31,15.09375,15.262499809265137,14.71875,14.868749618530273,6.7120866775512695,1131567
2006-02-01,14.925000190734863,14.981249809265137,14.456250190734863,14.53125,6.55972957611084,580573
2006-02-02,14.643750190734863,14.774999618530273,14.0625,14.175000190734863,6.3989105224609375,610290
2006-02-03,14.175000190734863,14.362500190734863,13.59375,13.800000190734863,6.229626655578613,714205
2006-02-06,13.875,14.15625,13.631250381469727,13.912500381469727,6.2804131507873535,642911
2006-02-07,13.987500190734863,14.887499809265137,13.912500381469727,14.212499618530273,6.415836811065674,1750282
2006-02-08,14.34375,14.34375,13.987500190734863,14.118749618530273,6.3735175132751465,691103
2006-02-10,14.25,14.34375,13.949999809265137,14.043749809265137,6.339659690856934,845351
2006-02-13,14.175000190734863,14.306249618530273,14.043749809265137,14.118749618530273,6.3735175132751465,518229
2006-02-14,14.0625,14.287500381469727,14.024999618530273,14.193750381469727,6.407374858856201,549213
2006-02-15,13.912500381469727,14.25,13.875,14.006250381469727,6.322732448577881,557141
2006-02-16,14.0625,14.100000381469727,13.800000190734863,13.856249809265137,6.255019187927246,384269
2006-02-17,14.006250381469727,14.193750381469727,13.368749618530273,13.5,6.094200611114502,1320077
2006-02-20,13.800000190734863,13.800000190734863,12.899999618530273,13.274999618530273,5.992630481719971,835133
2006-02-21,13.5,13.59375,12.993749618530273,13.087499618530273,5.907988548278809,635887
2006-02-22,13.125,13.443750381469727,12.787500381469727,13.125,5.9249162673950195,623407
2006-02-23,13.162500381469727,13.481249809265137,13.125,13.181249618530273,5.9503092765808105,383434
2006-02-24,13.125,13.125,12.487500190734863,12.5625,5.670992374420166,1287805
2006-02-27,12.487500190734863,13.068750381469727,12.262499809265137,12.356249809265137,5.57788610458374,1386631
2006-02-28,12.524999618530273,12.693750381469727,12.243749618530273,12.393750190734863,5.594814777374268,918269
2006-03-01,12.131250381469727,12.84375,12.131250381469727,12.46875,5.628671169281006,964125
2006-03-02,12.675000190734863,12.693750381469727,12.356249809265137,12.412500381469727,5.603279113769531,527698
2006-03-03,12.412500381469727,12.543749809265137,12.1875,12.225000381469727,5.518637657165527,444421
2006-03-06,12.449999809265137,12.524999618530273,12.09375,12.206250190734863,5.510173320770264,558135
2006-03-07,12.225000381469727,12.225000381469727,12.074999809265137,12.168749809265137,5.493245601654053,519373
2006-03-08,12.149999618530273,12.65625,11.981249809265137,12.09375,5.459388256072998,1523677
2006-03-09,11.850000381469727,12.300000190734863,11.850000381469727,12.112500190734863,5.467850685119629,625861
2006-03-10,12.46875,12.46875,12.09375,12.131250381469727,5.476317405700684,468493
2006-03-13,12.28125,12.356249809265137,12.149999618530273,12.262499809265137,5.535565376281738,418437
2006-03-14,12.074999809265137,12.431249618530273,12.074999809265137,12.168749809265137,5.493245601654053,435191
2006-03-16,12.300000190734863,13.350000381469727,12.168749809265137,13.237500190734863,5.975703716278076,3050631
2006-03-17,13.537500381469727,14.25,12.806249618530273,12.956250190734863,5.8487396240234375,3100754
2006-03-20,13.106249809265137,13.443750381469727,12.787500381469727,13.274999618530273,5.992630481719971,1122663
2006-03-21,13.537500381469727,14.006250381469727,13.274999618530273,13.40625,6.051880836486816,1995941
2006-03-22,13.5,13.5,12.75,12.84375,5.797952651977539,575599
2006-03-23,13.106249809265137,13.162500381469727,12.581250190734863,12.731249809265137,5.747170448303223,568557
2006-03-24,12.731249809265137,12.75,12.5625,12.637499809265137,5.7048492431640625,472730
2006-03-27,12.712499618530273,13.537500381469727,12.65625,13.181249618530273,5.9503092765808105,1777410
2006-03-28,13.350000381469727,13.350000381469727,12.600000381469727,12.768750190734863,5.764098644256592,1025666
2006-03-29,12.975000381469727,13.237500190734863,12.806249618530273,12.993749618530273,5.865667819976807,803530
2006-03-30,12.899999618530273,13.462499618530273,12.899999618530273,13.162500381469727,5.941845893859863,1031831
2006-03-31,13.387499809265137,13.387499809265137,12.84375,13.012499809265137,5.8741326332092285,387175
2006-04-03,13.293749809265137,13.462499618530273,13.050000190734863,13.350000381469727,6.026486396789551,969181
2006-04-04,13.481249809265137,13.481249809265137,12.975000381469727,13.106249809265137,5.916452884674072,634607
2006-04-05,12.918749809265137,13.3125,12.693750381469727,13.143750190734863,5.933382511138916,647197
2006-04-07,13.5,13.5,12.918749809265137,12.975000381469727,5.857204437255859,811455
2006-04-10,12.862500190734863,13.03125,12.337499618530273,12.768750190734863,5.764098644256592,567581
2006-04-12,12.75,12.993749618530273,12.46875,12.5625,5.670992374420166,508274
2006-04-13,12.693750381469727,13.03125,11.625,12.318750381469727,5.560956954956055,795013
2006-04-17,12.675000190734863,12.75,12.1875,12.318750381469727,5.560956954956055,656573
2006-04-18,12.487500190734863,12.824999809265137,12.449999809265137,12.65625,5.713313102722168,756493
2006-04-19,12.9375,13.3125,12.581250190734863,12.675000190734863,5.72177791595459,517706
2006-04-20,12.787500381469727,13.199999809265137,12.506250381469727,12.899999618530273,5.823347091674805,775317
2006-04-21,12.806249618530273,13.274999618530273,12.600000381469727,12.9375,5.840275764465332,976557
2006-04-24,13.068750381469727,13.368749618530273,12.918749809265137,13.181249618530273,5.9503092765808105,1418999
2006-04-25,12.0,12.975000381469727,11.362500190734863,12.375,5.58635139465332,1577314
2006-04-26,12.600000381469727,12.899999618530273,12.318750381469727,12.431249618530273,5.611742973327637,621999
2006-04-27,12.675000190734863,12.899999618530273,12.375,12.600000381469727,5.68792200088501,1010325
2006-04-28,12.412500381469727,12.412500381469727,11.399999618530273,12.262499809265137,5.535565376281738,576938
2006-05-02,12.543749809265137,12.543749809265137,12.112500190734863,12.206250190734863,5.510173320770264,1001399
2006-05-03,12.543749809265137,12.543749809265137,12.243749618530273,12.375,5.58635139465332,2332375
2006-05-04,12.506250381469727,12.506250381469727,12.09375,12.225000381469727,5.518637657165527,902943
2006-05-05,12.337499618530273,12.356249809265137,12.168749809265137,12.243749618530273,5.527101516723633,655914
2006-05-08,12.543749809265137,13.050000190734863,12.243749618530273,12.524999618530273,5.654064178466797,1574847
2006-05-09,12.618749618530273,12.693750381469727,12.018750190734863,12.1875,5.501709938049316,1072357
2006-05-10,12.074999809265137,12.449999809265137,12.074999809265137,12.318750381469727,5.560956954956055,537610
2006-05-11,12.337499618530273,12.337499618530273,12.056249618530273,12.112500190734863,5.467850685119629,473669
2006-05-12,12.018750190734863,12.168749809265137,11.925000190734863,12.018750190734863,5.425531387329102,450362
2006-05-15,12.0,12.037500381469727,11.25,11.418749809265137,5.154679775238037,706202
2006-05-16,11.418749809265137,11.962499618530273,10.612500190734863,11.118749618530273,5.019251346588135,794845
2006-05-17,11.137499809265137,11.587499618530273,11.137499809265137,11.493749618530273,5.188533306121826,433735
2006-05-18,11.4375,11.4375,10.537500381469727,10.743749618530273,4.849967956542969,676066
2006-05-19,10.237500190734863,11.25,9.75,10.087499618530273,4.5537214279174805,763442
2006-05-22,10.162500381469727,10.256250381469727,8.100000381469727,9.262499809265137,4.181300163269043,676885
2006-05-23,9.375,10.181249618530273,9.018750190734863,10.03125,4.528328895568848,475853
2006-05-24,10.425000190734863,10.706250190734863,9.9375,10.387499809265137,4.689149379730225,457317
2006-05-25,9.9375,10.462499618530273,9.806249618530273,10.106249809265137,4.5621867179870605,231901
2006-05-26,10.368749618530273,10.818750381469727,10.368749618530273,10.556249618530273,4.765326976776123,433575
2006-05-29,11.418749809265137,11.418749809265137,10.5,10.556249618530273,4.765326976776123,268258
2006-05-30,10.5,10.725000381469727,10.350000381469727,10.443750381469727,4.714541912078857,254266
2006-05-31,10.125,10.3125,9.787500381469727,10.125,4.570651054382324,454938
2006-06-01,9.75,10.462499618530273,9.675000190734863,9.787500381469727,4.4182963371276855,260991
2006-06-02,9.5625,9.824999809265137,8.868749618530273,9.65625,4.359045505523682,430469
2006-06-05,9.693750381469727,9.9375,9.412500381469727,9.524999618530273,4.299797534942627,191527
2006-06-06,9.412500381469727,9.524999618530273,8.925000190734863,9.037500381469727,4.079729080200195,296477
2006-06-07,8.8125,8.981249809265137,8.118749618530273,8.306249618530273,3.7496254444122314,465930
2006-06-08,7.518750190734863,8.399999618530273,6.824999809265137,7.256249904632568,3.2756330966949463,734173
2006-06-09,7.162499904632568,8.606249809265137,7.125,8.212499618530273,3.7073042392730713,705111
2006-06-12,8.25,8.625,7.893750190734863,8.418749809265137,3.8004114627838135,437845
2006-06-13,7.875,7.949999809265137,7.5,7.650000095367432,3.453381061553955,467738
2006-06-14,7.5,7.949999809265137,7.275000095367432,7.387499809265137,3.435939073562622,388927
2006-06-15,7.837500095367432,7.837500095367432,7.5,7.668749809265137,3.566749334335327,423165
2006-06-16,8.081250190734863,8.231249809265137,7.762499809265137,7.856249809265137,3.653956413269043,773098
2006-06-19,7.875,8.024999618530273,7.762499809265137,7.875,3.6626765727996826,390050
2006-06-20,7.574999809265137,7.875,7.556250095367432,7.856249809265137,3.653956413269043,309738
2006-06-21,7.837500095367432,8.306249618530273,7.837500095367432,8.231249809265137,3.828368663787842,958095
2006-06-22,8.456250190734863,9.168749809265137,8.399999618530273,8.850000381469727,4.116150379180908,1830279
2006-06-23,8.71875,8.925000190734863,8.268750190734863,8.587499618530273,3.994061231613159,686581
2006-06-26,8.643750190734863,8.8125,8.175000190734863,8.268750190734863,3.8458092212677,351874
2006-06-27,8.606249809265137,8.625,7.893750190734863,8.137499809265137,3.7847657203674316,303711
2006-06-28,8.175000190734863,8.418749809265137,7.912499904632568,8.25,3.8370893001556396,425245
2006-06-29,8.587499618530273,8.662500381469727,8.287500381469727,8.362500190734863,3.889413356781006,406701
2006-06-30,8.625,8.8125,8.475000381469727,8.512499809265137,3.9591777324676514,502351
2006-07-03,8.568750381469727,8.774999618530273,8.4375,8.53125,3.9678993225097656,239239
2006-07-04,8.568750381469727,8.681249618530273,8.306249618530273,8.399999618530273,3.9068546295166016,195178
2006-07-05,8.362500190734863,8.53125,8.324999809265137,8.362500190734863,3.889413356781006,142519
2006-07-06,8.381250381469727,8.512499809265137,8.324999809265137,8.4375,3.9242968559265137,152255
2006-07-07,8.418749809265137,8.587499618530273,8.100000381469727,8.15625,3.793484926223755,243991
2006-07-10,8.25,8.25,7.96875,8.043749809265137,3.741161823272705,245341
2006-07-11,8.043749809265137,8.25,8.024999618530273,8.0625,3.7498834133148193,198135
2006-07-12,7.6875,9.675000190734863,7.6875,8.887499809265137,4.133591651916504,2003826
2006-07-13,9.0,9.506250381469727,8.850000381469727,9.09375,4.229518890380859,2357917
2006-07-14,8.962499618530273,10.912500381469727,8.34375,10.237500190734863,4.761479377746582,3467853
2006-07-17,10.3125,11.118749618530273,9.899999618530273,10.106249809265137,4.700433254241943,5676173
2006-07-18,10.5,10.5,9.600000381469727,9.824999809265137,4.569625377655029,2524695
2006-07-19,10.125,10.350000381469727,9.225000381469727,9.300000190734863,4.325445652008057,2012282
2006-07-20,9.675000190734863,11.175000190734863,9.412500381469727,10.96875,5.1015849113464355,4204250
2006-07-21,11.137499809265137,11.137499809265137,10.181249618530273,10.556249618530273,4.909731864929199,10198471
2006-07-24,9.975000381469727,10.556249618530273,9.881250381469727,10.293749809265137,4.78764009475708,3105773
2006-07-25,10.5,10.6875,9.881250381469727,10.03125,4.665552616119385,1857813
2006-07-26,10.03125,10.649999618530273,9.787500381469727,10.143750190734863,4.717876434326172,2005671
2006-07-27,10.331250190734863,10.425000190734863,10.012499809265137,10.087499618530273,4.691713809967041,931325
2006-07-28,10.237500190734863,10.387499809265137,9.9375,10.050000190734863,4.674271583557129,820725
2006-07-31,10.425000190734863,10.425000190734863,10.087499618530273,10.181249618530273,4.735316753387451,699450
2006-08-01,10.125,10.3125,10.03125,10.125,4.709155559539795,924933
2006-08-02,10.125,10.3125,10.012499809265137,10.199999809265137,4.744038105010986,822970
2006-08-03,10.350000381469727,11.006250381469727,10.21875,10.387499809265137,4.831243515014648,2074661
2006-08-04,10.387499809265137,10.649999618530273,10.274999618530273,10.350000381469727,4.813803672790527,985439
2006-08-07,10.5,10.96875,10.350000381469727,10.912500381469727,5.075422286987305,2763698
2006-08-08,11.0625,12.112500190734863,11.0625,11.831250190734863,5.502734184265137,10903842
2006-08-09,11.90625,12.375,11.643750190734863,11.962499618530273,5.563779830932617,4949602
2006-08-10,11.981249809265137,12.112500190734863,11.53125,11.887499809265137,5.528896331787109,2024879
2006-08-11,12.0,12.112500190734863,11.756250381469727,11.887499809265137,5.528896331787109,1424013
2006-08-14,12.0,12.09375,11.699999809265137,11.8125,5.494014263153076,1584426
2006-08-16,12.0,12.600000381469727,11.850000381469727,12.018750190734863,5.589942932128906,2927162
2006-08-17,12.1875,12.1875,11.512499809265137,11.606249809265137,5.3980889320373535,1085077
2006-08-18,11.793749809265137,11.962499618530273,11.493749618530273,11.587499618530273,5.389366149902344,781831
2006-08-21,11.625,11.71875,11.475000381469727,11.568750381469727,5.3806471824646,626194
2006-08-22,11.681249618530273,12.112500190734863,11.587499618530273,11.699999809265137,5.441689968109131,1035362
2006-08-23,11.4375,11.625,11.15625,11.212499618530273,5.21495246887207,1478730
2006-08-24,10.893750190734863,11.231249809265137,9.5625,11.15625,5.188790321350098,663501
2006-08-25,11.212499618530273,11.399999618530273,11.0625,11.081250190734863,5.1539082527160645,565770
2006-08-28,11.25,11.25,10.96875,11.15625,5.188790321350098,169471
2006-08-29,11.0625,11.4375,10.987500190734863,11.231249809265137,5.2236738204956055,327290
2006-08-30,11.34375,11.34375,11.0625,11.118749618530273,5.171349048614502,175703
2006-08-31,11.231249809265137,11.231249809265137,10.574999809265137,10.837499618530273,5.040539741516113,279679
2006-09-01,10.875,10.949999809265137,10.59375,10.78125,5.014378547668457,183810
2006-09-04,10.875,11.043749809265137,10.725000381469727,10.96875,5.1015849113464355,212578
2006-09-05,11.212499618530273,11.25,10.725000381469727,10.949999809265137,5.092864513397217,226527
2006-09-06,10.875,11.231249809265137,10.875,11.118749618530273,5.171349048614502,128410
2006-09-07,11.043749809265137,11.231249809265137,10.762499809265137,11.0625,5.145188808441162,192274
2006-09-08,10.893750190734863,11.268750190734863,10.893750190734863,11.15625,5.188790321350098,259815
2006-09-11,11.137499809265137,11.25,10.762499809265137,10.837499618530273,5.040539741516113,250562
2006-09-12,10.762499809265137,11.0625,10.5,11.006250381469727,5.119025230407715,200589
2006-09-13,11.25,11.4375,10.875,11.15625,5.188790321350098,426482
2006-09-14,11.137499809265137,11.212499618530273,10.931249618530273,11.006250381469727,5.119025230407715,111479
2006-09-15,10.537500381469727,11.0625,10.537500381469727,10.931249618530273,5.084141254425049,116250
2006-09-18,11.231249809265137,11.25,10.893750190734863,10.949999809265137,5.092864513397217,236375
2006-09-19,10.949999809265137,11.512499809265137,10.875,11.287500381469727,5.2498369216918945,388119
2006-09-20,11.568750381469727,11.8125,11.306249618530273,11.681249618530273,5.432971000671387,597706
2006-09-21,11.8125,12.056249618530273,11.362500190734863,11.606249809265137,5.3980889320373535,302031
2006-09-22,11.737500190734863,11.8125,11.381250381469727,11.587499618530273,5.389366149902344,212997
2006-09-25,11.625,11.962499618530273,11.568750381469727,11.793749809265137,5.485292434692383,369509
2006-09-26,11.8125,12.0,11.550000190734863,11.643750190734863,5.415528297424316,260175
2006-09-27,11.887499809265137,12.225000381469727,11.587499618530273,12.225000381469727,5.6858696937561035,1035173
2006-09-28,12.787500381469727,12.824999809265137,12.300000190734863,12.356249809265137,5.746913909912109,1089887
2006-09-29,12.675000190734863,12.675000190734863,11.737500190734863,12.1875,5.668427467346191,323669
2006-10-03,12.675000190734863,12.675000190734863,12.018750190734863,12.28125,5.712031364440918,504469
2006-10-04,12.375,12.46875,12.225000381469727,12.337499618530273,5.738192081451416,367399
2006-10-05,12.375,12.75,12.28125,12.675000190734863,5.895164489746094,675015
2006-10-06,12.581250190734863,13.162500381469727,12.5625,13.087499618530273,6.087019920349121,977661
2006-10-09,13.03125,13.462499618530273,12.84375,13.293749809265137,6.182945728302002,548005
2006-10-10,13.78125,13.78125,13.087499618530273,13.256250381469727,6.165503978729248,398029
2006-10-11,13.462499618530273,13.818750381469727,12.84375,13.087499618530273,6.087019920349121,399175
2006-10-12,13.106249809265137,13.3125,12.918749809265137,12.993749618530273,6.04341459274292,239170
2006-10-13,13.050000190734863,13.3125,12.9375,13.143750190734863,6.113182067871094,364767
2006-10-16,13.425000190734863,13.425000190734863,13.012499809265137,13.143750190734863,6.113182067871094,346583
2006-10-17,13.425000190734863,13.425000190734863,13.03125,13.125,6.104461193084717,281991
2006-10-18,13.050000190734863,13.518750190734863,12.9375,13.425000190734863,6.243989944458008,636447
2006-10-19,13.125,13.6875,13.125,13.425000190734863,6.243989944458008,356527
2006-10-20,13.649999618530273,13.875,13.350000381469727,13.800000190734863,6.4184041023254395,508770
2006-10-23,13.3125,13.6875,13.087499618530273,13.125,6.104461193084717,457458
2006-10-26,13.03125,13.5,13.03125,13.21875,6.148063659667969,200098
2006-10-27,13.462499618530273,13.612500190734863,13.125,13.350000381469727,6.2984490394592285,360807
2006-10-30,13.125,13.425000190734863,13.125,13.199999809265137,6.227679252624512,179613
2006-10-31,13.143750190734863,13.3125,12.9375,13.068750381469727,6.16575813293457,290471
2006-11-01,13.125,13.21875,12.84375,12.899999618530273,6.086141109466553,160685
2006-11-02,13.03125,13.03125,12.600000381469727,12.768750190734863,6.024219512939453,290122
2006-11-03,12.768750190734863,12.9375,12.149999618530273,12.75,6.015371322631836,176565
2006-11-06,12.75,12.881250381469727,12.618749618530273,12.731249809265137,6.006525039672852,158077
2006-11-07,12.75,13.125,12.581250190734863,13.012499809265137,6.139217376708984,242749
2006-11-08,12.806249618530273,13.125,12.675000190734863,12.75,6.015371322631836,367231
2006-11-09,12.75,12.9375,12.712499618530273,12.806249618530273,6.041910648345947,151471
2006-11-10,12.693750381469727,12.918749809265137,12.693750381469727,12.84375,6.059603691101074,239405
2006-11-13,12.75,13.125,12.75,12.862500190734863,6.068447589874268,215546
2006-11-14,12.787500381469727,13.03125,12.637499809265137,12.881250381469727,6.077295303344727,332663
2006-11-15,12.731249809265137,12.956250190734863,12.712499618530273,12.862500190734863,6.068447589874268,153917
2006-11-16,12.712499618530273,13.03125,12.712499618530273,12.881250381469727,6.077295303344727,192034
2006-11-17,12.262499809265137,13.012499809265137,12.262499809265137,12.75,6.015371322631836,360922
2006-11-20,12.675000190734863,13.087499618530273,12.318750381469727,12.918749809265137,6.094988822937012,347061
2006-11-21,13.087499618530273,13.106249809265137,12.300000190734863,12.975000381469727,6.121526718139648,143922
2006-11-22,12.9375,13.5,12.806249618530273,13.350000381469727,6.2984490394592285,442917
2006-11-23,13.612500190734863,14.024999618530273,13.237500190734863,14.024999618530273,6.616909980773926,923682
2006-11-24,14.737500190734863,14.737500190734863,14.737500190734863,14.737500190734863,6.953061103820801,408007
2006-11-27,15.487500190734863,15.487500190734863,15.487500190734863,15.487500190734863,7.30690860748291,401101
2006-11-28,16.256250381469727,16.274999618530273,15.75,16.125,7.607676029205322,4475434
2006-11-29,16.3125,16.931249618530273,16.3125,16.931249618530273,7.9880595207214355,1166015
2006-11-30,17.325000762939453,17.793750762939453,16.143749237060547,16.274999618530273,7.6784443855285645,2160237
2006-12-01,16.59375,17.100000381469727,15.731249809265137,17.100000381469727,8.067676544189453,3120250
2006-12-04,17.737499237060547,17.962499618530273,16.649999618530273,17.962499618530273,8.474597930908203,2415647
2006-12-05,18.075000762939453,18.581249237060547,17.625,17.943750381469727,8.465751647949219,1440050
2006-12-06,18.149999618530273,18.149999618530273,17.25,17.625,8.315367698669434,964642
2006-12-07,17.306249618530273,18.506250381469727,17.306249618530273,18.506250381469727,8.731136322021484,813762
2006-12-08,18.75,19.443750381469727,18.356250762939453,19.443750381469727,9.173443794250488,3382477
2006-12-11,20.0625,20.0625,18.1875,18.693750381469727,8.819598197937012,2218725
2006-12-12,18.375,19.6875,18.375,18.674999237060547,8.810749053955078,2018282
2006-12-13,18.674999237060547,19.106250762939453,18.375,18.975000381469727,8.952288627624512,1071098
2006-12-14,19.3125,20.887500762939453,19.125,20.887500762939453,9.854594230651855,961805
2006-12-15,21.5625,22.987499237060547,21.5625,22.987499237060547,10.845361709594727,4238239
2006-12-18,25.049999237060547,25.293750762939453,23.737499237060547,25.293750762939453,11.933438301086426,4284890
2006-12-19,26.418750762939453,26.568750381469727,25.3125,26.53125,12.517279624938965,6757986
2006-12-20,27.524999618530273,27.862499237060547,25.21875,25.21875,11.898049354553223,4873719
2006-12-21,24.056249618530273,25.3125,23.962499618530273,23.962499618530273,11.3053617477417,1838898
2006-12-22,22.912500381469727,24.0,22.762500762939453,22.799999237060547,10.756900787353516,3992293
2006-12-26,22.875,23.943750381469727,21.975000381469727,23.943750381469727,11.296515464782715,1711039
2006-12-27,25.143749237060547,25.143749237060547,24.299999237060547,25.125,11.85382080078125,3403037
2006-12-28,25.256250381469727,25.462499618530273,24.431249618530273,24.581249237060547,11.597282409667969,1515399
2006-12-29,25.049999237060547,25.049999237060547,24.5625,24.787500381469727,11.694591522216797,825458
2007-01-02,25.125,25.443750381469727,24.75,24.825000762939453,11.71228313446045,644109
2007-01-03,25.200000762939453,26.081249237060547,24.806249618530273,25.6875,12.119207382202148,2143647
2007-01-04,26.006250381469727,26.981250762939453,25.237499237060547,26.981250762939453,12.72958755493164,1987087
2007-01-05,27.5625,28.125,26.0625,26.381250381469727,12.446512222290039,1642743
2007-01-08,26.25,26.625,25.274999618530273,25.78125,12.163433074951172,1088415
2007-01-09,26.0625,27.075000762939453,25.087499618530273,25.950000762939453,12.243053436279297,1422215
2007-01-10,25.350000381469727,26.4375,24.75,25.049999237060547,11.818437576293945,1147122
2007-01-11,25.237499237060547,25.78125,24.75,25.368749618530273,11.968818664550781,674535
2007-01-12,25.875,26.0625,25.537500381469727,25.649999618530273,12.101510047912598,492549
2007-01-15,26.868749618530273,26.868749618530273,25.5,25.59375,12.074976921081543,649442
2007-01-16,25.331249237060547,25.875,25.162500381469727,25.331249237060547,11.951126098632812,343109
2007-01-17,25.3125,26.212499618530273,24.787500381469727,25.631250381469727,12.092667579650879,576255
2007-01-18,25.875,26.924999237060547,25.78125,26.924999237060547,12.703048706054688,832826
2007-01-19,27.712499618530273,27.993749618530273,25.668750762939453,25.96875,12.251896858215332,3406999
2007-01-22,26.4375,26.625,25.5,26.006250381469727,12.269588470458984,938917
2007-01-23,26.268749237060547,26.268749237060547,25.012500762939453,25.125,11.85382080078125,422058
2007-01-24,25.462499618530273,25.649999618530273,24.5625,24.712499618530273,11.659205436706543,346642
2007-01-25,24.787500381469727,25.087499618530273,23.568750381469727,24.806249618530273,11.703434944152832,425933
2007-01-29,25.200000762939453,25.200000762939453,23.90625,24.075000762939453,11.358437538146973,356111
2007-01-31,24.299999237060547,24.337499618530273,23.25,23.325000762939453,11.004592895507812,494610
2007-02-01,23.8125,23.962499618530273,22.6875,23.024999618530273,10.863054275512695,302543
2007-02-02,23.4375,23.512500762939453,22.912500381469727,22.987499237060547,10.845361709594727,482293
2007-02-05,22.5,24.149999618530273,22.181249618530273,24.056249618530273,11.349594116210938,1662661
2007-02-06,24.299999237060547,24.524999618530273,23.25,23.53125,11.101900100708008,599410
2007-02-07,23.774999618530273,24.543750762939453,23.662500381469727,23.90625,11.278823852539062,526013
2007-02-08,24.28125,24.299999237060547,23.287500381469727,23.418750762939453,11.048824310302734,310106
2007-02-09,23.962499618530273,24.149999618530273,23.399999618530273,23.943750381469727,11.296515464782715,518050
2007-02-12,24.0,24.825000762939453,23.100000381469727,23.306249618530273,10.995744705200195,1143917
2007-02-13,23.081249237060547,23.8125,22.537500381469727,22.818750381469727,10.7657470703125,384015
2007-02-14,22.6875,23.587499618530273,22.3125,23.137500762939453,10.91613483428955,416247
2007-02-15,23.0625,24.0,23.0625,23.643749237060547,11.154973983764648,400570
2007-02-19,24.337499618530273,24.375,23.362499237060547,23.549999237060547,11.110746383666992,396994
2007-02-20,23.456249237060547,23.643749237060547,23.0625,23.137500762939453,10.91613483428955,241341
2007-02-21,22.912500381469727,23.4375,22.818750381469727,22.912500381469727,10.809975624084473,183277
2007-02-22,22.875,23.4375,22.5,22.59375,10.65959358215332,245298
2007-02-23,22.799999237060547,22.799999237060547,21.75,22.518749237060547,10.62420654296875,502749
2007-02-26,23.0625,23.0625,21.84375,22.462499618530273,10.597668647766113,185554
2007-02-27,22.575000762939453,23.25,22.21875,22.96875,10.836515426635742,316991
2007-02-28,22.462499618530273,23.0625,21.862499237060547,22.368749618530273,10.553438186645508,593514
2007-03-01,22.125,22.5,21.581249237060547,22.237499237060547,10.491517066955566,661813
2007-03-02,22.256250381469727,22.875,21.9375,22.162500381469727,10.456131935119629,364133
2007-03-05,21.731250762939453,22.03125,21.056249618530273,21.056249618530273,9.934210777282715,443629
2007-03-06,21.09375,21.75,20.268749237060547,21.243749618530273,10.022672653198242,334103
2007-03-07,22.106250762939453,22.106250762939453,21.075000762939453,21.450000762939453,10.119977951049805,301983
2007-03-08,21.899999618530273,21.899999618530273,20.71875,21.581249237060547,10.181900978088379,359018
2007-03-09,21.75,22.274999618530273,21.412500381469727,22.200000762939453,10.473828315734863,250634
2007-03-12,22.21875,22.5,21.75,22.237499237060547,10.491517066955566,293063
2007-03-13,21.993749618530273,22.875,21.918750762939453,22.518749237060547,10.62420654296875,430869
2007-03-14,22.518749237060547,22.762500762939453,21.75,22.03125,10.394209861755371,148167
2007-03-15,21.787500381469727,22.3125,21.375,21.543750762939453,10.16421127319336,192199
2007-03-16,21.825000762939453,21.899999618530273,21.206249237060547,21.524999618530273,10.155362129211426,250111
2007-03-19,22.03125,22.21875,21.450000762939453,21.543750762939453,10.16421127319336,165698
2007-03-20,21.825000762939453,22.21875,21.65625,21.75,10.261514663696289,91431
2007-03-21,21.881250381469727,22.837499618530273,21.75,22.59375,10.65959358215332,363639
2007-03-22,23.174999237060547,23.25,22.5,22.631250381469727,10.67728328704834,233381
2007-03-23,23.0625,23.0625,22.293750762939453,22.5,10.615364074707031,187247
2007-03-26,22.837499618530273,22.875,22.143749237060547,22.368749618530273,10.553438186645508,161074
2007-03-28,21.412500381469727,22.5,21.412500381469727,22.293750762939453,10.518054962158203,526485
2007-03-29,21.75,22.96875,21.581249237060547,22.875,10.792284965515137,252370
2007-03-30,23.0625,23.625,22.762500762939453,23.493749618530273,11.084208488464355,201197
2007-04-02,22.575000762939453,23.212499618530273,22.443750381469727,22.931249618530273,10.818821907043457,306378
2007-04-03,22.96875,23.4375,22.875,23.268749237060547,10.978055000305176,366154
2007-04-04,23.399999618530273,23.8125,23.306249618530273,23.568750381469727,11.119593620300293,263018
2007-04-05,23.700000762939453,24.018749237060547,23.100000381469727,23.625,11.146132469177246,254861
2007-04-09,24.0,24.375,23.25,24.037500381469727,11.34074592590332,185549
2007-04-10,23.625,24.375,23.625,24.09375,11.367284774780273,133341
2007-04-11,24.075000762939453,24.356250762939453,23.0625,23.268749237060547,10.978055000305176,103226
2007-04-12,23.4375,23.793750762939453,22.875,22.912500381469727,10.809975624084473,865490
2007-04-13,23.25,24.075000762939453,23.081249237060547,24.075000762939453,11.358437538146973,123181
2007-04-16,24.712499618530273,24.712499618530273,24.018749237060547,24.375,11.499975204467773,532682
2007-04-17,24.75,24.75,23.737499237060547,24.09375,11.367284774780273,145146
2007-04-18,23.625,24.1875,23.53125,23.962499618530273,11.3053617477417,120629
2007-04-19,23.4375,24.0,23.4375,23.643749237060547,11.154973983764648,430559
2007-04-20,23.887500762939453,24.337499618530273,23.4375,23.943750381469727,11.296515464782715,373813
2007-04-23,24.375,24.375,22.762500762939453,23.53125,11.101900100708008,545887
2007-04-24,24.375,24.712499618530273,24.375,24.712499618530273,11.659205436706543,404557
2007-04-25,25.424999237060547,25.762500762939453,24.881250381469727,25.5,12.030742645263672,704375
2007-04-26,25.950000762939453,26.399999618530273,24.450000762939453,25.106250762939453,11.84497356414795,378205
2007-04-27,24.768749237060547,25.443750381469727,24.243749618530273,24.412500381469727,11.517667770385742,166901
2007-04-30,24.431249618530273,25.125,24.262500762939453,24.693750381469727,11.650358200073242,217055
2007-05-03,25.293750762939453,25.631250381469727,23.493749618530273,24.112499237060547,11.376130104064941,587189
2007-05-04,23.512500762939453,24.149999618530273,22.931249618530273,23.475000381469727,11.075362205505371,430399
2007-05-07,23.643749237060547,24.0,23.493749618530273,23.549999237060547,11.110746383666992,182527
2007-05-08,22.725000381469727,24.543750762939453,22.725000381469727,24.299999237060547,11.464591979980469,1008813
2007-05-09,24.412500381469727,24.412500381469727,23.4375,23.643749237060547,11.154973983764648,185930
2007-05-10,24.168750762939453,24.225000381469727,23.268749237060547,23.4375,11.057670593261719,146487
2007-05-11,23.25,23.756250381469727,22.893749237060547,23.287500381469727,10.98690128326416,124178
2007-05-14,22.799999237060547,23.8125,22.799999237060547,23.287500381469727,10.98690128326416,165421
2007-05-15,21.262500762939453,23.606250762939453,21.262500762939453,23.25,10.969208717346191,207141
2007-05-16,23.081249237060547,23.662500381469727,23.0625,23.118749618530273,10.9072847366333,168749
2007-05-17,23.381250381469727,23.4375,22.6875,22.818750381469727,10.7657470703125,155687
2007-05-18,22.799999237060547,23.212499618530273,22.799999237060547,22.893749237060547,10.801132202148438,142623
2007-05-21,22.799999237060547,23.193750381469727,22.6875,22.78125,10.748055458068848,114341
2007-05-22,22.837499618530273,23.193750381469727,22.5,22.518749237060547,10.62420654296875,199447
2007-05-23,22.5,22.799999237060547,22.125,22.40625,10.571128845214844,193906
2007-05-24,22.143749237060547,22.5,21.881250381469727,22.143749237060547,10.447285652160645,203007
2007-05-25,22.125,22.200000762939453,21.674999237060547,21.75,10.261514663696289,726295
2007-05-28,22.5,22.875,21.487499237060547,21.600000381469727,10.190747261047363,203893
2007-05-29,21.9375,22.068750381469727,21.412500381469727,21.506250381469727,10.146516799926758,159567
2007-05-30,21.337499618530273,22.837499618530273,21.1875,21.375,10.0845947265625,243634
2007-05-31,21.225000381469727,21.9375,20.25,20.53125,9.686516761779785,305850
2007-06-01,21.450000762939453,22.03125,20.4375,21.037500381469727,9.925363540649414,351543
2007-06-04,21.131250381469727,21.712499618530273,20.4375,20.90625,9.970071792602539,241677
2007-06-05,22.087499618530273,22.087499618530273,20.0625,20.737499237060547,9.889595985412598,155245
2007-06-06,20.625,21.112499237060547,20.15625,20.287500381469727,9.674996376037598,220199
2007-06-07,20.0625,20.4375,19.518749237060547,19.6875,9.388858795166016,242949
2007-06-08,19.6875,20.25,19.537500381469727,19.78125,9.433566093444824,360933
2007-06-11,20.212499618530273,20.4375,19.125,19.274999618530273,9.192136764526367,191335
2007-06-12,19.21875,19.668750762939453,18.637500762939453,18.731250762939453,8.932829856872559,235543
2007-06-13,19.087499618530273,19.481250762939453,18.46875,19.237499237060547,9.17425537109375,595149
2007-06-14,19.537500381469727,20.4375,19.368749618530273,20.15625,9.61240291595459,331122
2007-06-15,20.625,22.181249618530273,20.34375,22.125,10.551286697387695,2537847
2007-06-18,22.3125,23.0625,21.768749237060547,22.068750381469727,10.524459838867188,1462463
2007-06-19,22.125,22.6875,21.75,22.3125,10.640706062316895,489186
2007-06-20,22.6875,22.96875,22.5,22.612499237060547,10.783770561218262,517733
2007-06-21,22.818750381469727,22.837499618530273,21.75,21.918750762939453,10.452929496765137,1220023
2007-06-22,21.768749237060547,22.5,21.768749237060547,21.993749618530273,10.488693237304688,1531647
2007-06-25,22.125,22.3125,21.543750762939453,21.618749618530273,10.309859275817871,155679
2007-06-26,21.75,21.75,21.337499618530273,21.412500381469727,10.211502075195312,194687
2007-06-27,21.375,21.9375,21.056249618530273,21.46875,10.238325119018555,224047
2007-06-28,21.768749237060547,22.125,21.375,21.393749237060547,10.202558517456055,164871
2007-06-29,22.087499618530273,22.087499618530273,21.375,21.412500381469727,10.211502075195312,225703
2007-07-02,21.9375,21.9375,21.037500381469727,21.356250762939453,10.184677124023438,124306
2007-07-03,21.375,21.75,21.0,21.037500381469727,10.03266429901123,218477
2007-07-04,21.075000762939453,21.375,20.71875,20.793750762939453,9.916423797607422,211586
2007-07-05,20.756250381469727,21.0,20.362499237060547,20.53125,9.791234970092773,190991
2007-07-06,20.625,21.618749618530273,20.53125,21.018749237060547,10.023725509643555,315319
2007-07-09,21.1875,21.450000762939453,21.149999618530273,21.28125,10.148907661437988,200661
2007-07-10,21.75,21.75,21.0,21.09375,10.059493064880371,146597
2007-07-11,21.0,21.1875,20.625,20.737499237060547,9.889595985412598,166847
2007-07-12,21.299999237060547,22.200000762939453,20.4375,20.549999237060547,9.800177574157715,259383
2007-07-13,20.887500762939453,21.0,20.399999618530273,20.475000381469727,9.764411926269531,176541
2007-07-16,20.4375,22.649999618530273,20.4375,21.600000381469727,10.30091667175293,1319818
2007-07-17,21.674999237060547,21.84375,20.625,20.756250381469727,9.898537635803223,484743
2007-07-18,20.8125,21.375,19.875,20.137500762939453,9.603459358215332,472389
2007-07-19,20.0625,20.475000381469727,19.950000762939453,20.0625,9.567693710327148,249277
2007-07-20,20.0625,20.399999618530273,19.125,19.631250381469727,9.362032890319824,296010
2007-07-23,19.875,20.0625,19.21875,19.462499618530273,9.28155517578125,184415
2007-07-24,19.481250762939453,19.537500381469727,18.206249237060547,18.393749237060547,8.771875381469727,620781
2007-07-25,18.375,18.9375,18.225000381469727,18.862499237060547,8.995417594909668,266474
2007-07-26,19.181249618530273,19.200000762939453,18.75,19.068750381469727,9.093779563903809,192191
2007-07-27,16.987499237060547,18.75,16.987499237060547,18.693750381469727,8.914945602416992,237439
2007-07-30,18.318750381469727,18.75,16.368749618530273,18.393749237060547,8.771875381469727,135629
2007-07-31,19.087499618530273,21.731250762939453,16.931249618530273,18.450000762939453,8.798702239990234,273181
2007-08-01,18.75,18.75,18.0,18.09375,8.628805160522461,209730
2007-08-02,18.018749237060547,18.450000762939453,17.325000762939453,18.037500381469727,8.601982116699219,159789
2007-08-03,18.0,18.46875,18.0,18.168750762939453,8.66457462310791,145269
2007-08-06,17.399999618530273,18.0,17.399999618530273,17.700000762939453,8.441031455993652,155602
2007-08-07,18.712499618530273,18.712499618530273,17.8125,17.887500762939453,8.530447959899902,96674
2007-08-08,18.375,20.15625,18.375,19.6875,9.388858795166016,1215429
2007-08-09,20.549999237060547,20.924999237060547,18.1875,19.162500381469727,9.138487815856934,788589
2007-08-10,18.412500381469727,18.9375,17.662500381469727,18.806249618530273,8.968592643737793,412698
2007-08-13,19.59375,19.59375,18.5625,18.674999237060547,8.905999183654785,171610
2007-08-14,19.274999618530273,19.293750762939453,18.28125,18.524999618530273,8.834467887878418,156375
2007-08-16,18.1875,18.375,17.643749237060547,17.962499618530273,8.566216468811035,208770
2007-08-17,17.643749237060547,18.375,17.34375,17.681249618530273,8.432087898254395,237111
2007-08-20,18.75,19.3125,18.112499237060547,18.28125,8.718225479125977,180429
2007-08-21,17.493749618530273,18.524999618530273,17.34375,17.643749237060547,8.414204597473145,223215
2007-08-22,18.0,18.149999618530273,17.475000381469727,17.793750762939453,8.485740661621094,200103
2007-08-23,18.0,18.299999237060547,17.625,17.793750762939453,8.485740661621094,167610
2007-08-24,17.924999237060547,17.981250762939453,17.4375,17.700000762939453,8.441031455993652,140735
2007-08-27,18.037500381469727,18.075000762939453,17.8125,17.981250762939453,8.575159072875977,113999
2007-08-28,18.299999237060547,18.375,17.8125,18.243749618530273,8.700343132019043,91810
2007-08-29,17.625,18.75,17.625,18.600000381469727,8.870232582092285,151069
2007-08-30,18.975000381469727,19.237499237060547,18.825000762939453,19.012500762939453,9.06695556640625,183026
2007-08-31,18.9375,19.181249618530273,18.881250381469727,19.068750381469727,9.093779563903809,156162
2007-09-03,19.162500381469727,19.875,18.84375,19.612499237060547,9.353090286254883,355133
2007-09-04,19.537500381469727,19.987499237060547,19.518749237060547,19.725000381469727,9.406742095947266,175690
2007-09-05,20.043750762939453,20.137500762939453,19.331249237060547,19.537500381469727,9.317322731018066,101581
2007-09-06,18.993749618530273,19.668750762939453,18.993749618530273,19.40625,9.254731178283691,102741
2007-09-07,19.5,19.6875,19.125,19.331249237060547,9.218966484069824,142055
2007-09-10,19.668750762939453,19.6875,18.768749237060547,19.012500762939453,9.06695556640625,137975
2007-09-11,19.012500762939453,20.981250762939453,18.75,20.381250381469727,9.719701766967773,1089325
2007-09-12,20.643749237060547,21.299999237060547,19.6875,19.818750381469727,9.451449394226074,638522
2007-09-13,20.100000381469727,20.4375,19.575000762939453,19.725000381469727,9.406742095947266,170159
2007-09-14,20.25,20.25,19.200000762939453,19.40625,9.254731178283691,198973
2007-09-17,19.40625,19.762500762939453,18.787500381469727,18.975000381469727,9.049072265625,239575
2007-09-18,19.125,19.5,18.487499237060547,18.899999618530273,9.013303756713867,267645
2007-09-19,19.668750762939453,19.762500762939453,18.674999237060547,18.768749237060547,8.95071029663086,281986
2007-09-20,19.668750762939453,19.668750762939453,18.149999618530273,18.28125,8.718225479125977,297077
2007-09-21,18.375,18.375,17.587499618530273,17.962499618530273,8.566216468811035,364098
2007-09-24,17.662500381469727,17.981250762939453,17.25,17.325000762939453,8.262194633483887,520154
2007-09-25,17.4375,18.0,17.25,17.774999618530273,8.476798057556152,248274
2007-09-26,17.8125,19.087499618530273,17.643749237060547,18.46875,8.807641983032227,479877
2007-09-27,18.975000381469727,19.462499618530273,18.243749618530273,18.412500381469727,8.780815124511719,432613
2007-09-28,18.674999237060547,18.768749237060547,17.887500762939453,18.149999618530273,8.655632019042969,239074
2007-10-01,18.375,18.375,17.306249618530273,18.112499237060547,8.637749671936035,197082
2007-10-03,17.71875,18.674999237060547,17.625,17.962499618530273,8.566216468811035,281701
2007-10-04,18.0,18.225000381469727,17.625,17.90625,8.539389610290527,165231
2007-10-05,17.8125,17.962499618530273,17.549999237060547,17.662500381469727,8.42314624786377,196023
2007-10-08,17.924999237060547,18.356250762939453,16.875,17.137500762939453,8.172775268554688,283245
2007-10-09,17.4375,17.700000762939453,16.368749618530273,17.418750762939453,8.306900978088379,309527
2007-10-10,17.700000762939453,18.149999618530273,17.4375,17.568750381469727,8.378437042236328,328682
2007-10-11,17.4375,17.587499618530273,16.706249237060547,17.137500762939453,8.172775268554688,195999
2007-10-12,17.362499237060547,17.362499237060547,16.725000381469727,16.875,8.047589302062988,224754
2007-10-15,16.893749237060547,17.174999237060547,16.875,17.006250381469727,8.110184669494629,149146
2007-10-16,16.875,16.875,16.293750762939453,16.387500762939453,7.815106391906738,271159
2007-10-17,16.21875,17.043750762939453,13.59375,16.350000381469727,7.797222137451172,318143
2007-10-18,16.6875,17.4375,15.600000381469727,16.03125,7.645215034484863,483730
2007-10-19,15.84375,16.5,15.600000381469727,15.806249618530273,7.5379109382629395,237501
2007-10-22,15.65625,17.231250762939453,14.850000381469727,16.818750381469727,8.020766258239746,761543
2007-10-23,17.25,17.549999237060547,16.706249237060547,16.912500381469727,8.065473556518555,566882
2007-10-24,17.0625,17.362499237060547,16.181249618530273,16.40625,7.824047565460205,402882
2007-10-25,16.3125,16.762500762939453,16.162500381469727,16.256250381469727,7.75251579284668,256074
2007-10-26,16.743749618530273,16.818750381469727,15.9375,16.03125,7.734421253204346,337426
2007-10-29,16.481250762939453,16.5,15.75,15.787500381469727,7.6168212890625,315357
2007-10-30,15.75,15.9375,15.1875,15.337499618530273,7.399715423583984,261882
2007-10-31,15.75,15.75,14.925000190734863,15.037500381469727,7.254976749420166,334207
2007-11-01,15.037500381469727,15.300000190734863,14.0625,14.662500381469727,7.074056148529053,493802
2007-11-02,14.175000190734863,14.8125,14.0625,14.324999809265137,6.911223888397217,247143
2007-11-05,14.587499618530273,15.0,14.287500381469727,14.774999618530273,7.128332138061523,377946
2007-11-06,15.337499618530273,15.675000190734863,14.831250190734863,15.112500190734863,7.291162014007568,418578
2007-11-07,15.1875,15.300000190734863,14.625,14.8125,7.146424770355225,198325
2007-11-08,14.287500381469727,14.8125,14.287500381469727,14.550000190734863,7.019775867462158,177506
2007-11-12,14.550000190734863,15.0,14.268750190734863,14.8125,7.146424770355225,186055
2007-11-13,15.0,15.09375,14.175000190734863,14.475000381469727,6.9835944175720215,298106
2007-11-14,15.0,15.0,14.625,14.737500190734863,7.110238075256348,287477
2007-11-15,15.0,15.1875,14.493749618530273,14.699999809265137,7.0921478271484375,190221
2007-11-16,14.793749809265137,14.962499618530273,14.625,14.793749809265137,7.137381076812744,168194
2007-11-19,15.375,16.481250762939453,14.831250190734863,16.274999618530273,7.852019309997559,685503
2007-11-20,16.5,17.399999618530273,16.125,16.59375,8.005804061889648,520295
2007-11-21,16.612499237060547,17.587499618530273,15.84375,16.068750381469727,7.752514839172363,376663
2007-11-22,15.75,16.3125,15.5625,16.106250762939453,7.77060604095459,296935
2007-11-23,15.862500190734863,17.212499618530273,15.862500190734863,16.331249237060547,7.879157543182373,186981
2007-11-26,16.856250762939453,16.856250762939453,16.200000762939453,16.443750381469727,7.933435440063477,196085
2007-11-27,16.049999237060547,16.612499237060547,16.049999237060547,16.181249618530273,7.806790351867676,99274
2007-11-28,16.3125,16.5,16.106250762939453,16.125,7.779653549194336,113405
2007-11-29,16.3125,16.649999618530273,15.487500190734863,15.806249618530273,7.62586784362793,213146
2007-11-30,15.9375,16.21875,15.824999809265137,15.956250190734863,7.698239326477051,114165
2007-12-03,15.675000190734863,16.5,15.675000190734863,16.21875,7.824883460998535,180597
2007-12-04,16.087499618530273,16.59375,15.9375,16.237499237060547,7.833926200866699,209271
2007-12-05,16.125,16.612499237060547,16.125,16.443750381469727,7.933435440063477,218215
2007-12-06,17.4375,17.4375,16.3125,16.537500381469727,7.97866678237915,413631
2007-12-07,17.25,19.856250762939453,16.612499237060547,19.743749618530273,9.525551795959473,8008162
2007-12-10,20.231250762939453,21.5625,17.756250381469727,21.337499618530273,10.294468879699707,8541154
2007-12-11,21.712499618530273,24.262500762939453,21.375,22.668750762939453,10.93674373626709,7106621
2007-12-12,22.6875,23.8125,20.850000381469727,21.262500762939453,10.258285522460938,5289293
2007-12-13,21.75,22.274999618530273,20.700000762939453,21.075000762939453,10.167823791503906,2840991
2007-12-14,22.049999237060547,22.049999237060547,19.931249618530273,20.25,9.769793510437012,1184754
2007-12-17,18.993749618530273,20.625,18.993749618530273,19.462499618530273,9.389861106872559,1251186
2007-12-18,19.3125,19.743749618530273,18.375,19.5,9.407951354980469,793490
2007-12-19,20.0625,20.193750381469727,18.9375,19.106250762939453,9.217986106872559,751002
2007-12-20,19.631250381469727,21.299999237060547,19.162500381469727,20.100000381469727,9.697425842285156,3242655
2007-12-24,20.100000381469727,21.262500762939453,19.537500381469727,19.818750381469727,9.561737060546875,1719333
2007-12-26,19.950000762939453,20.4375,19.649999618530273,19.743749618530273,9.525551795959473,961402
2007-12-27,19.575000762939453,19.96875,18.375,19.068750381469727,9.19989013671875,1447458
2007-12-28,18.375,20.174999237060547,18.375,19.649999618530273,9.480319023132324,1383359
2007-12-31,19.875,21.356250762939453,19.762500762939453,20.90625,10.086410522460938,2230882
2008-01-01,21.0,21.618749618530273,20.643749237060547,20.8125,10.041178703308105,1537973
2008-01-02,21.09375,21.825000762939453,20.325000762939453,21.0,10.131641387939453,1710725
2008-01-03,21.206249237060547,21.225000381469727,20.606250762939453,20.700000762939453,9.98690128326416,954826
2008-01-04,20.962499618530273,21.131250381469727,19.59375,19.893749237060547,9.597920417785645,900674
2008-01-07,19.162500381469727,20.25,18.956249237060547,19.256250381469727,9.290351867675781,869874
2008-01-08,19.875,20.024999618530273,18.768749237060547,19.125,9.22702693939209,882586
2008-01-09,19.462499618530273,21.262500762939453,18.84375,20.118749618530273,9.706473350524902,3253389
2008-01-10,20.587499618530273,21.1875,18.787500381469727,18.993749618530273,9.163704872131348,2545693
2008-01-11,19.462499618530273,19.78125,18.674999237060547,18.993749618530273,9.163704872131348,1037613
2008-01-14,18.487499237060547,19.237499237060547,18.487499237060547,18.806249618530273,9.073243141174316,739703
2008-01-15,19.087499618530273,19.21875,18.075000762939453,18.431249618530273,8.892321586608887,601959
2008-01-16,18.712499618530273,18.881250381469727,17.831249237060547,18.09375,8.729494094848633,618085
2008-01-17,18.431249618530273,18.693750381469727,18.018749237060547,18.393749237060547,8.87423038482666,389799
2008-01-18,17.737499237060547,18.412500381469727,16.6875,17.118749618530273,8.259095191955566,462157
2008-01-21,17.625,18.0,15.0,15.074999809265137,7.273068428039551,726053
2008-01-22,15.0,15.0,12.074999809265137,13.5,6.513197422027588,364983
2008-01-23,15.149999618530273,15.75,13.6875,14.8125,7.146424770355225,476367
2008-01-24,15.75,15.9375,14.381250381469727,14.756250381469727,7.119287490844727,463103
2008-01-25,15.318750381469727,15.675000190734863,14.175000190734863,15.393750190734863,7.426851749420166,272047
2008-01-28,15.018750190734863,15.75,14.306249618530273,15.524999618530273,7.490175724029541,205365
2008-01-29,15.75,16.125,15.0,15.731249809265137,7.589683532714844,233698
2008-01-30,15.75,15.75,15.0,15.356249809265137,7.408761024475098,225490
2008-01-31,15.375,15.5625,14.699999809265137,15.262499809265137,7.363531112670898,161218
2008-02-01,15.300000190734863,15.9375,14.8125,15.731249809265137,7.589683532714844,398562
2008-02-04,16.012500762939453,16.5,15.75,16.350000381469727,7.888206481933594,339266
2008-02-05,16.575000762939453,16.575000762939453,15.768750190734863,16.3125,7.87011194229126,230789
2008-02-06,15.9375,16.481250762939453,13.931249618530273,16.21875,7.824883460998535,226330
2008-02-07,16.481250762939453,16.518749237060547,15.412500381469727,15.731249809265137,7.589683532714844,222983
2008-02-08,15.393750190734863,16.200000762939453,15.074999809265137,15.28125,7.372577667236328,238266
2008-02-11,15.0,15.487500190734863,14.362500190734863,14.8125,7.146424770355225,160821
2008-02-12,14.625,15.0,14.043749809265137,14.324999809265137,6.911223888397217,229335
2008-02-13,14.081250190734863,14.625,13.6875,14.0625,6.784581661224365,130783
2008-02-14,15.75,15.75,14.399999618530273,15.131250381469727,7.300207138061523,146074
2008-02-15,14.962499618530273,15.75,14.943750381469727,15.225000381469727,7.345438480377197,136655
2008-02-18,15.5625,15.5625,15.0,15.206250190734863,7.336391925811768,78986
2008-02-19,15.524999618530273,15.975000381469727,15.206250190734863,15.46875,7.463039398193359,186930
2008-02-20,15.75,16.087499618530273,15.1875,15.712499618530273,7.580636978149414,287143
2008-02-21,16.049999237060547,17.024999618530273,15.581250190734863,16.331249237060547,7.879157543182373,931583
2008-02-22,16.668750762939453,16.668750762939453,15.768750190734863,15.899999618530273,7.67110013961792,287869
2008-02-25,16.125,16.125,15.375,15.581250190734863,7.517314910888672,129351
2008-02-26,15.75,16.087499618530273,15.375,15.806249618530273,7.62586784362793,174055
2008-02-27,15.824999809265137,16.3125,15.5625,15.693750381469727,7.571592330932617,150098
2008-02-28,15.487500190734863,15.899999618530273,15.300000190734863,15.600000381469727,7.526360988616943,81234
2008-02-29,15.206250190734863,15.75,15.112500190734863,15.318750381469727,7.390667915344238,107005
2008-03-03,15.0,15.637499809265137,15.0,15.0,7.236884117126465,116778
2008-03-04,15.09375,15.337499618530273,14.25,14.512499809265137,7.001686096191406,96765
2008-03-05,14.324999809265137,14.90625,14.287500381469727,14.606249809265137,7.046914577484131,146442
2008-03-07,13.875,14.625,12.112500190734863,12.993749618530273,6.268951416015625,381946
2008-03-10,12.037500381469727,13.59375,12.037500381469727,13.106249809265137,6.323229789733887,230967
2008-03-11,13.3125,13.5,12.731249809265137,12.881250381469727,6.214675426483154,208834
2008-03-12,13.087499618530273,13.800000190734863,12.375,12.675000190734863,6.115170001983643,254650
2008-03-13,12.75,13.050000190734863,11.662500381469727,11.943750381469727,5.762370586395264,211079
2008-03-14,12.0,13.106249809265137,12.0,12.487500190734863,6.024706840515137,5974189
2008-03-17,12.0,12.28125,10.59375,10.800000190734863,5.210556507110596,389629
2008-03-18,10.800000190734863,11.493749618530273,10.6875,11.024999618530273,5.3191118240356445,239050
2008-03-19,11.625,11.8125,10.556249618530273,10.706250190734863,5.165327548980713,282687
2008-03-24,11.287500381469727,11.287500381469727,10.3125,11.024999618530273,5.3191118240356445,204658
2008-03-25,11.287500381469727,12.0,11.0625,11.287500381469727,5.445756912231445,324514
2008-03-26,11.100000381469727,11.606249809265137,11.081250190734863,11.456250190734863,5.527170658111572,209423
2008-03-27,11.4375,12.356249809265137,11.268750190734863,12.112500190734863,5.843784332275391,379474
2008-03-28,12.112500190734863,12.881250381469727,12.112500190734863,12.731249809265137,6.142307281494141,216698
2008-03-31,12.9375,13.03125,12.0,12.1875,5.879969596862793,233501
2008-04-01,14.399999618530273,14.399999618530273,12.262499809265137,12.431249618530273,5.9975690841674805,86370
2008-04-02,12.768750190734863,13.125,12.75,12.975000381469727,6.259905815124512,206263
2008-04-03,12.5625,13.762499809265137,12.5625,12.9375,6.241814136505127,187002
2008-04-04,13.387499809265137,13.387499809265137,12.1875,12.375,5.970431327819824,162626
2008-04-07,12.9375,13.668749809265137,12.375,12.543749809265137,6.051844596862793,128271
2008-04-08,12.1875,12.84375,12.1875,12.65625,6.106122016906738,60506
2008-04-09,12.731249809265137,14.4375,12.600000381469727,13.875,6.694118976593018,584002
2008-04-10,14.25,14.362500190734863,12.75,12.881250381469727,6.214675426483154,761919
2008-04-11,13.293749809265137,13.462499618530273,12.9375,13.087499618530273,6.314183712005615,214023
2008-04-15,13.162500381469727,14.0625,13.162500381469727,13.668749809265137,6.594610214233398,423885
2008-04-16,14.024999618530273,15.356249809265137,13.96875,15.0,7.236884117126465,1021869
2008-04-17,15.75,16.799999237060547,15.243749618530273,15.46875,7.463039398193359,2620823
2008-04-21,15.75,16.293750762939453,15.449999809265137,15.524999618530273,7.490175724029541,850775
2008-04-22,15.5625,15.5625,15.0,15.056249618530273,7.264023303985596,323943
2008-04-23,15.149999618530273,15.356249809265137,14.456250190734863,14.681249618530273,7.083099842071533,539282
2008-04-24,15.0,15.149999618530273,14.456250190734863,14.493749618530273,6.992640018463135,171037
2008-04-25,14.925000190734863,15.0,14.287500381469727,14.493749618530273,6.992640018463135,330642
2008-04-28,14.493749618530273,14.793749809265137,13.987500190734863,14.118749618530273,6.8117194175720215,246746
2008-04-29,13.875,15.262499809265137,13.59375,14.643750190734863,7.065008640289307,980669
2008-04-30,14.962499618530273,14.962499618530273,14.324999809265137,14.456250190734863,6.974546909332275,435589
2008-05-02,14.625,15.131250381469727,14.362500190734863,14.456250190734863,6.974546909332275,391018
2008-05-05,14.512499809265137,14.625,14.25,14.493749618530273,6.992640018463135,271114
2008-05-06,14.512499809265137,14.625,13.949999809265137,14.212499618530273,6.856949806213379,622890
2008-05-07,14.4375,14.925000190734863,14.25,14.324999809265137,6.911223888397217,867103
2008-05-08,14.175000190734863,14.25,13.949999809265137,14.024999618530273,6.766488552093506,222714
2008-05-09,14.100000381469727,14.34375,13.649999618530273,13.818750381469727,6.666981220245361,271127
2008-05-12,13.59375,14.0625,13.21875,13.537500381469727,6.531290531158447,303570
2008-05-13,13.875,14.231249809265137,13.612500190734863,13.668749809265137,6.594610214233398,387991
2008-05-14,13.518750190734863,15.131250381469727,13.518750190734863,14.71875,7.101193904876709,1509282
2008-05-15,15.5625,15.5625,14.587499618530273,14.643750190734863,7.065008640289307,683061
2008-05-16,14.793749809265137,15.149999618530273,14.381250381469727,14.456250190734863,6.974546909332275,567698
2008-05-20,14.568750381469727,14.625,14.100000381469727,14.175000190734863,6.838857173919678,282229
2008-05-21,14.25,14.25,13.96875,14.0625,6.784581661224365,269605
2008-05-22,14.25,14.568750381469727,13.743749618530273,13.875,6.694118976593018,796018
2008-05-23,13.875,14.418749809265137,13.649999618530273,13.725000381469727,6.62175178527832,557087
2008-05-26,13.5,13.837499618530273,12.806249618530273,13.40625,6.467966556549072,268823
2008-05-27,13.5,13.78125,12.243749618530273,12.881250381469727,6.214675426483154,301517
2008-05-28,13.106249809265137,13.5,12.899999618530273,13.143750190734863,6.341322422027588,409618
2008-05-29,13.125,13.40625,12.824999809265137,12.918749809265137,6.34132194519043,246290
2008-05-30,13.162500381469727,13.162500381469727,12.824999809265137,12.918749809265137,6.34132194519043,214967
2008-06-02,13.237500190734863,13.237500190734863,12.375,12.65625,6.212470054626465,256554
2008-06-03,12.318750381469727,12.75,12.1875,12.449999809265137,6.1112284660339355,158637
2008-06-04,12.581250190734863,12.581250190734863,11.699999809265137,12.037500381469727,5.908747673034668,221341
2008-06-05,12.0,12.356249809265137,11.850000381469727,12.243749618530273,6.0099873542785645,218007
2008-06-06,12.28125,12.731249809265137,12.09375,12.149999618530273,5.963971138000488,327455
2008-06-09,12.0,12.0,11.25,11.399999618530273,5.5958251953125,401647
2008-06-10,11.268750190734863,11.606249809265137,11.100000381469727,11.212499618530273,5.503786563873291,219058
2008-06-11,11.587499618530273,11.587499618530273,10.949999809265137,11.118749618530273,5.457769870758057,301938
2008-06-12,10.875,11.4375,10.762499809265137,11.362500190734863,5.577417850494385,162970
2008-06-13,11.231249809265137,11.550000190734863,11.118749618530273,11.175000190734863,5.485381126403809,294813
2008-06-16,11.362500190734863,11.850000381469727,11.25,11.306249618530273,5.549806594848633,252418
2008-06-17,11.4375,11.456250190734863,11.268750190734863,11.324999809265137,5.559009075164795,282319
2008-06-18,11.8125,11.8125,11.175000190734863,11.268750190734863,5.531398773193359,503442
2008-06-19,11.324999809265137,11.324999809265137,11.175000190734863,11.212499618530273,5.503786563873291,210967
2008-06-20,11.4375,11.4375,11.175000190734863,11.212499618530273,5.503786563873291,271562
2008-06-23,9.993749618530273,11.25,9.993749618530273,10.949999809265137,5.374936580657959,297034
2008-06-24,11.0625,11.0625,10.518750190734863,10.59375,5.200066566467285,186757
2008-06-25,10.21875,11.25,10.21875,10.912500381469727,5.356529235839844,171034
2008-06-26,11.362500190734863,11.362500190734863,10.893750190734863,11.081250190734863,5.439362525939941,91013
2008-06-27,10.875,10.875,10.706250190734863,10.743749618530273,5.273696422576904,128282
2008-06-30,11.024999618530273,11.024999618530273,9.75,9.881250381469727,4.850327014923096,178354
2008-07-01,9.9375,10.125,9.431249618530273,9.543749809265137,4.684661388397217,259701
2008-07-02,9.375,9.787500381469727,8.850000381469727,9.412500381469727,4.620237350463867,346394
2008-07-03,9.712499618530273,10.5,9.112500190734863,9.243749618530273,4.537403106689453,202725
2008-07-04,9.412500381469727,9.487500190734863,8.71875,9.1875,4.509793758392334,311346
2008-07-07,10.087499618530273,10.5,9.375,9.675000190734863,4.749087810516357,199495
2008-07-08,9.393750190734863,9.862500190734863,9.375,9.75,4.785902976989746,157338
2008-07-09,10.125,10.425000190734863,9.975000381469727,10.125,4.969974994659424,285005
2008-07-10,10.274999618530273,10.462499618530273,9.9375,10.293749809265137,5.052807331085205,331087
2008-07-11,10.649999618530273,10.649999618530273,9.824999809265137,10.03125,4.923956871032715,373754
2008-07-14,10.087499618530273,10.087499618530273,9.5625,9.618749618530273,4.721475601196289,135365
2008-07-15,9.337499618530273,9.862500190734863,9.337499618530273,9.393750190734863,4.6110334396362305,135751
2008-07-16,9.393750190734863,9.46875,8.8125,8.925000190734863,4.380940914154053,230519
2008-07-17,9.375,9.375,9.0,9.09375,4.463775157928467,116514
2008-07-18,9.375,9.449999809265137,8.850000381469727,8.962499618530273,4.399348735809326,281042
2008-07-21,9.149999618530273,9.375,9.037500381469727,9.1875,4.509793758392334,134810
2008-07-22,9.262499809265137,9.637499809265137,9.056249618530273,9.28125,4.555810928344727,210743
2008-07-23,9.600000381469727,9.9375,9.449999809265137,9.806249618530273,4.813513278961182,243301
2008-07-24,10.274999618530273,10.274999618530273,9.431249618530273,9.506250381469727,4.666254997253418,189085
2008-07-25,9.581250190734863,9.9375,9.375,9.824999809265137,4.822717189788818,217210
2008-07-28,10.274999618530273,11.024999618530273,9.9375,10.818750381469727,5.310511112213135,587039
2008-07-29,10.649999618530273,12.0,10.350000381469727,10.800000190734863,5.301307201385498,953562
2008-07-30,11.0625,11.399999618530273,10.856249809265137,10.96875,5.384141445159912,340754
2008-07-31,10.875,11.024999618530273,10.537500381469727,10.59375,5.200066566467285,87989
2008-08-01,10.5,10.875,9.375,10.762499809265137,5.282899856567383,201687
2008-08-04,10.556249618530273,11.175000190734863,10.556249618530273,10.649999618530273,5.227677822113037,140354
2008-08-05,10.162500381469727,11.25,10.162500381469727,10.875,5.338122367858887,214341
2008-08-06,10.556249618530273,11.193750381469727,10.537500381469727,10.725000381469727,5.264492511749268,224490
2008-08-07,10.725000381469727,11.024999618530273,10.6875,10.762499809265137,5.282899856567383,143002
2008-08-08,10.96875,11.25,10.574999809265137,11.081250190734863,5.439362525939941,205533
2008-08-11,11.25,11.25,11.024999618530273,11.193750381469727,5.4945855140686035,262159
2008-08-12,11.175000190734863,11.25,10.893750190734863,11.043749809265137,5.420954704284668,209591
2008-08-13,10.875,11.0625,10.743749618530273,10.875,5.338122367858887,93333
2008-08-14,10.875,11.418749809265137,10.537500381469727,10.649999618530273,5.227677822113037,488741
2008-08-18,11.175000190734863,11.175000190734863,10.649999618530273,10.6875,5.246085166931152,252826
2008-08-19,10.818750381469727,10.931249618530273,10.649999618530273,10.875,5.338122367858887,116698
2008-08-20,11.0625,11.193750381469727,10.837499618530273,10.875,5.338122367858887,150551
2008-08-21,10.875,10.987500190734863,10.612500190734863,10.706250190734863,5.255289554595947,163125
2008-08-22,10.6875,10.837499618530273,10.5,10.6875,5.246085166931152,105362
2008-08-25,10.78125,10.856249809265137,10.6875,10.706250190734863,5.255289554595947,74495
2008-08-26,10.856249809265137,11.493749618530273,10.6875,11.193750381469727,5.4945855140686035,1352146
2008-08-27,11.456250190734863,11.90625,10.6875,10.725000381469727,5.264492511749268,2837791
2008-08-28,10.856249809265137,10.987500190734863,10.537500381469727,10.59375,5.200066566467285,375925
2008-08-29,10.875,10.875,10.612500190734863,10.668749809265137,5.236880779266357,262069
2008-09-01,10.837499618530273,10.875,10.368749618530273,10.481249809265137,5.144845008850098,482399
2008-09-02,10.6875,10.6875,10.162500381469727,10.3125,5.062012195587158,843106
2008-09-04,10.3125,10.462499618530273,10.162500381469727,10.237500190734863,5.025197982788086,481029
2008-09-05,10.162500381469727,10.3125,9.9375,10.237500190734863,5.025197982788086,248159
2008-09-08,10.21875,10.5,10.162500381469727,10.21875,5.015993595123291,165133
2008-09-09,9.993749618530273,10.293749809265137,9.993749618530273,10.087499618530273,4.951566696166992,158303
2008-09-10,10.162500381469727,10.387499809265137,9.84375,9.9375,4.8779401779174805,463365
2008-09-11,10.012499809265137,10.125,9.675000190734863,9.84375,4.831921100616455,362367
2008-09-12,9.9375,9.975000381469727,9.5625,9.675000190734863,4.749087810516357,358181
2008-09-15,9.5625,9.5625,9.018750190734863,9.168749809265137,4.500589370727539,271381
2008-09-16,9.0,9.149999618530273,8.8125,9.0,4.417754650115967,411818
2008-09-17,9.018750190734863,9.375,8.568750381469727,8.699999809265137,4.270498275756836,242973
2008-09-18,8.625,9.431249618530273,7.03125,9.337499618530273,4.58342170715332,606207
2008-09-19,9.712499618530273,9.712499618530273,8.699999809265137,8.943750381469727,4.390145301818848,282770
2008-09-22,9.0,9.149999618530273,8.550000190734863,8.606249809265137,4.2244791984558105,154615
2008-09-23,8.418749809265137,8.793749809265137,8.118749618530273,8.287500381469727,4.06801700592041,247287
2008-09-24,8.4375,8.587499618530273,8.231249809265137,8.381250381469727,4.114035606384277,678365
2008-09-25,8.306249618530273,8.4375,8.25,8.362500190734863,4.104831695556641,84885
2008-09-26,8.212499618530273,8.399999618530273,7.96875,8.0625,3.957573890686035,153346
2008-09-29,8.25,8.25,7.5,7.612500190734863,3.736685037612915,263335
2008-09-30,7.462500095367432,8.15625,7.125,7.912499904632568,3.8839447498321533,393543
2008-10-01,7.96875,8.137499809265137,7.762499809265137,7.800000190734863,3.828721523284912,150535
2008-10-03,7.875,7.875,7.5,7.537499904632568,3.6998701095581055,88919
2008-10-06,7.5,7.837500095367432,7.125,7.21875,3.5434083938598633,195447
2008-10-07,7.462500095367432,7.462500095367432,6.862500190734863,7.087500095367432,3.478983163833618,290839
2008-10-08,7.125,7.125,6.675000190734863,6.993750095367432,3.432965040206909,160506
2008-10-10,6.75,7.125,6.28125,6.487500190734863,3.1844661235809326,266253
2008-10-13,6.487500190734863,7.556250095367432,6.487500190734863,6.731249809265137,3.3041131496429443,428765
2008-10-14,6.9375,8.081250190734863,6.9375,8.043749809265137,3.9483699798583984,1060218
2008-10-15,8.25,8.475000381469727,7.349999904632568,7.481249809265137,3.6722607612609863,992130
2008-10-16,6.84375,7.96875,6.84375,7.537499904632568,3.6998701095581055,487959
2008-10-17,7.856249809265137,7.856249809265137,6.956250190734863,7.050000190734863,3.5488572120666504,433570
2008-10-20,8.006250381469727,8.006250381469727,6.806250095367432,6.900000095367432,3.473348379135132,238090
2008-10-21,7.162499904632568,7.21875,6.712500095367432,6.862500190734863,3.4544715881347656,214909
2008-10-22,6.449999809265137,6.9375,6.449999809265137,6.5625,3.3034558296203613,221765
2008-10-23,6.1875,6.5625,6.150000095367432,6.224999904632568,3.133563756942749,435658
2008-10-24,6.1875,6.1875,5.681250095367432,5.71875,2.878726005554199,373154
2008-10-27,5.53125,6.487500190734863,5.456250190734863,6.168749809265137,3.105247974395752,306181
2008-10-29,7.012499809265137,7.012499809265137,6.056250095367432,6.150000095367432,3.0958101749420166,339383
2008-10-31,6.637499809265137,6.637499809265137,6.150000095367432,6.337500095367432,3.190195083618164,264487
2008-11-03,6.5625,6.75,6.262499809265137,6.375,3.209070920944214,499895
2008-11-04,6.356249809265137,6.525000095367432,6.300000190734863,6.375,3.209070920944214,671909
2008-11-05,6.393750190734863,6.824999809265137,6.1875,6.206250190734863,3.1241250038146973,467359
2008-11-06,6.262499809265137,6.300000190734863,6.037499904632568,6.112500190734863,3.0769340991973877,118370
2008-11-07,5.8125,6.150000095367432,5.8125,5.943749904632568,2.991987466812134,164359
2008-11-10,6.037499904632568,6.28125,6.037499904632568,6.168749809265137,3.105247974395752,260797
2008-11-11,6.1875,6.243750095367432,5.90625,5.962500095367432,3.0014259815216064,181143
2008-11-12,5.962500095367432,6.150000095367432,5.625,5.868750095367432,2.9542336463928223,273109
2008-11-14,6.0,6.0,5.606249809265137,5.643750190734863,2.840972423553467,376247
2008-11-17,5.512499809265137,5.662499904632568,5.4375,5.474999904632568,2.756026029586792,222757
2008-11-18,5.324999809265137,5.587500095367432,5.324999809265137,5.456250190734863,2.7465879917144775,304098
2008-11-19,5.4375,5.606249809265137,5.34375,5.418749809265137,2.7277112007141113,205477
2008-11-20,5.362500190734863,5.456250190734863,5.006249904632568,5.0625,2.548380136489868,247583
2008-11-21,5.006249904632568,5.212500095367432,4.912499904632568,5.0625,2.548380136489868,197479
2008-11-24,5.15625,5.212500095367432,4.875,4.931250095367432,2.482311487197876,182317
2008-11-25,5.15625,5.90625,5.0625,5.418749809265137,2.7277112007141113,257237
2008-11-26,5.4375,5.699999809265137,5.212500095367432,5.306250095367432,2.6710805892944336,99082
2008-11-27,5.306250095367432,5.306250095367432,5.306250095367432,5.306250095367432,2.6710805892944336,0
2008-11-28,5.231249809265137,5.681250095367432,5.193749904632568,5.550000190734863,2.79378080368042,104799
2008-12-01,5.849999904632568,5.849999904632568,5.456250190734863,5.550000190734863,2.79378080368042,106079
2008-12-02,5.4375,5.625,5.268750190734863,5.456250190734863,2.7465879917144775,60157
2008-12-03,5.606249809265137,5.606249809265137,5.34375,5.474999904632568,2.756026029586792,47263
2008-12-04,5.456250190734863,5.625,5.4375,5.550000190734863,2.79378080368042,89965
2008-12-05,5.662499904632568,5.662499904632568,5.474999904632568,5.625,2.831533908843994,98906
2008-12-08,5.681250095367432,5.925000190734863,5.625,5.643750190734863,2.840972423553467,71010
2008-12-10,5.699999809265137,5.775000095367432,5.625,5.643750190734863,2.840972423553467,66167
2008-12-11,5.625,5.943749904632568,5.625,5.775000095367432,2.9070417881011963,124786
2008-12-12,5.737500190734863,5.90625,5.699999809265137,5.775000095367432,2.9070417881011963,89373
2008-12-15,5.90625,6.112500190734863,5.90625,6.037499904632568,3.039179801940918,122077
2008-12-16,6.018750190734863,6.375,6.0,6.318749904632568,3.1807570457458496,203698
2008-12-17,6.525000095367432,6.637499809265137,5.662499904632568,5.925000190734863,2.9825491905212402,264762
2008-12-18,6.168749809265137,6.337500095367432,5.8125,6.206250190734863,3.1241250038146973,141775
2008-12-19,6.28125,6.506249904632568,6.206250190734863,6.449999809265137,3.246826410293579,269631
2008-12-22,6.543749809265137,6.75,6.487500190734863,6.525000095367432,3.2845799922943115,248194
2008-12-23,6.712500095367432,6.731249809265137,6.487500190734863,6.5625,3.3034558296203613,356415
2008-12-24,6.5625,6.693749904632568,6.525000095367432,6.637499809265137,3.341210126876831,247071
2008-12-26,6.506249904632568,6.506249904632568,6.131249904632568,6.243750095367432,3.3312063217163086,231610
2008-12-29,6.300000190734863,6.300000190734863,5.868750095367432,6.074999809265137,3.24117374420166,113946
2008-12-30,6.1875,6.262499809265137,5.887499809265137,6.0,3.2011592388153076,157253
2008-12-31,6.168749809265137,6.168749809265137,5.943749904632568,6.0,3.2011592388153076,114578
2009-01-02,6.300000190734863,6.5625,6.262499809265137,6.449999809265137,3.4412455558776855,203519
2009-01-05,6.449999809265137,6.637499809265137,6.412499904632568,6.46875,3.451249837875366,135359
2009-01-06,6.5625,6.599999904632568,6.375,6.506249904632568,3.471257209777832,142850
2009-01-07,6.449999809265137,6.5625,5.8125,5.925000190734863,3.161144495010376,197341
2009-01-09,5.775000095367432,5.962500095367432,5.625,5.831250190734863,3.1111254692077637,131653
2009-01-12,5.662499904632568,6.037499904632568,5.625,5.831250190734863,3.1111254692077637,98218
2009-01-13,5.887499809265137,6.375,5.793749809265137,5.90625,3.1511411666870117,159887
2009-01-14,6.150000095367432,6.150000095367432,5.962500095367432,6.0,3.2011592388153076,58413
2009-01-15,5.887499809265137,6.543749809265137,5.8125,6.393750190734863,3.4112348556518555,471733
2009-01-16,6.206250190734863,6.543749809265137,6.1875,6.337500095367432,3.3812239170074463,180514
2009-01-19,6.337500095367432,6.487500190734863,6.1875,6.243750095367432,3.3312063217163086,64781
2009-01-20,6.318749904632568,6.318749904632568,6.037499904632568,6.224999904632568,3.321202516555786,49858
2009-01-21,6.150000095367432,6.318749904632568,6.037499904632568,6.150000095367432,3.2811882495880127,48186
2009-01-22,6.074999809265137,6.318749904632568,6.074999809265137,6.131249904632568,3.2711844444274902,61207
2009-01-23,6.0,6.09375,5.90625,5.962500095367432,3.181152582168579,70098
2009-01-27,6.0,6.074999809265137,5.849999904632568,6.0,3.2011592388153076,54301
2009-01-28,6.0,6.375,6.0,6.168749809265137,3.2911911010742188,118581
2009-01-29,6.1875,6.356249809265137,6.0,6.037499904632568,3.221165418624878,47573
2009-01-30,5.887499809265137,6.150000095367432,5.887499809265137,6.074999809265137,3.24117374420166,33754
2009-02-02,6.09375,6.131249904632568,5.925000190734863,5.981249809265137,3.191155195236206,30738
2009-02-03,6.0,6.09375,5.925000190734863,5.962500095367432,3.181152582168579,89223
2009-02-04,6.09375,6.224999904632568,5.943749904632568,6.150000095367432,3.2811882495880127,96559
2009-02-05,6.037499904632568,6.243750095367432,6.037499904632568,6.131249904632568,3.2711844444274902,55541
2009-02-06,6.28125,6.28125,6.0,6.037499904632568,3.221165418624878,92173
2009-02-09,6.037499904632568,6.168749809265137,5.925000190734863,6.018750190734863,3.211162805557251,83551
2009-02-10,6.0,6.1875,6.0,6.056250095367432,3.231170415878296,42306
2009-02-11,6.0,6.1875,5.90625,6.112500190734863,3.2611804008483887,34389
2009-02-12,6.0,7.125,6.0,6.65625,3.551286220550537,868458
2009-02-13,6.862500190734863,7.368750095367432,6.506249904632568,6.599999904632568,3.521275043487549,1007903
2009-02-16,7.087500095367432,7.087500095367432,6.375,6.412499904632568,3.421239137649536,136634
2009-02-17,6.393750190734863,6.506249904632568,6.318749904632568,6.375,3.401231527328491,208447
2009-02-18,6.28125,6.412499904632568,6.243750095367432,6.300000190734863,3.361217975616455,106767
2009-02-19,6.449999809265137,6.449999809265137,6.150000095367432,6.262499809265137,3.341210126876831,62405
2009-02-20,6.074999809265137,6.1875,5.868750095367432,6.112500190734863,3.2611804008483887,66954
2009-02-24,6.112500190734863,6.112500190734863,5.868750095367432,6.074999809265137,3.24117374420166,49877
2009-02-25,6.0,6.150000095367432,6.0,6.056250095367432,3.231170415878296,57183
2009-02-26,6.074999809265137,6.074999809265137,5.006249904632568,5.943749904632568,3.171147584915161,85466
2009-02-27,6.074999809265137,6.074999809265137,5.887499809265137,5.943749904632568,3.171147584915161,32266
2009-03-02,5.925000190734863,5.943749904632568,5.25,5.756249904632568,3.0711116790771484,139671
2009-03-03,5.625,5.8125,5.625,5.662499904632568,3.0210931301116943,58466
2009-03-04,5.662499904632568,5.831250190734863,5.625,5.662499904632568,3.0210931301116943,55335
2009-03-05,5.625,5.8125,5.625,5.699999809265137,3.0411012172698975,69581
2009-03-06,5.775000095367432,5.8125,5.625,5.662499904632568,3.0210931301116943,73879
2009-03-09,5.8125,5.8125,5.400000095367432,5.456250190734863,2.911055326461792,73490
2009-03-12,5.71875,5.8125,5.34375,5.400000095367432,2.8810434341430664,142949
2009-03-13,5.512499809265137,5.625,5.362500190734863,5.474999904632568,2.921057939529419,133607
2009-03-16,5.625,5.662499904632568,5.4375,5.587500095367432,2.981079339981079,69885
2009-03-17,5.4375,5.8125,5.4375,5.737500190734863,3.061108350753784,97037
2009-03-18,5.8125,6.206250190734863,5.756249904632568,5.868750095367432,3.131133556365967,373522
2009-03-19,6.018750190734863,6.46875,6.018750190734863,6.150000095367432,3.2811882495880127,340170
2009-03-20,6.1875,6.1875,5.962500095367432,6.056250095367432,3.231170415878296,38725
2009-03-23,6.1875,6.356249809265137,6.018750190734863,6.1875,3.301196575164795,117255
2009-03-24,6.1875,6.356249809265137,6.056250095367432,6.09375,3.2511775493621826,110143
2009-03-25,6.056250095367432,6.168749809265137,5.962500095367432,6.037499904632568,3.221165418624878,90047
2009-03-26,6.09375,6.09375,5.962500095367432,6.018750190734863,3.211162805557251,84279
2009-03-27,6.0,6.243750095367432,6.0,6.1875,3.301196575164795,147042
2009-03-30,6.037499904632568,6.168749809265137,5.962500095367432,6.0,3.2011592388153076,36146
2009-03-31,6.018750190734863,6.037499904632568,5.90625,5.943749904632568,3.171147584915161,80373
2009-04-01,6.09375,6.1875,6.0,6.150000095367432,3.2811882495880127,90826
2009-04-02,6.356249809265137,6.412499904632568,6.1875,6.206250190734863,3.3111987113952637,245735
2009-04-06,6.375,6.543749809265137,6.224999904632568,6.431250095367432,3.4312422275543213,206749
2009-04-08,6.375,6.806250095367432,6.28125,6.712500095367432,3.581296920776367,329591
2009-04-09,6.900000095367432,7.087500095367432,6.525000095367432,6.65625,3.551286220550537,373741
2009-04-13,6.768750190734863,7.125,6.65625,6.9375,3.7013399600982666,457762
2009-04-15,7.125,7.3125,6.824999809265137,7.199999809265137,3.841391086578369,628389
2009-04-16,7.21875,7.6875,6.862500190734863,7.03125,3.7513587474823,748863
2009-04-17,7.125,7.78125,7.125,7.368750095367432,3.9314236640930176,1162194
2009-04-20,7.837500095367432,8.15625,7.199999809265137,7.40625,3.9514307975769043,567237
2009-04-21,7.3125,8.418749809265137,7.21875,8.043749809265137,4.291553497314453,2060746
2009-04-22,8.25,8.25,7.5,7.556250095367432,4.031459808349609,477461
2009-04-23,7.5,8.399999618530273,7.387499809265137,7.96875,4.25153923034668,1141810
2009-04-24,7.875,8.0625,7.668749809265137,7.762499809265137,4.1414995193481445,368711
2009-04-27,8.25,8.362500190734863,7.40625,7.612500190734863,4.061471462249756,233725
2009-04-28,7.237500190734863,7.650000095367432,7.237500190734863,7.293749809265137,3.891409158706665,135535
2009-04-29,7.3125,7.537499904632568,7.162499904632568,7.293749809265137,3.891409158706665,168589
2009-04-30,7.293749809265137,7.293749809265137,7.293749809265137,7.293749809265137,3.891409158706665,0
2009-05-04,7.425000190734863,7.96875,7.387499809265137,7.6875,4.101485729217529,319413
2009-05-05,7.875,8.0625,7.556250095367432,7.724999904632568,4.121492862701416,451599
2009-05-06,7.574999809265137,8.25,7.237500190734863,7.875,4.2015204429626465,728290
2009-05-07,8.024999618530273,8.34375,7.837500095367432,8.212499618530273,4.381586074829102,748253
2009-05-08,7.875,8.71875,7.875,8.287500381469727,4.421600818634033,805882
2009-05-11,8.287500381469727,9.46875,7.668749809265137,9.206250190734863,4.911779880523682,1869045
2009-05-12,9.375,9.5625,8.831250190734863,9.037500381469727,4.821746349334717,2709279
2009-05-13,9.262499809265137,9.262499809265137,8.4375,8.625,4.601665496826172,506415
2009-05-14,8.175000190734863,8.774999618530273,7.6875,8.287500381469727,4.421600818634033,481605
2009-05-15,8.606249809265137,8.662500381469727,8.362500190734863,8.399999618530273,4.481622695922852,297111
2009-05-18,8.399999618530273,8.399999618530273,8.399999618530273,8.399999618530273,4.481622695922852,0
2009-05-19,9.018750190734863,9.5625,8.625,8.774999618530273,4.681695461273193,617869
2009-05-20,8.625,9.487500190734863,8.362500190734863,9.356249809265137,4.991806507110596,603234
2009-05-21,9.524999618530273,10.5,9.375,9.84375,5.251903057098389,900450
2009-05-22,10.106249809265137,10.649999618530273,9.824999809265137,10.331250190734863,5.511997699737549,746575
2009-05-25,10.5,10.96875,10.5,10.743749618530273,5.732073783874512,588730
2009-05-26,10.875,11.53125,10.050000190734863,10.256250381469727,5.471981525421143,699253
2009-05-27,10.762499809265137,10.818750381469727,10.331250190734863,10.649999618530273,5.682057857513428,318757
2009-05-28,10.875,10.987500190734863,10.331250190734863,10.481249809265137,5.592024803161621,240013
2009-05-29,10.856249809265137,12.581250190734863,10.518750190734863,12.356249809265137,6.592385768890381,3265229
2009-06-01,13.050000190734863,13.050000190734863,12.037500381469727,12.225000381469727,6.522360801696777,3619535
2009-06-02,12.337499618530273,12.693750381469727,11.774999618530273,12.131250381469727,6.472342491149902,1741714
2009-06-03,12.131250381469727,12.956250190734863,12.131250381469727,12.487500190734863,6.662412643432617,1876007
2009-06-04,12.600000381469727,12.824999809265137,12.375,12.487500190734863,6.662412643432617,774901
2009-06-05,12.600000381469727,12.993749618530273,11.850000381469727,12.018750190734863,6.412321090698242,705778
2009-06-08,12.018750190734863,12.524999618530273,10.893750190734863,11.024999618530273,5.8821306228637695,550133
2009-06-09,10.875,12.1875,10.518750190734863,11.606249809265137,6.19224214553833,1248498
2009-06-10,12.300000190734863,12.300000190734863,11.475000381469727,11.53125,6.152227401733398,699490
2009-06-11,11.456250190734863,11.587499618530273,11.118749618530273,11.212499618530273,5.982165336608887,363730
2009-06-12,11.662500381469727,12.918749809265137,11.662500381469727,12.28125,6.552372932434082,3227146
2009-06-15,12.243749618530273,12.65625,11.90625,11.981249809265137,6.392314434051514,1002173
2009-06-16,11.8125,12.0,11.587499618530273,11.943750381469727,6.3723063468933105,437498
2009-06-17,12.149999618530273,12.1875,11.175000190734863,11.34375,6.052192211151123,503543
2009-06-18,10.912500381469727,11.587499618530273,10.6875,10.96875,5.852118015289307,524399
2009-06-19,11.006250381469727,11.25,10.875,10.931249618530273,5.832111358642578,345434
2009-06-22,11.137499809265137,11.699999809265137,10.875,10.931249618530273,5.832111358642578,340002
2009-06-23,10.875,11.0625,10.5,10.668749809265137,5.692061901092529,493570
2009-06-24,10.875,10.875,10.59375,10.78125,5.752082824707031,290959
2009-06-25,11.587499618530273,11.587499618530273,10.893750190734863,10.987500190734863,5.862122058868408,304621
2009-06-26,11.212499618530273,11.306249618530273,10.706250190734863,11.175000190734863,5.962158679962158,312149
2009-06-29,11.25,11.4375,11.0625,11.212499618530273,5.982165336608887,323631
2009-06-30,11.606249809265137,11.606249809265137,10.6875,10.818750381469727,5.772089004516602,180263
2009-07-01,10.875,10.875,10.537500381469727,10.631250381469727,5.67205286026001,175517
2009-07-02,10.875,10.875,10.518750190734863,10.762499809265137,5.742079734802246,225421
2009-07-03,10.6875,10.875,10.368749618530273,10.6875,5.7020649909973145,119178
2009-07-06,11.625,11.625,10.199999809265137,10.350000381469727,5.521999835968018,300866
2009-07-07,10.368749618530273,10.800000190734863,10.181249618530273,10.443750381469727,5.572017669677734,207405
2009-07-08,10.181249618530273,10.40625,9.956250190734863,10.125,5.401956558227539,159162
2009-07-09,10.125,10.199999809265137,9.84375,9.975000381469727,5.321927070617676,170594
2009-07-10,9.9375,10.59375,9.768750190734863,9.956250190734863,5.311923980712891,311935
2009-07-13,10.125,10.125,9.243749618530273,9.543749809265137,5.091844081878662,161517
2009-07-14,9.824999809265137,10.21875,9.824999809265137,10.068750381469727,5.371945381164551,162071
2009-07-15,10.068750381469727,12.09375,10.068750381469727,11.587499618530273,6.1822381019592285,2338055
2009-07-16,11.774999618530273,11.962499618530273,11.0625,11.287500381469727,6.022179126739502,823815
2009-07-17,11.456250190734863,12.168749809265137,11.456250190734863,11.793749809265137,6.2922797203063965,1329509
2009-07-20,12.149999618530273,12.46875,11.212499618530273,11.925000190734863,6.362305164337158,1874362
2009-07-21,12.037500381469727,12.074999809265137,11.512499809265137,11.625,6.202246189117432,454079
2009-07-22,11.550000190734863,11.850000381469727,11.081250190734863,11.137499809265137,5.942152500152588,443495
2009-07-23,11.306249618530273,11.774999618530273,11.212499618530273,11.568750381469727,6.172234535217285,488549
2009-07-24,11.662500381469727,11.981249809265137,11.399999618530273,11.756250381469727,6.272271633148193,841445
2009-07-27,11.981249809265137,12.0,11.550000190734863,11.606249809265137,6.19224214553833,293290
2009-07-28,11.456250190734863,11.699999809265137,11.287500381469727,11.399999618530273,6.082202434539795,266610
2009-07-29,11.568750381469727,11.587499618530273,10.875,11.193750381469727,5.972162246704102,564327
2009-07-30,11.362500190734863,11.662500381469727,11.15625,11.456250190734863,6.112213134765625,646927
2009-07-31,11.625,13.012499809265137,11.587499618530273,12.618749618530273,6.7324371337890625,4668135
2009-08-03,12.787500381469727,12.84375,12.206250190734863,12.487500190734863,6.662412643432617,1995167
2009-08-04,12.5625,13.668749809265137,12.393750190734863,13.143750190734863,7.012538909912109,4509965
2009-08-05,13.387499809265137,13.537500381469727,12.9375,13.050000190734863,6.962520599365234,1259546
2009-08-06,13.050000190734863,13.875,12.581250190734863,12.768750190734863,6.812466621398926,1975029
2009-08-07,12.431249618530273,12.881250381469727,12.074999809265137,12.243749618530273,6.532365798950195,882546
2009-08-10,12.768750190734863,13.125,11.925000190734863,12.262499809265137,6.5423688888549805,950061
2009-08-11,12.412500381469727,12.75,12.262499809265137,12.375,6.60239315032959,666063
2009-08-12,12.243749618530273,12.337499618530273,12.0,12.168749809265137,6.492351055145264,472685
2009-08-13,12.375,12.75,12.0,12.487500190734863,6.662412643432617,648501
2009-08-14,12.65625,13.59375,12.375,13.106249809265137,6.9925336837768555,2743071
2009-08-17,13.068750381469727,13.762499809265137,12.46875,12.637499809265137,6.7424421310424805,1944074
2009-08-18,12.75,12.993749618530273,12.46875,12.75,6.802463054656982,1236895
2009-08-19,13.050000190734863,15.300000190734863,12.600000381469727,14.8125,7.902861595153809,15392485
2009-08-20,15.149999618530273,15.449999809265137,13.96875,14.212499618530273,7.582746982574463,7680586
2009-08-21,14.324999809265137,14.793749809265137,13.949999809265137,14.306249618530273,7.632765769958496,3632943
2009-08-24,14.587499618530273,15.356249809265137,14.362500190734863,14.793749809265137,7.892857074737549,3517234
2009-08-25,14.850000381469727,15.375,14.53125,15.074999809265137,8.042913436889648,5251506
2009-08-26,15.375,15.824999809265137,14.625,14.850000381469727,7.922867774963379,5014698
2009-08-27,14.925000190734863,15.168749809265137,14.587499618530273,14.699999809265137,7.842838287353516,1942458
2009-08-28,14.737500190734863,15.056249618530273,14.212499618530273,14.34375,7.652772426605225,1669778
2009-08-31,14.212499618530273,14.793749809265137,14.212499618530273,14.493749618530273,7.7328009605407715,1606085
2009-09-01,14.71875,14.925000190734863,13.96875,14.118749618530273,7.5327277183532715,1927349
2009-09-02,13.931249618530273,14.418749809265137,13.912500381469727,13.96875,7.452698707580566,1253725
2009-09-03,14.25,14.324999809265137,13.612500190734863,13.762499809265137,7.342659950256348,714370
2009-09-04,14.006250381469727,14.0625,13.59375,13.78125,7.352662086486816,820370
2009-09-07,13.893750190734863,14.362500190734863,13.893750190734863,14.15625,7.552736759185791,1230154
2009-09-08,14.362500190734863,14.418749809265137,13.893750190734863,13.987500190734863,7.462703227996826,1119679
2009-09-09,14.100000381469727,14.100000381469727,13.631250381469727,13.6875,7.302643299102783,728407
2009-09-10,14.0625,14.25,13.143750190734863,13.237500190734863,7.062557220458984,1569279
2009-09-11,13.350000381469727,14.175000190734863,13.199999809265137,13.649999618530273,7.282637596130371,2785007
2009-09-14,13.649999618530273,13.949999809265137,13.425000190734863,13.574999809265137,7.242623805999756,871799
2009-09-15,13.800000190734863,14.024999618530273,13.556249618530273,13.631250381469727,7.2726335525512695,824735
2009-09-16,13.856249809265137,13.875,13.631250381469727,13.743749618530273,7.3326568603515625,705287
2009-09-17,13.875,14.324999809265137,13.725000381469727,14.118749618530273,7.5327277183532715,1943882
2009-09-18,14.100000381469727,14.34375,13.912500381469727,14.043749809265137,7.492713928222656,1056175
2009-09-22,14.118749618530273,14.231249809265137,13.725000381469727,13.875,7.402679920196533,595221
2009-09-23,14.175000190734863,14.324999809265137,13.5,13.706250190734863,7.312648773193359,1280623
2009-09-24,13.574999809265137,14.043749809265137,13.574999809265137,13.78125,7.352662086486816,650583
2009-09-25,13.668749809265137,13.931249618530273,13.5,13.78125,7.352662086486816,697495
2009-09-29,13.893750190734863,14.137499809265137,13.743749618530273,13.800000190734863,7.362666130065918,398687
2009-09-30,14.006250381469727,14.100000381469727,13.762499809265137,13.837499618530273,7.382674694061279,581877
2009-10-01,13.875,14.399999618530273,13.668749809265137,13.818750381469727,7.372669219970703,1391087
2009-10-05,13.6875,14.100000381469727,13.518750190734863,13.649999618530273,7.282637596130371,701818
2009-10-06,13.875,14.024999618530273,13.125,13.331250190734863,7.112575054168701,866279
2009-10-07,13.5,14.212499618530273,13.5,13.78125,7.352662086486816,1238839
2009-10-08,14.024999618530273,14.024999618530273,13.537500381469727,13.59375,7.252624988555908,435381
2009-10-09,13.837499618530273,13.856249809265137,13.350000381469727,13.443750381469727,7.1725969314575195,441605
2009-10-12,13.537500381469727,13.800000190734863,13.462499618530273,13.518750190734863,7.212612628936768,322895
2009-10-13,13.518750190734863,13.518750190734863,13.518750190734863,13.518750190734863,7.212612628936768,0
2009-10-14,13.875,13.96875,13.631250381469727,13.706250190734863,7.312648773193359,547037
2009-10-15,13.912500381469727,13.912500381469727,13.350000381469727,13.443750381469727,7.1725969314575195,1029978
2009-10-16,13.875,14.512499809265137,13.574999809265137,13.875,7.402679920196533,2477690
2009-10-20,13.6875,14.0625,13.556249618530273,13.818750381469727,7.556475639343262,1337575
2009-10-21,13.818750381469727,14.212499618530273,13.612500190734863,13.725000381469727,7.505210876464844,1900898
2009-10-22,13.6875,14.925000190734863,13.649999618530273,14.287500381469727,7.812802314758301,5835842
2009-10-23,14.550000190734863,14.71875,14.081250190734863,14.175000190734863,7.751282691955566,1600077
2009-10-26,14.34375,14.756250381469727,14.25,14.287500381469727,7.812802314758301,1943562
2009-10-27,14.399999618530273,14.399999618530273,13.237500190734863,13.3125,7.279644966125488,1230034
2009-10-28,13.21875,13.350000381469727,12.84375,13.125,7.177114963531494,795295
2009-10-29,12.787500381469727,12.9375,12.5625,12.824999809265137,7.013066291809082,592437
2009-10-30,13.40625,13.425000190734863,12.375,12.618749618530273,6.9002814292907715,675389
2009-11-03,12.393750190734863,12.75,11.737500190734863,11.943750381469727,6.531173229217529,431951
2009-11-04,12.018750190734863,12.5625,11.962499618530273,12.431249618530273,6.7977519035339355,409373
2009-11-05,12.375,12.5625,12.1875,12.356249809265137,6.756738662719727,433039
2009-11-06,12.5625,12.824999809265137,12.056249618530273,12.506250381469727,6.8387651443481445,586847
2009-11-09,12.675000190734863,13.199999809265137,12.375,12.862500190734863,7.033570289611816,1153557
2009-11-10,13.125,13.3125,12.46875,12.5625,6.869524955749512,592863
2009-11-11,12.65625,13.162500381469727,12.431249618530273,12.899999618530273,7.054076671600342,693327
2009-11-12,12.975000381469727,13.3125,12.75,12.881250381469727,7.043825626373291,387311
2009-11-13,12.9375,13.425000190734863,12.84375,13.143750190734863,7.1873674392700195,522421
2009-11-16,13.274999618530273,13.387499809265137,13.162500381469727,13.3125,7.279644966125488,356314
2009-11-17,13.237500190734863,13.949999809265137,13.181249618530273,13.59375,7.433438777923584,891693
2009-11-18,13.556249618530273,14.137499809265137,13.556249618530273,13.649999618530273,7.464198112487793,843826
2009-11-19,13.725000381469727,13.949999809265137,13.03125,13.181249618530273,7.207874298095703,371471
2009-11-20,12.975000381469727,13.237500190734863,12.975000381469727,13.143750190734863,7.1873674392700195,234706
2009-11-23,13.21875,13.425000190734863,13.125,13.256250381469727,7.248884677886963,284386
2009-11-24,13.425000190734863,13.612500190734863,13.162500381469727,13.368749618530273,7.3104023933410645,412655
2009-11-25,13.368749618530273,14.850000381469727,13.331250190734863,14.137499809265137,7.730776309967041,2880589
2009-11-26,14.175000190734863,14.606249809265137,13.6875,13.818750381469727,7.556475639343262,1412101
2009-11-27,13.368749618530273,13.78125,12.5625,13.181249618530273,7.207874298095703,697095
2009-11-30,13.5,13.762499809265137,13.331250190734863,13.462499618530273,7.361667633056641,378333
2009-12-01,13.5,13.725000381469727,13.331250190734863,13.556249618530273,7.412935733795166,457245
2009-12-02,13.6875,14.175000190734863,13.387499809265137,13.518750190734863,7.392428874969482,744983
2009-12-03,13.574999809265137,15.037500381469727,13.574999809265137,14.831250190734863,8.110137939453125,3742602
2009-12-04,15.037500381469727,15.337499618530273,14.418749809265137,14.662500381469727,8.017861366271973,2056362
2009-12-07,14.625,15.056249618530273,14.381250381469727,14.606249809265137,7.9871039390563965,893869
2009-12-08,14.625,14.831250190734863,14.306249618530273,14.381250381469727,7.864066123962402,501079
2009-12-09,14.4375,17.024999618530273,14.34375,16.78125,9.176453590393066,10981879
2009-12-10,16.912500381469727,17.475000381469727,16.331249237060547,16.443750381469727,8.991899490356445,10775418
2009-12-11,16.631250381469727,16.631250381469727,15.487500190734863,15.75,8.61253547668457,1508514
2009-12-14,15.787500381469727,16.40625,15.412500381469727,15.506250381469727,8.479246139526367,1444247
2009-12-15,15.524999618530273,15.975000381469727,14.925000190734863,15.112500190734863,8.263935089111328,1022655
2009-12-16,15.112500190734863,15.693750381469727,15.056249618530273,15.318750381469727,8.376717567443848,1063133
2009-12-17,15.5625,16.256250381469727,15.412500381469727,15.824999809265137,8.653550148010254,1580855
2009-12-18,16.012500762939453,16.293750762939453,15.5625,15.65625,8.561271667480469,972002
2009-12-21,15.712499618530273,15.9375,15.225000381469727,15.318750381469727,8.376717567443848,896967
2009-12-22,16.125,16.424999237060547,15.46875,15.862500190734863,8.674055099487305,1031383
2009-12-23,16.162500381469727,16.162500381469727,15.581250190734863,15.712499618530273,8.592029571533203,606591
2009-12-24,15.824999809265137,15.918749809265137,15.693750381469727,15.787500381469727,8.633044242858887,545586
2009-12-29,15.993749618530273,17.118749618530273,15.881250381469727,16.293750762939453,8.909873962402344,2107343
2009-12-30,16.481250762939453,16.6875,16.012500762939453,16.162500381469727,8.838102340698242,891541
2009-12-31,16.293750762939453,16.40625,15.84375,15.9375,8.715067863464355,545034
2010-01-04,16.049999237060547,17.137500762939453,15.956250190734863,16.668750762939453,9.114935874938965,1991037
2010-01-05,16.875,17.25,16.649999618530273,16.950000762939453,9.26872730255127,1532053
2010-01-06,17.081249237060547,17.174999237060547,16.837499618530273,16.893749237060547,9.237971305847168,957847
2010-01-07,17.043750762939453,17.25,16.59375,16.78125,9.176453590393066,868005
2010-01-08,16.875,18.1875,16.518749237060547,17.418750762939453,9.525053024291992,2325807
2010-01-11,17.4375,17.850000381469727,17.287500381469727,17.625,9.637837409973145,931781
2010-01-12,17.793750762939453,18.506250381469727,17.625,18.037500381469727,9.86340618133545,2065039
2010-01-13,18.0,21.65625,17.737499237060547,21.356250762939453,11.678190231323242,17359591
2010-01-14,22.049999237060547,23.174999237060547,20.850000381469727,21.993749618530273,12.026792526245117,25563111
2010-01-15,22.256250381469727,23.15625,21.412500381469727,22.575000762939453,12.344632148742676,9616055
2010-01-18,22.462499618530273,23.362499237060547,22.03125,22.950000762939453,12.54969596862793,5192495
2010-01-19,23.212499618530273,23.212499618530273,21.262500762939453,21.543750762939453,11.780720710754395,2845082
2010-01-20,21.75,24.318750381469727,21.524999618530273,23.756250381469727,12.990574836730957,9323501
2010-01-21,23.625,23.625,21.581249237060547,21.9375,11.996030807495117,4633485
2010-01-22,21.674999237060547,22.6875,20.662500381469727,22.162500381469727,12.119070053100586,3776831
2010-01-25,22.293750762939453,22.293750762939453,21.337499618530273,21.487499237060547,11.749957084655762,1764482
2010-01-27,21.375,21.9375,19.6875,19.893749237060547,10.878456115722656,1755895
2010-01-28,20.081249237060547,20.887500762939453,19.5,19.856250762939453,10.857948303222656,1414450
2010-01-29,19.5,22.125,19.5,21.956249237060547,12.006290435791016,3334154
2010-02-01,21.412500381469727,22.5,21.225000381469727,21.46875,11.739710807800293,2769735
2010-02-02,21.712499618530273,22.462499618530273,20.8125,20.981250762939453,11.473129272460938,1315285
2010-02-03,21.299999237060547,21.600000381469727,21.0,21.262500762939453,11.626922607421875,995810
2010-02-04,21.712499618530273,22.012500762939453,20.831249237060547,21.206249237060547,11.596166610717773,949167
2010-02-05,20.625,20.700000762939453,19.96875,20.287500381469727,11.093768119812012,981503
2010-02-08,21.037500381469727,21.431249618530273,20.4375,20.700000762939453,11.31933307647705,803765
2010-02-09,20.625,21.524999618530273,20.625,21.149999618530273,11.565407752990723,1280599
2010-02-10,21.487499237060547,21.84375,21.0,21.65625,11.842233657836914,1610666
2010-02-11,21.75,22.462499618530273,21.450000762939453,21.731250762939453,11.88325309753418,1825519
2010-02-15,21.75,21.918750762939453,21.225000381469727,21.356250762939453,11.678190231323242,470410
2010-02-16,21.46875,21.600000381469727,20.662500381469727,20.924999237060547,11.442370414733887,485757
2010-02-17,21.206249237060547,21.524999618530273,20.774999618530273,20.943750381469727,11.452622413635254,685999
2010-02-18,21.299999237060547,21.637500762939453,19.912500381469727,20.081249237060547,10.980984687805176,1237061
2010-02-19,20.081249237060547,20.231250762939453,19.706249237060547,19.856250762939453,10.857948303222656,748509
2010-02-22,20.606250762939453,20.606250762939453,19.537500381469727,19.725000381469727,10.786176681518555,537063
2010-02-23,19.649999618530273,19.931249618530273,19.368749618530273,19.518749237060547,10.673393249511719,383101
2010-02-24,19.649999618530273,19.706249237060547,18.787500381469727,18.993749618530273,10.386308670043945,402866
2010-02-25,19.387500762939453,19.631250381469727,18.768749237060547,18.862499237060547,10.314537048339844,455258
2010-02-26,19.125,19.96875,18.375,19.649999618530273,10.745162963867188,1129471
2010-03-02,19.893749237060547,20.174999237060547,18.787500381469727,19.950000762939453,10.909212112426758,413354
2010-03-03,20.15625,20.756250381469727,19.799999237060547,20.475000381469727,11.196296691894531,842277
2010-03-04,20.100000381469727,20.493749618530273,20.0625,20.306249618530273,11.104021072387695,376581
2010-03-05,20.512500762939453,21.65625,20.325000762939453,20.962499618530273,11.462875366210938,1487847
2010-03-08,21.899999618530273,22.274999618530273,21.487499237060547,21.899999618530273,11.9755277633667,2063858
2010-03-09,21.899999618530273,21.899999618530273,21.206249237060547,21.581249237060547,11.801226615905762,821237
2010-03-10,21.600000381469727,22.3125,21.393749237060547,21.674999237060547,11.852487564086914,970647
2010-03-11,21.75,21.84375,21.09375,21.337499618530273,11.667936325073242,596285
2010-03-12,22.012500762939453,22.012500762939453,21.149999618530273,21.28125,11.637177467346191,562586
2010-03-15,21.037500381469727,21.450000762939453,20.71875,21.225000381469727,11.60641860961914,390709
2010-03-16,21.637500762939453,22.612499237060547,21.431249618530273,21.84375,11.944767951965332,1775378
2010-03-17,22.049999237060547,22.875,22.049999237060547,22.556249618530273,12.334381103515625,2551757
2010-03-18,22.518749237060547,22.6875,21.787500381469727,22.03125,12.047298431396484,579562
2010-03-19,22.049999237060547,22.5,21.806249618530273,21.899999618530273,11.9755277633667,337802
2010-03-22,21.0,22.068750381469727,20.71875,21.806249618530273,11.924263000488281,451927
2010-03-23,22.012500762939453,24.112499237060547,21.75,23.193750381469727,12.682984352111816,8231391
2010-03-25,21.75,23.174999237060547,21.75,22.049999237060547,12.057554244995117,959658
2010-03-26,22.237499237060547,23.325000762939453,21.9375,22.03125,12.047298431396484,1942767
2010-03-29,22.125,22.837499618530273,21.225000381469727,21.581249237060547,11.801226615905762,857762
2010-03-30,21.731250762939453,21.956249237060547,21.075000762939453,21.1875,11.585915565490723,711997
2010-03-31,21.225000381469727,21.75,20.662500381469727,21.168750762939453,11.575661659240723,684578
2010-04-01,21.693750381469727,22.462499618530273,21.262500762939453,22.143749237060547,12.108816146850586,944751
2010-04-05,22.256250381469727,23.362499237060547,21.993749618530273,23.024999618530273,12.590707778930664,1716178
2010-04-06,23.362499237060547,23.868749618530273,22.875,23.268749237060547,12.7239990234375,1918149
2010-04-07,23.100000381469727,24.337499618530273,22.96875,23.625,12.918805122375488,2827341
2010-04-08,23.587499618530273,23.943750381469727,22.649999618530273,22.856250762939453,12.498430252075195,1354053
2010-04-09,23.0625,23.493749618530273,22.556249618530273,22.818750381469727,12.477923393249512,708530
2010-04-12,23.081249237060547,23.512500762939453,22.912500381469727,23.306249618530273,12.744501113891602,708557
2010-04-13,23.625,24.1875,23.118749618530273,23.8125,13.021331787109375,2390759
2010-04-15,23.943750381469727,24.65625,23.4375,24.149999618530273,13.205887794494629,5982685
2010-04-16,23.962499618530273,25.012500762939453,23.850000381469727,24.618749618530273,13.4622163772583,3546879
2010-04-19,26.25,26.25,22.649999618530273,23.118749618530273,12.641969680786133,2415045
2010-04-20,23.4375,23.962499618530273,21.862499237060547,22.518749237060547,12.31387710571289,3226010
2010-04-21,22.5,23.34375,22.087499618530273,22.631250381469727,12.375395774841309,1500306
2010-04-22,22.668750762939453,23.212499618530273,22.143749237060547,22.893749237060547,12.518938064575195,1180442
2010-04-23,22.931249618530273,23.587499618530273,22.743749618530273,23.399999618530273,12.795767784118652,1386578
2010-04-26,23.625,23.71875,23.0625,23.25,12.713746070861816,766703
2010-04-27,23.512500762939453,23.587499618530273,22.5,22.556249618530273,12.334381103515625,916597
2010-04-28,22.556249618530273,25.556249618530273,21.674999237060547,21.768749237060547,11.903756141662598,1292962
2010-04-29,22.3125,22.612499237060547,22.125,22.40625,12.252360343933105,823999
2010-04-30,22.837499618530273,23.287500381469727,22.556249618530273,22.78125,12.457419395446777,678157
2010-05-03,22.59375,22.837499618530273,21.825000762939453,21.993749618530273,12.026792526245117,521485
2010-05-04,22.200000762939453,22.893749237060547,21.787500381469727,21.881250381469727,11.965275764465332,1269687
2010-05-05,21.5625,22.537500381469727,21.1875,21.693750381469727,11.862743377685547,1253266
2010-05-06,21.9375,22.049999237060547,21.375,21.581249237060547,11.801226615905762,552330
2010-05-07,21.075000762939453,21.487499237060547,20.475000381469727,20.662500381469727,11.29883098602295,495879
2010-05-10,20.90625,21.637500762939453,20.90625,21.337499618530273,11.667936325073242,615834
2010-05-11,21.037500381469727,21.524999618530273,20.643749237060547,20.737499237060547,11.339838027954102,402151
2010-05-12,20.90625,21.09375,20.549999237060547,20.831249237060547,11.391104698181152,338965
2010-05-13,21.056249618530273,21.225000381469727,20.625,20.662500381469727,11.29883098602295,508845
2010-05-14,20.625,20.8125,20.100000381469727,20.268749237060547,11.083513259887695,193687
2010-05-17,20.043750762939453,20.25,19.424999237060547,19.856250762939453,10.857948303222656,438319
2010-05-18,19.912500381469727,20.137500762939453,19.256250381469727,19.40625,10.6118745803833,332823
2010-05-19,19.21875,19.6875,18.825000762939453,18.9375,10.355550765991211,272501
2010-05-20,19.6875,19.6875,18.375,18.46875,10.099224090576172,352306
2010-05-21,18.018749237060547,18.168750762939453,17.362499237060547,17.90625,9.791635513305664,588055
2010-05-24,18.375,18.375,16.987499237060547,17.137500762939453,9.371259689331055,448383
2010-05-25,16.612499237060547,17.53125,15.75,16.106250762939453,8.807345390319824,1027613
2010-05-26,16.743749618530273,17.25,15.918749809265137,16.78125,9.176453590393066,1194023
2010-05-27,17.0625,17.137500762939453,16.631250381469727,16.912500381469727,9.248224258422852,1132930
2010-05-28,17.625,17.793750762939453,17.137500762939453,17.399999618530273,9.514800071716309,415426
2010-05-31,17.587499618530273,18.112499237060547,17.362499237060547,17.850000381469727,9.76087474822998,853735
2010-06-01,17.325000762939453,17.793750762939453,16.59375,16.743749618530273,9.155948638916016,823183
2010-06-02,16.762500762939453,17.0625,16.575000762939453,16.875,9.227716445922852,421607
2010-06-03,17.118749618530273,17.212499618530273,16.649999618530273,16.725000381469727,9.145692825317383,1817831
2010-06-04,16.518749237060547,18.543750762939453,16.518749237060547,18.318750381469727,10.01719856262207,4220210
2010-06-07,17.625,18.0,17.306249618530273,17.793750762939453,9.730117797851562,1067978
2010-06-08,17.662500381469727,18.149999618530273,17.024999618530273,17.287500381469727,9.615397453308105,587813
2010-06-09,17.493749618530273,17.981250762939453,17.456249237060547,17.8125,9.907408714294434,766853
2010-06-10,17.850000381469727,19.799999237060547,17.662500381469727,19.387500762939453,10.783431053161621,1748239
2010-06-11,19.537500381469727,20.024999618530273,18.975000381469727,19.256250381469727,10.710426330566406,1113887
2010-06-14,19.743749618530273,20.0625,19.59375,19.706249237060547,10.960722923278809,582447
2010-06-15,19.668750762939453,20.25,19.3125,19.668750762939453,10.939861297607422,812453
2010-06-16,19.950000762939453,20.793750762939453,19.837499618530273,20.325000762939453,11.304872512817383,1973434
2010-06-17,20.268749237060547,21.450000762939453,20.25,20.887500762939453,11.617737770080566,1921813
2010-06-18,20.887500762939453,21.112499237060547,20.25,20.362499237060547,11.325729370117188,597263
2010-06-21,20.625,20.793750762939453,20.081249237060547,20.231250762939453,11.252728462219238,419370
2010-06-22,20.231250762939453,20.231250762939453,19.6875,19.818750381469727,11.02329158782959,388690
2010-06-23,19.78125,19.875,19.462499618530273,19.612499237060547,10.908576965332031,449399
2010-06-24,19.837499618530273,20.15625,19.256250381469727,19.424999237060547,10.80428695678711,614997
2010-06-25,19.481250762939453,20.024999618530273,19.3125,19.387500762939453,10.783431053161621,580925
2010-06-28,19.424999237060547,19.875,19.3125,19.443750381469727,10.814715385437012,460695
2010-06-29,19.424999237060547,20.625,19.424999237060547,19.762500762939453,10.9920072555542,1855071
2010-06-30,19.575000762939453,20.043750762939453,19.575000762939453,19.893749237060547,11.065010070800781,454909
2010-07-01,19.6875,23.625,19.649999618530273,20.53125,11.41958999633789,3823975
2010-07-02,20.90625,20.90625,19.556249618530273,19.856250762939453,11.044149398803711,657501
2010-07-05,20.0625,20.0625,19.668750762939453,19.762500762939453,10.9920072555542,250327
2010-07-06,19.837499618530273,20.681249618530273,19.837499618530273,20.456249237060547,11.377874374389648,1019247
2010-07-07,20.850000381469727,20.850000381469727,20.081249237060547,20.212499618530273,11.242297172546387,1260959
2010-07-08,20.662500381469727,20.962499618530273,19.987499237060547,20.643749237060547,11.482161521911621,1567725
2010-07-09,21.037500381469727,21.131250381469727,20.306249618530273,20.399999618530273,11.346585273742676,995935
2010-07-12,20.737499237060547,21.75,20.475000381469727,21.262500762939453,11.826313018798828,4446626
2010-07-13,21.375,21.375,20.831249237060547,20.887500762939453,11.617737770080566,633770
2010-07-14,21.0,21.787500381469727,20.831249237060547,21.037500381469727,11.701168060302734,1897127
2010-07-15,21.1875,21.450000762939453,20.287500381469727,20.475000381469727,11.38830280303955,997029
2010-07-16,20.475000381469727,20.850000381469727,20.306249618530273,20.399999618530273,11.346585273742676,625877
2010-07-19,20.325000762939453,20.587499618530273,20.100000381469727,20.25,11.263157844543457,490125
2010-07-20,20.606250762939453,20.681249618530273,19.706249237060547,19.912500381469727,11.075437545776367,646770
2010-07-21,20.212499618530273,20.325000762939453,19.200000762939453,19.462499618530273,10.825142860412598,599487
2010-07-22,19.649999618530273,19.649999618530273,19.331249237060547,19.387500762939453,10.783431053161621,359530
2010-07-23,19.799999237060547,19.799999237060547,18.956249237060547,19.162500381469727,10.658282279968262,465543
2010-07-26,19.424999237060547,19.424999237060547,18.581249237060547,18.693750381469727,10.397562026977539,435429
2010-07-27,18.787500381469727,19.237499237060547,18.5625,18.862499237060547,10.491419792175293,557293
2010-07-28,18.787500381469727,19.125,18.674999237060547,18.768749237060547,10.439279556274414,207791
2010-07-29,18.75,18.918750762939453,18.412500381469727,18.524999618530273,10.30370044708252,338647
2010-07-30,18.600000381469727,18.65625,18.318750381469727,18.393749237060547,10.230700492858887,222269
2010-08-02,18.637500762939453,19.125,18.412500381469727,18.862499237060547,10.491419792175293,541639
2010-08-03,19.125,21.5625,18.412500381469727,18.899999618530273,10.512276649475098,664277
2010-08-04,18.9375,20.100000381469727,18.9375,19.237499237060547,10.699999809265137,2752023
2010-08-05,19.5,19.612499237060547,18.431249618530273,18.600000381469727,10.345415115356445,1195493
2010-08-06,18.956249237060547,18.956249237060547,18.337499618530273,18.46875,10.272416114807129,865047
2010-08-09,18.337499618530273,18.899999618530273,18.337499618530273,18.46875,10.272416114807129,911271
2010-08-10,18.712499618530273,18.825000762939453,18.1875,18.299999237060547,10.178553581237793,1073573
2010-08-11,18.375,18.46875,17.53125,17.681249618530273,9.834403991699219,967226
2010-08-12,17.625,17.625,17.193750381469727,17.268749237060547,9.604969024658203,830687
2010-08-13,17.34375,17.831249237060547,17.212499618530273,17.493749618530273,9.73011589050293,493634
2010-08-16,17.662500381469727,17.774999618530273,16.893749237060547,17.15625,9.542396545410156,450778
2010-08-17,17.418750762939453,17.625,17.100000381469727,17.174999237060547,9.552824974060059,376597
2010-08-18,17.25,17.53125,16.875,16.987499237060547,9.448535919189453,521639
2010-08-19,17.15625,17.418750762939453,17.100000381469727,17.212499618530273,9.573681831359863,429573
2010-08-20,17.25,17.756250381469727,17.174999237060547,17.268749237060547,9.604969024658203,644503
2010-08-23,17.287500381469727,17.71875,17.212499618530273,17.512500762939453,9.740546226501465,567298
2010-08-24,17.681249618530273,17.737499237060547,17.306249618530273,17.4375,9.698827743530273,379962
2010-08-25,17.549999237060547,17.568750381469727,16.799999237060547,16.893749237060547,9.396392822265625,334722
2010-08-26,17.043750762939453,17.15625,16.5,16.725000381469727,9.302531242370605,555026
2010-08-27,16.762500762939453,17.043750762939453,16.518749237060547,16.59375,9.22952938079834,460853
2010-08-30,16.837499618530273,16.875,16.200000762939453,16.274999618530273,9.052242279052734,244237
2010-08-31,16.125,16.3125,15.975000381469727,16.03125,8.916666030883789,286293
2010-09-01,16.200000762939453,16.6875,16.087499618530273,16.387500762939453,9.114813804626465,514845
2010-09-02,16.875,16.875,16.5,16.575000762939453,9.21910285949707,260165
2010-09-03,16.6875,16.837499618530273,16.537500381469727,16.668750762939453,9.271246910095215,262879
2010-09-06,16.743749618530273,17.4375,16.649999618530273,17.212499618530273,9.573681831359863,1610357
2010-09-07,17.174999237060547,18.28125,17.174999237060547,18.018749237060547,10.022122383117676,1596895
2010-09-08,18.1875,19.387500762939453,18.09375,18.768749237060547,10.439279556274414,5740047
2010-09-09,18.956249237060547,20.0625,18.712499618530273,19.799999237060547,11.012863159179688,3911938
2010-09-13,20.137500762939453,22.274999618530273,19.96875,21.09375,11.732454299926758,11103237
2010-09-14,21.75,22.350000381469727,20.381250381469727,20.8125,11.576022148132324,10096866
2010-09-15,20.737499237060547,21.1875,20.25,20.362499237060547,11.325729370117188,2400642
2010-09-16,20.399999618530273,20.850000381469727,19.125,19.40625,10.793859481811523,2371999
2010-09-17,19.5,20.4375,19.5,20.043750762939453,11.148438453674316,4042815
2010-09-20,20.024999618530273,20.34375,19.518749237060547,19.762500762939453,10.9920072555542,1843210
2010-09-21,20.081249237060547,20.137500762939453,19.274999618530273,19.424999237060547,10.80428695678711,1589615
2010-09-22,19.162500381469727,19.649999618530273,19.012500762939453,19.106250762939453,10.626996040344238,1174165
2010-09-23,19.162500381469727,19.237499237060547,18.618749618530273,18.712499618530273,10.407988548278809,1172349
2010-09-24,18.993749618530273,19.762500762939453,18.393749237060547,19.368749618530273,10.773001670837402,2070791
2010-09-27,19.649999618530273,19.837499618530273,18.299999237060547,18.431249618530273,10.251559257507324,2431429
2010-09-28,18.5625,18.65625,18.056249618530273,18.149999618530273,10.095122337341309,1704053
2010-09-29,18.1875,19.518749237060547,18.1875,18.9375,10.533136367797852,4232954
2010-09-30,19.125,19.125,18.506250381469727,18.65625,10.37670612335205,1203853
2010-10-01,18.9375,19.256250381469727,18.75,18.956249237060547,10.543566703796387,1178791
2010-10-04,18.975000381469727,19.21875,18.487499237060547,18.65625,10.37670612335205,774591
2010-10-05,18.75,18.825000762939453,18.487499237060547,18.637500762939453,10.366277694702148,804178
2010-10-06,18.899999618530273,20.418750762939453,18.581249237060547,19.837499618530273,11.033721923828125,8434255
2010-10-07,20.043750762939453,20.325000762939453,19.012500762939453,19.143749237060547,10.64785385131836,3083314
2010-10-08,19.21875,19.462499618530273,18.787500381469727,18.993749618530273,10.564421653747559,999106
2010-10-11,19.200000762939453,19.368749618530273,18.75,18.918750762939453,10.522706985473633,719943
2010-10-12,20.625,21.75,19.106250762939453,19.631250381469727,10.9190034866333,3945919
2010-10-13,19.537500381469727,19.837499618530273,19.3125,19.40625,10.793859481811523,1204173
2010-10-14,20.0625,20.0625,18.9375,19.087499618530273,10.616568565368652,1004431
2010-10-15,18.9375,19.5,18.600000381469727,18.712499618530273,10.407988548278809,1317781
2010-10-18,18.862499237060547,19.3125,18.375,19.106250762939453,10.626996040344238,1350690
2010-10-19,19.799999237060547,19.799999237060547,19.162500381469727,19.293750762939453,10.731285095214844,2528365
2010-10-20,19.125,19.481250762939453,18.75,18.881250381469727,10.501850128173828,666293
2010-10-21,19.068750381469727,19.162500381469727,18.75,19.03125,10.585284233093262,422295
2010-10-22,19.200000762939453,19.40625,18.881250381469727,19.125,10.637426376342773,846493
2010-10-25,19.237499237060547,19.462499618530273,18.618749618530273,18.9375,10.533136367797852,1469202
2010-10-26,19.012500762939453,19.537500381469727,18.899999618530273,19.256250381469727,10.710426330566406,1615021
2010-10-27,19.3125,21.075000762939453,19.237499237060547,20.606250762939453,11.461302757263184,8912469
2010-10-28,20.924999237060547,21.431249618530273,20.625,20.850000381469727,11.596879959106445,7354295
2010-10-29,21.131250381469727,22.649999618530273,20.325000762939453,22.274999618530273,12.389472961425781,15918890
2010-11-01,22.837499618530273,23.231250762939453,22.59375,22.96875,12.775339126586914,13580341
2010-11-02,23.418750762939453,23.418750762939453,21.9375,22.200000762939453,12.347758293151855,6146997
2010-11-03,22.387500762939453,22.462499618530273,21.787500381469727,21.9375,12.201750755310059,2246458
2010-11-04,22.087499618530273,23.193750381469727,21.1875,23.024999618530273,12.806624412536621,7005002
2010-11-08,23.212499618530273,23.850000381469727,22.537500381469727,23.399999618530273,13.015201568603516,3192439
2010-11-09,24.056249618530273,24.112499237060547,22.125,22.575000762939453,12.556329727172852,13491306
2010-11-10,22.818750381469727,23.15625,22.181249618530273,22.350000381469727,12.431187629699707,3661618
2010-11-11,22.575000762939453,23.0625,21.993749618530273,22.200000762939453,12.347758293151855,2606871
2010-11-12,22.200000762939453,22.40625,21.09375,21.299999237060547,11.847171783447266,2162293
2010-11-15,21.375,22.162500381469727,20.362499237060547,21.693750381469727,12.066176414489746,2268754
2010-11-16,21.524999618530273,22.293750762939453,20.71875,20.868749618530273,11.811483383178711,2801845
2010-11-18,20.90625,21.28125,19.59375,20.25,11.46127986907959,1860751
2010-11-19,20.456249237060547,20.456249237060547,19.125,19.350000381469727,10.951886177062988,1439797
2010-11-22,19.518749237060547,19.799999237060547,18.674999237060547,19.331249237060547,10.941274642944336,1223599
2010-11-23,19.200000762939453,19.612499237060547,18.0,19.087499618530273,10.803313255310059,1474906
2010-11-24,19.162500381469727,19.5,18.375,18.600000381469727,10.527393341064453,935919
2010-11-25,18.75,19.087499618530273,17.737499237060547,17.943750381469727,10.155964851379395,1143679
2010-11-26,17.737499237060547,18.112499237060547,16.125,16.931249618530273,9.582900047302246,1309775
2010-11-29,17.25,18.28125,16.987499237060547,18.09375,10.240861892700195,1352146
2010-11-30,18.674999237060547,19.21875,18.46875,18.637500762939453,10.548619270324707,2297349
2010-12-01,18.450000762939453,19.03125,18.450000762939453,18.918750762939453,10.707802772521973,866994
2010-12-02,19.049999237060547,19.59375,18.9375,19.087499618530273,10.803313255310059,1186911
2010-12-03,19.143749237060547,19.21875,18.46875,18.543750762939453,10.49555778503418,682087
2010-12-06,18.375,18.993749618530273,18.075000762939453,18.356250762939453,10.389436721801758,667951
2010-12-07,18.412500381469727,18.9375,17.90625,18.600000381469727,10.527393341064453,1026162
2010-12-08,18.375,18.75,17.625,17.8125,10.081679344177246,1213810
2010-12-09,17.943750381469727,17.981250762939453,15.9375,16.387500762939453,9.275141716003418,1191922
2010-12-10,16.200000762939453,17.193750381469727,15.975000381469727,17.137500762939453,9.69963550567627,929181
2010-12-13,16.912500381469727,17.737499237060547,16.912500381469727,17.606250762939453,9.964942932128906,618498
2010-12-14,17.625,18.337499618530273,17.325000762939453,17.774999618530273,10.060454368591309,1193335
2010-12-15,17.625,17.868749618530273,17.212499618530273,17.587499618530273,9.954330444335938,638191
2010-12-16,17.549999237060547,18.0,17.174999237060547,17.700000762939453,10.018004417419434,1035050
2010-12-20,17.399999618530273,18.112499237060547,17.287500381469727,17.756250381469727,10.049840927124023,1732765
2010-12-21,17.625,17.943750381469727,17.587499618530273,17.756250381469727,10.049840927124023,495946
2010-12-22,17.71875,17.924999237060547,17.399999618530273,17.568750381469727,9.943720817565918,395677
2010-12-23,17.625,17.962499618530273,17.362499237060547,17.606250762939453,9.964942932128906,455183
2010-12-24,17.456249237060547,17.793750762939453,17.456249237060547,17.606250762939453,9.964942932128906,481829
2010-12-27,17.700000762939453,17.887500762939453,17.625,17.8125,10.081679344177246,429109
2010-12-28,18.262500762939453,18.899999618530273,18.1875,18.506250381469727,10.474334716796875,1947735
2010-12-29,18.5625,18.712499618530273,18.337499618530273,18.450000762939453,10.442499160766602,413517
2010-12-30,18.543750762939453,18.693750381469727,18.262500762939453,18.412500381469727,10.421274185180664,519119
2010-12-31,18.543750762939453,18.674999237060547,18.375,18.5625,10.506170272827148,524351
2011-01-03,18.9375,19.462499618530273,18.768749237060547,19.3125,10.930662155151367,1534242
2011-01-04,19.5,19.856250762939453,19.106250762939453,19.6875,11.142908096313477,2101498
2011-01-05,19.6875,19.762500762939453,18.862499237060547,18.993749618530273,10.750255584716797,788589
2011-01-06,19.143749237060547,19.143749237060547,18.412500381469727,18.618749618530273,10.538005828857422,474543
2011-01-07,18.75,18.75,17.662500381469727,17.831249237060547,10.092291831970215,591047
2011-01-10,18.0,18.0,17.081249237060547,17.231250762939453,9.75269889831543,553943
2011-01-11,17.4375,17.625,17.174999237060547,17.306249618530273,9.795146942138672,450111
2011-01-12,17.418750762939453,17.962499618530273,17.024999618530273,17.587499618530273,9.954330444335938,588215
2011-01-13,17.625,17.774999618530273,17.043750762939453,17.137500762939453,9.69963550567627,541023
2011-01-14,17.4375,17.4375,16.725000381469727,16.875,9.551064491271973,520967
2011-01-17,16.875,17.137500762939453,16.462499618530273,16.612499237060547,9.402490615844727,331050
2011-01-18,16.837499618530273,17.043750762939453,16.6875,16.931249618530273,9.582900047302246,251597
2011-01-19,17.25,17.568750381469727,16.424999237060547,16.59375,9.391879081726074,1061879
2011-01-20,16.481250762939453,16.762500762939453,16.3125,16.424999237060547,9.296368598937988,407895
2011-01-21,16.424999237060547,16.649999618530273,16.21875,16.256250381469727,9.200859069824219,552554
2011-01-24,16.200000762939453,16.424999237060547,16.181249618530273,16.237499237060547,9.1902437210083,266519
2011-01-25,16.424999237060547,16.6875,16.237499237060547,16.350000381469727,9.253918647766113,493871
2011-01-27,16.387500762939453,16.40625,15.975000381469727,16.087499618530273,9.105347633361816,257517
2011-01-28,16.106250762939453,16.181249618530273,15.037500381469727,15.318750381469727,8.670242309570312,497917
2011-01-31,15.262499809265137,15.262499809265137,14.662500381469727,15.056249618530273,8.521672248840332,361005
2011-02-01,15.243749618530273,15.262499809265137,14.71875,14.868749618530273,8.415548324584961,340026
2011-02-02,15.168749809265137,15.168749809265137,14.8125,15.0,8.489835739135742,220325
2011-02-03,15.0,15.543749809265137,14.831250190734863,15.262499809265137,8.638406753540039,433805
2011-02-04,15.46875,15.543749809265137,14.71875,14.962499618530273,8.468610763549805,378119
2011-02-07,14.868749618530273,15.149999618530273,14.8125,14.887499809265137,8.426159858703613,213077
2011-02-08,14.962499618530273,14.981249809265137,14.268750190734863,14.324999809265137,8.107791900634766,334746
2011-02-09,14.25,14.25,12.975000381469727,13.40625,7.587789535522461,406071
2011-02-10,13.574999809265137,13.875,12.824999809265137,13.237500190734863,7.49228048324585,449047
2011-02-11,13.125,14.4375,12.637499809265137,14.193750381469727,8.0335054397583,496805
2011-02-14,14.475000381469727,15.1875,14.4375,14.981249809265137,8.479222297668457,448186
2011-02-15,15.262499809265137,15.712499618530273,14.850000381469727,15.168749809265137,8.585344314575195,1826503
2011-02-16,15.168749809265137,15.262499809265137,14.625,14.90625,8.436773300170898,602343
2011-02-17,14.925000190734863,14.925000190734863,14.550000190734863,14.643750190734863,8.288201332092285,525693
2011-02-18,14.8125,14.90625,14.081250190734863,14.193750381469727,8.0335054397583,420538
2011-02-21,14.306249618530273,14.306249618530273,13.725000381469727,13.893750190734863,7.863710880279541,317098
2011-02-22,13.912500381469727,13.912500381469727,13.537500381469727,13.649999618530273,7.725749969482422,342338
2011-02-23,13.59375,13.875,13.462499618530273,13.706250190734863,7.757587432861328,1193234
2011-02-24,13.800000190734863,13.800000190734863,12.693750381469727,12.9375,7.322483062744141,596869
2011-02-25,13.125,13.3125,12.75,12.993749618530273,7.354319095611572,396087
2011-02-28,13.125,13.59375,12.75,12.824999809265137,7.258808135986328,587589
2011-03-01,12.9375,13.387499809265137,12.862500190734863,13.125,7.428606986999512,716594
2011-03-03,13.125,13.350000381469727,12.524999618530273,12.581250190734863,7.120848178863525,662927
2011-03-04,12.731249809265137,13.125,12.65625,12.731249809265137,7.205748558044434,609037
2011-03-07,12.65625,12.65625,12.225000381469727,12.337499618530273,6.982888698577881,451989
2011-03-08,12.487500190734863,12.787500381469727,12.375,12.693750381469727,7.184521198272705,420487
2011-03-09,12.824999809265137,12.899999618530273,12.618749618530273,12.712499618530273,7.1951375007629395,486114
2011-03-10,12.693750381469727,12.84375,12.600000381469727,12.637499809265137,7.1526875495910645,261682
2011-03-11,12.65625,12.84375,12.46875,12.5625,7.1102375984191895,425247
2011-03-14,12.543749809265137,12.787500381469727,12.487500190734863,12.581250190734863,7.120848178863525,229701
2011-03-15,12.09375,12.487500190734863,12.037500381469727,12.206250190734863,6.908601760864258,487437
2011-03-16,12.356249809265137,12.600000381469727,12.149999618530273,12.1875,6.89799165725708,324509
2011-03-17,12.112500190734863,12.262499809265137,12.0,12.09375,6.844927787780762,260855
2011-03-18,12.074999809265137,12.225000381469727,11.887499809265137,12.09375,6.844927787780762,290037
2011-03-21,12.112500190734863,12.487500190734863,12.0,12.262499809265137,6.9404401779174805,1060797
2011-03-22,12.375,12.9375,12.375,12.84375,7.269423484802246,1006370
2011-03-23,12.9375,13.518750190734863,12.824999809265137,13.40625,7.587789535522461,981989
2011-03-24,13.649999618530273,13.6875,13.087499618530273,13.181249618530273,7.460443019866943,870325
2011-03-25,13.125,13.40625,13.03125,13.068750381469727,7.396767616271973,438442
2011-03-28,13.237500190734863,14.006250381469727,13.237500190734863,13.574999809265137,7.68330192565918,2653581
2011-03-29,14.925000190734863,15.0,13.912500381469727,14.043749809265137,7.948606491088867,2312679
2011-03-30,14.137499809265137,16.481250762939453,13.912500381469727,15.975000381469727,9.041671752929688,6059327
2011-03-31,16.350000381469727,17.024999618530273,15.993749618530273,16.143749237060547,9.13718318939209,3116591
2011-04-01,16.162500381469727,16.274999618530273,15.449999809265137,15.862500190734863,8.97800064086914,1102751
2011-04-04,15.9375,16.200000762939453,15.581250190734863,15.637499809265137,8.850652694702148,1367559
2011-04-05,15.787500381469727,15.975000381469727,15.28125,15.431249618530273,8.733916282653809,1903898
2011-04-06,15.543749809265137,16.049999237060547,15.487500190734863,15.675000190734863,8.871877670288086,1443906
2011-04-07,15.712499618530273,16.274999618530273,15.712499618530273,16.012500762939453,9.062899589538574,1151007
2011-04-08,16.012500762939453,16.143749237060547,15.524999618530273,15.65625,8.861265182495117,588421
2011-04-11,15.637499809265137,16.668750762939453,15.337499618530273,16.181249618530273,9.158408164978027,2241314
2011-04-13,16.125,16.125,15.675000190734863,16.012500762939453,9.062899589538574,723458
2011-04-15,16.125,17.625,16.125,17.418750762939453,9.858819961547852,5651063
2011-04-18,17.625,18.0,16.799999237060547,16.987499237060547,9.614736557006836,3338706
2011-04-19,17.137500762939453,17.418750762939453,16.725000381469727,17.15625,9.710246086120605,1770866
2011-04-20,17.549999237060547,18.5625,16.799999237060547,17.756250381469727,10.049840927124023,5615106
2011-04-21,18.131250381469727,18.131250381469727,16.912500381469727,16.987499237060547,9.614736557006836,1894053
2011-04-25,17.118749618530273,17.118749618530273,16.556249618530273,16.612499237060547,9.402490615844727,677813
2011-04-26,16.5,16.78125,16.293750762939453,16.462499618530273,9.317594528198242,798063
2011-04-27,16.59375,16.668750762939453,16.106250762939453,16.21875,9.179634094238281,659882
2011-04-28,16.256250381469727,16.256250381469727,15.225000381469727,15.449999809265137,8.744527816772461,1290127
2011-04-29,15.393750190734863,16.237499237060547,15.375,15.618749618530273,8.840041160583496,1008917
2011-05-02,15.637499809265137,16.087499618530273,15.46875,15.581250190734863,8.818816184997559,469986
2011-05-03,15.487500190734863,15.862500190734863,15.318750381469727,15.412500381469727,8.72330379486084,512714
2011-05-04,15.375,15.5625,15.074999809265137,15.225000381469727,8.617181777954102,469829
2011-05-05,15.09375,15.337499618530273,14.625,14.699999809265137,8.320037841796875,418399
2011-05-06,14.981249809265137,15.318750381469727,14.71875,15.056249618530273,8.521672248840332,560658
2011-05-09,14.662500381469727,15.206250190734863,14.381250381469727,14.887499809265137,8.426159858703613,217525
2011-05-10,15.0,15.824999809265137,14.699999809265137,15.318750381469727,8.670242309570312,1078911
2011-05-11,15.225000381469727,15.524999618530273,15.149999618530273,15.318750381469727,8.670242309570312,375805
2011-05-12,15.28125,15.618749618530273,15.037500381469727,15.09375,8.54289722442627,309583
2011-05-13,14.418749809265137,15.262499809265137,14.418749809265137,15.09375,8.54289722442627,241221
2011-05-16,14.4375,15.337499618530273,14.4375,14.90625,8.436773300170898,284002
2011-05-17,14.90625,15.0,14.456250190734863,14.550000190734863,8.235140800476074,630151
2011-05-18,14.568750381469727,14.681249618530273,14.193750381469727,14.268750190734863,8.075955390930176,261031
2011-05-19,14.362500190734863,14.399999618530273,14.081250190734863,14.137499809265137,8.001667976379395,190119
2011-05-20,14.0625,14.306249618530273,13.912500381469727,14.006250381469727,7.9273834228515625,482845
2011-05-23,13.949999809265137,14.212499618530273,13.78125,14.0625,7.959221839904785,234413
2011-05-24,13.931249618530273,14.306249618530273,13.875,13.912500381469727,7.874321460723877,251663
2011-05-25,14.006250381469727,14.550000190734863,13.837499618530273,14.4375,8.171463966369629,557887
2011-05-26,14.4375,14.71875,14.25,14.324999809265137,8.107791900634766,259839
2011-05-27,14.4375,14.625,14.175000190734863,14.418749809265137,8.160852432250977,301221
2011-05-30,14.475000381469727,14.925000190734863,14.100000381469727,14.756250381469727,8.351875305175781,400802
2011-05-31,14.756250381469727,15.112500190734863,14.643750190734863,15.037500381469727,8.511056900024414,317746
2011-06-01,15.074999809265137,15.65625,14.981249809265137,15.5625,8.808206558227539,493735
2011-06-02,15.243749618530273,15.693750381469727,15.112500190734863,15.487500190734863,8.765752792358398,468127
2011-06-03,15.975000381469727,16.649999618530273,15.65625,16.481250762939453,9.328205108642578,5758853
2011-06-06,16.293750762939453,17.024999618530273,16.21875,16.893749237060547,9.561675071716309,2688770
2011-06-07,16.893749237060547,17.043750762939453,16.256250381469727,16.462499618530273,9.317594528198242,1218813
2011-06-08,16.3125,18.318750381469727,15.46875,17.8125,10.316683769226074,15906514
2011-06-09,18.1875,18.487499237060547,17.174999237060547,17.306249618530273,10.023470878601074,9076031
2011-06-10,17.381250381469727,17.587499618530273,16.912500381469727,17.15625,9.936592102050781,1745607
2011-06-13,16.950000762939453,17.25,16.818750381469727,17.024999618530273,9.860575675964355,1116482
2011-06-14,17.100000381469727,17.137500762939453,16.612499237060547,16.818750381469727,9.741119384765625,565378
2011-06-15,16.875,16.875,16.125,16.162500381469727,9.361032485961914,738039
2011-06-16,16.125,16.631250381469727,15.581250190734863,16.331249237060547,9.458767890930176,992322
2011-06-17,16.462499618530273,16.481250762939453,15.318750381469727,15.543749809265137,9.00266170501709,804175
2011-06-20,15.675000190734863,15.731249809265137,13.875,14.399999618530273,8.340225219726562,1309599
2011-06-21,14.587499618530273,15.056249618530273,14.587499618530273,14.850000381469727,8.60085678100586,654893
2011-06-22,15.225000381469727,15.225000381469727,14.362500190734863,14.568750381469727,8.437960624694824,389639
2011-06-23,14.362500190734863,14.737500190734863,13.987500190734863,14.268750190734863,8.264206886291504,548634
2011-06-24,14.587499618530273,14.925000190734863,14.34375,14.850000381469727,8.60085678100586,437807
2011-06-27,14.962499618530273,15.28125,14.625,15.037500381469727,8.709449768066406,508658
2011-06-28,15.0,15.5625,15.0,15.300000190734863,8.86148738861084,578743
2011-06-29,15.449999809265137,15.637499809265137,15.1875,15.375,8.904926300048828,856450
2011-06-30,15.375,15.5625,15.0,15.1875,8.796329498291016,281831
2011-07-01,15.243749618530273,16.387500762939453,15.243749618530273,16.012500762939453,9.274154663085938,1806687
2011-07-04,16.125,16.3125,15.9375,16.21875,9.393610000610352,912525
2011-07-05,16.256250381469727,16.274999618530273,15.881250381469727,15.956250190734863,9.24157428741455,381055
2011-07-06,16.049999237060547,16.143749237060547,15.787500381469727,16.03125,9.285014152526855,314402
2011-07-07,16.200000762939453,16.799999237060547,16.125,16.424999237060547,9.513067245483398,1393493
2011-07-08,16.59375,16.725000381469727,16.03125,16.087499618530273,9.317593574523926,556858
2011-07-11,16.012500762939453,16.21875,15.5625,15.637499809265137,9.056962966918945,381695
2011-07-12,15.5625,15.693750381469727,14.962499618530273,15.149999618530273,8.774609565734863,608311
2011-07-13,15.375,16.350000381469727,15.375,16.106250762939453,9.328454971313477,2408210
2011-07-14,16.200000762939453,16.256250381469727,15.074999809265137,15.243749618530273,8.828909873962402,3330607
2011-07-15,15.168749809265137,15.375,14.643750190734863,14.850000381469727,8.60085678100586,1390285
2011-07-18,15.300000190734863,15.375,14.681249618530273,14.737500190734863,8.535698890686035,551061
2011-07-19,14.887499809265137,15.206250190734863,14.625,14.943750381469727,8.655155181884766,1116311
2011-07-20,15.0,15.09375,14.381250381469727,14.53125,8.416240692138672,953930
2011-07-21,14.71875,14.71875,14.25,14.287500381469727,8.275066375732422,572173
2011-07-22,14.324999809265137,14.568750381469727,14.324999809265137,14.399999618530273,8.340225219726562,453071
2011-07-25,14.306249618530273,14.475000381469727,14.0625,14.137499809265137,8.188187599182129,505421
2011-07-26,14.306249618530273,14.512499809265137,14.0625,14.137499809265137,8.188187599182129,547631
2011-07-27,14.25,14.587499618530273,13.949999809265137,14.043749809265137,8.133888244628906,553111
2011-07-28,14.0625,14.0625,13.6875,13.800000190734863,7.992713451385498,506783
2011-07-29,13.893750190734863,13.912500381469727,13.5,13.574999809265137,7.862398147583008,532594
2011-08-01,11.568750381469727,13.912500381469727,11.568750381469727,13.537500381469727,7.840677738189697,567213
2011-08-02,13.537500381469727,13.537500381469727,13.162500381469727,13.274999618530273,7.6886444091796875,348738
2011-08-03,13.143750190734863,13.3125,12.75,13.199999809265137,7.645203590393066,543717
2011-08-04,12.9375,13.425000190734863,12.787500381469727,12.899999618530273,7.47144889831543,395679
2011-08-05,12.75,12.918749809265137,12.037500381469727,12.506250381469727,7.243396759033203,867479
2011-08-08,12.337499618530273,12.337499618530273,11.662500381469727,12.09375,7.004484176635742,533658
2011-08-09,11.625,11.981249809265137,11.287500381469727,11.850000381469727,6.863308906555176,904327
2011-08-10,12.206250190734863,12.712499618530273,12.131250381469727,12.5625,7.27597713470459,379975
2011-08-11,12.46875,12.506250381469727,11.831250190734863,12.262499809265137,7.10222053527832,219602
2011-08-12,12.375,12.5625,11.850000381469727,11.887499809265137,6.885029315948486,333349
2011-08-16,12.037500381469727,12.899999618530273,12.037500381469727,12.524999618530273,7.254257678985596,1194735
2011-08-17,12.543749809265137,12.731249809265137,11.287500381469727,11.887499809265137,6.885029315948486,819519
2011-08-18,11.925000190734863,12.412500381469727,11.53125,11.606249809265137,6.722133636474609,479287
2011-08-19,11.25,11.512499809265137,10.875,11.25,6.515799522399902,517026
2011-08-22,11.15625,11.493749618530273,10.931249618530273,11.399999618530273,6.602675914764404,288119
2011-08-23,11.399999618530273,11.737500190734863,11.287500381469727,11.681249618530273,6.765570640563965,218711
2011-08-24,11.475000381469727,12.018750190734863,11.287500381469727,11.493749618530273,6.656975269317627,244234
2011-08-25,11.8125,11.8125,11.212499618530273,11.362500190734863,6.580958366394043,232426
2011-08-26,11.34375,11.53125,10.893750190734863,10.949999809265137,6.342044830322266,340093
2011-08-29,11.25,11.324999809265137,11.0625,11.193750381469727,6.483220100402832,481938
2011-08-30,11.324999809265137,11.774999618530273,11.306249618530273,11.681249618530273,6.765570640563965,333698
2011-09-02,11.324999809265137,11.71875,11.324999809265137,11.606249809265137,6.722133636474609,125245
2011-09-05,10.912500381469727,11.550000190734863,10.912500381469727,11.362500190734863,6.580958366394043,144071
2011-09-06,11.34375,12.018750190734863,11.231249809265137,11.887499809265137,6.885029315948486,675546
2011-09-07,11.943750381469727,12.28125,11.681249618530273,11.925000190734863,6.9067463874816895,424015
2011-09-08,12.0,12.375,11.850000381469727,11.90625,6.89588737487793,371570
2011-09-09,12.206250190734863,12.225000381469727,11.493749618530273,11.625,6.732993125915527,260541
2011-09-12,11.324999809265137,11.550000190734863,11.15625,11.34375,6.57009744644165,258186
2011-09-13,11.362500190734863,11.587499618530273,11.212499618530273,11.25,6.515799522399902,208594
2011-09-14,11.381250381469727,11.737500190734863,11.25,11.53125,6.678693771362305,285599
2011-09-15,11.962499618530273,12.243749618530273,11.475000381469727,11.550000190734863,6.689553737640381,273727
2011-09-16,11.625,11.71875,11.25,11.418749809265137,6.613536357879639,182981
2011-09-19,11.381250381469727,11.53125,11.212499618530273,11.25,6.515799522399902,242506
2011-09-20,11.362500190734863,11.568750381469727,11.287500381469727,11.493749618530273,6.656975269317627,160853
2011-09-21,11.4375,11.699999809265137,11.4375,11.550000190734863,6.689553737640381,200890
2011-09-22,11.418749809265137,11.456250190734863,10.912500381469727,11.043749809265137,6.396343231201172,304709
2011-09-23,10.875,11.231249809265137,10.6875,10.931249618530273,6.331186294555664,323493
2011-09-26,11.193750381469727,11.193750381469727,10.59375,10.725000381469727,6.211730003356934,278277
2011-09-27,11.043749809265137,11.399999618530273,10.725000381469727,10.818750381469727,6.266026973724365,315202
2011-09-28,10.875,11.043749809265137,10.162500381469727,10.181249618530273,5.896798610687256,640079
2011-09-29,10.293749809265137,10.387499809265137,10.125,10.3125,5.972816467285156,285226
2011-09-30,10.274999618530273,10.631250381469727,10.274999618530273,10.350000381469727,5.994535446166992,264114
2011-10-03,10.199999809265137,10.3125,9.75,10.21875,5.918519020080566,171205
2011-10-04,10.368749618530273,10.800000190734863,10.21875,10.40625,6.027114391326904,515629
2011-10-05,10.5,10.59375,10.350000381469727,10.425000190734863,6.037973880767822,186234
2011-10-07,10.649999618530273,11.024999618530273,10.5,10.912500381469727,6.32032585144043,1325935
2011-10-10,10.875,11.15625,10.6875,10.912500381469727,6.32032585144043,332423
2011-10-11,11.100000381469727,11.231249809265137,10.706250190734863,10.762499809265137,6.2334489822387695,320815
2011-10-12,10.875,11.118749618530273,10.649999618530273,10.800000190734863,6.255166530609131,625391
2011-10-13,11.231249809265137,11.231249809265137,10.6875,10.706250190734863,6.200869560241699,783269
2011-10-14,10.762499809265137,10.837499618530273,10.537500381469727,10.631250381469727,6.157430171966553,330386
2011-10-17,10.6875,10.762499809265137,10.40625,10.462499618530273,6.059695720672607,482719
2011-10-18,10.40625,10.425000190734863,10.3125,10.350000381469727,5.994535446166992,275250
2011-10-19,10.462499618530273,10.537500381469727,10.368749618530273,10.443750381469727,6.048834800720215,330954
2011-10-20,10.612500190734863,10.818750381469727,10.462499618530273,10.537500381469727,6.103132247924805,573487
2011-10-21,10.181249618530273,10.612500190734863,10.162500381469727,10.462499618530273,6.059695720672607,185250
2011-10-24,10.762499809265137,10.762499809265137,10.368749618530273,10.443750381469727,6.048834800720215,298106
2011-10-25,10.5,10.518750190734863,10.293749809265137,10.387499809265137,6.016254901885986,207567
2011-10-28,10.762499809265137,10.875,10.556249618530273,10.574999809265137,6.124852180480957,530202
2011-10-31,10.574999809265137,10.725000381469727,10.5,10.668749809265137,6.179150581359863,244685
2011-11-01,11.175000190734863,12.75,10.668749809265137,10.818750381469727,6.266026973724365,395615
2011-11-02,11.006250381469727,11.006250381469727,10.59375,10.706250190734863,6.200869560241699,490746
2011-11-03,11.100000381469727,11.287500381469727,10.706250190734863,10.78125,6.2443084716796875,1128586
2011-11-04,10.612500190734863,10.818750381469727,10.21875,10.274999618530273,5.9510979652404785,1426287
2011-11-08,10.21875,10.387499809265137,9.75,9.993749618530273,5.78820276260376,1077759
2011-11-09,10.068750381469727,10.21875,9.918749809265137,10.125,5.976346969604492,441365
2011-11-11,10.087499618530273,10.237500190734863,10.087499618530273,10.143750190734863,5.9874162673950195,387463
2011-11-14,10.199999809265137,10.274999618530273,9.46875,9.543749809265137,5.633258819580078,964709
2011-11-15,9.75,9.75,9.168749809265137,9.225000381469727,5.4451165199279785,426309
2011-11-16,9.262499809265137,9.318750381469727,8.756250381469727,8.887499809265137,5.245904445648193,411759
2011-11-17,8.8125,9.037500381469727,8.53125,8.606249809265137,5.079893589019775,371199
2011-11-18,8.662500381469727,8.662500381469727,8.4375,8.512499809265137,5.024557590484619,622423
2011-11-21,8.550000190734863,8.71875,8.4375,8.475000381469727,5.002423286437988,572650
2011-11-22,8.625,8.887499809265137,8.550000190734863,8.774999618530273,5.179500102996826,247149
2011-11-23,8.774999618530273,8.793749809265137,8.625,8.625,5.090961456298828,255413
2011-11-24,8.625,9.018750190734863,8.625,8.831250190734863,5.212701797485352,255882
2011-11-25,8.756250381469727,8.887499809265137,8.662500381469727,8.793749809265137,5.1905670166015625,117226
2011-11-28,9.018750190734863,9.375,8.643750190734863,9.28125,5.478317737579346,331815
2011-11-29,9.675000190734863,9.675000190734863,9.018750190734863,9.524999618530273,5.622191905975342,372165
2011-11-30,9.393750190734863,9.65625,9.28125,9.412500381469727,5.555788040161133,216893
2011-12-01,9.637499809265137,9.975000381469727,9.412500381469727,9.524999618530273,5.622191905975342,1165205
2011-12-02,9.618749618530273,9.693750381469727,9.243749618530273,9.46875,5.588990211486816,268770
2011-12-05,9.46875,9.618749618530273,9.46875,9.46875,5.588990211486816,139261
2011-12-07,9.449999809265137,9.543749809265137,9.112500190734863,9.243749618530273,5.456183910369873,185741
2011-12-08,9.149999618530273,9.1875,8.4375,8.850000381469727,5.223769664764404,246082
2011-12-09,8.774999618530273,8.925000190734863,8.568750381469727,8.774999618530273,5.179500102996826,155258
2011-12-12,8.774999618530273,8.981249809265137,8.625,8.625,5.090961456298828,149133
2011-12-13,8.662500381469727,8.756250381469727,8.625,8.643750190734863,5.1020283699035645,236277
2011-12-14,8.737500190734863,8.850000381469727,8.625,8.625,5.090961456298828,281909
2011-12-15,8.625,9.46875,8.625,8.793749809265137,5.1905670166015625,1508117
2011-12-16,8.774999618530273,9.037500381469727,8.625,8.643750190734863,5.1020283699035645,394087
2011-12-19,8.4375,8.699999809265137,8.324999809265137,8.493749618530273,5.013490676879883,307194
2011-12-20,8.512499809265137,8.662500381469727,7.78125,7.931250095367432,4.681472301483154,249717
2011-12-21,8.25,8.418749809265137,7.912499904632568,8.175000190734863,4.825345993041992,280866
2011-12-22,8.175000190734863,8.25,7.875,8.231249809265137,4.858549118041992,224554
2011-12-23,8.175000190734863,8.34375,8.0625,8.118749618530273,4.79214334487915,170018
2011-12-26,8.0625,8.399999618530273,7.893750190734863,8.100000381469727,4.781077861785889,175762
2011-12-27,8.100000381469727,8.231249809265137,7.931250095367432,8.118749618530273,4.79214334487915,95541
2011-12-28,8.137499809265137,8.175000190734863,7.931250095367432,8.006250381469727,4.725740432739258,82951
2011-12-29,8.006250381469727,8.024999618530273,7.875,7.96875,4.703606128692627,126647
2011-12-30,7.987500190734863,8.100000381469727,7.875,7.931250095367432,4.681472301483154,131970
2012-01-02,7.987500190734863,8.024999618530273,7.518750190734863,7.724999904632568,4.559730529785156,304887
2012-01-03,7.800000190734863,8.0625,7.6875,7.987500190734863,4.714672565460205,496669
2012-01-04,7.931250095367432,8.175000190734863,7.931250095367432,8.043749809265137,4.747875213623047,149602
2012-01-05,8.137499809265137,8.137499809265137,7.987500190734863,8.043749809265137,4.747875213623047,95941
2012-01-06,8.024999618530273,8.175000190734863,7.912499904632568,8.081250190734863,4.770009994506836,92199
2012-01-09,8.006250381469727,8.456250190734863,8.006250381469727,8.399999618530273,4.95815372467041,338962
2012-01-10,8.793749809265137,9.149999618530273,8.4375,9.056249618530273,5.345510005950928,1319130
2012-01-11,9.375,9.46875,9.074999809265137,9.225000381469727,5.4451165199279785,766554
2012-01-12,9.1875,9.1875,8.8125,8.868749618530273,5.234835624694824,333477
2012-01-13,8.943750381469727,9.168749809265137,8.90625,9.056249618530273,5.345510005950928,262298
2012-01-16,9.074999809265137,9.131250381469727,8.831250190734863,9.0,5.312307834625244,175050
2012-01-17,9.1875,9.1875,8.962499618530273,8.981249809265137,5.30124044418335,194301
2012-01-18,9.018750190734863,9.168749809265137,8.71875,8.8125,5.201635837554932,114613
2012-01-19,9.0,9.074999809265137,8.662500381469727,8.850000381469727,5.223769664764404,187269
2012-01-20,8.850000381469727,9.131250381469727,8.850000381469727,8.962499618530273,5.290173053741455,262119
2012-01-23,8.962499618530273,9.0,7.5,8.681249618530273,5.124162197113037,512711
2012-01-24,8.793749809265137,8.887499809265137,8.625,8.737500190734863,5.157364368438721,240538
2012-01-25,8.699999809265137,8.850000381469727,8.699999809265137,8.737500190734863,5.157364368438721,230010
2012-01-27,8.793749809265137,8.943750381469727,8.625,8.699999809265137,5.135229587554932,532685
2012-01-30,8.699999809265137,8.90625,8.643750190734863,8.681249618530273,5.124162197113037,188994
2012-01-31,8.699999809265137,8.831250190734863,8.662500381469727,8.756250381469727,5.16843318939209,159669
2012-02-01,8.793749809265137,9.037500381469727,8.793749809265137,8.8125,5.201635837554932,420743
2012-02-02,8.962499618530273,9.1875,8.90625,9.018750190734863,5.3233747482299805,734653
2012-02-03,9.018750190734863,9.506250381469727,9.018750190734863,9.1875,5.422980785369873,1199095
2012-02-06,9.375,9.600000381469727,9.1875,9.5625,5.644326210021973,2662218
2012-02-07,9.712499618530273,9.712499618530273,9.112500190734863,9.1875,5.422980785369873,1159586
2012-02-08,9.225000381469727,10.125,9.206250190734863,9.675000190734863,5.71073055267334,4709679
2012-02-09,9.75,9.9375,9.524999618530273,9.65625,5.6996636390686035,1069378
2012-02-10,9.637499809265137,9.84375,9.225000381469727,9.449999809265137,5.577922821044922,842866
2012-02-13,9.5625,9.5625,9.0,9.037500381469727,5.334441661834717,811770
2012-02-14,9.0,9.1875,8.53125,8.868749618530273,5.234835624694824,1370578
2012-02-15,8.8125,8.981249809265137,8.643750190734863,8.850000381469727,5.223769664764404,1416050
2012-02-16,8.868749618530273,9.262499809265137,8.850000381469727,9.09375,5.367644309997559,931322
2012-02-17,9.1875,9.431249618530273,8.793749809265137,8.90625,5.256971836090088,1630071
2012-02-21,9.0,9.675000190734863,8.850000381469727,9.431249618530273,5.5668559074401855,2180855
2012-02-22,9.46875,9.975000381469727,9.09375,9.1875,5.422980785369873,2597882
2012-02-23,9.243749618530273,9.243749618530273,8.868749618530273,9.056249618530273,5.345510005950928,593599
2012-02-24,9.09375,9.300000190734863,8.8125,8.887499809265137,5.245904445648193,547157
2012-02-27,9.149999618530273,9.149999618530273,8.418749809265137,8.493749618530273,5.013490676879883,496802
2012-02-28,8.568750381469727,8.962499618530273,8.512499809265137,8.625,5.090961456298828,938037
2012-02-29,8.8125,8.887499809265137,8.381250381469727,8.418749809265137,4.969221591949463,974847
2012-03-01,8.53125,8.606249809265137,8.137499809265137,8.15625,4.814278602600098,890245
2012-03-02,8.287500381469727,8.34375,7.762499809265137,7.800000190734863,4.604000091552734,2157207
2012-03-05,8.0625,8.15625,7.6875,7.724999904632568,4.559730529785156,603471
2012-03-06,7.650000095367432,7.818749904632568,7.574999809265137,7.6875,4.537596702575684,412482
2012-03-07,7.724999904632568,7.724999904632568,7.462500095367432,7.537499904632568,4.4490580558776855,584773
2012-03-09,7.743750095367432,7.800000190734863,7.5,7.574999809265137,4.471192836761475,571973
2012-03-12,7.724999904632568,7.931250095367432,7.59375,7.78125,4.592933177947998,633167
2012-03-13,7.949999809265137,8.081250190734863,7.762499809265137,7.875,4.648268699645996,305071
2012-03-14,8.0625,8.0625,7.6875,7.724999904632568,4.559730529785156,440277
2012-03-15,7.800000190734863,7.800000190734863,7.5,7.556250095367432,4.460124969482422,448245
2012-03-16,7.518750190734863,7.6875,7.425000190734863,7.518750190734863,4.437989711761475,441997
2012-03-19,7.5,7.556250095367432,7.3125,7.40625,4.371586799621582,364285
2012-03-20,7.443749904632568,7.462500095367432,7.275000095367432,7.331250190734863,4.327316761016846,403170
2012-03-21,7.40625,7.40625,7.162499904632568,7.275000095367432,4.2941155433654785,900621
2012-03-22,7.387499809265137,8.324999809265137,7.275000095367432,7.387499809265137,4.360518932342529,760423
2012-03-23,7.537499904632568,7.800000190734863,7.368750095367432,7.387499809265137,4.360518932342529,323543
2012-03-26,7.40625,7.5,6.862500190734863,6.956250190734863,4.105971813201904,528698
2012-03-27,7.162499904632568,7.162499904632568,6.974999904632568,7.012499809265137,4.139173984527588,406749
2012-03-28,6.993750095367432,7.125,6.65625,6.731249809265137,3.9731645584106445,808034
2012-03-29,6.599999904632568,6.806250095367432,6.5625,6.618750095367432,3.906759023666382,350442
2012-03-30,6.712500095367432,6.900000095367432,6.412499904632568,6.787499904632568,4.006365776062012,491959
2012-04-02,6.900000095367432,7.425000190734863,6.787499904632568,7.256249904632568,4.283048629760742,497949
2012-04-03,7.3125,7.5,7.256249904632568,7.425000190734863,4.382654666900635,432623
2012-04-04,7.387499809265137,7.518750190734863,7.237500190734863,7.387499809265137,4.360518932342529,189474
2012-04-09,7.368750095367432,7.612500190734863,7.125,7.537499904632568,4.4490580558776855,325602
2012-04-10,7.537499904632568,7.612500190734863,7.331250190734863,7.443749904632568,4.393721580505371,234114
2012-04-11,7.293749809265137,7.481249809265137,7.125,7.40625,4.371586799621582,291215
2012-04-12,7.368750095367432,7.631249904632568,7.349999904632568,7.5,4.4269232749938965,226319
2012-04-13,7.5,7.59375,7.199999809265137,7.237500190734863,4.2719807624816895,211709
2012-04-16,7.443749904632568,7.574999809265137,7.125,7.3125,4.316249847412109,340213
2012-04-17,7.425000190734863,7.59375,7.331250190734863,7.425000190734863,4.382654666900635,344194
2012-04-18,7.556250095367432,7.800000190734863,7.518750190734863,7.556250095367432,4.460124969482422,562271
2012-04-19,7.724999904632568,8.0625,7.556250095367432,7.78125,4.592933177947998,1247058
2012-04-20,7.78125,7.856249809265137,7.349999904632568,7.481249809265137,4.41585636138916,541517
2012-04-23,7.387499809265137,7.537499904632568,7.068749904632568,7.143750190734863,4.216644763946533,366557
2012-04-24,7.256249904632568,7.256249904632568,6.9375,7.068749904632568,4.172374725341797,273170
2012-04-25,6.993750095367432,7.125,6.918749809265137,6.9375,4.094904899597168,226909
2012-04-26,6.862500190734863,7.03125,6.806250095367432,6.881249904632568,4.061702728271484,106525
2012-04-27,7.068749904632568,7.425000190734863,6.675000190734863,6.824999809265137,4.028500556945801,280837
2012-04-30,7.125,7.425000190734863,6.9375,7.068749904632568,4.172374725341797,568503
2012-05-02,7.087500095367432,8.006250381469727,6.993750095367432,7.59375,4.482259273529053,2584255
2012-05-03,7.556250095367432,8.475000381469727,7.537499904632568,8.287500381469727,4.891750812530518,4963714
2012-05-04,8.456250190734863,8.587499618530273,8.0625,8.15625,4.814278602600098,4894178
2012-05-07,7.96875,8.043749809265137,7.368750095367432,7.800000190734863,4.604000091552734,1208442
2012-05-08,8.943750381469727,8.943750381469727,7.893750190734863,7.949999809265137,4.692537307739258,1878759
2012-05-09,8.043749809265137,8.100000381469727,7.612500190734863,7.837500095367432,4.626133918762207,744295
2012-05-10,8.100000381469727,8.212499618530273,7.800000190734863,7.856249809265137,4.637202262878418,841869
2012-05-11,8.0625,8.0625,7.462500095367432,7.556250095367432,4.460124969482422,1017941
2012-05-14,7.6875,7.6875,7.199999809265137,7.275000095367432,4.2941155433654785,453426
2012-05-15,7.368750095367432,7.387499809265137,7.162499904632568,7.293749809265137,4.305182933807373,296629
2012-05-16,7.162499904632568,7.349999904632568,7.050000190734863,7.237500190734863,4.2719807624816895,563186
2012-05-17,7.3125,7.425000190734863,7.125,7.162499904632568,4.227712154388428,311309
2012-05-18,7.087500095367432,7.293749809265137,6.9375,7.21875,4.260913372039795,494098
2012-05-21,7.143750190734863,7.462500095367432,6.806250095367432,7.3125,4.316249847412109,257554
2012-05-22,7.387499809265137,7.537499904632568,7.181250095367432,7.237500190734863,4.2719807624816895,233287
2012-05-23,7.237500190734863,7.349999904632568,7.143750190734863,7.275000095367432,4.2941155433654785,278362
2012-05-24,7.3125,7.443749904632568,7.087500095367432,7.199999809265137,4.249847412109375,612346
2012-05-25,7.199999809265137,7.199999809265137,6.918749809265137,6.956250190734863,4.105971813201904,852362
2012-05-28,6.956250190734863,7.106249809265137,6.9375,6.974999904632568,4.117038249969482,448551
2012-05-29,7.012499809265137,7.181250095367432,7.012499809265137,7.03125,4.150241374969482,199559
2012-05-30,7.068749904632568,7.068749904632568,6.862500190734863,6.881249904632568,4.061702728271484,193621
2012-05-31,6.862500190734863,7.03125,6.787499904632568,6.974999904632568,4.117038249969482,385613
2012-06-01,7.03125,7.050000190734863,6.693749904632568,6.806250095367432,4.0174336433410645,235207
2012-06-04,6.806250095367432,6.806250095367432,6.46875,6.65625,3.928894281387329,389602
2012-06-05,6.431250095367432,6.84375,6.431250095367432,6.787499904632568,4.006365776062012,255741
2012-06-06,6.787499904632568,7.012499809265137,6.75,6.84375,4.039566516876221,361991
2012-06-07,6.84375,7.012499809265137,6.712500095367432,6.918749809265137,4.083836555480957,403255
2012-06-08,6.824999809265137,6.993750095367432,6.675000190734863,6.84375,4.039566516876221,320845
2012-06-11,7.03125,7.050000190734863,6.900000095367432,6.974999904632568,4.117038249969482,318066
2012-06-12,6.974999904632568,7.068749904632568,6.824999809265137,6.974999904632568,4.117038249969482,144461
2012-06-13,7.012499809265137,7.087500095367432,6.824999809265137,6.862500190734863,4.050634860992432,177765
2012-06-14,6.9375,7.387499809265137,6.824999809265137,7.199999809265137,4.249847412109375,571626
2012-06-15,7.481249809265137,7.481249809265137,6.824999809265137,7.087500095367432,4.18344259262085,1146261
2012-06-18,7.068749904632568,7.199999809265137,6.787499904632568,6.900000095367432,4.0727691650390625,295981
2012-06-19,7.03125,7.03125,6.881249904632568,6.956250190734863,4.105971813201904,164722
2012-06-20,7.087500095367432,7.087500095367432,6.881249904632568,6.956250190734863,4.105971813201904,187970
2012-06-21,7.050000190734863,7.050000190734863,6.900000095367432,6.956250190734863,4.105971813201904,153583
2012-06-22,6.974999904632568,7.237500190734863,6.824999809265137,7.068749904632568,4.172374725341797,477495
2012-06-25,7.087500095367432,7.162499904632568,6.9375,6.974999904632568,4.117038249969482,256250
2012-06-26,6.974999904632568,7.106249809265137,6.9375,6.974999904632568,4.117038249969482,225834
2012-06-27,6.974999904632568,7.106249809265137,6.824999809265137,6.881249904632568,4.061702728271484,303453
2012-06-28,6.862500190734863,6.9375,6.824999809265137,6.881249904632568,4.117804050445557,287338
2012-06-29,6.881249904632568,7.199999809265137,6.824999809265137,7.068749904632568,4.23000431060791,819530
2012-07-02,7.068749904632568,7.237500190734863,7.012499809265137,7.125,4.263665199279785,269061
2012-07-03,7.125,7.275000095367432,7.087500095367432,7.125,4.263665199279785,325319
2012-07-04,7.237500190734863,7.368750095367432,7.143750190734863,7.21875,4.319766521453857,424375
2012-07-05,7.293749809265137,7.856249809265137,7.21875,7.706250190734863,4.611490249633789,1743373
2012-07-06,7.800000190734863,7.949999809265137,7.556250095367432,7.612500190734863,4.555388927459717,1414095
2012-07-09,7.59375,7.724999904632568,7.3125,7.387499809265137,4.420746803283691,460341
2012-07-10,7.462500095367432,7.537499904632568,7.3125,7.518750190734863,4.499288082122803,375181
2012-07-11,7.462500095367432,7.574999809265137,7.387499809265137,7.481249809265137,4.476848602294922,247733
2012-07-12,7.481249809265137,7.481249809265137,7.237500190734863,7.275000095367432,4.353426456451416,236989
2012-07-13,7.462500095367432,7.462500095367432,7.068749904632568,7.125,4.263665199279785,404074
2012-07-16,7.162499904632568,7.368750095367432,6.993750095367432,7.012499809265137,4.196344375610352,441794
2012-07-17,7.125,7.143750190734863,6.9375,6.956250190734863,4.162684440612793,259202
2012-07-18,6.84375,7.012499809265137,6.75,6.918749809265137,4.1402435302734375,170538
2012-07-19,6.9375,7.068749904632568,6.900000095367432,6.956250190734863,4.162684440612793,165231
2012-07-20,6.9375,7.087500095367432,6.581250190734863,6.974999904632568,4.173903942108154,275695
2012-07-23,6.9375,6.974999904632568,6.768750190734863,6.881249904632568,4.117804050445557,232877
2012-07-24,6.84375,6.956250190734863,6.84375,6.900000095367432,4.129022598266602,253250
2012-07-25,6.900000095367432,6.918749809265137,6.412499904632568,6.693749904632568,4.005600929260254,239453
2012-07-26,6.824999809265137,6.824999809265137,6.506249904632568,6.65625,3.9831602573394775,265477
2012-07-27,6.75,6.75,6.506249904632568,6.543749809265137,3.915839433670044,346669
2012-07-30,6.46875,6.712500095367432,6.412499904632568,6.675000190734863,3.9943811893463135,190378
2012-07-31,6.731249809265137,6.731249809265137,6.5625,6.618750095367432,3.9607200622558594,254559
2012-08-01,6.506249904632568,6.806250095367432,6.506249904632568,6.75,4.039262294769287,115695
2012-08-02,6.75,6.787499904632568,6.637499809265137,6.75,4.039262294769287,126071
2012-08-03,6.806250095367432,6.806250095367432,6.618750095367432,6.65625,3.9831602573394775,251743
2012-08-06,6.75,6.768750190734863,6.599999904632568,6.675000190734863,3.9943811893463135,396023
2012-08-07,6.675000190734863,6.731249809265137,6.599999904632568,6.675000190734863,3.9943811893463135,313970
2012-08-08,6.75,6.75,6.618750095367432,6.637499809265137,3.9719409942626953,195653
2012-08-09,6.65625,6.65625,6.487500190734863,6.525000095367432,3.904620409011841,233343
2012-08-10,6.599999904632568,6.75,6.487500190734863,6.525000095367432,3.904620409011841,517106
2012-08-13,6.487500190734863,6.675000190734863,6.412499904632568,6.487500190734863,3.8821794986724854,74530
2012-08-14,6.46875,7.087500095367432,6.412499904632568,6.84375,4.095361709594727,939165
2012-08-16,6.9375,7.087500095367432,6.806250095367432,6.956250190734863,4.162684440612793,366527
2012-08-17,7.012499809265137,8.193750381469727,6.974999904632568,7.912499904632568,4.734912395477295,4749434
2012-08-21,7.987500190734863,8.587499618530273,7.96875,8.268750190734863,4.94809627532959,2454053
2012-08-22,8.324999809265137,8.381250381469727,7.875,7.912499904632568,4.734912395477295,862647
2012-08-23,8.212499618530273,8.756250381469727,7.78125,7.931250095367432,4.746132850646973,791479
2012-08-24,7.96875,8.15625,7.800000190734863,7.912499904632568,4.734912395477295,776687
2012-08-27,7.931250095367432,8.193750381469727,7.706250190734863,7.743750095367432,4.633930683135986,532661
2012-08-28,7.78125,7.78125,7.21875,7.425000190734863,4.443188190460205,621759
2012-08-29,7.331250190734863,7.481249809265137,7.03125,7.106249809265137,4.252444744110107,171517
2012-08-30,7.068749904632568,7.6875,6.881249904632568,7.556250095367432,4.521728515625,485935
2012-08-31,7.368750095367432,7.5,7.181250095367432,7.349999904632568,4.398307800292969,200410
2012-09-03,7.462500095367432,7.462500095367432,7.03125,7.181250095367432,4.29732608795166,64885
2012-09-04,7.068749904632568,7.293749809265137,7.050000190734863,7.162499904632568,4.286105632781982,132898
2012-09-05,7.275000095367432,7.275000095367432,6.956250190734863,7.106249809265137,4.252444744110107,179477
2012-09-06,7.256249904632568,7.256249904632568,6.900000095367432,7.125,4.263665199279785,114087
2012-09-07,7.3125,7.3125,6.974999904632568,7.162499904632568,4.286105632781982,121759
2012-09-10,7.125,7.387499809265137,7.125,7.237500190734863,4.330986499786377,90391
2012-09-11,7.3125,7.59375,7.199999809265137,7.59375,4.544168472290039,204175
2012-09-12,7.537499904632568,7.96875,7.537499904632568,7.96875,4.7685723304748535,378021
2012-09-13,7.96875,8.34375,7.96875,8.175000190734863,4.891993999481201,361687
2012-09-14,8.231249809265137,8.4375,7.949999809265137,8.15625,4.88077449798584,267341
2012-09-17,7.912499904632568,8.287500381469727,7.762499809265137,7.78125,4.656371593475342,189447
2012-09-18,7.949999809265137,8.024999618530273,7.612500190734863,7.800000190734863,4.667590618133545,93706
2012-09-20,7.631249904632568,7.875,7.612500190734863,7.724999904632568,4.62270975112915,44605
2012-09-21,7.856249809265137,7.987500190734863,7.537499904632568,7.6875,4.600270748138428,166287
2012-09-24,7.650000095367432,8.0625,7.5,7.706250190734863,4.611490249633789,107922
2012-09-25,7.875,7.96875,7.612500190734863,7.668749809265137,4.58905029296875,76946
2012-09-26,7.612500190734863,7.78125,7.537499904632568,7.650000095367432,4.577829837799072,123282
2012-09-27,7.462500095367432,7.818749904632568,7.462500095367432,7.800000190734863,4.667590618133545,201042
2012-09-28,7.650000095367432,7.800000190734863,7.612500190734863,7.668749809265137,4.58905029296875,95789
2012-10-01,8.024999618530273,8.043749809265137,8.024999618530273,8.043749809265137,4.813453674316406,147967
2012-10-03,8.4375,8.4375,8.4375,8.4375,5.049077033996582,237274
2012-10-04,8.850000381469727,8.850000381469727,8.850000381469727,8.850000381469727,5.2959208488464355,296151
2012-10-05,9.28125,9.28125,8.850000381469727,9.262499809265137,5.542765140533447,1918245
2012-10-08,9.5625,9.618749618530273,8.925000190734863,9.149999618530273,5.475442409515381,530599
2012-10-09,9.262499809265137,9.600000381469727,9.037500381469727,9.600000381469727,5.744727611541748,609351
2012-10-10,9.899999618530273,9.899999618530273,9.1875,9.300000190734863,5.565205097198486,303487
2012-10-11,9.375,9.375,9.074999809265137,9.168749809265137,5.486663818359375,201103
2012-10-12,9.074999809265137,9.262499809265137,9.0,9.112500190734863,5.4530029296875,225021
2012-10-15,9.09375,9.112500190734863,8.925000190734863,8.962499618530273,5.363241672515869,286815
2012-10-16,8.887499809265137,9.0,8.8125,8.868749618530273,5.307140350341797,131807
2012-10-17,8.737500190734863,9.074999809265137,8.737500190734863,9.0,5.385682582855225,192821
2012-10-18,9.0,9.375,9.0,9.262499809265137,5.542765140533447,474218
2012-10-19,9.337499618530273,9.412500381469727,9.149999618530273,9.356249809265137,5.598865032196045,199501
2012-10-22,9.1875,9.412500381469727,9.149999618530273,9.393750190734863,5.621306896209717,329781
2012-10-23,9.449999809265137,9.449999809265137,8.925000190734863,8.925000190734863,5.340801239013672,499042
2012-10-25,8.925000190734863,9.149999618530273,8.493749618530273,8.550000190734863,5.116397857666016,147575
2012-10-29,8.4375,8.4375,8.118749618530273,8.306249618530273,4.970534801483154,133437
2012-10-30,8.287500381469727,8.475000381469727,8.25,8.268750190734863,4.94809627532959,176863
2012-10-31,8.4375,8.550000190734863,8.25,8.34375,4.99297571182251,100330
2012-11-01,8.53125,8.681249618530273,8.399999618530273,8.418749809265137,5.037857532501221,140389
2012-11-02,8.4375,8.662500381469727,8.34375,8.625,5.16127872467041,123618
2012-11-05,8.71875,9.074999809265137,8.71875,9.074999809265137,5.430562973022461,284258
2012-11-06,9.524999618530273,9.524999618530273,9.149999618530273,9.225000381469727,5.520325183868408,448010
2012-11-07,9.112500190734863,9.412500381469727,9.0,9.225000381469727,5.520325183868408,137805
2012-11-08,9.131250381469727,9.449999809265137,9.037500381469727,9.375,5.610086917877197,287890
2012-11-09,9.300000190734863,9.46875,9.243749618530273,9.28125,5.553985595703125,235530
2012-11-12,9.206250190734863,9.731249809265137,9.0,9.731249809265137,5.823268890380859,504981
2012-11-15,10.706250190734863,10.706250190734863,9.693750381469727,9.693750381469727,5.800828456878662,458567
2012-11-16,9.243749618530273,9.506250381469727,9.225000381469727,9.300000190734863,5.565205097198486,251639
2012-11-19,9.074999809265137,9.375,9.0,9.056249618530273,5.530851364135742,90634
2012-11-20,9.300000190734863,9.300000190734863,8.8125,8.887499809265137,5.427792549133301,145970
2012-11-21,8.681249618530273,8.962499618530273,8.681249618530273,8.756250381469727,5.347635269165039,109554
2012-11-22,8.774999618530273,8.943750381469727,8.625,8.662500381469727,5.290379524230957,65218
2012-11-23,8.53125,9.09375,8.53125,9.09375,5.55375337600708,226466
2012-11-26,9.09375,9.543749809265137,8.868749618530273,9.412500381469727,5.748420715332031,323565
2012-11-27,9.412500381469727,9.881250381469727,9.318750381469727,9.487500190734863,5.794225692749023,432461
2012-11-29,9.449999809265137,9.693750381469727,9.243749618530273,9.431249618530273,5.759871959686279,241517
2012-11-30,9.375,9.787500381469727,9.206250190734863,9.731249809265137,5.943089008331299,425103
2012-12-03,9.675000190734863,9.899999618530273,9.5625,9.824999809265137,6.000344276428223,416885
2012-12-04,9.600000381469727,9.84375,9.5625,9.637499809265137,5.88583517074585,146685
2012-12-05,9.5625,10.106249809265137,9.5625,10.087499618530273,6.1606597900390625,921981
2012-12-06,10.125,10.293749809265137,9.768750190734863,10.143750190734863,6.195013999938965,468858
2012-12-07,10.125,10.350000381469727,9.956250190734863,10.125,6.1835618019104,370623
2012-12-10,10.087499618530273,10.293749809265137,9.806249618530273,9.899999618530273,6.046148777008057,210434
2012-12-11,10.106249809265137,10.162500381469727,9.5625,9.881250381469727,6.034698009490967,280013
2012-12-12,9.862500190734863,9.862500190734863,9.600000381469727,9.65625,5.897285461425781,122885
2012-12-13,9.712499618530273,9.75,9.393750190734863,9.412500381469727,5.748420715332031,108922
2012-12-14,9.5625,9.75,9.375,9.524999618530273,5.817127704620361,164442
2012-12-17,9.506250381469727,9.581250190734863,9.375,9.393750190734863,5.736971378326416,145639
2012-12-18,9.375,9.637499809265137,9.262499809265137,9.337499618530273,5.7026166915893555,92242
2012-12-19,9.375,9.5625,9.206250190734863,9.356249809265137,5.7140679359436035,114687
2012-12-20,9.524999618530273,9.543749809265137,9.300000190734863,9.356249809265137,5.7140679359436035,362047
2012-12-21,9.318750381469727,9.46875,9.1875,9.243749618530273,5.645362854003906,95898
2012-12-24,9.225000381469727,9.412500381469727,9.0,9.112500190734863,5.565204620361328,144477
2012-12-26,9.1875,9.337499618530273,9.037500381469727,9.09375,5.55375337600708,68850
2012-12-27,9.09375,9.225000381469727,8.925000190734863,9.0,5.496499061584473,185797
2012-12-28,9.131250381469727,9.300000190734863,8.868749618530273,9.149999618530273,5.58810567855835,148885
2012-12-31,9.112500190734863,9.375,9.112500190734863,9.168749809265137,5.599557876586914,451085
2013-01-01,9.318750381469727,9.375,9.0,9.074999809265137,5.542303085327148,164223
2013-01-02,9.112500190734863,9.243749618530273,8.962499618530273,8.981249809265137,5.485047340393066,262754
2013-01-03,9.149999618530273,9.149999618530273,8.962499618530273,9.018750190734863,5.507949352264404,172610
2013-01-04,9.0,9.449999809265137,9.0,9.168749809265137,5.599557876586914,179658
2013-01-07,9.168749809265137,9.1875,8.925000190734863,8.981249809265137,5.485047340393066,197282
2013-01-08,9.131250381469727,9.1875,8.90625,9.056249618530273,5.530851364135742,208599
2013-01-09,8.8125,9.168749809265137,8.8125,8.981249809265137,5.485047340393066,107287
2013-01-10,9.018750190734863,9.112500190734863,8.850000381469727,8.925000190734863,5.4506940841674805,184642
2013-01-11,9.112500190734863,9.1875,8.90625,8.962499618530273,5.473596096038818,154021
2013-01-14,8.962499618530273,9.149999618530273,8.962499618530273,9.0,5.496499061584473,119509
2013-01-15,9.149999618530273,9.506250381469727,8.90625,9.300000190734863,5.679715156555176,1132141
2013-01-16,9.337499618530273,9.449999809265137,9.056249618530273,9.09375,5.55375337600708,242501
2013-01-17,9.09375,9.375,9.074999809265137,9.206250190734863,5.622460842132568,316071
2013-01-18,9.28125,9.46875,9.0,9.412500381469727,5.748420715332031,569810
2013-01-21,9.356249809265137,9.46875,9.356249809265137,9.375,5.725520610809326,177386
2013-01-22,9.393750190734863,9.46875,9.28125,9.375,5.725520610809326,238954
2013-01-23,9.375,9.506250381469727,9.337499618530273,9.412500381469727,5.748420715332031,165925
2013-01-24,9.375,9.449999809265137,9.28125,9.375,5.725520610809326,361874
2013-01-25,9.337499618530273,9.449999809265137,9.28125,9.375,5.725520610809326,113599
2013-01-28,9.506250381469727,9.506250381469727,9.262499809265137,9.375,5.725520610809326,214122
2013-01-29,9.375,9.412500381469727,9.318750381469727,9.375,5.725520610809326,115391
2013-01-30,9.28125,9.46875,9.28125,9.393750190734863,5.736971378326416,159815
2013-01-31,9.412500381469727,9.412500381469727,9.318750381469727,9.375,5.725520610809326,83458
2013-02-01,9.356249809265137,9.412500381469727,9.28125,9.393750190734863,5.736971378326416,116970
2013-02-04,9.356249809265137,9.768750190734863,9.318750381469727,9.375,5.725520610809326,123677
2013-02-05,9.300000190734863,9.412500381469727,9.28125,9.375,5.725520610809326,87221
2013-02-06,9.375,9.393750190734863,8.962499618530273,9.056249618530273,5.530851364135742,268991
2013-02-07,9.168749809265137,9.168749809265137,8.681249618530273,8.737500190734863,5.336183071136475,83610
2013-02-08,8.925000190734863,8.925000190734863,8.550000190734863,8.662500381469727,5.290379524230957,51570
2013-02-11,8.662500381469727,9.0,8.287500381469727,8.456250190734863,5.164419174194336,71383
2013-02-12,8.625,9.037500381469727,8.081250190734863,8.737500190734863,5.336183071136475,352367
2013-02-13,8.8125,9.131250381469727,8.774999618530273,9.09375,5.55375337600708,367194
2013-02-14,9.09375,9.225000381469727,9.056249618530273,9.149999618530273,5.58810567855835,298906
2013-02-15,9.09375,9.131250381469727,9.037500381469727,9.09375,5.55375337600708,166213
2013-02-18,9.09375,9.168749809265137,9.09375,9.09375,5.55375337600708,55405
2013-02-19,9.09375,9.337499618530273,9.09375,9.243749618530273,5.645362854003906,184405
2013-02-20,9.375,10.162500381469727,9.375,10.162500381469727,6.206462860107422,2330002
2013-02-21,10.162500381469727,10.40625,9.449999809265137,9.637499809265137,5.88583517074585,1173090
2013-02-22,9.899999618530273,9.9375,9.65625,9.899999618530273,6.046148777008057,433541
2013-02-25,9.75,10.03125,9.75,9.881250381469727,6.034698009490967,323389
2013-02-26,9.84375,9.881250381469727,9.225000381469727,9.300000190734863,5.679715156555176,530973
2013-02-27,9.375,10.068750381469727,9.168749809265137,9.881250381469727,6.034698009490967,633997
2013-02-28,9.9375,10.125,9.524999618530273,9.5625,5.840028762817383,374061
2013-03-01,9.581250190734863,9.693750381469727,9.318750381469727,9.375,5.725520610809326,325509
2013-03-04,9.524999618530273,9.543749809265137,8.4375,9.431249618530273,5.759871959686279,851874
2013-03-05,9.375,9.637499809265137,9.149999618530273,9.356249809265137,5.7140679359436035,155047
2013-03-06,9.375,9.65625,9.206250190734863,9.524999618530273,5.817127704620361,211090
2013-03-07,9.487500190734863,9.75,9.487500190734863,9.600000381469727,5.862931728363037,67218
2013-03-08,9.5625,9.862500190734863,9.5625,9.768750190734863,5.965991973876953,213351
2013-03-11,9.75,9.899999618530273,9.731249809265137,9.75,5.954539775848389,125063
2013-03-12,9.787500381469727,9.881250381469727,9.731249809265137,9.768750190734863,5.965991973876953,68565
2013-03-13,9.75,9.9375,9.712499618530273,9.806249618530273,5.988892078399658,313101
2013-03-14,9.75,9.862500190734863,9.75,9.75,5.954539775848389,67805
2013-03-15,9.75,9.787500381469727,9.712499618530273,9.731249809265137,5.943089008331299,236090
2013-03-18,9.5625,9.712499618530273,9.393750190734863,9.412500381469727,5.748420715332031,63893
2013-03-19,9.637499809265137,9.637499809265137,9.375,9.431249618530273,5.759871959686279,244901
2013-03-20,9.300000190734863,9.375,8.90625,9.056249618530273,5.530851364135742,136941
2013-03-21,9.018750190734863,9.262499809265137,8.737500190734863,8.8125,5.381989002227783,213762
2013-03-22,8.8125,8.8125,8.475000381469727,8.568750381469727,5.233124256134033,104887
2013-03-25,8.756250381469727,8.962499618530273,8.625,8.662500381469727,5.290379524230957,63509
2013-03-26,8.493749618530273,9.112500190734863,8.493749618530273,8.625,5.267477989196777,87002
2013-03-28,8.643750190734863,8.887499809265137,8.643750190734863,8.756250381469727,5.347635269165039,46927
2013-04-01,8.831250190734863,9.375,8.793749809265137,9.037500381469727,5.519400119781494,91767
2013-04-02,9.0,9.1875,8.887499809265137,9.1875,5.611009120941162,100157
2013-04-03,9.149999618530273,9.337499618530273,9.0,9.056249618530273,5.530851364135742,43701
2013-04-04,9.0,9.09375,8.831250190734863,8.925000190734863,5.4506940841674805,80151
2013-04-05,8.887499809265137,9.037500381469727,8.662500381469727,8.943750381469727,5.4621453285217285,43762
2013-04-08,8.8125,8.925000190734863,8.662500381469727,8.774999618530273,5.359086513519287,33357
2013-04-09,8.8125,9.09375,8.699999809265137,9.037500381469727,5.519400119781494,80917
2013-04-10,8.8125,9.168749809265137,8.774999618530273,9.018750190734863,5.507949352264404,167405
2013-04-11,9.0,9.149999618530273,8.868749618530273,9.0,5.496499061584473,71631
2013-04-12,8.8125,9.037500381469727,8.71875,9.0,5.496499061584473,204327
2013-04-15,9.0,9.09375,8.962499618530273,9.0,5.496499061584473,111050
2013-04-16,9.0,9.09375,8.850000381469727,9.0,5.496499061584473,180698
2013-04-17,9.018750190734863,9.09375,9.0,9.0,5.496499061584473,86143
2013-04-18,9.09375,9.300000190734863,9.0,9.1875,5.611009120941162,153333
2013-04-22,9.018750190734863,9.300000190734863,9.018750190734863,9.262499809265137,5.656813621520996,103671
2013-04-23,9.074999809265137,9.768750190734863,9.056249618530273,9.487500190734863,5.794225692749023,252471
2013-04-25,9.262499809265137,9.506250381469727,9.206250190734863,9.28125,5.668264865875244,53703
2013-04-26,9.318750381469727,9.412500381469727,9.1875,9.243749618530273,5.645362854003906,30541
2013-04-29,9.375,9.487500190734863,9.1875,9.375,5.725520610809326,54279
2013-04-30,9.393750190734863,9.600000381469727,9.375,9.375,5.725520610809326,92015
2013-05-02,9.375,9.46875,9.375,9.393750190734863,5.736971378326416,158663
2013-05-03,9.206250190734863,9.524999618530273,9.206250190734863,9.375,5.725520610809326,261586
2013-05-06,9.337499618530273,9.787500381469727,9.318750381469727,9.712499618530273,5.931637287139893,123463
2013-05-07,9.375,9.65625,9.337499618530273,9.412500381469727,5.748420715332031,229431
2013-05-08,9.375,9.543749809265137,9.375,9.375,5.725520610809326,124058
2013-05-09,9.393750190734863,9.84375,9.393750190734863,9.5625,5.840028762817383,251674
2013-05-10,9.5625,9.65625,9.375,9.375,5.725520610809326,58215
2013-05-13,9.581250190734863,9.600000381469727,8.8125,9.375,5.725520610809326,133986
2013-05-14,9.412500381469727,11.25,9.375,10.837499618530273,6.61870002746582,1143877
2013-05-15,11.25,11.512499809265137,10.3125,10.649999618530273,6.504189491271973,2315394
2013-05-16,10.649999618530273,10.837499618530273,10.3125,10.481249809265137,6.401130199432373,463197
2013-05-17,10.5,10.574999809265137,10.274999618530273,10.368749618530273,6.332424163818359,288877
2013-05-20,10.350000381469727,10.6875,10.21875,10.368749618530273,6.332424163818359,200391
2013-05-21,10.256250381469727,10.949999809265137,10.199999809265137,10.350000381469727,6.3209733963012695,248485
2013-05-22,10.5,10.5,10.012499809265137,10.125,6.1835618019104,492389
2013-05-23,10.574999809265137,10.574999809265137,9.84375,10.050000190734863,6.137757778167725,389037
2013-05-24,10.125,10.199999809265137,9.881250381469727,9.975000381469727,6.091952800750732,91610
2013-05-27,10.012499809265137,10.087499618530273,9.9375,9.993749618530273,6.103404998779297,101367
2013-05-28,9.993749618530273,10.050000190734863,9.787500381469727,9.899999618530273,6.046148777008057,134327
2013-05-29,9.787500381469727,10.125,9.712499618530273,9.975000381469727,6.091952800750732,172045
2013-05-30,10.181249618530273,10.181249618530273,9.637499809265137,9.824999809265137,6.000344276428223,178943
2013-05-31,10.274999618530273,10.443750381469727,9.806249618530273,9.881250381469727,6.034698009490967,223426
2013-06-03,9.862500190734863,10.03125,9.5625,9.9375,6.069049835205078,131437
2013-06-04,10.199999809265137,10.21875,10.012499809265137,10.106249809265137,6.172109603881836,78111
2013-06-05,10.181249618530273,10.199999809265137,10.03125,10.068750381469727,6.14920711517334,63295
2013-06-06,10.106249809265137,10.162500381469727,10.03125,10.068750381469727,6.14920711517334,62434
2013-06-07,10.03125,10.3125,10.03125,10.162500381469727,6.206462860107422,110101
2013-06-10,10.125,10.949999809265137,10.125,10.21875,6.240817070007324,384362
2013-06-11,10.443750381469727,10.443750381469727,10.125,10.125,6.1835618019104,81090
2013-06-12,10.125,10.368749618530273,10.125,10.199999809265137,6.229364395141602,67045
2013-06-13,10.125,10.21875,10.03125,10.125,6.1835618019104,56933
2013-06-14,10.21875,10.443750381469727,9.65625,9.675000190734863,5.908735752105713,233981
2013-06-17,10.087499618530273,10.087499618530273,9.375,9.524999618530273,5.817127704620361,100090
2013-06-18,9.412500381469727,9.862500190734863,9.206250190734863,9.787500381469727,5.977443695068359,243775
2013-06-19,9.768750190734863,10.068750381469727,9.65625,9.806249618530273,5.988892078399658,97106
2013-06-20,10.012499809265137,10.012499809265137,9.675000190734863,9.75,5.954539775848389,78655
2013-06-21,9.84375,10.087499618530273,9.75,9.787500381469727,5.977443695068359,240645
2013-06-24,9.787500381469727,9.881250381469727,9.506250381469727,9.618749618530273,5.874383449554443,116674
2013-06-25,9.431249618530273,9.956250190734863,9.431249618530273,9.581250190734863,5.851480960845947,74530
2013-06-26,9.600000381469727,10.03125,9.412500381469727,9.449999809265137,5.771322250366211,217346
2013-06-27,9.618749618530273,9.862500190734863,9.46875,9.768750190734863,5.965991973876953,92087
2013-06-28,9.824999809265137,10.03125,9.75,9.787500381469727,5.977443695068359,109978
2013-07-01,9.543749809265137,10.237500190734863,9.543749809265137,9.899999618530273,6.046148777008057,109413
2013-07-02,9.9375,10.481249809265137,9.806249618530273,10.387499809265137,6.343875408172607,347935
2013-07-03,10.368749618530273,10.368749618530273,10.068750381469727,10.125,6.1835618019104,71498
2013-07-04,10.143750190734863,10.443750381469727,10.125,10.162500381469727,6.206462860107422,43741
2013-07-05,10.293749809265137,10.293749809265137,9.787500381469727,10.125,6.1835618019104,95879
2013-07-08,10.125,10.21875,10.050000190734863,10.125,6.1835618019104,42391
2013-07-09,10.125,11.231249809265137,10.125,11.024999618530273,6.733212947845459,604071
2013-07-10,11.287500381469727,11.568750381469727,10.6875,10.78125,6.584347724914551,1841685
2013-07-11,10.78125,11.53125,10.612500190734863,10.706250190734863,6.538543701171875,208695
2013-07-12,10.856249809265137,10.931249618530273,10.40625,10.574999809265137,6.458386421203613,289687
2013-07-15,10.875,10.949999809265137,10.462499618530273,10.856249809265137,6.630151748657227,162847
2013-07-16,10.743749618530273,10.875,10.518750190734863,10.556249618530273,6.446934700012207,84367
2013-07-17,10.5,10.6875,10.199999809265137,10.331250190734863,6.309521675109863,156394
2013-07-18,10.574999809265137,10.574999809265137,10.143750190734863,10.256250381469727,6.26371955871582,116666
2013-07-19,10.293749809265137,10.5,10.068750381469727,10.125,6.1835618019104,127746
2013-07-22,10.050000190734863,10.125,9.581250190734863,9.693750381469727,5.920186996459961,225781
2013-07-23,9.712499618530273,9.881250381469727,9.712499618530273,9.806249618530273,5.988892078399658,118671
2013-07-24,9.899999618530273,10.293749809265137,9.412500381469727,10.050000190734863,6.137757778167725,184959
2013-07-25,10.199999809265137,10.293749809265137,9.862500190734863,10.21875,6.240817070007324,339047
2013-07-26,10.012499809265137,10.012499809265137,9.65625,9.768750190734863,6.2528181076049805,400445
2013-07-29,10.050000190734863,10.050000190734863,9.449999809265137,9.787500381469727,6.2648210525512695,118343
2013-07-30,9.824999809265137,9.824999809265137,9.074999809265137,9.300000190734863,5.952777862548828,148909
2013-07-31,9.262499809265137,9.600000381469727,8.699999809265137,9.262499809265137,5.928776741027832,195997
2013-08-01,9.28125,9.524999618530273,8.887499809265137,9.018750190734863,5.772754669189453,107989
2013-08-02,9.018750190734863,9.149999618530273,8.699999809265137,9.018750190734863,5.772754669189453,128767
2013-08-05,8.943750381469727,9.0,8.4375,8.8125,5.640738487243652,436989
2013-08-06,8.737500190734863,8.887499809265137,8.493749618530273,8.568750381469727,5.484716415405273,80823
2013-08-07,8.774999618530273,8.774999618530273,8.4375,8.699999809265137,5.568726539611816,84821
2013-08-08,8.850000381469727,9.1875,8.662500381469727,8.850000381469727,5.664741039276123,275266
2013-08-12,9.09375,9.168749809265137,8.850000381469727,9.0,5.760754108428955,123631
2013-08-13,9.037500381469727,9.862500190734863,8.925000190734863,9.487500190734863,6.072793483734131,289647
2013-08-14,9.956250190734863,10.256250381469727,9.5625,9.712499618530273,6.216812610626221,1458613
2013-08-16,9.75,9.75,9.018750190734863,9.1875,5.880768775939941,220519
2013-08-19,9.1875,9.28125,8.699999809265137,8.943750381469727,5.724749565124512,109567
2013-08-20,8.925000190734863,9.337499618530273,8.681249618530273,9.0,5.760754108428955,84087
2013-08-21,9.262499809265137,9.318750381469727,8.737500190734863,8.831250190734863,5.65273904800415,62413
2013-08-22,8.625,9.225000381469727,8.587499618530273,9.037500381469727,5.784755229949951,79082
2013-08-23,9.375,9.375,9.0,9.018750190734863,5.772754669189453,88077
2013-08-26,9.0,9.412500381469727,8.90625,9.243749618530273,5.916774749755859,131210
2013-08-27,9.112500190734863,9.206250190734863,8.925000190734863,8.943750381469727,5.724749565124512,54978
2013-08-28,8.887499809265137,9.037500381469727,8.71875,8.887499809265137,5.688742637634277,121261
2013-08-29,9.1875,9.1875,8.850000381469727,9.018750190734863,5.772754669189453,116530
2013-08-30,9.0,9.5625,8.8125,9.356249809265137,5.9887824058532715,1257045
2013-09-02,9.1875,10.068750381469727,9.1875,9.918749809265137,6.3488287925720215,411415
2013-09-03,9.862500190734863,10.274999618530273,9.393750190734863,9.487500190734863,6.072793483734131,351274
2013-09-04,9.431249618530273,9.899999618530273,9.300000190734863,9.356249809265137,5.9887824058532715,186682
2013-09-05,9.375,9.712499618530273,9.056249618530273,9.524999618530273,6.096796989440918,100709
2013-09-06,9.637499809265137,9.712499618530273,9.412500381469727,9.5625,6.120800018310547,68719
2013-09-10,9.731249809265137,9.75,9.506250381469727,9.600000381469727,6.144803047180176,449967
2013-09-11,9.431249618530273,9.65625,9.262499809265137,9.393750190734863,6.012786865234375,83709
2013-09-12,9.712499618530273,9.712499618530273,9.393750190734863,9.524999618530273,6.096796989440918,114829
2013-09-13,9.449999809265137,10.387499809265137,9.449999809265137,9.881250381469727,6.324827671051025,607338
2013-09-16,9.993749618530273,10.106249809265137,9.506250381469727,9.618749618530273,6.156805992126465,106594
2013-09-17,9.375,9.918749809265137,9.375,9.768750190734863,6.2528181076049805,47887
2013-09-18,9.75,10.837499618530273,9.5625,10.668749809265137,6.828893184661865,877733
2013-09-19,10.912500381469727,11.0625,9.9375,10.162500381469727,6.504850387573242,1738327
2013-09-20,10.050000190734863,10.425000190734863,9.84375,10.293749809265137,6.588862419128418,793029
2013-09-23,10.331250190734863,10.387499809265137,10.012499809265137,10.125,6.480847358703613,166994
2013-09-24,10.087499618530273,10.3125,9.993749618530273,10.143750190734863,6.4928507804870605,140746
2013-09-25,10.143750190734863,10.256250381469727,10.125,10.125,6.480847358703613,264845
2013-09-26,10.293749809265137,10.631250381469727,10.068750381469727,10.181249618530273,6.516851902008057,323757
2013-09-27,10.162500381469727,10.350000381469727,10.106249809265137,10.162500381469727,6.504850387573242,85727
2013-09-30,10.087499618530273,10.274999618530273,10.087499618530273,10.143750190734863,6.4928507804870605,121903
2013-10-01,10.125,10.368749618530273,10.125,10.256250381469727,6.564859867095947,126597
2013-10-03,10.162500381469727,10.649999618530273,10.162500381469727,10.59375,6.780888080596924,371666
2013-10-04,10.5,10.556249618530273,10.199999809265137,10.3125,6.6008620262146,108770
2013-10-07,10.125,11.550000190734863,10.125,11.0625,7.080926418304443,1517301
2013-10-08,10.96875,11.475000381469727,10.893750190734863,11.231249809265137,7.188939094543457,482754
2013-10-09,11.193750381469727,11.324999809265137,10.96875,11.231249809265137,7.188939094543457,190682
2013-10-10,11.024999618530273,11.850000381469727,11.024999618530273,11.512499809265137,7.368963241577148,677519
2013-10-11,11.793749809265137,11.925000190734863,11.118749618530273,11.287500381469727,7.224944591522217,553695
2013-10-14,11.625,11.625,11.043749809265137,11.306249618530273,7.236945629119873,176898
2013-10-15,11.324999809265137,11.475000381469727,10.931249618530273,11.287500381469727,7.224944591522217,253613
2013-10-17,11.100000381469727,11.34375,10.987500190734863,11.25,7.20094108581543,194858
2013-10-18,11.25,11.4375,11.137499809265137,11.287500381469727,7.224944591522217,281290
2013-10-21,11.287500381469727,11.4375,11.193750381469727,11.287500381469727,7.224944591522217,121293
2013-10-22,11.306249618530273,11.71875,11.100000381469727,11.362500190734863,7.272951126098633,273501
2013-10-23,11.25,11.53125,11.25,11.324999809265137,7.248948097229004,218562
2013-10-24,11.287500381469727,11.512499809265137,11.25,11.25,7.20094108581543,204986
2013-10-25,11.212499618530273,11.4375,11.100000381469727,11.268750190734863,7.2129435539245605,125882
2013-10-28,11.287500381469727,11.4375,11.25,11.268750190734863,7.2129435539245605,51498
2013-10-29,11.268750190734863,11.324999809265137,11.081250190734863,11.268750190734863,7.2129435539245605,63746
2013-10-30,11.25,11.399999618530273,11.25,11.268750190734863,7.2129435539245605,99034
2013-10-31,11.34375,11.8125,11.268750190734863,11.550000190734863,7.392964839935303,224397
2013-11-01,11.100000381469727,11.887499809265137,11.100000381469727,11.550000190734863,7.392964839935303,149903
2013-11-05,11.699999809265137,12.637499809265137,11.699999809265137,12.356249809265137,7.909034729003906,666861
2013-11-06,12.375,12.637499809265137,12.018750190734863,12.074999809265137,7.729009628295898,174802
2013-11-07,12.037500381469727,13.125,12.037500381469727,12.806249618530273,8.19707202911377,794847
2013-11-08,13.293749809265137,13.293749809265137,12.65625,12.956250190734863,8.293084144592285,790839
2013-11-11,13.087499618530273,13.125,12.46875,12.768750190734863,8.173068046569824,355845
2013-11-12,12.787500381469727,13.5,12.75,12.881250381469727,8.24507999420166,957751
2013-11-13,13.5,13.574999809265137,12.5625,12.731249809265137,8.149064064025879,818714
2013-11-14,12.5625,12.9375,12.524999618530273,12.618749618530273,8.322186470031738,281351
2013-11-18,12.412500381469727,12.712499618530273,12.206250190734863,12.375,8.161430358886719,215866
2013-11-19,12.375,12.618749618530273,12.09375,12.412500381469727,8.186162948608398,205002
2013-11-20,12.412500381469727,12.693750381469727,12.375,12.412500381469727,8.186162948608398,268319
2013-11-21,12.393750190734863,12.524999618530273,12.09375,12.375,8.161430358886719,235242
2013-11-22,12.28125,12.524999618530273,12.28125,12.375,8.161430358886719,133149
2013-11-25,12.300000190734863,12.600000381469727,12.300000190734863,12.412500381469727,8.186162948608398,126762
2013-11-26,12.28125,12.675000190734863,12.28125,12.487500190734863,8.235626220703125,115210
2013-11-27,12.84375,13.012499809265137,12.712499618530273,12.84375,8.47057819366455,721199
2013-11-28,12.899999618530273,13.21875,12.824999809265137,12.881250381469727,8.495307922363281,230042
2013-11-29,13.087499618530273,13.106249809265137,12.675000190734863,12.768750190734863,8.421113967895508,185013
2013-12-02,12.84375,12.899999618530273,12.5625,12.600000381469727,8.309823036193848,98301
2013-12-03,12.731249809265137,12.731249809265137,12.243749618530273,12.412500381469727,8.186162948608398,151570
2013-12-04,12.393750190734863,13.199999809265137,12.112500190734863,12.956250190734863,8.544771194458008,485722
2013-12-05,12.637499809265137,13.199999809265137,12.5625,12.637499809265137,8.334553718566895,299410
2013-12-06,12.600000381469727,12.862500190734863,12.318750381469727,12.618749618530273,8.322186470031738,194586
2013-12-09,12.5625,12.881250381469727,12.318750381469727,12.75,8.408747673034668,205690
2013-12-10,12.431249618530273,12.9375,12.431249618530273,12.862500190734863,8.482941627502441,106021
2013-12-11,12.84375,12.9375,12.5625,12.768750190734863,8.421113967895508,71943
2013-12-12,12.75,12.881250381469727,12.431249618530273,12.75,8.408747673034668,111562
2013-12-13,12.84375,12.9375,12.693750381469727,12.75,8.408747673034668,68322
2013-12-16,12.712499618530273,12.881250381469727,12.206250190734863,12.337499618530273,8.136699676513672,70743
2013-12-17,12.449999809265137,12.881250381469727,12.449999809265137,12.768750190734863,8.421113967895508,114141
2013-12-18,12.75,13.181249618530273,12.75,13.143750190734863,8.668431282043457,303237
2013-12-19,13.125,14.324999809265137,12.84375,13.762499809265137,9.076498985290527,2293479
2013-12-20,13.987500190734863,15.28125,13.987500190734863,14.774999618530273,9.744256019592285,3383463
2013-12-23,14.925000190734863,15.9375,14.90625,15.543749809265137,10.251251220703125,2338421
2013-12-24,15.712499618530273,15.918749809265137,15.1875,15.375,10.139960289001465,982527
2013-12-26,15.487500190734863,16.162500381469727,15.018750190734863,15.993749618530273,10.5480318069458,1683085
2013-12-27,16.21875,16.256250381469727,15.412500381469727,15.806249618530273,10.424371719360352,2213541
2013-12-30,15.787500381469727,15.975000381469727,15.300000190734863,15.431249618530273,10.177058219909668,884797
2013-12-31,15.524999618530273,15.65625,15.225000381469727,15.356249809265137,10.127593040466309,456695
2014-01-01,15.524999618530273,16.125,15.393750190734863,15.956250190734863,10.523300170898438,1014578
2014-01-02,16.125,16.21875,15.412500381469727,15.543749809265137,10.251251220703125,1227205
2014-01-03,15.431249618530273,18.075000762939453,15.412500381469727,17.587499618530273,11.599124908447266,3875077
2014-01-06,17.8125,18.149999618530273,17.0625,17.15625,11.314709663391113,2782434
2014-01-07,17.231250762939453,17.512500762939453,16.518749237060547,16.78125,11.06739616394043,1387346
2014-01-08,16.893749237060547,17.868749618530273,16.6875,17.174999237060547,11.327077865600586,1793477
2014-01-09,17.174999237060547,17.549999237060547,16.59375,16.743749618530273,11.042662620544434,795194
2014-01-10,16.987499237060547,17.981250762939453,16.837499618530273,16.987499237060547,11.203417778015137,2856309
2014-01-13,17.137500762939453,17.625,16.743749618530273,16.837499618530273,11.104494094848633,1190359
2014-01-14,16.875,17.024999618530273,16.087499618530273,16.162500381469727,10.659326553344727,620853
2014-01-15,16.237499237060547,16.612499237060547,15.862500190734863,16.106250762939453,10.62222671508789,580701
2014-01-16,16.21875,16.368749618530273,15.9375,15.993749618530273,10.5480318069458,294127
2014-01-17,16.012500762939453,16.049999237060547,14.681249618530273,14.8125,9.768985748291016,791402
2014-01-20,15.0,17.024999618530273,14.681249618530273,16.537500381469727,10.90664005279541,2659535
2014-01-21,16.612499237060547,17.137500762939453,16.3125,16.631250381469727,10.968470573425293,1260151
2014-01-22,16.631250381469727,16.6875,15.993749618530273,16.162500381469727,10.659326553344727,477029
2014-01-23,16.181249618530273,16.40625,15.9375,15.975000381469727,10.535667419433594,366837
2014-01-24,15.975000381469727,16.068750381469727,15.431249618530273,15.524999618530273,10.238887786865234,359567
2014-01-27,15.375,15.9375,13.987500190734863,14.268750190734863,9.410377502441406,1231389
2014-01-28,14.287500381469727,14.981249809265137,14.287500381469727,14.699999809265137,9.694790840148926,473090
2014-01-29,14.8125,15.300000190734863,14.625,14.71875,9.707157135009766,341301
2014-01-30,14.625,14.625,14.137499809265137,14.268750190734863,9.410377502441406,322455
2014-01-31,14.34375,14.962499618530273,14.34375,14.643750190734863,9.657691955566406,319031
2014-02-03,14.625,15.1875,14.606249809265137,14.699999809265137,9.694790840148926,373717
2014-02-04,14.4375,14.737500190734863,14.25,14.643750190734863,9.657691955566406,262967
2014-02-05,14.606249809265137,15.618749618530273,14.587499618530273,15.131250381469727,9.979205131530762,775205
2014-02-06,15.0,15.806249618530273,14.962499618530273,15.506250381469727,10.226520538330078,645050
2014-02-07,15.581250190734863,16.012500762939453,15.225000381469727,15.449999809265137,10.189422607421875,629095
2014-02-10,16.424999237060547,16.837499618530273,15.975000381469727,16.106250762939453,10.62222671508789,1404450
2014-02-11,16.143749237060547,16.274999618530273,15.600000381469727,15.65625,10.325448989868164,381191
2014-02-12,15.768750190734863,16.087499618530273,15.487500190734863,15.543749809265137,10.251251220703125,278375
2014-02-13,15.412500381469727,15.824999809265137,15.112500190734863,15.356249809265137,10.127593040466309,327026
2014-02-14,15.225000381469727,15.637499809265137,15.037500381469727,15.1875,10.016304016113281,375005
2014-02-17,15.356249809265137,16.3125,15.056249618530273,15.993749618530273,10.5480318069458,796333
2014-02-18,16.181249618530273,18.0,16.181249618530273,17.381250381469727,11.463101387023926,5224965
2014-02-19,17.25,17.587499618530273,16.706249237060547,16.96875,11.191055297851562,1440375
2014-02-20,16.96875,18.0,16.875,17.362499237060547,11.450735092163086,3183810
2014-02-21,17.34375,17.662500381469727,16.987499237060547,17.287500381469727,11.401269912719727,1577346
2014-02-24,17.325000762939453,18.918750762939453,17.25,18.637500762939453,12.291611671447754,4288429
2014-02-25,18.956249237060547,19.462499618530273,18.581249237060547,19.181249618530273,12.650216102600098,5151671
2014-02-26,19.181249618530273,19.875,19.181249618530273,19.256250381469727,12.69968318939209,3033122
2014-02-28,19.3125,19.78125,18.600000381469727,19.21875,12.67495059967041,1857298
2014-03-03,19.274999618530273,19.6875,18.693750381469727,18.825000762939453,12.415270805358887,1008263
2014-03-04,18.75,19.274999618530273,18.393749237060547,18.975000381469727,12.51419448852539,1417730
2014-03-05,19.3125,19.462499618530273,18.899999618530273,19.012500762939453,12.538925170898438,719773
2014-03-06,19.012500762939453,19.40625,18.806249618530273,18.881250381469727,12.452366828918457,1003479
2014-03-07,18.881250381469727,19.087499618530273,17.625,17.793750762939453,11.735150337219238,1393394
2014-03-10,17.71875,18.131250381469727,16.931249618530273,17.456249237060547,11.512563705444336,792690
2014-03-11,17.306249618530273,18.075000762939453,17.306249618530273,17.549999237060547,11.574395179748535,828663
2014-03-12,17.287500381469727,17.887500762939453,16.950000762939453,17.118749618530273,11.289978981018066,686047
2014-03-13,17.118749618530273,17.475000381469727,16.912500381469727,16.987499237060547,11.203417778015137,589725
2014-03-14,16.893749237060547,17.137500762939453,16.5,16.612499237060547,10.956100463867188,451263
2014-03-18,16.424999237060547,17.287500381469727,16.424999237060547,16.912500381469727,11.153955459594727,725327
2014-03-19,17.15625,17.418750762939453,16.612499237060547,17.212499618530273,11.351807594299316,998167
2014-03-20,17.212499618530273,17.587499618530273,17.15625,17.268749237060547,11.38890552520752,720042
2014-03-21,17.399999618530273,17.418750762939453,16.950000762939453,17.212499618530273,11.351807594299316,435093
2014-03-24,16.96875,17.231250762939453,16.706249237060547,16.987499237060547,11.203417778015137,402637
2014-03-25,16.987499237060547,17.212499618530273,16.612499237060547,16.987499237060547,11.203417778015137,428285
2014-03-26,16.987499237060547,17.193750381469727,16.387500762939453,16.649999618530273,10.980834007263184,624175
2014-03-27,16.518749237060547,16.875,16.3125,16.387500762939453,10.807713508605957,363821
2014-03-28,16.368749618530273,16.78125,16.368749618530273,16.59375,10.943735122680664,359711
2014-03-31,16.6875,16.706249237060547,16.387500762939453,16.462499618530273,10.857176780700684,379802
2014-04-01,16.387500762939453,17.625,16.331249237060547,17.306249618530273,11.413636207580566,1025501
2014-04-02,17.549999237060547,18.225000381469727,17.306249618530273,17.90625,11.809345245361328,1057914
2014-04-03,17.643749237060547,18.674999237060547,17.643749237060547,18.262500762939453,12.044291496276855,1774146
2014-04-04,18.375,18.674999237060547,18.056249618530273,18.243749618530273,12.031928062438965,719159
2014-04-07,18.299999237060547,18.637500762939453,17.587499618530273,18.431249618530273,12.155587196350098,722762
2014-04-09,18.09375,18.524999618530273,17.831249237060547,17.962499618530273,11.846440315246582,456981
2014-04-10,18.112499237060547,18.112499237060547,17.643749237060547,17.71875,11.685685157775879,378735
2014-04-11,17.981250762939453,18.206249237060547,17.625,17.981250762939453,11.858807563781738,516338
2014-04-15,18.075000762939453,18.899999618530273,17.850000381469727,18.768749237060547,12.37817096710205,2312042
2014-04-16,19.706249237060547,20.212499618530273,18.862499237060547,19.049999237060547,12.5636568069458,5746519
2014-04-17,19.350000381469727,19.875,18.84375,19.3125,12.736783027648926,1116717
2014-04-21,19.556249618530273,19.556249618530273,19.049999237060547,19.293750762939453,12.724416732788086,704170
2014-04-22,19.200000762939453,19.6875,18.5625,18.674999237060547,12.316341400146484,1063213
2014-04-23,18.75,18.975000381469727,18.112499237060547,18.581249237060547,12.254510879516602,967895
2014-04-24,18.581249237060547,18.581249237060547,18.581249237060547,18.581249237060547,12.254510879516602,0
2014-04-25,18.28125,18.524999618530273,18.149999618530273,18.375,12.118489265441895,376789
2014-04-28,18.375,18.9375,18.112499237060547,18.581249237060547,12.254510879516602,413621
2014-04-29,18.375,18.9375,18.375,18.581249237060547,12.254510879516602,504375
2014-04-30,18.412500381469727,18.75,18.1875,18.262500762939453,12.044291496276855,843434
2014-05-02,18.112499237060547,18.450000762939453,17.8125,17.831249237060547,11.759880065917969,304167
2014-05-05,18.075000762939453,18.337499618530273,17.737499237060547,18.018749237060547,11.883538246154785,476701
2014-05-06,18.056249618530273,18.225000381469727,17.268749237060547,17.831249237060547,11.759880065917969,200165
2014-05-07,18.0,18.0,17.643749237060547,17.71875,11.685685157775879,242661
2014-05-08,17.774999618530273,18.075000762939453,17.287500381469727,17.887500762939453,11.796978950500488,270581
2014-05-09,17.700000762939453,18.543750762939453,17.700000762939453,17.868749618530273,11.784612655639648,521538
2014-05-12,17.8125,18.09375,16.912500381469727,17.081249237060547,11.265246391296387,625093
2014-05-13,17.118749618530273,17.549999237060547,17.081249237060547,17.174999237060547,11.327077865600586,453839
2014-05-14,17.25,17.549999237060547,17.006250381469727,17.17499542236328,11.327075004577637,277031
2014-05-15,17.174999237060547,17.475000381469727,16.893749237060547,17.081249237060547,11.265246391296387,338101
2014-05-16,17.006250381469727,17.868749618530273,15.618749618530273,16.125,10.634592056274414,608807
2014-05-19,16.481250762939453,16.481250762939453,15.300000190734863,15.787500381469727,10.412006378173828,1066293
2014-05-20,15.46875,16.424999237060547,15.46875,16.181249618530273,10.671688079833984,1241989
2014-05-21,16.331249237060547,17.212499618530273,16.331249237060547,16.931249618530273,11.166319847106934,1291602
2014-05-22,17.25,17.549999237060547,16.837499618530273,16.931249618530273,11.166319847106934,846045
2014-05-23,17.25,18.075000762939453,16.96875,17.418750762939453,11.487833023071289,1991047
2014-05-26,17.643749237060547,18.149999618530273,15.149999618530273,16.668750762939453,10.993202209472656,1287114
2014-05-27,18.075000762939453,19.987499237060547,18.075000762939453,19.987499237060547,13.181947708129883,7709890
2014-05-28,21.674999237060547,23.625,21.487499237060547,22.5,14.838964462280273,11696559
2014-05-29,22.875,24.450000762939453,21.787500381469727,23.606250762939453,15.568552017211914,6948458
2014-05-30,23.381250381469727,23.924999237060547,22.6875,23.568750381469727,15.543817520141602,3211389
2014-06-02,23.606250762939453,23.606250762939453,22.6875,22.950000762939453,15.135744094848633,1184759
2014-06-03,22.837499618530273,23.625,22.518749237060547,23.268749237060547,15.345964431762695,1170079
2014-06-04,23.25,23.4375,22.725000381469727,23.212499618530273,15.308869361877441,814191
2014-06-05,23.25,23.793750762939453,22.875,23.306249618530273,15.370695114135742,1357413
2014-06-06,24.375,25.40625,24.149999618530273,24.65625,16.261035919189453,4982722
2014-06-09,24.674999237060547,24.881250381469727,23.8125,24.243749618530273,15.988983154296875,1387151
2014-06-10,24.337499618530273,26.625,23.34375,26.268749237060547,17.324493408203125,5765503
2014-06-11,26.549999237060547,28.087499618530273,26.25,26.662500381469727,17.584177017211914,6469941
2014-06-12,26.962499618530273,27.618749618530273,26.475000381469727,27.262500762939453,17.979881286621094,2063722
2014-06-13,27.075000762939453,27.674999237060547,24.375,25.162500381469727,16.594905853271484,1951893
2014-06-16,25.256250381469727,26.90625,24.975000381469727,26.493749618530273,17.472883224487305,2352295
2014-06-17,26.662500381469727,27.28125,26.100000381469727,26.174999237060547,17.262666702270508,1794359
2014-06-18,26.212499618530273,27.28125,25.575000762939453,25.875,17.0648136138916,1644669
2014-06-19,26.137500762939453,28.743749618530273,25.931249618530273,27.975000381469727,18.449783325195312,4007693
2014-06-20,29.006250381469727,29.493749618530273,27.618749618530273,27.918750762939453,18.41268539428711,5575797
2014-06-23,27.75,28.3125,27.600000381469727,28.012500762939453,18.47451400756836,1098215
2014-06-24,28.162500381469727,30.168750762939453,28.162500381469727,29.625,19.53797149658203,5277789
2014-06-25,29.700000762939453,29.756250381469727,28.59375,28.931249618530273,19.0804386138916,1473271
2014-06-26,29.325000762939453,29.325000762939453,27.600000381469727,28.03125,18.48687744140625,1735717
2014-06-27,27.75,31.274999618530273,27.75,29.924999237060547,19.735824584960938,5719290
2014-06-30,30.131250381469727,31.40625,30.037500381469727,31.331249237060547,20.663259506225586,1473765
2014-07-01,31.537500381469727,31.818750381469727,30.1875,30.450000762939453,20.08207130432129,675474
2014-07-02,30.524999618530273,31.462499618530273,30.524999618530273,31.087499618530273,20.50250244140625,670754
2014-07-03,30.768749237060547,31.6875,30.0,30.674999237060547,20.230457305908203,505365
2014-07-04,29.287500381469727,31.049999237060547,29.287500381469727,29.8125,19.661630630493164,509085
2014-07-07,29.287500381469727,30.431249618530273,29.25,29.625,19.53797149658203,660727
2014-07-08,29.287500381469727,29.981250762939453,28.143749237060547,28.256250381469727,18.635269165039062,648290
2014-07-09,27.037500381469727,29.0625,27.037500381469727,28.237499237060547,18.622901916503906,502679
2014-07-10,27.393749237060547,29.34375,26.887500762939453,28.6875,18.919679641723633,415842
2014-07-11,27.46875,29.212499618530273,27.356250762939453,27.918750762939453,18.41268539428711,281445
2014-07-14,27.037500381469727,28.106250762939453,26.662500381469727,26.924999237060547,17.757295608520508,199357
2014-07-15,26.8125,28.256250381469727,26.8125,28.256250381469727,18.635269165039062,216245
2014-07-16,27.581249237060547,28.856250762939453,27.581249237060547,28.331249237060547,18.68473243713379,123098
2014-07-17,27.731250762939453,29.399999618530273,27.731250762939453,28.893749237060547,19.055707931518555,210778
2014-07-18,28.537500381469727,30.337499618530273,28.40625,30.337499618530273,20.007871627807617,413535
2014-07-21,30.450000762939453,31.462499618530273,29.024999618530273,29.287500381469727,19.315383911132812,474399
2014-07-22,29.25,29.924999237060547,28.837499618530273,29.0625,19.16699981689453,186357
2014-07-23,27.993749618530273,29.625,27.993749618530273,28.668750762939453,18.907316207885742,115365
2014-07-24,28.631250381469727,29.662500381469727,28.125,29.53125,19.476146697998047,181711
2014-07-25,29.381250381469727,29.568750381469727,28.293750762939453,29.024999618530273,19.14226722717285,134285
2014-07-28,28.162500381469727,29.549999237060547,28.162500381469727,28.350000381469727,18.69709587097168,111191
2014-07-30,27.862499237060547,29.25,27.862499237060547,29.006250381469727,19.129898071289062,168394
2014-07-31,28.518749237060547,29.549999237060547,28.5,28.762500762939453,18.969146728515625,253930
2014-08-01,27.75,28.293750762939453,26.924999237060547,27.0,18.46894645690918,292071
2014-08-04,27.018749237060547,27.65625,25.649999618530273,25.837499618530273,17.67375373840332,640039
2014-08-05,25.237499237060547,27.112499237060547,25.237499237060547,27.112499237060547,18.545900344848633,244669
2014-08-06,27.5625,28.462499618530273,27.5625,28.462499618530273,19.469343185424805,560517
2014-08-07,29.587499618530273,29.606250762939453,27.299999237060547,28.162500381469727,19.264131546020508,457338
2014-08-08,27.9375,28.350000381469727,27.412500381469727,28.106250762939453,19.225658416748047,284703
2014-08-11,28.649999618530273,29.212499618530273,27.9375,28.068750381469727,19.200008392333984,290242
2014-08-12,29.456249237060547,29.456249237060547,29.456249237060547,29.456249237060547,20.149106979370117,143490
2014-08-13,30.918750762939453,30.918750762939453,30.918750762939453,30.918750762939453,21.149507522583008,377927
2014-08-14,32.45624923706055,32.45624923706055,30.75,31.556249618530273,21.5855770111084,5252431
2014-08-18,32.025001525878906,33.131248474121094,31.96875,33.131248474121094,22.66292953491211,824325
2014-08-19,34.29375076293945,34.61249923706055,32.474998474121094,33.26250076293945,22.752716064453125,1805543
2014-08-20,33.5625,34.912498474121094,32.70000076293945,34.724998474121094,23.753110885620117,1809666
2014-08-21,34.85625076293945,36.45000076293945,34.29375076293945,36.45000076293945,24.93307113647461,2519069
2014-08-22,36.63750076293945,37.875,36.599998474121094,36.806251525878906,25.17677116394043,1439047
2014-08-25,37.087501525878906,38.41875076293945,35.662498474121094,37.33124923706055,25.535879135131836,2030674
2014-08-26,38.625,39.1875,38.0625,39.037498474121094,26.703020095825195,1680338
2014-08-27,39.75,40.98749923706055,39.63750076293945,40.98749923706055,28.036880493164062,3778719
2014-08-28,42.0,43.03125,41.625,43.03125,29.434885025024414,2248922
2014-09-01,44.775001525878906,45.16875076293945,40.89374923706055,42.131248474121094,28.81924819946289,3473431
2014-09-02,42.01874923706055,43.181251525878906,40.5,42.693748474121094,29.20401954650879,2149085
2014-09-03,43.20000076293945,44.8125,42.45000076293945,44.34375,30.33267593383789,2909559
2014-09-04,44.54999923706055,46.256248474121094,43.89374923706055,45.224998474121094,30.93548583984375,1938661
2014-09-05,44.4375,46.125,43.51874923706055,44.36249923706055,30.345500946044922,1494253
2014-09-08,44.8125,46.5,44.625,45.65625,31.2304744720459,1961373
2014-09-09,45.91875076293945,45.91875076293945,43.38750076293945,43.76250076293945,29.935089111328125,651445
2014-09-10,43.5,44.71875,42.09375,44.193748474121094,30.230066299438477,459458
2014-09-11,43.59375,46.125,43.59375,45.45000076293945,31.08939552307129,566021
2014-09-12,45.150001525878906,46.275001525878906,44.625,44.98125076293945,31.219524383544922,342191
2014-09-15,45.75,47.212501525878906,44.625,47.212501525878906,32.76814270019531,710231
2014-09-16,48.26250076293945,49.556251525878906,44.868751525878906,45.787498474121094,31.77910804748535,1102287
2014-09-17,46.04999923706055,47.625,44.4375,45.599998474121094,31.648969650268555,363013
2014-09-18,46.38750076293945,47.868751525878906,45.5625,47.868751525878906,33.22361373901367,541885
2014-09-19,48.375,50.25,48.037498474121094,50.25,34.87632751464844,747119
2014-09-22,50.962501525878906,51.712501525878906,48.75,49.631248474121094,34.4468879699707,503373
2014-09-23,49.631248474121094,50.212501525878906,47.287498474121094,47.92499923706055,33.26264953613281,352991
2014-09-24,47.8125,48.900001525878906,45.54375076293945,45.693748474121094,31.714040756225586,401351
2014-09-25,45.375,46.837501525878906,43.42499923706055,44.8125,31.102401733398438,352247
2014-09-26,44.36249923706055,47.04375076293945,43.875,46.875,32.53388977050781,531719
2014-09-29,47.25,49.125,45.95624923706055,47.64374923706055,33.067447662353516,345658
2014-09-30,47.4375,48.787498474121094,46.875,47.34375,32.85923767089844,181735
2014-10-01,46.875,48.35625076293945,46.3125,47.681251525878906,33.09347915649414,202909
2014-10-07,50.0625,50.0625,49.875,50.04375076293945,34.733184814453125,1013434
2014-10-08,50.625,50.8125,48.375,49.61249923706055,34.433876037597656,666202
2014-10-09,49.875,50.625,49.125,50.32500076293945,34.92837905883789,491426
2014-10-10,49.875,50.625,48.75,49.14374923706055,34.10853576660156,437655
2014-10-13,49.70624923706055,50.212501525878906,48.787498474121094,49.443748474121094,34.31675338745117,473735
2014-10-14,49.537498474121094,50.25,48.01874923706055,48.35625076293945,33.56196975708008,307898
2014-10-15,48.35625076293945,48.35625076293945,48.35625076293945,48.35625076293945,33.56196975708008,0
2014-10-16,48.67499923706055,48.67499923706055,45.95624923706055,46.087501525878906,31.987323760986328,565431
2014-10-17,46.837501525878906,46.875,44.0625,44.34375,30.77705955505371,525615
2014-10-20,44.625,46.462501525878906,44.0625,45.806251525878906,31.792123794555664,370698
2014-10-21,46.57500076293945,46.57500076293945,44.60625076293945,45.150001525878906,31.336647033691406,248005
2014-10-22,45.150001525878906,46.10625076293945,45.0,45.806251525878906,31.792123794555664,214847
2014-10-27,46.837501525878906,46.837501525878906,45.375,45.431251525878906,31.5318546295166,163754
2014-10-28,45.037498474121094,46.6875,45.037498474121094,46.10625076293945,32.00033950805664,278741
2014-10-29,46.087501525878906,48.39374923706055,46.087501525878906,48.39374923706055,33.58799743652344,708607
2014-10-30,48.599998474121094,50.8125,47.775001525878906,50.8125,35.26673889160156,1442037
2014-10-31,51.900001525878906,53.34375,51.618751525878906,52.40625,36.372894287109375,2754586
2014-11-03,52.5,53.8125,51.412498474121094,52.21875,36.242759704589844,618202
2014-11-05,52.162498474121094,53.41875076293945,52.162498474121094,52.349998474121094,36.333858489990234,536423
2014-11-07,52.349998474121094,54.95624923706055,52.349998474121094,53.962501525878906,37.4530143737793,2213391
2014-11-10,54.900001525878906,56.64374923706055,53.83124923706055,56.23125076293945,39.027652740478516,3034125
2014-11-11,56.88750076293945,56.88750076293945,54.1875,54.46875,37.804386138916016,836127
2014-11-12,54.46875,56.0625,53.625,54.056251525878906,37.51808547973633,621533
2014-11-13,54.056251525878906,57.45000076293945,53.962501525878906,55.42499923706055,38.73680114746094,1585490
2014-11-14,55.76250076293945,56.0625,53.90625,54.150001525878906,37.845699310302734,689157
2014-11-17,53.006248474121094,54.525001525878906,52.631248474121094,53.83124923706055,37.62291717529297,575522
2014-11-18,53.45624923706055,55.125,52.5,54.46875,38.06847381591797,779882
2014-11-19,54.86249923706055,56.400001525878906,52.349998474121094,52.79999923706055,36.90216827392578,1358087
2014-11-20,52.51874923706055,54.5625,52.162498474121094,53.775001525878906,37.5836067199707,754239
2014-11-21,53.25,54.243751525878906,52.5,52.875,36.954593658447266,382373
2014-11-24,53.25,54.1875,52.70624923706055,53.006248474121094,37.04632568359375,310557
2014-11-25,53.53125,53.53125,50.04375076293945,50.71875,35.44758605957031,587981
2014-11-26,50.625,52.724998474121094,50.568748474121094,52.10625076293945,36.41731262207031,360237
2014-11-27,52.6875,52.724998474121094,51.58124923706055,51.86249923706055,36.246952056884766,172423
2014-11-28,50.625,52.5,50.625,51.131248474121094,35.73588562011719,274610
2014-12-01,51.5625,51.5625,49.875,50.15625,35.054443359375,178722
2014-12-02,50.25,52.068748474121094,50.025001525878906,50.400001525878906,35.22480392456055,378263
2014-12-03,50.54999923706055,51.95624923706055,50.32500076293945,50.568748474121094,35.34274673461914,427141
2014-12-04,50.92499923706055,51.29999923706055,49.875,50.006248474121094,34.94961166381836,425127
2014-12-05,50.0625,51.337501525878906,49.5,50.23125076293945,35.10686111450195,424967
2014-12-08,50.962501525878906,51.0,48.67499923706055,49.162498474121094,34.35991287231445,650565
2014-12-09,49.162498474121094,49.6875,48.693748474121094,49.256248474121094,34.42543029785156,370397
2014-12-10,49.5,50.625,48.82500076293945,50.53125,35.316532135009766,647055
2014-12-11,50.625,50.625,48.75,49.48125076293945,34.58268356323242,235677
2014-12-12,49.48125076293945,51.67499923706055,48.974998474121094,49.443748474121094,34.556480407714844,897602
2014-12-15,48.73125076293945,49.275001525878906,46.087501525878906,47.08124923706055,32.905311584472656,730775
2014-12-16,47.08124923706055,48.26250076293945,46.162498474121094,47.8125,33.416385650634766,552586
2014-12-17,47.32500076293945,49.3125,45.84375,48.974998474121094,34.2288703918457,602549
2014-12-18,49.42499923706055,50.25,48.599998474121094,48.86249923706055,34.15023422241211,479959
2014-12-19,49.125,49.875,47.662498474121094,48.75,34.071617126464844,412162
2014-12-22,49.462501525878906,49.537498474121094,48.16875076293945,49.087501525878906,34.3074951171875,294951
2014-12-23,48.9375,49.14374923706055,47.8125,48.26250076293945,33.730899810791016,217671
2014-12-24,47.51250076293945,49.04999923706055,47.51250076293945,48.46875,33.87504196166992,140751
2014-12-26,48.91875076293945,48.91875076293945,47.287498474121094,47.88750076293945,33.468807220458984,146810
2014-12-29,48.224998474121094,48.693748474121094,47.0625,47.23125076293945,33.01015853881836,174415
2014-12-30,47.4375,47.73749923706055,46.5,46.724998474121094,32.656333923339844,126781
2014-12-31,46.10625076293945,47.625,46.10625076293945,47.36249923706055,33.10188293457031,279399
2015-01-01,46.724998474121094,48.75,46.724998474121094,48.35625076293945,33.79642105102539,235727
2015-01-02,49.125,49.818748474121094,49.04999923706055,49.556251525878906,34.635101318359375,423573
2015-01-05,50.306251525878906,50.32500076293945,48.037498474121094,48.5625,33.9405632019043,408527
2015-01-06,47.71875,48.9375,46.875,48.29999923706055,33.75709915161133,378869
2015-01-07,49.21875,49.21875,47.193748474121094,47.90625,33.48191833496094,218877
2015-01-08,48.65625,49.20000076293945,48.243751525878906,48.806251525878906,34.11092758178711,239823
2015-01-09,49.650001525878906,49.85625076293945,45.993751525878906,46.89374923706055,32.774269104003906,489506
2015-01-12,47.625,48.0,45.993751525878906,47.41875076293945,33.141197204589844,441647
2015-01-13,47.474998474121094,47.8125,46.5,46.95000076293945,32.81357955932617,200170
2015-01-14,47.625,48.131248474121094,46.875,47.41875076293945,33.141197204589844,181501
2015-01-15,47.45624923706055,47.98125076293945,45.84375,46.95000076293945,32.81357955932617,196141
2015-01-16,47.60625076293945,47.60625076293945,46.61249923706055,47.04375076293945,32.87910461425781,109509
2015-01-19,47.25,50.23125076293945,47.25,48.618751525878906,33.97987747192383,814757
2015-01-20,48.91875076293945,49.875,47.756248474121094,47.98125076293945,33.53432846069336,324061
2015-01-21,47.98125076293945,48.26250076293945,46.912498474121094,47.26874923706055,33.03636169433594,200885
2015-01-22,47.4375,48.26250076293945,46.912498474121094,47.212501525878906,32.99705123901367,240213
2015-01-23,47.587501525878906,47.98125076293945,46.125,46.631248474121094,32.5908088684082,240994
2015-01-27,46.875,47.45624923706055,46.01250076293945,47.306251525878906,33.06257247924805,286069
2015-01-28,46.6875,47.23125076293945,45.974998474121094,46.275001525878906,32.341819763183594,255463
2015-01-29,45.95624923706055,47.0625,45.224998474121094,45.5625,31.843852996826172,258197
2015-01-30,45.09375,46.10625076293945,45.0,45.5625,31.843852996826172,187506
2015-02-02,45.9375,48.1875,45.75,47.17499923706055,32.97084045410156,587498
2015-02-03,47.587501525878906,48.16875076293945,46.556251525878906,46.837501525878906,32.734954833984375,379461
2015-02-04,46.837501525878906,47.868751525878906,46.20000076293945,46.724998474121094,32.656333923339844,525373
2015-02-05,47.625,47.8125,46.5,46.89374923706055,32.774269104003906,320733
2015-02-06,47.54999923706055,54.375,46.931251525878906,53.381248474121094,37.30842208862305,8254965
2015-02-09,53.8125,56.0625,52.912498474121094,53.775001525878906,37.5836067199707,3876239
2015-02-10,54.0,58.3125,45.28125,57.26250076293945,40.02104187011719,3549917
2015-02-11,58.04999923706055,58.875,56.662498474121094,57.1875,39.96862030029297,1756301
2015-02-12,57.375,57.506248474121094,55.03125,55.70624923706055,38.933372497558594,705229
2015-02-13,55.875,55.875,53.36249923706055,54.693748474121094,38.22572326660156,618370
2015-02-16,54.900001525878906,55.5,52.6875,53.13750076293945,37.138057708740234,594781
2015-02-18,53.54999923706055,54.5625,53.15625,53.73749923706055,37.557395935058594,559290
2015-02-19,54.29999923706055,57.75,54.09375,56.4375,39.4444465637207,1947938
2015-02-20,57.91875076293945,60.0,56.25,57.39374923706055,40.112770080566406,2329869
2015-02-23,57.58124923706055,58.650001525878906,56.25,56.79375076293945,39.69343185424805,788607
2015-02-24,57.29999923706055,57.5625,54.375,55.03125,38.46160888671875,684666
2015-02-25,54.82500076293945,55.5,53.118751525878906,54.20624923706055,37.885013580322266,692962
2015-02-26,54.28125,54.58124923706055,53.32500076293945,53.64374923706055,37.49187088012695,387266
2015-02-27,54.224998474121094,55.5,54.0,55.01250076293945,38.44850158691406,513074
2015-03-02,54.45000076293945,56.099998474121094,54.1875,55.21875,38.592655181884766,395970
2015-03-03,55.3125,58.462501525878906,54.993751525878906,55.38750076293945,38.710594177246094,1483466
2015-03-04,55.78125,57.056251525878906,55.125,55.724998474121094,38.94647979736328,517533
2015-03-05,56.0625,59.25,55.23749923706055,58.38750076293945,40.80730438232422,1129373
2015-03-09,57.375,57.881248474121094,55.5,55.6875,38.92026901245117,589669
2015-03-10,55.98749923706055,60.0,55.57500076293945,59.64374923706055,41.685306549072266,1915130
2015-03-11,60.0,62.25,59.099998474121094,59.53125,41.60668182373047,2567466
2015-03-12,59.8125,63.54375076293945,59.662498474121094,63.150001525878906,44.13584518432617,2671109
2015-03-13,64.6500015258789,65.4375,60.1875,61.087501525878906,42.6943473815918,1857901
2015-03-16,60.75,64.7437515258789,60.75,64.3499984741211,44.974525451660156,2521279
2015-03-17,64.5374984741211,66.30000305175781,60.75,61.931251525878906,43.2840576171875,11664333
2015-03-18,63.375,64.875,62.662498474121094,64.51875305175781,45.092464447021484,2003173
2015-03-19,64.66874694824219,65.4000015258789,60.037498474121094,61.275001525878906,42.82539367675781,1333333
2015-03-20,61.349998474121094,62.13750076293945,58.125,58.875,41.14802169799805,732135
2015-03-23,59.54999923706055,62.36249923706055,58.51874923706055,60.431251525878906,42.235694885253906,903506
2015-03-24,60.82500076293945,61.6875,60.07500076293945,60.412498474121094,42.222591400146484,422735
2015-03-25,60.0,61.42499923706055,59.287498474121094,59.849998474121094,41.8294563293457,402234
2015-03-26,59.625,61.6875,59.17499923706055,60.86249923706055,42.53710174560547,520877
2015-03-27,61.14374923706055,63.16875076293945,60.67499923706055,62.287498474121094,43.53303146362305,644447
2015-03-30,63.75,65.625,63.0,64.76249694824219,45.262821197509766,1044602
2015-03-31,65.0062484741211,67.33125305175781,64.6312484741211,66.91874694824219,46.76982879638672,1576282
2015-04-01,67.2562484741211,67.78125,65.3812484741211,65.60624694824219,45.85251998901367,771042
2015-04-06,65.90625,66.3375015258789,64.42500305175781,65.23124694824219,45.59043502807617,586383
2015-04-07,65.25,66.375,64.59375,66.0,46.12771987915039,541263
2015-04-08,66.1875,68.4749984741211,65.625,67.3687515258789,47.084346771240234,1165698
2015-04-09,66.44999694824219,67.42500305175781,65.25,66.6937484741211,46.61258316040039,775671
2015-04-10,66.6937484741211,67.23750305175781,65.5875015258789,65.92500305175781,46.07529830932617,659109
2015-04-13,66.0374984741211,67.6312484741211,66.0374984741211,66.82499694824219,46.704315185546875,524466
2015-04-15,66.82499694824219,67.3125,66.3187484741211,66.73124694824219,46.6387939453125,486882
2015-04-16,66.0,66.9749984741211,63.75,64.5,45.07936477661133,1408829
2015-04-17,63.787498474121094,65.0625,63.787498474121094,64.57499694824219,45.13178253173828,534970
2015-04-20,64.7249984741211,65.2125015258789,61.275001525878906,61.6875,43.11369705200195,525381
2015-04-21,61.125,62.25,59.25,61.51874923706055,42.995750427246094,690383
2015-04-22,62.287498474121094,63.525001525878906,60.75,61.875,43.2447395324707,907301
2015-04-23,61.875,61.875,60.375,61.10625076293945,42.70745849609375,385157
2015-04-24,60.974998474121094,60.974998474121094,56.64374923706055,57.48749923706055,40.17829513549805,410826
2015-04-27,57.48749923706055,59.17499923706055,53.73749923706055,58.04999923706055,40.5714225769043,688517
2015-04-28,58.38750076293945,58.38750076293945,55.537498474121094,56.212501525878906,39.287193298339844,365306
2015-04-29,56.212501525878906,59.92499923706055,55.5,59.41875076293945,41.52805709838867,1745037
2015-04-30,58.875,59.25,57.375,58.03125,40.55832290649414,297037
2015-05-04,59.625,60.65625,58.724998474121094,59.8125,41.803245544433594,316613
2015-05-05,59.4375,60.48749923706055,57.01874923706055,58.61249923706055,40.964561462402344,264719
2015-05-06,58.912498474121094,59.625,55.04999923706055,58.818748474121094,41.108707427978516,666490
2015-05-07,58.837501525878906,58.837501525878906,55.349998474121094,55.66875076293945,38.90715789794922,506479
2015-05-08,56.962501525878906,58.125,56.25,57.1875,39.96862030029297,274749
2015-05-11,57.318748474121094,58.275001525878906,55.48125076293945,55.79999923706055,38.99889373779297,512229
2015-05-12,56.25,56.25,54.48749923706055,55.23749923706055,38.60575485229492,315170
2015-05-13,55.51874923706055,56.90625,54.9375,55.79999923706055,38.99889373779297,266706
2015-05-14,55.837501525878906,57.375,54.787498474121094,56.36249923706055,39.39202880859375,389237
2015-05-15,56.92499923706055,58.181251525878906,56.625,57.35625076293945,40.08656311035156,409901
2015-05-18,57.5625,60.9375,57.07500076293945,60.48749923706055,42.275001525878906,536807
2015-05-19,61.087501525878906,63.806251525878906,60.974998474121094,62.15625,43.441307067871094,927749
2015-05-20,63.67499923706055,63.900001525878906,58.95000076293945,59.868751525878906,41.842567443847656,2086741
2015-05-21,59.92499923706055,59.92499923706055,57.45000076293945,58.59375,40.951454162597656,664789
2015-05-22,58.89374923706055,59.775001525878906,55.743751525878906,56.962501525878906,39.811370849609375,515093
2015-05-25,56.962501525878906,58.04999923706055,56.26874923706055,57.131248474121094,39.92930221557617,514111
2015-05-26,57.131248474121094,57.63750076293945,55.76250076293945,56.13750076293945,39.23477554321289,291303
2015-05-27,55.6875,55.95000076293945,48.337501525878906,54.0,37.74085998535156,690562
2015-05-28,54.75,54.76874923706055,50.474998474121094,53.662498474121094,37.50498580932617,1286125
2015-05-29,54.0,55.650001525878906,53.32500076293945,54.63750076293945,38.18641662597656,438498
2015-06-01,54.75,55.087501525878906,52.5,54.35625076293945,37.98984909057617,576426
2015-06-02,54.375,54.9375,53.4375,54.48749923706055,38.08157730102539,428426
2015-06-03,53.70000076293945,54.67499923706055,50.662498474121094,52.275001525878906,36.535255432128906,406674
2015-06-04,53.625,53.943748474121094,52.5,53.79375076293945,37.596710205078125,473061
2015-06-05,53.26874923706055,53.71875,52.38750076293945,52.61249923706055,36.77113342285156,234442
2015-06-08,53.25,53.8125,52.162498474121094,52.5,36.69251251220703,142309
2015-06-09,51.243751525878906,52.42499923706055,51.243751525878906,51.73125076293945,36.15522003173828,201181
2015-06-10,51.01874923706055,53.71875,51.01874923706055,52.78125,36.889068603515625,340802
2015-06-11,52.95000076293945,53.400001525878906,50.025001525878906,50.45624923706055,35.264122009277344,463535
2015-06-12,50.45624923706055,51.11249923706055,48.1875,49.01250076293945,34.25507354736328,444405
2015-06-15,49.10625076293945,50.4375,47.8125,48.525001525878906,33.914363861083984,489978
2015-06-16,48.75,49.79999923706055,48.375,49.20000076293945,34.3861198425293,287322
2015-06-17,49.068748474121094,51.337501525878906,48.787498474121094,51.056251525878906,35.68346405029297,504277
2015-06-18,50.662498474121094,53.306251525878906,50.662498474121094,52.57500076293945,36.74491882324219,644786
2015-06-19,52.6875,53.23125076293945,51.16875076293945,51.76874923706055,36.18143081665039,371490
2015-06-22,52.57500076293945,52.59375,51.75,52.29375076293945,36.54835510253906,541199
2015-06-23,52.03125,53.23125076293945,51.58124923706055,51.787498474121094,36.19453430175781,374791
2015-06-24,52.21875,53.54999923706055,52.125,52.42499923706055,36.64008331298828,440359
2015-06-25,51.75,52.631248474121094,50.92499923706055,51.037498474121094,35.67036056518555,297767
2015-06-26,51.5625,51.5625,49.724998474121094,50.025001525878906,34.962711334228516,380389
2015-06-29,50.212501525878906,50.212501525878906,47.625,48.35625076293945,33.79642105102539,439551
2015-06-30,48.412498474121094,49.275001525878906,47.868751525878906,48.16875076293945,33.66537094116211,324522
2015-07-01,48.375,49.5,48.243751525878906,48.91875076293945,34.189552307128906,405826
2015-07-02,49.349998474121094,50.98125076293945,49.349998474121094,50.474998474121094,35.277225494384766,674682
2015-07-03,50.625,51.29999923706055,49.6875,50.962501525878906,35.61793899536133,416357
2015-07-06,49.6875,50.88750076293945,49.6875,50.381248474121094,35.211700439453125,270799
2015-07-07,50.4375,51.67499923706055,50.4375,51.337501525878906,35.880035400390625,411573
2015-07-08,50.962501525878906,51.0,49.98749923706055,50.381248474121094,35.211700439453125,456767
2015-07-09,50.88750076293945,50.88750076293945,49.04999923706055,49.29375076293945,34.45164108276367,493930
2015-07-10,49.743751525878906,50.54999923706055,49.087501525878906,50.118751525878906,35.028236389160156,341498
2015-07-13,50.625,52.3125,49.78125,51.5625,36.03728485107422,736399
2015-07-14,51.375,52.875,51.28125,51.95624923706055,36.312469482421875,795567
2015-07-15,52.125,56.8125,52.125,56.13750076293945,39.23477554321289,1581127
2015-07-16,56.962501525878906,57.48749923706055,55.349998474121094,55.78125,38.98579025268555,973261
2015-07-17,55.875,56.51250076293945,54.76874923706055,55.79999923706055,38.99889373779297,548253
2015-07-20,57.0,57.787498474121094,56.32500076293945,56.88750076293945,39.75895690917969,1093061
2015-07-21,57.16875076293945,57.73125076293945,55.59375,55.89374923706055,39.064414978027344,505074
2015-07-22,54.45000076293945,54.75,53.625,54.09375,38.91603469848633,434727
2015-07-23,53.962501525878906,55.98749923706055,52.57500076293945,54.056251525878906,38.88905715942383,701031
2015-07-24,54.20624923706055,55.125,53.568748474121094,54.01874923706055,38.86207962036133,425090
2015-07-27,54.0,55.162498474121094,53.493751525878906,54.48749923706055,39.19929885864258,562181
2015-07-28,54.712501525878906,55.5,54.20624923706055,54.58124923706055,39.266746520996094,407991
2015-07-29,55.01250076293945,55.162498474121094,54.28125,54.5625,39.25326156616211,311023
2015-07-30,55.631248474121094,56.4375,54.5625,55.96875,40.26494598388672,427501
2015-07-31,55.78125,60.48749923706055,55.78125,58.10625076293945,41.80269241333008,2696319
2015-08-03,58.650001525878906,60.375,58.42499923706055,58.818748474121094,42.31528854370117,1028922
2015-08-04,59.118751525878906,59.53125,57.58124923706055,59.04375076293945,42.477149963378906,800135
2015-08-05,59.51250076293945,67.1624984741211,59.36249923706055,64.57499694824219,46.45642852783203,6763589
2015-08-06,64.57499694824219,66.375,57.974998474121094,58.724998474121094,42.247833251953125,4827447
2015-08-07,58.76250076293945,59.625,55.875,57.46875,41.34407043457031,1614226
2015-08-10,56.849998474121094,57.900001525878906,54.75,55.21875,39.72537612915039,772421
2015-08-11,55.650001525878906,58.10625076293945,55.068748474121094,55.443748474121094,39.887245178222656,1122234
2015-08-12,55.275001525878906,58.04999923706055,53.92499923706055,57.58124923706055,41.42499923706055,1325218
2015-08-13,59.625,60.75,58.462501525878906,59.41875076293945,42.74693298339844,2075570
2015-08-14,59.25,60.9375,57.58124923706055,60.224998474121094,43.326961517333984,758335
2015-08-17,59.8125,60.375,58.275001525878906,58.631248474121094,42.180397033691406,391266
2015-08-18,58.875,61.04999923706055,58.875,59.73749923706055,42.97623825073242,580698
2015-08-19,59.287498474121094,61.875,58.57500076293945,60.224998474121094,43.326961517333984,1277586
2015-08-20,60.09375,60.45000076293945,58.162498474121094,58.29375076293945,41.937591552734375,570245
2015-08-21,55.125,58.087501525878906,55.125,57.243751525878906,41.18220138549805,546415
2015-08-24,54.75,55.6875,52.162498474121094,52.79999923706055,37.98528289794922,1165546
2015-08-25,52.70624923706055,54.0,48.16875076293945,53.64374923706055,38.592288970947266,948191
2015-08-26,53.26874923706055,55.087501525878906,50.662498474121094,53.36249923706055,38.389957427978516,480946
2015-08-27,54.525001525878906,55.931251525878906,53.474998474121094,55.03125,39.59048843383789,490055
2015-08-28,56.13750076293945,56.25,53.099998474121094,53.381248474121094,38.4034538269043,417919
2015-08-31,53.662498474121094,54.412498474121094,51.95624923706055,53.025001525878906,38.147151947021484,259050
2015-09-01,52.98749923706055,52.98749923706055,50.662498474121094,51.037498474121094,36.717315673828125,603717
2015-09-02,52.42499923706055,52.70624923706055,50.70000076293945,51.150001525878906,36.79824447631836,563223
2015-09-03,51.506248474121094,55.48125076293945,51.506248474121094,54.881248474121094,39.482574462890625,1264895
2015-09-04,54.787498474121094,55.087501525878906,51.09375,51.67499923706055,37.175933837890625,935709
2015-09-07,52.04999923706055,53.625,51.1875,51.84375,37.29733657836914,583431
2015-09-08,51.84375,53.25,50.70000076293945,51.9375,37.364784240722656,571271
2015-09-09,53.25,54.131248474121094,52.537498474121094,53.45624923706055,38.457401275634766,527589
2015-09-10,52.087501525878906,53.04375076293945,51.618751525878906,52.57500076293945,37.82341766357422,359327
2015-09-11,53.54999923706055,54.11249923706055,52.537498474121094,52.89374923706055,38.052730560302734,480570
2015-09-14,53.474998474121094,53.474998474121094,51.95624923706055,52.462501525878906,37.742488861083984,377871
2015-09-15,52.85625076293945,53.025001525878906,51.9375,52.537498474121094,37.79643630981445,159231
2015-09-16,52.875,53.32500076293945,51.412498474121094,51.900001525878906,37.33781051635742,351517
2015-09-18,52.6875,54.712501525878906,52.5,54.412498474121094,39.145355224609375,785845
2015-09-21,54.35625076293945,55.256248474121094,53.625,54.618751525878906,39.293724060058594,372434
2015-09-22,55.256248474121094,58.79999923706055,54.67499923706055,55.931251525878906,40.23796844482422,852151
2015-09-23,55.5,56.099998474121094,54.86249923706055,55.33124923706055,39.80630874633789,430039
2015-09-24,55.256248474121094,57.0,55.256248474121094,55.85625076293945,40.18400955200195,369319
2015-09-28,56.099998474121094,56.8125,55.181251525878906,55.42499923706055,39.87375259399414,251298
2015-09-29,54.75,56.099998474121094,54.16875076293945,55.23749923706055,39.73886489868164,299482
2015-09-30,56.006248474121094,57.525001525878906,55.537498474121094,56.8125,40.871952056884766,334607
2015-10-01,57.29999923706055,57.9375,56.70000076293945,57.28125,41.20917892456055,318527
2015-10-05,56.64374923706055,57.84375,55.79999923706055,56.51250076293945,40.656124114990234,478143
2015-10-06,56.90625,57.26250076293945,55.837501525878906,56.118751525878906,40.37285232543945,369253
2015-10-07,56.493751525878906,57.224998474121094,55.57500076293945,55.818748474121094,40.15703201293945,265285
2015-10-08,55.818748474121094,57.618751525878906,55.818748474121094,56.15625,40.39983367919922,336722
2015-10-09,56.26874923706055,57.131248474121094,55.59375,55.79999923706055,40.14353942871094,231639
2015-10-12,56.54999923706055,58.5,56.25,57.58124923706055,41.42499923706055,810879
2015-10-13,57.375,59.23125076293945,57.375,58.78125,42.288307189941406,670306
2015-10-14,58.5,59.625,56.83124923706055,57.48749923706055,41.357566833496094,589690
2015-10-15,57.75,58.95000076293945,57.525001525878906,58.01250076293945,41.73524856567383,470338
2015-10-16,58.462501525878906,58.59375,57.0,57.224998474121094,41.1687126159668,235405
2015-10-19,57.63750076293945,57.712501525878906,56.4375,56.943748474121094,40.966373443603516,328719
2015-10-20,56.71875,57.26250076293945,55.875,56.17499923706055,40.41332244873047,323935
2015-10-21,56.64374923706055,57.506248474121094,56.0625,56.474998474121094,40.629150390625,234837
2015-10-23,56.98125076293945,57.82500076293945,56.625,56.88750076293945,40.925907135009766,338311
2015-10-26,57.07500076293945,58.5,56.92499923706055,58.21875,41.88364028930664,314146
2015-10-27,58.5,58.5,57.243751525878906,57.76874923706055,41.55989456176758,284647
2015-10-28,57.75,58.5,57.412498474121094,57.993751525878906,41.72176742553711,349325
2015-10-29,58.10625076293945,60.375,57.76874923706055,58.6875,42.22085952758789,631050
2015-10-30,59.587501525878906,59.962501525878906,57.86249923706055,58.368751525878906,41.99155044555664,568549
2015-11-02,58.837501525878906,59.60625076293945,56.17499923706055,56.60625076293945,40.72357177734375,678759
2015-11-03,56.60625076293945,58.5,55.59375,58.087501525878906,41.789215087890625,778223
2015-11-04,57.9375,58.724998474121094,57.1875,57.5625,41.411521911621094,308781
2015-11-05,57.75,58.837501525878906,56.8125,57.318748474121094,41.23615646362305,366015
2015-11-06,56.4375,58.125,56.4375,57.0,41.0068473815918,184706
2015-11-09,56.4375,59.08124923706055,54.431251525878906,58.631248474121094,42.180397033691406,710789
2015-11-10,57.974998474121094,61.125,57.506248474121094,59.90625,44.084510803222656,1113853
2015-11-13,58.95000076293945,60.0,57.63750076293945,58.556251525878906,43.091060638427734,357925
2015-11-16,58.556251525878906,59.849998474121094,58.20000076293945,58.38750076293945,42.96687698364258,238991
2015-11-17,58.875,59.25,58.162498474121094,58.875,43.325618743896484,263565
2015-11-18,58.89374923706055,60.73125076293945,58.875,59.70000076293945,43.93273162841797,889975
2015-11-19,60.0,60.9375,60.0,60.618751525878906,44.60883331298828,386682
2015-11-20,60.618751525878906,64.5,60.131248474121094,63.46875,46.70612716674805,1669874
2015-11-23,63.75,65.4000015258789,61.95000076293945,62.381248474121094,45.905845642089844,1733805
2015-11-24,62.25,63.525001525878906,60.95624923706055,61.38750076293945,45.17455291748047,796877
2015-11-26,61.5,61.96875,60.29999923706055,60.86249923706055,44.7882080078125,683706
2015-11-27,60.993751525878906,61.59375,59.88750076293945,60.318748474121094,44.38806915283203,307343
2015-11-30,60.318748474121094,62.54999923706055,60.318748474121094,61.79999923706055,45.47810745239258,926261
2015-12-01,61.57500076293945,62.92499923706055,61.57500076293945,62.287498474121094,45.83684539794922,840511
2015-12-02,62.287498474121094,63.0,61.125,61.48125076293945,45.2435417175293,425087
2015-12-03,61.59375,65.8125,60.82500076293945,63.39374923706055,46.650936126708984,2677479
2015-12-04,63.29999923706055,65.13749694824219,62.681251525878906,63.618751525878906,46.81651306152344,1292215
2015-12-07,64.4437484741211,65.4375,63.974998474121094,64.3499984741211,47.35463333129883,568935
2015-12-08,64.51875305175781,67.42500305175781,64.48124694824219,65.5687484741211,48.251495361328125,2628415
2015-12-09,66.0,66.5625,60.900001525878906,62.099998474121094,45.69886779785156,737666
2015-12-10,62.4375,64.66874694824219,62.4375,64.33125305175781,47.34083938598633,583903
2015-12-11,64.98750305175781,65.2125015258789,63.412498474121094,64.03125,47.12006759643555,637845
2015-12-14,63.54375076293945,68.41874694824219,63.28125,66.0374984741211,48.5964469909668,1726642
2015-12-15,66.0374984741211,66.3375015258789,64.7249984741211,65.13749694824219,47.93414306640625,312810
2015-12-16,65.25,66.375,64.6875,65.04374694824219,47.86515808105469,377810
2015-12-17,65.5687484741211,68.25,65.4375,67.85624694824219,49.93484878540039,1011765
2015-12-18,67.6875,69.75,67.5374984741211,68.0062484741211,50.045230865478516,1137978
2015-12-21,68.625,68.625,67.1624984741211,67.8187484741211,49.90724563598633,409354
2015-12-22,67.8187484741211,68.1937484741211,65.25,65.5687484741211,48.251495361328125,454119
2015-12-23,66.2437515258789,66.26249694824219,64.42500305175781,65.625,48.29289245605469,461503
2015-12-24,66.2249984741211,66.5062484741211,65.04374694824219,65.83125305175781,48.44467544555664,174805
2015-12-28,64.875,66.75,64.875,65.4375,48.154911041259766,252237
2015-12-29,65.8125,67.05000305175781,64.9124984741211,65.73750305175781,48.37567901611328,397631
2015-12-30,66.5250015258789,67.5,65.32499694824219,65.69999694824219,48.34808349609375,231949
2015-12-31,66.35624694824219,66.5250015258789,65.25,65.60624694824219,48.27908706665039,228231
2016-01-01,65.625,66.11250305175781,64.9124984741211,65.15625,47.94794464111328,111685
2016-01-04,65.0625,65.0625,61.66875076293945,62.662498474121094,46.11281204223633,523541
2016-01-05,62.849998474121094,64.19999694824219,61.95000076293945,62.474998474121094,45.974830627441406,277871
2016-01-06,63.375,65.8125,61.912498474121094,65.5687484741211,48.251495361328125,3717255
2016-01-07,64.3687515258789,64.3687515258789,62.64374923706055,63.712501525878906,46.885501861572266,993338
2016-01-08,63.9375,67.38749694824219,63.9375,66.0562515258789,48.61024475097656,767207
2016-01-11,65.23124694824219,67.0875015258789,64.6875,66.5999984741211,49.01039123535156,509186
2016-01-12,66.82499694824219,68.1187515258789,65.2874984741211,66.1312484741211,48.665443420410156,632061
2016-01-13,66.9000015258789,67.125,58.931251525878906,63.9375,47.05107879638672,1261178
2016-01-14,62.92499923706055,65.9625015258789,61.125,64.3125,47.3270263671875,923133
2016-01-15,64.5,65.0999984741211,60.375,60.91875076293945,44.82960510253906,335026
2016-01-18,61.837501525878906,61.837501525878906,57.9375,58.5,43.04966735839844,477639
2016-01-19,58.89374923706055,59.8125,56.681251525878906,58.14374923706055,42.78750991821289,564759
2016-01-20,58.14374923706055,58.818748474121094,56.17499923706055,58.03125,42.704715728759766,426559
2016-01-21,58.5,59.17499923706055,56.287498474121094,56.88750076293945,41.86304473876953,282535
2016-01-22,58.10625076293945,61.631248474121094,57.787498474121094,61.10625076293945,44.96758270263672,783551
2016-01-25,61.462501525878906,62.60625076293945,59.45624923706055,59.8125,44.01552200317383,194813
2016-01-27,60.9375,62.41875076293945,60.39374923706055,61.743751525878906,45.43672561645508,312434
2016-01-28,62.25,62.25,61.125,61.51874923706055,45.27113723754883,94991
2016-01-29,61.14374923706055,62.23125076293945,60.63750076293945,61.04999923706055,44.92618942260742,201994
2016-02-01,63.1875,63.1875,58.48125076293945,60.73125076293945,44.69162368774414,104215
2016-02-02,61.087501525878906,61.79999923706055,58.20000076293945,59.4375,43.739559173583984,272658
2016-02-03,57.787498474121094,60.0,57.506248474121094,57.881248474121094,42.59433364868164,228871
2016-02-04,58.20000076293945,59.775001525878906,58.125,58.57500076293945,43.104854583740234,225946
2016-02-05,59.006248474121094,61.66875076293945,58.650001525878906,60.75,44.70541763305664,377322
2016-02-08,61.01250076293945,61.04999923706055,58.01250076293945,58.59375,43.118656158447266,459967
2016-02-09,58.5,61.068748474121094,58.125,59.943748474121094,44.11211013793945,1131325
2016-02-10,59.8125,60.39374923706055,57.712501525878906,58.3125,42.91168212890625,225090
2016-02-11,58.3125,58.3125,52.912498474121094,53.8125,39.60017776489258,568154
2016-02-12,53.625,56.98125076293945,51.86249923706055,54.9375,40.42805480957031,632746
2016-02-15,57.375,57.45000076293945,55.556251525878906,55.931251525878906,41.159339904785156,130690
2016-02-16,56.88750076293945,56.88750076293945,53.4375,53.849998474121094,39.62777328491211,191093
2016-02-17,54.0,55.125,51.48749923706055,52.724998474121094,38.79989242553711,319661
2016-02-18,53.625,54.54375076293945,50.41875076293945,50.849998474121094,37.42008972167969,497261
2016-02-19,51.693748474121094,52.256248474121094,50.4375,51.1875,37.66845703125,711941
2016-02-22,52.368751525878906,53.13750076293945,51.131248474121094,52.875,38.910274505615234,300674
2016-02-23,51.46875,53.025001525878906,50.625,51.16875076293945,37.654659271240234,354901
2016-02-24,50.73749923706055,51.73125076293945,49.85625076293945,50.17499923706055,36.923362731933594,164010
2016-02-25,49.95000076293945,50.962501525878906,49.125,50.212501525878906,36.950958251953125,215701
2016-02-26,49.912498474121094,50.4375,48.26250076293945,49.162498474121094,36.178279876708984,203845
2016-02-29,49.85625076293945,49.85625076293945,47.118751525878906,47.868751525878906,35.226219177246094,383674
2016-03-01,48.63750076293945,51.525001525878906,48.0,51.16875076293945,37.654659271240234,597146
2016-03-02,51.67499923706055,53.60625076293945,51.375,52.89374923706055,38.924072265625,324026
2016-03-03,52.89374923706055,57.375,52.89374923706055,56.23125076293945,41.3801155090332,624189
2016-03-04,56.943748474121094,59.193748474121094,55.875,58.85625076293945,43.31182861328125,584117
2016-03-08,58.85625076293945,60.75,58.85625076293945,60.224998474121094,44.3190803527832,350399
2016-03-09,60.07500076293945,62.587501525878906,58.875,61.837501525878906,45.505699157714844,574213
2016-03-10,61.875,63.0,60.412498474121094,62.45624923706055,45.96104049682617,372775
2016-03-11,61.181251525878906,62.98125076293945,60.9375,61.21875,45.05037307739258,231514
2016-03-14,61.875,62.25,60.9375,61.650001525878906,45.36772155761719,245815
2016-03-15,62.45624923706055,64.4625015258789,61.875,63.29999923706055,46.581947326660156,809839
2016-03-16,61.875,61.875,59.25,59.943748474121094,45.59782028198242,522357
2016-03-17,59.099998474121094,60.9375,56.681251525878906,57.506248474121094,43.74366760253906,631359
2016-03-18,57.75,58.3125,56.662498474121094,57.09375,43.42989730834961,214258
2016-03-21,57.11249923706055,58.125,55.98749923706055,56.212501525878906,42.75954055786133,456887
2016-03-22,56.400001525878906,57.375,54.76874923706055,55.068748474121094,41.88951873779297,308978
2016-03-23,55.068748474121094,56.60625076293945,54.82500076293945,55.162498474121094,41.96083068847656,561775
2016-03-28,55.818748474121094,55.875,53.193748474121094,53.36249923706055,40.59161376953125,458247
2016-03-29,53.756248474121094,54.09375,51.806251525878906,52.10625076293945,39.636009216308594,1245706
2016-03-30,52.087501525878906,55.10625076293945,52.087501525878906,54.67499923706055,41.59000015258789,415503
2016-03-31,54.375,55.912498474121094,53.287498474121094,54.65625,41.575740814208984,577215
2016-04-01,55.125,55.61249923706055,54.0,55.29375076293945,42.060672760009766,224341
2016-04-04,55.443748474121094,57.1875,55.42499923706055,56.26874923706055,42.80233383178711,316463
2016-04-05,56.8125,56.8125,54.11249923706055,54.73125076293945,41.63278579711914,299005
2016-04-06,54.1875,56.25,54.1875,55.61249923706055,42.303138732910156,173285
2016-04-07,56.92499923706055,56.92499923706055,54.58124923706055,54.82500076293945,41.704105377197266,198157
2016-04-08,56.400001525878906,56.400001525878906,54.45000076293945,54.618751525878906,41.54722213745117,236330
2016-04-11,54.375,55.10625076293945,53.8125,54.20624923706055,41.23342514038086,176474
2016-04-12,54.431251525878906,58.21875,54.375,57.86249923706055,44.0146598815918,768615
2016-04-13,58.462501525878906,58.61249923706055,57.131248474121094,57.693748474121094,43.88629913330078,418890
2016-04-18,57.375,58.21875,57.150001525878906,57.337501525878906,43.61530685424805,219266
2016-04-20,58.10625076293945,58.85625076293945,57.224998474121094,57.67499923706055,43.872032165527344,377247
2016-04-21,58.5,58.79999923706055,57.0,57.1875,43.5012092590332,202047
2016-04-22,57.45000076293945,57.75,56.625,57.09375,43.42989730834961,217869
2016-04-25,58.48125076293945,59.25,57.07500076293945,58.3125,44.35696029663086,229085
2016-04-26,58.3125,58.3125,56.849998474121094,57.056251525878906,43.401371002197266,183861
2016-04-27,57.48749923706055,58.125,56.83124923706055,57.056251525878906,43.401371002197266,120655
2016-04-28,57.150001525878906,58.349998474121094,56.34375,56.64374923706055,43.08758544921875,202103
2016-04-29,57.01874923706055,57.54375076293945,55.875,56.193748474121094,42.74527359008789,161962
2016-05-02,56.32500076293945,56.587501525878906,55.38750076293945,55.931251525878906,42.54560470581055,145826
2016-05-03,55.98749923706055,56.943748474121094,54.63750076293945,55.03125,41.860992431640625,185293
2016-05-04,55.59375,55.78125,54.39374923706055,54.76874923706055,41.661319732666016,205010
2016-05-05,54.75,56.381248474121094,54.75,55.6875,42.36018753051758,153074
2016-05-06,56.193748474121094,56.212501525878906,54.86249923706055,55.275001525878906,42.04641342163086,94223
2016-05-09,55.57500076293945,56.193748474121094,55.20000076293945,55.89374923706055,42.51708221435547,63789
2016-05-10,55.85625076293945,56.400001525878906,55.162498474121094,55.66875076293945,42.34592056274414,98061
2016-05-11,55.125,55.98749923706055,54.26250076293945,55.66875076293945,42.34592056274414,72071
2016-05-12,55.875,56.4375,54.693748474121094,55.01250076293945,41.846736907958984,226970
2016-05-13,55.29375076293945,56.0625,55.125,55.537498474121094,42.2460823059082,112426
2016-05-16,56.4375,56.4375,54.881248474121094,55.48125076293945,42.20330047607422,128402
2016-05-17,55.78125,55.98749923706055,55.3125,55.40625,42.1462516784668,98466
2016-05-18,55.14374923706055,57.28125,55.125,56.71875,43.14463424682617,430653
2016-05-19,57.0,57.693748474121094,56.625,56.98125076293945,43.34431838989258,258101
2016-05-20,57.63750076293945,57.63750076293945,55.931251525878906,56.287498474121094,42.816593170166016,106933
2016-05-23,57.26250076293945,58.087501525878906,55.10625076293945,56.25,42.78807067871094,392631
2016-05-24,55.125,55.837501525878906,53.625,54.787498474121094,41.675575256347656,752335
2016-05-25,54.76874923706055,55.48125076293945,54.5625,55.10625076293945,41.91804885864258,153898
2016-05-26,55.6875,55.818748474121094,54.75,54.974998474121094,41.81821060180664,170623
2016-05-27,54.787498474121094,56.04375076293945,54.712501525878906,55.33124923706055,42.089195251464844,329437
2016-05-30,55.40625,55.78125,54.75,55.14374923706055,41.946563720703125,177839
2016-05-31,54.75,56.0625,51.712501525878906,53.73749923706055,40.876869201660156,338927
2016-06-01,54.337501525878906,57.1875,53.34375,56.41875076293945,42.91643142700195,483759
2016-06-02,56.587501525878906,57.131248474121094,56.25,56.662498474121094,43.101844787597656,264343
2016-06-03,56.64374923706055,57.75,56.34375,56.98125076293945,43.34431838989258,287775
2016-06-06,57.599998474121094,57.974998474121094,56.381248474121094,56.681251525878906,43.116111755371094,171967
2016-06-07,57.26250076293945,57.26250076293945,55.5,56.26874923706055,42.80233383178711,225063
2016-06-08,55.5,57.900001525878906,55.443748474121094,57.618751525878906,43.82923889160156,337906
2016-06-09,56.625,57.91875076293945,56.53125,56.943748474121094,43.31578826904297,218127
2016-06-10,56.8125,58.912498474121094,56.775001525878906,57.056251525878906,43.401371002197266,466466
2016-06-13,57.48749923706055,57.48749923706055,56.25,56.775001525878906,43.18742370605469,116031
2016-06-14,56.625,60.9375,56.34375,60.09375,45.7119140625,956655
2016-06-15,59.83124923706055,60.58124923706055,59.025001525878906,59.775001525878906,45.469451904296875,478885
2016-06-16,61.931251525878906,61.95000076293945,60.0,61.3125,46.63900375366211,819045
2016-06-17,62.13750076293945,62.13750076293945,60.375,60.525001525878906,46.03996658325195,318178
2016-06-20,60.75,63.712501525878906,60.29999923706055,62.25,47.352134704589844,1058479
2016-06-21,61.875,65.0999984741211,61.875,62.83124923706055,47.794273376464844,1005317
2016-06-22,63.150001525878906,63.525001525878906,60.787498474121094,61.931251525878906,47.10966491699219,460642
2016-06-23,61.125,62.25,60.787498474121094,61.631248474121094,46.881465911865234,573666
2016-06-24,61.10625076293945,61.10625076293945,58.349998474121094,60.16875076293945,45.76897430419922,590458
2016-06-27,59.98125076293945,61.875,59.625,59.756248474121094,45.455196380615234,273378
2016-06-28,59.756248474121094,61.23749923706055,59.34375,60.16875076293945,45.76897430419922,283335
2016-06-29,60.65625,62.400001525878906,60.39374923706055,61.743751525878906,46.96704864501953,413346
2016-06-30,61.875,63.46875,61.556251525878906,62.41875076293945,47.480491638183594,630533
2016-07-01,62.568748474121094,63.712501525878906,62.0625,62.4375,47.494754791259766,556399
2016-07-04,63.73125076293945,63.73125076293945,62.26874923706055,63.07500076293945,47.97969436645508,353698
2016-07-05,64.1624984741211,65.15625,63.618751525878906,64.0875015258789,48.749874114990234,773613
2016-07-07,64.5,65.625,63.881248474121094,64.7437515258789,49.24906539916992,527757
2016-07-08,64.875,65.55000305175781,63.39374923706055,64.125,48.77840042114258,336285
2016-07-11,64.96875,65.625,63.974998474121094,64.3125,48.921016693115234,753949
2016-07-12,65.0625,66.67500305175781,64.125,65.625,49.91941452026367,782541
2016-07-13,65.88749694824219,66.1875,64.125,64.5374984741211,49.09217834472656,404791
2016-07-14,64.57499694824219,64.8375015258789,63.75,63.900001525878906,48.607242584228516,287029
2016-07-15,63.599998474121094,65.25,63.0,63.243751525878906,48.10805130004883,412445
2016-07-18,64.33125305175781,64.8375015258789,62.756248474121094,63.037498474121094,47.95115661621094,530391
2016-07-19,63.618751525878906,63.82500076293945,61.51874923706055,61.79999923706055,47.00982666015625,348719
2016-07-20,62.849998474121094,64.5,61.125,61.48125076293945,46.76736068725586,610127
2016-07-21,61.631248474121094,62.0625,60.01874923706055,60.337501525878906,45.8973388671875,358495
2016-07-22,60.48749923706055,61.29375076293945,60.375,60.76874923706055,46.22537612915039,361823
2016-07-25,60.65625,61.79999923706055,60.65625,61.01250076293945,46.410797119140625,232797
2016-07-26,61.14374923706055,61.743751525878906,60.131248474121094,60.337501525878906,45.8973388671875,256077
2016-07-27,60.150001525878906,61.04999923706055,59.45624923706055,60.20624923706055,45.7974967956543,293221
2016-07-28,60.63750076293945,61.125,60.037498474121094,60.318748474121094,45.88307571411133,214695
2016-07-29,61.01250076293945,61.01250076293945,59.4375,59.662498474121094,45.383872985839844,260045
2016-08-01,59.681251525878906,60.84375,59.54999923706055,59.756248474121094,45.455196380615234,142186
2016-08-02,59.568748474121094,60.0,57.86249923706055,58.125,44.21434020996094,318986
2016-08-03,58.125,59.25,57.86249923706055,58.125,44.21434020996094,187293
2016-08-04,58.5,58.875,56.45624923706055,56.8125,43.21595001220703,229039
2016-08-05,57.9375,58.443748474121094,56.868751525878906,57.91875076293945,44.05744552612305,176170
2016-08-08,58.125,58.125,54.09375,56.681251525878906,43.116111755371094,1643949
2016-08-09,56.25,58.5,56.17499923706055,57.29999923706055,43.58678436279297,433197
2016-08-10,57.46875,57.787498474121094,56.08124923706055,56.775001525878906,43.18742370605469,254362
2016-08-11,56.625,56.943748474121094,56.15625,56.32500076293945,42.84511947631836,282583
2016-08-12,56.306251525878906,57.5625,56.25,56.32500076293945,42.84511947631836,175709
2016-08-16,56.4375,56.98125076293945,56.25,56.73749923706055,43.158897399902344,181327
2016-08-17,56.54999923706055,57.65625,56.15625,56.26874923706055,42.80233383178711,370986
2016-08-18,56.868751525878906,57.07500076293945,56.25,56.493751525878906,42.97348403930664,252634
2016-08-19,56.64374923706055,57.1875,56.493751525878906,56.70000076293945,43.13037872314453,128770
2016-08-22,56.60625076293945,57.9375,56.474998474121094,57.11249923706055,43.44415283203125,184858
2016-08-23,58.125,58.125,56.287498474121094,56.587501525878906,43.044803619384766,142605
2016-08-24,57.01874923706055,57.599998474121094,56.625,57.375,43.643829345703125,276605
2016-08-25,57.375,57.67499923706055,56.25,56.474998474121094,42.95922088623047,322327
2016-08-26,57.375,57.375,56.474998474121094,56.681251525878906,43.116111755371094,78949
2016-08-29,56.681251525878906,57.131248474121094,56.4375,56.8125,43.21595001220703,121066
2016-08-30,56.662498474121094,58.79999923706055,56.54999923706055,57.48749923706055,43.72940444946289,915117
2016-08-31,58.3125,58.3125,57.506248474121094,57.75,43.929080963134766,177839
2016-09-01,57.75,57.95624923706055,57.056251525878906,57.45000076293945,43.70087814331055,222271
2016-09-02,57.375,57.712501525878906,56.287498474121094,57.037498474121094,43.387107849121094,299239
2016-09-06,57.01874923706055,57.974998474121094,57.0,57.29999923706055,43.58678436279297,195845
2016-09-07,57.29999923706055,57.63750076293945,56.26874923706055,56.41875076293945,42.91643142700195,304946
2016-09-08,56.306251525878906,56.92499923706055,55.79999923706055,56.45624923706055,42.9449577331543,684053
2016-09-09,56.306251525878906,57.0,56.15625,56.26874923706055,42.80233383178711,618365
2016-09-12,56.25,57.337501525878906,55.40625,56.45624923706055,42.9449577331543,275431
2016-09-14,56.45624923706055,56.92499923706055,56.23125076293945,56.32500076293945,42.84511947631836,170311
2016-09-15,56.381248474121094,56.88750076293945,56.212501525878906,56.36249923706055,42.8736457824707,70594
2016-09-16,57.337501525878906,57.337501525878906,55.98749923706055,56.25,42.78807067871094,977037
2016-09-19,56.775001525878906,57.0,56.32500076293945,56.625,43.073326110839844,172250
2016-09-20,56.4375,56.88750076293945,56.13750076293945,56.25,42.78807067871094,1295034
2016-09-21,56.287498474121094,60.375,56.287498474121094,58.85625076293945,44.77058410644531,1478655
2016-09-22,59.306251525878906,62.400001525878906,59.306251525878906,60.86249923706055,46.296688079833984,1179802
2016-09-23,60.86249923706055,60.86249923706055,58.724998474121094,59.099998474121094,44.95600128173828,544957
2016-09-26,58.875,59.53125,58.20000076293945,59.15625,44.99878692626953,197311
2016-09-27,58.6875,59.36249923706055,58.57500076293945,58.818748474121094,44.7420539855957,183658
2016-09-28,58.23749923706055,62.04375076293945,58.23749923706055,61.70624923706055,46.93851089477539,2043597
2016-09-29,61.875,63.375,57.9375,60.0,45.640602111816406,1785607
2016-09-30,58.51874923706055,60.01874923706055,58.14374923706055,58.51874923706055,44.513858795166016,388879
2016-10-03,59.400001525878906,60.75,59.099998474121094,59.849998474121094,45.5265007019043,223821
2016-10-04,60.150001525878906,60.29999923706055,59.25,59.53125,45.28403854370117,104437
2016-10-05,59.64374923706055,60.337501525878906,58.76250076293945,58.96875,44.856163024902344,195690
2016-10-06,58.96875,59.943748474121094,58.6875,58.96875,44.856163024902344,195930
2016-10-07,59.23125076293945,60.0,58.162498474121094,58.98749923706055,44.87042236328125,172194
2016-10-10,59.8125,59.88750076293945,59.25,59.34375,45.14141082763672,319989
2016-10-13,59.34375,59.625,56.0625,57.58124923706055,43.80072021484375,1137039
2016-10-14,58.42499923706055,59.0625,57.39374923706055,58.51874923706055,44.513858795166016,154031
2016-10-17,58.79999923706055,58.89374923706055,57.48749923706055,57.73125076293945,43.914817810058594,322213
2016-10-18,58.256248474121094,59.25,57.76874923706055,58.61249923706055,44.585166931152344,119234
2016-10-19,59.17499923706055,59.17499923706055,57.45000076293945,57.75,43.929080963134766,275855
2016-10-20,58.40625,58.6875,57.787498474121094,57.900001525878906,44.04318618774414,329237
2016-10-21,58.125,58.837501525878906,57.900001525878906,58.51874923706055,44.513858795166016,131103
2016-10-24,58.631248474121094,58.875,57.9375,58.20000076293945,44.271392822265625,197391
2016-10-25,58.125,58.5,57.375,57.806251525878906,43.97187042236328,113485
2016-10-26,57.9375,58.48125076293945,57.46875,57.900001525878906,44.04318618774414,170525
2016-10-27,59.212501525878906,59.212501525878906,57.45000076293945,57.525001525878906,43.7579345703125,129279
2016-10-28,57.67499923706055,58.5,56.756248474121094,57.48749923706055,43.72940444946289,371186
2016-11-01,59.17499923706055,59.32500076293945,57.01874923706055,58.40625,44.42827606201172,180295
2016-11-02,58.42499923706055,58.96875,57.599998474121094,57.881248474121094,44.02892303466797,301642
2016-11-03,58.23749923706055,65.51249694824219,57.224998474121094,61.04999923706055,46.4393196105957,3801858
2016-11-04,60.5625,61.837501525878906,58.537498474121094,60.056251525878906,45.683406829833984,521959
2016-11-07,62.4375,62.4375,60.20624923706055,61.275001525878906,46.6104736328125,598114
2016-11-08,61.5,61.837501525878906,60.07500076293945,60.39374923706055,45.940120697021484,392591
2016-11-09,57.506248474121094,60.0,55.96875,58.89374923706055,45.79431915283203,759453
2016-11-10,60.375,60.63750076293945,58.66875076293945,59.099998474121094,45.954708099365234,180191
2016-11-11,56.8125,58.03125,56.4375,56.756248474121094,44.132259368896484,204205
2016-11-15,56.8125,57.375,56.08124923706055,56.306251525878906,43.7823600769043,305925
2016-11-16,57.525001525878906,58.556251525878906,56.212501525878906,57.318748474121094,44.56964874267578,827530
2016-11-17,58.01250076293945,58.3125,56.662498474121094,57.46875,44.686283111572266,301154
2016-11-18,57.84375,57.84375,56.943748474121094,57.131248474121094,44.423851013183594,60471
2016-11-21,58.01250076293945,58.462501525878906,56.025001525878906,56.34375,43.8115119934082,202189
2016-11-22,57.63750076293945,57.63750076293945,54.0,55.3125,43.009639739990234,240458
2016-11-23,55.256248474121094,56.60625076293945,54.599998474121094,54.900001525878906,42.68889236450195,208735
2016-11-24,54.900001525878906,56.88750076293945,54.75,55.556251525878906,43.19917297363281,101082
2016-11-25,56.23125076293945,59.568748474121094,55.70624923706055,59.34375,46.14424133300781,561994
2016-11-28,59.32500076293945,60.16875076293945,58.125,59.36249923706055,46.158817291259766,184909
2016-11-29,59.625,59.962501525878906,58.51874923706055,58.6875,45.63395309448242,120994
2016-11-30,59.400001525878906,59.400001525878906,58.33124923706055,58.650001525878906,45.604801177978516,52706
2016-12-01,59.51250076293945,59.51250076293945,57.243751525878906,57.506248474121094,44.71543884277344,198154
2016-12-02,58.087501525878906,61.04999923706055,57.26250076293945,58.068748474121094,45.152828216552734,732231
2016-12-05,58.875,59.025001525878906,57.375,57.974998474121094,45.079925537109375,156274
2016-12-06,59.025001525878906,62.36249923706055,58.10625076293945,59.36249923706055,46.158817291259766,984551
2016-12-07,60.67499923706055,60.67499923706055,58.743751525878906,59.118751525878906,45.96928405761719,101175
2016-12-08,59.287498474121094,60.82500076293945,59.0625,59.83124923706055,46.523311614990234,297242
2016-12-09,59.962501525878906,62.25,58.931251525878906,61.38750076293945,47.7334098815918,1579349
2016-12-12,61.6875,63.224998474121094,60.0,62.34375,48.47697067260742,915151
2016-12-13,62.34375,67.03125,61.556251525878906,64.89375305175781,50.45978546142578,4435463
2016-12-14,65.23124694824219,66.5625,63.86249923706055,64.0687484741211,49.81827926635742,808162
2016-12-15,64.0875015258789,70.6500015258789,64.0875015258789,68.69999694824219,53.41942596435547,7638186
2016-12-16,69.1500015258789,70.3125,67.85624694824219,68.79374694824219,53.49232482910156,2750725
2016-12-19,69.5250015258789,74.5875015258789,69.0374984741211,73.5374984741211,57.180946350097656,7247781
2016-12-20,74.17500305175781,75.5250015258789,72.2437515258789,72.86250305175781,56.65609359741211,3550557
2016-12-21,73.5,73.5,69.0562515258789,69.76875305175781,54.25046920776367,1666890
2016-12-22,70.01249694824219,70.78125,66.9000015258789,67.6312484741211,52.58839416503906,1608231
2016-12-23,67.5,71.41874694824219,67.125,70.8375015258789,55.08150100708008,2743549
2016-12-26,70.8375015258789,71.15625,67.4625015258789,67.98750305175781,52.86540985107422,1199463
2016-12-27,67.875,72.1875,67.80000305175781,71.04374694824219,55.24187088012695,2590031
2016-12-28,72.0,73.3499984741211,69.0,69.7125015258789,54.20672607421875,1954789
2016-12-29,69.8812484741211,72.375,69.8812484741211,71.64375305175781,55.70841598510742,1447874
2016-12-30,72.3375015258789,74.2125015258789,71.83125305175781,72.5250015258789,56.393653869628906,2167482
2017-01-02,73.125,74.51249694824219,71.8125,73.89375305175781,57.45796585083008,1042581
2017-01-03,74.4749984741211,76.61250305175781,74.0625,75.5250015258789,58.726383209228516,2386178
2017-01-04,76.125,77.04374694824219,74.4937515258789,75.3375015258789,58.58058547973633,1253639
2017-01-05,76.01249694824219,78.3375015258789,75.11250305175781,78.01875305175781,60.66545867919922,2589482
2017-01-06,78.63749694824219,78.63749694824219,73.38749694824219,73.94999694824219,57.50168991088867,1475221
2017-01-09,74.4749984741211,74.4749984741211,71.51249694824219,73.05000305175781,56.80188751220703,854394
2017-01-10,73.57499694824219,74.88749694824219,73.14375305175781,74.26875305175781,57.749549865722656,734351
2017-01-11,74.71875,76.125,74.04374694824219,74.88749694824219,58.230674743652344,598183
2017-01-12,75.48750305175781,76.3499984741211,73.5374984741211,74.17500305175781,57.6766471862793,527173
2017-01-13,74.8499984741211,75.8062515258789,74.13749694824219,74.55000305175781,57.96824645996094,504951
2017-01-16,74.88749694824219,74.88749694824219,73.42500305175781,73.8187484741211,57.39963912963867,274738
2017-01-17,74.45625305175781,78.0,73.98750305175781,77.0062484741211,59.87815475463867,2183325
2017-01-18,77.73750305175781,80.53125,77.26875305175781,80.1187515258789,62.29836654663086,2956365
2017-01-19,79.875,84.0,79.875,83.5875015258789,64.99556732177734,3054773
2017-01-20,83.1937484741211,83.51249694824219,80.34375,81.16874694824219,63.11482620239258,827935
2017-01-23,80.6812515258789,81.1500015258789,78.3187484741211,78.6937484741211,61.19032287597656,555695
2017-01-24,79.4437484741211,80.5875015258789,78.0,78.375,60.94247817993164,524306
2017-01-25,79.125,79.3499984741211,77.41874694824219,78.1875,60.79668045043945,621279
2017-01-27,77.8125,79.4625015258789,77.32499694824219,78.3375015258789,60.91331100463867,303085
2017-01-30,78.35624694824219,78.35624694824219,74.2874984741211,74.83125305175781,58.186946868896484,418282
2017-01-31,74.625,74.98124694824219,71.73750305175781,71.92500305175781,55.92711639404297,491007
2017-02-01,71.3812484741211,72.1875,69.0374984741211,72.0,55.98542022705078,744741
2017-02-02,72.2249984741211,74.7750015258789,70.29374694824219,74.0999984741211,57.61833953857422,716194
2017-02-03,75.2249984741211,76.8375015258789,74.25,74.7750015258789,58.14320373535156,509021
2017-02-06,74.71875,75.39375305175781,71.90625,72.5999984741211,56.45196533203125,431418
2017-02-07,72.5999984741211,73.2562484741211,69.9937515258789,70.3499984741211,54.70242691040039,345730
2017-02-08,71.17500305175781,71.5875015258789,69.1875,69.54374694824219,54.07550048828125,434397
2017-02-09,69.46875,72.0,68.8687515258789,71.4000015258789,55.518882751464844,672295
2017-02-10,72.0,74.55000305175781,71.8125,73.8187484741211,57.39963912963867,1064005
2017-02-13,73.9124984741211,74.4937515258789,72.28125,72.75,56.5686149597168,364063
2017-02-14,73.01249694824219,73.4625015258789,70.59375,71.25,55.40224838256836,281517
2017-02-15,71.60624694824219,71.60624694824219,69.0374984741211,69.63749694824219,54.14841079711914,272570
2017-02-16,69.58125305175781,71.625,69.58125305175781,70.96875,55.183555603027344,446402
2017-02-17,71.60624694824219,72.5250015258789,70.5374984741211,71.0062484741211,55.21270751953125,343495
2017-02-20,71.2125015258789,72.375,71.2125015258789,71.7562484741211,55.79588317871094,257399
2017-02-21,71.64375305175781,73.66874694824219,71.625,72.11250305175781,56.072906494140625,354983
2017-02-22,72.07499694824219,73.3125,72.0,72.46875,56.34991455078125,286911
2017-02-23,72.9000015258789,74.8125,72.20625305175781,73.48124694824219,57.13719940185547,580837
2017-02-27,74.25,74.25,70.875,72.0562515258789,56.02915954589844,224037
2017-02-28,72.0374984741211,72.9937515258789,71.5687484741211,71.79374694824219,55.82505416870117,145583
2017-03-01,72.3375015258789,73.1812515258789,71.8125,72.4312515258789,56.32074737548828,382837
2017-03-02,72.375,72.8812484741211,69.75,70.1624984741211,54.55662536621094,238215
2017-03-03,70.10624694824219,72.375,69.75,71.73750305175781,55.781307220458984,284869
2017-03-06,71.625,72.375,70.875,71.53125,55.620933532714844,411501
2017-03-07,71.53125,72.9000015258789,70.7437515258789,71.0062484741211,55.21270751953125,431375
2017-03-08,70.875,71.51249694824219,69.9375,70.10624694824219,54.51289367675781,140861
2017-03-09,70.125,70.8375015258789,69.07499694824219,69.2249984741211,53.8276481628418,165871
2017-03-10,69.5250015258789,70.80000305175781,69.1875,69.375,53.94428634643555,165226
2017-03-14,70.875,70.875,68.0062484741211,68.55000305175781,53.30278778076172,235122
2017-03-15,68.8125,69.1312484741211,66.9375,67.2562484741211,52.296810150146484,277818
2017-03-16,67.78125,68.92500305175781,66.82499694824219,67.8187484741211,52.73418045043945,604189
2017-03-17,68.0625,68.41874694824219,66.9937515258789,67.8187484741211,52.73418045043945,110797
2017-03-20,67.8375015258789,68.625,64.1624984741211,64.6312484741211,50.25566864013672,581090
2017-03-21,64.8375015258789,65.7750015258789,63.993751525878906,65.13749694824219,50.64930725097656,679205
2017-03-22,64.875,64.875,62.53125,62.92499923706055,48.92893600463867,484730
2017-03-23,63.0,64.3687515258789,63.0,63.91875076293945,49.70165252685547,628951
2017-03-24,64.5,64.96875,58.349998474121094,63.412498474121094,49.30799865722656,487575
2017-03-27,63.35625076293945,64.4625015258789,61.875,62.0625,48.25826644897461,315298
2017-03-28,62.53125,64.0687484741211,62.25,62.54999923706055,48.63733673095703,397231
2017-03-29,62.587501525878906,64.125,61.79999923706055,63.693748474121094,49.52669143676758,498031
2017-03-30,63.75,64.42500305175781,63.01874923706055,63.29999923706055,49.220516204833984,309178
2017-03-31,63.29999923706055,64.875,62.118751525878906,63.243751525878906,49.176788330078125,388837
2017-04-03,63.412498474121094,66.26249694824219,63.412498474121094,65.98124694824219,51.30539321899414,793311
2017-04-05,65.45625305175781,66.3375015258789,64.94999694824219,65.26875305175781,50.751373291015625,444706
2017-04-06,64.875,65.71875,64.1812515258789,64.8375015258789,50.41604232788086,570623
2017-04-07,64.5,66.5250015258789,63.63750076293945,64.125,49.86201858520508,981898
2017-04-10,65.51249694824219,65.51249694824219,64.125,64.3687515258789,50.05155563354492,250610
2017-04-11,65.15625,65.5687484741211,64.5562515258789,64.9312515258789,50.48894119262695,282202
2017-04-12,65.04374694824219,65.3812484741211,62.962501525878906,63.16875076293945,49.118465423583984,283205
2017-04-13,62.212501525878906,65.4000015258789,62.212501525878906,64.40625,50.080711364746094,703701
2017-04-17,65.15625,65.15625,62.625,63.131248474121094,49.08930587768555,283487
2017-04-18,63.75,63.75,61.96875,62.13750076293945,48.31659698486328,340829
2017-04-19,62.51250076293945,62.92499923706055,61.368751525878906,61.650001525878906,47.937522888183594,305597
2017-04-20,61.537498474121094,62.25,60.712501525878906,61.14374923706055,47.54387283325195,760538
2017-04-21,61.3125,65.23124694824219,61.3125,63.07500076293945,49.045570373535156,1008693
2017-04-24,63.0,63.63750076293945,61.349998474121094,61.78125,48.039581298828125,365711
2017-04-25,61.78125,63.54375076293945,61.537498474121094,63.150001525878906,49.103878021240234,474471
2017-04-26,63.375,64.6312484741211,61.89374923706055,62.25,48.4040641784668,900957
2017-04-27,62.625,63.375,61.57500076293945,61.837501525878906,48.08331298828125,519813
2017-04-28,62.381248474121094,63.9375,61.89374923706055,63.150001525878906,49.103878021240234,455562
2017-05-02,62.287498474121094,63.63750076293945,61.931251525878906,62.25,48.4040641784668,144783
2017-05-03,62.25,62.88750076293945,61.6875,61.96875,48.18537521362305,552909
2017-05-04,61.96875,62.25,61.04999923706055,61.275001525878906,47.645931243896484,358527
2017-05-05,61.57500076293945,61.57500076293945,60.46875,60.63750076293945,47.15022277832031,288165
2017-05-08,60.974998474121094,61.875,60.75,60.974998474121094,47.412662506103516,357063
2017-05-09,60.993751525878906,61.537498474121094,60.76874923706055,61.21875,47.60219192504883,301143
2017-05-10,61.40625,62.08124923706055,61.10625076293945,61.29375076293945,47.660518646240234,302202
2017-05-11,61.70624923706055,62.962501525878906,61.162498474121094,61.78125,48.039581298828125,382189
2017-05-12,61.743751525878906,61.875,60.9375,61.349998474121094,47.70425033569336,334826
2017-05-15,61.837501525878906,61.875,60.787498474121094,60.993751525878906,47.427242279052734,142354
2017-05-16,61.125,61.48125076293945,59.25,59.474998474121094,46.24628829956055,721693
2017-05-17,59.4375,59.943748474121094,59.08124923706055,59.34375,46.14424133300781,151879
2017-05-18,59.34375,60.65625,58.70624923706055,59.025001525878906,45.896385192871094,451575
2017-05-19,58.724998474121094,59.625,56.36249923706055,56.962501525878906,44.29263687133789,446810
2017-05-22,57.525001525878906,57.525001525878906,56.25,56.41875076293945,43.86983108520508,297399
2017-05-23,56.25,56.34375,54.20624923706055,54.76874923706055,42.58683395385742,588765
2017-05-24,55.125,55.5,53.943748474121094,54.75,42.5722541809082,382775
2017-05-25,54.0,56.41875076293945,53.625,56.118751525878906,43.636558532714844,407410
2017-05-26,56.25,57.375,54.974998474121094,56.118751525878906,43.636558532714844,443234
2017-05-29,56.849998474121094,57.26250076293945,55.5,55.724998474121094,43.33039093017578,259765
2017-05-30,57.337501525878906,57.337501525878906,55.78125,56.17499923706055,43.68029022216797,310093
2017-05-31,56.13750076293945,57.01874923706055,55.349998474121094,55.85625076293945,43.43244552612305,369802
2017-06-01,55.3125,58.96875,55.3125,57.39374923706055,44.627967834472656,2594517
2017-06-02,58.14374923706055,61.38750076293945,57.412498474121094,59.756248474121094,46.464988708496094,1262093
2017-06-05,60.037498474121094,62.54999923706055,59.98125076293945,61.087501525878906,47.50014114379883,552498
2017-06-06,61.462501525878906,63.1875,60.375,61.537498474121094,47.85004425048828,729778
2017-06-07,61.85625076293945,63.26250076293945,59.625,60.28125,46.87321090698242,1046010
2017-06-08,60.86249923706055,60.86249923706055,58.96875,59.41875076293945,46.20255661010742,230053
2017-06-09,60.11249923706055,60.75,59.118751525878906,60.150001525878906,46.77116012573242,348615
2017-06-12,59.625,60.375,58.5,58.61249923706055,45.57563400268555,335426
2017-06-13,58.61249923706055,59.04375076293945,57.506248474121094,57.806251525878906,44.9487190246582,342655
2017-06-14,57.412498474121094,58.03125,55.875,57.26250076293945,44.52591323852539,656853
2017-06-15,57.0,57.375,56.0625,56.4375,43.88440704345703,341346
2017-06-16,57.0,61.443748474121094,56.474998474121094,59.26874923706055,46.08591842651367,1494751
2017-06-19,59.26874923706055,59.381248474121094,57.412498474121094,57.73125076293945,44.8903923034668,479055
2017-06-20,57.46875,58.23749923706055,57.224998474121094,57.73125076293945,44.8903923034668,369194
2017-06-21,57.67499923706055,58.20000076293945,57.056251525878906,57.318748474121094,44.56964874267578,373559
2017-06-22,57.73125076293945,58.21875,56.8125,57.09375,44.39469909667969,306133
2017-06-23,57.224998474121094,57.318748474121094,56.099998474121094,56.73749923706055,44.11768341064453,365311
2017-06-27,56.83124923706055,57.337501525878906,55.912498474121094,56.193748474121094,43.69487762451172,158306
2017-06-28,56.25,57.0,55.76250076293945,56.64374923706055,44.04478454589844,224325
2017-06-29,56.98125076293945,59.25,56.287498474121094,58.875,45.77974319458008,1068405
2017-06-30,58.5,58.76250076293945,57.0,57.337501525878906,44.584228515625,526061
2017-07-03,57.712501525878906,58.931251525878906,57.39374923706055,58.38750076293945,45.40068054199219,621437
2017-07-04,58.5,58.5,56.962501525878906,57.150001525878906,44.43843460083008,453490
2017-07-05,57.525001525878906,61.462501525878906,57.1875,61.125,47.52928924560547,3185010
2017-07-06,61.5,62.4375,60.84375,61.256248474121094,47.631343841552734,1189319
2017-07-07,61.01250076293945,61.76250076293945,60.75,60.91875076293945,47.368919372558594,342962
2017-07-10,61.85625076293945,61.875,58.125,61.462501525878906,47.791725158691406,130245
2017-07-11,61.275001525878906,63.45000076293945,60.58124923706055,61.181251525878906,47.57304382324219,1272679
2017-07-12,61.650001525878906,62.775001525878906,61.537498474121094,62.17499923706055,48.34574508666992,523887
2017-07-13,62.25,62.849998474121094,61.3125,61.48125076293945,47.806312561035156,356175
2017-07-14,61.79999923706055,62.0625,59.73749923706055,60.26250076293945,46.8586311340332,441015
2017-07-17,60.73125076293945,62.17499923706055,60.20624923706055,61.631248474121094,47.922943115234375,401138
2017-07-18,61.875,61.875,60.224998474121094,60.46875,47.019004821777344,392818
2017-07-19,61.04999923706055,61.04999923706055,60.11249923706055,60.39374923706055,46.960697174072266,393829
2017-07-20,60.46875,61.068748474121094,60.0,60.318748474121094,46.902374267578125,270530
2017-07-21,60.431251525878906,61.068748474121094,60.09375,60.58124923706055,47.10648727416992,337554
2017-07-24,61.10625076293945,62.13750076293945,60.45000076293945,61.04999923706055,47.47097396850586,408357
2017-07-25,60.787498474121094,61.48125076293945,60.599998474121094,61.181251525878906,47.57304382324219,300277
2017-07-26,61.556251525878906,61.724998474121094,60.82500076293945,61.087501525878906,47.50014114379883,191053
2017-07-27,62.13750076293945,65.25,61.66875076293945,62.98125076293945,48.9726676940918,2870749
2017-07-28,63.48749923706055,64.0875015258789,62.193748474121094,62.4375,48.549869537353516,431373
2017-07-31,62.90625,63.375,62.306251525878906,62.53125,48.62276077270508,294127
2017-08-01,62.943748474121094,63.35625076293945,62.64374923706055,62.98125076293945,48.9726676940918,296205
2017-08-02,63.07500076293945,63.46875,62.53125,63.150001525878906,49.103878021240234,597202
2017-08-03,60.974998474121094,62.400001525878906,60.11249923706055,60.712501525878906,48.80244445800781,1198727
2017-08-04,60.712501525878906,61.78125,59.775001525878906,60.01874923706055,48.24479293823242,362591
2017-08-07,60.26250076293945,60.75,58.5,58.78125,47.25004959106445,659631
2017-08-08,58.537498474121094,59.36249923706055,57.63750076293945,58.61249923706055,47.114402770996094,421085
2017-08-09,58.51874923706055,59.17499923706055,57.28125,57.58124923706055,46.285457611083984,219399
2017-08-10,57.20624923706055,57.48749923706055,55.6875,56.0625,45.06464767456055,431906
2017-08-11,55.875,57.07500076293945,54.412498474121094,56.25,45.215362548828125,363338
2017-08-14,57.16875076293945,58.3125,56.64374923706055,57.48749923706055,46.21009826660156,511167
2017-08-16,57.95624923706055,60.48749923706055,57.787498474121094,60.037498474121094,48.25986099243164,756783
2017-08-17,60.974998474121094,62.36249923706055,59.625,60.73125076293945,48.81752014160156,712810
2017-08-18,60.375,60.375,58.6875,59.08124923706055,47.491207122802734,355263
2017-08-21,59.08124923706055,59.381248474121094,57.881248474121094,57.993751525878906,46.61703872680664,246346
2017-08-22,58.368751525878906,60.0,57.9375,58.21875,46.79789352416992,147357
2017-08-23,59.212501525878906,59.212501525878906,57.9375,57.993751525878906,46.61703872680664,159047
2017-08-24,58.837501525878906,59.474998474121094,57.95624923706055,58.85625076293945,47.31034851074219,308090
2017-08-28,58.85625076293945,60.07500076293945,58.20000076293945,59.53125,47.85292053222656,396773
2017-08-29,59.625,59.662498474121094,58.76250076293945,59.193748474121094,47.581626892089844,215578
2017-08-30,59.625,60.525001525878906,58.98749923706055,59.73749923706055,48.018714904785156,282690
2017-08-31,59.625,60.5625,58.875,59.34375,47.702205657958984,264599
2017-09-01,59.962501525878906,60.9375,59.212501525878906,59.83124923706055,48.09407424926758,343501
2017-09-04,59.83124923706055,60.037498474121094,58.125,59.32500076293945,47.687137603759766,471253
2017-09-05,59.587501525878906,59.587501525878906,58.04999923706055,59.25,47.626853942871094,324498
2017-09-06,58.51874923706055,59.4375,57.9375,58.181251525878906,46.76775360107422,465573
2017-09-07,58.3125,59.17499923706055,57.0,57.76874923706055,46.43617248535156,522927
2017-09-08,58.21875,59.13750076293945,57.412498474121094,57.599998474121094,46.30052947998047,299426
2017-09-11,58.125,59.381248474121094,57.375,57.95624923706055,46.586891174316406,366794
2017-09-12,58.5,59.26874923706055,58.125,58.6875,47.1746940612793,203437
2017-09-13,59.0625,59.193748474121094,57.375,57.712501525878906,46.390968322753906,241370
2017-09-14,58.087501525878906,58.462501525878906,56.625,57.056251525878906,45.86345291137695,265613
2017-09-15,56.73749923706055,59.13750076293945,56.73749923706055,58.78125,47.25004959106445,497447
2017-09-18,58.70624923706055,59.41875076293945,57.75,58.3125,46.873260498046875,267666
2017-09-19,58.818748474121094,58.875,57.900001525878906,58.20000076293945,46.7828254699707,187002
2017-09-20,59.212501525878906,59.212501525878906,57.375,57.95624923706055,46.586891174316406,250639
2017-09-21,57.787498474121094,58.5,57.26250076293945,57.806251525878906,46.4663200378418,359951
2017-09-22,57.806251525878906,58.3125,57.1875,57.375,46.119667053222656,234605
2017-09-25,58.01250076293945,58.01250076293945,54.9375,55.76250076293945,44.82349395751953,393333
2017-09-26,56.25,57.131248474121094,55.125,55.33124923706055,44.47684097290039,337429
2017-09-27,56.13750076293945,56.13750076293945,54.35625076293945,54.48749923706055,43.798614501953125,331367
2017-09-28,55.087501525878906,55.79999923706055,54.29999923706055,55.256248474121094,44.41654968261719,265042
2017-09-29,55.40625,56.0625,55.125,55.275001525878906,44.43163299560547,176973
2017-10-03,55.5,56.587501525878906,55.5,56.34375,45.29071807861328,125767
2017-10-04,56.60625076293945,57.63750076293945,55.5,55.912498474121094,44.94407272338867,402759
2017-10-05,55.556251525878906,56.45624923706055,55.556251525878906,55.818748474121094,44.868717193603516,330186
2017-10-06,57.375,57.375,55.89374923706055,56.587501525878906,45.486656188964844,148938
2017-10-09,56.34375,57.712501525878906,56.25,57.48749923706055,46.21009826660156,358093
2017-10-10,57.375,58.33124923706055,57.150001525878906,57.86249923706055,46.51152801513672,290621
2017-10-11,58.125,58.875,57.037498474121094,57.1875,45.968955993652344,450122
2017-10-12,57.693748474121094,57.693748474121094,56.88750076293945,57.07500076293945,45.87852478027344,196895
2017-10-13,57.375,58.10625076293945,57.1875,57.58124923706055,46.285457611083984,239570
2017-10-16,57.712501525878906,58.125,57.39374923706055,57.506248474121094,46.22517013549805,135991
2017-10-17,57.75,59.25,57.11249923706055,58.04999923706055,46.66225051879883,945797
2017-10-18,58.349998474121094,59.25,56.60625076293945,58.96875,47.40077209472656,346239
2017-10-19,59.587501525878906,59.775001525878906,58.443748474121094,58.875,47.32541275024414,97327
2017-10-23,58.875,61.125,58.85625076293945,60.712501525878906,48.80244445800781,950906
2017-10-24,60.900001525878906,66.1500015258789,60.375,64.70625305175781,52.01273727416992,3561922
2017-10-25,65.25,65.5875015258789,63.0,64.23750305175781,51.63594436645508,1495322
2017-10-26,63.375,65.92500305175781,63.375,64.6312484741211,51.95245361328125,1614837
2017-10-27,64.70625305175781,68.1187515258789,64.70625305175781,67.3687515258789,54.152931213378906,2400442
2017-10-30,67.7249984741211,68.90625,66.73124694824219,68.2125015258789,54.831172943115234,1048522
2017-10-31,68.7750015258789,68.7750015258789,67.2562484741211,67.66874694824219,54.39407730102539,622741
2017-11-01,67.66874694824219,70.125,67.66874694824219,69.73124694824219,56.05196762084961,1063063
2017-11-02,70.125,72.63749694824219,69.16874694824219,71.90625,57.8003044128418,1593221
2017-11-03,71.625,71.8499984741211,69.3375015258789,69.75,56.067047119140625,748965
2017-11-06,69.7125015258789,72.5625,68.98124694824219,69.65625,55.9916877746582,973690
2017-11-07,70.125,73.125,68.45625305175781,69.8062515258789,56.11226272583008,1596370
2017-11-08,70.29374694824219,72.0,69.84375,70.9124984741211,57.001502990722656,891375
2017-11-09,71.4749984741211,72.75,70.3687515258789,71.04374694824219,57.10700225830078,532669
2017-11-10,71.17500305175781,73.48124694824219,70.5,71.98124694824219,57.860595703125,1076599
2017-11-13,72.9000015258789,73.0875015258789,68.25,70.03125,56.293121337890625,662351
2017-11-14,71.0250015258789,73.01249694824219,70.8375015258789,71.36250305175781,57.36322784423828,778250
2017-11-15,72.0,74.625,71.41874694824219,72.1312484741211,57.981163024902344,1701919
2017-11-16,72.1875,77.625,72.1875,77.1937484741211,62.050540924072266,2380919
2017-11-17,78.75,79.70625305175781,77.0250015258789,78.5250015258789,63.12064743041992,4029570
2017-11-20,76.6875,83.34375,76.2562484741211,81.07499694824219,66.35877990722656,3024525
2017-11-21,80.98124694824219,85.6875,79.78125,83.45625305175781,68.30780792236328,3766794
2017-11-22,83.625,84.09375,80.83125305175781,82.3499984741211,67.40235137939453,1491973
2017-11-23,82.5374984741211,87.9000015258789,81.0,86.0062484741211,70.39494323730469,3659453
2017-11-24,86.7750015258789,90.375,85.76249694824219,86.32499694824219,70.65583038330078,3253682
2017-11-27,86.9625015258789,88.2750015258789,84.4124984741211,84.9000015258789,69.48949432373047,1066431
2017-11-28,84.82499694824219,89.88749694824219,83.92500305175781,88.85624694824219,72.72761535644531,1765586
2017-11-29,89.45625305175781,91.85624694824219,88.61250305175781,90.84375,74.35435485839844,1914069
2017-11-30,90.48750305175781,91.42500305175781,88.51875305175781,90.5250015258789,74.09347534179688,1004285
2017-12-01,90.75,92.92500305175781,88.94999694824219,89.4749984741211,73.23407745361328,1266402
2017-12-04,90.3187484741211,90.3187484741211,85.5,86.4749984741211,70.77861022949219,555853
2017-12-05,86.5875015258789,86.5875015258789,81.5999984741211,82.14375305175781,67.23355102539062,757874
2017-12-06,80.25,86.3812484741211,80.25,84.58125305175781,69.22860717773438,1404845
2017-12-07,85.5,85.875,83.64375305175781,85.23750305175781,69.76573181152344,503909
2017-12-08,85.9124984741211,90.0,85.875,89.45625305175781,73.21874237060547,1178898
2017-12-11,90.35624694824219,91.8375015258789,88.98750305175781,89.8125,73.51029968261719,1041565
2017-12-12,89.79374694824219,90.11250305175781,87.9000015258789,88.6500015258789,72.5588150024414,399015
2017-12-13,87.9375,90.0,87.0374984741211,87.86250305175781,71.91425323486328,430154
2017-12-14,87.375,89.4000015258789,84.54374694824219,86.6624984741211,70.93207550048828,458290
2017-12-15,88.125,88.23750305175781,85.5562515258789,86.71875,70.97811889648438,639157
2017-12-18,87.1875,87.8812484741211,83.4375,86.6624984741211,70.93207550048828,441045
2017-12-19,86.25,96.375,86.25,93.6187515258789,76.62567138671875,2379813
2017-12-20,94.4625015258789,95.4375,93.58125305175781,94.2562484741211,77.14745330810547,928399
2017-12-21,95.1187515258789,95.1937484741211,92.7750015258789,93.76875305175781,76.74845886230469,1119717
2017-12-22,93.84375,100.80000305175781,93.84375,99.5999984741211,81.52124786376953,2623077
2017-12-26,99.9375,106.40625,99.01875305175781,104.98124694824219,85.92572021484375,2839181
2017-12-27,106.1624984741211,106.6875,99.4124984741211,100.57499694824219,82.31926727294922,1067183
2017-12-28,100.875,103.125,100.3125,102.73124694824219,84.08411407470703,736938
2017-12-29,102.86250305175781,105.1875,101.7562484741211,104.41874694824219,85.46533966064453,711053
2018-01-01,105.0,106.80000305175781,103.6875,104.3812484741211,85.43462371826172,741141
2018-01-02,105.1312484741211,105.1312484741211,100.0687484741211,102.6937484741211,84.05343627929688,480509
2018-01-03,103.19999694824219,103.19999694824219,99.84375,100.23750305175781,82.04303741455078,429591
2018-01-04,100.23750305175781,101.41874694824219,98.73750305175781,100.61250305175781,82.3499755859375,553207
2018-01-05,100.125,107.0625,100.125,104.15625,85.25047302246094,904770
2018-01-08,104.92500305175781,105.1500015258789,101.64375305175781,101.98124694824219,83.47026824951172,478394
2018-01-09,102.16874694824219,109.38749694824219,101.53125,106.3499984741211,87.04602813720703,2024890
2018-01-10,106.51875305175781,107.5687484741211,103.3125,105.28125,86.17127227783203,1288978
2018-01-11,105.375,117.0,105.375,109.98750305175781,90.02327728271484,4577445
2018-01-12,110.23124694824219,113.25,106.59375,112.2750015258789,91.89555358886719,1709175
2018-01-15,113.2125015258789,114.16874694824219,110.625,111.4312515258789,91.20496368408203,755282
2018-01-16,110.6812515258789,116.9625015258789,110.0625,113.71875,93.07725524902344,1863007
2018-01-17,115.125,117.76875305175781,112.5,113.51249694824219,92.90843200683594,1760714
2018-01-18,114.75,117.54374694824219,106.9312515258789,109.1812515258789,89.36336517333984,1922218
2018-01-19,109.33125305175781,115.5,108.20625305175781,113.92500305175781,93.24607849121094,1649026
2018-01-22,114.30000305175781,118.125,111.73124694824219,116.73750305175781,95.54804992675781,1521605
2018-01-23,117.67500305175781,119.8125,115.9124984741211,116.71875,95.53270721435547,1202645
2018-01-24,116.25,120.4124984741211,113.25,117.4124984741211,96.10053253173828,2585575
2018-01-25,118.40625,118.40625,111.1875,112.19999694824219,91.83416748046875,947791
2018-01-29,112.5,115.66874694824219,110.26875305175781,113.6812515258789,93.04653930664062,912693
2018-01-30,113.0625,116.7750015258789,110.8499984741211,114.3375015258789,93.58368682861328,1231045
2018-01-31,111.5999984741211,115.5,111.46875,113.04374694824219,92.5247573852539,412791
2018-02-01,113.25,113.625,105.46875,111.375,91.1589126586914,760229
2018-02-02,108.75,111.7874984741211,102.0374984741211,103.40625,84.63661193847656,989253
2018-02-05,99.76875305175781,103.10624694824219,98.71875,102.4124984741211,83.82323455810547,404754
2018-02-06,98.60624694824219,105.9375,95.6812515258789,102.44999694824219,83.85393524169922,1232802
2018-02-07,103.76249694824219,110.9625015258789,103.76249694824219,106.3687515258789,87.0613784790039,1139255
2018-02-08,104.71875,111.0,104.71875,109.03125,89.24058532714844,1476973
2018-02-09,105.46875,108.7125015258789,105.46875,107.23124694824219,87.76732635498047,613138
2018-02-12,108.63749694824219,111.16874694824219,108.2249984741211,110.4749984741211,90.42228698730469,525349
2018-02-14,110.25,132.5625,110.25,127.80000305175781,104.6025619506836,7536607
2018-02-15,129.1687469482422,137.39999389648438,123.1500015258789,126.8062515258789,103.78919219970703,5427229
2018-02-16,127.8375015258789,130.875,122.2874984741211,125.83125305175781,102.99117279052734,1730410
2018-02-19,126.75,127.125,120.4124984741211,121.6312484741211,99.55352020263672,990199
2018-02-20,120.4124984741211,123.5625,117.2249984741211,118.6875,97.14410400390625,1034562
2018-02-21,119.73750305175781,127.2750015258789,117.44999694824219,122.23124694824219,100.04460906982422,3289197
2018-02-22,120.7874984741211,127.125,120.6187515258789,122.64375305175781,100.38224792480469,2615493
2018-02-23,123.5625,125.2874984741211,122.36250305175781,123.6937484741211,101.24164581298828,1306695
2018-02-26,124.1624984741211,124.5374984741211,118.125,118.78125,97.22084045410156,1286557
2018-02-27,119.5875015258789,122.4375,117.58125305175781,121.3499984741211,99.32331085205078,1200823
2018-02-28,119.25,121.6875,118.23750305175781,120.44999694824219,98.58667755126953,1091346
2018-03-01,120.44999694824219,121.4625015258789,118.70625305175781,119.64375305175781,97.92678833007812,735218
2018-03-05,119.32499694824219,122.25,117.76875305175781,120.35624694824219,98.50994873046875,1193954
2018-03-06,121.10624694824219,121.4437484741211,114.0,115.48124694824219,94.51982879638672,579205
2018-03-07,115.14375305175781,117.9000015258789,113.17500305175781,115.80000305175781,94.78073120117188,1289362
2018-03-08,117.3375015258789,119.8499984741211,116.3062515258789,118.96875,97.37429809570312,854762
2018-03-09,120.16874694824219,122.4375,118.875,119.83125305175781,98.08026123046875,1136727
2018-03-12,121.03125,121.875,117.0562515258789,118.03125,96.60697937011719,692167
2018-03-13,118.23750305175781,119.34375,115.125,115.9124984741211,94.87279510498047,849997
2018-03-14,114.9000015258789,117.9375,114.9000015258789,117.1312484741211,95.8703384399414,314250
2018-03-15,117.63749694824219,120.0,117.1875,118.03125,96.60697937011719,568658
2018-03-16,118.4625015258789,120.1875,115.5374984741211,116.34375,95.22576904296875,535813
2018-03-19,116.25,118.125,115.125,116.7562484741211,95.56340789794922,838717
2018-03-20,116.0062484741211,116.625,114.375,115.1812515258789,94.27428436279297,235821
2018-03-21,116.1187515258789,119.98124694824219,115.51875305175781,118.4625015258789,96.9599609375,878943
2018-03-22,118.875,122.15625,110.6812515258789,112.70625305175781,92.24853515625,1827461
2018-03-23,110.625,113.41874694824219,106.6875,112.05000305175781,91.7114028930664,1005242
2018-03-26,111.375,117.82499694824219,110.15625,116.9437484741211,95.71685791015625,1051911
2018-03-27,118.03125,121.8375015258789,117.44999694824219,120.5999984741211,98.7094497680664,860181
2018-03-28,119.4375,123.75,106.125,117.3375015258789,96.03915405273438,1455957
2018-04-02,120.3375015258789,120.3375015258789,116.64375305175781,118.125,96.68370056152344,473730
2018-04-03,117.375,120.73124694824219,117.20625305175781,119.7750015258789,98.0342025756836,487469
2018-04-04,121.05000305175781,125.5875015258789,117.5062484741211,119.79374694824219,98.049560546875,1222946
2018-04-05,121.125,123.375,121.125,121.8187484741211,99.70698547363281,427042
2018-04-06,121.125,122.51249694824219,118.3687515258789,121.19999694824219,99.20055389404297,582901
2018-04-09,122.1187515258789,127.4625015258789,121.51875305175781,126.5062484741211,103.54364013671875,1337093
2018-04-10,129.33749389648438,129.33749389648438,125.2874984741211,125.98124694824219,103.11393737792969,738290
2018-04-11,125.625,127.8187484741211,124.125,124.70625305175781,102.07036590576172,323927
2018-04-12,125.0250015258789,133.0500030517578,121.61250305175781,122.98124694824219,100.6584701538086,2284805
2018-04-13,122.8687515258789,124.6500015258789,121.98750305175781,122.64375305175781,100.38224792480469,380565
2018-04-16,121.5,125.625,120.11250305175781,124.85624694824219,102.19312286376953,388074
2018-04-17,125.625,127.3125,123.26249694824219,125.55000305175781,102.7609634399414,810450
2018-04-18,126.375,127.5,124.23750305175781,126.1312484741211,103.23670959472656,718066
2018-04-19,126.7125015258789,127.5,124.1624984741211,124.8375015258789,102.17779541015625,293693
2018-04-20,124.96875,131.1374969482422,124.96875,129.80624389648438,106.24463653564453,1659191
2018-04-23,130.44375610351562,135.9375,129.75,134.34375,109.9585189819336,2372154
2018-04-24,135.2624969482422,142.125,134.30624389648438,140.30624389648438,114.83875274658203,2517834
2018-04-25,141.75,145.0124969482422,135.75,137.0812530517578,112.19914245605469,1570693
2018-04-26,137.25,140.5124969482422,131.28750610351562,134.71875,110.26545715332031,792930
2018-04-27,135.69375610351562,137.8312530517578,133.3125,134.28750610351562,109.91248321533203,470602
2018-04-30,135.5625,139.125,133.9875030517578,134.5124969482422,110.0966567993164,525815
2018-05-02,136.1437530517578,137.94375610351562,131.28750610351562,132.78750610351562,108.68476867675781,659178
2018-05-03,132.75,135.0187530517578,126.48750305175781,129.8249969482422,106.25999450683594,541309
2018-05-04,128.53125,129.5812530517578,125.625,126.26249694824219,103.34412384033203,337733
2018-05-07,126.5250015258789,127.875,125.08125305175781,126.9000015258789,103.86592102050781,328597
2018-05-08,127.98750305175781,136.5749969482422,127.125,134.47500610351562,110.06597900390625,1395383
2018-05-09,135.0,137.625,134.6437530517578,136.8000030517578,111.96893310546875,745351
2018-05-10,136.5749969482422,139.4250030517578,132.46875,133.21875,109.0377426147461,508266
2018-05-11,134.21249389648438,137.68124389648438,130.93124389648438,132.61874389648438,108.54664611816406,379522
2018-05-14,133.91250610351562,134.625,128.625,130.46249389648438,106.78177642822266,288234
2018-05-15,130.06875610351562,136.5,127.5,130.7062530517578,106.98130798339844,553207
2018-05-16,130.6875,133.875,128.58749389648438,130.78125,107.04267120361328,550058
2018-05-17,130.96875,132.375,128.625,129.9562530517578,106.367431640625,254266
2018-05-18,129.9562530517578,131.7937469482422,126.01875305175781,128.11874389648438,104.86344146728516,230277
2018-05-21,129.71249389648438,131.0437469482422,127.125,127.85624694824219,104.6485824584961,260487
2018-05-22,127.875,132.0,127.51875305175781,129.99374389648438,106.39810943603516,346349
2018-05-23,127.875,128.625,124.14375305175781,126.65625,103.66641235351562,626391
2018-05-24,127.96875,130.5,127.5,129.52499389648438,106.01445007324219,334490
2018-05-25,130.81875610351562,132.60000610351562,129.375,130.8562469482422,107.10407257080078,320917
2018-05-28,132.1125030517578,142.4250030517578,130.9875030517578,139.81875610351562,114.43975067138672,1499623
2018-05-29,140.625,143.77499389648438,137.10000610351562,139.46249389648438,114.14813995361328,1017711
2018-05-30,140.0625,140.8125,135.1875,138.14999389648438,113.07388305664062,412141
2018-05-31,139.46249389648438,142.125,135.0187530517578,139.74374389648438,114.37834930419922,1715746
2018-06-01,141.50625610351562,141.75,135.0,136.6687469482422,111.86148834228516,341258
2018-06-04,137.94375610351562,139.44375610351562,131.25,132.2062530517578,108.20903015136719,309522
2018-06-05,133.0500030517578,133.0500030517578,114.91874694824219,118.5562515258789,97.03668212890625,829111
2018-06-06,119.23124694824219,119.4375,111.375,115.9124984741211,94.87279510498047,1119063
2018-06-07,117.0,124.38749694824219,117.0,122.7562484741211,100.47431182861328,808847
2018-06-08,121.875,126.75,120.75,125.32499694824219,102.57681274414062,645085
2018-06-11,125.98124694824219,125.98124694824219,124.0687484741211,124.61250305175781,101.99364471435547,273879
2018-06-12,125.15625,127.3125,124.3125,126.0374984741211,103.15997314453125,360055
2018-06-13,126.63749694824219,126.75,121.9124984741211,123.09375,100.75055694580078,288965
2018-06-14,123.0,123.09375,119.88749694824219,121.0875015258789,99.10847473144531,302533
2018-06-15,121.1812515258789,124.76249694824219,120.5625,121.2750015258789,99.26193237304688,367159
2018-06-18,121.7437515258789,121.7437515258789,118.38749694824219,119.41874694824219,97.74261474609375,221143
2018-06-19,119.17500305175781,119.17500305175781,116.51249694824219,117.5062484741211,96.1772689819336,310138
2018-06-20,117.76875305175781,120.7125015258789,117.76875305175781,119.625,97.91143798828125,228535
2018-06-21,120.3187484741211,121.76249694824219,118.23750305175781,118.5374984741211,97.02132415771484,236730
2018-06-22,118.98750305175781,121.8187484741211,117.9937515258789,118.6500015258789,97.11341094970703,373223
2018-06-25,118.6500015258789,121.66874694824219,118.4625015258789,120.82499694824219,98.89362335205078,431325
2018-06-26,119.9625015258789,120.63749694824219,118.21875,119.1187515258789,97.49707794189453,415917
2018-06-27,119.4000015258789,120.91874694824219,112.5,115.125,94.22825622558594,699997
2018-06-28,116.0625,118.10624694824219,113.15625,114.07499694824219,93.36882781982422,292351
2018-06-29,114.76875305175781,118.125,114.1500015258789,117.39375305175781,96.0851821899414,411933
2018-07-02,117.375,118.42500305175781,114.5062484741211,114.8812484741211,94.02873229980469,215330
2018-07-03,115.42500305175781,115.48124694824219,110.79374694824219,112.6312484741211,92.18714904785156,275613
2018-07-04,112.8187484741211,113.98124694824219,110.25,111.3187484741211,91.11286926269531,193661
2018-07-05,112.0687484741211,112.5,106.9124984741211,107.4375,87.9361343383789,325575
2018-07-06,107.2125015258789,109.38749694824219,105.375,106.33125305175781,87.03067779541016,399447
2018-07-09,106.6875,108.76875305175781,105.0,105.7874984741211,86.58562469482422,456226
2018-07-10,106.38749694824219,106.4625015258789,102.39375305175781,103.4625015258789,84.68265533447266,1218925
2018-07-11,104.0250015258789,106.7249984741211,102.1500015258789,103.89375305175781,85.03562927246094,1239034
2018-07-12,105.6937484741211,121.38749694824219,104.25,118.5,96.99064636230469,5816159
2018-07-13,118.59375,128.625,116.6624984741211,127.33125305175781,104.2188949584961,9703053
2018-07-16,124.5,125.51249694824219,118.875,120.1875,98.371826171875,2127351
2018-07-17,119.25,127.0875015258789,114.86250305175781,124.6875,102.05502319335938,2589826
2018-07-18,124.6875,129.0,120.0,122.88749694824219,100.58174133300781,1216706
2018-07-19,124.5,125.625,120.0374984741211,124.21875,101.67134857177734,649597
2018-07-20,123.7125015258789,126.75,121.125,124.57499694824219,101.96293640136719,662157
2018-07-23,124.6875,127.4625015258789,122.26875305175781,126.1500015258789,103.25206756591797,875645
2018-07-24,126.82499694824219,132.75,126.75,130.4250030517578,106.75109100341797,1488733
2018-07-25,131.625,134.8874969482422,129.52499389648438,131.4375,107.5798110961914,1276530
2018-07-26,131.25,132.84375,130.1999969482422,131.2312469482422,107.4109878540039,283026
2018-07-27,131.5500030517578,133.125,131.25,132.22500610351562,108.224365234375,399231
2018-07-30,132.375,133.125,129.3937530517578,130.1999969482422,106.56690979003906,350306
2018-07-31,130.46249389648438,131.1374969482422,128.9812469482422,129.33749389648438,105.86097717285156,208261
2018-08-01,129.33749389648438,133.91250610351562,128.47500610351562,133.03125,108.88426208496094,703575
2018-08-02,133.5,134.625,126.0,126.63749694824219,105.66153717041016,644317
2018-08-03,127.42500305175781,129.0,122.17500305175781,123.75,103.25232696533203,406247
2018-08-06,124.125,126.0,121.125,121.4625015258789,101.34371948242188,309402
2018-08-07,120.9375,123.26249694824219,118.125,119.08125305175781,99.35689544677734,471570
2018-08-08,119.73750305175781,121.38749694824219,117.11250305175781,117.9000015258789,98.37128448486328,483306
2018-08-09,118.5,123.65625,118.14375305175781,120.84375,100.82745361328125,521434
2018-08-10,121.875,122.8687515258789,120.75,121.51875305175781,101.39065551757812,326322
2018-08-13,121.01249694824219,127.2562484741211,118.98750305175781,125.1937484741211,104.4569320678711,1269450
2018-08-14,126.75,127.59375,121.125,122.55000305175781,102.25108337402344,1186298
2018-08-16,122.79374694824219,137.71875,122.79374694824219,133.8562469482422,111.6845932006836,4559815
2018-08-17,133.0124969482422,138.75,131.8874969482422,136.8000030517578,114.14073944091797,1462407
2018-08-20,135.8249969482422,136.8000030517578,131.4375,134.38125610351562,112.12265014648438,662829
2018-08-21,134.21249389648438,137.6062469482422,133.6875,135.41250610351562,112.98307800292969,532122
2018-08-23,134.75625610351562,136.5,132.0187530517578,134.2687530517578,112.02879333496094,457378
2018-08-24,134.625,135.0,130.72500610351562,131.58749389648438,109.7916259765625,245111
2018-08-27,132.33749389648438,133.875,131.3249969482422,132.84375,110.83979797363281,238122
2018-08-28,133.125,133.875,130.875,131.47500610351562,109.69776916503906,188791
2018-08-29,130.36874389648438,132.41250610351562,129.4499969482422,130.9875030517578,109.29102325439453,265106
2018-08-30,130.83749389648438,131.2312469482422,129.03750610351562,130.6687469482422,109.02506256103516,158727
2018-08-31,131.25,135.375,125.64375305175781,132.60000610351562,110.63642883300781,1131957
2018-09-03,133.5,133.83749389648438,129.375,129.65625,108.18029022216797,259770
2018-09-04,130.64999389648438,135.1875,129.5625,132.46875,110.52693176269531,1655253
2018-09-05,133.78125,138.1687469482422,133.5187530517578,135.05624389648438,112.6858139038086,1256303
2018-09-06,136.63125610351562,140.25,134.625,139.8000030517578,116.64385223388672,1257599
2018-09-07,140.6062469482422,140.625,135.75,137.71875,114.90731811523438,1015389
2018-09-10,139.0500030517578,139.0500030517578,133.5,135.6750030517578,113.20209503173828,847061
2018-09-11,136.3874969482422,142.40625,134.10000610351562,137.9812469482422,115.12633514404297,1910186
2018-09-12,138.75,140.625,135.78750610351562,139.55624389648438,116.44046783447266,876823
2018-09-14,139.3125,148.5,136.83749389648438,147.89999389648438,123.40216064453125,3649570
2018-09-17,148.125,156.1875,148.125,153.6750030517578,128.2205810546875,4175773
2018-09-18,154.8937530517578,157.125,150.78750610351562,152.0625,126.87518310546875,1036511
2018-09-19,153.3000030517578,160.72500610351562,152.25,155.02499389648438,129.3469696044922,2105149
2018-09-21,157.125,157.9875030517578,125.8499984741211,145.6875,121.5561294555664,3037762
2018-09-24,145.7062530517578,146.625,138.3562469482422,142.53750610351562,118.92791748046875,835141
2018-09-25,140.6999969482422,148.03125,140.6999969482422,143.34375,119.60060119628906,951458
2018-09-26,142.91250610351562,146.25,136.03125,143.49374389648438,119.72575378417969,1414605
2018-09-27,145.125,145.875,138.375,139.16250610351562,116.11194610595703,1040450
2018-09-28,139.5,144.1687469482422,137.4187469482422,138.5812530517578,115.626953125,1263642
2018-10-01,135.14999389648438,136.91250610351562,132.46875,134.8125,112.48246002197266,571165
2018-10-03,134.625,137.7937469482422,131.6437530517578,132.69375610351562,110.71464538574219,303453
2018-10-04,130.46249389648438,131.21249389648438,121.875,123.67500305175781,103.18973541259766,876266
2018-10-05,121.9312515258789,131.9250030517578,115.125,118.51875305175781,98.88756561279297,943746
2018-10-08,117.5999984741211,123.07499694824219,116.25,119.625,99.81057739257812,1114789
2018-10-09,119.25,121.5,117.09375,119.60624694824219,99.79492950439453,335741
2018-10-10,121.125,127.2750015258789,120.5625,125.41874694824219,104.6446533203125,434530
2018-10-11,121.94999694824219,123.67500305175781,118.875,120.6937484741211,100.70230102539062,318031
2018-10-12,121.875,125.4375,118.59375,120.4124984741211,100.46763610839844,311775
2018-10-15,120.375,127.5,120.375,126.7125015258789,105.72411346435547,744431
2018-10-16,127.6500015258789,131.21249389648438,126.375,128.4562530517578,107.17904663085938,346530
2018-10-17,128.625,130.2375030517578,127.2750015258789,129.0749969482422,107.6952896118164,214445
2018-10-19,127.48124694824219,127.8375015258789,117.54374694824219,118.57499694824219,98.93450164794922,856231
2018-10-22,119.53125,121.76249694824219,114.01875305175781,114.91874694824219,95.88385772705078,419645
2018-10-23,113.26875305175781,116.08125305175781,107.2125015258789,108.5625,90.5804443359375,444498
2018-10-24,110.625,110.71875,101.4000015258789,103.23750305175781,86.1374740600586,807109
2018-10-25,103.875,104.625,99.375,101.1187515258789,84.36966705322266,369002
2018-10-26,103.125,107.15625,101.1187515258789,102.9937515258789,85.93408966064453,659773
2018-10-29,103.875,108.3375015258789,103.21875,106.03125,88.46846008300781,459341
2018-10-30,106.125,110.2125015258789,106.125,107.4375,89.64179229736328,284642
2018-10-31,109.125,117.375,107.625,115.70625305175781,96.54092407226562,887173
2018-11-01,116.25,118.10624694824219,114.65625,116.53125,97.22926330566406,290469
2018-11-02,117.5062484741211,117.5062484741211,113.64375305175781,115.7249984741211,96.55654907226562,271861
2018-11-05,117.375,120.75,116.0062484741211,117.1875,97.77680969238281,545466
2018-11-06,117.30000305175781,122.25,117.16874694824219,120.1500015258789,100.2486343383789,430063
2018-11-07,121.19999694824219,124.2750015258789,121.125,123.65625,103.17411804199219,302607
2018-11-09,124.875,127.0687484741211,123.7874984741211,125.625,104.81673431396484,272805
2018-11-12,126.375,128.9250030517578,123.09375,126.7874984741211,105.78669738769531,284751
2018-11-13,125.15625,126.5625,123.4124984741211,125.64375305175781,106.32617950439453,195986
2018-11-14,125.64375305175781,127.8187484741211,125.4375,125.71875,106.38964080810547,350834
2018-11-15,124.19999694824219,128.25,123.4124984741211,125.6812515258789,106.35791015625,389709
2018-11-16,124.29374694824219,129.0,123.375,124.29374694824219,105.18373107910156,268589
2018-11-19,124.61250305175781,125.4937515258789,120.82499694824219,121.7437515258789,103.02581024169922,224498
2018-11-20,121.7437515258789,121.875,118.125,119.5687484741211,101.1852035522461,161223
2018-11-21,119.5687484741211,120.8062515258789,113.6812515258789,115.7437515258789,97.94830322265625,273869
2018-11-22,115.875,119.8125,115.875,118.23750305175781,100.05863952636719,288687
2018-11-26,118.5,120.75,115.94999694824219,119.17500305175781,100.85198974609375,726994
2018-11-27,119.25,120.0,116.1187515258789,116.5687484741211,98.64644622802734,187183
2018-11-28,117.5062484741211,118.01249694824219,114.07499694824219,115.03125,97.3453369140625,164093
2018-11-29,116.04374694824219,119.25,114.0,114.73124694824219,97.09146118164062,1211333
2018-11-30,115.6500015258789,117.0,114.54374694824219,114.9000015258789,97.23426818847656,183437
2018-12-03,114.9375,116.15625,112.85624694824219,113.0625,95.67928314208984,247693
2018-12-04,114.2437515258789,115.7249984741211,112.875,113.5875015258789,96.12356567382812,337053
2018-12-05,113.4000015258789,113.4000015258789,110.625,111.9375,94.72724914550781,332495
2018-12-06,112.5,118.0875015258789,112.5,116.79374694824219,98.83685302734375,1255354
2018-12-07,116.8125,119.23124694824219,115.21875,117.0374984741211,99.04312896728516,361909
2018-12-10,112.5,115.125,110.625,114.4124984741211,96.82171630859375,303271
2018-12-11,111.63749694824219,118.6500015258789,111.6187515258789,118.2750015258789,100.09036254882812,485602
2018-12-12,118.3125,120.30000305175781,117.5250015258789,119.25,100.91545867919922,351962
2018-12-13,120.0,120.7125015258789,118.19999694824219,119.26875305175781,100.93132781982422,360458
2018-12-14,119.26875305175781,120.75,118.19999694824219,119.1937484741211,100.86785888671875,348626
2018-12-17,119.3062515258789,120.73124694824219,117.7874984741211,118.23750305175781,100.05863952636719,175906
2018-12-18,118.3125,118.6312484741211,116.51249694824219,116.8125,98.85272979736328,213834
2018-12-19,117.375,118.5,114.75,115.85624694824219,98.04349517822266,264567
2018-12-20,115.875,117.20625305175781,114.375,114.5625,96.94866180419922,188135
2018-12-21,115.0875015258789,115.7437515258789,112.875,113.0999984741211,95.71102142333984,178957
2018-12-24,113.32499694824219,114.16874694824219,112.51875305175781,113.15625,95.75862884521484,152205
2018-12-26,112.0687484741211,112.6500015258789,110.98124694824219,111.8062515258789,94.6161880493164,117914
2018-12-27,113.25,114.86250305175781,112.5,112.9124984741211,95.55233764648438,262770
2018-12-28,112.9124984741211,114.16874694824219,112.14375305175781,112.5374984741211,95.23500061035156,242154
2018-12-31,113.25,114.375,112.89375305175781,113.4937515258789,96.04423522949219,114391
2019-01-01,113.73750305175781,114.0,112.57499694824219,113.41874694824219,95.98075866699219,96615
2019-01-02,113.5687484741211,115.42500305175781,112.6312484741211,113.08125305175781,95.6951675415039,199295
2019-01-03,113.08125305175781,113.625,110.625,110.71875,93.69587707519531,297090
2019-01-04,111.0,112.125,110.25,110.83125305175781,93.79108428955078,214202
2019-01-07,112.125,113.0250015258789,110.625,110.90625,93.85454559326172,95757
2019-01-08,110.625,116.4375,110.36250305175781,115.6312484741211,97.85309600830078,699109
2019-01-09,116.25,116.8125,112.94999694824219,114.4124984741211,96.82171630859375,247735
2019-01-10,115.01249694824219,115.01249694824219,111.09375,111.8062515258789,94.6161880493164,206423
2019-01-11,112.125,113.625,110.8125,111.58125305175781,94.42577362060547,281535
2019-01-14,111.0374984741211,112.5,110.6624984741211,111.44999694824219,94.31470489501953,167717
2019-01-15,111.375,114.91874694824219,111.375,114.39375305175781,96.80585479736328,282730
2019-01-16,114.67500305175781,116.1937484741211,113.98124694824219,115.0875015258789,97.3929443359375,205693
2019-01-17,115.125,124.5,115.125,117.1500015258789,99.13833618164062,3118343
2019-01-18,117.3375015258789,118.0875015258789,114.0,114.8062515258789,97.15493774414062,365237
2019-01-21,114.75,119.0250015258789,112.875,117.4124984741211,99.3604736328125,582021
2019-01-22,117.4124984741211,120.86250305175781,116.25,118.8187484741211,100.5505142211914,357237
2019-01-23,118.3125,122.0625,118.3125,120.5062484741211,101.97856903076172,506981
2019-01-24,121.8375015258789,121.8375015258789,118.7437515258789,120.375,101.86750030517578,184181
2019-01-25,120.65625,121.875,117.2249984741211,119.36250305175781,101.01068115234375,311314
2019-01-28,119.8125,120.75,115.9312515258789,118.57499694824219,100.34424591064453,351543
2019-01-29,118.125,119.4749984741211,117.07499694824219,118.85624694824219,100.58224487304688,107906
2019-01-30,117.9000015258789,130.5,117.9000015258789,122.8687515258789,103.97783660888672,165317
2019-01-31,120.9749984741211,122.6812515258789,119.5875015258789,120.39375305175781,101.88336944580078,119823
2019-02-01,120.0374984741211,123.75,119.4937515258789,122.4749984741211,103.64461517333984,392847
2019-02-04,121.8375015258789,123.375,121.125,121.875,103.13687896728516,130823
2019-02-05,121.5,122.98124694824219,121.29374694824219,122.0062484741211,103.24794006347656,70965
2019-02-06,124.125,124.6500015258789,118.9124984741211,122.45625305175781,103.6287612915039,703869
2019-02-07,122.45625305175781,124.6500015258789,122.3062515258789,123.3187484741211,104.35865020751953,425717
2019-02-08,123.09375,126.54374694824219,121.7249984741211,125.08125305175781,105.85016632080078,375050
2019-02-11,124.51875305175781,125.08125305175781,120.9000015258789,122.23124694824219,103.43834686279297,335583
2019-02-12,122.23124694824219,125.41874694824219,121.875,123.86250305175781,104.81880187988281,189055
2019-02-14,126.0,126.4124984741211,122.08125305175781,124.7249984741211,105.54869079589844,161973
2019-02-15,124.6500015258789,126.375,121.9124984741211,123.6937484741211,104.67599487304688,470381
2019-02-18,123.6937484741211,123.75,121.14375305175781,122.3812484741211,103.56529235839844,129698
2019-02-19,123.75,126.375,121.98750305175781,125.5875015258789,106.2785873413086,361573
2019-02-20,125.60624694824219,132.375,125.5687484741211,129.24374389648438,109.3726806640625,1309314
2019-02-21,130.125,131.625,126.01875305175781,126.91874694824219,107.4051513671875,1235053
2019-02-22,126.0,128.8312530517578,125.6812515258789,126.3375015258789,106.91326141357422,148813
2019-02-25,127.2562484741211,129.375,126.46875,128.0812530517578,108.388916015625,820693
2019-02-26,127.125,129.9375,125.5687484741211,128.625,108.84906768798828,1314335
2019-02-27,128.6999969482422,130.6875,125.36250305175781,126.35624694824219,106.92912292480469,1064282
2019-02-28,126.75,128.38125610351562,125.6624984741211,126.7874984741211,107.29408264160156,238610
2019-03-01,127.6875,129.33749389648438,126.5625,127.48124694824219,107.88117218017578,868823
2019-03-05,127.0875015258789,130.125,127.0687484741211,127.59375,107.97637176513672,298810
2019-03-06,127.875,129.0,125.69999694824219,126.1500015258789,106.75460052490234,258575
2019-03-07,127.33125305175781,128.5500030517578,126.11250305175781,127.10624694824219,107.5638198852539,171765
2019-03-08,127.5,127.5,123.75,124.14375305175781,105.05680084228516,171989
2019-03-11,123.75,125.13749694824219,123.75,124.66874694824219,105.50109100341797,621477
2019-03-12,125.55000305175781,127.03125,123.75,124.38749694824219,105.2630844116211,204383
2019-03-13,125.13749694824219,125.8125,121.875,123.30000305175781,104.3427734375,518210
2019-03-14,123.46875,125.25,122.83125305175781,123.84375,104.80293273925781,194850
2019-03-15,124.80000305175781,124.875,119.25,120.91874694824219,102.32763671875,208447
2019-03-18,121.4437484741211,122.04374694824219,120.0,120.35624694824219,101.85162353515625,137538
2019-03-19,120.375,122.8687515258789,119.4375,120.75,102.18482971191406,292535
2019-03-20,121.4625015258789,125.41874694824219,121.125,123.7874984741211,104.75533294677734,602005
2019-03-22,124.9312515258789,127.875,123.84375,124.6500015258789,105.48521423339844,312871
2019-03-25,123.75,124.5,121.96875,122.7562484741211,103.88262939453125,247730
2019-03-26,122.4000015258789,125.15625,122.26875305175781,123.9937515258789,104.92986297607422,217967
2019-03-27,124.3125,127.125,124.3125,126.6937484741211,107.21475219726562,256791
2019-03-28,127.5,129.97500610351562,125.0625,125.6812515258789,106.35791015625,492639
2019-04-01,127.5,129.0749969482422,127.48124694824219,128.02499389648438,108.34131622314453,162389
2019-04-02,128.19375610351562,131.2312469482422,127.70625305175781,130.6125030517578,110.53099822998047,575794
2019-04-03,133.125,136.53750610351562,130.6875,132.1125030517578,111.80036926269531,1011965
2019-04-04,130.7624969482422,131.94375610351562,127.875,129.69375610351562,109.75350952148438,327239
2019-04-05,129.97500610351562,131.25,129.375,129.9187469482422,109.94390106201172,137471
2019-04-08,130.875,130.9875030517578,128.56875610351562,130.0124969482422,110.02324676513672,327229
2019-04-09,129.7687530517578,130.63125610351562,124.98750305175781,127.33125305175781,107.75423431396484,359957
2019-04-10,126.7874984741211,128.4375,125.8125,127.03125,107.50035858154297,161799
2019-04-11,126.75,127.875,123.91874694824219,125.0999984741211,105.86602020263672,125751
2019-04-12,125.15625,126.3375015258789,124.0687484741211,125.5687484741211,106.26271057128906,93634
2019-04-15,126.3187484741211,128.00625610351562,125.41874694824219,126.91874694824219,107.4051513671875,77229
2019-04-16,127.875,128.94375610351562,126.75,127.14375305175781,107.5955581665039,81167
2019-04-18,126.375,127.98750305175781,124.125,124.94999694824219,105.73909759521484,134357
2019-04-22,125.625,125.71875,122.6624984741211,123.9375,104.88226318359375,182922
2019-04-23,122.6624984741211,124.40625,122.25,122.71875,103.85089111328125,178727
2019-04-24,123.54374694824219,124.9312515258789,122.6624984741211,123.95625305175781,104.89814758300781,123386
2019-04-25,123.9749984741211,125.23124694824219,123.75,124.5562515258789,105.4058837890625,79322
2019-04-26,125.17500305175781,126.0,122.625,123.7874984741211,104.75533294677734,70941
2019-04-30,122.6624984741211,125.625,122.0062484741211,124.2562484741211,105.1520004272461,146343
2019-05-02,123.75,125.25,123.75,124.19999694824219,105.10440063476562,74098
2019-05-03,125.4000015258789,125.4000015258789,121.1812515258789,123.01875305175781,104.10477447509766,187477
2019-05-06,121.875,125.55000305175781,120.58125305175781,123.6937484741211,104.67599487304688,317367
2019-05-07,124.19999694824219,129.5812530517578,123.75,127.6875,108.05571746826172,472626
2019-05-08,130.125,130.125,124.9124984741211,126.7874984741211,107.29408264160156,184066
2019-05-09,126.375,126.375,124.3687515258789,124.85624694824219,105.65975189208984,97101
2019-05-10,123.76875305175781,125.625,123.76875305175781,124.8187484741211,105.6280288696289,94199
2019-05-13,125.4749984741211,128.25,124.5,127.42500305175781,107.83357238769531,264690
2019-05-14,127.125,128.2312469482422,124.5,127.51875305175781,107.91291046142578,91733
2019-05-15,127.875,128.1374969482422,125.25,125.83125305175781,106.48486328125,73119
2019-05-16,125.71875,129.75,123.5250015258789,124.8375015258789,105.64389038085938,320293
2019-05-17,124.875,125.8125,124.1624984741211,124.66874694824219,105.50109100341797,154874
2019-05-20,129.0,129.0,124.6875,125.98124694824219,106.6117935180664,107098
2019-05-21,126.0,126.0562515258789,123.75,124.10624694824219,105.02507781982422,109714
2019-05-22,125.5875015258789,127.125,123.48750305175781,125.6624984741211,106.3420639038086,167893
2019-05-23,127.875,127.875,124.21875,125.60624694824219,106.29444122314453,97879
2019-05-24,127.8187484741211,127.8187484741211,125.13749694824219,126.20625305175781,106.80220031738281,65642
2019-05-27,126.375,129.3000030517578,126.2437515258789,127.6875,108.05571746826172,114325
2019-05-28,128.625,133.125,127.2562484741211,131.68124389648438,111.4354248046875,592426
2019-05-29,132.375,134.4187469482422,132.24374389648438,132.7687530517578,112.35574340820312,249594
2019-05-30,132.375,133.16250610351562,131.625,132.9375,112.49853515625,107247
2019-05-31,133.125,135.0,131.8125,133.7624969482422,113.19668579101562,309101
2019-06-03,135.0,135.0,129.375,130.06875610351562,110.07085418701172,190610
2019-06-04,130.06875610351562,132.75,129.8249969482422,131.00625610351562,110.86421203613281,159413
2019-06-06,132.0,132.9375,130.21875,132.0749969482422,111.76863098144531,161965
2019-06-07,134.47500610351562,134.47500610351562,131.96249389648438,133.3874969482422,112.87934875488281,261618
2019-06-10,133.16250610351562,134.85000610351562,132.1875,132.75,112.33985137939453,156445
2019-06-11,132.75,133.5,131.71875,133.06875610351562,112.60961151123047,187914
2019-06-12,134.25,134.2687530517578,130.875,132.6750030517578,112.2763900756836,176935
2019-06-13,132.6750030517578,134.58749389648438,131.5124969482422,134.0625,113.45056915283203,187487
2019-06-14,132.84375,135.0,132.84375,133.8562469482422,113.2760238647461,150210
2019-06-17,132.5437469482422,134.0812530517578,130.875,131.96249389648438,111.6734390258789,179938
2019-06-18,131.96249389648438,132.65625,130.46249389648438,130.81875610351562,110.7055435180664,131503
2019-06-19,130.63125610351562,131.25,128.3249969482422,129.8249969482422,109.86457061767578,107778
2019-06-20,127.875,132.50625610351562,127.875,131.38125610351562,111.18154907226562,212858
2019-06-21,131.7375030517578,133.875,128.96249389648438,130.25625610351562,110.22952270507812,330189
2019-06-24,130.4812469482422,133.1062469482422,129.69375610351562,130.91250610351562,110.78486633300781,146959
2019-06-25,131.2312469482422,133.1062469482422,130.63125610351562,131.71875,111.46715545654297,174775
2019-06-26,130.8562469482422,131.66250610351562,129.3937530517578,130.35000610351562,110.30884552001953,139450
2019-06-27,131.02499389648438,131.8874969482422,129.4875030517578,131.19375610351562,111.02287292480469,160170
2019-06-28,131.25,132.0,130.1437530517578,131.02499389648438,110.88008117675781,120591
2019-07-01,130.875,132.75,130.125,131.49374389648438,111.27674102783203,96813
2019-07-02,132.75,132.75,130.1999969482422,132.52499389648438,112.14944458007812,161026
2019-07-03,132.75,133.125,131.02499389648438,132.43124389648438,112.07010650634766,90607
2019-07-04,132.1875,132.75,131.25,131.94375610351562,111.65755462646484,80362
2019-07-05,133.08749389648438,133.46249389648438,131.15625,132.03750610351562,111.73690795898438,126765
2019-07-08,133.125,135.75,132.84375,133.72500610351562,113.16494750976562,561413
2019-07-09,133.64999389648438,135.14999389648438,132.4875030517578,134.6062469482422,113.91071319580078,402557
2019-07-10,135.6750030517578,135.6750030517578,131.15625,131.625,111.38780975341797,198007
2019-07-11,132.375,132.9562530517578,128.86874389648438,129.75,109.80110168457031,214042
2019-07-12,129.75,132.9375,129.75,132.24374389648438,111.91143798828125,208125
2019-07-15,133.125,133.125,129.0,130.06875610351562,110.07085418701172,150135
2019-07-16,130.1062469482422,131.0625,128.625,129.1687469482422,109.30921936035156,114533
2019-07-17,129.28125,134.10000610351562,129.28125,131.96249389648438,111.6734390258789,309621
2019-07-18,131.25,132.33749389648438,129.8249969482422,131.66250610351562,111.41956329345703,108519
2019-07-19,131.6437530517578,131.6999969482422,127.5374984741211,128.30624389648438,108.5793228149414,134509
2019-07-22,128.30624389648438,128.90625,122.3812484741211,126.3187484741211,106.89740753173828,244247
2019-07-23,127.3687515258789,127.3687515258789,124.125,126.5250015258789,107.07195281982422,129183
2019-07-24,126.6937484741211,126.6937484741211,122.2874984741211,122.83125305175781,103.94609832763672,191431
2019-07-25,122.83125305175781,123.91874694824219,121.66874694824219,123.5062484741211,104.5173110961914,161525
2019-07-26,122.83125305175781,124.8375015258789,121.7437515258789,123.91874694824219,104.86638641357422,160466
2019-07-29,124.125,124.61250305175781,122.4375,124.42500305175781,105.29480743408203,190170
2019-07-30,120.75,121.61250305175781,119.625,120.01875305175781,104.07537078857422,185730
2019-07-31,120.73124694824219,121.40625,115.19999694824219,120.39375305175781,104.40055847167969,264066
2019-08-01,121.125,121.125,115.89375305175781,116.8499984741211,101.32755279541016,203871
2019-08-02,114.82499694824219,119.13749694824219,113.73750305175781,118.6500015258789,102.8884506225586,169066
2019-08-05,118.3499984741211,119.13749694824219,113.625,116.8125,101.2950439453125,142349
2019-08-06,117.20625305175781,119.0625,115.96875,118.3499984741211,102.6282958984375,106338
2019-08-07,116.51249694824219,119.625,116.51249694824219,118.21875,102.51448059082031,307029
2019-08-08,118.875,123.01875305175781,118.4437484741211,121.96875,105.7663345336914,213837
2019-08-09,122.0062484741211,129.375,122.0062484741211,126.73124694824219,109.89617156982422,492493
2019-08-13,127.38749694824219,127.48124694824219,122.45625305175781,124.875,108.28651428222656,520357
2019-08-14,123.75,124.875,119.3062515258789,119.92500305175781,103.99407196044922,198090
2019-08-16,120.0,120.73124694824219,116.625,119.4375,103.57134246826172,305725
2019-08-19,121.6875,121.8375015258789,117.86250305175781,121.125,105.03466033935547,171997
2019-08-20,119.08125305175781,121.8375015258789,118.125,120.26249694824219,104.2867431640625,236445
2019-08-21,120.75,121.61250305175781,117.0,118.05000305175781,102.36814880371094,140397
2019-08-22,117.20625305175781,118.78125,115.66874694824219,118.14375305175781,102.44945526123047,285093
2019-08-23,118.7249984741211,119.3062515258789,117.0,118.40625,102.67708587646484,182090
2019-08-26,118.875,118.875,117.1875,118.4625015258789,102.72586059570312,990485
2019-08-27,118.125,119.60624694824219,117.01875305175781,118.6312484741211,102.87218475341797,418053
2019-08-28,118.5,120.11250305175781,117.9375,119.15625,103.32744598388672,777378
2019-08-29,118.875,119.88749694824219,117.75,118.1624984741211,102.46571350097656,89965
2019-08-30,117.7874984741211,118.19999694824219,114.75,115.4625015258789,100.1243667602539,381773
2019-09-03,118.125,118.125,115.4625015258789,117.39375305175781,101.79907989501953,142991
2019-09-04,116.25,117.375,113.0999984741211,114.2437515258789,99.0675277709961,288962
2019-09-05,114.20625305175781,116.15625,110.71875,112.14375305175781,97.24649047851562,484541
2019-09-06,113.9437484741211,113.9437484741211,109.89375305175781,110.2874984741211,95.6368179321289,269037
2019-09-09,111.0562515258789,114.75,108.7874984741211,114.3375015258789,99.14883422851562,382810
2019-09-11,114.75,116.3812484741211,113.71875,114.75,99.50652313232422,197770
2019-09-12,115.4625015258789,116.88749694824219,114.1875,116.25,100.80726623535156,291010
2019-09-13,116.25,117.75,114.0,117.3187484741211,101.73404693603516,186037
2019-09-16,116.36250305175781,117.375,114.82499694824219,117.0,101.45763397216797,185797
2019-09-17,117.3375015258789,117.375,115.5562515258789,116.3812484741211,100.92108917236328,160282
2019-09-18,117.375,120.75,115.6500015258789,120.0374984741211,104.09162902832031,655623
2019-09-19,120.3375015258789,120.375,114.75,117.0,101.45763397216797,227221
2019-09-20,115.3125,119.5875015258789,115.1624984741211,118.5,102.75836944580078,275429
2019-09-23,119.25,121.875,116.36250305175781,120.9749984741211,104.90458679199219,360807
2019-09-24,121.4625015258789,121.4625015258789,118.96875,120.6937484741211,104.66070556640625,384634
2019-09-25,121.5,121.5,119.1937484741211,119.71875,103.81521606445312,125525
2019-09-26,119.8125,121.2750015258789,117.86250305175781,119.88749694824219,103.96155548095703,106218
2019-09-27,119.88749694824219,121.2562484741211,114.0374984741211,114.20625305175781,99.0350112915039,302234
2019-09-30,116.6624984741211,127.125,114.75,124.10624694824219,107.61988067626953,1832743
2019-10-01,123.9749984741211,123.9749984741211,116.90625,117.35624694824219,101.76656341552734,417109
2019-10-03,117.0,118.1812515258789,114.375,117.375,101.7828140258789,199485
2019-10-04,117.9000015258789,117.9000015258789,113.3062515258789,114.0374984741211,98.888671875,191157
2019-10-07,114.5250015258789,114.75,108.75,110.3062515258789,95.65308380126953,475882
2019-10-09,110.6624984741211,112.5,106.875,109.89375305175781,95.29537200927734,579701
2019-10-10,109.5374984741211,111.3187484741211,108.09375,110.23124694824219,95.58805847167969,173997
2019-10-11,111.375,114.9375,110.4937515258789,113.5687484741211,98.48218536376953,384114
2019-10-14,112.57499694824219,115.23750305175781,111.4312515258789,113.13749694824219,98.10823059082031,111431
2019-10-15,113.79374694824219,113.92500305175781,111.0,111.9937515258789,97.11640930175781,140271
2019-10-16,112.5,113.60624694824219,111.07499694824219,111.4124984741211,96.61238861083984,177637
2019-10-17,111.4124984741211,112.48124694824219,109.96875,110.8125,96.09207916259766,185967
2019-10-18,111.75,117.9375,111.0,116.9437484741211,101.40885162353516,333986
2019-10-22,115.51875305175781,122.0625,115.33125305175781,119.3812484741211,103.52255249023438,452237
2019-10-23,119.3812484741211,120.30000305175781,116.25,117.0562515258789,101.50640869140625,239469
2019-10-24,115.98750305175781,118.5,115.9124984741211,116.73750305175781,101.2300033569336,235882
2019-10-25,117.0,119.17500305175781,116.4937515258789,117.20625305175781,101.63648986816406,125338
2019-10-27,118.40625,119.625,118.125,119.0062484741211,103.19738006591797,40906
2019-10-29,117.84375,120.30000305175781,117.44999694824219,119.0250015258789,103.213623046875,177303
2019-10-30,120.09375,120.75,118.125,118.5562515258789,102.80715942382812,221677
2019-10-31,123.0,123.5625,116.0062484741211,117.375,101.7828140258789,692157
2019-11-01,117.5999984741211,119.0250015258789,116.2874984741211,116.8125,101.2950439453125,239487
2019-11-04,117.01875305175781,119.32499694824219,117.01875305175781,117.9375,102.2706069946289,282775
2019-11-05,118.23750305175781,119.4375,117.0374984741211,117.7125015258789,102.07549285888672,222458
2019-11-06,118.42500305175781,118.42500305175781,116.4375,117.35624694824219,101.76656341552734,340853
2019-11-07,116.92500305175781,117.3187484741211,114.75,115.3687515258789,101.91563415527344,225693
2019-11-08,114.4124984741211,116.25,113.625,114.2249984741211,100.9052505493164,215749
2019-11-11,115.4625015258789,117.375,113.26875305175781,116.98124694824219,103.34010314941406,355253
2019-11-13,117.5625,117.5625,114.6187515258789,114.95625305175781,101.5512466430664,236469
2019-11-14,115.4625015258789,116.625,114.39375305175781,114.7874984741211,101.40216827392578,203055
2019-11-15,115.4625015258789,115.4625015258789,113.4749984741211,114.26249694824219,100.93838500976562,197402
2019-11-18,115.05000305175781,115.0687484741211,112.76249694824219,113.5875015258789,100.34209442138672,181071
2019-11-19,112.9312515258789,114.28125,111.8812484741211,112.96875,99.79549407958984,161895
2019-11-20,111.5625,113.7750015258789,111.5625,113.0250015258789,99.84518432617188,166663
2019-11-21,113.73750305175781,113.83125305175781,112.10624694824219,113.51249694824219,100.27584075927734,166631
2019-11-22,113.53125,114.2249984741211,111.75,112.1812515258789,99.09982299804688,150055
2019-11-25,112.51875305175781,114.375,111.01875305175781,113.9437484741211,100.65680694580078,179615
2019-11-26,114.375,115.5,113.0625,114.95625305175781,101.5512466430664,263999
2019-11-27,114.86250305175781,115.05000305175781,112.875,113.6624984741211,100.40834045410156,72255
2019-11-28,114.9000015258789,115.8375015258789,113.6812515258789,115.05000305175781,101.6340560913086,72658
2019-11-29,115.05000305175781,117.0,115.05000305175781,116.51249694824219,102.9260025024414,397543
2019-12-02,116.625,116.98124694824219,114.0,114.26249694824219,100.93838500976562,80751
2019-12-03,114.6187515258789,114.9000015258789,111.86250305175781,113.2874984741211,100.07707214355469,251079
2019-12-04,114.63749694824219,114.63749694824219,111.75,112.61250305175781,99.48078918457031,91855
2019-12-05,112.14375305175781,113.3812484741211,112.14375305175781,112.57499694824219,99.4476547241211,101199
2019-12-06,112.59375,113.25,111.82499694824219,112.0687484741211,99.00044250488281,81775
2019-12-09,113.2125015258789,113.2125015258789,110.26875305175781,110.8687515258789,97.94037628173828,314906
2019-12-10,111.07499694824219,112.29374694824219,109.7437515258789,112.01249694824219,98.95075225830078,235482
2019-12-11,112.875,112.875,110.53125,111.4312515258789,98.43728637695312,349895
2019-12-12,111.07499694824219,112.1624984741211,110.625,110.7562484741211,97.84098815917969,89146
2019-12-13,110.25,112.10624694824219,110.15625,111.7125015258789,98.68573760986328,116103
2019-12-16,111.5625,115.125,111.5625,112.42500305175781,99.3151626586914,256074
2019-12-17,112.5,114.26249694824219,112.3687515258789,113.15625,99.96112823486328,69895
2019-12-18,113.5687484741211,115.5,112.3125,113.36250305175781,100.1433334350586,531621
2019-12-19,112.5,114.16874694824219,111.76875305175781,112.94999694824219,99.7789306640625,127114
2019-12-20,114.375,117.0,113.90625,115.2562484741211,101.81624603271484,418933
2019-12-23,116.25,116.25,113.625,114.30000305175781,100.97151184082031,179482
2019-12-24,114.30000305175781,117.0,113.625,115.42500305175781,101.96533203125,177021
2019-12-26,114.7874984741211,116.92500305175781,114.5625,115.05000305175781,101.6340560913086,101301
2019-12-27,115.5,115.6312484741211,113.2874984741211,114.35624694824219,101.02119445800781,69861
2019-12-30,115.4625015258789,115.48124694824219,113.64375305175781,113.8125,100.54086303710938,171255
2019-12-31,114.3187484741211,116.625,114.20625305175781,115.94999694824219,102.42909240722656,134271
2020-01-01,116.4375,118.125,115.66874694824219,117.30000305175781,103.62168884277344,189922
2020-01-02,117.75,118.76249694824219,117.09375,117.67500305175781,103.95295715332031,167631
2020-01-03,118.38749694824219,120.6937484741211,116.6812515258789,117.3187484741211,103.63824462890625,406391
2020-01-06,117.9375,118.125,116.25,116.625,103.025390625,168130
2020-01-07,117.7125015258789,118.4437484741211,116.625,117.09375,103.43948364257812,114994
2020-01-08,116.25,116.5875015258789,114.375,114.95625305175781,101.5512466430664,137746
2020-01-09,116.9625015258789,118.3125,115.3499984741211,117.86250305175781,104.11859130859375,143242
2020-01-10,116.32499694824219,119.6812515258789,116.32499694824219,117.7125015258789,103.98609161376953,160994
2020-01-13,118.4625015258789,119.625,117.75,118.6312484741211,104.79769134521484,134727
2020-01-14,119.4375,120.375,118.4625015258789,118.9312515258789,105.06270599365234,111821
2020-01-15,118.9312515258789,120.75,118.875,120.0374984741211,106.03996276855469,200661
2020-01-16,120.75,123.3375015258789,119.625,122.0999984741211,107.86195373535156,348290
2020-01-17,122.71875,123.6187515258789,120.375,120.9375,106.83501434326172,110538
2020-01-20,120.9749984741211,126.375,120.0,124.1624984741211,109.68395233154297,821306
2020-01-21,123.2249984741211,125.08125305175781,121.5,124.61250305175781,110.08148193359375,222477
2020-01-22,125.51249694824219,125.8125,123.5250015258789,124.6875,110.14773559570312,115783
2020-01-23,125.17500305175781,126.0,123.7874984741211,124.6500015258789,110.11459350585938,144357
2020-01-24,125.25,130.4250030517578,124.14375305175781,128.34375,113.37761688232422,919549
2020-01-27,128.25,131.625,126.75,130.27499389648438,115.08366394042969,642642
2020-01-28,130.27499389648438,132.89999389648438,129.33749389648438,131.47500610351562,116.14373779296875,371210
2020-01-29,131.47500610351562,132.75,129.78750610351562,131.3249969482422,116.01122283935547,228866
2020-01-30,130.5749969482422,132.05624389648438,128.6062469482422,129.33749389648438,114.25547790527344,136831
2020-01-31,129.28125,130.125,123.84375,125.8125,111.14154052734375,116237
2020-02-03,128.1374969482422,128.19375610351562,124.94999694824219,126.1312484741211,111.4231185913086,103610
2020-02-04,126.1312484741211,130.18124389648438,124.05000305175781,128.77499389648438,113.75857543945312,185983
2020-02-05,129.375,129.41250610351562,126.0,126.48750305175781,111.73783111572266,96911
2020-02-06,125.51249694824219,129.375,125.51249694824219,128.68124389648438,113.67576599121094,123973
2020-02-07,129.3000030517578,130.5,126.84375,129.3000030517578,114.22235870361328,184501
2020-02-10,129.3000030517578,130.5,127.51875305175781,128.3249969482422,113.3610610961914,101847
2020-02-11,128.3249969482422,130.46249389648438,124.70625305175781,125.69999694824219,111.04215240478516,391818
2020-02-12,125.32499694824219,128.625,124.89375305175781,128.30624389648438,113.344482421875,296517
2020-02-13,128.625,128.6999969482422,126.1875,126.39375305175781,111.65501403808594,99757
2020-02-14,125.625,127.8375015258789,125.625,125.98124694824219,111.29060363769531,125573
2020-02-17,126.0,128.86874389648438,125.1187515258789,126.84375,112.05253601074219,279418
2020-02-18,126.0,127.7437515258789,124.5374984741211,126.30000305175781,111.57220458984375,275242
2020-02-19,127.85624694824219,128.1750030517578,124.3499984741211,125.1187515258789,110.52869415283203,214853
2020-02-20,124.78125,128.625,121.875,127.29374694824219,112.45005798339844,348509
2020-02-24,126.75,128.625,124.3125,125.98124694824219,111.29060363769531,203626
2020-02-25,127.5,128.25,125.3812484741211,126.09375,111.38999938964844,218303
2020-02-26,126.0,131.21249389648438,123.7874984741211,128.6062469482422,113.60951232910156,1200807
2020-02-27,130.08749389648438,133.1062469482422,127.5562515258789,129.24374389648438,114.17266082763672,327706
2020-02-28,128.625,128.625,123.9749984741211,125.60624694824219,110.95933532714844,375013
2020-03-02,126.2437515258789,128.71875,123.75,125.0250015258789,110.44586944580078,327069
2020-03-03,125.7750015258789,128.4375,125.7750015258789,127.98750305175781,113.06291198730469,516519
2020-03-04,128.625,128.625,125.625,126.58125305175781,111.82064056396484,319674
2020-03-05,128.625,128.625,125.625,127.38749694824219,112.53287506103516,312415
2020-03-06,121.875,122.8125,116.25,122.5687484741211,113.10383605957031,282578
2020-03-09,119.4000015258789,120.0,110.64375305175781,116.6812515258789,107.6709976196289,353402
2020-03-11,116.8125,117.0,109.3125,110.41874694824219,101.89207458496094,521085
2020-03-12,105.375,106.875,93.46875,98.1937484741211,90.61111450195312,530991
2020-03-13,86.625,101.60624694824219,78.5625,93.1875,85.99144744873047,435143
2020-03-16,90.0,95.60624694824219,84.75,85.66874694824219,79.05329895019531,439805
2020-03-17,87.75,89.26875305175781,83.55000305175781,84.11250305175781,77.61723327636719,327261
2020-03-18,84.375,86.51249694824219,75.375,76.57499694824219,70.66178131103516,466877
2020-03-19,74.98124694824219,75.0,69.01875305175781,70.1812515258789,64.76177215576172,526018
2020-03-20,70.1624984741211,74.13749694824219,65.625,68.15625,62.89314651489258,689813
2020-03-23,66.9937515258789,66.9937515258789,61.349998474121094,61.349998474121094,56.612483978271484,222266
2020-03-24,55.21875,60.01874923706055,55.21875,59.287498474121094,54.709251403808594,1388207
2020-03-25,59.64374923706055,65.2125015258789,59.64374923706055,64.96875,59.951786041259766,327282
2020-03-26,68.15625,71.45625305175781,63.01874923706055,66.1312484741211,61.02451705932617,440485
2020-03-27,70.42500305175781,70.5,63.75,64.59375,59.605743408203125,287677
2020-03-30,61.875,63.75,60.01874923706055,61.04999923706055,56.33564758300781,326810
2020-03-31,60.037498474121094,63.73125076293945,60.037498474121094,61.57500076293945,56.820106506347656,750311
2020-04-01,63.712501525878906,67.03125,61.125,62.92499923706055,58.06585693359375,936279
2020-04-03,65.625,65.625,60.0,61.03125,56.31835174560547,290181
2020-04-07,60.037498474121094,65.2125015258789,60.037498474121094,64.38749694824219,59.41542053222656,233399
2020-04-08,65.25,68.71875,64.1812515258789,65.17500305175781,60.14210891723633,267669
2020-04-09,67.42500305175781,70.6875,66.44999694824219,67.33125305175781,62.13185119628906,529751
2020-04-13,70.48124694824219,70.48124694824219,66.20625305175781,66.65625,61.508975982666016,315535
2020-04-15,68.3812484741211,70.10624694824219,64.9124984741211,66.30000305175781,61.180240631103516,586749
2020-04-16,65.51249694824219,67.48124694824219,64.875,66.35624694824219,61.23214340209961,487394
2020-04-17,69.375,69.375,66.375,67.89375305175781,62.65092086791992,417757
2020-04-20,69.7125015258789,77.17500305175781,68.25,73.7249984741211,68.03186798095703,1996173
2020-04-21,72.67500305175781,72.67500305175781,69.1875,70.70625305175781,65.24622344970703,651759
2020-04-22,68.6624984741211,73.125,66.76875305175781,71.5875015258789,66.05943298339844,1117829
2020-04-23,71.25,77.7562484741211,69.75,77.25,71.28466033935547,2120399
2020-04-24,77.25,87.86250305175781,76.125,84.5625,78.03248596191406,2950621
2020-04-27,85.8375015258789,86.13749694824219,78.9749984741211,81.44999694824219,75.16033172607422,826173
2020-04-28,81.75,84.67500305175781,79.5,82.29374694824219,75.93892669677734,1067421
2020-04-29,82.3125,83.6812515258789,80.45625305175781,81.0562515258789,74.79698181152344,476287
2020-04-30,82.2750015258789,82.875,78.9375,79.42500305175781,73.29170227050781,734890
2020-05-04,78.67500305175781,78.7125015258789,75.86250305175781,76.5374984741211,70.62718963623047,419181
2020-05-05,81.0,81.11250305175781,76.23750305175781,76.38749694824219,70.48876953125,498279
2020-05-06,75.48750305175781,82.5,74.2874984741211,79.14375305175781,73.03218078613281,1494058
2020-05-07,79.59375,83.8687515258789,79.3499984741211,81.30000305175781,75.02192687988281,1284514
2020-05-08,81.75,82.875,78.20625305175781,78.84375,72.75534057617188,520415
2020-05-11,79.76249694824219,80.55000305175781,76.9124984741211,77.83125305175781,71.82102966308594,725194
2020-05-12,74.5875015258789,76.4625015258789,73.38749694824219,74.04374694824219,68.32600402832031,1030202
2020-05-13,76.5,76.5,73.875,74.34375,68.60283660888672,647746
2020-05-14,74.8687515258789,74.8687515258789,71.2874984741211,71.69999694824219,66.16323852539062,591583
2020-05-15,72.30000305175781,73.0687484741211,69.375,69.5625,64.19080352783203,676885
2020-05-18,70.48124694824219,71.98124694824219,69.375,70.6875,65.22893524169922,554631
2020-05-19,70.9312515258789,76.4625015258789,70.6875,74.90625,69.12191009521484,2401962
2020-05-20,75.20625305175781,77.4937515258789,73.78125,74.4937515258789,68.74125671386719,829895
2020-05-21,74.2125015258789,78.1500015258789,73.3687515258789,75.26249694824219,69.45065307617188,1349191
2020-05-22,75.26249694824219,76.8375015258789,73.57499694824219,74.0999984741211,68.37791442871094,581085
2020-05-26,74.60624694824219,75.5250015258789,72.75,73.14375305175781,67.49551391601562,390269
2020-05-27,73.66874694824219,74.4375,73.33125305175781,73.76249694824219,68.06647491455078,269741
2020-05-28,74.25,78.0,73.89375305175781,77.26875305175781,71.3019790649414,768485
2020-05-29,77.04374694824219,82.4625015258789,75.2249984741211,76.0875015258789,70.2119369506836,2423866
2020-06-01,76.42500305175781,79.125,76.125,76.89375305175781,70.9559326171875,1148386
2020-06-02,77.25,80.1937484741211,76.89375305175781,78.75,72.66883850097656,1192005
2020-06-03,79.42500305175781,81.09375,78.58125305175781,79.38749694824219,73.2571029663086,802295
2020-06-04,80.1187515258789,83.32499694824219,79.6875,82.38749694824219,76.02542877197266,1895778
2020-06-05,82.76249694824219,84.65625,82.5,83.4937515258789,77.04625701904297,1277583
2020-06-08,84.30000305175781,85.6875,82.5374984741211,83.69999694824219,77.2365951538086,1250303
2020-06-09,83.98124694824219,86.45625305175781,82.42500305175781,82.9312515258789,76.5271987915039,1381538
2020-06-10,83.625,87.0,82.9124984741211,85.4437484741211,78.8456802368164,1310085
2020-06-11,86.04374694824219,87.5625,84.9375,85.61250305175781,79.00141906738281,968143
2020-06-12,82.5374984741211,84.0562515258789,80.6624984741211,83.55000305175781,77.09817504882812,595455
2020-06-15,84.1875,84.375,80.0062484741211,81.75,75.43717193603516,592165
2020-06-16,82.5374984741211,90.75,81.44999694824219,86.36250305175781,79.69349670410156,3349431
2020-06-17,86.25,88.6312484741211,84.75,86.5875015258789,79.90111541748047,1665119
2020-06-18,87.01875305175781,87.30000305175781,84.11250305175781,84.9000015258789,78.34392547607422,2178973
2020-06-19,85.6500015258789,86.92500305175781,84.375,84.75,78.20550537109375,2466605
2020-06-22,84.76875305175781,85.8187484741211,83.6812515258789,84.8062515258789,78.2574234008789,505242
2020-06-23,84.375,86.25,84.11250305175781,84.67500305175781,78.13629913330078,675421
2020-06-24,84.84375,85.29374694824219,81.8062515258789,82.48124694824219,76.11194610595703,926586
2020-06-25,81.9375,83.5875015258789,81.44999694824219,82.40625,76.04273986816406,639143
2020-06-26,82.78125,88.5,82.14375305175781,84.9937515258789,78.43043518066406,3541573
2020-06-29,85.42500305175781,88.19999694824219,84.39375305175781,87.48750305175781,80.73160552978516,2209010
2020-06-30,87.8812484741211,93.26249694824219,87.0,89.4749984741211,82.56564331054688,5566047
2020-07-01,89.625,90.73124694824219,87.76875305175781,89.4375,82.53103637695312,934450
2020-07-02,89.625,93.1312484741211,88.01249694824219,88.80000305175781,81.9427719116211,1896239
2020-07-03,88.4625015258789,91.01249694824219,88.4625015258789,89.34375,82.44451904296875,573298
2020-07-06,90.0,91.61250305175781,88.89375305175781,90.0562515258789,83.10201263427734,890530
2020-07-07,90.63749694824219,91.42500305175781,88.33125305175781,89.3062515258789,82.40992736816406,690191
2020-07-08,89.7562484741211,89.7562484741211,85.5,86.0999984741211,79.45125579833984,634693
2020-07-09,86.26875305175781,88.9312515258789,86.26875305175781,88.3687515258789,81.54481506347656,662858
2020-07-10,88.48124694824219,89.8687515258789,87.20625305175781,87.46875,80.71430969238281,459402
2020-07-13,87.91874694824219,89.625,87.5999984741211,88.14375305175781,81.33719635009766,526927
2020-07-14,87.5250015258789,88.05000305175781,85.5,85.8375015258789,79.20903778076172,379863
2020-07-15,85.89375305175781,90.6187515258789,85.89375305175781,87.91874694824219,81.12955474853516,1398413
2020-07-16,90.2249984741211,94.5,89.25,91.3687515258789,84.31314849853516,4063466
2020-07-17,91.875,92.32499694824219,90.0,90.3375015258789,83.36152648925781,763519
2020-07-20,90.375,92.41874694824219,90.375,91.0875015258789,84.05361938476562,1074845
2020-07-21,93.16874694824219,93.16874694824219,90.5250015258789,90.91874694824219,83.89788818359375,629535
2020-07-22,91.3687515258789,91.3687515258789,89.25,89.5875015258789,82.6694564819336,335954
2020-07-23,89.8125,91.0687484741211,88.8187484741211,89.4000015258789,82.49642944335938,636101
2020-07-24,88.875,94.05000305175781,88.57499694824219,92.4000015258789,85.26476287841797,2612125
2020-07-27,92.79374694824219,92.79374694824219,89.69999694824219,90.0562515258789,83.10201263427734,779543
2020-07-28,90.5062484741211,93.75,90.375,93.1875,85.99144744873047,1687874
2020-07-29,94.03125,99.0,93.76875305175781,97.0875015258789,89.59029388427734,3466506
2020-07-30,99.375,101.92500305175781,98.08125305175781,98.8499984741211,91.21669006347656,2698301
2020-07-31,99.1500015258789,100.4625015258789,97.875,98.9625015258789,91.32051086425781,976653
2020-08-03,100.38749694824219,103.03125,99.0,100.9312515258789,93.1372299194336,1417879
2020-08-04,101.7750015258789,103.125,99.75,100.94999694824219,93.15452575683594,2045495
2020-08-05,101.45625305175781,108.9749984741211,100.59375,107.0625,98.79501342773438,3251338
2020-08-06,107.88749694824219,109.4625015258789,105.4312515258789,108.76875305175781,100.3695068359375,2473429
2020-08-07,109.40625,110.25,106.7249984741211,107.60624694824219,99.29676818847656,1719722
2020-08-10,109.4625015258789,109.4625015258789,107.25,108.95625305175781,100.54252624511719,1213855
2020-08-11,108.75,109.5,101.04374694824219,106.125,97.92991638183594,1630949
2020-08-12,105.0,112.125,104.8499984741211,111.3187484741211,102.72257995605469,2848295
2020-08-13,112.5,117.375,112.5,116.4937515258789,107.49796295166016,2194994
2020-08-14,117.65625,118.0875015258789,112.57499694824219,114.67500305175781,105.81967163085938,1464837
2020-08-17,117.26249694824219,117.26249694824219,114.76875305175781,116.04374694824219,107.08271026611328,634863
2020-08-18,117.1500015258789,118.2750015258789,115.5,117.3187484741211,108.25926208496094,657231
2020-08-19,117.3187484741211,118.2750015258789,116.71875,117.5999984741211,108.5187759399414,494493
2020-08-20,116.4375,120.375,116.4375,117.9375,108.83023834228516,726687
2020-08-21,118.23750305175781,119.1187515258789,116.625,117.2437515258789,108.19005584716797,523538
2020-08-24,118.125,124.125,116.625,121.96875,112.55017852783203,1904015
2020-08-25,123.28125,123.54374694824219,119.53125,120.09375,110.81997680664062,809093
2020-08-26,120.07499694824219,122.4375,119.3062515258789,120.48750305175781,111.18331909179688,758863
2020-08-27,121.0875015258789,122.3062515258789,120.375,120.7874984741211,111.46015167236328,741637
2020-08-28,121.70625305175781,122.45625305175781,118.125,119.2874984741211,110.07598114013672,421981
2020-08-31,120.35624694824219,120.75,108.75,114.2249984741211,105.40441131591797,847447
2020-09-01,114.39375305175781,117.9749984741211,112.94999694824219,115.3499984741211,106.44253540039062,475023
2020-09-02,115.80000305175781,116.08125305175781,113.3062515258789,114.76875305175781,105.90617370605469,365863
2020-09-03,114.75,119.9625015258789,114.75,118.9124984741211,109.72994232177734,573341
2020-09-04,117.75,118.10624694824219,114.8812484741211,117.0374984741211,107.9997329711914,378687
2020-09-07,117.0,117.73124694824219,114.16874694824219,115.05000305175781,106.16571807861328,226135
2020-09-08,115.05000305175781,120.91874694824219,115.05000305175781,119.4937515258789,110.26630401611328,1655501
2020-09-09,119.17500305175781,120.73124694824219,114.9375,115.6500015258789,106.71936798095703,747698
2020-09-10,116.7750015258789,119.41874694824219,116.60624694824219,118.59375,109.43580627441406,368541
2020-09-11,119.1937484741211,119.1937484741211,115.38749694824219,116.92500305175781,107.89591979980469,767599
2020-09-14,117.73124694824219,123.1875,117.73124694824219,121.6312484741211,112.2387466430664,1119879
2020-09-15,122.60624694824219,123.5250015258789,120.75,121.7249984741211,112.32524871826172,514557
2020-09-16,121.875,123.0,119.45625305175781,119.9625015258789,110.69886016845703,514045
2020-09-17,119.23124694824219,126.9375,118.2750015258789,126.2437515258789,116.49507141113281,4494367
2020-09-18,127.85624694824219,128.25,122.2125015258789,125.88749694824219,116.16632080078125,2217039
2020-09-21,126.75,129.75,120.375,123.67500305175781,114.12466430664062,2109293
2020-09-22,123.67500305175781,126.75,114.375,125.0625,115.40503692626953,1908429
2020-09-23,128.5124969482422,128.96249389648438,122.1187515258789,124.4437484741211,114.83406066894531,830658
2020-09-24,123.4124984741211,125.32499694824219,118.2562484741211,119.0250015258789,109.83374786376953,818453
2020-09-25,119.36250305175781,125.17500305175781,119.36250305175781,123.46875,113.9343490600586,789101
2020-09-28,123.8062515258789,124.5,120.0,120.6937484741211,111.37364959716797,837279
2020-09-29,120.75,123.30000305175781,118.125,118.48124694824219,109.33198547363281,1132533
2020-09-30,118.875,119.4375,117.0374984741211,117.8062515258789,108.70912170410156,674309
2020-10-01,119.17500305175781,119.25,116.32499694824219,116.64375305175781,107.63638305664062,761282
2020-10-05,117.75,119.4375,117.75,118.48124694824219,109.33198547363281,1157210
2020-10-06,119.41874694824219,120.86250305175781,118.125,118.8187484741211,109.6434326171875,932402
2020-10-07,119.625,121.5,118.66874694824219,119.4937515258789,110.26630401611328,974173
2020-10-08,121.14375305175781,126.73124694824219,120.76875305175781,121.6875,112.2906494140625,2590698
2020-10-09,122.25,123.35624694824219,120.48750305175781,122.8125,113.32878112792969,1203746
2020-10-12,124.5,127.57499694824219,124.14375305175781,125.32499694824219,115.64725494384766,1222575
2020-10-13,125.625,135.1875,123.9937515258789,133.875,123.53702545166016,6698575
2020-10-14,135.375,136.5,132.03750610351562,133.9875030517578,123.64082336425781,3077413
2020-10-15,133.9875030517578,134.77499389648438,126.1875,127.7437515258789,117.87923431396484,964655
2020-10-16,128.625,135.0,127.51875305175781,134.28750610351562,123.91766357421875,1495141
2020-10-19,135.0,135.1875,131.90625,134.6999969482422,124.29830932617188,1393581
2020-10-20,133.875,134.53125,130.125,131.0437469482422,120.92438507080078,742162
2020-10-21,131.8312530517578,133.2375030517578,126.1875,129.13125610351562,119.15959167480469,784466
2020-10-22,128.77499389648438,136.81875610351562,128.38125610351562,135.3562469482422,124.90386199951172,3404917
2020-10-23,135.75,142.0124969482422,135.75,138.43124389648438,127.74141693115234,3424786
2020-10-26,139.4250030517578,139.6875,131.47500610351562,132.97500610351562,122.7065200805664,1025538
2020-10-27,133.18124389648438,134.58749389648438,129.50625610351562,130.1437530517578,120.0938949584961,791898
2020-10-28,130.8000030517578,133.3874969482422,129.46875,130.53750610351562,120.4572525024414,503466
2020-10-29,129.41250610351562,129.41250610351562,121.19999694824219,122.5875015258789,113.12116241455078,1436365
2020-10-30,121.85624694824219,124.875,118.125,118.85624694824219,109.67802429199219,1103125
2020-11-02,118.875,121.6875,112.40625,119.4937515258789,110.26630401611328,1441042
2020-11-03,117.39375305175781,124.5,117.39375305175781,120.1875,110.90647888183594,1201770
2020-11-04,120.1500015258789,123.7125015258789,119.34375,123.28125,113.76132202148438,797447
2020-11-05,124.8375015258789,129.0,123.2437515258789,127.33125305175781,117.49858856201172,901269
2020-11-06,128.39999389648438,129.1687469482422,123.0,124.3499984741211,114.74754333496094,744773
2020-11-09,123.1875,127.125,123.1875,125.41874694824219,115.7337646484375,594221
2020-11-10,126.3375015258789,126.7125015258789,121.66874694824219,123.2437515258789,113.72672271728516,520399
2020-11-11,124.0875015258789,126.1875,123.5250015258789,125.55000305175781,115.85488891601562,508175
2020-11-12,125.5687484741211,128.21249389648438,124.33125305175781,127.40625,117.56778717041016,416618
2020-11-13,126.91874694824219,131.9250030517578,126.20625305175781,129.9375,119.90357208251953,1251695
2020-11-14,130.875,131.25,129.0,130.3312530517578,120.26692199707031,141975
2020-11-17,132.0187530517578,132.375,129.0,129.52499389648438,119.5229263305664,584346
2020-11-18,128.2687530517578,129.1687469482422,125.7750015258789,126.82499694824219,118.40262603759766,625746
2020-11-19,126.73124694824219,130.6687469482422,126.375,127.6500015258789,119.17284393310547,566543
2020-11-20,128.19375610351562,130.35000610351562,127.66874694824219,129.50625610351562,120.90582275390625,677253
2020-11-23,126.4312515258789,129.8249969482422,125.625,126.9937515258789,118.56016540527344,853418
2020-11-24,127.125,133.08749389648438,127.125,131.6437530517578,122.90135192871094,1519253
2020-11-25,132.60000610351562,132.60000610351562,127.5,127.9312515258789,119.4354019165039,770317
2020-11-26,128.75625610351562,128.8125,126.46875,127.5562515258789,119.08531188964844,422029
2020-11-27,127.9124984741211,131.25,125.88749694824219,128.0437469482422,119.54043579101562,3276247
2020-12-01,128.0625,130.03125,128.0625,129.3937530517578,120.80077362060547,439527
2020-12-02,128.7375030517578,130.875,128.7375030517578,129.09375,120.52070617675781,435301
2020-12-03,130.64999389648438,130.78125,128.625,129.52499389648438,120.92330932617188,743853
2020-12-04,129.0187530517578,130.5,127.5374984741211,128.94375610351562,120.38067626953125,543909
2020-12-07,128.4375,131.0625,128.4375,130.125,121.48347473144531,762869
2020-12-08,130.9875030517578,131.58749389648438,129.0,129.41250610351562,120.81829071044922,498071
2020-12-09,130.64999389648438,133.5,128.6437530517578,132.6750030517578,123.86412048339844,3101701
2020-12-10,133.125,133.125,128.625,131.47500610351562,122.74381256103516,1126618
2020-12-11,132.1125030517578,135.33749389648438,132.1125030517578,133.1062469482422,124.2667465209961,3306114
2020-12-14,133.5,134.5124969482422,131.0625,131.75625610351562,123.00640869140625,1669447
2020-12-15,132.75,133.96875,131.02499389648438,132.69375610351562,123.88162994384766,1386287
2020-12-16,133.46249389648438,134.0625,132.03750610351562,132.60000610351562,123.79411315917969,406173
2020-12-17,133.125,138.28125,132.1875,137.39999389648438,128.27532958984375,2591567
2020-12-18,138.71249389648438,139.81875610351562,134.3249969482422,137.96249389648438,128.80047607421875,1390357
2020-12-21,137.625,140.1374969482422,129.9562530517578,131.10000610351562,122.39371490478516,1160802
2020-12-22,127.5,138.75,127.5,137.0812530517578,127.9777603149414,1608999
2020-12-23,138.375,144.0,137.66250610351562,141.41250610351562,132.0213623046875,1741493
2020-12-24,143.1750030517578,148.55624389648438,141.41250610351562,146.00625610351562,136.31005859375,3205245
2020-12-28,147.75,152.00625610351562,147.0749969482422,149.0625,139.16336059570312,3058341
2020-12-29,149.8125,150.89999389648438,144.9187469482422,146.11874389648438,136.4150848388672,961874
2020-12-30,145.53750610351562,150.375,145.53750610351562,149.2687530517578,139.3558807373047,1287487
2020-12-31,150.0,151.08749389648438,147.1125030517578,147.9562530517578,138.13055419921875,478359
2021-01-01,148.6875,150.0,146.25,147.4875030517578,137.69293212890625,390277
2021-01-04,148.4250030517578,150.375,146.3249969482422,147.99374389648438,138.16555786132812,568306
2021-01-05,147.7312469482422,154.5,146.6437530517578,152.58749389648438,142.45423889160156,1935258
2021-01-06,153.75,154.53750610351562,145.5,150.2062530517578,140.23114013671875,848810
2021-01-07,151.7062530517578,155.6062469482422,151.125,152.75625610351562,142.61180114746094,1570407
2021-01-08,153.99374389648438,162.0,153.375,161.10000610351562,150.4014434814453,3119639
2021-01-11,162.75,163.125,155.86874389648438,159.8625030517578,149.24612426757812,1288234
2021-01-12,159.88125610351562,163.125,158.3625030517578,159.0,148.44090270996094,431826
2021-01-13,159.78750610351562,161.02499389648438,154.125,155.71875,145.3775634765625,533365
2021-01-14,156.375,156.75,152.625,153.03750610351562,142.87435913085938,484535
2021-01-15,151.18124389648438,153.99374389648438,148.1437530517578,150.14999389648438,140.17860412597656,778997
2021-01-18,150.0,150.13125610351562,146.3249969482422,147.22500610351562,137.44789123535156,461277
2021-01-19,149.21249389648438,153.0,148.96875,150.69375610351562,140.686279296875,282674
2021-01-20,150.375,152.96249389648438,148.35000610351562,149.85000610351562,139.89854431152344,344074
2021-01-21,151.03125,157.44375610351562,150.1875,156.5625,146.16526794433594,1323773
2021-01-22,157.44375610351562,160.875,154.53750610351562,154.81875610351562,144.53732299804688,1097914
2021-01-25,154.875,156.69375610351562,150.41250610351562,151.5187530517578,141.45648193359375,544946
2021-01-27,150.46875,155.58749389648438,150.03750610351562,154.3125,144.064697265625,575485
2021-01-28,151.875,153.6750030517578,148.3312530517578,149.25,139.33839416503906,309602
2021-01-29,150.75,152.0625,142.9499969482422,144.75,135.13722229003906,329909
2021-02-01,141.375,145.5187530517578,133.3312530517578,138.7312469482422,129.5181884765625,2109879
2021-02-02,140.21249389648438,146.21249389648438,138.0,138.60000610351562,129.3956298828125,923149
2021-02-03,139.8562469482422,145.5,138.80624389648438,144.22500610351562,134.64710998535156,538805
2021-02-04,145.875,153.0,145.125,150.8625030517578,140.8437957763672,1412773
2021-02-05,150.375,155.39999389648438,141.03750610351562,152.28750610351562,142.17417907714844,1067906
2021-02-08,152.58749389648438,156.89999389648438,151.875,156.50625610351562,146.11276245117188,796893
2021-02-09,156.50625610351562,157.8000030517578,151.5,152.53125,142.4017333984375,933583
2021-02-10,152.625,153.3562469482422,149.8125,150.50625610351562,140.51121520996094,816282
2021-02-11,151.2937469482422,152.0625,150.05624389648438,151.125,141.0888671875,296666
2021-02-12,151.875,154.125,149.25,150.1687469482422,140.19610595703125,550949
2021-02-15,150.375,151.6687469482422,146.4375,147.14999389648438,137.3778533935547,478247
2021-02-16,148.9875030517578,150.375,147.43124389648438,147.99374389648438,138.16555786132812,373842
2021-02-17,147.3562469482422,148.8937530517578,144.75,145.3125,135.66236877441406,1561618
2021-02-18,146.38125610351562,152.90625,145.64999389648438,148.5749969482422,138.7082061767578,894509
2021-02-19,146.625,151.8000030517578,146.625,150.1125030517578,140.1436309814453,610319
2021-02-22,151.81875610351562,179.625,150.375,174.84375,163.23245239257812,16999973
2021-02-23,182.28750610351562,197.9250030517578,174.84375,181.59375,169.53421020507812,29796791
2021-02-24,181.91250610351562,182.21249389648438,172.5,177.22500610351562,165.45559692382812,2206533
2021-02-25,176.625,187.4812469482422,175.5,184.3125,172.07241821289062,3536287
2021-02-26,181.91250610351562,181.93124389648438,177.1875,179.25,167.3461151123047,1361021
2021-03-01,181.875,185.02499389648438,174.5812530517578,178.5187530517578,166.66343688964844,943397
2021-03-02,181.1062469482422,187.27499389648438,181.1062469482422,183.33749389648438,171.16213989257812,1380301
2021-03-03,185.8874969482422,190.44375610351562,180.89999389648438,182.11874389648438,170.0243377685547,2384114
2021-03-04,180.9562530517578,188.1374969482422,180.03750610351562,184.40625,172.15994262695312,811274
2021-03-05,181.96875,185.0625,178.96875,180.13125610351562,168.16883850097656,545466
2021-03-08,180.78750610351562,183.71249389648438,178.125,179.25,167.3461151123047,689781
2021-03-09,181.3125,187.875,179.25,182.8125,170.67202758789062,2106061
2021-03-10,184.63125610351562,186.71249389648438,181.875,182.8125,170.67202758789062,1063730
2021-03-12,183.0,189.75,183.0,188.8125,176.27357482910156,1834909
2021-03-15,188.8125,191.9812469482422,183.8625030517578,188.15625,175.66087341308594,1211125
2021-03-16,189.41250610351562,202.125,189.31875610351562,196.44375610351562,183.39801025390625,4378093
2021-03-17,196.875,197.11874389648438,187.875,190.3312530517578,177.69146728515625,1125871
2021-03-18,190.125,190.125,178.125,181.5,169.44667053222656,1035007
2021-03-19,181.2937469482422,181.875,169.72500610351562,176.47500610351562,164.75538635253906,5132373
2021-03-22,173.9812469482422,178.4812469482422,171.75,176.9250030517578,165.17550659179688,699751
2021-03-23,177.375,184.3874969482422,177.375,179.9812469482422,168.02879333496094,631269
2021-03-24,179.7937469482422,190.125,177.46875,180.65625,168.6589813232422,1355149
2021-03-25,181.875,188.66250610351562,178.0500030517578,183.05624389648438,170.8995819091797,2290869
2021-03-26,184.93124389648438,189.375,181.875,183.9562530517578,171.7398223876953,1037082
2021-03-30,186.75,192.31875610351562,183.3000030517578,189.69375610351562,177.09629821777344,1797871
2021-03-31,190.3125,194.56875610351562,187.93124389648438,190.9499969482422,178.26910400390625,786042
2021-04-01,192.4875030517578,198.33749389648438,192.2062530517578,197.1374969482422,184.0457000732422,1177279
2021-04-05,196.3312530517578,201.69375610351562,192.5625,195.84375,182.83787536621094,1209967
2021-04-06,197.39999389648438,207.9375,196.96875,204.4875030517578,190.90760803222656,2290871
2021-04-07,204.4875030517578,217.0124969482422,201.0,213.9187469482422,199.71250915527344,2408109
2021-04-08,215.6437530517578,226.36874389648438,214.5187530517578,222.61874389648438,207.83474731445312,2035725
2021-04-09,224.39999389648438,227.7937469482422,219.0,221.4375,206.73194885253906,1187615
2021-04-12,219.22500610351562,219.3562469482422,210.84375,214.875,200.6052703857422,1030674
2021-04-13,217.08749389648438,237.75,214.875,231.1125030517578,215.76443481445312,1138498
2021-04-15,232.3874969482422,232.3874969482422,219.9375,222.52499389648438,207.74722290039062,2015837
2021-04-16,223.83749389648438,225.71249389648438,217.96875,220.0124969482422,205.40159606933594,550045
2021-04-19,217.46249389648438,226.8000030517578,210.78750610351562,220.1062469482422,205.48910522460938,477301
2021-04-20,221.58749389648438,225.3937530517578,215.625,217.55624389648438,203.10845947265625,245015
2021-04-22,220.46249389648438,220.46249389648438,213.0,216.8625030517578,202.46078491210938,285730
2021-04-23,217.5749969482422,220.875,211.16250610351562,214.81875610351562,200.55274963378906,152119
2021-04-26,215.58749389648438,225.0,210.0,210.97500610351562,196.96426391601562,234674
2021-04-27,211.83749389648438,214.83749389648438,206.25,210.05624389648438,196.1065216064453,726442
2021-04-28,212.25,219.1687469482422,210.78750610351562,216.99374389648438,202.58331298828125,824778
2021-04-29,218.21249389648438,220.46249389648438,212.2687530517578,213.43124389648438,199.2574005126953,237354
2021-04-30,213.375,218.25,213.375,214.83749389648438,200.57025146484375,125338
2021-05-03,214.5,215.39999389648438,211.875,213.4499969482422,199.27488708496094,156234
2021-05-04,213.1687469482422,222.3000030517578,212.66250610351562,216.52499389648438,202.14569091796875,344525
2021-05-05,217.46249389648438,219.8625030517578,215.625,216.4875030517578,202.11068725585938,130503
2021-05-06,217.83749389648438,226.875,216.03750610351562,223.1437530517578,208.3249053955078,859042
2021-05-07,223.1437530517578,230.2312469482422,222.5625,224.00625610351562,209.130126953125,416071
2021-05-10,225.0,226.08749389648438,221.25,222.05624389648438,207.3096160888672,204543
2021-05-11,218.8125,225.71249389648438,217.875,221.4375,206.73194885253906,345911
2021-05-12,222.75,223.06875610351562,219.0,219.84375,205.24404907226562,245253
2021-05-14,223.125,229.78125,212.6437530517578,218.0812530517578,203.5985870361328,718607
2021-05-17,220.83749389648438,220.83749389648438,214.125,215.11874389648438,200.83282470703125,374663
2021-05-18,217.83749389648438,222.75,215.625,217.16250610351562,202.7408447265625,311991
2021-05-19,217.81875610351562,223.125,217.125,221.71875,206.99453735351562,312575
2021-05-20,223.4812469482422,228.2624969482422,222.1687469482422,224.8125,209.88282775878906,480165
2021-05-21,226.5,226.875,218.25,218.9812469482422,204.43881225585938,305085
2021-05-24,221.25,225.6374969482422,218.2312469482422,220.55624389648438,205.90924072265625,342335
2021-05-25,223.125,223.875,219.80624389648438,220.1999969482422,205.57662963867188,180250
2021-05-26,221.1374969482422,247.4250030517578,220.8562469482422,241.7062530517578,225.65467834472656,4838162
2021-05-27,246.375,260.625,240.375,258.7124938964844,241.5315704345703,4333370
2021-05-28,261.01873779296875,262.125,248.3625030517578,252.4499969482422,235.68492126464844,2088066
2021-05-31,256.125,256.59375,244.4250030517578,252.2062530517578,235.45736694335938,684066
2021-06-01,254.625,254.625,245.625,247.64999389648438,231.20367431640625,335735
2021-06-02,246.0,254.625,245.2312469482422,253.4250030517578,236.59519958496094,411829
2021-06-03,255.75,258.29998779296875,251.58749389648438,255.46875,238.50320434570312,300434
2021-06-04,259.125,275.36248779296875,256.51873779296875,273.9937438964844,255.7979278564453,2030647
2021-06-07,275.625,277.0687561035156,260.4750061035156,271.4624938964844,253.434814453125,789722
2021-06-08,273.6000061035156,279.39373779296875,270.4312438964844,276.3187561035156,257.9685363769531,1259666
2021-06-09,280.125,281.25,265.1812438964844,270.84375,252.85719299316406,982042
2021-06-10,272.60626220703125,275.9624938964844,263.34375,268.5562438964844,250.72157287597656,315629
2021-06-11,270.3374938964844,276.375,268.2749938964844,272.4375,254.3450469970703,314087
2021-06-14,272.4375,275.2124938964844,264.375,271.29376220703125,253.27728271484375,263018
2021-06-15,271.29376220703125,272.25,266.7749938964844,268.59375,250.756591796875,188578
2021-06-16,268.125,274.875,267.2250061035156,269.3999938964844,251.50930786132812,377850
2021-06-17,269.625,271.875,265.29376220703125,266.6625061035156,248.95362854003906,359941
2021-06-18,271.4624938964844,276.3374938964844,252.5625,272.04376220703125,253.9774932861328,1819757
2021-06-21,271.0874938964844,280.5,266.25,273.1499938964844,255.01026916503906,1320010
2021-06-22,275.25,279.0,273.75,275.1000061035156,256.8307189941406,291933
2021-06-23,275.625,276.95623779296875,265.59375,267.82501220703125,250.03892517089844,248866
2021-06-24,269.92498779296875,272.98126220703125,264.0,267.82501220703125,250.03892517089844,234909
2021-06-25,268.5,271.5,265.5375061035156,267.2437438964844,249.49623107910156,476351
2021-06-28,268.875,269.9624938964844,266.25,266.8687438964844,249.1461181640625,188895
2021-06-29,268.85626220703125,285.0,266.64373779296875,282.9750061035156,264.18280029296875,1179333
2021-06-30,287.5874938964844,288.35626220703125,278.1000061035156,280.04998779296875,261.4520568847656,1517218
2021-07-01,282.0,286.76251220703125,278.26873779296875,283.1812438964844,264.3753356933594,287901
2021-07-02,283.125,288.01873779296875,278.71875,282.5249938964844,263.76263427734375,469802
2021-07-05,284.625,285.54376220703125,277.5,279.54376220703125,260.9794006347656,213138
2021-07-06,279.75,286.125,275.625,276.0375061035156,257.70599365234375,323125
2021-07-07,276.0375061035156,279.39373779296875,273.75,275.92498779296875,257.6009521484375,145578
2021-07-08,276.375,290.625,276.375,284.4937438964844,265.6007080078125,893045
2021-07-09,286.5,286.7437438964844,279.75,282.6187438964844,263.8501892089844,243567
2021-07-12,285.0,288.91876220703125,280.5375061035156,283.125,264.3227844238281,532250
2021-07-13,285.0,288.375,282.0,287.0625,267.99884033203125,478658
2021-07-14,288.2250061035156,294.75,285.4312438964844,287.8125,268.69903564453125,1639229
2021-07-15,288.75,305.04376220703125,287.26873779296875,294.45001220703125,274.8957824707031,2539482
2021-07-16,297.39373779296875,300.0,292.7250061035156,293.26873779296875,273.79290771484375,400383
2021-07-19,293.25,298.125,289.14373779296875,296.6812438964844,276.97882080078125,368837
2021-07-20,296.2124938964844,296.2124938964844,285.0,288.0375061035156,268.90911865234375,490605
2021-07-22,292.5,301.5,291.375,295.33123779296875,275.71844482421875,475826
2021-07-23,298.125,298.125,292.5,293.41876220703125,273.9330139160156,286802
2021-07-26,294.375,295.76251220703125,287.8500061035156,290.4937438964844,271.2021789550781,288757
2021-07-27,290.5874938964844,295.61248779296875,285.5625,286.3687438964844,267.3511657714844,268831
2021-07-28,286.48126220703125,288.75,280.5375061035156,283.9125061035156,265.05804443359375,367418
2021-07-29,286.1625061035156,291.5249938964844,285.75,288.63751220703125,269.46929931640625,743997
2021-07-30,292.0687561035156,294.67498779296875,281.71875,289.6499938964844,270.4145202636719,541335
2021-08-02,298.125,299.625,292.5,295.6875,276.05108642578125,435125
2021-08-03,298.3125,299.625,292.5,294.16876220703125,274.6331787109375,409090
2021-08-04,297.375,308.2124938964844,295.59375,303.1312561035156,283.0004577636719,2113882
2021-08-05,315.46875,331.6499938964844,300.7124938964844,305.15625,284.8910217285156,9028629
2021-08-06,303.95623779296875,318.9375,300.4125061035156,315.84375,298.53741455078125,2558975
2021-08-09,318.75,330.0,313.3687438964844,325.7437438964844,307.8949279785156,2606106
2021-08-10,328.10626220703125,330.35626220703125,311.625,320.4937438964844,302.9326171875,1466199
2021-08-11,318.75,321.6187438964844,301.9125061035156,312.3187561035156,295.20556640625,869127
2021-08-12,313.125,323.98126220703125,312.5062561035156,316.33123779296875,298.9981689453125,564245
2021-08-13,318.0,324.375,310.5375061035156,317.7749938964844,300.3628234863281,754893
2021-08-16,317.4937438964844,320.625,312.8062438964844,316.8187561035156,299.458984375,366213
2021-08-17,316.8187561035156,336.5249938964844,315.8999938964844,333.86248779296875,315.56884765625,3077557
2021-08-18,336.75,338.25,323.1000061035156,325.51873779296875,307.6822509765625,1482170
2021-08-20,326.25,329.73748779296875,312.0375061035156,317.3812561035156,299.99066162109375,878290
2021-08-23,321.375,328.51873779296875,315.01873779296875,321.26251220703125,303.65924072265625,690093
2021-08-24,322.8374938964844,332.2124938964844,322.8374938964844,329.3999938964844,311.3508605957031,990541
2021-08-25,331.8187561035156,340.79998779296875,326.2124938964844,329.34375,311.29766845703125,1197151
2021-08-26,331.70623779296875,331.70623779296875,299.70001220703125,326.23126220703125,308.3557434082031,630813
2021-08-27,300.58123779296875,327.375,300.58123779296875,321.9375,304.2972717285156,1783197
2021-08-30,325.40625,327.8062438964844,314.5874938964844,317.6812438964844,300.2742614746094,828533
2021-08-31,320.45623779296875,321.375,311.25,312.9937438964844,295.84356689453125,584029
2021-09-01,316.125,319.5,311.6625061035156,312.76873779296875,295.6308898925781,527389
2021-09-02,315.1499938964844,317.15625,310.6312561035156,314.2875061035156,297.0664367675781,427135
2021-09-03,315.82501220703125,322.8374938964844,314.5874938964844,320.9437561035156,303.35797119140625,841869
2021-09-06,322.875,326.26873779296875,318.75,320.13751220703125,302.5958557128906,1184533
2021-09-07,320.625,320.625,316.1625061035156,317.60626220703125,300.2033386230469,357722
2021-09-08,316.875,320.71875,313.5375061035156,316.4624938964844,299.1222839355469,318767
2021-09-09,315.3374938964844,320.90625,315.3374938964844,320.60626220703125,303.0389709472656,764287
2021-09-13,321.7124938964844,321.75,317.71875,320.5874938964844,303.021240234375,539591
2021-09-14,320.625,321.0,315.75,318.5062561035156,301.0540466308594,477469
2021-09-15,320.2124938964844,330.0,318.0,319.85626220703125,302.33001708984375,1452794
2021-09-16,320.71875,324.375,319.20001220703125,323.1937561035156,305.48468017578125,1704010
2021-09-17,323.625,333.63751220703125,321.0,328.42498779296875,310.42926025390625,1605111
2021-09-20,328.40625,337.04998779296875,324.375,329.3999938964844,311.3508605957031,1298202
2021-09-21,329.25,333.75,322.89373779296875,326.36248779296875,308.4797668457031,649029
2021-09-22,327.29998779296875,354.375,325.66876220703125,348.7124938964844,329.60516357421875,3680202
2021-09-23,352.38751220703125,353.23126220703125,343.875,346.33123779296875,327.3543701171875,1124069
2021-09-24,348.75,360.0,348.75,352.1625061035156,332.8660888671875,1093042
2021-09-27,359.2124938964844,360.0,339.45001220703125,343.6312561035156,324.8023376464844,1168106
2021-09-28,345.9375,349.6312561035156,339.75,342.4312438964844,323.6680908203125,534367
2021-09-29,339.375,345.7124938964844,331.5,334.6875,316.3486633300781,592743
2021-09-30,336.6187438964844,336.6187438964844,319.125,328.04998779296875,310.0747985839844,914813
2021-10-01,328.0874938964844,333.75,326.2875061035156,331.96875,313.77886962890625,459626
2021-10-04,335.51251220703125,341.70001220703125,320.25,331.2749938964844,313.1231384277344,568287
2021-10-05,330.54376220703125,344.0625,329.54998779296875,342.7124938964844,323.9339294433594,634471
2021-10-06,343.8187561035156,347.25,340.98748779296875,342.45001220703125,323.6858215332031,379359
2021-10-07,344.17498779296875,346.5,341.25,343.5562438964844,324.7314147949219,287178
2021-10-08,346.875,350.60626220703125,342.3374938964844,345.375,326.4505310058594,406071
2021-10-11,348.75,351.65625,345.0,346.95001220703125,327.9392395019531,413514
2021-10-12,346.95001220703125,347.9624938964844,341.25,342.28125,323.5262756347656,209151
2021-10-13,343.125,346.01251220703125,341.625,344.3812561035156,325.5111999511719,192295
2021-10-14,347.92498779296875,355.79998779296875,346.875,350.4375,331.2356262207031,585330
2021-10-18,352.20001220703125,355.10626220703125,343.95001220703125,347.1000061035156,328.0810546875,447901
2021-10-19,348.84375,378.6000061035156,348.84375,360.45001220703125,340.69952392578125,3863658
2021-10-20,378.375,384.3374938964844,337.125,344.1187438964844,325.2630920410156,2838805
2021-10-21,352.5,353.2124938964844,302.25,310.61248779296875,293.5927734375,4443359
2021-10-22,316.23748779296875,316.23748779296875,290.8125,299.64373779296875,283.2250671386719,5092367
2021-10-25,293.88751220703125,302.70001220703125,291.75,296.5687561035156,280.318603515625,2736613
2021-10-26,295.875,312.75,292.57501220703125,307.98748779296875,291.11163330078125,1055597
2021-10-27,309.375,322.38751220703125,307.875,317.9437561035156,300.5223388671875,1306543
2021-10-28,319.875,320.0625,311.3062438964844,317.1000061035156,299.7248229980469,638927
2021-10-29,314.04376220703125,316.4624938964844,299.92498779296875,313.6499938964844,299.29541015625,810645
2021-11-01,317.2124938964844,329.13751220703125,312.76873779296875,321.5249938964844,306.8099670410156,951735
2021-11-02,321.0,328.125,319.14373779296875,324.7124938964844,309.85162353515625,748157
2021-11-03,325.98748779296875,326.25,322.5,324.28125,309.44012451171875,410621
2021-11-04,326.70001220703125,328.0687561035156,319.14373779296875,325.1625061035156,310.28106689453125,86314
2021-11-08,325.1625061035156,334.42498779296875,322.5,332.53125,317.3125305175781,660162
2021-11-09,334.9312438964844,335.2124938964844,326.2124938964844,327.5062561035156,312.5175476074219,430789
2021-11-10,328.125,328.125,318.7875061035156,319.76251220703125,305.1282043457031,374031
2021-11-11,320.625,329.9624938964844,319.40625,324.84375,309.97686767578125,526674
2021-11-12,325.1625061035156,326.23126220703125,322.5,323.53125,308.7244567871094,541850
2021-11-15,325.125,326.41876220703125,318.8812561035156,322.78125,308.0087890625,301381
2021-11-16,321.375,327.0,320.1937561035156,323.7749938964844,308.95703125,1831357
2021-11-17,316.59375,325.875,316.57501220703125,323.8125,308.9927978515625,1480701
2021-11-18,322.5,324.8999938964844,307.5,316.70623779296875,302.2117919921875,785983
2021-11-22,316.89373779296875,317.9624938964844,304.125,311.2875061035156,297.0410461425781,699797
2021-11-23,309.375,313.2562561035156,303.07501220703125,311.6625061035156,297.39886474609375,353997
2021-11-24,314.625,314.625,308.2875061035156,311.45623779296875,297.2020568847656,465141
2021-11-25,308.625,313.125,300.8999938964844,304.9125061035156,290.95782470703125,418383
2021-11-26,304.9125061035156,308.70001220703125,294.75,296.60626220703125,283.03173828125,417519
2021-11-29,281.8687438964844,297.5249938964844,275.64373779296875,294.6937561035156,281.20672607421875,604034
2021-11-30,291.07501220703125,352.4624938964844,291.07501220703125,342.84375,327.1530456542969,3226407
2021-12-01,334.5,339.375,313.14373779296875,315.46875,301.0309143066406,2055223
2021-12-02,317.0625,323.92498779296875,313.125,316.125,301.6571350097656,935253
2021-12-03,317.73748779296875,322.125,313.3125,314.5874938964844,300.19000244140625,638119
2021-12-06,315.0,316.23748779296875,305.625,308.2124938964844,294.1067810058594,266997
2021-12-07,310.3125,315.0,305.625,306.3374938964844,292.31756591796875,337613
2021-12-08,309.28125,312.75,308.51251220703125,311.04376220703125,296.8084716796875,206357
2021-12-09,313.125,318.75,309.01873779296875,312.3187561035156,298.0251159667969,778567
2021-12-10,313.89373779296875,316.33123779296875,309.75,311.17498779296875,296.9336853027344,224687
2021-12-13,312.7875061035156,314.25,308.71875,312.1875,297.8998718261719,528138
2021-12-14,312.375,320.60626220703125,310.5,314.92498779296875,300.5120849609375,1203175
2021-12-15,316.04998779296875,323.0062561035156,311.25,319.98748779296875,305.34283447265625,776493
2021-12-16,319.98748779296875,322.2749938964844,311.79376220703125,317.98126220703125,303.4284362792969,986271
2021-12-17,317.51251220703125,319.4437561035156,311.5874938964844,313.0874938964844,298.7586669921875,419703
2021-12-20,311.17498779296875,311.17498779296875,292.5,295.3125,281.7971496582031,659650
2021-12-21,297.9750061035156,308.6812438964844,295.59375,301.2749938964844,287.48675537109375,540919
2021-12-22,302.5874938964844,307.89373779296875,301.125,304.9312438964844,290.9756774902344,383818
2021-12-23,307.0874938964844,308.98126220703125,304.875,306.7124938964844,292.6754150390625,269226
2021-12-24,307.5,318.1875,306.7124938964844,315.375,300.94146728515625,1034975
2021-12-27,313.5,325.875,312.1875,323.4375,308.6349792480469,710919
2021-12-28,321.82501220703125,326.13751220703125,319.5,321.6187438964844,306.8995056152344,606829
2021-12-29,321.6187438964844,330.1312561035156,318.75,325.9125061035156,310.9967346191406,617514
2021-12-30,324.0375061035156,332.8125,323.83123779296875,326.5874938964844,311.6407775878906,382469
2021-12-31,326.625,330.73126220703125,326.45623779296875,328.42498779296875,313.39422607421875,255762
2022-01-03,331.04998779296875,331.4624938964844,322.9125061035156,324.9375,310.0663146972656,285754
2022-01-04,324.375,328.04998779296875,321.0375061035156,326.1187438964844,311.19354248046875,252410
2022-01-05,325.9125061035156,337.0874938964844,324.82501220703125,331.29376220703125,316.1316833496094,753021
2022-01-06,331.125,332.4937438964844,326.25,329.25,314.18145751953125,280519
2022-01-07,327.0375061035156,331.125,323.25,324.20623779296875,309.3685302734375,272375
2022-01-10,324.8062438964844,328.125,323.54998779296875,326.3062438964844,311.3724670410156,202607
2022-01-11,327.29998779296875,329.25,325.2749938964844,327.28125,312.3028259277344,164791
2022-01-12,329.25,330.7124938964844,324.375,326.08123779296875,311.15771484375,163271
2022-01-13,327.5625,329.9624938964844,323.1000061035156,326.64373779296875,311.6944885253906,263319
2022-01-14,326.25,329.83123779296875,319.125,323.4750061035156,308.6708068847656,268770
2022-01-17,326.25,336.86248779296875,314.23126220703125,327.0562438964844,312.08807373046875,660871
2022-01-18,345.0,347.25,315.9750061035156,322.42498779296875,307.6688232421875,2574583
2022-01-19,318.75,329.25,318.16876220703125,326.8125,311.85552978515625,412098
2022-01-20,328.5,330.54376220703125,322.5,324.5249938964844,309.6726989746094,302194
2022-01-21,322.5,330.75,320.6812438964844,322.76251220703125,307.9908752441406,339117
2022-01-24,324.0,325.3125,294.75,306.95623779296875,292.90802001953125,760511
2022-01-25,300.82501220703125,314.32501220703125,295.51873779296875,306.2250061035156,292.2102355957031,404402
2022-01-27,301.9125061035156,306.86248779296875,297.5625,301.48126220703125,287.6836242675781,263759
2022-01-28,305.5874938964844,312.4125061035156,300.4125061035156,307.42498779296875,293.3553161621094,294493
2022-01-31,316.6499938964844,316.6499938964844,302.8500061035156,304.125,290.20635986328125,324354
2022-02-01,309.0,312.1312561035156,306.75,308.9437561035156,294.8045654296875,178023
2022-02-02,315.0,322.48126220703125,313.14373779296875,320.70001220703125,306.0227966308594,328407
2022-02-03,320.25,321.375,315.75,319.33123779296875,304.7166442871094,162933
2022-02-04,317.6625061035156,319.03125,312.75,315.28125,300.8520202636719,153973
2022-02-07,317.2124938964844,328.03125,305.8125,309.16876220703125,295.0192565917969,785914
2022-02-08,314.7749938964844,314.7749938964844,302.1000061035156,303.8999938964844,289.99163818359375,240917
2022-02-09,306.09375,308.5874938964844,303.9750061035156,304.98748779296875,291.0293884277344,119061
2022-02-10,305.5874938964844,307.66876220703125,301.125,302.34375,288.5066223144531,168858
2022-02-11,300.0,302.3062438964844,287.2875061035156,291.6937561035156,278.34405517578125,359325
2022-02-14,288.75,288.75,278.70001220703125,281.4937438964844,268.61083984375,231853
2022-02-15,281.73748779296875,295.5,278.1937561035156,292.14373779296875,278.7734069824219,274722
2022-02-16,293.98126220703125,299.625,291.0,292.8187561035156,279.4175109863281,250263
2022-02-17,294.1875,298.33123779296875,288.75,291.29998779296875,277.96826171875,493666
2022-02-18,290.08123779296875,290.08123779296875,283.125,285.3374938964844,272.2786560058594,824533
2022-02-21,283.5,283.5,271.875,277.23748779296875,264.54937744140625,460050
2022-02-22,263.3062438964844,275.25,263.25,270.8062438964844,258.4124450683594,573202
2022-02-23,274.125,276.26251220703125,271.875,273.11248779296875,260.6131591796875,203807
2022-02-24,262.5,267.48748779296875,258.375,260.6812438964844,248.75083923339844,389415
2022-02-25,264.7124938964844,280.1812438964844,264.7124938964844,277.14373779296875,264.45989990234375,258722
2022-02-28,273.0375061035156,276.75,270.0,275.4750061035156,262.8675842285156,227037
2022-03-02,273.75,277.66876220703125,272.92498779296875,274.7437438964844,262.1697692871094,203949
2022-03-03,277.875,285.6937561035156,277.23748779296875,283.5562438964844,270.57891845703125,156471
2022-03-04,282.375,286.875,277.8374938964844,282.9750061035156,270.0243225097656,139711
2022-03-07,279.0375061035156,286.875,274.0687561035156,281.1937561035156,268.3245849609375,163322
2022-03-08,281.25,284.625,277.0874938964844,283.6312561035156,270.6505126953125,240026
2022-03-09,285.0,295.4624938964844,282.58123779296875,289.66876220703125,276.4117431640625,322341
2022-03-10,291.1312561035156,296.98126220703125,288.375,292.96875,279.5606689453125,377567
2022-03-11,291.375,293.8687438964844,281.6812438964844,283.0874938964844,270.13165283203125,339706
2022-03-14,284.25,288.75,282.01873779296875,285.46875,272.4039306640625,146245
2022-03-15,286.5,288.3187561035156,278.6812438964844,281.1000061035156,268.235107421875,131786
2022-03-16,285.0,286.5,281.45623779296875,283.9125061035156,270.91888427734375,93495
2022-03-17,288.75,293.73748779296875,286.89373779296875,291.63751220703125,278.2903747558594,266658
2022-03-21,293.98126220703125,307.125,290.83123779296875,292.61248779296875,279.2207336425781,736365
2022-03-22,296.2124938964844,296.2124938964844,287.25,290.1187438964844,276.8410949707031,324346
2022-03-23,292.5,298.0874938964844,291.5062561035156,294.6000061035156,281.1172790527344,231034
2022-03-24,294.0375061035156,296.25,288.7875061035156,290.625,277.3241882324219,228205
2022-03-25,292.125,294.07501220703125,285.28125,287.5874938964844,274.4256896972656,189210
2022-03-28,288.75,291.0,283.6875,285.29998779296875,272.2428894042969,204183
2022-03-29,285.7875061035156,287.6625061035156,281.04376220703125,283.01251220703125,270.0600891113281,214631
2022-03-30,284.9624938964844,286.6875,274.23748779296875,277.6499938964844,264.9430236816406,416903
2022-03-31,279.11248779296875,283.875,275.625,277.2749938964844,264.58514404296875,306970
2022-04-01,277.14373779296875,286.7250061035156,276.0,281.8687438964844,268.96868896484375,351351
2022-04-04,282.0,291.2250061035156,282.0,287.54998779296875,274.3899230957031,387346
2022-04-05,289.10626220703125,294.375,289.10626220703125,290.4375,277.1452331542969,905106
2022-04-06,291.8999938964844,296.625,290.64373779296875,294.82501220703125,281.3320007324219,402386
2022-04-07,294.82501220703125,296.25,292.875,294.54376220703125,281.0635986328125,292778
2022-04-08,298.01251220703125,301.4624938964844,292.5,299.98126220703125,286.25225830078125,441485
2022-04-11,305.9437561035156,310.2749938964844,301.5,303.82501220703125,289.9200744628906,522642
2022-04-12,303.75,303.75,296.25,298.79998779296875,285.1250305175781,892770
2022-04-13,300.0,303.5249938964844,296.64373779296875,299.8500061035156,286.1269836425781,324727
2022-04-18,296.25,297.82501220703125,293.64373779296875,296.1000061035156,282.54864501953125,251882
2022-04-19,297.16876220703125,301.2749938964844,287.625,294.4312438964844,280.95623779296875,221557
2022-04-20,293.625,301.125,292.4437561035156,299.4375,285.7333984375,484834
2022-04-21,301.875,302.25,295.3125,297.35626220703125,283.74737548828125,513837
2022-04-22,298.04998779296875,298.04998779296875,294.0,294.54376220703125,281.0635986328125,228869
2022-04-25,290.625,292.1625061035156,282.46875,285.4312438964844,272.36810302734375,267567
2022-04-26,286.875,286.89373779296875,277.875,281.04376220703125,268.1814270019531,443767
2022-04-27,278.5874938964844,288.01873779296875,276.0562438964844,284.7562561035156,271.7240295410156,346786
2022-04-28,286.23748779296875,286.96875,279.375,281.1187438964844,268.2530212402344,146706
2022-04-29,282.5249938964844,289.125,276.0,282.0375061035156,269.12969970703125,228455
2022-05-02,271.125,280.6499938964844,270.0,278.3812561035156,265.64080810546875,278525
2022-05-04,278.3812561035156,280.48126220703125,264.35626220703125,267.375,255.13824462890625,246421
2022-05-05,262.89373779296875,266.25,252.0,253.5749969482422,241.96981811523438,987127
2022-05-06,244.25625610351562,247.5,238.5,242.11874389648438,231.0378875732422,631447
2022-05-09,243.2624969482422,250.0500030517578,235.125,246.33749389648438,235.0635528564453,379735
2022-05-10,249.71249389648438,255.4499969482422,234.78750610351562,237.60000610351562,226.7259521484375,454301
2022-05-11,239.0437469482422,243.31875610351562,235.875,239.6999969482422,228.72984313964844,615039
2022-05-12,240.75,262.04998779296875,229.81875610351562,248.21249389648438,236.8527374267578,522538
2022-05-13,253.4250030517578,254.25,242.25,245.53125,234.29420471191406,372682
2022-05-16,249.375,249.375,244.1437530517578,246.89999389648438,235.60032653808594,135874
2022-05-17,244.875,251.10000610351562,241.91250610351562,249.14999389648438,237.74734497070312,293330
2022-05-18,250.5,254.94375610351562,246.14999389648438,250.64999389648438,239.17869567871094,286101
2022-05-19,247.5,258.07501220703125,243.78750610351562,252.2062530517578,240.66372680664062,362631
2022-05-20,253.53750610351562,258.0,250.40625,251.86874389648438,240.3416748046875,332562
2022-05-23,251.9250030517578,256.8187561035156,246.75,248.7937469482422,237.40737915039062,165690
2022-05-24,248.7937469482422,253.875,244.81875610351562,247.06875610351562,235.7613525390625,186223
2022-05-25,248.30624389648438,249.80624389648438,240.0,241.4250030517578,230.3759002685547,476002
2022-05-26,242.6999969482422,245.5124969482422,237.50625610351562,242.75625610351562,231.64620971679688,393354
2022-05-27,244.0500030517578,263.625,243.9375,255.2062530517578,243.52642822265625,555266
2022-05-30,256.2749938964844,263.98126220703125,255.6750030517578,257.15625,245.38719177246094,363231
2022-05-31,258.5249938964844,261.5249938964844,254.94375610351562,256.9312438964844,245.17247009277344,211855
2022-06-01,258.29998779296875,260.625,251.30624389648438,253.18124389648438,241.59410095214844,237149
2022-06-02,253.18124389648438,262.5,251.2312469482422,257.92498779296875,246.1207275390625,347223
2022-06-03,259.2749938964844,270.375,258.75,261.3374938964844,249.37704467773438,764749
2022-06-06,257.4750061035156,264.375,253.875,263.0625,251.02313232421875,195693
2022-06-07,263.8125,266.25,255.0,263.0249938964844,250.98733520507812,234610
2022-06-08,264.35626220703125,265.42498779296875,257.92498779296875,259.57501220703125,247.6952362060547,241530
2022-06-09,256.875,261.54376220703125,251.56875610351562,256.23748779296875,244.51046752929688,183106
2022-06-10,254.25,261.6937561035156,253.875,260.4375,248.51824951171875,182762
2022-06-13,258.07501220703125,258.75,244.5,251.625,240.10906982421875,190674
2022-06-14,251.625,260.17498779296875,250.6125030517578,256.6312561035156,244.88619995117188,253741
2022-06-15,255.0,260.2124938964844,252.60000610351562,258.375,251.3243408203125,116215
2022-06-16,259.7250061035156,260.1000061035156,242.2687530517578,245.85000610351562,239.14112854003906,269157
2022-06-17,243.75,249.75,239.10000610351562,247.5187530517578,240.7643280029297,237154
2022-06-20,247.59375,249.78750610351562,228.78750610351562,232.7062530517578,226.35604858398438,355082
2022-06-21,233.1374969482422,249.75,233.1374969482422,242.94375610351562,236.31419372558594,267687
2022-06-22,240.75,247.2375030517578,236.3249969482422,238.40625,231.90049743652344,439789
2022-06-23,239.0812530517578,247.5,236.10000610351562,246.1687469482422,239.451171875,176706
2022-06-24,247.46249389648438,254.6062469482422,247.46249389648438,251.0812530517578,244.22962951660156,280967
2022-06-27,255.9375,264.3187561035156,254.00625610351562,258.0562438964844,251.0142822265625,443917
2022-06-28,258.6937561035156,259.125,254.2687530517578,255.3937530517578,248.4244384765625,125031
2022-06-29,253.08749389648438,259.125,252.09375,254.0437469482422,247.1112823486328,162098
2022-06-30,254.68124389648438,257.9624938964844,250.3125,251.0437469482422,244.19313049316406,114701
2022-07-01,251.0437469482422,251.9812469482422,245.625,248.38125610351562,241.60330200195312,153045
2022-07-04,249.61874389648438,250.96875,246.1125030517578,247.18124389648438,240.43603515625,92125
2022-07-05,248.3249969482422,256.9312438964844,248.11874389648438,252.8249969482422,245.92578125,226279
2022-07-06,252.8249969482422,256.85626220703125,251.28750610351562,255.09375,248.13262939453125,593490
2022-07-07,256.125,259.6312561035156,255.84375,257.53125,250.5036163330078,135695
2022-07-08,258.82501220703125,259.78125,256.125,257.98126220703125,250.94134521484375,83229
2022-07-11,257.25,257.25,247.5,249.8249969482422,243.0076446533203,190138
2022-07-12,250.875,254.6437530517578,249.97500610351562,250.5187530517578,243.68247985839844,303378
2022-07-13,252.375,253.3312530517578,247.875,249.13125610351562,242.3328399658203,108239
2022-07-14,249.99374389648438,250.4250030517578,247.83749389648438,249.52499389648438,242.7158203125,80370
2022-07-15,250.78125,251.25,245.75625610351562,247.6125030517578,240.85552978515625,476570
2022-07-18,248.25,250.16250610351562,247.125,247.9875030517578,241.22030639648438,135621
2022-07-19,247.5,252.75,247.5,250.9875030517578,244.138427734375,196519
2022-07-20,252.5625,259.1625061035156,252.2062530517578,255.71249389648438,248.7344970703125,411943
2022-07-21,273.35626220703125,281.25,266.25,268.14373779296875,260.8265075683594,4917959
2022-07-22,270.75,273.11248779296875,267.75,269.73748779296875,262.37677001953125,499349
2022-07-25,273.75,283.125,272.0625,280.0687561035156,272.42608642578125,859946
2022-07-26,281.25,281.98126220703125,255.75,259.2562561035156,252.18154907226562,1873487
2022-07-27,259.3687438964844,265.8187561035156,259.1625061035156,263.15625,255.97511291503906,737119
2022-07-28,266.92498779296875,267.0,260.25,261.58123779296875,254.4430694580078,604386
2022-07-29,262.5,265.5375061035156,261.58123779296875,264.46875,257.25177001953125,372111
2022-08-01,265.875,269.625,263.17498779296875,268.2562561035156,260.93597412109375,305818
2022-08-02,266.8125,271.70623779296875,263.1000061035156,263.54998779296875,256.3581237792969,426650
2022-08-03,264.9375,267.9375,262.875,267.20623779296875,259.9145812988281,290157
2022-08-04,270.75,272.9624938964844,263.7562561035156,267.0375061035156,259.7504577636719,320522
2022-08-05,269.25,269.25,265.5,265.98748779296875,258.72906494140625,122261
2022-08-08,265.98748779296875,266.79376220703125,262.125,262.875,255.7015380859375,151869
2022-08-10,264.26251220703125,265.70623779296875,258.84375,259.78125,252.6922149658203,239874
2022-08-11,261.1499938964844,264.35626220703125,256.7437438964844,258.5625,251.5067138671875,316114
2022-08-12,259.9125061035156,263.17498779296875,256.0874938964844,258.1875,251.1419677734375,296442
2022-08-16,259.01251220703125,261.48748779296875,255.375,260.83123779296875,253.7135467529297,186181
2022-08-17,261.7124938964844,267.0,260.73748779296875,262.6312561035156,255.4644317626953,271893
2022-08-18,262.6312561035156,269.4375,261.58123779296875,265.03125,257.7989501953125,246818
2022-08-19,264.375,267.7124938964844,262.1625061035156,265.10626220703125,257.8719177246094,233591
2022-08-22,266.25,266.25,258.75,260.2875061035156,253.1846466064453,308893
2022-08-23,257.5874938964844,262.48126220703125,256.875,260.83123779296875,253.7135467529297,187538
2022-08-24,260.83123779296875,265.5,260.83123779296875,264.2250061035156,257.01470947265625,125807
2022-08-25,266.25,267.0,259.3500061035156,262.38751220703125,255.2273712158203,172130
2022-08-26,263.4375,266.70001220703125,263.25,265.04998779296875,257.8171691894531,111903
2022-08-29,258.0,263.25,257.64373779296875,260.25,253.1481475830078,178778
2022-08-30,264.0,271.9125061035156,263.98126220703125,267.20623779296875,259.9145812988281,1036943
2022-09-01,269.625,278.8500061035156,268.5,271.1812438964844,263.7811279296875,878949
2022-09-02,276.75,276.75,269.26873779296875,270.01873779296875,262.65032958984375,402271
2022-09-05,273.75,274.78125,266.25,268.51873779296875,261.1912536621094,417615
2022-09-06,270.0,270.3374938964844,266.25,267.28125,259.987548828125,228885
2022-09-07,267.375,270.0,262.5,267.9937438964844,260.68060302734375,224287
2022-09-08,297.0,301.5,282.5249938964844,285.6499938964844,277.85504150390625,3138958
2022-09-09,289.95001220703125,295.1000061035156,285.07501220703125,292.75,284.76129150390625,846942
2022-09-12,294.0,296.25,292.82501220703125,293.875,285.8555908203125,384740
2022-09-13,296.45001220703125,296.45001220703125,286.5,288.82501220703125,280.9433898925781,305168
2022-09-14,282.5,285.54998779296875,279.6499938964844,283.42498779296875,275.69073486328125,215010
2022-09-15,284.8999938964844,289.70001220703125,281.2250061035156,286.3999938964844,278.5845642089844,446440
2022-09-16,286.375,286.375,275.5249938964844,280.8999938964844,273.23468017578125,369036
2022-09-19,281.5,283.5,272.29998779296875,275.3500061035156,267.83612060546875,223814
2022-09-20,276.5,278.25,271.0,271.75,264.3343505859375,268692
2022-09-21,271.5,277.29998779296875,269.125,270.70001220703125,263.31298828125,131216
2022-09-22,268.2749938964844,269.9750061035156,266.875,267.7749938964844,260.46783447265625,177378
2022-09-23,267.79998779296875,270.82501220703125,258.2749938964844,260.0,252.90499877929688,170074
2022-09-26,255.0,256.20001220703125,244.0,249.97500610351562,243.153564453125,289372
2022-09-27,251.3000030517578,258.79998779296875,250.5500030517578,256.1000061035156,249.1114044189453,439996
2022-09-28,257.0,257.3999938964844,246.47500610351562,248.89999389648438,242.10789489746094,170178
2022-09-29,249.0,253.5,245.52499389648438,248.39999389648438,241.6215362548828,428130
2022-09-30,247.22500610351562,262.5,243.625,257.79998779296875,250.7650146484375,374750
2022-10-03,256.42498779296875,257.42498779296875,251.5,252.8000030517578,245.90147399902344,168708
2022-10-04,254.10000610351562,256.67498779296875,248.02499389648438,250.14999389648438,243.3237762451172,201612
2022-10-06,251.5,260.9750061035156,251.5,256.5249938964844,249.5248260498047,329344
2022-10-07,257.5,261.625,256.07501220703125,257.7250061035156,250.69207763671875,450320
2022-10-10,256.3999938964844,261.125,254.77499389648438,258.7749938964844,251.71340942382812,295020
2022-10-11,260.5,262.0,253.0,255.89999389648438,248.9168701171875,278940
2022-10-12,257.20001220703125,260.5249938964844,254.39999389648438,257.20001220703125,250.18141174316406,411528
2022-10-13,258.5,259.42498779296875,250.52499389648438,252.8000030517578,245.90147399902344,129026
2022-10-14,254.1999969482422,256.54998779296875,250.5500030517578,252.14999389648438,245.26919555664062,150982
2022-10-17,252.5,254.39999389648438,250.9499969482422,252.25,245.36647033691406,98758
2022-10-18,253.02499389648438,256.20001220703125,246.5,251.22500610351562,244.3694610595703,888892
2022-10-19,252.5,260.0,251.8000030517578,253.22500610351562,246.31488037109375,557058
2022-10-20,252.5,257.5,252.5,254.6750030517578,247.72531127929688,341420
2022-10-21,255.9499969482422,257.07501220703125,253.25,254.8000030517578,247.84689331054688,145352
2022-10-24,259.0,259.0,255.5749969482422,256.8999938964844,249.88958740234375,35620
2022-10-25,256.8999938964844,256.9750061035156,253.25,254.9250030517578,247.96849060058594,1573006
2022-10-27,256.95001220703125,261.4750061035156,256.0249938964844,260.125,253.0265655517578,311986
2022-10-28,261.45001220703125,261.45001220703125,255.14999389648438,257.42498779296875,250.40025329589844,119876
2022-10-31,255.4499969482422,263.07501220703125,255.10000610351562,261.7250061035156,258.09197998046875,265886
2022-11-01,263.04998779296875,263.875,259.0,260.0249938964844,256.41558837890625,117200
2022-11-02,260.25,260.5,255.0,256.625,253.06277465820312,189136
2022-11-03,257.0,261.0,256.3500061035156,260.2250061035156,256.61279296875,171442
2022-11-04,258.1000061035156,264.5,258.0,260.70001220703125,257.08123779296875,383222
2022-11-07,263.5,265.79998779296875,262.0,265.0249938964844,261.34619140625,201006
2022-11-09,266.0,267.5,262.3999938964844,264.57501220703125,260.9024353027344,112434
2022-11-10,264.0,265.70001220703125,260.0,264.8999938964844,261.2229309082031,142776
2022-11-11,265.5,269.82501220703125,263.5,265.82501220703125,262.13507080078125,198634
2022-11-14,267.17498779296875,276.0,267.0,270.5,266.74517822265625,568604
2022-11-15,271.875,273.7250061035156,268.5,272.42498779296875,268.6434326171875,146084
2022-11-16,272.125,272.67498779296875,269.0,271.625,267.85455322265625,140418
2022-11-17,270.0,272.82501220703125,267.82501220703125,270.17498779296875,266.4246826171875,98844
2022-11-18,271.54998779296875,271.54998779296875,261.70001220703125,262.3500061035156,258.70831298828125,93140
2022-11-21,262.3500061035156,267.125,260.0249938964844,261.32501220703125,257.6975402832031,93884
2022-11-22,262.6499938964844,263.4750061035156,257.7749938964844,260.6499938964844,257.0318908691406,112862
2022-11-23,262.0,264.4750061035156,260.75,262.79998779296875,259.15203857421875,81050
2022-11-24,262.5,268.0,261.2749938964844,265.20001220703125,261.5187683105469,318606
2022-11-25,266.54998779296875,279.5,265.0249938964844,276.4750061035156,272.6372375488281,470514
2022-11-28,277.5,294.8999938964844,276.67498779296875,292.6499938964844,288.58770751953125,987970
2022-11-29,293.5,294.125,287.7749938964844,289.1499938964844,285.1362609863281,437578
2022-11-30,291.125,294.70001220703125,286.0,293.0,288.932861328125,473350
2022-12-01,295.0,295.5,288.0249938964844,290.7250061035156,286.6894226074219,432514
2022-12-02,289.2250061035156,293.9750061035156,289.2250061035156,292.625,288.56304931640625,176306
2022-12-05,295.0,298.3999938964844,290.5,294.7250061035156,290.6339416503906,441730
2022-12-06,295.8500061035156,299.9750061035156,293.5249938964844,296.6499938964844,292.5321960449219,381832
2022-12-07,295.0,300.0,289.0,292.42498779296875,288.3658447265625,231254
2022-12-08,291.0,298.1499938964844,290.9750061035156,296.20001220703125,292.08843994140625,171432
2022-12-09,301.0,304.625,295.07501220703125,297.20001220703125,293.0745849609375,659210
2022-12-12,295.25,296.95001220703125,289.5249938964844,290.5,286.467529296875,235376
2022-12-13,287.8500061035156,293.3999938964844,282.5,286.54998779296875,282.5723571777344,362584
2022-12-14,286.54998779296875,289.2749938964844,278.04998779296875,280.0249938964844,276.137939453125,301058
2022-12-15,277.67498779296875,278.9750061035156,270.0,270.3999938964844,266.64654541015625,308984
2022-12-16,270.57501220703125,278.20001220703125,263.5,265.5249938964844,261.8392333984375,548302
2022-12-19,265.4750061035156,275.0,264.0,273.7250061035156,269.9254150390625,263472
2022-12-20,273.7250061035156,274.45001220703125,265.0,265.7749938964844,262.08575439453125,193222
2022-12-21,269.7749938964844,272.5,264.0,266.45001220703125,262.75140380859375,309540
2022-12-22,266.57501220703125,271.75,261.57501220703125,270.54998779296875,266.7944641113281,334004
2022-12-23,269.0,269.0,262.54998779296875,267.5249938964844,263.81146240234375,302248
2022-12-26,267.5,280.0,265.0,276.45001220703125,272.61260986328125,517158
2022-12-27,278.32501220703125,289.0,277.0249938964844,286.4750061035156,282.4984436035156,369210
2022-12-28,286.4750061035156,287.92498779296875,283.5,284.70001220703125,280.7480773925781,133720
2022-12-29,284.5,287.45001220703125,278.75,280.29998779296875,276.40911865234375,161656
2022-12-30,280.1000061035156,289.20001220703125,280.1000061035156,281.8500061035156,277.9376525878906,271976
2023-01-02,283.3500061035156,291.67498779296875,282.0249938964844,289.9750061035156,285.9498596191406,276758
2023-01-03,290.0,293.5,285.0,288.6499938964844,284.64324951171875,233924
2023-01-04,289.0,289.75,284.5,287.6499938964844,283.6571044921875,154638
2023-01-05,290.3500061035156,293.8999938964844,286.0249938964844,292.3500061035156,288.2918701171875,292120
2023-01-06,292.0,295.92498779296875,290.3500061035156,293.7749938964844,289.6971130371094,363664
2023-01-09,294.9750061035156,296.95001220703125,290.0,291.4750061035156,287.4290466308594,279806
2023-01-10,291.45001220703125,293.9750061035156,290.0,291.1000061035156,287.0592346191406,121274
2023-01-11,291.5,293.1000061035156,289.0249938964844,290.2749938964844,286.24566650390625,98954
2023-01-12,290.1000061035156,297.0,283.75,287.20001220703125,283.21337890625,129628
2023-01-13,290.0,295.42498779296875,285.75,292.42498779296875,288.3658447265625,143662
2023-01-16,293.5,294.5,289.7250061035156,290.17498779296875,286.1470642089844,87910
2023-01-17,290.17498779296875,292.20001220703125,288.45001220703125,289.6000061035156,285.5800476074219,95930
2023-01-18,289.6000061035156,292.5,288.25,291.54998779296875,287.5029602050781,92000
2023-01-19,291.45001220703125,292.5,290.0,291.2250061035156,287.1824951171875,113992
2023-01-20,291.2250061035156,298.125,290.54998779296875,292.8999938964844,288.834228515625,247214
2023-01-23,294.0,302.7749938964844,294.0,296.54998779296875,292.4335632324219,333668
2023-01-24,300.0,314.0,297.0,312.1000061035156,307.7677307128906,1870612
2023-01-25,313.95001220703125,316.875,308.17498779296875,311.6000061035156,307.274658203125,816402
2023-01-27,314.1000061035156,315.75,300.0,302.95001220703125,298.7447509765625,292458
2023-01-30,301.45001220703125,310.8999938964844,297.5,302.45001220703125,298.251708984375,344080
2023-01-31,303.3500061035156,306.875,299.3999938964844,303.5,299.287109375,290920
2023-02-01,304.9750061035156,322.20001220703125,304.9750061035156,310.04998779296875,305.7461853027344,757194
2023-02-02,308.625,318.0,307.5,312.92498779296875,308.5812683105469,460322
2023-02-03,315.4750061035156,315.95001220703125,305.2749938964844,308.8500061035156,304.5628662109375,369166
2023-02-06,308.8500061035156,310.8500061035156,303.9750061035156,306.75,302.4919738769531,217274
2023-02-07,308.17498779296875,309.57501220703125,300.6499938964844,305.3500061035156,301.1114196777344,299652
2023-02-08,303.67498779296875,321.3500061035156,303.67498779296875,320.75,316.29766845703125,745244
2023-02-09,320.5,331.04998779296875,313.67498779296875,325.7250061035156,321.2035827636719,979208
2023-02-10,326.4750061035156,333.0,323.1499938964844,329.0,324.4331359863281,422006
2023-02-13,340.5,340.5,317.5,328.82501220703125,324.2605895996094,513088
2023-02-14,332.0,333.5,325.0,327.2749938964844,322.7320861816406,503224
2023-02-15,327.29998779296875,332.3999938964844,325.1000061035156,330.1000061035156,325.5178527832031,194246
2023-02-16,330.79998779296875,345.0,330.5249938964844,336.125,331.459228515625,647038
2023-02-17,336.0,344.5,333.7749938964844,340.0,335.28045654296875,300782
2023-02-20,342.4750061035156,376.5,341.1000061035156,367.92498779296875,362.8177795410156,8687692
2023-02-21,364.0,368.25,358.07501220703125,361.3999938964844,356.38336181640625,1216968
2023-02-22,357.4750061035156,358.625,343.0,345.125,340.33428955078125,720838
2023-02-23,347.0249938964844,369.0,346.9750061035156,363.54998779296875,358.5035400390625,5834936
2023-02-24,365.0,372.3500061035156,348.42498779296875,353.0,348.0999755859375,1403968
2023-02-27,360.0,363.0,353.04998779296875,360.0,355.0028381347656,901580
2023-02-28,369.45001220703125,369.45001220703125,360.0,363.1499938964844,358.1091003417969,985068
2023-03-01,367.5,395.5,361.0,385.4750061035156,380.12420654296875,2040738
2023-03-02,391.0,404.5,386.125,400.8500061035156,395.2857971191406,4874998
2023-03-03,400.8500061035156,402.9750061035156,391.0,397.1000061035156,391.5878601074219,1461452
2023-03-06,400.75,416.32501220703125,400.04998779296875,411.7749938964844,406.05914306640625,1624532
2023-03-08,405.5,412.5,398.0249938964844,408.82501220703125,403.15008544921875,819082
2023-03-09,411.125,412.17498779296875,404.0,409.1499938964844,403.4705505371094,912086
2023-03-10,404.5,404.75,387.5,390.1499938964844,384.7342834472656,784914
2023-03-13,380.0,405.0,376.0,399.7250061035156,394.1764221191406,2048156
2023-03-14,394.9750061035156,422.5,388.42498779296875,417.29998779296875,411.5074462890625,3313228
2023-03-15,417.29998779296875,427.79998779296875,402.5,413.3999938964844,407.6615905761719,4121762
2023-03-16,411.5,415.4750061035156,400.0,404.95001220703125,399.3288879394531,1227536
2023-03-17,407.1000061035156,413.20001220703125,395.9750061035156,399.5,393.95452880859375,920470
2023-03-20,397.5,411.6000061035156,391.0,402.7749938964844,397.1840515136719,1777278
2023-03-21,409.5,409.5,397.5249938964844,401.32501220703125,395.75421142578125,566198
2023-03-22,413.0,422.5,400.0249938964844,402.95001220703125,397.3566589355469,3202124
2023-03-23,403.0,414.8999938964844,400.3500061035156,412.6499938964844,406.9219665527344,1575914
2023-03-24,411.45001220703125,415.92498779296875,408.375,411.5,405.7879638671875,1449432
2023-03-27,413.70001220703125,413.70001220703125,384.95001220703125,387.75,382.3676452636719,839838
2023-03-28,388.42498779296875,397.5,378.57501220703125,381.45001220703125,376.15509033203125,1097882
2023-03-29,381.45001220703125,382.8999938964844,369.0,375.82501220703125,370.6081848144531,1451498
2023-03-31,378.04998779296875,424.0,378.04998779296875,418.1499938964844,412.34564208984375,7590422
2023-04-03,422.5,444.95001220703125,419.04998779296875,429.5,423.5381164550781,9889044
2023-04-05,429.5,429.5,411.5,420.6499938964844,414.8109130859375,2411186
2023-04-06,422.5,436.0,415.375,432.79998779296875,426.7922668457031,2379092
2023-04-10,432.79998779296875,442.3500061035156,426.1000061035156,430.0249938964844,424.0557861328125,1998506
2023-04-11,431.5,451.4750061035156,430.5249938964844,448.17498779296875,441.953857421875,3361042
2023-04-12,448.17498779296875,451.45001220703125,436.7749938964844,438.6000061035156,432.51177978515625,1149140
2023-04-13,440.0,446.0,420.6000061035156,424.32501220703125,418.4349365234375,1171028
2023-04-17,407.5,416.7250061035156,396.20001220703125,399.8999938964844,394.3489685058594,2572834
2023-04-18,403.0,411.5,394.4750061035156,399.2250061035156,393.683349609375,1656790
2023-04-19,401.625,419.75,401.54998779296875,412.70001220703125,406.9713134765625,3008540
2023-04-20,415.4750061035156,417.45001220703125,403.54998779296875,406.9750061035156,401.32574462890625,1119980
2023-04-21,409.67498779296875,415.67498779296875,408.5,412.70001220703125,406.9713134765625,626930
2023-04-24,413.54998779296875,415.4750061035156,403.07501220703125,406.32501220703125,400.684814453125,797700
2023-04-25,410.0,421.92498779296875,407.25,418.4750061035156,412.6661376953125,994378
2023-04-26,420.0,420.0,407.5,408.95001220703125,403.2733459472656,604358
2023-04-27,411.42498779296875,421.0,411.0,419.0249938964844,413.20849609375,617456
2023-04-28,420.4750061035156,430.0,419.04998779296875,427.375,421.4425964355469,683214
2023-05-02,426.0,435.95001220703125,425.1499938964844,428.7749938964844,422.8231506347656,651650
2023-05-03,427.5,429.25,423.1000061035156,425.2250061035156,419.32244873046875,235520
2023-05-04,427.29998779296875,435.6000061035156,425.25,434.32501220703125,428.2961120605469,673598
2023-05-05,434.7250061035156,437.3999938964844,428.0,430.2749938964844,424.30230712890625,360538
2023-05-08,432.5,438.8999938964844,425.0249938964844,433.6499938964844,427.6304626464844,403234
2023-05-09,436.5,436.5,419.0,423.2749938964844,417.3995056152344,331042
2023-05-10,426.375,434.9750061035156,423.5,425.875,419.9634094238281,445332
2023-05-11,427.5,434.4750061035156,427.04998779296875,430.92498779296875,424.94329833984375,496646
2023-05-12,432.2749938964844,441.0,428.75,437.45001220703125,431.37774658203125,683202
2023-05-15,430.0249938964844,447.0,401.4750061035156,442.54998779296875,436.4069519042969,2769046
2023-05-16,447.5,481.5,445.5249938964844,477.125,470.50201416015625,4996546
2023-05-17,473.5,492.8500061035156,468.57501220703125,479.20001220703125,472.5482177734375,2816002
2023-05-18,467.57501220703125,474.5,459.0,461.8500061035156,455.4390563964844,1369096
2023-05-19,461.8500061035156,466.6499938964844,456.0249938964844,461.70001220703125,455.2911376953125,525544
2023-05-22,461.67498779296875,470.0,461.0,466.1499938964844,459.6793518066406,476676
2023-05-23,465.0,470.32501220703125,460.2749938964844,462.92498779296875,456.4991149902344,285456
2023-05-24,462.92498779296875,474.9750061035156,457.29998779296875,460.42498779296875,454.0338134765625,602352
2023-05-25,462.7250061035156,468.7250061035156,458.2250061035156,463.57501220703125,457.1401062011719,501452
2023-05-26,466.8500061035156,491.8999938964844,462.875,487.92498779296875,481.1520690917969,2544528
2023-05-29,486.54998779296875,492.45001220703125,478.04998779296875,481.45001220703125,474.7669982910156,718758
2023-05-30,480.0249938964844,495.0,476.42498779296875,486.2250061035156,479.4757080078125,1082412
2023-05-31,487.5,491.3999938964844,483.0,485.875,479.1305236816406,608372
2023-06-01,488.42498779296875,502.45001220703125,485.8999938964844,493.57501220703125,486.7236633300781,1190860
2023-06-02,497.1499938964844,500.0,490.0249938964844,492.29998779296875,485.46636962890625,451242
2023-06-05,495.0,498.125,481.04998779296875,486.04998779296875,479.3031311035156,294502
2023-06-06,487.82501220703125,490.0,481.5,484.04998779296875,477.33087158203125,343182
2023-06-07,487.9750061035156,499.0,484.4750061035156,491.5,484.6774597167969,493474
2023-06-08,494.0,499.70001220703125,489.70001220703125,497.2749938964844,490.3722839355469,419828
2023-06-09,498.5,526.75,498.25,516.4249877929688,509.2564697265625,3425818
2023-06-12,520.5499877929688,539.0,504.42498779296875,508.17498779296875,501.1210021972656,1645594
2023-06-13,512.0,522.5,508.54998779296875,518.8250122070312,511.6231994628906,659854
2023-06-14,522.5,528.2750244140625,504.0,505.57501220703125,498.55712890625,496490
2023-06-15,508.6499938964844,515.0,506.54998779296875,513.0,505.8790283203125,399522
2023-06-16,514.5,519.8499755859375,502.0249938964844,509.2250061035156,502.15643310546875,598642
2023-06-19,512.5,514.9500122070312,503.625,507.7749938964844,500.7265625,417942
2023-06-20,510.32501220703125,522.625,505.5,516.875,509.7001953125,695028
2023-06-21,516.9000244140625,524.125,505.92498779296875,507.42498779296875,500.3813781738281,395264
2023-06-22,509.9750061035156,512.0250244140625,491.0,498.54998779296875,491.6296081542969,293222
2023-06-23,499.5,503.8500061035156,483.1000061035156,487.9750061035156,481.201416015625,531190
2023-06-26,490.5249938964844,499.75,489.0249938964844,496.92498779296875,490.02716064453125,280384
2023-06-27,500.0,510.0,497.0249938964844,501.92498779296875,494.957763671875,486132
2023-06-28,506.8500061035156,515.0,500.1000061035156,507.0,499.9623107910156,267374
2023-06-30,508.0,511.95001220703125,502.29998779296875,504.7250061035156,497.7188720703125,193044
2023-07-03,504.9750061035156,514.0,497.5249938964844,499.20001220703125,492.2705993652344,357282
2023-07-04,503.8500061035156,509.17498779296875,495.04998779296875,497.375,490.4709167480469,238412
2023-07-05,498.5,504.5,495.20001220703125,499.5249938964844,492.591064453125,265358
2023-07-06,501.0,507.5,494.04998779296875,505.04998779296875,498.03936767578125,239286
2023-07-07,505.2250061035156,509.07501220703125,497.5,500.79998779296875,493.8483581542969,222688
2023-07-10,500.04998779296875,501.82501220703125,486.45001220703125,493.8500061035156,486.9948425292969,373226
2023-07-11,493.8500061035156,496.29998779296875,475.125,478.1000061035156,471.4634704589844,953550
2023-07-12,482.5,499.0,478.2749938964844,495.29998779296875,488.4247131347656,529632
2023-07-13,498.8999938964844,502.20001220703125,492.3999938964844,495.125,488.2521667480469,322362
2023-07-14,491.0,537.5,491.0,526.8250122070312,519.5121459960938,4734542
2023-07-17,531.0,540.5,526.75,533.25,525.847900390625,2615632
2023-07-18,537.0,547.3499755859375,518.125,523.0,515.740234375,1878918
2023-07-19,525.5,534.5,521.1500244140625,526.4000244140625,519.093017578125,821142
2023-07-20,527.0,530.5,520.5499877929688,525.8499755859375,518.5505981445312,769516
2023-07-21,524.5,532.4500122070312,502.25,523.5,520.5642700195312,838798
2023-07-24,523.5,529.7249755859375,518.3499755859375,521.0750122070312,518.1528930664062,471356
2023-07-25,524.9749755859375,532.3499755859375,520.75,526.5250244140625,523.5723266601562,620330
2023-07-26,527.0,538.4000244140625,524.5999755859375,528.1749877929688,525.2130737304688,969580
2023-07-27,531.0,535.7000122070312,522.6749877929688,525.2750244140625,522.329345703125,544092
2023-07-28,530.0,533.0,521.5,530.7000122070312,527.7239379882812,413450
2023-07-31,530.0,538.2999877929688,522.0,528.3499755859375,525.3870849609375,684082
2023-08-01,531.4749755859375,533.2999877929688,521.0,523.4749755859375,520.5394287109375,530064
2023-08-02,525.8250122070312,532.4249877929688,512.5250244140625,523.5,520.5642700195312,872780
2023-08-03,525.0250244140625,525.25,507.5,519.2000122070312,516.2883911132812,443070
2023-08-04,520.5,530.2249755859375,518.0250244140625,520.2249755859375,517.3076171875,650740
2023-08-07,531.5,531.5,515.625,518.4749755859375,515.5674438476562,446734
2023-08-08,522.5999755859375,523.5,507.0,509.29998779296875,506.44390869140625,243298
2023-08-09,511.3500061035156,519.8250122070312,506.0,516.9249877929688,514.026123046875,338278
2023-08-10,519.5,535.4500122070312,517.0250244140625,534.0,531.0054321289062,1292808
2023-08-11,536.5,542.5,515.5,519.1500244140625,516.2387084960938,919242
2023-08-14,519.1500244140625,521.8250122070312,512.75,515.4500122070312,512.5594482421875,238850
2023-08-16,512.75,526.7999877929688,512.5,514.6749877929688,511.78875732421875,611358
2023-08-17,517.0750122070312,518.9749755859375,507.70001220703125,510.32501220703125,507.46319580078125,215060
2023-08-18,508.0249938964844,514.0,493.0,501.95001220703125,499.1351623535156,556884
2023-08-21,501.95001220703125,522.5,483.2749938964844,516.9500122070312,514.051025390625,1721598
2023-08-22,518.9749755859375,519.5499877929688,507.0,511.0249938964844,508.15924072265625,841960
2023-08-23,513.3499755859375,515.9000244140625,508.0,510.45001220703125,507.5874938964844,648702
2023-08-24,514.75,517.5250244140625,511.75,515.3250122070312,512.4351806640625,513214
2023-08-25,510.5,514.0750122070312,502.0249938964844,509.1499938964844,506.2947692871094,434390
2023-08-28,511.82501220703125,516.125,506.0,510.0,507.1400146484375,271242
2023-08-29,508.5,516.5,505.5,509.5,506.6427917480469,253736
2023-08-30,512.9500122070312,516.8250122070312,507.7749938964844,511.8999938964844,509.0293273925781,344970
2023-08-31,512.5,526.0,511.2250061035156,522.7750244140625,519.8433837890625,781028
2023-09-01,522.7750244140625,525.0,512.5250244140625,521.3250122070312,518.4014892578125,621706
2023-09-04,525.5,540.5,522.5499877929688,533.5999755859375,530.6076049804688,1196622
2023-09-05,535.25,549.9749755859375,535.25,544.4749755859375,541.421630859375,857476
2023-09-06,549.0,554.9500122070312,545.0,550.8499755859375,547.7609252929688,767224
2023-09-07,554.3499755859375,554.5,545.0750122070312,550.5,547.4129028320312,357428
2023-09-08,552.5,562.5,551.0,558.0499877929688,554.9205322265625,906070
2023-09-11,562.5,574.4500122070312,554.1500244140625,563.0,559.8427734375,692604
2023-09-12,569.0,569.0,536.0250244140625,545.9749755859375,542.9132080078125,892282
2023-09-13,545.0,554.7000122070312,532.5,547.5999755859375,544.5291137695312,619278
2023-09-14,550.3499755859375,555.6749877929688,537.5499877929688,540.875,537.8418579101562,451578
2023-09-15,543.7000122070312,551.3499755859375,537.5,543.9000244140625,540.8499145507812,439100
2023-09-18,545.0,546.9749755859375,535.1500244140625,539.2999877929688,536.2756958007812,386252
2023-09-20,541.0,544.0,535.0,539.75,536.72314453125,374134
2023-09-21,538.4749755859375,543.3250122070312,534.0,539.5999755859375,536.573974609375,257338
2023-09-22,539.5999755859375,542.9500122070312,512.7750244140625,521.7999877929688,518.8738403320312,527276
2023-09-25,519.9249877929688,548.4249877929688,516.5250244140625,545.125,542.0680541992188,960656
2023-09-26,549.0,550.0,527.375,529.4749755859375,526.5057373046875,363078
2023-09-27,532.0,542.2999877929688,529.0,532.0499877929688,529.0663452148438,662716
2023-09-28,532.8250122070312,549.0,526.375,543.9000244140625,540.8499145507812,425058
2023-09-29,537.9500122070312,542.4249877929688,526.2999877929688,528.9000244140625,525.9340209960938,439674
2023-10-03,527.0250244140625,539.9500122070312,517.7750244140625,520.5999755859375,517.6805419921875,510208
2023-10-04,520.0,521.7249755859375,512.7750244140625,519.5999755859375,516.6861572265625,256116
2023-10-05,524.2000122070312,525.0,515.5499877929688,518.0499877929688,515.1448364257812,352730
2023-10-06,519.0,522.2000122070312,516.0499877929688,520.4749755859375,517.5562133789062,159570
2023-10-09,516.5,525.5250244140625,512.7999877929688,521.4500122070312,518.5258178710938,294280
2023-10-10,523.5999755859375,534.4749755859375,518.5,532.625,529.6381225585938,269588
2023-10-11,537.0,542.5,532.1500244140625,541.3499755859375,538.3141479492188,313936
2023-10-12,541.3499755859375,548.6500244140625,535.0,543.625,540.576416015625,269482
2023-10-13,536.5,547.4749755859375,529.2000122070312,545.2249755859375,542.1674194335938,486024
2023-10-16,543.9000244140625,544.9249877929688,535.2999877929688,543.8499755859375,540.8001708984375,342338
2023-10-17,543.8499755859375,552.3499755859375,540.0499877929688,548.1749877929688,545.1008911132812,216308
2023-10-18,548.1749877929688,556.375,535.8250122070312,548.3250122070312,545.2500610351562,969036
2023-10-19,542.4749755859375,555.0,537.0250244140625,552.4249877929688,549.3270874023438,358684
2023-10-20,562.5,577.5,552.7000122070312,555.7999877929688,552.6831665039062,1862824
2023-10-23,558.0,561.2750244140625,536.0,538.7999877929688,535.7785034179688,906762
2023-10-25,544.9249877929688,549.0,520.5,524.4749755859375,521.5338134765625,618872
2023-10-26,541.5250244140625,577.5,525.0,567.625,564.4418334960938,4849928
2023-10-27,572.5,597.875,560.2000122070312,588.7750244140625,585.4732666015625,3365782
2023-10-30,595.0,595.0,575.0,578.1500244140625,574.9078369140625,945810
2023-10-31,581.0,586.2999877929688,571.4000244140625,576.8250122070312,573.5902709960938,580762
2023-11-01,576.8250122070312,585.0,567.5,572.0999755859375,568.8917236328125,850400
2023-11-02,579.5,612.9749755859375,575.9749755859375,598.1749877929688,594.8204956054688,641646
2023-11-03,605.0,617.0,595.0,613.2000122070312,609.7612915039062,1462712
2023-11-06,617.4749755859375,625.9500122070312,609.0250244140625,624.125,620.625,1036068
2023-11-07,625.5250244140625,635.0,610.5250244140625,630.5,630.5,835416
2023-11-08,630.0,648.2999877929688,620.5499877929688,645.0999755859375,645.0999755859375,916504
2023-11-09,644.4749755859375,654.0,636.2000122070312,650.7999877929688,650.7999877929688,625706
2023-11-10,650.0,661.4749755859375,645.75,658.9249877929688,658.9249877929688,533890
2023-11-13,670.0,670.5750122070312,656.5,659.6500244140625,659.6500244140625,238976
2023-11-15,661.625,680.9749755859375,659.0250244140625,664.9500122070312,664.9500122070312,474994
2023-11-16,666.9500122070312,675.0,660.7999877929688,670.125,670.125,381976
2023-11-17,670.125,696.7999877929688,670.0250244140625,681.3250122070312,681.3250122070312,829964
2023-11-20,681.3250122070312,699.5,681.125,692.0250244140625,692.0250244140625,419450
2023-11-21,699.0,704.4749755859375,678.0499877929688,684.25,684.25,378300
2023-11-22,686.0,691.2000122070312,625.5750122070312,651.1500244140625,651.1500244140625,2464732
2023-11-23,658.2000122070312,662.0,645.0,649.7249755859375,649.7249755859375,428318
2023-11-24,649.7249755859375,656.5,640.9749755859375,646.7999877929688,646.7999877929688,371842
2023-11-28,644.5999755859375,646.9749755859375,625.0,626.8250122070312,626.8250122070312,688686
2023-11-29,629.5,640.1500244140625,625.5499877929688,634.875,634.875,700740
2023-11-30,638.2000122070312,683.5,638.2000122070312,679.5750122070312,679.5750122070312,1566372
2023-12-01,696.0,711.0,680.0,684.4249877929688,684.4249877929688,1517936
2023-12-04,705.5250244140625,709.7750244140625,696.5,704.0750122070312,704.0750122070312,775996
2023-12-05,704.0750122070312,734.5,704.0750122070312,731.4000244140625,731.4000244140625,1178068
2023-12-06,739.9500122070312,742.5,722.5,728.9749755859375,728.9749755859375,474070
2023-12-07,735.8250122070312,735.8250122070312,717.75,721.1749877929688,721.1749877929688,336924
2023-12-08,725.0,725.4500122070312,705.6500244140625,709.25,709.25,501696
2023-12-11,720.0,720.0,702.0,705.0999755859375,705.0999755859375,800680
2023-12-12,709.9000244140625,775.9500122070312,708.4500122070312,754.7999877929688,754.7999877929688,4247887
2023-12-13,752.0,752.0,715.0,723.5,723.5,1419882
2023-12-14,732.0,804.0,732.0,776.2999877929688,776.2999877929688,4748615
2023-12-15,787.4000244140625,793.0999755859375,765.0,769.0999755859375,769.0999755859375,1301472
2023-12-18,770.0,775.7999877929688,751.75,759.0999755859375,759.0999755859375,682863
2023-12-19,766.4000244140625,769.8499755859375,755.0,757.2000122070312,757.2000122070312,551468
2023-12-20,762.9500122070312,784.9000244140625,749.7999877929688,752.1500244140625,752.1500244140625,1129631
2023-12-21,740.0,755.9500122070312,732.0999755859375,745.0499877929688,745.0499877929688,482173
2023-12-22,755.3499755859375,756.9000244140625,738.2999877929688,749.9000244140625,749.9000244140625,497570
2023-12-26,749.9000244140625,753.3499755859375,732.5499877929688,744.5499877929688,744.5499877929688,628558
2023-12-27,752.0,753.75,735.5499877929688,740.1500244140625,740.1500244140625,385103
2023-12-28,746.9500122070312,747.5999755859375,725.0,727.3499755859375,727.3499755859375,410105
2023-12-29,738.9000244140625,746.0499877929688,730.0,742.75,742.75,469161
2024-01-01,736.0,739.9000244140625,720.4000244140625,722.9000244140625,722.9000244140625,1066481
2024-01-02,728.7999877929688,728.7999877929688,708.0,709.6500244140625,709.6500244140625,447140
2024-01-03,705.0499877929688,718.7999877929688,697.0499877929688,705.8499755859375,705.8499755859375,745261
2024-01-04,710.0,714.3499755859375,702.3499755859375,705.1500244140625,705.1500244140625,356682
2024-01-05,712.0499877929688,716.5499877929688,702.0,715.3499755859375,715.3499755859375,543171
2024-01-08,719.0,719.9000244140625,699.25,700.7000122070312,700.7000122070312,467040
2024-01-09,704.3499755859375,710.0,694.5499877929688,704.5499877929688,704.5499877929688,420680
2024-01-10,705.0,709.25,696.5999755859375,706.0,706.0,504112
2024-01-11,709.0,714.9000244140625,701.5,709.9500122070312,709.9500122070312,301148
2024-01-12,717.0,763.7999877929688,713.2000122070312,755.5,755.5,3207510
2024-01-15,764.7000122070312,779.5,756.0,761.8499755859375,761.8499755859375,1414234
2024-01-16,762.0999755859375,771.25,751.0499877929688,765.0,765.0,628161
2024-01-17,756.7000122070312,762.4000244140625,745.0499877929688,759.6500244140625,759.6500244140625,410793
2024-01-18,759.6500244140625,770.0,732.4500122070312,765.8499755859375,765.8499755859375,417635
2024-01-19,768.2000122070312,776.5,756.5,770.2000122070312,770.2000122070312,478114
2024-01-23,762.0,766.4500122070312,734.1500244140625,739.5499877929688,739.5499877929688,449923
2024-01-24,736.0,759.8499755859375,718.5,754.25,754.25,580239
2024-01-25,754.25,757.75,738.5499877929688,748.5,748.5,249950
2024-01-29,748.4500122070312,754.0999755859375,733.5,740.3499755859375,740.3499755859375,295146
2024-01-30,742.5,751.5999755859375,730.4000244140625,734.5999755859375,734.5999755859375,259382
2024-01-31,736.8499755859375,770.0,735.5,768.0,768.0,725180
2024-02-01,769.9000244140625,778.0,752.9000244140625,764.6500244140625,764.6500244140625,398384
2024-02-02,744.9500122070312,774.0,710.5,768.4000244140625,768.4000244140625,750592
2024-02-05,768.4000244140625,815.0,762.1500244140625,808.25,808.25,2233078
2024-02-06,825.0,838.0999755859375,813.4500122070312,823.25,823.25,969433
2024-02-07,830.0,830.7000122070312,802.1500244140625,805.2999877929688,805.2999877929688,392437
2024-02-08,806.5499877929688,810.0499877929688,787.7000122070312,798.25,798.25,429345
2024-02-09,802.4500122070312,814.0,777.5,796.7000122070312,796.7000122070312,267815
2024-02-12,797.5499877929688,808.7000122070312,775.0999755859375,783.7999877929688,783.7999877929688,243205
2024-02-13,786.5,786.5,745.2999877929688,780.6500244140625,780.6500244140625,546438
2024-02-14,781.0,788.6500244140625,762.75,777.2000122070312,777.2000122070312,213471
2024-02-15,782.9500122070312,827.0,780.0,812.7000122070312,812.7000122070312,551870
2024-02-16,815.2000122070312,820.75,786.0,797.4500122070312,797.4500122070312,331847
2024-02-19,802.0,848.0,801.4500122070312,842.2000122070312,842.2000122070312,1176036
2024-02-20,850.0,865.6500244140625,815.0,821.1500244140625,821.1500244140625,735116
2024-02-21,821.1500244140625,859.9000244140625,821.1500244140625,833.4500122070312,833.4500122070312,785562
2024-02-22,833.8499755859375,852.5499877929688,826.0,844.2000122070312,844.2000122070312,407885
2024-02-23,846.9000244140625,846.9000244140625,831.5499877929688,839.3499755859375,839.3499755859375,178701
2024-02-26,839.3499755859375,852.0,818.7000122070312,847.5,847.5,338114
2024-02-27,854.1500244140625,870.0,837.4500122070312,857.6500244140625,857.6500244140625,434501
2024-02-28,860.2000122070312,864.9500122070312,826.7000122070312,840.7999877929688,840.7999877929688,359864
2024-02-29,840.0,840.7999877929688,793.1500244140625,810.9500122070312,810.9500122070312,1030469
2024-03-01,815.0,825.0,806.5499877929688,817.2999877929688,817.2999877929688,379858
2024-03-04,822.5999755859375,826.1500244140625,797.8499755859375,816.8499755859375,816.8499755859375,408787
2024-03-05,811.0,834.7999877929688,803.2000122070312,822.7000122070312,822.7000122070312,430078
2024-03-06,825.0,825.0,774.9500122070312,805.0999755859375,805.0999755859375,660313
2024-03-07,812.4000244140625,816.9500122070312,785.0,789.0499877929688,789.0499877929688,507791
2024-03-11,793.0,793.4500122070312,765.0,782.8499755859375,782.8499755859375,277164
2024-03-12,777.7000122070312,782.4500122070312,743.5999755859375,754.2000122070312,754.2000122070312,585798
2024-03-13,754.2000122070312,757.7000122070312,705.9500122070312,740.2999877929688,740.2999877929688,937981
2024-03-14,737.0,741.2000122070312,704.0499877929688,728.0,728.0,964087
2024-03-15,728.0,747.4000244140625,718.25,731.5,731.5,528367
2024-03-18,731.5,749.0999755859375,723.3499755859375,745.4500122070312,745.4500122070312,351460
2024-03-19,750.4000244140625,753.9000244140625,733.6500244140625,750.0999755859375,750.0999755859375,291232
2024-03-20,753.0999755859375,756.0,725.0,728.6500244140625,728.6500244140625,998435
2024-03-21,730.0,763.0,722.0,749.0499877929688,749.0499877929688,774076
2024-03-22,742.0,755.1500244140625,731.0499877929688,742.5499877929688,742.5499877929688,953407
2024-03-26,738.0,750.4000244140625,729.0999755859375,747.5999755859375,747.5999755859375,335336
2024-03-27,751.5,752.0,736.2999877929688,743.2000122070312,743.2000122070312,195954
2024-03-28,750.0,750.0999755859375,720.0,722.3499755859375,722.3499755859375,443175
2024-04-01,722.0,729.5,711.5,716.1500244140625,716.1500244140625,1119265
2024-04-02,717.0999755859375,736.0,713.5999755859375,730.0499877929688,730.0499877929688,573133
2024-04-03,735.0,748.5499877929688,726.2000122070312,746.0499877929688,746.0499877929688,672219
2024-04-04,750.1500244140625,753.9000244140625,738.25,749.7000122070312,749.7000122070312,587890
2024-04-05,747.5999755859375,753.5999755859375,738.0499877929688,742.0499877929688,742.0499877929688,911374
2024-04-08,748.9000244140625,763.0,744.6500244140625,760.4500122070312,760.4500122070312,1444477
2024-04-09,768.0,769.7000122070312,749.25,758.5499877929688,758.5499877929688,639283
2024-04-10,757.0499877929688,760.0999755859375,728.25,737.75,737.75,1194640
2024-04-12,739.9500122070312,745.4500122070312,723.2000122070312,727.25,727.25,375809
2024-04-15,721.0,723.2000122070312,702.25,713.75,713.75,461156
2024-04-16,709.9000244140625,710.0499877929688,698.0,700.0,700.0,608393
2024-04-18,692.0,703.5,677.0499877929688,681.5999755859375,681.5999755859375,803079
2024-04-19,675.0,676.0,656.5499877929688,672.0499877929688,672.0499877929688,1345911
2024-04-22,675.0,679.5499877929688,664.7000122070312,669.0499877929688,669.0499877929688,330473
2024-04-23,671.0,675.6500244140625,658.5499877929688,660.7000122070312,660.7000122070312,316348
2024-04-24,667.0,675.0,662.9500122070312,671.7000122070312,671.7000122070312,217922
2024-04-25,675.0,683.25,665.5499877929688,672.5999755859375,672.5999755859375,325994
2024-04-26,672.0,690.1500244140625,670.5,681.0499877929688,681.0499877929688,281976
2024-04-29,684.5999755859375,697.0,678.5,694.2000122070312,694.2000122070312,272633
2024-04-30,696.0,705.0,678.0499877929688,691.1500244140625,691.1500244140625,926700
2024-05-02,698.9000244140625,698.9000244140625,677.0499877929688,682.2999877929688,682.2999877929688,418851
2024-05-03,682.2999877929688,685.0,666.4500122070312,672.25,672.25,200674
2024-05-06,670.0,672.25,656.0,660.2000122070312,660.2000122070312,258451
2024-05-07,660.2000122070312,660.4500122070312,630.0,638.2000122070312,638.2000122070312,469625
2024-05-08,552.0,569.0,530.0,540.0499877929688,540.0499877929688,8435849
2024-05-09,545.4500122070312,564.7000122070312,515.1500244140625,518.5499877929688,518.5499877929688,4430512
2024-05-10,525.9500122070312,527.75,496.5,517.7999877929688,517.7999877929688,3355112
2024-05-13,522.0,522.0,502.04998779296875,505.54998779296875,505.54998779296875,955462
2024-05-14,509.04998779296875,512.0999755859375,498.1000061035156,509.79998779296875,509.79998779296875,1049037
2024-05-15,512.5,540.0,511.1499938964844,527.8499755859375,527.8499755859375,2097819
2024-05-16,535.0,539.0,525.6500244140625,531.9000244140625,531.9000244140625,666955
2024-05-17,535.0,538.0,528.9500122070312,535.2000122070312,535.2000122070312,1271739
2024-05-21,539.9000244140625,539.9500122070312,522.0,524.3499755859375,524.3499755859375,721861
2024-05-22,527.5,529.25,511.6499938964844,519.2999877929688,519.2999877929688,1040157
2024-05-23,523.0,533.7999877929688,519.5499877929688,522.5,522.5,534080
2024-05-24,524.75,527.5,516.7000122070312,518.0499877929688,518.0499877929688,322335
2024-05-27,522.7000122070312,552.0,515.4500122070312,548.5499877929688,548.5499877929688,1432729
2024-05-28,554.0,554.8499755859375,531.9000244140625,543.9500122070312,543.9500122070312,857025
2024-05-29,545.2999877929688,547.75,534.25,538.75,538.75,620053
2024-05-30,538.75,539.2000122070312,515.0,518.0499877929688,518.0499877929688,382941
2024-05-31,520.6500244140625,525.0,509.6499938964844,515.25,515.25,587053
2024-06-03,534.7999877929688,535.5499877929688,501.1499938964844,503.75,503.75,1529224
2024-06-04,505.0,508.0,469.6000061035156,501.0,501.0,806491
2024-06-05,501.0,514.5999755859375,491.1000061035156,513.3499755859375,513.3499755859375,885373
2024-06-06,520.0,544.4000244140625,516.7999877929688,542.4000244140625,542.4000244140625,1014655
2024-06-07,545.0,590.0,542.9000244140625,586.0499877929688,586.0499877929688,3814219
2024-06-10,591.0,591.7000122070312,573.3499755859375,585.8499755859375,585.8499755859375,818680
2024-06-11,585.8499755859375,588.0,576.0,580.4000244140625,580.4000244140625,200225
