Date,Open,High,Low,Close,Adj Close,Volume
2011-09-08,52.0,61.939998626708984,48.400001525878906,55.04999923706055,48.69565963745117,75752335
2011-09-09,54.79999923706055,62.68000030517578,54.79999923706055,61.290000915527344,54.215389251708984,24306005
2011-09-12,61.130001068115234,62.400001525878906,59.619998931884766,60.900001525878906,53.870399475097656,11401490
2011-09-13,61.9900016784668,61.9900016784668,59.70000076293945,60.36000061035156,53.39272689819336,5917725
2011-09-14,60.619998931884766,64.29000091552734,59.650001525878906,62.689998626708984,55.45377731323242,9411165
2011-09-15,62.58000183105469,63.68000030517578,60.11000061035156,61.220001220703125,54.153465270996094,4715670
2011-09-16,61.06999969482422,61.33000183105469,57.20000076293945,58.09000015258789,51.3847541809082,2583355
2011-09-19,57.93000030517578,59.79999923706055,55.97999954223633,57.459999084472656,50.82747268676758,3873025
2011-09-20,57.599998474121094,58.970001220703125,57.0,57.599998474121094,50.95131301879883,1215180
2011-09-21,57.849998474121094,58.20000076293945,55.04999923706055,55.97999954223633,49.518306732177734,1176070
2011-09-22,55.20000076293945,55.619998931884766,52.459999084472656,53.0099983215332,46.89112854003906,1399910
2011-09-23,52.0,56.0,51.470001220703125,53.970001220703125,47.740318298339844,1854540
2011-09-26,54.15999984741211,55.0,52.400001525878906,53.65999984741211,47.466102600097656,528250
2011-09-27,54.47999954223633,55.400001525878906,53.41999816894531,53.84000015258789,47.62532424926758,396335
2011-09-28,54.34000015258789,54.38999938964844,51.36000061035156,52.150001525878906,46.13040542602539,213830
2011-09-29,52.220001220703125,52.56999969482422,46.540000915527344,51.34000015258789,45.41389465332031,363775
2011-09-30,51.400001525878906,52.79999923706055,50.0,51.38999938964844,45.45812225341797,253870
2011-10-03,50.279998779296875,51.0,49.2400016784668,50.43000030517578,44.60894012451172,205310
2011-10-04,50.2599983215332,51.599998474121094,50.0,50.97999954223633,45.09545135498047,192150
2011-10-05,51.099998474121094,51.939998626708984,50.599998474121094,50.880001068115234,45.00699234008789,157540
2011-10-07,51.400001525878906,52.59000015258789,50.79999923706055,51.970001220703125,45.9711799621582,159560
2011-10-10,51.400001525878906,51.900001525878906,50.849998474121094,51.209999084472656,45.29890823364258,85700
2011-10-11,50.83000183105469,51.599998474121094,50.79999923706055,51.27000045776367,45.35197830200195,34380
2011-10-12,51.11000061035156,51.689998626708984,51.11000061035156,51.34000015258789,45.41389465332031,36885
2011-10-13,51.0,51.45000076293945,50.66999816894531,51.18000030517578,45.27236557006836,28015
2011-10-14,50.75,51.400001525878906,50.47999954223633,51.06999969482422,45.17506408691406,59585
2011-10-17,50.84000015258789,51.41999816894531,50.84000015258789,51.29999923706055,45.378509521484375,30735
2011-10-18,51.29999923706055,51.58000183105469,50.79999923706055,51.25,45.33427810668945,50055
2011-10-19,50.81999969482422,54.0,50.81999969482422,51.7400016784668,45.767730712890625,98985
2011-10-20,51.959999084472656,51.959999084472656,51.0,51.0,45.113136291503906,21530
2011-10-21,51.0,51.38999938964844,51.0,51.02000045776367,45.13082504272461,48550
2011-10-24,51.470001220703125,52.38999938964844,51.0,51.16999816894531,45.263511657714844,113245
2011-10-25,51.5,51.5,50.9900016784668,51.0099983215332,45.121986389160156,22910
2011-10-28,53.0,53.0,51.0,51.4900016784668,45.54658126831055,5985
2011-10-31,51.4900016784668,51.4900016784668,50.79999923706055,51.0,45.113136291503906,20425
2011-11-01,51.02000045776367,54.0,50.47999954223633,51.150001525878906,45.24582290649414,42375
2011-11-02,50.400001525878906,50.970001220703125,49.380001068115234,50.56999969482422,44.7327766418457,24215
2011-11-03,52.0,52.209999084472656,50.400001525878906,50.5,44.67085647583008,47860
2011-11-04,51.0,51.400001525878906,50.41999816894531,50.56999969482422,44.7327766418457,11675
2011-11-08,50.41999816894531,51.08000183105469,50.290000915527344,50.709999084472656,44.85661697387695,62570
2011-11-09,50.79999923706055,51.5,50.400001525878906,50.93000030517578,45.05121612548828,33810
2011-11-11,50.779998779296875,51.0,50.45000076293945,50.93000030517578,45.05121612548828,48245
2011-11-14,50.810001373291016,60.0,50.79999923706055,54.040000915527344,47.80223846435547,3933915
2011-11-15,54.2400016784668,57.0,52.91999816894531,53.83000183105469,47.61648178100586,1305435
2011-11-16,54.0,55.2599983215332,51.849998474121094,52.04999923706055,46.04194259643555,186125
2011-11-17,52.9900016784668,54.790000915527344,50.400001525878906,50.650001525878906,44.80354690551758,282360
2011-11-18,51.400001525878906,51.400001525878906,49.20000076293945,49.720001220703125,43.98088836669922,101675
2011-11-21,48.79999923706055,50.59000015258789,48.599998474121094,49.400001525878906,43.69782638549805,87340
2011-11-22,48.79999923706055,50.220001220703125,45.0,47.40999984741211,41.93753433227539,117425
2011-11-23,46.2599983215332,48.0,45.59000015258789,47.560001373291016,42.07022476196289,158920
2011-11-24,46.709999084472656,47.599998474121094,46.20000076293945,46.689998626708984,41.300636291503906,5900
2011-11-25,46.119998931884766,46.79999923706055,45.310001373291016,45.75,40.469146728515625,28540
2011-11-28,44.400001525878906,46.97999954223633,44.400001525878906,46.220001220703125,40.88489532470703,41440
2011-11-29,45.630001068115234,46.20000076293945,44.040000915527344,45.0,39.80571746826172,3390
2011-11-30,44.40999984741211,44.689998626708984,43.599998474121094,43.79999923706055,38.74422073364258,37110
2011-12-01,46.29999923706055,46.29999923706055,42.63999938964844,43.22999954223633,38.240020751953125,15840
2011-12-02,43.20000076293945,44.0,42.0,42.93000030517578,37.974647521972656,109400
2011-12-05,43.599998474121094,50.79999923706055,42.400001525878906,48.650001525878906,43.03440475463867,1004240
2011-12-07,48.599998474121094,51.9900016784668,47.790000915527344,50.38999938964844,44.57355880737305,936220
2011-12-08,49.9900016784668,49.9900016784668,47.06999969482422,47.91999816894531,42.3886604309082,65665
2011-12-09,47.209999084472656,51.79999923706055,46.150001525878906,48.369998931884766,42.786720275878906,384225
2011-12-12,50.4900016784668,50.4900016784668,46.02000045776367,46.709999084472656,41.31833267211914,21000
2011-12-13,45.220001220703125,47.9900016784668,43.06999969482422,46.56999969482422,41.194488525390625,219730
2011-12-14,44.599998474121094,48.400001525878906,44.599998474121094,46.5,41.132572174072266,80600
2011-12-15,45.400001525878906,47.150001525878906,43.70000076293945,46.279998779296875,40.93796157836914,45880
2011-12-16,45.599998474121094,48.400001525878906,45.599998474121094,47.16999816894531,41.72523498535156,72190
2011-12-19,45.63999938964844,47.59000015258789,45.63999938964844,46.59000015258789,41.21218490600586,42280
2011-12-20,55.779998779296875,55.779998779296875,46.20000076293945,46.75,41.35371398925781,12115
2011-12-21,46.61000061035156,47.099998474121094,44.83000183105469,45.900001525878906,40.60182571411133,59230
2011-12-22,45.400001525878906,47.36000061035156,45.400001525878906,47.02000045776367,41.59255599975586,10665
2011-12-23,46.61000061035156,47.15999984741211,46.06999969482422,46.63999938964844,41.25640869140625,26670
2011-12-26,47.0,48.58000183105469,47.0,47.84000015258789,42.317901611328125,15915
2011-12-27,49.18000030517578,49.18000030517578,46.9900016784668,47.209999084472656,41.76060485839844,12700
2011-12-28,40.400001525878906,47.59000015258789,40.400001525878906,46.779998779296875,41.3802490234375,11390
2011-12-29,45.63999938964844,47.290000915527344,45.63999938964844,46.22999954223633,40.893733978271484,2890
2011-12-30,45.400001525878906,46.0,44.20000076293945,44.40999984741211,39.28382110595703,11380
2012-01-02,43.45000076293945,45.79999923706055,43.400001525878906,43.619998931884766,38.58501052856445,1560
2012-01-03,43.599998474121094,45.40999984741211,43.599998474121094,44.869998931884766,39.690711975097656,20635
2012-01-04,44.2599983215332,44.52000045776367,43.81999969482422,44.380001068115234,39.25728225708008,7115
2012-01-05,45.959999084472656,45.97999954223633,44.52000045776367,45.5,40.24800109863281,31730
2012-01-06,44.619998931884766,45.0,44.119998931884766,44.65999984741211,39.50495910644531,1645
2012-01-09,44.400001525878906,47.97999954223633,44.400001525878906,46.880001068115234,41.46870803833008,15475
2012-01-10,45.209999084472656,47.58000183105469,45.20000076293945,47.220001220703125,41.769466400146484,6940
2012-01-11,46.81999969482422,47.18000030517578,46.0,46.349998474121094,40.999881744384766,3655
2012-01-12,45.79999923706055,46.43000030517578,45.04999923706055,45.70000076293945,40.42491149902344,23115
2012-01-13,47.0,48.0,45.41999816894531,45.45000076293945,40.20377731323242,1665
2012-01-16,44.43000030517578,48.2400016784668,44.40999984741211,47.880001068115234,42.35327911376953,6395
2012-01-17,47.0,47.54999923706055,46.209999084472656,47.0099983215332,41.583702087402344,17640
2012-01-18,45.709999084472656,47.36000061035156,45.70000076293945,46.09000015258789,40.76988983154297,4100
2012-01-19,45.209999084472656,46.599998474121094,45.209999084472656,46.08000183105469,40.76105880737305,3405
2012-01-20,45.619998931884766,47.5,45.619998931884766,46.95000076293945,41.53063201904297,16160
2012-01-23,48.790000915527344,48.790000915527344,46.0099983215332,46.58000183105469,41.20333480834961,2510
2012-01-24,46.9900016784668,47.18000030517578,46.709999084472656,47.099998474121094,41.6633186340332,5735
2012-01-25,45.439998626708984,47.599998474121094,40.25,46.5,41.132572174072266,2110
2012-01-27,46.2599983215332,46.61000061035156,46.2599983215332,46.599998474121094,41.22102737426758,11555
2012-01-30,46.20000076293945,49.0099983215332,46.0,48.11000061035156,42.55673599243164,7050
2012-01-31,46.400001525878906,50.79999923706055,44.630001068115234,48.7400016784668,43.11400604248047,16950
2012-02-01,48.099998474121094,49.4900016784668,47.040000915527344,47.68000030517578,42.176361083984375,4915
2012-02-02,47.599998474121094,48.099998474121094,47.0,47.209999084472656,41.76060485839844,2000
2012-02-03,47.20000076293945,51.0,46.40999984741211,50.16999816894531,44.378944396972656,47070
2012-02-06,50.400001525878906,53.31999969482422,49.20000076293945,52.130001068115234,46.11271667480469,23250
2012-02-07,52.0,53.56999969482422,51.27000045776367,52.5,46.439998626708984,39690
2012-02-08,52.599998474121094,52.599998474121094,51.41999816894531,52.529998779296875,46.466529846191406,3510
2012-02-09,51.970001220703125,51.970001220703125,50.79999923706055,51.61000061035156,45.65272903442383,6885
2012-02-10,49.61000061035156,51.400001525878906,46.9900016784668,50.2599983215332,44.458560943603516,34760
2012-02-13,48.2400016784668,51.189998626708984,46.25,48.54999923706055,42.94593048095703,6650
2012-02-14,49.0,51.599998474121094,47.20000076293945,50.880001068115234,45.00699234008789,2895
2012-02-15,49.02000045776367,52.97999954223633,49.02000045776367,49.619998931884766,43.89243698120117,17685
2012-02-16,49.20000076293945,51.47999954223633,48.209999084472656,51.08000183105469,45.183902740478516,23445
2012-02-17,51.599998474121094,51.79999923706055,49.599998474121094,50.130001068115234,44.343563079833984,2085
2012-02-21,51.97999954223633,54.849998474121094,50.79999923706055,53.79999923706055,47.589942932128906,43760
2012-02-22,54.08000183105469,54.599998474121094,52.029998779296875,52.7599983215332,46.66999435424805,6130
2012-02-23,52.20000076293945,52.38999938964844,50.79999923706055,52.060001373291016,46.05078887939453,20965
2012-02-24,51.45000076293945,53.9900016784668,51.45000076293945,52.7400016784668,46.65229415893555,3830
2012-02-27,50.599998474121094,52.20000076293945,49.04999923706055,50.369998931884766,44.55585861206055,1100
2012-02-28,51.0,53.0,49.84000015258789,52.349998474121094,46.307308197021484,8170
2012-02-29,50.61000061035156,53.72999954223633,50.25,51.18000030517578,45.27236557006836,9485
2012-03-01,50.0,51.79999923706055,50.0,51.04999923706055,45.157371520996094,2360
2012-03-02,51.599998474121094,52.0,50.20000076293945,50.27000045776367,44.46739959716797,3995
2012-03-05,50.79999923706055,51.599998474121094,50.70000076293945,50.70000076293945,44.8477668762207,225
2012-03-06,50.70000076293945,50.70000076293945,48.959999084472656,49.939998626708984,44.175498962402344,54080
2012-03-07,48.400001525878906,52.880001068115234,48.0099983215332,48.779998779296875,43.149391174316406,111255
2012-03-09,49.400001525878906,52.63999938964844,48.79999923706055,49.060001373291016,43.39707565307617,1465
2012-03-12,49.959999084472656,51.56999969482422,48.459999084472656,49.939998626708984,44.175498962402344,3005
2012-03-13,50.0,51.0,48.83000183105469,49.97999954223633,44.21087646484375,58230
2012-03-14,51.869998931884766,51.869998931884766,49.43000030517578,49.439998626708984,43.733211517333984,300
2012-03-15,49.0,50.599998474121094,49.0,50.34000015258789,44.52932357788086,4160
2012-03-16,51.0,51.20000076293945,47.61000061035156,48.439998626708984,42.8486328125,42120
2012-03-19,48.0099983215332,48.0099983215332,46.400001525878906,47.25,41.79600143432617,2615
2012-03-20,46.599998474121094,49.95000076293945,46.599998474121094,47.5099983215332,42.0259895324707,136680
2012-03-21,46.25,49.59000015258789,46.25,48.36000061035156,42.77787399291992,1985
2012-03-22,48.209999084472656,48.400001525878906,47.400001525878906,47.459999084472656,41.981754302978516,2095
2012-03-23,47.599998474121094,47.599998474121094,47.45000076293945,47.529998779296875,42.043670654296875,755
2012-03-26,48.20000076293945,50.9900016784668,48.20000076293945,50.209999084472656,44.41432571411133,30810
2012-03-27,49.209999084472656,52.400001525878906,49.209999084472656,51.79999923706055,45.820804595947266,24850
2012-03-28,58.58000183105469,58.58000183105469,52.0,52.869998931884766,46.76728820800781,89200
2012-03-29,53.0,53.0,50.31999969482422,51.369998931884766,45.4404296875,775
2012-03-30,50.400001525878906,52.70000076293945,47.9900016784668,48.91999816894531,43.273231506347656,9165
2012-04-02,49.0,51.0,49.0,50.540000915527344,44.70623779296875,9080
2012-04-03,50.279998779296875,53.09000015258789,50.279998779296875,52.86000061035156,46.758445739746094,5845
2012-04-04,55.88999938964844,55.88999938964844,52.060001373291016,53.5099983215332,47.33342742919922,16455
2012-04-09,51.599998474121094,61.900001525878906,51.5,58.33000183105469,51.59705352783203,836405
2012-04-10,59.58000183105469,61.540000915527344,58.58000183105469,60.04999923706055,53.118507385253906,608530
2012-04-11,59.22999954223633,59.970001220703125,57.47999954223633,58.86000061035156,52.06587219238281,179145
2012-04-12,58.5099983215332,59.0,57.63999938964844,58.790000915527344,52.00395202636719,148115
2012-04-13,58.099998474121094,65.0199966430664,58.099998474121094,61.540000915527344,54.43653106689453,588985
2012-04-16,60.79999923706055,66.37999725341797,60.79999923706055,65.19000244140625,57.66521072387695,207890
2012-04-17,65.5999984741211,68.36000061035156,64.41999816894531,65.58999633789062,58.01903533935547,175430
2012-04-18,66.19999694824219,66.9000015258789,62.20000076293945,62.65999984741211,55.42723846435547,48170
2012-04-19,62.849998474121094,65.4000015258789,62.209999084472656,62.4900016784668,55.27687072753906,78885
2012-04-20,65.97000122070312,65.97000122070312,62.029998779296875,62.63999938964844,55.4095573425293,17015
2012-04-23,62.310001373291016,63.709999084472656,59.599998474121094,61.0,53.95885467529297,27090
2012-04-24,60.79999923706055,61.470001220703125,59.79999923706055,60.11000061035156,53.17158508300781,18310
2012-04-25,59.41999816894531,62.0099983215332,59.099998474121094,59.529998779296875,52.658531188964844,169645
2012-04-26,59.599998474121094,61.31999969482422,59.0099983215332,59.790000915527344,52.888526916503906,48670
2012-04-27,60.59000015258789,61.5,59.630001068115234,60.18000030517578,53.23351287841797,13900
2012-04-30,60.79999923706055,60.79999923706055,59.0,59.599998474121094,52.72045135498047,5835
2012-05-02,60.349998474121094,60.349998474121094,58.20000076293945,59.189998626708984,52.357784271240234,18605
2012-05-03,60.0,60.0,59.0,59.27000045776367,52.428550720214844,42560
2012-05-04,59.11000061035156,59.11000061035156,59.0,59.0,52.18970489501953,40220
2012-05-07,59.18000030517578,59.58000183105469,58.79999923706055,59.209999084472656,52.37546920776367,38780
2012-05-08,58.79999923706055,64.9000015258789,58.79999923706055,61.38999938964844,54.30384063720703,20340
2012-05-09,59.41999816894531,64.0,59.41999816894531,62.31999969482422,55.12649917602539,15515
2012-05-10,61.220001220703125,62.0,59.79999923706055,60.0,53.07428741455078,12680
2012-05-11,59.599998474121094,62.0,59.0,59.029998779296875,52.21623992919922,14410
2012-05-14,59.599998474121094,61.400001525878906,59.599998474121094,60.27000045776367,53.3131217956543,35635
2012-05-15,60.0,62.0,59.97999954223633,60.0,53.07428741455078,19840
2012-05-16,60.0,64.01000213623047,59.31999969482422,61.779998779296875,54.648826599121094,20480
2012-05-17,62.0,62.0,59.0099983215332,59.040000915527344,52.225101470947266,1645
2012-05-18,59.599998474121094,59.720001220703125,59.0,59.02000045776367,52.20741271972656,38935
2012-05-21,60.79999923706055,61.59000015258789,59.61000061035156,59.650001525878906,52.764686584472656,455
2012-05-22,61.0,61.0,59.599998474121094,60.0,53.07428741455078,615
2012-05-23,59.02000045776367,59.02000045776367,59.0,59.0,52.18970489501953,5020
2012-05-24,59.02000045776367,63.0,58.599998474121094,60.90999984741211,53.87924575805664,148490
2012-05-25,59.20000076293945,60.880001068115234,58.02000045776367,58.7599983215332,51.977413177490234,8305
2012-05-28,61.97999954223633,62.0,58.060001373291016,58.630001068115234,51.862422943115234,4220
2012-05-29,58.099998474121094,60.88999938964844,58.0099983215332,60.349998474121094,53.383880615234375,11550
2012-05-30,59.20000076293945,62.58000183105469,58.79999923706055,59.720001220703125,52.82660675048828,17055
2012-05-31,59.20000076293945,62.400001525878906,58.400001525878906,60.36000061035156,53.39272689819336,14470
2012-06-01,59.79999923706055,61.0,59.189998626708984,59.36000061035156,52.50815963745117,13165
2012-06-04,60.0,60.79999923706055,58.29999923706055,58.70000076293945,51.92434310913086,3180
2012-06-05,57.79999923706055,61.189998626708984,57.79999923706055,58.4900016784668,51.73858642578125,680
2012-06-06,58.310001373291016,59.79999923706055,58.310001373291016,59.099998474121094,52.278167724609375,12545
2012-06-07,59.20000076293945,60.400001525878906,59.0,59.04999923706055,52.23394012451172,1040
2012-06-08,59.0099983215332,60.9900016784668,58.310001373291016,58.880001068115234,52.08356475830078,490
2012-06-11,59.0099983215332,60.779998779296875,59.0,59.02000045776367,52.20741271972656,13200
2012-06-12,59.0099983215332,60.20000076293945,59.0,59.0,52.18970489501953,9080
2012-06-13,59.029998779296875,59.560001373291016,59.0,59.0,52.18970489501953,3465
2012-06-14,59.0,61.20000076293945,59.0,59.7400016784668,52.844303131103516,2215
2012-06-15,59.20000076293945,59.84000015258789,59.0,59.0099983215332,52.19855880737305,7960
2012-06-18,59.0,60.0,59.0,59.61000061035156,52.72929382324219,1760
2012-06-19,59.099998474121094,59.970001220703125,59.0,59.310001373291016,52.46392822265625,372025
2012-06-20,59.029998779296875,59.79999923706055,59.0,59.0,52.18970489501953,26915
2012-06-21,59.04999923706055,59.20000076293945,59.04999923706055,59.20000076293945,52.36663055419922,5700
2012-06-22,59.79999923706055,60.0,59.79999923706055,60.0,53.07428741455078,1515
2012-06-25,60.0,60.0,59.04999923706055,59.33000183105469,52.481624603271484,10320
2012-06-26,59.9900016784668,60.0,59.9900016784668,60.0,53.07428741455078,10
2012-06-27,60.0,60.0,60.0,60.0,53.07428741455078,0
2012-06-28,59.97999954223633,60.0,59.97999954223633,60.0,53.07428741455078,20
2012-06-29,59.97999954223633,59.97999954223633,59.0,59.099998474121094,52.278167724609375,1525
2012-07-02,60.38999938964844,60.38999938964844,59.959999084472656,59.97999954223633,53.056602478027344,300
2012-07-03,59.0,59.0,58.11000061035156,58.58000183105469,51.81819152832031,200
2012-07-04,59.20000076293945,60.0,59.20000076293945,59.41999816894531,52.56122970581055,255
2012-07-05,59.20000076293945,59.20000076293945,55.0,58.720001220703125,52.2940673828125,97530
2012-07-06,58.20000076293945,58.20000076293945,56.060001373291016,58.0,51.65285873413086,2600
2012-07-09,58.599998474121094,59.38999938964844,58.0,59.0,52.54341506958008,5055
2012-07-10,59.970001220703125,59.970001220703125,58.5,58.599998474121094,52.187198638916016,24805
2012-07-11,60.0,60.0,59.20000076293945,59.79999923706055,53.2558708190918,95
2012-07-12,59.79999923706055,59.79999923706055,58.5,59.369998931884766,52.87293243408203,105
2012-07-13,58.79999923706055,58.810001373291016,58.0,58.79999923706055,52.36530303955078,2045
2012-07-16,59.400001525878906,59.47999954223633,58.20000076293945,58.20000076293945,51.830970764160156,210
2012-07-17,57.599998474121094,58.0,57.20000076293945,58.0,51.65285873413086,4615
2012-07-18,58.0,58.0,58.0,58.0,51.65285873413086,0
2012-07-19,56.0099983215332,59.9900016784668,56.0099983215332,58.47999954223633,52.08032989501953,1620
2012-07-20,57.810001373291016,57.810001373291016,57.810001373291016,57.80999755859375,51.483642578125,5
2012-07-23,57.79999923706055,58.38999938964844,57.79999923706055,58.3900032043457,52.00017547607422,1915
2012-07-24,59.0,59.0,56.060001373291016,56.40999984741211,50.23685836791992,375
2012-07-25,56.45000076293945,58.79999923706055,56.45000076293945,58.75,52.32078552246094,565
2012-07-26,56.20000076293945,59.38999938964844,55.20000076293945,58.67000198364258,52.24953842163086,12850
2012-07-27,59.77000045776367,60.0,58.0099983215332,58.65999984741211,52.240631103515625,820
2012-07-30,56.0,59.20000076293945,56.0,56.470001220703125,50.290287017822266,620
2012-07-31,57.0,59.0,57.0,58.0,51.65285873413086,65
2012-08-01,58.0,58.0,56.5099983215332,56.709999084472656,50.504024505615234,1355
2012-08-02,57.0,57.790000915527344,56.599998474121094,57.790000915527344,51.465843200683594,45
2012-08-03,58.400001525878906,58.70000076293945,55.79999923706055,56.150001525878906,50.005313873291016,980
2012-08-06,56.0,58.7599983215332,53.2599983215332,55.0,48.98115539550781,1860
2012-08-07,55.599998474121094,57.20000076293945,55.599998474121094,57.0,50.76229476928711,475
2012-08-08,58.25,58.25,57.599998474121094,58.20000076293945,51.830970764160156,1025
2012-08-09,57.599998474121094,58.189998626708984,55.20000076293945,55.3599967956543,49.301761627197266,385
2012-08-10,54.79999923706055,57.400001525878906,54.20000076293945,55.9900016784668,49.86281967163086,16235
2012-08-13,56.599998474121094,58.0,54.79999923706055,55.34000015258789,49.28395462036133,695
2012-08-14,54.02000045776367,56.599998474121094,54.02000045776367,55.320003509521484,49.266136169433594,505
2012-08-16,56.0,56.20000076293945,54.529998779296875,54.62000274658203,48.642738342285156,17760
2012-08-17,54.630001068115234,56.689998626708984,54.630001068115234,55.400001525878906,49.3373908996582,800
2012-08-21,55.400001525878906,55.400001525878906,55.400001525878906,55.400001525878906,49.3373908996582,0
2012-08-22,54.79999923706055,55.79999923706055,54.25,55.79999923706055,49.69361114501953,240
2012-08-23,55.20000076293945,56.560001373291016,54.400001525878906,54.90999984741211,48.9010009765625,2150
2012-08-24,54.90999984741211,54.90999984741211,54.90999984741211,54.90999984741211,48.9010009765625,0
2012-08-27,53.619998931884766,55.400001525878906,53.599998474121094,54.59000015258789,48.61602783203125,1025
2012-08-28,55.20000076293945,58.0,52.599998474121094,53.970001220703125,48.063873291015625,30800
2012-08-29,50.470001220703125,53.68000030517578,50.470001220703125,52.1400032043457,46.43413543701172,2145
2012-08-30,53.599998474121094,55.0,53.400001525878906,54.70000076293945,48.713993072509766,1630
2012-08-31,54.09000015258789,55.939998626708984,54.09000015258789,54.80999755859375,48.81194305419922,1085
2012-09-03,54.400001525878906,55.939998626708984,53.599998474121094,53.709999084472656,47.83232879638672,2530
2012-09-04,54.400001525878906,55.939998626708984,54.400001525878906,55.94000244140625,49.818294525146484,355
2012-09-05,55.939998626708984,55.939998626708984,54.0,54.0,48.09059143066406,755
2012-09-06,55.0,55.0,53.79999923706055,53.8599967956543,47.96591567993164,2125
2012-09-07,55.939998626708984,55.939998626708984,47.7400016784668,50.970001220703125,45.39217758178711,32440
2012-09-10,53.0,53.0,48.29999923706055,50.459999084472656,44.937984466552734,4860
2012-09-11,46.400001525878906,50.7599983215332,46.400001525878906,48.7400016784668,43.40620422363281,3225
2012-09-12,49.400001525878906,50.349998474121094,48.79999923706055,49.0,43.63775634765625,3495
2012-09-13,49.599998474121094,50.29999923706055,48.900001525878906,49.84000015258789,44.385833740234375,6260
2012-09-14,49.04999923706055,50.099998474121094,48.459999084472656,50.099998474121094,44.61738204956055,1850
2012-09-17,49.400001525878906,49.79999923706055,48.599998474121094,49.79999923706055,44.3502082824707,250
2012-09-18,49.29999923706055,50.38999938964844,49.29999923706055,50.38999938964844,44.875648498535156,2700
2012-09-20,49.0,50.58000183105469,48.900001525878906,49.04999923706055,43.68228530883789,1350
2012-09-21,50.400001525878906,51.599998474121094,49.4900016784668,49.5,44.083045959472656,3040
2012-09-24,49.900001525878906,51.599998474121094,49.599998474121094,51.12999725341797,45.53466796875,4740
2012-09-25,51.939998626708984,51.939998626708984,50.0,51.20000076293945,45.59701156616211,5305
2012-09-26,59.9900016784668,59.9900016784668,46.43000030517578,52.02000045776367,46.32726287841797,17040
2012-09-27,51.68000030517578,52.75,51.599998474121094,52.599998474121094,46.84379577636719,8420
2012-09-28,52.400001525878906,56.79999923706055,52.400001525878906,54.5,48.5358772277832,13895
2012-10-01,55.0,55.599998474121094,54.040000915527344,54.20000076293945,48.26870346069336,3250
2012-10-03,54.02000045776367,55.099998474121094,53.20000076293945,54.77000045776367,48.77632522583008,1315
2012-10-04,54.20000076293945,54.79999923706055,53.0,53.79999923706055,47.912479400634766,1695
2012-10-05,50.2599983215332,54.9900016784668,50.2599983215332,53.400001525878906,47.55624771118164,590
2012-10-08,55.0,55.0,52.20000076293945,52.349998474121094,46.621150970458984,5775
2012-10-09,53.0,53.0,52.0,52.599998474121094,46.84379577636719,8875
2012-10-10,53.400001525878906,53.79999923706055,52.400001525878906,52.400001525878906,46.665687561035156,2840
2012-10-11,52.900001525878906,52.97999954223633,52.0,52.20000076293945,46.48758316040039,4055
2012-10-12,49.099998474121094,52.0,49.099998474121094,52.0,46.30945587158203,2975
2012-10-15,52.0,52.38999938964844,49.599998474121094,51.95000076293945,46.264930725097656,10975
2012-10-16,52.0,52.400001525878906,51.0,51.400001525878906,45.77511978149414,1350
2012-10-17,51.79999923706055,51.9900016784668,50.79999923706055,50.86000061035156,45.294212341308594,455
2012-10-18,51.400001525878906,52.0,51.0,51.0,45.41888427734375,825
2012-10-19,51.20000076293945,52.0,51.0,52.0,46.30945587158203,1220
2012-10-22,51.400001525878906,51.400001525878906,50.79999923706055,50.79999923706055,45.24077606201172,135
2012-10-23,53.0,54.0,50.79999923706055,51.099998474121094,45.50794219970703,5415
2012-10-25,51.20000076293945,51.20000076293945,50.70000076293945,50.95000076293945,45.37436294555664,11210
2012-10-29,50.599998474121094,50.599998474121094,49.59000015258789,50.0,44.528324127197266,7730
2012-10-30,50.0,50.0,48.20000076293945,48.75,43.41511535644531,1745
2012-10-31,49.400001525878906,49.61000061035156,47.72999954223633,48.62000274658203,43.299346923828125,138100
2012-11-01,49.20000076293945,49.79999923706055,47.0,47.61000061035156,42.39987564086914,479070
2012-11-02,47.61000061035156,48.0,40.7400016784668,46.36000061035156,41.28666305541992,31310
2012-11-05,46.02000045776367,49.5,46.02000045776367,47.679996490478516,42.46220397949219,9675
2012-11-06,47.0,47.599998474121094,45.900001525878906,45.900001525878906,40.87699890136719,21765
2012-11-07,46.97999954223633,46.97999954223633,45.0,45.279998779296875,40.3248405456543,8835
2012-11-08,45.310001373291016,46.0,45.20000076293945,45.79999923706055,40.78794479370117,11890
2012-11-09,45.41999816894531,45.95000076293945,44.61000061035156,44.900001525878906,39.98643493652344,6135
2012-11-12,45.0,45.599998474121094,42.81999969482422,43.9900016784668,39.176025390625,35680
2012-11-15,44.20000076293945,44.20000076293945,43.79999923706055,43.79999923706055,39.006805419921875,5170
2012-11-16,44.0,44.0,43.79999923706055,43.79999923706055,39.006805419921875,1675
2012-11-19,43.79999923706055,43.79999923706055,43.599998474121094,43.599998474121094,38.828697204589844,25050
2012-11-20,43.20000076293945,43.79999923706055,42.2400016784668,42.66999816894531,38.00047302246094,35395
2012-11-21,43.599998474121094,43.599998474121094,42.0,42.439998626708984,37.7956428527832,5205
2012-11-22,43.0,44.0,43.0,44.0,39.18491744995117,4075
2012-11-23,44.0,46.599998474121094,44.0,45.939998626708984,40.912620544433594,3180
2012-11-26,45.599998474121094,46.0,45.400001525878906,45.400001525878906,40.43172073364258,1800
2012-11-27,47.0,47.0,44.220001220703125,46.61000061035156,41.50930404663086,6915
2012-11-29,45.70000076293945,46.0,44.400001525878906,44.65999984741211,39.77269744873047,11475
2012-11-30,45.0,46.18000030517578,44.5,44.5,39.63020706176758,2785
2012-12-03,45.400001525878906,47.0,45.02000045776367,45.970001220703125,40.9393424987793,30650
2012-12-04,45.0,50.5,44.0,49.650001525878906,44.21662902832031,2065440
2012-12-05,49.650001525878906,50.0,47.38999938964844,47.97999954223633,42.72937774658203,23005
2012-12-06,48.0,48.79999923706055,47.20000076293945,47.91999816894531,42.67594528198242,4755
2012-12-07,48.0,48.0,46.720001220703125,48.0,42.7471923828125,725
2012-12-10,54.0,54.0,47.15999984741211,47.599998474121094,42.39096450805664,4520
2012-12-11,51.29999923706055,51.29999923706055,47.599998474121094,47.7599983215332,42.53345489501953,5710
2012-12-12,48.599998474121094,48.599998474121094,46.040000915527344,47.40999984741211,42.22175979614258,3155
2012-12-13,46.79999923706055,47.97999954223633,46.099998474121094,47.0,41.856624603271484,11215
2012-12-14,46.900001525878906,50.9900016784668,46.02000045776367,46.599998474121094,41.500396728515625,16980
2012-12-17,46.709999084472656,47.380001068115234,46.0,47.279998779296875,42.105979919433594,7835
2012-12-18,46.79999923706055,46.810001373291016,45.900001525878906,45.97999954223633,40.948246002197266,3600
2012-12-19,46.0099983215332,47.18000030517578,46.0099983215332,47.0,41.856624603271484,4450
2012-12-20,46.279998779296875,46.720001220703125,45.599998474121094,45.77000045776367,40.76123046875,8860
2012-12-21,43.400001525878906,46.65999984741211,43.400001525878906,45.4900016784668,40.511863708496094,5150
2012-12-24,46.0,46.0,45.0,45.970001220703125,40.9393424987793,19750
2012-12-26,47.7599983215332,47.7599983215332,45.0,45.02000045776367,40.09330368041992,7490
2012-12-27,45.02000045776367,45.779998779296875,44.79999923706055,45.400001525878906,40.43172073364258,1990
2012-12-28,45.0,45.02000045776367,45.0,45.02000045776367,40.09330368041992,1170
2012-12-31,45.599998474121094,45.599998474121094,44.79999923706055,45.279998779296875,40.3248405456543,2590
2013-01-01,45.20000076293945,45.97999954223633,45.0,45.33000183105469,40.36937713623047,1000
2013-01-02,45.0099983215332,45.599998474121094,45.0099983215332,45.599998474121094,40.609832763671875,450
2013-01-03,46.0,48.97999954223633,46.0,48.349998474121094,43.05888748168945,64200
2013-01-04,49.0,50.0,48.61000061035156,48.9900016784668,43.628849029541016,8720
2013-01-07,48.400001525878906,52.47999954223633,45.099998474121094,50.369998931884766,44.85783004760742,240305
2013-01-08,50.5,51.59000015258789,50.0,50.029998779296875,44.55503845214844,41165
2013-01-09,49.599998474121094,50.36000061035156,49.599998474121094,50.12000274658203,44.63519287109375,37315
2013-01-10,50.72999954223633,52.0,49.599998474121094,50.79999923706055,45.24077606201172,16530
2013-01-11,50.0,50.400001525878906,50.0,50.0,44.528324127197266,6575
2013-01-14,48.41999816894531,51.0,48.41999816894531,50.029998779296875,44.55503845214844,2845
2013-01-15,48.79999923706055,51.20000076293945,48.79999923706055,50.0,44.528324127197266,22140
2013-01-16,49.79999923706055,50.779998779296875,49.79999923706055,50.189998626708984,44.697532653808594,1605
2013-01-17,50.0,50.20000076293945,49.79999923706055,49.79999923706055,44.3502082824707,2875
2013-01-18,49.5099983215332,50.400001525878906,49.5099983215332,50.0,44.528324127197266,2565
2013-01-21,46.0,50.18000030517578,45.0,50.0,44.528324127197266,906800
2013-01-22,50.97999954223633,50.97999954223633,49.470001220703125,50.02000045776367,44.54613494873047,21385
2013-01-23,47.83000183105469,52.79999923706055,45.0,50.63999938964844,45.09828186035156,2307715
2013-01-24,49.81999969482422,51.400001525878906,49.79999923706055,50.060001373291016,44.58175277709961,11090
2013-01-25,50.400001525878906,50.400001525878906,49.20000076293945,50.0,44.528324127197266,10160
2013-01-28,49.27000045776367,50.0,49.0,50.0,44.528324127197266,1545
2013-01-29,50.0,50.0,50.0,50.0,44.528324127197266,2620
2013-01-30,50.0099983215332,50.0099983215332,50.0,50.0,44.528324127197266,10175
2013-01-31,49.61000061035156,50.9900016784668,49.61000061035156,50.0,44.528324127197266,4475
2013-02-01,51.779998779296875,51.779998779296875,50.0,50.13999938964844,44.65300369262695,3500
2013-02-04,49.0,51.59000015258789,49.0,50.540000915527344,45.00922775268555,12385
2013-02-05,49.9900016784668,50.0099983215332,49.400001525878906,50.0,44.528324127197266,5165
2013-02-06,50.599998474121094,51.0,50.02000045776367,50.099998474121094,44.61738204956055,3285
2013-02-07,49.79999923706055,50.59000015258789,48.5099983215332,50.119998931884766,44.635189056396484,43465
2013-02-08,50.0,50.59000015258789,49.900001525878906,49.900001525878906,44.439266204833984,4525
2013-02-11,49.470001220703125,50.599998474121094,49.470001220703125,50.0,44.528324127197266,3485
2013-02-12,49.599998474121094,50.400001525878906,49.599998474121094,50.0,44.528324127197266,6490
2013-02-13,49.599998474121094,51.18000030517578,49.599998474121094,50.380001068115234,44.866729736328125,3590
2013-02-14,50.20000076293945,50.20000076293945,48.459999084472656,50.0,44.528324127197266,15705
2013-02-15,49.0,50.97999954223633,49.0,50.0,44.528324127197266,4145
2013-02-18,49.72999954223633,50.79999923706055,49.72999954223633,50.0099983215332,44.537227630615234,2145
2013-02-19,50.599998474121094,51.560001373291016,50.0,50.0,44.528324127197266,1115
2013-02-20,50.0,50.79999923706055,48.880001068115234,50.790000915527344,45.23186111450195,2625
2013-02-21,50.20000076293945,51.0,50.0,50.09000015258789,44.60847854614258,1435
2013-02-22,49.61000061035156,50.0,49.61000061035156,50.0,44.528324127197266,560
2013-02-25,49.20000076293945,50.099998474121094,49.20000076293945,50.0,44.528324127197266,2545
2013-02-26,49.619998931884766,50.0,48.13999938964844,48.810001373291016,43.46855545043945,6125
2013-02-27,48.31999969482422,51.75,48.31999969482422,50.45000076293945,44.9290771484375,14490
2013-02-28,50.0,50.0,50.0,50.0,44.528324127197266,375
2013-03-01,49.02000045776367,50.20000076293945,46.599998474121094,50.0099983215332,44.537227630615234,168805
2013-03-04,49.400001525878906,50.31999969482422,49.0,49.599998474121094,44.172096252441406,1835
2013-03-05,52.0,52.0,49.040000915527344,50.0,44.528324127197266,520
2013-03-06,49.02000045776367,50.97999954223633,49.02000045776367,50.0,44.528324127197266,12250
2013-03-07,52.38999938964844,52.86000061035156,49.06999969482422,49.599998474121094,44.172096252441406,3780
2013-03-08,49.9900016784668,51.380001068115234,49.45000076293945,50.0,44.528324127197266,1575
2013-03-11,49.9900016784668,50.79999923706055,48.79999923706055,49.869998931884766,44.41254806518555,18940
2013-03-12,50.81999969482422,50.81999969482422,48.400001525878906,48.619998931884766,43.29934310913086,4880
2013-03-13,49.0,49.59000015258789,48.20000076293945,48.900001525878906,43.5486946105957,18615
2013-03-14,49.0,49.0,48.400001525878906,48.400001525878906,43.10342025756836,1000
2013-03-15,49.0099983215332,49.59000015258789,48.0,49.060001373291016,43.691192626953125,5035
2013-03-18,49.0,49.0,48.400001525878906,48.400001525878906,43.10342025756836,1000
2013-03-19,48.970001220703125,49.0,48.0,48.0,42.7471923828125,1135
2013-03-20,48.0,48.56999969482422,46.79999923706055,47.33000183105469,42.1505126953125,1670
2013-03-21,48.099998474121094,48.099998474121094,46.400001525878906,46.5,41.41134262084961,11075
2013-03-22,47.0,47.0,46.599998474121094,46.599998474121094,41.500396728515625,635
2013-03-25,47.0,47.0,44.400001525878906,46.040000915527344,41.00168228149414,10915
2013-03-26,46.0,51.20000076293945,46.0,49.7599983215332,44.31459045410156,110
2013-03-28,48.40999984741211,52.939998626708984,46.0099983215332,50.4900016784668,44.96470642089844,3990
2013-04-01,47.33000183105469,49.779998779296875,47.0,47.150001525878906,41.99021530151367,6605
2013-04-02,47.220001220703125,47.790000915527344,46.20000076293945,46.70000076293945,41.589454650878906,2615
2013-04-03,48.599998474121094,48.599998474121094,47.0,47.0,41.856624603271484,1370
2013-04-04,47.0,48.0,46.400001525878906,47.97999954223633,42.72937774658203,2650
2013-04-05,48.56999969482422,48.58000183105469,46.79999923706055,47.349998474121094,42.1683235168457,1425
2013-04-08,47.0,47.9900016784668,47.0,47.0099983215332,41.86553192138672,490
2013-04-09,47.0,49.599998474121094,46.79999923706055,49.29999923706055,43.904930114746094,175625
2013-04-10,48.0,48.77000045776367,47.02000045776367,47.91999816894531,42.67594528198242,3665
2013-04-11,47.5,48.400001525878906,47.040000915527344,48.0,42.7471923828125,15050
2013-04-12,47.20000076293945,47.65999984741211,47.0,47.119998931884766,41.9634895324707,30005
2013-04-15,47.5,48.97999954223633,47.0,47.060001373291016,41.91006088256836,29865
2013-04-16,47.29999923706055,47.79999923706055,47.0,47.13999938964844,41.98129653930664,23015
2013-04-17,47.599998474121094,47.599998474121094,46.20000076293945,47.459999084472656,42.26628112792969,43965
2013-04-18,47.599998474121094,47.599998474121094,46.20000076293945,46.970001220703125,41.82991027832031,44000
2013-04-22,47.150001525878906,47.22999954223633,47.0,47.150001525878906,41.99021530151367,20300
2013-04-23,47.119998931884766,47.18000030517578,47.099998474121094,47.150001525878906,41.99021530151367,23500
2013-04-25,47.0,55.0,47.0,51.95000076293945,46.264930725097656,35760
2013-04-26,47.599998474121094,50.79999923706055,47.2599983215332,47.709999084472656,42.488922119140625,35645
2013-04-29,47.599998474121094,49.59000015258789,45.400001525878906,47.060001373291016,41.91006088256836,1530490
2013-04-30,48.380001068115234,49.349998474121094,46.0,46.7400016784668,41.62508010864258,65695
2013-05-02,48.29999923706055,48.29999923706055,47.02000045776367,47.37999725341797,42.195037841796875,26475
2013-05-03,47.599998474121094,48.70000076293945,47.0,48.189998626708984,42.91639709472656,14665
2013-05-06,50.0,50.0,47.040000915527344,48.189998626708984,42.91639709472656,19710
2013-05-07,48.0,49.099998474121094,47.959999084472656,48.20000076293945,42.92530822753906,15935
2013-05-08,49.0,49.0,48.0,48.0,42.7471923828125,11555
2013-05-09,48.5,48.5,47.18000030517578,47.400001525878906,42.212852478027344,12765
2013-05-10,48.0,49.599998474121094,47.11000061035156,47.66999816894531,42.45330810546875,21855
2013-05-13,48.0,48.0,47.0,47.220001220703125,42.052555084228516,22785
2013-05-14,47.599998474121094,48.79999923706055,47.5,47.9900016784668,42.73828887939453,17110
2013-05-15,47.880001068115234,48.790000915527344,47.0,47.27000045776367,42.097076416015625,16795
2013-05-16,47.20000076293945,47.970001220703125,46.79999923706055,46.869998931884766,41.74085235595703,19035
2013-05-17,47.20000076293945,48.369998931884766,47.0,48.08000183105469,42.81843948364258,17660
2013-05-20,47.20000076293945,48.0,47.0,47.0,41.856624603271484,18020
2013-05-21,47.20000076293945,47.54999923706055,46.599998474121094,46.630001068115234,41.52710723876953,18990
2013-05-22,47.0,51.599998474121094,47.0,48.70000076293945,43.37059020996094,30240
2013-05-23,47.599998474121094,47.95000076293945,47.02000045776367,47.029998779296875,41.88334655761719,17235
2013-05-24,47.20000076293945,48.97999954223633,47.029998779296875,47.5,42.301902770996094,18595
2013-05-27,47.599998474121094,49.599998474121094,47.099998474121094,48.04999923706055,42.79172134399414,20955
2013-05-28,47.70000076293945,48.0,47.70000076293945,48.0,42.7471923828125,407250
2013-05-29,47.20000076293945,48.0,47.0,47.349998474121094,42.1683235168457,17250
2013-05-30,47.0,47.0,46.0,46.310001373291016,41.24213409423828,23680
2013-05-31,46.310001373291016,47.0,46.310001373291016,46.400001525878906,41.32228469848633,18390
2013-06-03,47.0,49.9900016784668,46.0099983215332,47.38999938964844,42.203941345214844,29360
2013-06-04,48.0,48.79999923706055,46.79999923706055,46.810001373291016,41.687416076660156,22045
2013-06-05,47.02000045776367,47.599998474121094,46.79999923706055,46.959999084472656,41.82099914550781,15640
2013-06-06,47.04999923706055,47.45000076293945,47.0,47.0,41.856624603271484,18205
2013-06-07,47.20000076293945,47.9900016784668,47.0,47.400001525878906,42.212852478027344,16480
2013-06-10,47.0,49.18000030517578,46.599998474121094,46.72999954223633,41.616172790527344,25130
2013-06-11,47.18000030517578,48.58000183105469,46.0,46.04999923706055,41.010581970214844,25730
2013-06-12,47.0,47.79999923706055,46.40999984741211,47.5,42.301902770996094,21715
2013-06-13,47.0,48.400001525878906,46.599998474121094,46.86000061035156,41.7319450378418,29340
2013-06-14,47.900001525878906,47.900001525878906,46.0,46.040000915527344,41.00168228149414,22270
2013-06-17,47.0,47.20000076293945,46.0,46.790000915527344,41.66960525512695,21840
2013-06-18,47.0,47.0,46.400001525878906,46.400001525878906,41.32228469848633,23420
2013-06-19,47.0,47.0,46.209999084472656,46.869998931884766,41.74085235595703,22195
2013-06-20,46.97999954223633,46.97999954223633,46.0,46.040000915527344,41.00168228149414,21305
2013-06-21,46.720001220703125,47.439998626708984,46.29999923706055,46.9900016784668,41.847721099853516,35550
2013-06-24,47.86000061035156,47.86000061035156,45.400001525878906,46.70000076293945,41.589454650878906,34810
2013-06-25,47.0,47.97999954223633,46.599998474121094,47.529998779296875,42.328617095947266,23420
2013-06-26,47.02000045776367,47.97999954223633,46.79999923706055,47.0,41.856624603271484,771810
2013-06-27,48.79999923706055,48.79999923706055,46.20000076293945,46.310001373291016,41.24213409423828,25180
2013-06-28,47.0,47.400001525878906,46.11000061035156,46.130001068115234,41.08183288574219,921840
2013-07-01,47.0,47.0,46.400001525878906,46.400001525878906,41.32228469848633,19525
2013-07-02,47.0,48.0,46.810001373291016,47.20000076293945,42.03473663330078,19750
2013-07-03,48.0,48.0,46.79999923706055,46.820003509521484,41.696327209472656,17660
2013-07-04,47.0,47.0,46.0,46.38999938964844,41.31338119506836,21840
2013-07-05,47.099998474121094,47.099998474121094,46.400001525878906,46.65999984741211,41.5538330078125,18055
2013-07-08,46.79999923706055,47.790000915527344,46.20000076293945,47.47999954223633,42.28409194946289,18145
2013-07-09,47.0,47.0,44.599998474121094,45.0,40.075496673583984,32465
2013-07-10,46.400001525878906,46.77000045776367,46.0,46.09000015258789,41.04620361328125,16755
2013-07-11,47.13999938964844,49.0,46.400001525878906,46.59000015258789,41.49149703979492,26795
2013-07-12,46.779998779296875,48.0,46.400001525878906,47.20000076293945,42.03473663330078,21130
2013-07-15,47.02000045776367,47.099998474121094,46.61000061035156,46.849998474121094,41.723045349121094,17145
2013-07-16,47.0,47.04999923706055,46.79999923706055,47.04999923706055,41.90114974975586,16500
2013-07-17,47.029998779296875,47.25,47.0,47.16999816894531,42.00802230834961,16750
2013-07-18,47.0,47.099998474121094,46.40999984741211,47.099998474121094,41.94568634033203,17130
2013-07-19,47.02000045776367,47.02000045776367,46.20000076293945,46.279998779296875,41.21541213989258,20935
2013-07-22,46.779998779296875,47.0,46.20000076293945,46.5,41.41134262084961,18485
2013-07-23,46.959999084472656,46.959999084472656,46.0,46.06999969482422,41.02840042114258,20115
2013-07-24,46.97999954223633,47.0,46.0,46.290000915527344,41.224327087402344,18905
2013-07-25,46.900001525878906,46.900001525878906,46.41999816894531,46.84000015258789,41.71412658691406,17905
2013-07-26,46.779998779296875,47.02000045776367,46.400001525878906,46.97999954223633,41.838809967041016,18825
2013-07-29,47.02000045776367,47.099998474121094,46.400001525878906,46.400001525878906,41.32228469848633,17830
2013-07-30,47.0,47.939998626708984,46.79999923706055,46.810001373291016,41.687416076660156,452965
2013-07-31,47.02000045776367,48.0,47.0,47.970001220703125,42.72047424316406,12825
2013-08-01,47.02000045776367,47.400001525878906,47.0,47.20000076293945,42.03473663330078,18180
2013-08-02,47.02000045776367,47.099998474121094,44.79999923706055,45.0099983215332,40.084388732910156,24305
2013-08-05,46.0,46.400001525878906,45.0099983215332,45.790000915527344,40.77903366088867,183075
2013-08-06,45.0,46.290000915527344,45.0,46.040000915527344,41.00168228149414,22920
2013-08-07,46.38999938964844,46.38999938964844,44.810001373291016,46.0,40.96605682373047,18935
2013-08-08,45.029998779296875,46.400001525878906,44.599998474121094,44.91999816894531,40.004249572753906,27175
2013-08-12,45.04999923706055,46.18000030517578,45.0099983215332,45.25,40.29813766479492,18935
2013-08-13,46.0,46.0,44.20000076293945,45.09000015258789,40.1556396484375,18955
2013-08-14,45.04999923706055,45.400001525878906,45.04999923706055,45.20000076293945,40.25360107421875,18500
2013-08-16,45.099998474121094,46.529998779296875,45.099998474121094,45.20000076293945,40.25360107421875,18390
2013-08-19,45.04999923706055,45.400001525878906,44.900001525878906,44.970001220703125,40.04877471923828,18800
2013-08-20,45.04999923706055,46.400001525878906,44.599998474121094,44.599998474121094,39.719268798828125,19850
2013-08-21,45.79999923706055,45.959999084472656,42.0,43.0099983215332,38.303260803222656,95320
2013-08-22,43.0,43.0,39.02000045776367,40.18000030517578,35.782962799072266,16620
2013-08-23,43.0,43.599998474121094,39.0,40.929996490478516,36.45088577270508,183985
2013-08-26,41.0,41.189998626708984,39.599998474121094,39.689998626708984,35.34658432006836,18790
2013-08-27,38.619998931884766,40.7599983215332,38.619998931884766,39.0099983215332,34.74100112915039,26555
2013-08-28,40.0,40.0,38.0,39.5,35.1773681640625,23380
2013-08-29,39.06999969482422,40.20000076293945,39.0099983215332,39.939998626708984,35.56922912597656,16200
2013-08-30,41.0,41.0,38.400001525878906,38.810001373291016,34.56288146972656,19010
2013-09-02,39.04999923706055,41.0,39.04999923706055,40.70000076293945,36.246055603027344,18125
2013-09-03,39.04999923706055,42.0,36.209999084472656,40.900001525878906,36.42416763305664,55200
2013-09-04,39.20000076293945,47.0,39.20000076293945,42.400001525878906,37.76002502441406,23990
2013-09-05,45.720001220703125,45.720001220703125,41.400001525878906,41.779998779296875,37.20787048339844,22710
2013-09-06,44.0,44.0,40.31999969482422,42.54999923706055,37.89360427856445,20750
2013-09-10,43.099998474121094,43.099998474121094,40.43000030517578,41.900001525878906,37.31473159790039,19940
2013-09-11,42.099998474121094,42.86000061035156,39.83000183105469,41.72999954223633,37.52153778076172,23150
2013-09-12,41.0,42.97999954223633,40.45000076293945,42.029998779296875,37.791282653808594,18985
2013-09-13,43.099998474121094,43.400001525878906,40.9900016784668,41.630001068115234,37.4316291809082,25785
2013-09-16,43.400001525878906,43.400001525878906,39.79999923706055,40.27000045776367,36.20878219604492,17985
2013-09-17,41.0,42.0,39.9900016784668,40.91999816894531,36.79322814941406,19665
2013-09-18,41.0,44.599998474121094,40.63999938964844,41.88999938964844,37.665401458740234,1230300
2013-09-19,41.25,44.380001068115234,40.06999969482422,41.0,36.86515426635742,21800
2013-09-20,48.599998474121094,48.599998474121094,40.0,40.02000045776367,35.983985900878906,21690
2013-09-23,41.0,42.9900016784668,39.9900016784668,41.720001220703125,37.51255416870117,19465
2013-09-24,41.0,41.790000915527344,40.0,40.820003509521484,36.703311920166016,20390
2013-09-25,40.0,41.790000915527344,39.220001220703125,40.470001220703125,36.38861083984375,20570
2013-09-26,41.0,41.70000076293945,40.029998779296875,41.0,36.86515426635742,17250
2013-09-27,41.0,41.79999923706055,40.0,40.0,35.966007232666016,29005
2013-09-30,41.0,41.0,40.599998474121094,40.720001220703125,36.61339569091797,17085
2013-10-01,41.0,41.97999954223633,39.20000076293945,41.900001525878906,37.67438888549805,19305
2013-10-03,41.20000076293945,42.599998474121094,40.0,40.029998779296875,35.99298858642578,27625
2013-10-04,41.0,41.9900016784668,40.599998474121094,40.599998474121094,36.50550079345703,18135
2013-10-07,41.0,41.79999923706055,40.0099983215332,40.95000076293945,36.82020950317383,21160
2013-10-08,41.79999923706055,41.79999923706055,39.90999984741211,39.939998626708984,35.91205978393555,117140
2013-10-09,40.79999923706055,40.79999923706055,39.20000076293945,39.20000076293945,35.24668884277344,18620
2013-10-10,39.959999084472656,40.0,37.20000076293945,37.970001220703125,34.1407356262207,55110
2013-10-11,38.0,38.599998474121094,37.400001525878906,37.79999923706055,33.98788070678711,322130
2013-10-14,37.400001525878906,39.9900016784668,37.099998474121094,38.220001220703125,34.36552429199219,24160
2013-10-15,38.02000045776367,38.380001068115234,37.0,37.15999984741211,33.41242218017578,21270
2013-10-17,38.0,38.97999954223633,37.599998474121094,37.630001068115234,33.83502197265625,17505
2013-10-18,38.02000045776367,38.79999923706055,36.060001373291016,36.68000030517578,32.9808349609375,19735
2013-10-21,38.0,38.0,37.400001525878906,37.57999801635742,33.790061950683594,18490
2013-10-22,38.79999923706055,38.79999923706055,36.90999984741211,37.7599983215332,33.95191955566406,21310
2013-10-23,37.029998779296875,38.0,37.0,37.29999923706055,33.538307189941406,19910
2013-10-24,37.41999816894531,37.599998474121094,36.79999923706055,36.970001220703125,33.241580963134766,18540
2013-10-25,37.0,37.599998474121094,36.79999923706055,37.040000915527344,33.30451965332031,18175
2013-10-28,37.41999816894531,37.70000076293945,36.0,36.220001220703125,32.56722640991211,18840
2013-10-29,37.0,37.0,36.0,36.02000045776367,32.38739013671875,20020
2013-10-30,37.0,37.0,36.0099983215332,36.869998931884766,33.15167236328125,23905
2013-10-31,37.0,38.5,36.40999984741211,36.47999954223633,32.80099868774414,16735
2013-11-01,37.02000045776367,37.380001068115234,36.79999923706055,36.79999923706055,33.08872985839844,18160
2013-11-05,38.20000076293945,38.20000076293945,37.13999938964844,37.9900016784668,34.158714294433594,18255
2013-11-06,37.599998474121094,40.0,37.0099983215332,37.34000015258789,33.574275970458984,19770
2013-11-07,37.099998474121094,37.959999084472656,37.0099983215332,37.29999923706055,33.538307189941406,15175
2013-11-08,37.0,37.56999969482422,36.97999954223633,37.29999923706055,33.538307189941406,71525
2013-11-11,37.099998474121094,37.97999954223633,37.0,37.400001525878906,33.62822341918945,18260
2013-11-12,37.099998474121094,37.779998779296875,37.099998474121094,37.779998779296875,33.96989822387695,18265
2013-11-13,37.400001525878906,39.970001220703125,37.099998474121094,37.099998474121094,33.35847473144531,20570
2013-11-14,37.81999969482422,38.0,37.650001525878906,37.79999923706055,33.98788070678711,21580
2013-11-18,37.220001220703125,37.75,37.220001220703125,37.75,33.94292068481445,20000
2013-11-19,37.849998474121094,39.9900016784668,37.849998474121094,38.599998474121094,34.70720291137695,529485
2013-11-20,40.400001525878906,40.400001525878906,38.599998474121094,39.5,35.51642990112305,187675
2013-11-21,39.959999084472656,39.959999084472656,37.599998474121094,38.720001220703125,34.815101623535156,23800
2013-11-22,38.0,38.97999954223633,37.31999969482422,37.529998779296875,33.745113372802734,7855
2013-11-25,44.97999954223633,44.97999954223633,37.02000045776367,39.93000030517578,35.903072357177734,7135
2013-11-26,40.400001525878906,40.400001525878906,37.61000061035156,38.400001525878906,34.52737045288086,23145
2013-11-27,38.400001525878906,39.599998474121094,37.599998474121094,38.06999969482422,34.230655670166016,21195
2013-11-28,38.400001525878906,38.400001525878906,37.97999954223633,37.97999954223633,34.14972686767578,16935
2013-11-29,37.79999923706055,38.0,37.220001220703125,37.459999084472656,33.68217849731445,8010
2013-12-02,38.0,40.400001525878906,37.7400016784668,39.9900016784668,35.95702362060547,73425
2013-12-03,39.58000183105469,39.58000183105469,38.209999084472656,38.31999969482422,34.455440521240234,185
2013-12-04,38.02000045776367,40.0,38.02000045776367,39.81999969482422,35.80415725708008,635
2013-12-05,39.400001525878906,39.9900016784668,38.400001525878906,39.9900016784668,35.95702362060547,295
2013-12-06,40.0,40.0,39.040000915527344,40.0,35.966007232666016,430
2013-12-09,39.9900016784668,42.0,39.9900016784668,40.4900016784668,36.40659713745117,2080
2013-12-10,40.0,40.790000915527344,40.0,40.790000915527344,36.67633819580078,415
2013-12-11,40.20000076293945,40.810001373291016,39.79999923706055,40.810001373291016,36.6943244934082,2370
2013-12-12,39.0,41.79999923706055,39.0,41.22999954223633,37.071964263916016,8665
2013-12-13,42.0,42.400001525878906,41.2400016784668,41.2400016784668,37.08095169067383,1145
2013-12-16,40.79999923706055,40.79999923706055,40.79999923706055,40.79999923706055,36.68532943725586,275
2013-12-17,41.2400016784668,42.0,41.2400016784668,41.5,37.31473159790039,820
2013-12-18,41.970001220703125,43.400001525878906,41.970001220703125,43.16999816894531,38.81631851196289,14685
2013-12-19,42.599998474121094,44.400001525878906,41.79999923706055,43.02000045776367,38.68143844604492,5485
2013-12-20,43.79999923706055,48.599998474121094,43.400001525878906,45.38999938964844,40.81242752075195,33485
2013-12-23,45.38999938964844,51.97999954223633,45.38999938964844,47.150001525878906,42.39493942260742,21710
2013-12-24,47.06999969482422,50.0,45.0,47.56999969482422,42.77256774902344,39005
2013-12-26,48.38999938964844,49.599998474121094,47.0,48.25,43.383995056152344,14305
2013-12-27,47.0,48.79999923706055,47.0,48.400001525878906,43.51887893676758,71885
2013-12-30,48.0,49.599998474121094,41.31999969482422,46.45000076293945,41.765533447265625,7625
2013-12-31,48.58000183105469,48.58000183105469,46.79999923706055,47.38999938964844,42.61073303222656,1710
2014-01-01,48.779998779296875,48.779998779296875,46.040000915527344,47.56999969482422,42.77256774902344,310
2014-01-02,47.400001525878906,49.0,45.20000076293945,45.40999984741211,40.830413818359375,3885
2014-01-03,46.25,46.720001220703125,45.599998474121094,46.40999984741211,41.72956466674805,5635
2014-01-06,46.209999084472656,49.560001373291016,46.209999084472656,48.83000183105469,43.9055061340332,4820
2014-01-07,48.0,49.2599983215332,45.02000045776367,46.279998779296875,41.612674713134766,8580
2014-01-08,48.79999923706055,48.79999923706055,46.0,46.86000061035156,42.134185791015625,1155
2014-01-09,46.0099983215332,46.0099983215332,46.0,46.0,41.36091232299805,1250
2014-01-10,45.20000076293945,47.20000076293945,45.0,46.599998474121094,41.90039825439453,99525
2014-01-13,46.599998474121094,46.599998474121094,45.79999923706055,45.84000015258789,41.21704864501953,1120
2014-01-14,45.84000015258789,46.29999923706055,45.0,45.95000076293945,41.31595230102539,8925
2014-01-15,46.0099983215332,50.0,45.79999923706055,47.929996490478516,43.09626770019531,11295
2014-01-16,48.0,48.9900016784668,46.439998626708984,47.20000076293945,42.43989181518555,560
2014-01-17,47.0,48.79999923706055,47.0,48.4900016784668,43.599796295166016,1455
2014-01-20,48.779998779296875,49.20000076293945,46.02000045776367,48.970001220703125,44.03138732910156,38115
2014-01-21,48.0,49.47999954223633,46.79999923706055,48.7400016784668,43.824581146240234,15675
2014-01-22,48.970001220703125,49.93000030517578,48.400001525878906,49.47999954223633,44.48995590209961,25955
2014-01-23,50.900001525878906,50.900001525878906,47.02000045776367,48.59000015258789,43.6897087097168,7480
2014-01-24,49.0,49.9900016784668,47.099998474121094,48.810001373291016,43.88752746582031,3755
2014-01-27,49.0099983215332,49.380001068115234,47.70000076293945,48.040000915527344,43.19517517089844,15415
2014-01-28,47.599998474121094,49.9900016784668,47.599998474121094,49.459999084472656,44.47196960449219,2330
2014-01-29,49.779998779296875,49.79999923706055,47.9900016784668,48.619998931884766,43.71668243408203,16555
2014-01-30,49.0,49.0,48.0,48.0,43.159210205078125,855
2014-01-31,48.599998474121094,49.0,46.720001220703125,47.720001220703125,42.90745162963867,1015
2014-02-03,48.0,48.79999923706055,47.0,47.709999084472656,42.898460388183594,4685
2014-02-04,48.20000076293945,48.400001525878906,46.9900016784668,48.0,43.159210205078125,575
2014-02-05,48.599998474121094,48.79999923706055,47.0,47.62999725341797,42.8265266418457,490
2014-02-06,48.20000076293945,49.97999954223633,48.20000076293945,49.04999923706055,44.10331344604492,3635
2014-02-07,48.400001525878906,48.400001525878906,48.20000076293945,48.380001068115234,43.500892639160156,65
2014-02-10,47.79999923706055,49.79999923706055,47.790000915527344,49.040000915527344,44.09432601928711,260
2014-02-11,48.400001525878906,48.400001525878906,47.20000076293945,47.27000045776367,42.50282669067383,1215
2014-02-12,47.400001525878906,47.400001525878906,47.400001525878906,47.400001525878906,42.61972427368164,250
2014-02-13,47.099998474121094,48.9900016784668,46.79999923706055,46.959999084472656,42.224090576171875,1410
2014-02-14,47.59000015258789,48.79999923706055,46.20000076293945,47.209999084472656,42.44887924194336,1755
2014-02-17,48.0,50.0,47.599998474121094,49.209999084472656,44.2471809387207,19925
2014-02-18,47.31999969482422,49.189998626708984,47.29999923706055,48.400001525878906,43.51887893676758,7295
2014-02-19,49.040000915527344,49.20000076293945,48.79999923706055,48.93000030517578,43.99542236328125,1520
2014-02-20,49.20000076293945,49.20000076293945,48.400001525878906,48.400001525878906,43.51887893676758,110
2014-02-21,49.0,49.79999923706055,47.599998474121094,47.7599983215332,42.943416595458984,5100
2014-02-24,48.79999923706055,49.0,45.11000061035156,48.099998474121094,43.249122619628906,2450
2014-02-25,49.0,50.0,47.61000061035156,48.18000030517578,43.32106018066406,2690
2014-02-26,47.9900016784668,48.79999923706055,47.02000045776367,48.0099983215332,43.1682014465332,2215
2014-02-28,48.0,48.0,47.900001525878906,47.91999816894531,43.0872802734375,315
2014-03-03,47.97999954223633,48.0,47.58000183105469,47.880001068115234,43.05131530761719,135
2014-03-04,47.97999954223633,49.02000045776367,47.060001373291016,49.0,44.05836486816406,7720
2014-03-05,49.91999816894531,49.9900016784668,49.310001373291016,49.880001068115234,44.849613189697266,3140
2014-03-06,50.0,50.400001525878906,48.9900016784668,49.849998474121094,44.82263946533203,7400
2014-03-07,50.0,52.0,48.47999954223633,51.8599967956543,46.62992858886719,37905
2014-03-10,51.790000915527344,52.38999938964844,47.209999084472656,51.9900016784668,46.746822357177734,26230
2014-03-11,51.0,52.0,49.060001373291016,51.0,45.85665512084961,56825
2014-03-12,49.9900016784668,51.95000076293945,49.9900016784668,51.47999954223633,46.28824996948242,73740
2014-03-13,47.599998474121094,51.20000076293945,47.599998474121094,51.0,45.85665512084961,171800
2014-03-14,49.9900016784668,50.0099983215332,49.9900016784668,50.0,44.95751190185547,75
2014-03-18,51.540000915527344,51.540000915527344,48.20000076293945,49.119998931884766,44.166263580322266,5410
2014-03-19,53.0,55.58000183105469,49.40999984741211,50.7599983215332,45.6408576965332,14255
2014-03-20,49.209999084472656,51.599998474121094,49.209999084472656,50.06999969482422,45.02044677734375,3585
2014-03-21,49.61000061035156,50.599998474121094,49.43000030517578,49.43000030517578,44.445003509521484,8745
2014-03-24,50.95000076293945,51.0,50.22999954223633,50.84000015258789,45.712799072265625,13370
2014-03-25,49.70000076293945,49.70000076293945,47.279998779296875,48.45000076293945,43.56383514404297,260
2014-03-26,49.0,50.599998474121094,48.02000045776367,49.27000045776367,44.3011360168457,1205
2014-03-27,49.959999084472656,52.38999938964844,49.959999084472656,52.20000076293945,46.93564987182617,57225
2014-03-28,52.20000076293945,54.400001525878906,51.040000915527344,52.20000076293945,46.93564987182617,150440
2014-03-31,49.29999923706055,55.9900016784668,49.29999923706055,53.570003509521484,48.16748809814453,2105
2014-04-01,51.9900016784668,64.27999877929688,51.9900016784668,61.62999725341797,55.41462326049805,91190
2014-04-02,59.599998474121094,67.19000244140625,55.220001220703125,60.02000045776367,53.96699905395508,40090
2014-04-03,60.189998626708984,61.0,57.79999923706055,59.27000045776367,53.292633056640625,2970
2014-04-04,61.0,61.40999984741211,57.060001373291016,60.37000274658203,54.28170394897461,3525
2014-04-07,58.0,58.0099983215332,58.0,58.0099983215332,52.15970230102539,200
2014-04-09,58.0099983215332,60.779998779296875,56.400001525878906,58.929996490478516,52.986915588378906,4065
2014-04-10,59.9900016784668,62.68000030517578,54.25,56.900001525878906,51.16164779663086,30745
2014-04-11,58.0,58.0,55.97999954223633,56.470001220703125,50.77500915527344,425
2014-04-15,59.0,59.0,53.02000045776367,56.540000915527344,50.83795166015625,35690
2014-04-16,57.970001220703125,57.97999954223633,55.20000076293945,56.41999816894531,50.73005676269531,585
2014-04-17,55.0,64.36000061035156,54.2599983215332,57.54999923706055,51.746089935302734,21610
2014-04-21,59.0,62.5,56.97999954223633,57.189998626708984,51.42240524291992,6330
2014-04-22,55.61000061035156,57.400001525878906,54.630001068115234,56.30999755859375,50.63114547729492,131290
2014-04-23,55.02000045776367,56.93000030517578,55.02000045776367,56.0099983215332,50.36140060424805,2750
2014-04-24,56.0099983215332,56.0099983215332,56.0099983215332,56.0099983215332,50.36140060424805,0
2014-04-25,56.9900016784668,56.9900016784668,55.0,56.369998931884766,50.685096740722656,70
2014-04-28,57.9900016784668,57.9900016784668,54.029998779296875,54.3900032043457,48.904781341552734,4745
2014-04-29,57.0,57.0,54.0,55.279998779296875,49.70502471923828,1930
2014-04-30,56.779998779296875,56.779998779296875,52.900001525878906,53.929996490478516,48.491172790527344,775
2014-05-02,53.0,56.97999954223633,51.25,55.220001220703125,49.65107727050781,730
2014-05-05,55.400001525878906,58.400001525878906,55.0,56.25,50.577205657958984,2970
2014-05-06,56.79999923706055,56.97999954223633,56.0,56.19000244140625,50.52324676513672,220
2014-05-07,53.709999084472656,56.79999923706055,53.70000076293945,55.95000076293945,50.307456970214844,150
2014-05-08,53.0099983215332,55.720001220703125,51.9900016784668,52.80999755859375,47.48412322998047,4150
2014-05-09,54.599998474121094,57.400001525878906,51.20000076293945,55.459999084472656,49.86687088012695,4755
2014-05-12,53.61000061035156,58.0,53.25,56.52000045776367,50.819969177246094,2465
2014-05-13,55.02000045776367,58.97999954223633,53.2599983215332,57.349998474121094,51.566261291503906,5035
2014-05-14,54.9900016784668,57.970001220703125,53.9900016784668,57.25,51.476348876953125,5465
2014-05-15,57.599998474121094,57.599998474121094,54.59000015258789,56.0099983215332,50.36140060424805,7785
2014-05-16,56.04999923706055,56.97999954223633,54.0,56.13999938964844,50.47829055786133,2535
2014-05-19,56.0,65.5999984741211,55.79999923706055,60.150001525878906,54.08388900756836,32385
2014-05-20,58.0099983215332,61.0,58.0099983215332,60.0,53.94901657104492,11510
2014-05-21,59.9900016784668,60.79999923706055,59.97999954223633,60.79999923706055,54.668331146240234,10530
2014-05-22,60.790000915527344,64.01000213623047,60.790000915527344,63.709999084472656,57.28486633300781,8305
2014-05-23,63.9900016784668,64.91000366210938,61.0,62.3900032043457,56.09798812866211,211030
2014-05-26,62.0,70.0,60.400001525878906,60.400001525878906,54.308677673339844,276150
2014-05-27,54.599998474121094,62.0,54.599998474121094,60.599998474121094,54.488502502441406,3240
2014-05-28,60.599998474121094,60.599998474121094,60.599998474121094,60.599998474121094,54.488502502441406,0
2014-05-29,60.79999923706055,60.79999923706055,60.599998474121094,60.79999923706055,54.668331146240234,430
2014-05-30,60.810001373291016,62.0,60.79999923706055,62.0,55.747310638427734,3895
2014-06-02,56.40999984741211,64.80000305175781,56.40999984741211,62.0099983215332,55.75631332397461,2970
2014-06-03,59.130001068115234,62.599998474121094,55.04999923706055,61.19000244140625,55.019004821777344,7435
2014-06-04,61.900001525878906,63.0,61.79999923706055,62.880001068115234,56.53856658935547,10175
2014-06-05,64.27999877929688,64.27999877929688,61.5099983215332,62.849998474121094,56.511592864990234,9080
2014-06-06,72.80000305175781,72.80000305175781,63.790000915527344,67.6500015258789,60.827510833740234,33805
2014-06-09,70.77999877929688,72.98999786376953,68.19999694824219,71.9800033569336,64.7208480834961,17955
2014-06-10,72.0,72.0,68.30000305175781,70.0,62.94050979614258,4740
2014-06-11,70.19999694824219,71.0,67.19999694824219,68.05000305175781,61.18716812133789,1235
2014-06-12,77.0,77.0,68.25,69.55000305175781,62.53590393066406,16755
2014-06-13,62.400001525878906,71.69999694824219,62.400001525878906,69.72000122070312,62.688751220703125,86325
2014-06-16,67.98999786376953,69.0,65.0,65.12999725341797,58.561649322509766,8865
2014-06-17,69.58000183105469,69.58000183105469,63.0,66.47000122070312,59.76652145385742,25310
2014-06-18,66.5999984741211,67.80000305175781,64.01000213623047,64.9800033569336,58.42678451538086,17185
2014-06-19,67.80000305175781,67.80000305175781,62.5,63.790000915527344,57.3568000793457,18475
2014-06-20,65.69000244140625,65.98999786376953,62.79999923706055,63.720001220703125,57.29384994506836,9055
2014-06-23,65.0,65.80000305175781,62.9900016784668,63.40999984741211,57.01511764526367,2100
2014-06-24,65.0,65.0,62.34000015258789,64.05999755859375,57.59955978393555,11675
2014-06-25,63.0099983215332,63.79999923706055,60.72999954223633,63.060001373291016,56.700408935546875,15615
2014-06-26,65.80000305175781,65.80000305175781,61.20000076293945,62.689998626708984,56.36772918701172,25055
2014-06-27,61.0099983215332,65.01000213623047,60.61000061035156,63.34000015258789,56.952178955078125,20620
2014-06-30,62.400001525878906,65.73999786376953,62.400001525878906,63.970001220703125,57.518638610839844,7705
2014-07-01,65.80000305175781,66.0,64.01000213623047,64.0199966430664,57.5635986328125,3205
2014-07-02,64.19999694824219,67.19999694824219,62.47999954223633,64.86000061035156,58.31888961791992,24745
2014-07-03,64.19999694824219,65.5999984741211,63.20000076293945,65.0,58.44477081298828,37025
2014-07-04,64.43000030517578,66.9000015258789,63.02000045776367,65.27999877929688,58.696529388427734,59915
2014-07-07,66.22000122070312,66.22000122070312,64.0,64.47000122070312,57.96821594238281,37730
2014-07-08,65.80000305175781,65.80000305175781,62.20000076293945,62.29999923706055,56.017059326171875,6525
2014-07-09,62.189998626708984,64.4000015258789,61.20000076293945,62.75,56.42167663574219,10660
2014-07-10,62.400001525878906,64.0,60.45000076293945,61.79999923706055,55.56748962402344,9745
2014-07-11,62.400001525878906,71.5999984741211,61.0,61.290000915527344,55.108924865722656,4530
2014-07-14,60.0,61.9900016784668,59.220001220703125,60.130001068115234,54.0659065246582,3405
2014-07-15,62.0,63.31999969482422,61.0,62.33000183105469,56.04403305053711,1680
2014-07-16,63.400001525878906,66.4000015258789,63.38999938964844,66.19000244140625,59.51476287841797,10655
2014-07-17,63.27000045776367,66.19999694824219,63.27000045776367,64.7699966430664,58.23796081542969,2920
2014-07-18,64.0199966430664,66.0,64.0199966430664,64.47000122070312,57.96821594238281,2530
2014-07-21,60.41999816894531,67.0,60.41999816894531,65.4800033569336,58.8763542175293,10510
2014-07-22,65.0,66.4000015258789,64.01000213623047,65.26000213623047,58.678550720214844,1450
2014-07-23,61.40999984741211,66.80000305175781,61.40999984741211,65.93000030517578,59.28097152709961,4675
2014-07-24,65.0199966430664,68.0,65.0199966430664,67.2699966430664,60.48583221435547,4280
2014-07-25,64.22000122070312,69.0,64.0,68.38999938964844,61.492889404296875,32830
2014-07-28,67.98999786376953,68.4000015258789,64.44000244140625,64.47000122070312,57.96821594238281,2300
2014-07-30,66.80000305175781,68.4000015258789,65.0,67.01000213623047,60.252052307128906,1945
2014-07-31,64.0199966430664,67.58999633789062,64.0199966430664,65.51000213623047,58.9033317565918,2600
2014-08-01,67.0,67.37999725341797,65.98999786376953,66.0,59.7635612487793,990
2014-08-04,66.01000213623047,68.0,65.01000213623047,65.87999725341797,59.65489959716797,1060
2014-08-05,65.62999725341797,65.80000305175781,64.4000015258789,65.0199966430664,58.87615966796875,10760
2014-08-06,65.01000213623047,65.0199966430664,63.65999984741211,65.01000213623047,58.86711883544922,3045
2014-08-07,65.19999694824219,66.5999984741211,64.0,65.0999984741211,58.948604583740234,2710
2014-08-08,65.0,67.0,63.279998779296875,65.08999633789062,58.939544677734375,5250
2014-08-11,69.80000305175781,69.80000305175781,62.20000076293945,64.16000366210938,58.097434997558594,170
2014-08-12,65.0,69.19999694824219,63.400001525878906,64.43000030517578,58.341915130615234,1765
2014-08-13,63.619998931884766,66.0,60.400001525878906,62.380001068115234,56.48563003540039,3735
2014-08-14,65.0,67.79000091552734,61.630001068115234,61.939998626708984,56.087196350097656,7790
2014-08-18,61.0,63.959999084472656,60.20000076293945,62.06999969482422,56.204917907714844,9125
2014-08-19,63.400001525878906,63.400001525878906,60.459999084472656,62.43000030517578,56.53089904785156,1795
2014-08-20,62.9900016784668,69.80000305175781,49.95000076293945,66.12999725341797,59.881282806396484,318795
2014-08-21,62.20000076293945,68.98999786376953,60.81999969482422,66.2699966430664,60.0080451965332,18890
2014-08-22,65.0,68.0,63.20000076293945,67.18000030517578,60.83205795288086,3600
2014-08-25,65.0,70.0,64.23999786376953,66.97000122070312,60.641910552978516,6555
2014-08-26,67.0,69.0,64.80000305175781,67.4000015258789,61.031280517578125,101385
2014-08-27,66.0,67.5999984741211,65.77999877929688,65.95999908447266,59.72734832763672,6435
2014-08-28,67.98999786376953,70.9800033569336,65.5,65.80000305175781,59.58246994018555,14165
2014-09-01,67.01000213623047,68.0,60.65999984741211,65.4000015258789,59.22026443481445,19325
2014-09-02,65.5,66.94999694824219,62.29999923706055,66.13999938964844,59.89033889770508,16750
2014-09-03,66.06999969482422,66.06999969482422,65.19999694824219,65.5999984741211,59.40135955810547,265
2014-09-04,66.0,66.01000213623047,63.060001373291016,65.86000061035156,59.63679504394531,3605
2014-09-05,65.63999938964844,67.0,64.05999755859375,65.75,59.53718185424805,5965
2014-09-08,65.0,67.0,65.0,66.5999984741211,60.30686569213867,3595
2014-09-09,66.0,66.0,64.0199966430664,65.19000244140625,59.03010177612305,5630
2014-09-10,64.0,68.0,63.45000076293945,66.55000305175781,60.26160430908203,10065
2014-09-11,66.91999816894531,66.91999816894531,63.20000076293945,64.1500015258789,58.08837127685547,42295
2014-09-12,64.0,64.69999694824219,63.04999923706055,63.04999923706055,57.092315673828125,2385
2014-09-15,66.0,66.0,63.0,64.05000305175781,57.99782943725586,6465
2014-09-16,63.0,67.33999633789062,62.9900016784668,64.22000122070312,58.151763916015625,4750
2014-09-17,61.709999084472656,67.0,61.209999084472656,65.87999725341797,59.65489959716797,16670
2014-09-18,64.61000061035156,66.0,64.5999984741211,65.23999786376953,59.07537841796875,2485
2014-09-19,64.5999984741211,65.98999786376953,63.40999984741211,64.76000213623047,58.6407356262207,820
2014-09-22,64.98999786376953,67.0,64.4000015258789,66.48999786376953,60.207252502441406,8605
2014-09-23,67.47000122070312,69.76000213623047,66.19000244140625,67.5,61.12181854248047,3090
2014-09-24,62.400001525878906,66.58000183105469,62.400001525878906,65.11000061035156,58.95766067504883,685
2014-09-25,65.0,67.0,65.0,65.37000274658203,59.19309997558594,550
2014-09-26,57.20000076293945,70.7300033569336,57.20000076293945,64.68000030517578,58.568294525146484,36795
2014-09-29,67.87999725341797,73.5999984741211,67.5999984741211,68.77999877929688,62.280887603759766,73640
2014-09-30,70.0,70.19999694824219,66.0,66.98999786376953,60.66001510620117,568510
2014-10-01,65.95999908447266,67.5199966430664,64.80000305175781,65.20999908447266,59.0482177734375,57995
2014-10-07,65.4000015258789,66.80000305175781,63.040000915527344,63.2599983215332,57.28247833251953,119265
2014-10-08,65.19999694824219,66.5,64.0,64.76000213623047,58.6407356262207,121965
2014-10-09,65.80000305175781,68.5999984741211,65.0,66.94000244140625,60.61475372314453,2256105
2014-10-10,67.80000305175781,80.31999969482422,66.61000061035156,74.2300033569336,67.2159194946289,1538765
2014-10-13,74.4000015258789,76.13999938964844,72.4000015258789,74.58999633789062,67.54188537597656,142745
2014-10-14,74.94999694824219,76.0,73.01000213623047,73.6500015258789,66.69071197509766,47695
2014-10-15,73.6500015258789,73.6500015258789,73.6500015258789,73.6500015258789,66.69071197509766,0
2014-10-16,72.4000015258789,74.9800033569336,67.08000183105469,68.2699966430664,61.819068908691406,86330
2014-10-17,69.98999786376953,69.98999786376953,66.27999877929688,68.01000213623047,61.583641052246094,63035
2014-10-20,70.48999786376953,71.95999908447266,67.31999969482422,68.16000366210938,61.71947479248047,25110
2014-10-21,67.5999984741211,69.5,66.62000274658203,67.31999969482422,60.95884323120117,18725
2014-10-22,67.41000366210938,69.5999984741211,67.4000015258789,68.98999786376953,62.471038818359375,45495
2014-10-27,69.26000213623047,70.80000305175781,69.0,69.58999633789062,63.01433181762695,52210
2014-10-28,71.55000305175781,71.9800033569336,69.26000213623047,69.93000030517578,63.32221984863281,26465
2014-10-29,69.80999755859375,69.9000015258789,68.06999969482422,68.6500015258789,62.16316604614258,46335
2014-10-30,69.0199966430664,69.36000061035156,67.22000122070312,68.72000122070312,62.2265510559082,13430
2014-10-31,68.94999694824219,72.4000015258789,68.94999694824219,69.56999969482422,62.99623489379883,60795
2014-11-03,70.5,72.19999694824219,70.4000015258789,71.44000244140625,64.68952941894531,23405
2014-11-05,72.38999938964844,77.44000244140625,70.81999969482422,74.73999786376953,67.67771911621094,156260
2014-11-07,78.98999786376953,83.0,77.47000122070312,77.7300033569336,70.38518524169922,372560
2014-11-10,79.5999984741211,79.5999984741211,76.6500015258789,77.12000274658203,69.83283233642578,47645
2014-11-11,78.31999969482422,78.7699966430664,77.0,78.23999786376953,70.84699249267578,35885
2014-11-12,78.45999908447266,80.0,77.19999694824219,78.04000091552734,70.66590118408203,43910
2014-11-13,77.26000213623047,88.0,77.26000213623047,81.16999816894531,73.5001220703125,373455
2014-11-14,80.80000305175781,91.80000305175781,80.5999984741211,87.9000015258789,79.5942153930664,2183965
2014-11-17,88.0,91.4000015258789,85.5999984741211,90.13999938964844,81.62255096435547,1901085
2014-11-18,89.4000015258789,92.38999938964844,87.5999984741211,89.3499984741211,80.90719604492188,729990
2014-11-19,89.79000091552734,90.87999725341797,87.19999694824219,87.62000274658203,79.34066772460938,93590
2014-11-20,88.27999877929688,88.58999633789062,84.4000015258789,84.94000244140625,76.91390991210938,42170
2014-11-21,85.5999984741211,87.4800033569336,84.19999694824219,85.01000213623047,76.97728729248047,47920
2014-11-24,84.0,85.56999969482422,80.7300033569336,83.98999786376953,76.05367279052734,27910
2014-11-25,80.0,85.5999984741211,80.0,81.86000061035156,74.12493133544922,52775
2014-11-26,82.0,83.98999786376953,80.72000122070312,83.6500015258789,75.74578857421875,17115
2014-11-27,83.6500015258789,87.0,82.58999633789062,86.23999786376953,78.091064453125,33885
2014-11-28,87.52999877929688,87.95999908447266,85.19999694824219,86.29000091552734,78.13632202148438,29030
2014-12-01,84.44999694824219,86.9800033569336,84.02999877929688,85.69000244140625,77.5930404663086,23640
2014-12-02,85.98999786376953,87.97000122070312,84.5999984741211,85.88999938964844,77.77413940429688,42740
2014-12-03,86.01000213623047,87.9800033569336,86.0,87.44000244140625,79.17768096923828,14910
2014-12-04,86.41000366210938,90.0,86.41000366210938,87.44000244140625,79.17768096923828,50915
2014-12-05,89.0999984741211,89.0999984741211,82.0,84.05999755859375,76.1170425415039,74245
2014-12-08,86.47000122070312,86.5,82.5199966430664,82.66999816894531,74.8583984375,8155
2014-12-09,85.0,85.0,81.62000274658203,83.08000183105469,75.22964477539062,9090
2014-12-10,84.0,85.0,83.0,84.61000061035156,76.61508178710938,22250
2014-12-11,84.01000213623047,84.98999786376953,82.80000305175781,84.05999755859375,76.1170425415039,13125
2014-12-12,85.80999755859375,87.0,82.04000091552734,83.05999755859375,75.21154022216797,12375
2014-12-15,84.5999984741211,84.5999984741211,81.38999938964844,83.87999725341797,75.95406341552734,27540
2014-12-16,84.0,84.0,80.19999694824219,80.30999755859375,72.72139739990234,14725
2014-12-17,80.30000305175781,82.02999877929688,69.19000244140625,76.5199966430664,69.28950500488281,53265
2014-12-18,77.0,80.79000091552734,76.5999984741211,79.31999969482422,71.82493591308594,22340
2014-12-19,79.5999984741211,83.13999938964844,79.58999633789062,81.23999786376953,73.56352996826172,32395
2014-12-22,81.80000305175781,92.38999938964844,80.62999725341797,90.30000305175781,81.76742553710938,380935
2014-12-23,90.54000091552734,91.36000061035156,84.0199966430664,90.0999984741211,81.5863265991211,113540
2014-12-24,90.4000015258789,90.4000015258789,86.9800033569336,89.66999816894531,81.19694519042969,301395
2014-12-26,89.12000274658203,94.80000305175781,89.0999984741211,90.75,82.1749038696289,101330
2014-12-29,90.81999969482422,95.0,90.81999969482422,93.75,84.89143371582031,88955
2014-12-30,93.0,95.80000305175781,90.70999908447266,91.5199966430664,82.87213897705078,48580
2014-12-31,91.9800033569336,92.69999694824219,87.0,90.1500015258789,81.63160705566406,36805
2015-01-01,90.80000305175781,90.80999755859375,89.61000061035156,89.94999694824219,81.45050048828125,9255
2015-01-02,90.5999984741211,93.0,88.0,90.55000305175781,81.99380493164062,58745
2015-01-05,90.80000305175781,94.41000366210938,90.0,91.83999633789062,83.16190338134766,44690
2015-01-06,91.19999694824219,91.19999694824219,87.19999694824219,88.4800033569336,80.11939239501953,66580
2015-01-07,87.02999877929688,90.19999694824219,85.80000305175781,89.9000015258789,81.40521240234375,81320
2015-01-08,90.55999755859375,91.4000015258789,84.80000305175781,89.2300033569336,80.79853820800781,2494290
2015-01-09,90.20999908447266,90.54000091552734,84.83000183105469,85.87999725341797,77.76508331298828,1464870
2015-01-12,86.0199966430664,87.43000030517578,84.91000366210938,85.33000183105469,77.26705169677734,227365
2015-01-13,85.4000015258789,85.87000274658203,83.02999877929688,84.69999694824219,76.69658660888672,455690
2015-01-14,84.0199966430664,85.58999633789062,81.98999786376953,83.63999938964844,75.73673248291016,165635
2015-01-15,84.0,85.19999694824219,83.16000366210938,84.95999908447266,76.9320068359375,240945
2015-01-16,84.38999938964844,84.4000015258789,83.4000015258789,83.98999786376953,76.05367279052734,118595
2015-01-19,85.0,85.5999984741211,84.0,84.2300033569336,76.27099609375,140280
2015-01-20,84.23999786376953,85.98999786376953,82.80999755859375,83.37999725341797,75.50130462646484,198215
2015-01-21,83.02999877929688,84.5999984741211,80.4000015258789,80.87000274658203,73.2284927368164,167045
2015-01-22,80.61000061035156,83.76000213623047,80.61000061035156,81.93000030517578,74.18832397460938,200935
2015-01-23,82.0,82.94000244140625,80.01000213623047,80.37999725341797,72.7847671508789,119055
2015-01-27,81.0,82.58999633789062,79.33000183105469,80.13999938964844,72.56746673583984,124360
2015-01-28,78.54000091552734,81.0,77.37000274658203,79.12999725341797,71.65290069580078,124990
2015-01-29,79.9800033569336,79.9800033569336,76.56999969482422,77.11000061035156,69.82376098632812,362145
2015-01-30,76.19999694824219,78.79000091552734,76.0199966430664,76.69999694824219,69.4525146484375,89030
2015-02-02,76.20999908447266,79.5199966430664,76.18000030517578,79.16999816894531,71.68911743164062,78795
2015-02-03,80.80000305175781,82.19999694824219,78.23999786376953,80.05999755859375,72.49502563476562,204530
2015-02-04,81.76000213623047,83.16000366210938,79.0,80.83000183105469,73.19225311279297,211070
2015-02-05,81.98999786376953,82.37999725341797,78.01000213623047,78.95999908447266,71.49895477294922,71505
2015-02-06,79.04000091552734,80.7699966430664,78.52999877929688,79.7699966430664,72.23241424560547,97455
2015-02-09,79.55999755859375,80.19999694824219,76.01000213623047,78.25,70.85604095458984,104990
2015-02-10,77.80000305175781,79.0,74.80000305175781,76.56999969482422,69.33479309082031,37195
2015-02-11,78.0,82.5,77.0,81.58999633789062,73.88043975830078,247780
2015-02-12,78.43000030517578,78.43000030517578,72.58999633789062,76.33000183105469,69.11746215820312,189875
2015-02-13,77.20999908447266,81.68000030517578,74.26000213623047,80.02999877929688,72.46784973144531,182355
2015-02-16,80.0,82.41999816894531,79.4000015258789,80.55999755859375,72.94776153564453,79885
2015-02-18,82.0999984741211,82.80000305175781,79.19999694824219,80.37999725341797,72.7847671508789,382580
2015-02-19,78.41000366210938,80.4000015258789,76.80000305175781,77.0,69.72415924072266,111085
2015-02-20,78.0999984741211,78.11000061035156,76.0,76.36000061035156,69.1446304321289,80940
2015-02-23,76.83999633789062,77.83999633789062,74.19999694824219,74.9800033569336,67.89503479003906,76800
2015-02-24,74.94999694824219,75.9800033569336,72.04000091552734,73.51000213623047,66.56393432617188,114130
2015-02-25,73.91999816894531,74.80000305175781,73.41000366210938,73.87999725341797,66.89897155761719,42370
2015-02-26,73.2300033569336,74.1500015258789,72.58000183105469,72.77999877929688,65.90290832519531,14535
2015-02-27,74.94000244140625,74.94000244140625,72.91999816894531,74.0999984741211,67.09819793701172,25755
2015-03-02,73.68000030517578,74.80000305175781,72.54000091552734,74.12999725341797,67.12535095214844,51890
2015-03-03,73.37999725341797,77.4000015258789,73.37999725341797,77.05999755859375,69.77849578857422,227130
2015-03-04,78.8499984741211,78.86000061035156,74.4000015258789,75.41000366210938,68.28441619873047,40795
2015-03-05,75.68000030517578,76.38999938964844,72.30000305175781,74.2699966430664,67.25211334228516,52505
2015-03-09,72.41999816894531,74.26000213623047,72.4000015258789,73.1500015258789,66.23796081542969,154910
2015-03-10,73.19999694824219,75.58999633789062,72.41000366210938,72.87000274658203,65.98442077636719,143675
2015-03-11,73.54000091552734,73.69999694824219,71.81999969482422,72.33000183105469,65.49542999267578,17790
2015-03-12,72.1500015258789,74.4000015258789,71.01000213623047,73.13999938964844,66.22888946533203,118455
2015-03-13,73.27999877929688,74.5,69.73999786376953,72.77999877929688,65.90290832519531,91010
2015-03-16,71.0999984741211,73.19999694824219,71.0999984741211,72.5999984741211,65.73992156982422,73750
2015-03-17,72.37999725341797,73.5999984741211,69.75,69.98999786376953,63.376548767089844,115405
2015-03-18,70.58999633789062,70.70999908447266,68.31999969482422,68.62999725341797,62.14505386352539,33345
2015-03-19,70.98999786376953,71.0,66.5999984741211,67.05999755859375,60.7234001159668,71140
2015-03-20,67.69000244140625,67.69000244140625,65.0199966430664,65.52999877929688,59.337982177734375,165795
2015-03-23,65.2300033569336,65.47000122070312,59.209999084472656,60.29999923706055,54.602176666259766,147410
2015-03-24,61.29999923706055,65.56999969482422,56.209999084472656,64.01000213623047,57.961605072021484,360080
2015-03-25,65.9000015258789,67.76000213623047,64.0,66.7699966430664,60.46080017089844,322765
2015-03-26,65.43000030517578,66.5999984741211,63.52000045776367,65.4000015258789,59.22026443481445,40205
2015-03-27,65.19999694824219,67.4000015258789,65.19000244140625,67.0199966430664,60.687191009521484,69365
2015-03-30,69.80000305175781,70.4000015258789,67.0,68.47000122070312,62.000179290771484,68285
2015-03-31,73.80000305175781,76.4000015258789,71.19999694824219,71.83999633789062,65.05174255371094,1416145
2015-04-01,71.73999786376953,75.19999694824219,70.47000122070312,73.86000061035156,66.88087463378906,148455
2015-04-06,73.80000305175781,73.80999755859375,70.58000183105469,71.0999984741211,64.38166046142578,97200
2015-04-07,71.58999633789062,73.05000305175781,71.0,71.4000015258789,64.65330505371094,102260
2015-04-08,71.5999984741211,73.5999984741211,71.0,71.45999908447266,64.70763397216797,76435
2015-04-09,72.4000015258789,75.0,71.0,73.37000274658203,66.43717956542969,287615
2015-04-10,71.0,75.0,71.0,74.20999908447266,67.19779205322266,250905
2015-04-13,75.0,82.80000305175781,73.0199966430664,77.66999816894531,70.33084869384766,1039535
2015-04-15,77.91000366210938,81.77999877929688,73.19999694824219,76.52999877929688,69.29857635498047,141745
2015-04-16,76.98999786376953,78.79000091552734,73.51000213623047,75.47000122070312,68.33872985839844,53060
2015-04-17,77.37999725341797,77.37999725341797,72.6500015258789,73.62000274658203,66.66355895996094,121135
2015-04-20,76.54000091552734,76.54000091552734,71.62999725341797,72.1500015258789,65.33244323730469,34235
2015-04-21,70.62000274658203,73.75,70.62000274658203,72.23999786376953,65.41394805908203,30780
2015-04-22,74.30999755859375,74.45999908447266,71.22000122070312,71.5,64.74385833740234,96065
2015-04-23,71.80000305175781,73.37000274658203,70.61000061035156,71.30999755859375,64.57181549072266,48020
2015-04-24,71.19999694824219,72.87000274658203,67.0,68.23999786376953,61.79190444946289,36210
2015-04-27,68.98999786376953,69.0,63.599998474121094,66.06999969482422,59.82695770263672,65840
2015-04-28,67.12000274658203,67.9000015258789,65.0999984741211,67.56999969482422,61.185211181640625,31420
2015-04-29,66.80000305175781,68.98999786376953,65.62000274658203,68.8499984741211,62.34426498413086,35875
2015-04-30,68.87999725341797,70.19000244140625,65.02999877929688,65.58999633789062,59.39230728149414,38465
2015-05-04,65.5999984741211,69.5999984741211,65.5999984741211,67.1500015258789,60.80490493774414,48890
2015-05-05,68.0,68.0,66.2699966430664,66.5999984741211,60.30686569213867,29080
2015-05-06,66.19999694824219,67.98999786376953,63.599998474121094,66.18000030517578,59.92655944824219,46165
2015-05-07,66.19999694824219,67.06999969482422,64.0,64.29000091552734,58.21514892578125,17460
2015-05-08,65.56999969482422,66.9000015258789,64.23999786376953,65.5199966430664,59.328914642333984,37620
2015-05-11,67.19999694824219,68.4000015258789,65.0199966430664,67.6500015258789,61.257659912109375,33870
2015-05-12,68.0,68.0,65.02999877929688,65.20999908447266,59.0482177734375,15820
2015-05-13,65.20999908447266,67.91999816894531,65.0,65.26000213623047,59.0934944152832,17130
2015-05-14,65.20999908447266,65.98999786376953,63.41999816894531,63.689998626708984,57.67184066772461,39845
2015-05-15,65.58999633789062,65.5999984741211,63.900001525878906,64.3499984741211,58.269474029541016,25895
2015-05-18,65.77999877929688,66.80000305175781,64.4000015258789,65.55000305175781,59.3560791015625,66160
2015-05-19,65.5999984741211,67.30000305175781,64.2699966430664,64.58999633789062,58.48679733276367,67045
2015-05-20,66.19000244140625,67.4800033569336,64.22000122070312,67.08999633789062,60.75058364868164,233205
2015-05-21,62.79999923706055,65.0,60.720001220703125,62.72999954223633,56.802547454833984,455755
2015-05-22,65.18000030517578,65.18000030517578,61.40999984741211,61.869998931884766,56.0238151550293,188155
2015-05-25,62.400001525878906,63.709999084472656,62.0099983215332,62.40999984741211,56.512786865234375,28730
2015-05-26,62.7599983215332,63.79999923706055,61.40999984741211,62.599998474121094,56.6848258972168,49045
2015-05-27,62.0,63.599998474121094,61.40999984741211,62.77000045776367,56.83877182006836,97575
2015-05-28,62.54999923706055,63.369998931884766,62.0,62.220001220703125,56.34074401855469,11245
2015-05-29,62.029998779296875,63.56999969482422,61.599998474121094,62.959999084472656,57.01081848144531,29895
2015-06-01,63.43000030517578,63.70000076293945,62.0099983215332,62.31999969482422,56.431297302246094,49320
2015-06-02,63.15999984741211,63.16999816894531,61.099998474121094,61.63999938964844,55.815547943115234,166225
2015-06-03,61.0099983215332,63.0,58.439998626708984,59.31999969482422,53.71476745605469,95895
2015-06-04,59.61000061035156,60.130001068115234,57.380001068115234,58.2400016784668,52.736820220947266,31790
2015-06-05,58.45000076293945,59.599998474121094,57.81999969482422,59.02000045776367,53.443119049072266,6540
2015-06-08,59.38999938964844,60.58000183105469,57.630001068115234,58.400001525878906,52.88170623779297,46510
2015-06-09,57.5,58.9900016784668,57.5,58.349998474121094,52.836429595947266,34770
2015-06-10,57.810001373291016,59.0,55.29999923706055,56.25,50.93486404418945,169420
2015-06-11,56.0,57.689998626708984,52.619998931884766,55.189998626708984,49.97502136230469,77945
2015-06-12,55.79999923706055,55.81999969482422,54.209999084472656,54.900001525878906,49.71242141723633,7940
2015-06-15,55.290000915527344,56.20000076293945,54.099998474121094,55.310001373291016,50.083683013916016,52460
2015-06-16,55.75,58.099998474121094,54.099998474121094,56.779998779296875,51.41477966308594,63600
2015-06-17,57.29999923706055,60.689998626708984,57.29999923706055,59.27000045776367,53.66949462890625,56030
2015-06-18,60.09000015258789,64.4000015258789,59.810001373291016,62.75,56.82066345214844,162100
2015-06-19,61.79999923706055,63.279998779296875,60.599998474121094,62.81999969482422,56.8840446472168,256675
2015-06-22,62.70000076293945,64.0,62.0,63.439998626708984,57.44546127319336,42405
2015-06-23,63.77000045776367,63.779998779296875,61.0,61.849998474121094,56.005706787109375,82275
2015-06-24,62.4900016784668,63.7599983215332,62.20000076293945,63.0099983215332,57.05609893798828,47010
2015-06-25,61.06999969482422,65.79000091552734,61.06999969482422,63.29999923706055,57.318695068359375,528730
2015-06-26,62.75,63.54999923706055,62.75,63.0,57.04704666137695,9950
2015-06-29,61.779998779296875,64.19999694824219,59.79999923706055,63.54999923706055,57.54507064819336,40815
2015-06-30,62.97999954223633,64.77999877929688,60.970001220703125,61.650001525878906,55.82460403442383,59430
2015-07-01,62.0099983215332,63.20000076293945,62.0,62.439998626708984,56.53996276855469,17375
2015-07-02,62.38999938964844,65.0,62.38999938964844,63.56999969482422,57.563175201416016,69520
2015-07-03,64.19000244140625,65.0,63.06999969482422,64.48999786376953,58.396244049072266,30665
2015-07-06,61.20000076293945,66.0,61.20000076293945,65.47000122070312,59.28364562988281,75125
2015-07-07,65.38999938964844,67.9800033569336,64.0,65.3499984741211,59.174991607666016,50315
2015-07-08,64.62999725341797,65.58999633789062,61.11000061035156,61.93000030517578,56.078147888183594,72205
2015-07-09,62.59000015258789,63.34000015258789,61.709999084472656,62.61000061035156,56.69389724731445,30100
2015-07-10,62.90999984741211,63.599998474121094,62.20000076293945,62.84000015258789,56.902156829833984,17150
2015-07-13,63.79999923706055,63.79999923706055,61.22999954223633,62.650001525878906,56.7301139831543,32025
2015-07-14,62.31999969482422,63.779998779296875,62.31999969482422,62.810001373291016,56.874996185302734,20885
2015-07-15,62.9900016784668,63.45000076293945,60.41999816894531,61.11000061035156,55.33563232421875,40410
2015-07-16,60.0099983215332,62.869998931884766,59.79999923706055,60.939998626708984,55.18169403076172,112985
2015-07-17,59.72999954223633,61.90999984741211,59.529998779296875,60.65999984741211,54.928157806396484,19825
2015-07-20,61.9900016784668,62.38999938964844,61.20000076293945,61.56999969482422,55.75216293334961,29620
2015-07-21,62.02000045776367,63.970001220703125,60.599998474121094,60.68000030517578,54.94626235961914,62845
2015-07-22,61.0099983215332,62.869998931884766,60.130001068115234,60.97999954223633,55.21791076660156,33315
2015-07-23,61.56999969482422,62.29999923706055,60.709999084472656,61.84000015258789,55.996646881103516,64845
2015-07-24,61.38999938964844,61.599998474121094,59.599998474121094,60.13999938964844,54.45728302001953,68435
2015-07-27,60.029998779296875,60.709999084472656,58.20000076293945,58.560001373291016,53.02658462524414,44020
2015-07-28,59.70000076293945,61.79999923706055,58.95000076293945,60.0,54.33051681518555,774200
2015-07-29,59.70000076293945,61.77000045776367,59.02000045776367,59.810001373291016,54.158470153808594,30965
2015-07-30,61.97999954223633,61.9900016784668,60.209999084472656,60.7599983215332,55.018699645996094,35605
2015-07-31,60.61000061035156,61.380001068115234,59.2400016784668,59.38999938964844,53.77815246582031,98735
2015-08-03,59.0,60.0,58.9900016784668,59.779998779296875,54.13130187988281,66115
2015-08-04,60.029998779296875,61.7599983215332,59.130001068115234,60.959999084472656,55.199806213378906,80670
2015-08-05,61.02000045776367,61.599998474121094,60.150001525878906,60.529998779296875,54.81044006347656,48605
2015-08-06,60.75,61.560001373291016,59.599998474121094,60.9900016784668,55.22697067260742,35185
2015-08-07,59.02000045776367,60.40999984741211,55.5,57.540000915527344,52.10296630859375,117905
2015-08-10,57.81999969482422,58.689998626708984,57.40999984741211,58.279998779296875,52.773040771484375,95250
2015-08-11,58.0,59.11000061035156,56.220001220703125,57.02000045776367,51.632102966308594,453310
2015-08-12,55.959999084472656,58.0,54.02000045776367,54.619998931884766,49.45886993408203,49680
2015-08-13,55.099998474121094,58.0,54.439998626708984,56.40999984741211,51.07973861694336,90580
2015-08-14,56.099998474121094,57.0,55.119998931884766,55.619998931884766,50.36438751220703,109875
2015-08-17,55.70000076293945,57.54999923706055,54.599998474121094,55.939998626708984,50.65414810180664,63960
2015-08-18,55.9900016784668,57.0,55.400001525878906,56.27000045776367,50.95296859741211,57600
2015-08-19,56.61000061035156,57.09000015258789,55.59000015258789,55.91999816894531,50.63603591918945,41645
2015-08-20,56.0,56.5,55.40999984741211,56.040000915527344,50.74470138549805,187735
2015-08-21,55.9900016784668,56.36000061035156,55.02000045776367,56.150001525878906,50.84431076049805,37190
2015-08-24,56.150001525878906,62.0,52.0,55.84000015258789,50.563594818115234,228155
2015-08-25,55.150001525878906,56.0,52.0,54.22999954223633,49.10572814941406,89210
2015-08-26,53.779998779296875,55.79999923706055,53.220001220703125,55.58000183105469,50.32815933227539,208275
2015-08-27,54.900001525878906,57.599998474121094,54.900001525878906,57.290000915527344,51.87657928466797,513365
2015-08-28,57.09000015258789,59.7599983215332,57.040000915527344,57.34000015258789,51.92186737060547,35395
2015-08-31,58.66999816894531,59.0,57.400001525878906,58.54999923706055,53.01752853393555,23415
2015-09-01,59.59000015258789,59.59000015258789,55.650001525878906,56.189998626708984,50.880531311035156,56365
2015-09-02,57.08000183105469,59.880001068115234,57.08000183105469,58.33000183105469,52.818321228027344,98375
2015-09-03,58.9900016784668,59.540000915527344,58.61000061035156,59.2400016784668,53.642333984375,12480
2015-09-04,57.2400016784668,58.400001525878906,56.40999984741211,56.90999984741211,51.532493591308594,21545
2015-09-07,56.279998779296875,58.79999923706055,55.0,55.459999084472656,50.21950149536133,25195
2015-09-08,55.0,56.599998474121094,54.0,56.0099983215332,50.71753692626953,16860
2015-09-09,57.29999923706055,59.380001068115234,56.02000045776367,56.43000030517578,51.097843170166016,11835
2015-09-10,55.40999984741211,57.310001373291016,55.310001373291016,57.08000183105469,51.686431884765625,6390
2015-09-11,57.58000183105469,60.209999084472656,56.189998626708984,57.369998931884766,51.94902420043945,166200
2015-09-14,58.18000030517578,58.599998474121094,57.0,57.119998931884766,51.722652435302734,27950
2015-09-15,57.9900016784668,63.0,57.290000915527344,59.720001220703125,54.58247375488281,109835
2015-09-16,60.189998626708984,60.720001220703125,58.63999938964844,60.369998931884766,55.17654800415039,30805
2015-09-18,59.79999923706055,60.79999923706055,57.0,57.4900016784668,52.5443115234375,59785
2015-09-21,59.400001525878906,63.97999954223633,58.29999923706055,61.970001220703125,56.638912200927734,96190
2015-09-22,60.0099983215332,63.18000030517578,58.880001068115234,59.68000030517578,54.54591369628906,35780
2015-09-23,60.0099983215332,61.0,59.52000045776367,60.439998626708984,55.24052810668945,15400
2015-09-24,59.880001068115234,61.369998931884766,59.29999923706055,60.54999923706055,55.341064453125,17370
2015-09-28,59.58000183105469,61.18000030517578,58.0099983215332,58.56999969482422,53.53139877319336,17790
2015-09-29,58.9900016784668,63.20000076293945,56.41999816894531,59.72999954223633,54.59160614013672,30835
2015-09-30,59.0099983215332,60.5,58.20000076293945,60.16999816894531,54.993751525878906,10165
2015-10-01,60.0,60.869998931884766,57.619998931884766,58.380001068115234,53.35774230957031,27780
2015-10-05,57.88999938964844,59.79999923706055,57.06999969482422,58.369998931884766,53.34860610961914,552165
2015-10-06,59.119998931884766,59.599998474121094,57.79999923706055,58.220001220703125,53.211517333984375,65785
2015-10-07,58.45000076293945,59.15999984741211,57.619998931884766,57.72999954223633,52.76366424560547,31120
2015-10-08,58.95000076293945,60.599998474121094,57.689998626708984,58.540000915527344,53.50398254394531,55960
2015-10-09,58.810001373291016,60.79999923706055,58.79999923706055,59.650001525878906,54.51849365234375,72700
2015-10-12,60.0,60.720001220703125,58.439998626708984,58.95000076293945,53.87870788574219,15805
2015-10-13,59.33000183105469,59.599998474121094,58.630001068115234,59.09000015258789,54.00666046142578,6755
2015-10-14,58.400001525878906,60.400001525878906,58.0099983215332,60.0099983215332,54.8475227355957,13925
2015-10-15,59.9900016784668,61.20000076293945,59.20000076293945,59.459999084472656,54.34484100341797,16125
2015-10-16,58.40999984741211,60.0099983215332,57.90999984741211,58.470001220703125,53.440006256103516,150015
2015-10-19,60.0,60.20000076293945,56.810001373291016,57.31999969482422,52.38893127441406,47175
2015-10-20,58.209999084472656,58.900001525878906,56.41999816894531,58.7400016784668,53.68677520751953,25410
2015-10-21,59.0,59.0,57.209999084472656,57.63999938964844,52.6814079284668,24995
2015-10-23,58.810001373291016,58.810001373291016,57.0,57.15999984741211,52.242698669433594,29580
2015-10-26,58.0,58.0,56.0,56.439998626708984,51.58464050292969,23280
2015-10-27,56.43000030517578,57.36000061035156,54.90999984741211,55.689998626708984,50.899166107177734,38230
2015-10-28,55.7599983215332,56.79999923706055,54.79999923706055,55.310001373291016,50.55185317993164,37190
2015-10-29,56.02000045776367,56.02000045776367,53.279998779296875,54.31999969482422,49.64702224731445,3287845
2015-10-30,56.18000030517578,56.18000030517578,52.599998474121094,53.040000915527344,48.477134704589844,158085
2015-11-02,52.290000915527344,53.58000183105469,50.20000076293945,51.54999923706055,47.11530685424805,241545
2015-11-03,53.59000015258789,53.59000015258789,51.22999954223633,52.0,47.52659225463867,235115
2015-11-04,52.38999938964844,52.790000915527344,51.5,52.20000076293945,47.70939636230469,14660
2015-11-05,52.459999084472656,52.83000183105469,51.400001525878906,51.72999954223633,47.27982711791992,78370
2015-11-06,53.0,53.209999084472656,49.400001525878906,51.970001220703125,47.499183654785156,21490
2015-11-09,49.599998474121094,52.560001373291016,49.38999938964844,52.0,47.52659225463867,801800
2015-11-10,52.9900016784668,53.0,51.63999938964844,52.11000061035156,47.627132415771484,9590
2015-11-13,54.790000915527344,57.0,52.79999923706055,56.56999969482422,51.703460693359375,79930
2015-11-16,57.0,58.79999923706055,56.20000076293945,56.86000061035156,51.968505859375,177305
2015-11-17,57.06999969482422,57.189998626708984,54.0,54.779998779296875,50.06744384765625,48660
2015-11-18,54.79999923706055,56.79999923706055,54.0099983215332,55.939998626708984,51.127655029296875,38125
2015-11-19,55.9900016784668,57.36000061035156,55.459999084472656,56.95000076293945,52.05076599121094,27255
2015-11-20,57.15999984741211,57.9900016784668,56.0,56.72999954223633,51.849693298339844,30425
2015-11-23,57.0,58.0,56.63999938964844,57.84000015258789,52.864200592041016,31940
2015-11-24,57.099998474121094,57.97999954223633,56.0,56.22999954223633,51.3927116394043,13135
2015-11-26,56.400001525878906,57.20000076293945,55.209999084472656,56.41999816894531,51.56635665893555,16265
2015-11-27,56.7599983215332,57.79999923706055,56.0,56.33000183105469,51.484100341796875,6420
2015-11-30,56.599998474121094,56.970001220703125,55.08000183105469,55.97999954223633,51.164215087890625,24825
2015-12-01,56.0099983215332,56.68000030517578,55.869998931884766,56.470001220703125,51.612056732177734,19525
2015-12-02,56.40999984741211,65.19000244140625,56.20000076293945,59.34000015258789,54.23516082763672,3208780
2015-12-03,59.400001525878906,60.36000061035156,58.220001220703125,58.88999938964844,53.82386779785156,422060
2015-12-04,58.0,58.7400016784668,57.5,57.900001525878906,52.919036865234375,151765
2015-12-07,58.0,58.400001525878906,57.0,57.2400016784668,52.315818786621094,91325
2015-12-08,57.08000183105469,57.58000183105469,55.20000076293945,55.61000061035156,50.82604217529297,332175
2015-12-09,56.0,56.0,53.2400016784668,54.34000015258789,49.6652946472168,120935
2015-12-10,55.599998474121094,55.599998474121094,53.0,54.13999938964844,49.48250198364258,74895
2015-12-11,54.0,55.59000015258789,53.0,54.45000076293945,49.765830993652344,107570
2015-12-14,55.0,55.79999923706055,53.060001373291016,54.25,49.583038330078125,55825
2015-12-15,54.25,55.31999969482422,54.099998474121094,54.77000045776367,50.058311462402344,28415
2015-12-16,54.810001373291016,60.45000076293945,54.25,56.02000045776367,51.200775146484375,2066100
2015-12-17,56.41999816894531,60.97999954223633,56.40999984741211,60.20000076293945,55.02117919921875,1359200
2015-12-18,60.599998474121094,65.0,60.20000076293945,63.29999923706055,57.854488372802734,1388595
2015-12-21,63.41999816894531,66.0,63.41999816894531,64.2699966430664,58.74104690551758,376410
2015-12-22,64.37000274658203,65.95999908447266,63.029998779296875,63.61000061035156,58.1378288269043,253435
2015-12-23,63.72999954223633,64.5999984741211,61.630001068115234,62.880001068115234,57.47062683105469,118630
2015-12-24,63.209999084472656,64.9800033569336,62.880001068115234,63.79999923706055,58.31148147583008,224610
2015-12-28,63.0099983215332,64.55999755859375,62.220001220703125,62.880001068115234,57.47062683105469,84705
2015-12-29,63.470001220703125,63.900001525878906,61.20000076293945,61.84000015258789,56.52009201049805,123125
2015-12-30,61.790000915527344,62.20000076293945,60.70000076293945,61.029998779296875,55.77977752685547,65120
2015-12-31,60.099998474121094,62.400001525878906,60.099998474121094,61.18000030517578,55.9168701171875,730025
2016-01-01,62.02000045776367,64.80000305175781,60.81999969482422,63.29999923706055,57.854488372802734,254025
2016-01-04,62.40999984741211,63.630001068115234,60.5,61.279998779296875,56.008270263671875,121965
2016-01-05,62.790000915527344,62.790000915527344,60.689998626708984,61.29999923706055,56.026546478271484,109630
2016-01-06,61.400001525878906,61.790000915527344,60.81999969482422,61.43000030517578,56.14537048339844,84370
2016-01-07,62.189998626708984,62.189998626708984,57.43000030517578,58.529998779296875,53.49484634399414,165320
2016-01-08,58.630001068115234,59.810001373291016,58.08000183105469,58.459999084472656,53.43085861206055,56110
2016-01-11,59.599998474121094,60.79999923706055,57.09000015258789,60.0099983215332,54.8475227355957,72715
2016-01-12,60.0,60.900001525878906,57.9900016784668,58.13999938964844,53.13839340209961,45590
2016-01-13,58.2599983215332,58.95000076293945,53.599998474121094,56.40999984741211,51.557220458984375,112110
2016-01-14,56.0099983215332,58.470001220703125,54.0099983215332,55.470001220703125,50.698089599609375,62270
2016-01-15,56.54999923706055,56.790000915527344,53.20000076293945,53.52000045776367,48.915836334228516,65440
2016-01-18,56.0,56.0,51.0,51.31999969482422,46.905094146728516,59370
2016-01-19,53.0,53.79999923706055,50.20000076293945,53.31999969482422,48.73303985595703,37795
2016-01-20,53.0,53.0,49.11000061035156,50.150001525878906,45.83574676513672,90905
2016-01-21,52.5,52.5,49.900001525878906,50.36000061035156,46.027687072753906,19740
2016-01-22,52.20000076293945,55.91999816894531,50.66999816894531,54.7400016784668,50.0308837890625,130625
2016-01-25,54.529998779296875,55.97999954223633,52.810001373291016,53.2400016784668,48.65992736816406,47290
2016-01-27,53.779998779296875,57.72999954223633,53.779998779296875,55.09000015258789,50.35077667236328,47585
2016-01-28,54.810001373291016,55.04999923706055,53.91999816894531,54.290000915527344,49.61960220336914,9645
2016-01-29,55.189998626708984,56.66999816894531,53.79999923706055,55.5,50.72550582885742,35510
2016-02-01,55.0099983215332,57.400001525878906,54.400001525878906,56.84000015258789,51.950225830078125,35465
2016-02-02,56.599998474121094,57.34000015258789,53.31999969482422,54.5,49.81153106689453,35615
2016-02-03,55.0,56.279998779296875,51.79999923706055,52.880001068115234,48.330894470214844,45065
2016-02-04,51.779998779296875,56.65999984741211,47.0,53.15999984741211,48.586814880371094,561930
2016-02-05,53.619998931884766,55.7599983215332,51.119998931884766,51.52000045776367,47.087894439697266,80330
2016-02-08,51.47999954223633,52.58000183105469,51.209999084472656,51.689998626708984,47.243263244628906,14845
2016-02-09,51.400001525878906,52.65999984741211,50.20000076293945,51.34000015258789,46.92337417602539,22295
2016-02-10,50.040000915527344,51.849998474121094,50.040000915527344,50.97999954223633,46.59435272216797,20825
2016-02-11,50.400001525878906,52.0,48.7400016784668,50.25,45.927146911621094,80565
2016-02-12,49.70000076293945,53.75,45.720001220703125,52.59000015258789,48.06584548950195,55640
2016-02-15,51.209999084472656,53.20000076293945,50.41999816894531,51.34000015258789,46.92337417602539,19835
2016-02-16,52.9900016784668,52.9900016784668,48.459999084472656,48.869998931884766,44.66585922241211,26155
2016-02-17,49.0,49.0,47.220001220703125,47.529998779296875,43.441139221191406,79585
2016-02-18,49.18000030517578,49.599998474121094,46.599998474121094,47.47999954223633,43.39543914794922,44535
2016-02-19,47.02000045776367,47.59000015258789,46.310001373291016,46.599998474121094,42.59114456176758,17940
2016-02-22,47.0,47.59000015258789,45.720001220703125,45.86000061035156,41.9148063659668,33770
2016-02-23,45.0099983215332,46.189998626708984,45.0,45.060001373291016,41.18362808227539,32300
2016-02-24,44.209999084472656,44.869998931884766,42.5099983215332,43.38999938964844,39.65728759765625,23175
2016-02-25,42.5,44.0,42.5,42.83000183105469,39.145469665527344,25090
2016-02-26,42.20000076293945,45.20000076293945,39.79999923706055,40.61000061035156,37.1164436340332,101835
2016-02-29,41.029998779296875,41.029998779296875,39.20000076293945,39.79999923706055,36.37613296508789,23035
2016-03-01,40.38999938964844,42.189998626708984,39.02000045776367,39.97999954223633,36.54064178466797,107760
2016-03-02,40.79999923706055,42.0,40.54999923706055,40.790000915527344,37.28096389770508,90970
2016-03-03,40.099998474121094,41.20000076293945,40.099998474121094,40.560001373291016,37.07074737548828,45765
2016-03-04,40.599998474121094,43.0,40.0,42.43000030517578,38.779876708984375,178745
2016-03-08,44.400001525878906,44.400001525878906,42.0,44.0,40.21480941772461,187360
2016-03-09,44.0,45.0,43.099998474121094,44.79999923706055,40.94599151611328,90655
2016-03-10,44.970001220703125,45.59000015258789,43.400001525878906,43.779998779296875,40.01374435424805,28210
2016-03-11,43.599998474121094,44.0099983215332,41.40999984741211,42.0099983215332,38.3960075378418,54730
2016-03-14,42.20000076293945,43.97999954223633,41.599998474121094,43.29999923706055,39.57503128051758,66885
2016-03-15,44.0,44.0,42.0,42.7400016784668,39.06321334838867,34065
2016-03-16,42.72999954223633,42.72999954223633,41.20000076293945,41.63999938964844,38.05783462524414,55725
2016-03-17,43.599998474121094,43.599998474121094,41.0,42.16999816894531,38.5422477722168,58210
2016-03-18,43.0,43.599998474121094,41.79999923706055,42.15999984741211,38.53310012817383,140790
2016-03-21,42.31999969482422,43.029998779296875,42.31999969482422,42.880001068115234,39.19116973876953,75165
2016-03-22,42.63999938964844,44.959999084472656,42.47999954223633,42.599998474121094,38.93524932861328,67180
2016-03-23,42.689998626708984,43.0,42.31999969482422,42.79999923706055,39.11804962158203,21100
2016-03-28,42.59000015258789,42.97999954223633,41.61000061035156,42.02000045776367,38.40514373779297,136845
2016-03-29,41.099998474121094,42.5,40.58000183105469,41.02000045776367,37.491180419921875,95730
2016-03-30,41.61000061035156,43.16999816894531,41.45000076293945,42.529998779296875,38.871273040771484,70300
2016-03-31,42.529998779296875,43.18000030517578,41.220001220703125,41.790000915527344,38.1949348449707,25615
2016-04-01,42.81999969482422,42.880001068115234,41.70000076293945,42.16999816894531,38.5422477722168,61940
2016-04-04,42.20000076293945,43.0,41.7599983215332,41.869998931884766,38.26804733276367,33025
2016-04-05,41.720001220703125,42.459999084472656,41.099998474121094,41.720001220703125,38.13096618652344,12265
2016-04-06,41.540000915527344,41.970001220703125,41.38999938964844,41.75,38.15837478637695,20285
2016-04-07,41.47999954223633,42.779998779296875,40.959999084472656,41.349998474121094,37.79279327392578,56745
2016-04-08,41.0,42.08000183105469,41.0,41.779998779296875,38.18579864501953,52365
2016-04-11,41.61000061035156,43.599998474121094,41.20000076293945,42.880001068115234,39.19116973876953,427240
2016-04-12,42.5099983215332,44.20000076293945,42.5099983215332,43.77000045776367,40.004600524902344,176620
2016-04-13,44.20000076293945,44.79999923706055,43.63999938964844,44.130001068115234,40.3336296081543,175290
2016-04-18,42.81999969482422,44.91999816894531,42.81999969482422,43.33000183105469,39.602455139160156,46950
2016-04-20,43.33000183105469,43.849998474121094,42.939998626708984,42.9900016784668,39.29170227050781,79995
2016-04-21,43.0,50.59000015258789,43.0,47.86000061035156,43.74275588989258,760215
2016-04-22,47.11000061035156,49.7599983215332,45.459999084472656,49.25,45.0131721496582,163070
2016-04-25,48.0,49.0,47.130001068115234,47.59000015258789,43.495975494384766,38545
2016-04-26,47.0,48.0,45.599998474121094,47.810001373291016,43.697052001953125,61910
2016-04-27,47.9900016784668,48.4900016784668,47.20000076293945,47.52000045776367,43.43199920654297,161595
2016-04-28,46.619998931884766,48.0,46.619998931884766,47.279998779296875,43.212642669677734,21420
2016-04-29,47.20000076293945,47.97999954223633,46.040000915527344,47.709999084472656,43.60565185546875,25625
2016-05-02,47.59000015258789,47.599998474121094,46.29999923706055,46.369998931884766,42.38092803955078,14805
2016-05-03,45.400001525878906,47.400001525878906,45.400001525878906,46.18000030517578,42.207271575927734,8665
2016-05-04,45.0,46.369998931884766,45.0,45.43000030517578,41.521793365478516,17195
2016-05-05,46.209999084472656,46.9900016784668,45.20000076293945,45.650001525878906,41.722862243652344,8765
2016-05-06,44.900001525878906,45.79999923706055,44.52000045776367,44.58000183105469,40.74492263793945,25900
2016-05-09,46.900001525878906,46.900001525878906,45.20000076293945,45.959999084472656,42.00620651245117,30960
2016-05-10,45.20000076293945,46.0,44.0,44.36000061035156,40.54384994506836,68665
2016-05-11,45.18000030517578,45.70000076293945,43.75,45.41999816894531,41.51265335083008,24940
2016-05-12,44.02000045776367,47.77000045776367,43.20000076293945,44.939998626708984,41.073944091796875,361065
2016-05-13,45.0,45.779998779296875,44.5099983215332,44.84000015258789,40.9825553894043,38045
2016-05-16,44.75,45.5,43.400001525878906,44.650001525878906,40.808902740478516,54555
2016-05-17,44.79999923706055,45.0,44.0,44.189998626708984,40.38847351074219,42480
2016-05-18,43.869998931884766,44.7599983215332,43.810001373291016,44.060001373291016,40.269649505615234,25720
2016-05-19,44.29999923706055,45.400001525878906,44.099998474121094,44.58000183105469,40.74492263793945,83130
2016-05-20,44.400001525878906,45.13999938964844,44.0,44.060001373291016,40.269649505615234,30905
2016-05-23,44.88999938964844,44.88999938964844,43.209999084472656,44.060001373291016,40.269649505615234,31810
2016-05-24,44.0099983215332,48.02000045776367,43.79999923706055,44.0,40.21480941772461,441605
2016-05-25,44.70000076293945,44.70000076293945,43.52000045776367,43.95000076293945,40.16911697387695,178910
2016-05-26,43.31999969482422,44.599998474121094,43.31999969482422,44.060001373291016,40.269649505615234,227360
2016-05-27,44.70000076293945,44.70000076293945,43.79999923706055,44.0,40.21480941772461,285575
2016-05-30,44.959999084472656,44.959999084472656,43.599998474121094,43.86000061035156,40.086849212646484,87020
2016-05-31,43.619998931884766,44.16999816894531,43.599998474121094,43.70000076293945,39.94062423706055,13800
2016-06-01,44.0,44.0,43.279998779296875,43.36000061035156,39.62987518310547,46305
2016-06-02,43.33000183105469,44.34000015258789,43.02000045776367,44.220001220703125,40.415897369384766,42980
2016-06-03,44.619998931884766,44.959999084472656,43.93000030517578,44.5099983215332,40.680938720703125,12100
2016-06-06,44.400001525878906,44.849998474121094,43.5,43.75,39.98632049560547,18430
2016-06-07,43.470001220703125,44.599998474121094,43.459999084472656,44.52000045776367,40.69007873535156,19005
2016-06-08,43.599998474121094,44.779998779296875,43.599998474121094,43.86000061035156,40.086849212646484,95815
2016-06-09,44.58000183105469,45.20000076293945,43.619998931884766,43.970001220703125,40.187400817871094,54895
2016-06-10,43.849998474121094,44.779998779296875,43.79999923706055,43.810001373291016,40.041160583496094,55265
2016-06-13,43.79999923706055,44.70000076293945,43.439998626708984,43.59000015258789,39.840084075927734,20400
2016-06-14,43.65999984741211,44.279998779296875,43.65999984741211,43.81999969482422,40.05029296875,131820
2016-06-15,44.349998474121094,47.0,43.79999923706055,45.7599983215332,41.82340621948242,85555
2016-06-16,45.959999084472656,46.79999923706055,43.84000015258789,44.09000015258789,40.29706573486328,47965
2016-06-17,44.400001525878906,44.939998626708984,43.810001373291016,43.90999984741211,40.13256072998047,26560
2016-06-20,43.84000015258789,44.689998626708984,43.599998474121094,44.040000915527344,40.251373291015625,10515
2016-06-21,44.779998779296875,47.88999938964844,43.97999954223633,45.90999984741211,41.96050262451172,371785
2016-06-22,46.099998474121094,47.20000076293945,45.25,46.869998931884766,42.83791732788086,100585
2016-06-23,47.20000076293945,47.38999938964844,45.20000076293945,45.880001068115234,41.933082580566406,27525
2016-06-24,44.959999084472656,44.9900016784668,43.02000045776367,43.86000061035156,40.086849212646484,92135
2016-06-27,44.18000030517578,45.599998474121094,43.400001525878906,44.869998931884766,41.009971618652344,17885
2016-06-28,44.099998474121094,46.790000915527344,43.0,45.25,41.35728073120117,33785
2016-06-29,44.400001525878906,45.68000030517578,44.400001525878906,45.18000030517578,41.29330062866211,15215
2016-06-30,44.20000076293945,45.630001068115234,44.20000076293945,45.15999984741211,41.275020599365234,42875
2016-07-01,44.31999969482422,48.790000915527344,44.31999969482422,46.88999938964844,42.856197357177734,165815
2016-07-04,46.0099983215332,48.380001068115234,46.0099983215332,47.869998931884766,43.751888275146484,40675
2016-07-05,48.79999923706055,48.79999923706055,47.189998626708984,47.4900016784668,43.40458679199219,71505
2016-07-07,47.02000045776367,48.400001525878906,47.02000045776367,47.540000915527344,43.45028305053711,16100
2016-07-08,47.529998779296875,49.27000045776367,47.29999923706055,47.720001220703125,43.61479949951172,74565
2016-07-11,47.5099983215332,48.869998931884766,46.220001220703125,47.43000030517578,43.34973907470703,31670
2016-07-12,48.38999938964844,48.38999938964844,47.02000045776367,47.7400016784668,43.633079528808594,35115
2016-07-13,48.18000030517578,48.599998474121094,47.2599983215332,47.90999984741211,43.7884521484375,58290
2016-07-14,48.380001068115234,48.79999923706055,47.599998474121094,48.38999938964844,44.22715759277344,57085
2016-07-15,48.02000045776367,49.88999938964844,48.02000045776367,49.599998474121094,45.33306121826172,55275
2016-07-18,49.400001525878906,50.27000045776367,48.86000061035156,49.59000015258789,45.32392883300781,31195
2016-07-19,49.59000015258789,51.31999969482422,49.220001220703125,51.0099983215332,46.62176513671875,70620
2016-07-20,51.0,53.20000076293945,50.63999938964844,52.470001220703125,47.95616149902344,71940
2016-07-21,53.0,53.29999923706055,50.20000076293945,50.52000045776367,46.17392349243164,26255
2016-07-22,51.0,53.16999816894531,50.02000045776367,51.130001068115234,46.731449127197266,77975
2016-07-25,51.20000076293945,54.150001525878906,50.040000915527344,52.349998474121094,47.846492767333984,42625
2016-07-26,50.810001373291016,52.9900016784668,50.79999923706055,51.939998626708984,47.47175979614258,7615
2016-07-27,51.02000045776367,52.560001373291016,49.599998474121094,49.93000030517578,45.634674072265625,40375
2016-07-28,50.959999084472656,53.11000061035156,50.209999084472656,51.290000915527344,46.87767791748047,37800
2016-07-29,51.0,52.560001373291016,50.63999938964844,51.72999954223633,47.27982711791992,8285
2016-08-01,51.720001220703125,52.470001220703125,50.02000045776367,51.4900016784668,47.06047439575195,54515
2016-08-02,52.06999969482422,52.09000015258789,51.0,51.77000045776367,47.31637954711914,39310
2016-08-03,51.7599983215332,51.7599983215332,49.220001220703125,50.45000076293945,46.10993194580078,23770
2016-08-04,49.70000076293945,49.70000076293945,43.099998474121094,43.61000061035156,39.858360290527344,872580
2016-08-05,44.400001525878906,45.0,43.220001220703125,44.220001220703125,40.415897369384766,121540
2016-08-08,43.84000015258789,44.95000076293945,43.40999984741211,44.06999969482422,40.278785705566406,27730
2016-08-09,44.689998626708984,44.689998626708984,43.459999084472656,43.959999084472656,40.178253173828125,47240
2016-08-10,44.58000183105469,44.58000183105469,42.41999816894531,43.2599983215332,39.538475036621094,51165
2016-08-11,43.2599983215332,43.97999954223633,41.869998931884766,42.22999954223633,38.597084045410156,62465
2016-08-12,42.22999954223633,42.97999954223633,41.70000076293945,41.93000030517578,38.32289123535156,44870
2016-08-16,42.02000045776367,42.900001525878906,41.20000076293945,41.58000183105469,38.00300216674805,29040
2016-08-17,41.15999984741211,42.58000183105469,40.13999938964844,40.83000183105469,37.31752014160156,112870
2016-08-18,40.79999923706055,41.79999923706055,40.31999969482422,41.279998779296875,37.72880935668945,57245
2016-08-19,41.279998779296875,41.97999954223633,39.779998779296875,40.0099983215332,36.56806564331055,95340
2016-08-22,41.599998474121094,41.599998474121094,39.599998474121094,39.95000076293945,36.51322937011719,50850
2016-08-23,40.0,40.97999954223633,39.400001525878906,39.689998626708984,36.27558898925781,92395
2016-08-24,40.58000183105469,40.9900016784668,39.20000076293945,39.95000076293945,36.51322937011719,54105
2016-08-25,40.0,40.779998779296875,39.029998779296875,39.91999816894531,36.48580551147461,38170
2016-08-26,40.97999954223633,40.97999954223633,39.5,39.61000061035156,36.20248031616211,31355
2016-08-29,38.79999923706055,40.380001068115234,38.79999923706055,39.13999938964844,35.77290344238281,73325
2016-08-30,43.400001525878906,45.0,39.61000061035156,39.95000076293945,36.51322937011719,3132095
2016-08-31,40.34000015258789,40.84000015258789,38.04999923706055,38.720001220703125,35.3890380859375,827425
2016-09-01,39.54999923706055,40.0,38.599998474121094,38.95000076293945,35.599246978759766,252185
2016-09-02,39.43000030517578,39.779998779296875,38.72999954223633,39.06999969482422,35.70892333984375,102285
2016-09-06,38.7400016784668,39.779998779296875,38.2400016784668,38.5099983215332,35.19710159301758,257870
2016-09-07,38.25,38.97999954223633,37.36000061035156,38.20000076293945,34.91377639770508,215625
2016-09-08,38.41999816894531,38.97999954223633,37.59000015258789,38.689998626708984,35.36161422729492,207975
2016-09-09,38.369998931884766,39.0,38.369998931884766,38.54999923706055,35.23366165161133,111605
2016-09-12,38.189998626708984,38.349998474121094,37.34000015258789,37.75,34.50248718261719,160220
2016-09-14,37.599998474121094,38.810001373291016,37.599998474121094,38.380001068115234,35.654422760009766,30080
2016-09-15,37.83000183105469,38.540000915527344,37.81999969482422,38.189998626708984,35.477909088134766,230120
2016-09-16,37.970001220703125,38.75,37.65999984741211,37.93000030517578,35.23638153076172,1134990
2016-09-19,38.77000045776367,38.77000045776367,37.65999984741211,37.70000076293945,35.02272033691406,60765
2016-09-20,39.369998931884766,39.369998931884766,37.81999969482422,37.959999084472656,35.26424789428711,178840
2016-09-21,38.040000915527344,38.5099983215332,37.540000915527344,37.65999984741211,34.98555374145508,90680
2016-09-22,38.0099983215332,38.15999984741211,37.2599983215332,37.470001220703125,34.80904769897461,97530
2016-09-23,37.790000915527344,37.790000915527344,37.2599983215332,37.310001373291016,34.6604118347168,66150
2016-09-26,37.310001373291016,38.209999084472656,37.02000045776367,37.63999938964844,34.966976165771484,79150
2016-09-27,37.61000061035156,37.97999954223633,37.099998474121094,37.47999954223633,34.818336486816406,45315
2016-09-28,37.599998474121094,37.849998474121094,37.279998779296875,37.38999938964844,34.7347297668457,40160
2016-09-29,37.41999816894531,37.880001068115234,35.720001220703125,36.04999923706055,33.489891052246094,104840
2016-09-30,36.099998474121094,37.150001525878906,35.31999969482422,36.2599983215332,33.68497848510742,50020
2016-10-03,36.2599983215332,37.95000076293945,36.209999084472656,37.61000061035156,34.93911361694336,56350
2016-10-04,37.7599983215332,37.97999954223633,36.810001373291016,37.27000045776367,34.62324523925781,24235
2016-10-05,37.54999923706055,39.150001525878906,37.0099983215332,37.790000915527344,35.106319427490234,106665
2016-10-06,37.79999923706055,38.779998779296875,37.540000915527344,37.90999984741211,35.21780014038086,47510
2016-10-07,37.790000915527344,38.20000076293945,37.209999084472656,37.43000030517578,34.77188491821289,49595
2016-10-10,38.400001525878906,38.400001525878906,37.2400016784668,37.95000076293945,35.254966735839844,67990
2016-10-13,37.29999923706055,38.27000045776367,36.70000076293945,37.16999816894531,34.53035354614258,38225
2016-10-14,37.119998931884766,38.27000045776367,37.0099983215332,38.060001373291016,35.357154846191406,58705
2016-10-17,38.0,38.97999954223633,37.599998474121094,38.41999816894531,35.69157791137695,172590
2016-10-18,38.400001525878906,44.599998474121094,38.400001525878906,41.56999969482422,38.61788558959961,3828410
2016-10-19,41.599998474121094,42.900001525878906,39.79999923706055,40.43000030517578,37.558834075927734,410810
2016-10-20,40.599998474121094,41.79999923706055,39.400001525878906,39.790000915527344,36.96429443359375,171245
2016-10-21,40.70000076293945,40.7400016784668,39.459999084472656,39.810001373291016,36.98287582397461,95005
2016-10-24,41.2400016784668,41.2400016784668,39.849998474121094,39.97999954223633,37.14079666137695,86045
2016-10-25,40.0,41.0,39.66999816894531,40.04999923706055,37.2058219909668,60080
2016-10-26,40.0,40.380001068115234,39.04999923706055,39.59000015258789,36.77849578857422,71920
2016-10-27,41.36000061035156,41.36000061035156,38.4900016784668,38.880001068115234,36.11891555786133,89975
2016-10-28,39.060001373291016,39.20000076293945,38.2400016784668,38.7599983215332,36.0074348449707,66200
2016-11-01,38.79999923706055,39.380001068115234,38.630001068115234,39.060001373291016,36.286128997802734,119810
2016-11-02,38.43000030517578,38.79999923706055,37.70000076293945,38.56999969482422,35.83092498779297,132855
2016-11-03,38.9900016784668,39.86000061035156,38.0,38.290000915527344,35.57081604003906,161755
2016-11-04,37.220001220703125,39.0,36.0,36.40999984741211,33.82432556152344,237555
2016-11-07,37.790000915527344,37.849998474121094,36.20000076293945,36.709999084472656,34.103023529052734,63785
2016-11-08,37.04999923706055,37.279998779296875,36.59000015258789,36.869998931884766,34.25165557861328,44720
2016-11-09,35.20000076293945,36.15999984741211,33.790000915527344,35.7599983215332,33.220481872558594,93650
2016-11-10,36.02000045776367,37.599998474121094,36.02000045776367,36.84000015258789,34.22378921508789,128080
2016-11-11,36.84000015258789,37.0,35.599998474121094,35.90999984741211,33.35983657836914,72160
2016-11-15,35.5,35.5,33.900001525878906,34.40999984741211,31.96636199951172,105755
2016-11-16,36.20000076293945,36.560001373291016,34.5,34.61000061035156,32.15214920043945,23820
2016-11-17,34.2400016784668,35.0,34.0099983215332,34.150001525878906,31.724817276000977,47870
2016-11-18,34.599998474121094,34.93000030517578,33.900001525878906,34.08000183105469,31.659791946411133,67965
2016-11-21,34.0099983215332,34.790000915527344,32.5099983215332,33.290000915527344,30.925888061523438,38730
2016-11-22,34.79999923706055,34.79999923706055,33.0,33.5,31.1209774017334,24830
2016-11-23,34.0,35.7599983215332,33.400001525878906,34.380001068115234,31.938488006591797,41545
2016-11-24,34.0099983215332,34.47999954223633,32.849998474121094,33.2400016784668,30.879446029663086,28830
2016-11-25,33.95000076293945,34.36000061035156,33.599998474121094,33.79999923706055,31.399682998657227,106435
2016-11-28,33.599998474121094,34.400001525878906,33.599998474121094,34.220001220703125,31.78984832763672,20140
2016-11-29,34.20000076293945,34.599998474121094,33.540000915527344,34.20000076293945,31.77127456665039,23200
2016-11-30,34.790000915527344,35.400001525878906,34.099998474121094,35.0099983215332,32.52374267578125,74735
2016-12-01,35.58000183105469,35.779998779296875,34.65999984741211,34.869998931884766,32.39368438720703,35225
2016-12-02,35.900001525878906,35.900001525878906,34.0,34.61000061035156,32.15214920043945,26645
2016-12-05,35.54999923706055,35.54999923706055,33.900001525878906,34.099998474121094,31.678367614746094,38960
2016-12-06,34.0,34.65999984741211,33.900001525878906,33.97999954223633,31.56688690185547,85965
2016-12-07,34.5,34.5,33.599998474121094,33.880001068115234,31.4739933013916,55060
2016-12-08,33.900001525878906,34.59000015258789,33.810001373291016,33.939998626708984,31.52973175048828,33265
2016-12-09,33.810001373291016,34.5,33.810001373291016,34.40999984741211,31.96636199951172,15335
2016-12-12,34.11000061035156,35.15999984741211,34.11000061035156,34.83000183105469,32.35653305053711,30955
2016-12-13,34.529998779296875,36.0,34.52000045776367,35.720001220703125,33.18332290649414,30075
2016-12-14,35.720001220703125,36.91999816894531,35.20000076293945,35.220001220703125,32.718833923339844,84095
2016-12-15,35.0,35.150001525878906,34.599998474121094,34.970001220703125,32.48659133911133,79760
2016-12-16,34.9900016784668,35.7400016784668,34.65999984741211,35.189998626708984,32.69095993041992,75070
2016-12-19,35.790000915527344,36.0,34.79999923706055,35.06999969482422,32.57948303222656,34235
2016-12-20,34.81999969482422,35.400001525878906,34.619998931884766,35.0,32.51445007324219,73935
2016-12-21,35.0,35.599998474121094,34.099998474121094,34.9900016784668,32.50516128540039,63390
2016-12-22,35.54999923706055,35.54999923706055,34.02000045776367,34.630001068115234,32.17073440551758,33690
2016-12-23,34.880001068115234,34.880001068115234,34.34000015258789,34.380001068115234,31.938488006591797,6755
2016-12-26,35.540000915527344,35.540000915527344,33.43000030517578,33.91999816894531,31.511150360107422,20535
2016-12-27,33.599998474121094,34.63999938964844,33.599998474121094,33.849998474121094,31.44612693786621,34440
2016-12-28,34.47999954223633,34.47999954223633,33.52000045776367,33.66999816894531,31.278898239135742,36375
2016-12-29,34.20000076293945,34.34000015258789,33.470001220703125,33.9900016784668,31.576189041137695,18650
2016-12-30,34.959999084472656,34.959999084472656,33.880001068115234,33.939998626708984,31.52973175048828,55100
2017-01-02,34.310001373291016,34.310001373291016,33.599998474121094,33.970001220703125,31.557605743408203,28490
2017-01-03,34.40999984741211,36.0,33.900001525878906,34.959999084472656,32.477298736572266,79275
2017-01-04,34.849998474121094,35.0,34.63999938964844,34.779998779296875,32.31007766723633,75950
2017-01-05,34.900001525878906,35.0,34.70000076293945,34.790000915527344,32.31937026977539,31235
2017-01-06,35.22999954223633,35.52000045776367,34.77000045776367,35.02000045776367,32.53303527832031,105100
2017-01-09,34.90999984741211,36.79999923706055,34.529998779296875,35.25,32.746700286865234,113175
2017-01-10,36.0,36.52000045776367,35.560001373291016,36.15999984741211,33.592079162597656,299235
2017-01-11,36.02000045776367,36.88999938964844,36.02000045776367,36.59000015258789,33.991539001464844,69325
2017-01-12,36.849998474121094,36.900001525878906,36.02000045776367,36.31999969482422,33.74071502685547,32685
2017-01-13,36.29999923706055,37.0,36.060001373291016,36.27000045776367,33.694271087646484,42605
2017-01-16,37.0,37.29999923706055,35.9900016784668,36.59000015258789,33.991539001464844,918565
2017-01-17,36.790000915527344,37.5,36.209999084472656,36.4900016784668,33.89864730834961,123745
2017-01-18,37.15999984741211,37.400001525878906,36.619998931884766,36.90999984741211,34.288814544677734,184275
2017-01-19,37.0,37.150001525878906,36.220001220703125,36.5,33.907936096191406,356545
2017-01-20,36.380001068115234,36.97999954223633,35.9900016784668,36.189998626708984,33.61994934082031,46580
2017-01-23,36.84000015258789,36.939998626708984,36.29999923706055,36.349998474121094,33.768585205078125,28445
2017-01-24,36.369998931884766,36.529998779296875,35.439998626708984,35.59000015258789,33.06256103515625,178250
2017-01-25,35.43000030517578,37.279998779296875,35.43000030517578,36.380001068115234,33.79645919799805,138325
2017-01-27,36.880001068115234,36.939998626708984,35.0,35.290000915527344,32.78385925292969,381330
2017-01-30,35.630001068115234,35.9900016784668,35.599998474121094,35.68000030517578,33.14616394042969,32650
2017-01-31,35.040000915527344,36.0,35.029998779296875,35.66999816894531,33.136871337890625,46150
2017-02-01,35.58000183105469,35.9900016784668,35.040000915527344,35.66999816894531,33.136871337890625,115335
2017-02-02,36.06999969482422,38.369998931884766,35.02000045776367,36.209999084472656,33.63853073120117,546330
2017-02-03,35.599998474121094,35.599998474121094,34.02000045776367,34.61000061035156,32.15214920043945,381700
2017-02-06,34.400001525878906,35.029998779296875,33.88999938964844,34.099998474121094,31.678367614746094,232410
2017-02-07,34.22999954223633,34.689998626708984,33.79999923706055,33.97999954223633,31.56688690185547,175660
2017-02-08,34.0,34.380001068115234,33.189998626708984,33.54999923706055,31.167428970336914,108975
2017-02-09,33.5099983215332,33.88999938964844,32.02000045776367,32.66999816894531,30.34992218017578,239335
2017-02-10,32.790000915527344,34.79999923706055,32.790000915527344,33.0099983215332,30.665773391723633,153775
2017-02-13,33.0,33.0,32.0,32.16999816894531,29.885427474975586,478740
2017-02-14,32.97999954223633,32.97999954223633,32.099998474121094,32.52000045776367,30.2105712890625,203145
2017-02-15,33.58000183105469,33.58000183105469,32.220001220703125,32.66999816894531,30.34992218017578,49170
2017-02-16,32.77000045776367,32.779998779296875,31.719999313354492,32.25,29.95975112915039,130625
2017-02-17,32.970001220703125,32.970001220703125,31.600000381469727,31.8799991607666,29.616024017333984,130245
2017-02-20,32.4900016784668,32.529998779296875,31.75,32.380001068115234,30.080516815185547,75300
2017-02-21,31.610000610351562,32.599998474121094,31.610000610351562,32.22999954223633,29.941165924072266,110705
2017-02-22,32.099998474121094,32.58000183105469,31.84000015258789,32.4900016784668,30.182708740234375,69150
2017-02-23,32.880001068115234,32.880001068115234,31.459999084472656,31.649999618530273,29.402355194091797,148345
2017-02-27,32.0,32.0,31.020000457763672,31.40999984741211,29.179401397705078,89320
2017-02-28,31.959999084472656,31.959999084472656,30.600000381469727,31.399999618530273,29.17011070251465,95105
2017-03-01,31.200000762939453,31.950000762939453,31.1200008392334,31.860000610351562,29.59744644165039,32345
2017-03-02,32.189998626708984,32.20000076293945,31.559999465942383,31.59000015258789,29.34661865234375,63765
2017-03-03,31.989999771118164,31.989999771118164,31.200000762939453,31.579999923706055,29.337329864501953,512290
2017-03-06,31.18000030517578,32.029998779296875,31.18000030517578,31.739999771118164,29.485965728759766,29585
2017-03-07,32.0,32.189998626708984,31.399999618530273,31.459999084472656,29.22585105895996,49475
2017-03-08,31.959999084472656,32.0,31.270000457763672,31.899999618530273,29.634605407714844,84545
2017-03-09,32.13999938964844,32.15999984741211,31.600000381469727,31.920000076293945,29.653182983398438,35550
2017-03-10,33.0,35.79999923706055,31.790000915527344,34.630001068115234,32.17073440551758,1148760
2017-03-14,34.79999923706055,36.27000045776367,34.63999938964844,35.97999954223633,33.424869537353516,903800
2017-03-15,36.20000076293945,37.9900016784668,35.61000061035156,37.11000061035156,34.474613189697266,2225790
2017-03-16,37.2599983215332,38.779998779296875,36.79999923706055,37.31999969482422,34.66969680786133,2050980
2017-03-17,37.70000076293945,38.599998474121094,37.099998474121094,37.25,34.60466766357422,1245405
2017-03-20,37.400001525878906,38.08000183105469,37.209999084472656,37.4900016784668,34.8276252746582,908605
2017-03-21,37.599998474121094,37.7400016784668,36.70000076293945,36.93000030517578,34.307395935058594,302685
2017-03-22,36.529998779296875,36.849998474121094,35.5,35.720001220703125,33.18332290649414,212985
2017-03-23,36.47999954223633,36.4900016784668,35.130001068115234,35.5,32.978946685791016,103035
2017-03-24,35.150001525878906,37.86000061035156,34.630001068115234,37.619998931884766,34.94839859008789,992315
2017-03-27,38.0099983215332,39.599998474121094,37.0099983215332,37.4900016784668,34.8276252746582,1730335
2017-03-28,37.939998626708984,41.20000076293945,37.939998626708984,40.720001220703125,37.828243255615234,2760105
2017-03-29,41.25,42.38999938964844,40.0,40.59000015258789,37.70747756958008,1616025
2017-03-30,40.95000076293945,44.20000076293945,40.0,42.900001525878906,39.85343551635742,2597495
2017-03-31,42.7599983215332,47.18000030517578,42.709999084472656,46.18000030517578,42.90049743652344,4084355
2017-04-03,46.959999084472656,48.599998474121094,46.849998474121094,48.099998474121094,44.68415069580078,1697085
2017-04-05,48.0,48.209999084472656,45.79999923706055,46.18000030517578,42.90049743652344,1372925
2017-04-06,46.18000030517578,46.34000015258789,44.779998779296875,45.689998626708984,42.44529724121094,643530
2017-04-07,45.0,46.599998474121094,43.59000015258789,44.029998779296875,40.90318298339844,807570
2017-04-10,44.099998474121094,45.29999923706055,43.79999923706055,44.220001220703125,41.0797004699707,519105
2017-04-11,44.31999969482422,45.18000030517578,43.619998931884766,44.20000076293945,41.061119079589844,448985
2017-04-12,44.20000076293945,45.900001525878906,42.810001373291016,43.5,40.41082000732422,815845
2017-04-13,43.79999923706055,45.29999923706055,43.29999923706055,44.38999938964844,41.23762512207031,958405
2017-04-17,44.79999923706055,46.540000915527344,44.630001068115234,45.31999969482422,42.10157775878906,745755
2017-04-18,45.70000076293945,46.79999923706055,44.63999938964844,44.79999923706055,41.61850357055664,673950
2017-04-19,45.04999923706055,45.59000015258789,43.400001525878906,43.790000915527344,40.68022537231445,392415
2017-04-20,44.290000915527344,47.279998779296875,44.0,45.7599983215332,42.51032638549805,1261570
2017-04-21,45.810001373291016,47.790000915527344,45.0,45.43000030517578,42.20376205444336,1108900
2017-04-24,45.939998626708984,47.540000915527344,45.459999084472656,45.790000915527344,42.5381965637207,880190
2017-04-25,46.0,46.439998626708984,45.220001220703125,45.56999969482422,42.33382034301758,344810
2017-04-26,45.630001068115234,47.0,43.709999084472656,43.939998626708984,40.81957244873047,581235
2017-04-27,44.33000183105469,48.79999923706055,44.0,47.790000915527344,44.396175384521484,1620695
2017-04-28,49.0,51.0,48.540000915527344,49.029998779296875,45.5481071472168,1414600
2017-05-02,49.369998931884766,50.939998626708984,48.209999084472656,48.63999938964844,45.1858024597168,580450
2017-05-03,49.119998931884766,49.7599983215332,46.52000045776367,46.959999084472656,43.6251106262207,636790
2017-05-04,47.16999816894531,49.380001068115234,47.119998931884766,48.709999084472656,45.25082778930664,629715
2017-05-05,49.599998474121094,50.599998474121094,46.88999938964844,47.150001525878906,43.8016242980957,719790
2017-05-08,47.77000045776367,48.599998474121094,46.400001525878906,47.040000915527344,43.699424743652344,455375
2017-05-09,47.369998931884766,47.59000015258789,46.439998626708984,47.09000015258789,43.745887756347656,295075
2017-05-10,47.41999816894531,51.400001525878906,47.2599983215332,49.65999984741211,46.13337326049805,1743475
2017-05-11,50.0,52.400001525878906,49.65999984741211,50.18000030517578,46.6164436340332,1517140
2017-05-12,50.43000030517578,52.84000015258789,50.43000030517578,51.95000076293945,48.260746002197266,1922085
2017-05-15,52.540000915527344,53.97999954223633,50.20000076293945,50.599998474121094,47.006614685058594,1609990
2017-05-16,50.599998474121094,52.439998626708984,50.5,51.400001525878906,47.74980545043945,919805
2017-05-17,51.40999984741211,52.68000030517578,50.779998779296875,51.0,47.37821578979492,1054880
2017-05-18,50.0,51.779998779296875,48.400001525878906,49.209999084472656,45.715328216552734,762865
2017-05-19,50.0,52.560001373291016,49.099998474121094,49.68000030517578,46.15195083618164,1886075
2017-05-22,50.27000045776367,51.13999938964844,45.119998931884766,45.439998626708984,42.213050842285156,1330715
2017-05-23,45.400001525878906,45.68000030517578,42.90999984741211,43.33000183105469,40.252899169921875,728075
2017-05-24,43.189998626708984,44.83000183105469,40.79999923706055,41.36000061035156,38.42279815673828,934015
2017-05-25,42.15999984741211,43.970001220703125,41.29999923706055,42.5,39.48183822631836,1271990
2017-05-26,42.599998474121094,44.380001068115234,42.599998474121094,43.40999984741211,40.32721710205078,383785
2017-05-29,43.7400016784668,44.189998626708984,42.0,42.45000076293945,39.43539047241211,497940
2017-05-30,42.400001525878906,43.400001525878906,41.61000061035156,42.43000030517578,39.41680908203125,407000
2017-05-31,42.599998474121094,43.97999954223633,42.5,43.09000015258789,40.02994155883789,353470
2017-06-01,43.33000183105469,43.66999816894531,42.0099983215332,42.130001068115234,39.13811492919922,335565
2017-06-02,42.540000915527344,44.959999084472656,42.540000915527344,44.130001068115234,40.9960823059082,989070
2017-06-05,44.20000076293945,45.20000076293945,44.099998474121094,44.41999816894531,41.26549530029297,802830
2017-06-06,44.650001525878906,44.84000015258789,43.61000061035156,43.95000076293945,40.8288688659668,229125
2017-06-07,43.810001373291016,44.099998474121094,43.0,43.20000076293945,40.13213348388672,239480
2017-06-08,43.0,44.4900016784668,42.5,43.45000076293945,40.364376068115234,241330
2017-06-09,43.47999954223633,43.630001068115234,43.11000061035156,43.220001220703125,40.15070724487305,242700
2017-06-12,42.68000030517578,43.599998474121094,42.68000030517578,43.400001525878906,40.31792449951172,332575
2017-06-13,42.91999816894531,43.599998474121094,42.79999923706055,43.09000015258789,40.02994155883789,189745
2017-06-14,43.040000915527344,43.5,43.0099983215332,43.209999084472656,40.14141845703125,109630
2017-06-15,43.130001068115234,43.599998474121094,42.810001373291016,43.5,40.41082000732422,153460
2017-06-16,43.2400016784668,43.599998474121094,42.79999923706055,43.02000045776367,39.964908599853516,90285
2017-06-19,43.20000076293945,43.290000915527344,41.7400016784668,42.04999923706055,39.06379318237305,351170
2017-06-20,42.0,44.380001068115234,41.86000061035156,43.560001373291016,40.46656036376953,581700
2017-06-21,43.599998474121094,44.33000183105469,43.209999084472656,44.18000030517578,41.042537689208984,600650
2017-06-22,43.900001525878906,44.380001068115234,42.279998779296875,42.810001373291016,39.76982879638672,993540
2017-06-23,43.0,43.599998474121094,41.529998779296875,42.310001373291016,39.30533218383789,314855
2017-06-27,42.86000061035156,43.939998626708984,42.689998626708984,43.16999816894531,40.10425567626953,226600
2017-06-28,42.63999938964844,43.599998474121094,42.63999938964844,43.439998626708984,40.35508346557617,288865
2017-06-29,43.060001373291016,43.9900016784668,42.849998474121094,43.459999084472656,40.373661041259766,687770
2017-06-30,43.650001525878906,46.599998474121094,43.650001525878906,45.400001525878906,42.17589569091797,2491675
2017-07-03,45.189998626708984,46.9900016784668,44.68000030517578,46.47999954223633,43.179203033447266,1001680
2017-07-04,46.47999954223633,46.900001525878906,45.099998474121094,46.04999923706055,42.77973175048828,328515
2017-07-05,46.029998779296875,46.72999954223633,45.400001525878906,46.08000183105469,42.80760955810547,353925
2017-07-06,46.119998931884766,50.58000183105469,45.869998931884766,48.869998931884766,45.39946746826172,2864460
2017-07-07,48.59000015258789,50.58000183105469,47.599998474121094,47.93000030517578,44.5262336730957,1639590
2017-07-10,48.060001373291016,49.540000915527344,47.900001525878906,48.77000045776367,45.30657196044922,222755
2017-07-11,49.11000061035156,49.11000061035156,47.15999984741211,47.36000061035156,43.996700286865234,404990
2017-07-12,47.40999984741211,47.72999954223633,45.5099983215332,46.130001068115234,42.854061126708984,305540
2017-07-13,46.209999084472656,47.97999954223633,45.20000076293945,45.529998779296875,42.296661376953125,438480
2017-07-14,45.61000061035156,46.400001525878906,44.5099983215332,45.02000045776367,41.822879791259766,443575
2017-07-17,45.209999084472656,45.97999954223633,44.7400016784668,45.15999984741211,41.95293426513672,185550
2017-07-18,45.209999084472656,45.56999969482422,43.5099983215332,44.08000183105469,40.94963455200195,389395
2017-07-19,44.47999954223633,45.380001068115234,44.20000076293945,44.70000076293945,41.52560043334961,369820
2017-07-20,44.70000076293945,45.779998779296875,44.599998474121094,45.0,41.80430603027344,251835
2017-07-21,45.22999954223633,46.0,44.43000030517578,45.06999969482422,41.86933135986328,1068795
2017-07-24,44.93000030517578,45.959999084472656,44.91999816894531,45.220001220703125,42.00867462158203,239210
2017-07-25,45.709999084472656,48.2400016784668,44.599998474121094,46.97999954223633,43.6436882019043,925190
2017-07-26,49.56999969482422,49.900001525878906,47.0,47.459999084472656,44.089595794677734,4696090
2017-07-27,47.599998474121094,48.0,45.25,45.77000045776367,42.519622802734375,653850
2017-07-28,44.70000076293945,46.790000915527344,44.70000076293945,45.7599983215332,42.51032638549805,294865
2017-07-31,45.040000915527344,45.900001525878906,44.220001220703125,45.43000030517578,42.20376205444336,209315
2017-08-01,45.5,46.18000030517578,44.41999816894531,44.70000076293945,41.52560043334961,523825
2017-08-02,45.09000015258789,45.099998474121094,42.5099983215332,42.970001220703125,39.91846466064453,396025
2017-08-03,43.119998931884766,43.689998626708984,40.79999923706055,41.349998474121094,38.41351318359375,944490
2017-08-04,41.22999954223633,43.220001220703125,39.70000076293945,42.4900016784668,39.47254943847656,615435
2017-08-07,42.47999954223633,43.29999923706055,41.630001068115234,42.119998931884766,39.12882614135742,309465
2017-08-08,42.29999923706055,43.15999984741211,41.79999923706055,42.369998931884766,39.36106872558594,844985
2017-08-09,42.0,43.20000076293945,40.68000030517578,42.81999969482422,39.77912139892578,282810
2017-08-10,42.90999984741211,42.90999984741211,40.209999084472656,41.38999938964844,38.450660705566406,324075
2017-08-11,39.02000045776367,41.599998474121094,36.400001525878906,41.15999984741211,38.23699951171875,1643935
2017-08-14,41.599998474121094,44.18000030517578,40.0099983215332,43.349998474121094,40.27147674560547,602820
2017-08-16,43.099998474121094,45.060001373291016,42.40999984741211,44.029998779296875,40.90318298339844,249860
2017-08-17,44.0,44.470001220703125,42.79999923706055,43.380001068115234,40.299346923828125,152110
2017-08-18,42.810001373291016,44.189998626708984,41.0,43.540000915527344,40.44797897338867,333775
2017-08-21,43.41999816894531,44.79999923706055,42.119998931884766,42.91999816894531,39.87200927734375,159695
2017-08-22,43.56999969482422,43.56999969482422,41.63999938964844,41.880001068115234,38.90586853027344,99305
2017-08-23,42.459999084472656,43.66999816894531,42.029998779296875,42.40999984741211,39.39822769165039,213115
2017-08-24,43.099998474121094,43.5,41.79999923706055,42.22999954223633,39.231014251708984,232335
2017-08-28,42.779998779296875,44.41999816894531,42.619998931884766,44.09000015258789,40.958919525146484,271245
2017-08-29,43.40999984741211,43.79999923706055,42.209999084472656,42.529998779296875,39.509708404541016,106955
2017-08-30,42.9900016784668,43.310001373291016,42.29999923706055,42.70000076293945,39.667640686035156,62975
2017-08-31,42.72999954223633,43.290000915527344,42.650001525878906,42.869998931884766,39.825565338134766,65925
2017-09-01,43.380001068115234,43.959999084472656,43.0,43.25,40.17857360839844,76050
2017-09-04,43.38999938964844,43.75,42.54999923706055,42.84000015258789,39.797698974609375,102385
2017-09-05,43.0099983215332,43.529998779296875,42.810001373291016,43.25,40.17857360839844,78860
2017-09-06,43.040000915527344,43.70000076293945,42.709999084472656,43.2400016784668,40.169288635253906,96060
2017-09-07,43.689998626708984,44.900001525878906,43.56999969482422,44.400001525878906,41.246910095214844,227590
2017-09-08,44.400001525878906,45.79999923706055,43.720001220703125,44.22999954223633,41.088985443115234,253580
2017-09-11,44.25,44.65999984741211,43.58000183105469,43.790000915527344,40.68022537231445,113645
2017-09-12,43.9900016784668,44.27000045776367,42.79999923706055,43.16999816894531,40.10425567626953,166325
2017-09-13,43.459999084472656,43.66999816894531,42.400001525878906,42.70000076293945,39.667640686035156,62675
2017-09-14,42.9900016784668,43.540000915527344,42.470001220703125,42.560001373291016,39.5375862121582,164060
2017-09-15,42.560001373291016,42.810001373291016,42.0,42.470001220703125,39.4539680480957,128720
2017-09-18,42.52000045776367,42.79999923706055,41.75,42.08000183105469,39.0916633605957,224070
2017-09-19,42.029998779296875,43.20000076293945,41.7599983215332,41.88999938964844,39.25094985961914,142100
2017-09-20,42.720001220703125,42.95000076293945,41.91999816894531,42.099998474121094,39.447723388671875,142145
2017-09-21,42.209999084472656,42.290000915527344,41.13999938964844,41.40999984741211,38.80119705200195,202325
2017-09-22,41.31999969482422,41.41999816894531,40.209999084472656,40.93000030517578,38.351436614990234,144610
2017-09-25,41.4900016784668,41.5,38.2400016784668,40.150001525878906,37.620567321777344,118860
2017-09-26,40.59000015258789,40.689998626708984,39.72999954223633,40.5099983215332,37.9578971862793,246735
2017-09-27,40.0,40.900001525878906,38.15999984741211,38.5,36.07452392578125,312660
2017-09-28,38.540000915527344,39.20000076293945,38.20000076293945,38.97999954223633,36.524288177490234,87875
2017-09-29,39.0,40.84000015258789,38.79999923706055,40.209999084472656,37.676795959472656,119150
2017-10-03,41.0,41.0,39.93000030517578,40.06999969482422,37.545616149902344,120190
2017-10-04,40.099998474121094,41.34000015258789,40.0,40.79999923706055,38.2296257019043,76830
2017-10-05,41.0099983215332,41.599998474121094,40.56999969482422,40.75,38.182777404785156,59870
2017-10-06,40.720001220703125,41.709999084472656,40.02000045776367,40.63999938964844,38.0797004699707,227245
2017-10-09,41.189998626708984,41.20000076293945,40.560001373291016,40.689998626708984,38.12655258178711,56455
2017-10-10,41.189998626708984,44.400001525878906,40.400001525878906,41.779998779296875,39.14788818359375,544905
2017-10-11,42.33000183105469,42.79999923706055,41.0099983215332,42.400001525878906,39.728824615478516,483680
2017-10-12,42.29999923706055,42.779998779296875,42.04999923706055,42.33000183105469,39.66323471069336,73915
2017-10-13,42.25,42.79999923706055,41.2599983215332,42.5099983215332,39.83189392089844,179525
2017-10-16,42.9900016784668,42.9900016784668,41.9900016784668,42.0,39.35402297973633,151625
2017-10-17,42.0,42.7400016784668,42.0,42.33000183105469,39.66323471069336,119725
2017-10-18,42.0,42.34000015258789,41.849998474121094,42.0,39.35402297973633,298885
2017-10-19,42.0,42.599998474121094,41.40999984741211,42.060001373291016,39.41024398803711,29965
2017-10-23,42.0,42.779998779296875,41.97999954223633,42.0099983215332,39.36339569091797,582405
2017-10-24,42.529998779296875,42.529998779296875,42.0,42.099998474121094,39.447723388671875,77360
2017-10-25,42.0,42.400001525878906,41.79999923706055,42.0099983215332,39.36339569091797,95565
2017-10-26,42.0,42.400001525878906,42.0,42.029998779296875,39.38212966918945,71425
2017-10-27,42.099998474121094,42.349998474121094,42.0,42.060001373291016,39.41024398803711,66955
2017-10-30,42.20000076293945,42.599998474121094,41.599998474121094,41.849998474121094,39.213478088378906,123630
2017-10-31,41.849998474121094,43.59000015258789,41.400001525878906,42.15999984741211,39.50395202636719,250835
2017-11-01,42.7599983215332,44.400001525878906,42.09000015258789,43.189998626708984,40.46906280517578,237985
2017-11-02,43.709999084472656,43.720001220703125,42.599998474121094,42.79999923706055,40.10362243652344,67230
2017-11-03,43.380001068115234,43.380001068115234,42.0,42.099998474121094,39.447723388671875,119775
2017-11-06,42.56999969482422,42.58000183105469,42.029998779296875,42.279998779296875,39.61638641357422,111210
2017-11-07,42.400001525878906,42.79999923706055,42.0,42.02000045776367,39.372764587402344,240730
2017-11-08,42.099998474121094,44.38999938964844,42.099998474121094,42.95000076293945,40.244171142578125,267235
2017-11-09,42.900001525878906,44.79999923706055,42.619998931884766,43.939998626708984,41.17180633544922,152855
2017-11-10,43.599998474121094,44.86000061035156,43.0,43.119998931884766,40.403465270996094,157725
2017-11-13,43.599998474121094,43.97999954223633,42.13999938964844,42.25,39.58827590942383,80685
2017-11-14,42.900001525878906,42.900001525878906,41.029998779296875,41.38999938964844,38.78245162963867,102300
2017-11-15,41.97999954223633,42.61000061035156,40.88999938964844,41.290000915527344,38.688758850097656,118035
2017-11-16,42.29999923706055,42.540000915527344,40.0,40.310001373291016,37.7704963684082,922485
2017-11-17,40.79999923706055,40.93000030517578,39.04999923706055,39.290000915527344,36.814754486083984,347030
2017-11-20,39.290000915527344,40.77000045776367,38.650001525878906,39.27000045776367,36.7960205078125,309905
2017-11-21,39.310001373291016,40.34000015258789,39.20000076293945,39.77000045776367,37.26451110839844,134820
2017-11-22,40.0,40.20000076293945,39.2400016784668,39.529998779296875,37.039634704589844,90235
2017-11-23,39.91999816894531,39.93000030517578,38.81999969482422,39.08000183105469,36.61798095703125,231460
2017-11-24,39.290000915527344,40.939998626708984,38.900001525878906,39.459999084472656,36.97404479980469,605790
2017-11-27,39.599998474121094,39.90999984741211,38.720001220703125,39.18000030517578,36.7116813659668,107270
2017-11-28,39.29999923706055,39.7400016784668,39.20000076293945,39.400001525878906,36.917823791503906,114115
2017-11-29,39.65999984741211,39.66999816894531,37.189998626708984,37.720001220703125,35.343666076660156,463960
2017-11-30,38.119998931884766,38.33000183105469,37.20000076293945,37.470001220703125,35.109413146972656,251690
2017-12-01,37.9900016784668,38.59000015258789,36.09000015258789,36.2599983215332,33.97563934326172,490275
2017-12-04,36.790000915527344,37.380001068115234,36.20000076293945,36.4900016784668,34.191158294677734,73565
2017-12-05,36.599998474121094,37.18000030517578,35.599998474121094,36.439998626708984,34.14430236816406,133620
2017-12-06,36.599998474121094,36.599998474121094,35.459999084472656,35.7599983215332,33.50714111328125,49870
2017-12-07,35.599998474121094,36.130001068115234,35.36000061035156,35.52000045776367,33.282257080078125,193105
2017-12-08,35.869998931884766,35.88999938964844,34.79999923706055,35.02000045776367,32.81375503540039,155085
2017-12-11,35.29999923706055,35.72999954223633,34.599998474121094,35.209999084472656,32.991790771484375,281835
2017-12-12,35.459999084472656,37.0,35.220001220703125,35.43000030517578,33.19792938232422,225760
2017-12-13,35.599998474121094,36.0,34.40999984741211,34.689998626708984,32.50455093383789,131885
2017-12-14,35.099998474121094,35.4900016784668,34.220001220703125,34.40999984741211,32.2421875,101625
2017-12-15,34.900001525878906,37.380001068115234,34.72999954223633,36.47999954223633,34.18178176879883,515315
2017-12-18,36.97999954223633,37.599998474121094,35.20000076293945,36.83000183105469,34.509735107421875,128990
2017-12-19,37.560001373291016,38.0,36.41999816894531,37.060001373291016,34.725242614746094,197915
2017-12-20,36.599998474121094,37.150001525878906,36.540000915527344,36.7400016784668,34.42540740966797,104180
2017-12-21,37.20000076293945,37.20000076293945,36.0,36.33000183105469,34.04123306274414,115890
2017-12-22,36.400001525878906,38.959999084472656,36.400001525878906,37.9900016784668,35.59665298461914,713140
2017-12-26,38.52000045776367,39.279998779296875,38.099998474121094,39.040000915527344,36.580501556396484,349545
2017-12-27,39.20000076293945,39.7400016784668,38.779998779296875,39.06999969482422,36.60860824584961,379870
2017-12-28,39.400001525878906,39.7400016784668,38.83000183105469,39.2599983215332,36.78664016723633,1077590
2017-12-29,39.400001525878906,40.54999923706055,38.439998626708984,38.65999984741211,36.22444152832031,666665
2018-01-01,38.81999969482422,40.400001525878906,38.79999923706055,39.31999969482422,36.842864990234375,498015
2018-01-02,39.650001525878906,39.650001525878906,36.650001525878906,37.9900016784668,35.59665298461914,549875
2018-01-03,38.54999923706055,38.95000076293945,37.20000076293945,37.54999923706055,35.18437576293945,319395
2018-01-04,37.599998474121094,38.060001373291016,37.13999938964844,37.400001525878906,35.0438232421875,222570
2018-01-05,37.220001220703125,38.400001525878906,37.220001220703125,38.08000183105469,35.68098449707031,168890
2018-01-08,38.099998474121094,39.68000030517578,37.79999923706055,38.72999954223633,36.29003143310547,374040
2018-01-09,39.0,39.22999954223633,38.400001525878906,38.529998779296875,36.102622985839844,122365
2018-01-10,39.0,39.0,37.599998474121094,37.869998931884766,35.484214782714844,175515
2018-01-11,37.83000183105469,38.20000076293945,37.2400016784668,37.81999969482422,35.43735885620117,154160
2018-01-12,37.79999923706055,38.369998931884766,36.650001525878906,37.58000183105469,35.212486267089844,155370
2018-01-15,37.599998474121094,38.58000183105469,37.220001220703125,38.16999816894531,35.76530456542969,133335
2018-01-16,38.400001525878906,38.400001525878906,36.400001525878906,36.529998779296875,34.22863006591797,185900
2018-01-17,36.599998474121094,36.959999084472656,35.20000076293945,35.849998474121094,33.59147644042969,1032020
2018-01-18,36.36000061035156,37.0,35.02000045776367,35.16999816894531,32.954307556152344,160360
2018-01-19,35.9900016784668,36.189998626708984,35.11000061035156,35.849998474121094,33.59147644042969,208365
2018-01-22,36.0,36.20000076293945,35.029998779296875,35.77000045776367,33.516510009765625,352785
2018-01-23,35.95000076293945,37.709999084472656,35.779998779296875,37.2599983215332,34.91263961791992,375025
2018-01-24,37.58000183105469,38.369998931884766,37.20000076293945,37.880001068115234,35.493587493896484,241570
2018-01-25,37.77000045776367,38.77000045776367,37.599998474121094,38.33000183105469,35.91523361206055,400505
2018-01-29,38.79999923706055,38.810001373291016,38.0,38.04999923706055,35.65287399291992,66765
2018-01-30,38.0,38.5,36.9900016784668,38.06999969482422,35.67161560058594,230465
2018-01-31,37.939998626708984,38.779998779296875,37.02000045776367,38.16999816894531,35.76530456542969,119995
2018-02-01,38.0,38.560001373291016,37.40999984741211,37.72999954223633,35.353031158447266,80180
2018-02-02,36.70000076293945,38.79999923706055,36.70000076293945,37.77000045776367,35.3905143737793,962865
2018-02-05,37.20000076293945,38.560001373291016,36.27000045776367,38.11000061035156,35.70909118652344,160685
2018-02-06,36.59000015258789,38.599998474121094,35.0099983215332,37.849998474121094,35.4654655456543,212355
2018-02-07,38.209999084472656,39.91999816894531,37.2599983215332,37.849998474121094,35.4654655456543,263950
2018-02-08,38.40999984741211,44.880001068115234,37.790000915527344,43.130001068115234,40.41283416748047,2853245
2018-02-09,41.779998779296875,43.7400016784668,40.400001525878906,42.970001220703125,40.26292037963867,603505
2018-02-12,43.0,46.599998474121094,43.0,43.56999969482422,40.82511520385742,1293600
2018-02-14,44.0,44.209999084472656,43.20000076293945,43.86000061035156,41.09684371948242,235135
2018-02-15,44.4900016784668,44.79999923706055,43.4900016784668,44.36000061035156,41.56534194946289,448845
2018-02-16,44.68000030517578,44.72999954223633,42.0,42.25,39.58827590942383,294325
2018-02-19,42.29999923706055,42.939998626708984,41.209999084472656,42.16999816894531,39.51331329345703,286105
2018-02-20,42.58000183105469,44.0,41.88999938964844,43.16999816894531,40.4503173828125,149030
2018-02-21,42.38999938964844,43.400001525878906,42.02000045776367,42.689998626708984,40.000553131103516,179595
2018-02-22,42.20000076293945,43.400001525878906,42.20000076293945,42.880001068115234,40.178585052490234,108965
2018-02-23,42.43000030517578,44.18000030517578,42.40999984741211,43.7400016784668,40.98440933227539,143315
2018-02-26,43.59000015258789,44.20000076293945,42.45000076293945,43.2599983215332,40.53464889526367,93195
2018-02-27,43.59000015258789,43.599998474121094,43.0,43.0099983215332,40.30039978027344,66295
2018-02-28,42.599998474121094,44.20000076293945,42.369998931884766,43.11000061035156,40.39409637451172,203145
2018-03-01,43.11000061035156,43.630001068115234,42.70000076293945,42.95000076293945,40.244171142578125,310130
2018-03-05,42.9900016784668,44.79999923706055,41.25,43.08000183105469,40.365989685058594,386975
2018-03-06,43.709999084472656,44.20000076293945,42.279998779296875,42.86000061035156,40.15984344482422,653940
2018-03-07,42.97999954223633,43.0,41.0,41.5,38.885528564453125,182005
2018-03-08,41.900001525878906,42.060001373291016,40.45000076293945,41.970001220703125,39.32591247558594,221585
2018-03-09,41.40999984741211,42.540000915527344,41.40999984741211,42.02000045776367,39.372764587402344,332760
2018-03-12,42.59000015258789,42.63999938964844,41.45000076293945,42.0,39.35402297973633,120050
2018-03-13,41.31999969482422,43.099998474121094,41.31999969482422,41.810001373291016,39.17599868774414,118900
2018-03-14,41.790000915527344,42.0,41.380001068115234,41.86000061035156,39.222843170166016,247075
2018-03-15,41.709999084472656,42.150001525878906,41.709999084472656,42.0,39.35402297973633,307455
2018-03-16,42.0,42.20000076293945,41.279998779296875,41.68000030517578,39.05418395996094,288980
2018-03-19,41.79999923706055,42.20000076293945,38.90999984741211,40.029998779296875,37.50813293457031,1643680
2018-03-20,39.689998626708984,41.5,39.20000076293945,41.18000030517578,38.5856819152832,956800
2018-03-21,41.7400016784668,42.18000030517578,40.599998474121094,40.79999923706055,38.2296257019043,139550
2018-03-22,40.06999969482422,41.47999954223633,40.06999969482422,41.16999816894531,38.57630920410156,43320
2018-03-23,39.599998474121094,40.33000183105469,39.290000915527344,39.7400016784668,37.23640823364258,167195
2018-03-26,39.939998626708984,40.29999923706055,37.0,37.09000015258789,34.75334548950195,4723840
2018-03-27,38.4900016784668,40.779998779296875,38.0,39.439998626708984,36.955299377441406,299845
2018-03-28,39.9900016784668,39.9900016784668,37.56999969482422,37.9900016784668,35.59665298461914,410205
2018-04-02,38.54999923706055,39.7400016784668,38.0,39.0,36.54301834106445,70825
2018-04-03,39.27000045776367,39.27000045776367,38.279998779296875,38.540000915527344,36.11200714111328,166185
2018-04-04,38.560001373291016,39.0,37.61000061035156,37.84000015258789,35.45610427856445,280115
2018-04-05,38.38999938964844,38.75,37.79999923706055,38.0,35.606021881103516,202520
2018-04-06,38.20000076293945,38.310001373291016,37.7400016784668,37.81999969482422,35.43735885620117,404990
2018-04-09,37.97999954223633,38.20000076293945,37.599998474121094,37.77000045776367,35.3905143737793,572170
2018-04-10,37.97999954223633,38.189998626708984,37.70000076293945,37.880001068115234,35.493587493896484,815025
2018-04-11,38.400001525878906,38.400001525878906,37.5,37.65999984741211,35.28744125366211,169480
2018-04-12,37.939998626708984,38.0,37.709999084472656,37.790000915527344,35.40925216674805,131815
2018-04-13,37.970001220703125,39.900001525878906,37.970001220703125,39.560001373291016,37.0677375793457,1189620
2018-04-16,39.2400016784668,40.560001373291016,38.65999984741211,39.88999938964844,37.376949310302734,282085
2018-04-17,40.380001068115234,41.779998779296875,39.41999816894531,40.369998931884766,37.82671356201172,257440
2018-04-18,40.59000015258789,41.099998474121094,40.099998474121094,40.61000061035156,38.051597595214844,55240
2018-04-19,40.400001525878906,41.7599983215332,40.310001373291016,41.27000045776367,38.67001724243164,89205
2018-04-20,41.20000076293945,42.0,40.779998779296875,41.5,38.885528564453125,216315
2018-04-23,41.599998474121094,42.599998474121094,41.0,41.4900016784668,38.87615966796875,180020
2018-04-24,41.52000045776367,45.20000076293945,41.52000045776367,43.529998779296875,40.787635803222656,701015
2018-04-25,44.0,44.18000030517578,41.81999969482422,42.08000183105469,39.42898941040039,211760
2018-04-26,42.25,43.2599983215332,41.47999954223633,41.91999816894531,39.27906799316406,171685
2018-04-27,42.880001068115234,42.880001068115234,40.70000076293945,41.439998626708984,38.82929992675781,188300
2018-04-30,41.59000015258789,41.59000015258789,39.79999923706055,40.0,37.48002624511719,291535
2018-05-02,39.61000061035156,40.97999954223633,39.61000061035156,39.849998474121094,37.33946990966797,47675
2018-05-03,40.880001068115234,41.08000183105469,39.599998474121094,39.880001068115234,37.367584228515625,88290
2018-05-04,40.2400016784668,41.0,39.599998474121094,40.29999923706055,37.76112365722656,68930
2018-05-07,40.58000183105469,41.54999923706055,39.54999923706055,39.619998931884766,37.12396240234375,166240
2018-05-08,39.79999923706055,40.599998474121094,39.58000183105469,39.970001220703125,37.45191955566406,93180
2018-05-09,40.060001373291016,40.439998626708984,39.2599983215332,39.54999923706055,37.058372497558594,110530
2018-05-10,39.790000915527344,40.400001525878906,38.61000061035156,39.560001373291016,37.0677375793457,76250
2018-05-11,39.0,40.29999923706055,38.86000061035156,39.720001220703125,37.21765899658203,42115
2018-05-14,38.93000030517578,40.400001525878906,38.93000030517578,39.2400016784668,36.767906188964844,49825
2018-05-15,39.560001373291016,39.88999938964844,36.79999923706055,38.040000915527344,35.64350509643555,375220
2018-05-16,37.959999084472656,37.97999954223633,36.810001373291016,37.349998474121094,34.996971130371094,130110
2018-05-17,37.38999938964844,38.31999969482422,37.380001068115234,37.90999984741211,35.521697998046875,40015
2018-05-18,37.79999923706055,38.09000015258789,37.0,37.08000183105469,34.74399185180664,42920
2018-05-21,37.150001525878906,37.939998626708984,36.400001525878906,36.529998779296875,34.22863006591797,63220
2018-05-22,36.66999816894531,37.880001068115234,36.41999816894531,36.95000076293945,34.62217712402344,43615
2018-05-23,37.099998474121094,38.0,36.79999923706055,37.400001525878906,35.0438232421875,51605
2018-05-24,37.34000015258789,37.59000015258789,31.540000915527344,31.700000762939453,29.70292091369629,1085045
2018-05-25,31.8799991607666,32.209999084472656,29.809999465942383,31.670000076293945,29.674806594848633,1060675
2018-05-28,31.6200008392334,34.0,31.6200008392334,33.810001373291016,31.67999267578125,360500
2018-05-29,34.13999938964844,34.47999954223633,32.70000076293945,33.0,30.921016693115234,127165
2018-05-30,32.79999923706055,32.88999938964844,32.459999084472656,32.630001068115234,30.5743350982666,20390
2018-05-31,32.970001220703125,33.0,32.29999923706055,32.400001525878906,30.358823776245117,58900
2018-06-01,32.560001373291016,33.02000045776367,32.0099983215332,32.220001220703125,30.19015884399414,190745
2018-06-04,32.2400016784668,32.560001373291016,31.25,31.559999465942383,29.57173728942871,105075
2018-06-05,31.5,31.799999237060547,30.600000381469727,31.079999923706055,29.121976852416992,184200
2018-06-06,31.0,31.59000015258789,30.540000915527344,31.100000381469727,29.14072036743164,177485
2018-06-07,31.049999237060547,32.540000915527344,31.0,31.25,29.281267166137695,175420
2018-06-08,31.25,32.900001525878906,31.200000762939453,32.11000061035156,30.08708953857422,254140
2018-06-11,32.279998779296875,32.599998474121094,31.65999984741211,32.08000183105469,30.05898094177246,65280
2018-06-12,32.599998474121094,32.599998474121094,31.700000762939453,32.02000045776367,30.00275993347168,61270
2018-06-13,32.20000076293945,32.349998474121094,31.649999618530273,32.0099983215332,29.993389129638672,25375
2018-06-14,32.040000915527344,32.560001373291016,31.799999237060547,31.940000534057617,29.927799224853516,14345
2018-06-15,32.08000183105469,32.29999923706055,31.399999618530273,31.520000457763672,29.534259796142578,43000
2018-06-18,31.600000381469727,33.68000030517578,31.600000381469727,32.060001373291016,30.040239334106445,33430
2018-06-19,32.16999816894531,32.2400016784668,31.600000381469727,32.04999923706055,30.030868530273438,26745
2018-06-20,31.40999984741211,32.54999923706055,31.0,31.100000381469727,29.14072036743164,72395
2018-06-21,31.309999465942383,32.11000061035156,31.0,31.059999465942383,29.103239059448242,15865
2018-06-22,31.139999389648438,32.290000915527344,31.0,31.34000015258789,29.3656005859375,15570
2018-06-25,31.3799991607666,31.3799991607666,30.84000015258789,31.040000915527344,29.08449935913086,38530
2018-06-26,30.979999542236328,31.360000610351562,30.700000762939453,31.030000686645508,29.075130462646484,35795
2018-06-27,31.0,31.299999237060547,30.200000762939453,30.989999771118164,29.03765106201172,207545
2018-06-28,30.989999771118164,31.18000030517578,29.969999313354492,30.020000457763672,28.128759384155273,181500
2018-06-29,30.149999618530273,31.959999084472656,29.100000381469727,30.93000030517578,28.981428146362305,63045
2018-07-02,30.969999313354492,31.0,30.0,30.34000015258789,28.4285945892334,7635
2018-07-03,30.790000915527344,30.790000915527344,29.799999237060547,30.06999969482422,28.17560577392578,18770
2018-07-04,30.5,30.5,29.25,29.850000381469727,27.96946907043457,37445
2018-07-05,29.90999984741211,30.3700008392334,29.299999237060547,29.719999313354492,27.847658157348633,14500
2018-07-06,29.719999313354492,30.989999771118164,29.639999389648438,30.559999465942383,28.63473892211914,76530
2018-07-09,30.600000381469727,31.579999923706055,30.420000076293945,30.559999465942383,28.63473892211914,10290
2018-07-10,31.040000915527344,31.040000915527344,30.43000030517578,30.610000610351562,28.68158721923828,23995
2018-07-11,30.729999542236328,31.5,30.280000686645508,30.84000015258789,28.897096633911133,19250
2018-07-12,31.0,31.0,30.489999771118164,30.59000015258789,28.6628475189209,107660
2018-07-13,30.399999618530273,30.59000015258789,29.920000076293945,30.059999465942383,28.166236877441406,9620
2018-07-16,29.899999618530273,30.799999237060547,29.6200008392334,29.670000076293945,27.800806045532227,58875
2018-07-17,29.1200008392334,31.75,28.760000228881836,29.899999618530273,28.01631736755371,62910
2018-07-18,30.329999923706055,30.950000762939453,28.200000762939453,29.079999923706055,27.24797821044922,61145
2018-07-19,29.510000228881836,29.8700008392334,29.0,29.43000030517578,27.575931549072266,30375
2018-07-20,29.43000030517578,29.780000686645508,29.200000762939453,29.3700008392334,27.51970672607422,6685
2018-07-23,28.950000762939453,30.0,28.950000762939453,29.850000381469727,27.96946907043457,26035
2018-07-24,29.829999923706055,30.799999237060547,28.190000534057617,30.139999389648438,28.241195678710938,21785
2018-07-25,29.719999313354492,31.399999618530273,29.719999313354492,30.75,28.812767028808594,62355
2018-07-26,31.209999084472656,31.209999084472656,30.09000015258789,30.6200008392334,28.69095802307129,50340
2018-07-27,30.8799991607666,32.619998931884766,30.09000015258789,30.940000534057617,28.990798950195312,20000
2018-07-30,30.799999237060547,31.3799991607666,30.0,30.420000076293945,28.503559112548828,22550
2018-07-31,30.860000610351562,30.860000610351562,29.209999084472656,29.440000534057617,27.585298538208008,107930
2018-08-01,29.440000534057617,30.030000686645508,29.389999389648438,29.670000076293945,27.800806045532227,55265
2018-08-02,29.600000381469727,30.079999923706055,29.389999389648438,29.56999969482422,27.707109451293945,670315
2018-08-03,29.600000381469727,30.299999237060547,29.31999969482422,29.65999984741211,27.79143714904785,66650
2018-08-06,29.649999618530273,29.829999923706055,29.399999618530273,29.59000015258789,27.725849151611328,218625
2018-08-07,29.459999084472656,29.780000686645508,29.389999389648438,29.6200008392334,27.75396156311035,53090
2018-08-08,29.940000534057617,29.940000534057617,27.790000915527344,28.1200008392334,26.348459243774414,571765
2018-08-09,28.200000762939453,29.079999923706055,28.0,28.579999923706055,26.779478073120117,98350
2018-08-10,28.420000076293945,29.59000015258789,26.65999984741211,27.510000228881836,25.776884078979492,406250
2018-08-13,27.280000686645508,27.75,26.8700008392334,27.09000015258789,25.383344650268555,137465
2018-08-14,26.729999542236328,27.200000762939453,26.399999618530273,26.770000457763672,25.083507537841797,69660
2018-08-16,26.700000762939453,26.940000534057617,26.579999923706055,26.790000915527344,25.102245330810547,59100
2018-08-17,26.639999389648438,27.799999237060547,26.479999542236328,26.770000457763672,25.083507537841797,49330
2018-08-20,27.059999465942383,27.579999923706055,26.600000381469727,26.969999313354492,25.270906448364258,226215
2018-08-21,26.799999237060547,27.100000381469727,26.600000381469727,26.799999237060547,25.111618041992188,102325
2018-08-23,26.989999771118164,27.190000534057617,26.600000381469727,26.790000915527344,25.102245330810547,14620
2018-08-24,26.6299991607666,27.0,26.399999618530273,26.670000076293945,24.98980712890625,60800
2018-08-27,27.049999237060547,27.049999237060547,25.75,26.049999237060547,24.40886688232422,127355
2018-08-28,26.100000381469727,26.100000381469727,25.649999618530273,25.780000686645508,24.1558780670166,70975
2018-08-29,25.989999771118164,26.0,25.5,25.59000015258789,23.977846145629883,132285
2018-08-30,25.799999237060547,25.799999237060547,25.200000762939453,25.420000076293945,23.818557739257812,79015
2018-08-31,25.420000076293945,25.90999984741211,24.799999237060547,25.110000610351562,23.528085708618164,210865
2018-09-03,25.469999313354492,25.959999084472656,24.709999084472656,25.09000015258789,23.50934600830078,286020
2018-09-04,25.440000534057617,25.440000534057617,24.700000762939453,24.790000915527344,23.22824478149414,80475
2018-09-05,25.149999618530273,25.290000915527344,24.399999618530273,25.020000457763672,23.44375228881836,73850
2018-09-06,25.200000762939453,25.700000762939453,23.59000015258789,25.209999084472656,23.621782302856445,1158565
2018-09-07,25.200000762939453,25.510000228881836,23.530000686645508,23.65999984741211,22.16943359375,756030
2018-09-10,23.989999771118164,27.600000381469727,22.719999313354492,24.420000076293945,22.88155746459961,932865
2018-09-11,24.6200008392334,24.799999237060547,23.219999313354492,24.06999969482422,22.553604125976562,338770
2018-09-12,24.360000610351562,24.489999771118164,23.3700008392334,24.040000915527344,22.525497436523438,923145
2018-09-14,24.520000457763672,25.100000381469727,23.200000762939453,23.739999771118164,22.244396209716797,559260
2018-09-17,23.790000915527344,24.0,23.56999969482422,23.90999984741211,22.403684616088867,50755
2018-09-18,23.700000762939453,24.25,22.6200008392334,23.010000228881836,21.889972686767578,915230
2018-09-19,23.190000534057617,23.399999618530273,21.649999618530273,21.90999984741211,20.8435115814209,679285
2018-09-21,22.260000228881836,25.68000030517578,22.260000228881836,23.309999465942383,22.17536735534668,1591035
2018-09-24,25.209999084472656,26.959999084472656,24.809999465942383,25.399999618530273,24.163637161254883,2729590
2018-09-25,25.3799991607666,26.329999923706055,24.40999984741211,25.8799991607666,24.620271682739258,521495
2018-09-26,26.0,29.079999923706055,25.59000015258789,28.170000076293945,26.79880142211914,2849245
2018-09-27,28.979999542236328,29.360000610351562,26.610000610351562,27.25,25.923583984375,2809055
2018-09-28,27.200000762939453,27.200000762939453,24.889999389648438,25.329999923706055,24.0970401763916,573545
2018-10-01,25.0,25.0,23.40999984741211,24.010000228881836,22.84129524230957,652835
2018-10-03,24.0,25.75,22.799999237060547,24.360000610351562,23.174259185791016,633955
2018-10-04,24.0,24.399999618530273,23.0,23.799999237060547,22.64151382446289,339420
2018-10-05,23.780000686645508,24.0,23.040000915527344,23.3700008392334,22.232446670532227,268815
2018-10-08,24.799999237060547,24.799999237060547,20.940000534057617,21.420000076293945,20.377365112304688,1458865
2018-10-09,21.540000915527344,22.0,19.0,20.239999771118164,19.254802703857422,2365620
2018-10-10,20.709999084472656,23.979999542236328,20.709999084472656,23.469999313354492,22.327579498291016,1327515
2018-10-11,22.649999618530273,25.200000762939453,22.0,24.34000015258789,23.155231475830078,1659940
2018-10-12,24.399999618530273,26.299999237060547,24.25,26.040000915527344,24.772485733032227,756920
2018-10-15,25.799999237060547,28.799999237060547,25.790000915527344,28.360000610351562,26.979555130004883,1641200
2018-10-16,28.190000534057617,30.139999389648438,28.18000030517578,29.34000015258789,27.91185188293457,1375700
2018-10-17,29.0,29.56999969482422,27.0,27.079999923706055,25.761859893798828,346450
2018-10-19,26.479999542236328,27.68000030517578,25.489999771118164,25.889999389648438,24.62978172302246,277180
2018-10-22,26.0,27.56999969482422,25.200000762939453,26.920000076293945,25.609647750854492,647930
2018-10-23,26.75,26.950000762939453,25.729999542236328,26.200000762939453,24.92469596862793,312835
2018-10-24,26.3799991607666,27.0,26.200000762939453,26.31999969482422,25.03885269165039,99215
2018-10-25,26.020000457763672,26.489999771118164,25.799999237060547,25.940000534057617,24.677349090576172,120685
2018-10-26,25.809999465942383,26.260000228881836,25.799999237060547,25.809999465942383,24.55367660522461,184855
2018-10-29,26.0,26.389999389648438,25.600000381469727,25.670000076293945,24.420494079589844,305465
2018-10-30,25.93000030517578,27.719999313354492,25.899999618530273,26.649999618530273,25.35279083251953,520240
2018-10-31,26.389999389648438,27.200000762939453,25.799999237060547,26.239999771118164,24.96274757385254,148270
2018-11-01,26.799999237060547,26.799999237060547,26.040000915527344,26.469999313354492,25.18155288696289,68490
2018-11-02,26.459999084472656,27.200000762939453,26.459999084472656,26.790000915527344,25.48597526550293,159000
2018-11-05,27.0,27.0,25.969999313354492,26.06999969482422,24.801021575927734,30030
2018-11-06,26.739999771118164,28.600000381469727,25.799999237060547,26.209999084472656,24.934206008911133,114365
2018-11-07,26.59000015258789,27.799999237060547,26.219999313354492,26.639999389648438,25.34327507019043,235130
2018-11-09,26.65999984741211,26.690000534057617,26.020000457763672,26.31999969482422,25.03885269165039,49225
2018-11-12,26.780000686645508,26.799999237060547,26.040000915527344,26.209999084472656,24.934206008911133,57815
2018-11-13,26.450000762939453,26.510000228881836,26.0,26.100000381469727,24.829561233520508,109845
2018-11-14,26.209999084472656,27.399999618530273,26.200000762939453,26.399999618530273,25.114957809448242,185650
2018-11-15,26.010000228881836,26.350000381469727,25.299999237060547,25.690000534057617,24.43951988220215,23620
2018-11-16,25.899999618530273,26.149999618530273,25.799999237060547,25.899999618530273,24.639297485351562,41860
2018-11-19,26.3799991607666,27.200000762939453,25.559999465942383,25.989999771118164,24.72491455078125,192805
2018-11-20,26.3799991607666,26.3799991607666,25.399999618530273,25.639999389648438,24.391952514648438,197965
2018-11-21,25.729999542236328,26.200000762939453,25.6299991607666,25.93000030517578,24.66783905029297,115975
2018-11-22,26.299999237060547,26.299999237060547,25.600000381469727,25.860000610351562,24.601245880126953,61045
2018-11-26,26.3700008392334,26.399999618530273,25.6299991607666,25.989999771118164,24.72491455078125,82920
2018-11-27,25.989999771118164,26.049999237060547,25.299999237060547,25.989999771118164,24.72491455078125,84400
2018-11-28,25.809999465942383,26.030000686645508,25.399999618530273,25.469999313354492,24.230224609375,14190
2018-11-29,25.899999618530273,26.0,25.200000762939453,25.84000015258789,24.582218170166016,88520
2018-11-30,25.040000915527344,27.200000762939453,25.030000686645508,26.489999771118164,25.200578689575195,217775
2018-12-03,26.690000534057617,26.979999542236328,25.610000610351562,26.100000381469727,24.829561233520508,187605
2018-12-04,26.549999237060547,26.700000762939453,25.600000381469727,26.0,24.73442840576172,69970
2018-12-05,25.950000762939453,26.700000762939453,25.739999771118164,25.950000762939453,24.68686294555664,100435
2018-12-06,25.989999771118164,26.0,25.399999618530273,25.889999389648438,24.62978172302246,10850
2018-12-07,25.780000686645508,26.0,25.729999542236328,25.790000915527344,24.534650802612305,23440
2018-12-10,25.84000015258789,26.350000381469727,24.799999237060547,25.15999984741211,23.93531608581543,122960
2018-12-11,24.040000915527344,26.0,24.040000915527344,25.959999084472656,24.69637680053711,29940
2018-12-12,25.600000381469727,26.329999923706055,25.100000381469727,25.920000076293945,24.658323287963867,90735
2018-12-13,26.260000228881836,26.399999618530273,25.639999389648438,25.989999771118164,24.72491455078125,91445
2018-12-14,25.610000610351562,26.25,25.59000015258789,25.969999313354492,24.705890655517578,53890
2018-12-17,26.049999237060547,26.270000457763672,25.229999542236328,25.489999771118164,24.249252319335938,151455
2018-12-18,25.549999237060547,25.979999542236328,25.31999969482422,25.600000381469727,24.353897094726562,84885
2018-12-19,25.389999389648438,25.90999984741211,25.360000610351562,25.729999542236328,24.477571487426758,76510
2018-12-20,25.459999084472656,25.989999771118164,25.399999618530273,25.809999465942383,24.55367660522461,62270
2018-12-21,25.799999237060547,26.0,25.209999084472656,25.520000457763672,24.27779197692871,71070
2018-12-24,24.920000076293945,26.0,24.920000076293945,25.290000915527344,24.058988571166992,102095
2018-12-26,25.280000686645508,26.0,25.190000534057617,25.889999389648438,24.62978172302246,77970
2018-12-27,26.020000457763672,26.100000381469727,25.40999984741211,26.0,24.73442840576172,68440
2018-12-28,25.809999465942383,25.940000534057617,25.420000076293945,25.739999771118164,24.487085342407227,95900
2018-12-31,25.610000610351562,26.040000915527344,25.290000915527344,25.989999771118164,24.72491455078125,78585
2019-01-01,25.899999618530273,26.010000228881836,25.56999969482422,25.799999237060547,24.544164657592773,97745
2019-01-02,25.780000686645508,25.989999771118164,25.610000610351562,25.760000228881836,24.5061092376709,64220
2019-01-03,25.739999771118164,25.799999237060547,25.100000381469727,25.290000915527344,24.058988571166992,147565
2019-01-04,25.309999465942383,25.700000762939453,25.200000762939453,25.579999923706055,24.334875106811523,61965
2019-01-07,25.399999618530273,25.790000915527344,24.90999984741211,25.280000686645508,24.049480438232422,109280
2019-01-08,25.34000015258789,25.809999465942383,25.100000381469727,25.329999923706055,24.0970401763916,81330
2019-01-09,25.459999084472656,25.600000381469727,25.209999084472656,25.450000762939453,24.211200714111328,65075
2019-01-10,25.420000076293945,25.899999618530273,25.200000762939453,25.579999923706055,24.334875106811523,155555
2019-01-11,25.989999771118164,25.989999771118164,25.31999969482422,25.530000686645508,24.287309646606445,41735
2019-01-14,25.700000762939453,25.700000762939453,25.299999237060547,25.420000076293945,24.182659149169922,55540
2019-01-15,25.690000534057617,25.690000534057617,25.309999465942383,25.3799991607666,24.144607543945312,106880
2019-01-16,25.59000015258789,25.600000381469727,25.25,25.579999923706055,24.334875106811523,61165
2019-01-17,25.59000015258789,25.600000381469727,25.200000762939453,25.579999923706055,24.334875106811523,111970
2019-01-18,25.59000015258789,25.600000381469727,25.25,25.440000534057617,24.201688766479492,85385
2019-01-21,25.489999771118164,25.639999389648438,25.31999969482422,25.459999084472656,24.220712661743164,56575
2019-01-22,25.31999969482422,25.610000610351562,25.270000457763672,25.389999389648438,24.15412139892578,56960
2019-01-23,25.40999984741211,25.68000030517578,25.1299991607666,25.420000076293945,24.182659149169922,76790
2019-01-24,25.309999465942383,25.6299991607666,25.209999084472656,25.540000915527344,24.29682159423828,59495
2019-01-25,25.34000015258789,25.809999465942383,25.299999237060547,25.5,24.25876808166504,119830
2019-01-28,25.270000457763672,25.600000381469727,24.979999542236328,25.06999969482422,23.849695205688477,270485
2019-01-29,25.190000534057617,25.3799991607666,24.799999237060547,25.040000915527344,23.821157455444336,108420
2019-01-30,25.200000762939453,25.420000076293945,25.030000686645508,25.270000457763672,24.039962768554688,58925
2019-01-31,25.3799991607666,25.469999313354492,25.149999618530273,25.3799991607666,24.144607543945312,63830
2019-02-01,25.219999313354492,26.43000030517578,25.219999313354492,25.920000076293945,24.658323287963867,423625
2019-02-04,25.850000381469727,26.950000762939453,25.219999313354492,26.110000610351562,24.839075088500977,162885
2019-02-05,25.989999771118164,26.799999237060547,25.43000030517578,25.68000030517578,24.430007934570312,107300
2019-02-06,26.139999389648438,26.799999237060547,25.540000915527344,25.940000534057617,24.677349090576172,99875
2019-02-07,26.0,26.010000228881836,25.700000762939453,25.959999084472656,24.69637680053711,91930
2019-02-08,25.809999465942383,26.079999923706055,25.5,25.959999084472656,24.69637680053711,90400
2019-02-11,25.81999969482422,25.81999969482422,25.399999618530273,25.719999313354492,24.468055725097656,183905
2019-02-12,25.479999542236328,25.84000015258789,25.479999542236328,25.549999237060547,24.306331634521484,168590
2019-02-14,25.399999618530273,25.729999542236328,25.0,25.5,24.25876808166504,163610
2019-02-15,25.450000762939453,25.579999923706055,24.600000381469727,25.110000610351562,23.887752532958984,441740
2019-02-18,24.649999618530273,25.020000457763672,24.3700008392334,24.690000534057617,23.48819351196289,558210
2019-02-19,24.809999465942383,25.030000686645508,24.600000381469727,24.68000030517578,23.478683471679688,45980
2019-02-20,24.6299991607666,24.889999389648438,24.200000762939453,24.469999313354492,23.278905868530273,371790
2019-02-21,24.790000915527344,24.799999237060547,24.399999618530273,24.780000686645508,23.57381248474121,61625
2019-02-22,24.799999237060547,24.8799991607666,24.3799991607666,24.420000076293945,23.231340408325195,171355
2019-02-25,24.600000381469727,25.389999389648438,24.0,25.209999084472656,23.982885360717773,231725
2019-02-26,25.34000015258789,25.600000381469727,24.719999313354492,25.360000610351562,24.12558364868164,50135
2019-02-27,25.559999465942383,26.3799991607666,25.3700008392334,25.5,24.25876808166504,127630
2019-02-28,25.809999465942383,26.079999923706055,25.360000610351562,25.59000015258789,24.34438705444336,141160
2019-03-01,25.59000015258789,25.940000534057617,25.399999618530273,25.579999923706055,24.334875106811523,154600
2019-03-05,25.93000030517578,26.100000381469727,25.459999084472656,25.729999542236328,24.477571487426758,164090
2019-03-06,25.889999389648438,26.1200008392334,25.15999984741211,25.219999313354492,23.992393493652344,148190
2019-03-07,25.459999084472656,25.600000381469727,25.200000762939453,25.479999542236328,24.239744186401367,77100
2019-03-08,25.40999984741211,27.299999237060547,25.190000534057617,25.479999542236328,24.239744186401367,690225
2019-03-11,25.479999542236328,26.200000762939453,25.479999542236328,25.809999465942383,24.55367660522461,349230
2019-03-12,26.139999389648438,27.790000915527344,25.6200008392334,25.780000686645508,24.5251407623291,2487600
2019-03-13,25.940000534057617,26.31999969482422,25.6200008392334,25.969999313354492,24.705890655517578,175065
2019-03-14,25.979999542236328,26.219999313354492,25.6200008392334,26.010000228881836,24.74394416809082,174835
2019-03-15,26.350000381469727,27.579999923706055,25.829999923706055,26.350000381469727,25.06739616394043,590480
2019-03-18,26.25,27.579999923706055,25.8799991607666,26.239999771118164,24.96274757385254,273045
2019-03-19,26.139999389648438,26.139999389648438,25.530000686645508,25.690000534057617,24.43951988220215,116585
2019-03-20,25.950000762939453,26.010000228881836,25.5,25.520000457763672,24.27779197692871,119225
2019-03-22,25.219999313354492,25.670000076293945,25.219999313354492,25.479999542236328,24.239744186401367,56985
2019-03-25,25.139999389648438,25.399999618530273,24.799999237060547,24.860000610351562,23.649919509887695,165025
2019-03-26,24.8700008392334,25.079999923706055,24.1200008392334,24.489999771118164,23.29792594909668,142940
2019-03-27,24.399999618530273,24.860000610351562,23.799999237060547,24.100000381469727,22.92691421508789,187045
2019-03-28,24.190000534057617,24.329999923706055,23.809999465942383,23.959999084472656,22.793724060058594,136195
2019-04-01,24.290000915527344,24.3799991607666,23.520000457763672,23.639999389648438,22.489303588867188,97935
2019-04-02,23.790000915527344,23.889999389648438,23.020000457763672,23.299999237060547,22.16585350036621,119030
2019-04-03,23.639999389648438,25.559999465942383,23.399999618530273,23.450000762939453,22.308551788330078,773595
2019-04-04,23.799999237060547,24.389999389648438,23.190000534057617,24.049999237060547,22.87934684753418,134440
2019-04-05,24.010000228881836,24.600000381469727,24.0,24.440000534057617,23.250364303588867,197825
2019-04-08,24.40999984741211,24.75,24.020000457763672,24.209999084472656,23.03156089782715,311910
2019-04-09,24.579999923706055,24.59000015258789,23.610000610351562,23.81999969482422,22.66054344177246,70675
2019-04-10,24.1200008392334,25.200000762939453,24.1200008392334,24.959999084472656,23.74505043029785,107440
2019-04-11,24.799999237060547,25.600000381469727,24.790000915527344,25.5,24.25876808166504,35280
2019-04-12,25.34000015258789,26.280000686645508,25.200000762939453,25.959999084472656,24.69637680053711,63940
2019-04-15,26.100000381469727,27.0,25.850000381469727,26.34000015258789,25.057880401611328,73590
2019-04-16,26.40999984741211,26.5,25.989999771118164,26.329999923706055,25.04836654663086,55885
2019-04-18,26.360000610351562,26.399999618530273,25.899999618530273,25.899999618530273,24.639297485351562,167600
2019-04-22,25.940000534057617,26.010000228881836,24.40999984741211,24.690000534057617,23.48819351196289,68580
2019-04-23,24.600000381469727,25.59000015258789,24.600000381469727,25.280000686645508,24.049480438232422,26610
2019-04-24,25.06999969482422,25.950000762939453,24.799999237060547,25.3700008392334,24.13509750366211,11820
2019-04-25,25.3799991607666,25.3799991607666,24.600000381469727,24.940000534057617,23.72602653503418,11080
2019-04-26,24.920000076293945,25.0,24.600000381469727,24.739999771118164,23.5357608795166,9155
2019-04-30,25.100000381469727,25.149999618530273,24.3799991607666,24.889999389648438,23.67845916748047,26645
2019-05-02,24.780000686645508,25.790000915527344,24.459999084472656,25.389999389648438,24.15412139892578,25855
2019-05-03,25.100000381469727,25.110000610351562,24.6299991607666,24.670000076293945,23.469167709350586,57325
2019-05-06,24.579999923706055,24.670000076293945,24.3799991607666,24.549999237060547,23.355012893676758,7830
2019-05-07,24.479999542236328,25.780000686645508,24.399999618530273,24.899999618530273,23.68797492980957,49985
2019-05-08,24.649999618530273,25.950000762939453,23.899999618530273,24.290000915527344,23.107666015625,72955
2019-05-09,24.43000030517578,24.8700008392334,24.100000381469727,24.75,23.545276641845703,20205
2019-05-10,24.34000015258789,24.8700008392334,24.200000762939453,24.559999465942383,23.36452293395996,41170
2019-05-13,24.459999084472656,24.8799991607666,24.059999465942383,24.25,23.069612503051758,26395
2019-05-14,24.09000015258789,24.530000686645508,24.0,24.1200008392334,22.945940017700195,12765
2019-05-15,24.40999984741211,24.709999084472656,24.040000915527344,24.309999465942383,23.126689910888672,13600
2019-05-16,24.309999465942383,24.600000381469727,24.200000762939453,24.459999084472656,23.26938819885254,16855
2019-05-17,24.239999771118164,25.190000534057617,24.229999542236328,24.700000762939453,23.497709274291992,29525
2019-05-20,25.799999237060547,25.799999237060547,24.420000076293945,25.59000015258789,24.34438705444336,103685
2019-05-21,25.299999237060547,25.299999237060547,24.479999542236328,24.649999618530273,23.45013999938965,22070
2019-05-22,24.780000686645508,24.93000030517578,24.399999618530273,24.489999771118164,23.29792594909668,14730
2019-05-23,27.0,28.600000381469727,26.18000030517578,26.6200008392334,25.32425308227539,531280
2019-05-24,26.799999237060547,29.329999923706055,26.799999237060547,29.1299991607666,27.712072372436523,423770
2019-05-27,29.200000762939453,30.700000762939453,29.200000762939453,30.600000381469727,29.110519409179688,239330
2019-05-28,30.610000610351562,31.200000762939453,30.18000030517578,30.3799991607666,28.901229858398438,277475
2019-05-29,30.209999084472656,30.25,29.610000610351562,30.18000030517578,28.710966110229492,59630
2019-05-30,32.0,32.0,29.639999389648438,29.959999084472656,28.50167465209961,54675
2019-05-31,31.3799991607666,31.3799991607666,30.200000762939453,30.540000915527344,29.053443908691406,85280
2019-06-03,31.600000381469727,31.799999237060547,30.520000457763672,31.440000534057617,29.90963363647461,41025
2019-06-04,31.299999237060547,31.610000610351562,31.059999465942383,31.350000381469727,29.82401466369629,33860
2019-06-06,31.780000686645508,31.780000686645508,30.3700008392334,30.6200008392334,29.129549026489258,40200
2019-06-07,30.40999984741211,31.360000610351562,29.700000762939453,30.549999237060547,29.06295394897461,23680
2019-06-10,30.40999984741211,30.40999984741211,29.829999923706055,30.190000534057617,28.720476150512695,29755
2019-06-11,30.25,30.670000076293945,30.0,30.399999618530273,28.920255661010742,23725
2019-06-12,30.079999923706055,30.100000381469727,29.5,29.700000762939453,28.254329681396484,16195
2019-06-13,30.18000030517578,30.18000030517578,28.219999313354492,29.170000076293945,27.75012969970703,29570
2019-06-14,29.600000381469727,29.600000381469727,29.010000228881836,29.43000030517578,27.997474670410156,42375
2019-06-17,28.81999969482422,30.0,28.25,29.809999465942383,28.358972549438477,19005
2019-06-18,29.81999969482422,29.989999771118164,29.510000228881836,29.649999618530273,28.206762313842773,35780
2019-06-19,29.420000076293945,30.0,29.219999313354492,29.549999237060547,28.11162757873535,18990
2019-06-20,29.420000076293945,29.600000381469727,29.100000381469727,29.459999084472656,28.02600860595703,10460
2019-06-21,29.360000610351562,30.34000015258789,29.360000610351562,29.860000610351562,28.40654182434082,18340
2019-06-24,29.360000610351562,30.100000381469727,29.309999465942383,29.600000381469727,28.159196853637695,48530
2019-06-25,29.360000610351562,29.989999771118164,29.209999084472656,29.84000015258789,28.387514114379883,23360
2019-06-26,29.360000610351562,30.979999542236328,29.360000610351562,30.15999984741211,28.691940307617188,50200
2019-06-27,29.360000610351562,30.780000686645508,29.360000610351562,30.079999923706055,28.615829467773438,34555
2019-06-28,29.799999237060547,30.799999237060547,29.799999237060547,30.639999389648438,29.148574829101562,42680
2019-07-01,30.219999313354492,31.649999618530273,30.219999313354492,30.969999313354492,29.462512969970703,27725
2019-07-02,30.040000915527344,33.72999954223633,30.040000915527344,32.369998931884766,30.79436492919922,550950
2019-07-03,33.20000076293945,33.79999923706055,32.52000045776367,33.0099983215332,31.403215408325195,335685
2019-07-04,32.619998931884766,33.66999816894531,32.400001525878906,32.459999084472656,30.879981994628906,106390
2019-07-05,32.400001525878906,32.720001220703125,30.65999984741211,31.049999237060547,29.538618087768555,52385
2019-07-08,30.329999923706055,30.719999313354492,29.399999618530273,30.170000076293945,28.701452255249023,69120
2019-07-09,29.6200008392334,30.200000762939453,28.959999084472656,30.049999237060547,28.587291717529297,82645
2019-07-10,29.100000381469727,30.579999923706055,29.100000381469727,30.40999984741211,28.92976951599121,17000
2019-07-11,30.020000457763672,30.530000686645508,29.299999237060547,29.579999923706055,28.140169143676758,30960
2019-07-12,29.399999618530273,30.600000381469727,29.399999618530273,29.93000030517578,28.47313117980957,38955
2019-07-15,29.600000381469727,30.670000076293945,29.600000381469727,30.5,29.015390396118164,31755
2019-07-16,30.0,31.940000534057617,30.0,31.719999313354492,30.176000595092773,42285
2019-07-17,31.799999237060547,32.0,31.229999542236328,31.610000610351562,30.071359634399414,74580
2019-07-18,31.579999923706055,31.93000030517578,31.579999923706055,31.719999313354492,30.176000595092773,43300
2019-07-19,32.400001525878906,32.400001525878906,30.5,30.530000686645508,29.043926239013672,51990
2019-07-22,31.0,31.0,29.600000381469727,30.020000457763672,28.55875587463379,34235
2019-07-23,29.6200008392334,30.110000610351562,29.600000381469727,29.639999389648438,28.19725227355957,43400
2019-07-24,29.6200008392334,30.200000762939453,29.6200008392334,29.989999771118164,28.530214309692383,48825
2019-07-25,29.6200008392334,30.229999542236328,28.65999984741211,29.739999771118164,28.292381286621094,137535
2019-07-26,29.559999465942383,29.709999084472656,29.219999313354492,29.399999618530273,27.968929290771484,22930
2019-07-29,28.600000381469727,29.8700008392334,28.25,29.280000686645508,27.854772567749023,61265
2019-07-30,28.760000228881836,29.610000610351562,28.65999984741211,28.959999084472656,27.550350189208984,34255
2019-07-31,28.760000228881836,29.760000228881836,28.420000076293945,29.3700008392334,27.940391540527344,51005
2019-08-01,29.219999313354492,30.540000915527344,28.6299991607666,28.799999237060547,27.77643394470215,49625
2019-08-02,28.6200008392334,30.0,28.6200008392334,29.56999969482422,28.519067764282227,30640
2019-08-05,28.81999969482422,28.829999923706055,27.0,27.290000915527344,26.320104598999023,106615
2019-08-06,27.020000457763672,28.540000915527344,27.020000457763672,28.040000915527344,27.043447494506836,29930
2019-08-07,28.209999084472656,28.399999618530273,27.309999465942383,27.399999618530273,26.426189422607422,25195
2019-08-08,27.43000030517578,27.81999969482422,27.420000076293945,27.59000015258789,26.609439849853516,11455
2019-08-09,27.790000915527344,28.389999389648438,27.399999618530273,27.420000076293945,26.44548225402832,55745
2019-08-13,27.979999542236328,28.0,26.75,26.93000030517578,25.9728946685791,34770
2019-08-14,27.0,27.799999237060547,26.700000762939453,26.889999389648438,25.93431854248047,192665
2019-08-16,26.799999237060547,27.0,25.860000610351562,25.969999313354492,25.047016143798828,120390
2019-08-19,26.020000457763672,26.59000015258789,26.0,26.020000457763672,25.09523582458496,103785
2019-08-20,25.6200008392334,26.59000015258789,25.6200008392334,26.040000915527344,25.114530563354492,24790
2019-08-21,26.209999084472656,26.209999084472656,25.979999542236328,26.0,25.07594871520996,187465
2019-08-22,26.209999084472656,26.209999084472656,25.790000915527344,26.059999465942383,25.133813858032227,35375
2019-08-23,26.209999084472656,27.34000015258789,25.989999771118164,26.209999084472656,25.27848243713379,38860
2019-08-26,27.530000686645508,27.639999389648438,26.170000076293945,26.270000457763672,25.336353302001953,30305
2019-08-27,27.290000915527344,28.0,26.219999313354492,26.31999969482422,25.38457489013672,78250
2019-08-28,26.790000915527344,28.0,26.219999313354492,26.950000762939453,25.992185592651367,27745
2019-08-29,27.770000457763672,27.790000915527344,26.420000076293945,26.43000030517578,25.490665435791016,5575
2019-08-30,26.270000457763672,27.200000762939453,26.170000076293945,26.709999084472656,25.760711669921875,42500
2019-09-03,26.440000534057617,26.780000686645508,25.610000610351562,26.010000228881836,25.08559226989746,17200
2019-09-04,26.309999465942383,27.360000610351562,26.299999237060547,27.0,26.040407180786133,47550
2019-09-05,27.329999923706055,27.799999237060547,26.559999465942383,27.030000686645508,26.06934356689453,158120
2019-09-06,27.059999465942383,27.389999389648438,26.200000762939453,26.739999771118164,25.789648056030273,33475
2019-09-09,26.6299991607666,28.09000015258789,26.200000762939453,27.079999923706055,26.117565155029297,36950
2019-09-11,27.3799991607666,28.100000381469727,27.25,27.670000076293945,26.686595916748047,33090
2019-09-12,27.420000076293945,28.93000030517578,27.420000076293945,27.920000076293945,26.927709579467773,248345
2019-09-13,28.010000228881836,28.510000228881836,27.809999465942383,28.020000457763672,27.02415657043457,264895
2019-09-16,28.0,29.59000015258789,28.0,28.81999969482422,27.79572296142578,372970
2019-09-17,29.360000610351562,29.540000915527344,28.360000610351562,28.65999984741211,27.64141082763672,239590
2019-09-18,29.020000457763672,29.479999542236328,28.43000030517578,28.799999237060547,27.77643394470215,161155
2019-09-19,28.860000610351562,29.399999618530273,28.579999923706055,29.079999923706055,28.04648208618164,100055
2019-09-20,28.899999618530273,29.799999237060547,28.56999969482422,29.690000534057617,28.63480567932129,206680
2019-09-23,30.06999969482422,31.600000381469727,29.530000686645508,30.020000457763672,28.953079223632812,108305
2019-09-24,29.829999923706055,30.709999084472656,29.81999969482422,30.520000457763672,29.435306549072266,93075
2019-09-25,30.299999237060547,30.5,29.420000076293945,30.31999969482422,29.242412567138672,64890
2019-09-26,30.81999969482422,30.81999969482422,29.719999313354492,29.979999542236328,28.914499282836914,82390
2019-09-27,30.290000915527344,30.3700008392334,29.670000076293945,29.829999923706055,28.76982879638672,30625
2019-09-30,30.399999618530273,30.399999618530273,29.6200008392334,29.979999542236328,28.914499282836914,153130
2019-10-01,30.18000030517578,30.18000030517578,29.6200008392334,29.969999313354492,28.90485191345215,130285
2019-10-03,29.649999618530273,30.649999618530273,29.549999237060547,29.920000076293945,28.856626510620117,29035
2019-10-04,30.0,30.479999542236328,29.600000381469727,29.920000076293945,28.856626510620117,35840
2019-10-07,29.889999389648438,30.09000015258789,29.43000030517578,29.739999771118164,28.683025360107422,267715
2019-10-09,29.979999542236328,30.0,28.600000381469727,29.260000228881836,28.2200870513916,120895
2019-10-10,29.209999084472656,29.940000534057617,28.739999771118164,29.31999969482422,28.277952194213867,55895
2019-10-11,29.209999084472656,29.59000015258789,28.81999969482422,29.15999984741211,28.123640060424805,26745
2019-10-14,29.020000457763672,29.799999237060547,29.020000457763672,29.579999923706055,28.52871322631836,23520
2019-10-15,29.610000610351562,29.610000610351562,28.81999969482422,29.100000381469727,28.065773010253906,48675
2019-10-16,29.540000915527344,29.549999237060547,29.110000610351562,29.389999389648438,28.345462799072266,9785
2019-10-17,29.229999542236328,29.43000030517578,29.219999313354492,29.399999618530273,28.35511016845703,17840
2019-10-18,29.40999984741211,29.520000457763672,29.059999465942383,29.229999542236328,28.191150665283203,36280
2019-10-22,29.229999542236328,29.56999969482422,28.049999237060547,28.90999984741211,27.882526397705078,109555
2019-10-23,29.219999313354492,29.219999313354492,28.649999618530273,28.979999542236328,27.950035095214844,28075
2019-10-24,29.200000762939453,29.799999237060547,28.540000915527344,29.34000015258789,28.297243118286133,30455
2019-10-25,29.329999923706055,29.670000076293945,28.6299991607666,28.84000015258789,27.81501579284668,35160
2019-10-27,29.020000457763672,29.350000381469727,28.700000762939453,29.030000686645508,27.998262405395508,22495
2019-10-29,29.049999237060547,29.100000381469727,28.719999313354492,28.899999618530273,27.872879028320312,17945
2019-10-30,29.030000686645508,29.65999984741211,27.829999923706055,28.850000381469727,27.824655532836914,48610
2019-10-31,29.1299991607666,29.170000076293945,28.899999618530273,29.020000457763672,27.988616943359375,21095
2019-11-01,29.18000030517578,29.760000228881836,28.850000381469727,29.440000534057617,28.39369010925293,15755
2019-11-04,29.43000030517578,29.43000030517578,29.040000915527344,29.040000915527344,28.007905960083008,33420
2019-11-05,29.280000686645508,29.600000381469727,28.5,28.84000015258789,27.81501579284668,68485
2019-11-06,29.209999084472656,29.799999237060547,29.100000381469727,29.510000228881836,28.461200714111328,27115
2019-11-07,29.600000381469727,31.799999237060547,29.0,29.360000610351562,28.316532135009766,74190
2019-11-08,29.229999542236328,29.559999465942383,28.81999969482422,29.190000534057617,28.152572631835938,40915
2019-11-11,29.200000762939453,29.209999084472656,28.799999237060547,29.0,27.96932601928711,45775
2019-11-13,29.0,29.3799991607666,28.81999969482422,29.1200008392334,28.085060119628906,19675
2019-11-14,29.579999923706055,32.02000045776367,29.530000686645508,30.239999771118164,29.16525650024414,111985
2019-11-15,31.0,31.0,29.059999465942383,29.889999389648438,28.827695846557617,309285
2019-11-18,29.770000457763672,30.34000015258789,29.31999969482422,29.350000381469727,28.306886672973633,23130
2019-11-19,29.229999542236328,29.920000076293945,28.459999084472656,29.299999237060547,28.258665084838867,41070
2019-11-20,29.399999618530273,29.520000457763672,29.3799991607666,29.3799991607666,28.3358211517334,8615
2019-11-21,29.43000030517578,29.989999771118164,29.030000686645508,29.479999542236328,28.432266235351562,412650
2019-11-22,29.520000457763672,29.979999542236328,29.200000762939453,29.6200008392334,28.567291259765625,295770
2019-11-25,29.40999984741211,29.600000381469727,28.6200008392334,29.0,27.96932601928711,27700
2019-11-26,28.84000015258789,29.979999542236328,28.760000228881836,28.850000381469727,27.824655532836914,75925
2019-11-27,28.850000381469727,29.270000457763672,28.290000915527344,28.559999465942383,27.544963836669922,22470
2019-11-28,30.0,30.0,27.600000381469727,27.860000610351562,26.869842529296875,48295
2019-11-29,28.799999237060547,28.799999237060547,27.329999923706055,27.690000534057617,26.70588493347168,18875
2019-12-02,28.260000228881836,28.350000381469727,27.0,27.0,26.040407180786133,92010
2019-12-03,27.020000457763672,27.5,27.0,27.040000915527344,26.07898712158203,14790
2019-12-04,27.059999465942383,27.90999984741211,27.020000457763672,27.34000015258789,26.368324279785156,25215
2019-12-05,27.940000534057617,27.940000534057617,27.059999465942383,27.219999313354492,26.252586364746094,11500
2019-12-06,27.40999984741211,27.59000015258789,27.020000457763672,27.040000915527344,26.07898712158203,4660
2019-12-09,27.030000686645508,27.729999542236328,27.010000228881836,27.479999542236328,26.503345489501953,17955
2019-12-10,27.760000228881836,27.770000457763672,27.100000381469727,27.110000610351562,26.14649772644043,31110
2019-12-11,27.479999542236328,27.510000228881836,27.100000381469727,27.110000610351562,26.14649772644043,7350
2019-12-12,27.149999618530273,27.56999969482422,27.100000381469727,27.1299991607666,26.165782928466797,17935
2019-12-13,27.100000381469727,27.56999969482422,27.0,27.0,26.040407180786133,82360
2019-12-16,27.200000762939453,27.450000762939453,27.100000381469727,27.3799991607666,26.406902313232422,23110
2019-12-17,27.229999542236328,27.59000015258789,27.0,27.100000381469727,26.13685417175293,44490
2019-12-18,27.110000610351562,27.290000915527344,27.0,27.030000686645508,26.06934356689453,29160
2019-12-19,27.209999084472656,27.760000228881836,27.0,27.059999465942383,26.09827423095703,13005
2019-12-20,27.209999084472656,27.579999923706055,27.030000686645508,27.200000762939453,26.233299255371094,16760
2019-12-23,27.770000457763672,27.780000686645508,27.0,27.040000915527344,26.07898712158203,11315
2019-12-24,27.09000015258789,27.5,27.010000228881836,27.049999237060547,26.0886287689209,5175
2019-12-26,27.079999923706055,27.399999618530273,27.0,27.15999984741211,26.19472312927246,19665
2019-12-27,27.100000381469727,27.780000686645508,27.09000015258789,27.459999084472656,26.484058380126953,21770
2019-12-30,27.610000610351562,29.399999618530273,27.399999618530273,28.829999923706055,27.805368423461914,75265
2019-12-31,28.860000610351562,28.989999771118164,27.600000381469727,27.610000610351562,26.628726959228516,15365
2020-01-01,27.979999542236328,27.989999771118164,27.420000076293945,27.559999465942383,26.58050537109375,5170
2020-01-02,27.549999237060547,29.739999771118164,27.549999237060547,28.639999389648438,27.622119903564453,41385
2020-01-03,28.399999618530273,28.799999237060547,27.31999969482422,27.549999237060547,26.57086181640625,34580
2020-01-06,27.40999984741211,27.56999969482422,27.020000457763672,27.3700008392334,26.397258758544922,50630
2020-01-07,27.670000076293945,27.8700008392334,27.06999969482422,27.190000534057617,26.223655700683594,26845
2020-01-08,27.56999969482422,27.600000381469727,27.40999984741211,27.549999237060547,26.57086181640625,6125
2020-01-09,27.40999984741211,28.15999984741211,27.229999542236328,27.280000686645508,26.310457229614258,16395
2020-01-10,27.280000686645508,27.639999389648438,27.040000915527344,27.09000015258789,26.127206802368164,34430
2020-01-13,27.489999771118164,27.510000228881836,27.200000762939453,27.270000457763672,26.300811767578125,37275
2020-01-14,27.200000762939453,27.399999618530273,27.0,27.389999389648438,26.416545867919922,69550
2020-01-15,27.260000228881836,28.760000228881836,27.25,28.31999969482422,27.313493728637695,34530
2020-01-16,28.8799991607666,28.8799991607666,27.6200008392334,27.8700008392334,26.879486083984375,13565
2020-01-17,28.030000686645508,29.450000762939453,27.860000610351562,29.110000610351562,28.07541847229004,34145
2020-01-20,29.25,29.790000915527344,28.040000915527344,29.399999618530273,28.35511016845703,69555
2020-01-21,28.6200008392334,29.389999389648438,28.6200008392334,29.0,27.96932601928711,25980
2020-01-22,29.010000228881836,29.559999465942383,28.440000534057617,29.149999618530273,28.113998413085938,38065
2020-01-23,29.229999542236328,29.229999542236328,28.43000030517578,28.510000228881836,27.496740341186523,12580
2020-01-24,28.5,28.559999465942383,27.799999237060547,28.139999389648438,27.139890670776367,17805
2020-01-27,28.600000381469727,28.600000381469727,27.479999542236328,27.56999969482422,26.59014892578125,33050
2020-01-28,28.389999389648438,28.399999618530273,27.0,27.09000015258789,26.127206802368164,20995
2020-01-29,27.040000915527344,27.700000762939453,27.030000686645508,27.260000228881836,26.291166305541992,23240
2020-01-30,27.15999984741211,27.81999969482422,27.100000381469727,27.5,26.52263832092285,8115
2020-01-31,27.989999771118164,28.0,27.200000762939453,27.25,26.281522750854492,37225
2020-02-03,27.020000457763672,27.350000381469727,26.010000228881836,26.239999771118164,25.307418823242188,22725
2020-02-04,26.489999771118164,26.979999542236328,25.600000381469727,25.639999389648438,24.728742599487305,203970
2020-02-05,26.280000686645508,26.709999084472656,25.600000381469727,26.1299991607666,25.20132827758789,211030
2020-02-06,26.190000534057617,26.600000381469727,25.670000076293945,26.1200008392334,25.19168472290039,30945
2020-02-07,28.25,31.34000015258789,27.520000457763672,31.34000015258789,30.22616195678711,4820020
2020-02-10,32.20000076293945,34.400001525878906,29.479999542236328,33.709999084472656,32.511932373046875,2744850
2020-02-11,33.599998474121094,38.0,33.099998474121094,34.5099983215332,33.28349685668945,2534615
2020-02-12,34.54999923706055,36.20000076293945,33.619998931884766,35.66999816894531,34.402278900146484,441540
2020-02-13,34.58000183105469,36.0,33.599998474121094,35.630001068115234,34.36369705200195,296925
2020-02-14,35.02000045776367,35.95000076293945,34.099998474121094,34.560001373291016,33.331722259521484,100530
2020-02-17,34.0099983215332,34.61000061035156,33.400001525878906,33.619998931884766,32.42512512207031,165290
2020-02-18,33.400001525878906,34.220001220703125,33.220001220703125,33.689998626708984,32.49264144897461,70085
2020-02-19,33.400001525878906,35.0,33.400001525878906,33.72999954223633,32.531219482421875,66640
2020-02-20,33.72999954223633,34.18000030517578,33.400001525878906,33.439998626708984,32.25152587890625,83465
2020-02-24,33.40999984741211,35.119998931884766,32.90999984741211,33.9900016784668,33.078739166259766,193385
2020-02-25,33.79999923706055,34.400001525878906,33.4900016784668,34.220001220703125,33.30257034301758,60395
2020-02-26,33.540000915527344,34.13999938964844,33.400001525878906,33.43000030517578,32.53375244140625,44925
2020-02-27,33.61000061035156,34.36000061035156,33.400001525878906,34.0099983215332,33.098201751708984,34850
2020-02-28,33.599998474121094,34.099998474121094,33.2400016784668,33.540000915527344,32.64079666137695,135195
2020-03-02,33.54999923706055,33.959999084472656,31.020000457763672,31.829999923706055,30.976646423339844,92030
2020-03-03,31.040000915527344,32.380001068115234,31.020000457763672,31.34000015258789,30.499784469604492,62440
2020-03-04,31.59000015258789,31.940000534057617,29.770000457763672,30.079999923706055,29.273561477661133,70020
2020-03-05,30.950000762939453,33.84000015258789,30.799999237060547,32.380001068115234,31.511898040771484,191785
2020-03-06,30.0,33.470001220703125,28.520000457763672,31.549999237060547,30.704151153564453,91585
2020-03-09,31.0,31.0,28.600000381469727,29.010000228881836,28.232250213623047,100800
2020-03-11,29.59000015258789,31.0,28.899999618530273,29.559999465942383,28.767507553100586,42570
2020-03-12,28.6200008392334,28.6299991607666,25.989999771118164,27.18000030517578,26.451313018798828,140725
2020-03-13,25.209999084472656,27.959999084472656,22.0,26.459999084472656,25.750614166259766,134490
2020-03-16,26.0,26.0,23.200000762939453,23.719999313354492,23.08407211303711,175305
2020-03-17,24.010000228881836,24.030000686645508,21.459999084472656,21.969999313354492,21.38098907470703,133865
2020-03-18,22.010000228881836,23.6299991607666,20.610000610351562,22.829999923706055,22.21793556213379,137705
2020-03-19,23.030000686645508,23.440000534057617,19.110000610351562,19.420000076293945,18.899356842041016,476460
2020-03-20,19.989999771118164,20.34000015258789,18.520000457763672,19.309999465942383,18.79230499267578,133730
2020-03-23,16.420000076293945,19.739999771118164,15.449999809265137,17.1299991607666,16.67074966430664,124135
2020-03-24,17.420000076293945,17.420000076293945,15.800000190734863,15.9399995803833,15.512653350830078,45035
2020-03-25,15.229999542236328,16.469999313354492,14.350000381469727,15.90999984741211,15.483457565307617,109010
2020-03-26,15.880000114440918,17.100000381469727,14.800000190734863,15.5,15.08444881439209,210610
2020-03-27,16.799999237060547,16.799999237060547,14.0,15.399999618530273,14.987130165100098,127310
2020-03-30,15.0,16.350000381469727,14.050000190734863,15.489999771118164,15.07471752166748,54460
2020-03-31,15.199999809265137,17.0,15.069999694824219,16.969999313354492,16.515037536621094,33145
2020-04-01,16.309999465942383,18.360000610351562,16.309999465942383,17.639999389648438,17.167076110839844,10055
2020-04-03,18.399999618530273,19.200000762939453,16.799999237060547,17.110000610351562,16.65128517150879,37115
2020-04-07,18.5,18.5,16.209999084472656,16.8799991607666,16.42745018005371,45055
2020-04-08,16.649999618530273,17.969999313354492,16.649999618530273,17.799999237060547,17.322786331176758,101495
2020-04-09,19.200000762939453,19.200000762939453,17.5,17.65999984741211,17.186540603637695,39785
2020-04-13,17.450000762939453,17.450000762939453,16.239999771118164,16.649999618530273,16.203615188598633,120060
2020-04-15,16.040000915527344,16.799999237060547,16.040000915527344,16.40999984741211,15.970052719116211,187805
2020-04-16,17.399999618530273,17.600000381469727,16.209999084472656,17.1299991607666,16.67074966430664,39205
2020-04-17,17.709999084472656,17.709999084472656,17.25,17.559999465942383,17.089221954345703,93855
2020-04-20,17.799999237060547,18.899999618530273,17.579999923706055,18.459999084472656,17.965091705322266,54545
2020-04-21,18.010000228881836,18.399999618530273,17.790000915527344,18.290000915527344,17.799652099609375,44385
2020-04-22,17.739999771118164,18.200000762939453,17.6299991607666,18.1200008392334,17.63420867919922,14155
2020-04-23,18.190000534057617,18.799999237060547,17.979999542236328,18.049999237060547,17.566082000732422,26100
2020-04-24,18.780000686645508,19.15999984741211,18.06999969482422,18.600000381469727,18.101341247558594,97425
2020-04-27,18.59000015258789,18.950000762939453,17.649999618530273,17.899999618530273,17.42010498046875,233275
2020-04-28,18.030000686645508,18.030000686645508,17.139999389648438,17.809999465942383,17.33251953125,47990
2020-04-29,17.450000762939453,18.610000610351562,17.450000762939453,18.290000915527344,17.799652099609375,19110
2020-04-30,18.399999618530273,19.200000762939453,17.6299991607666,18.1200008392334,17.63420867919922,87575
2020-05-04,17.420000076293945,17.969999313354492,17.040000915527344,17.3799991607666,16.914047241210938,16325
2020-05-05,17.200000762939453,18.010000228881836,17.010000228881836,17.139999389648438,16.680482864379883,10195
2020-05-06,17.600000381469727,17.600000381469727,17.0,17.190000534057617,16.729141235351562,6155
2020-05-07,17.100000381469727,17.5,16.719999313354492,16.950000762939453,16.495574951171875,22445
2020-05-08,17.09000015258789,17.399999618530273,16.579999923706055,16.799999237060547,16.349597930908203,47570
2020-05-11,17.309999465942383,17.309999465942383,16.399999618530273,16.6200008392334,16.17442512512207,62530
2020-05-12,16.450000762939453,16.959999084472656,15.979999542236328,16.420000076293945,15.979785919189453,26365
2020-05-13,17.170000076293945,17.18000030517578,16.200000762939453,16.65999984741211,16.213348388671875,18080
2020-05-14,16.6299991607666,16.780000686645508,16.1200008392334,16.280000686645508,15.843539237976074,16895
2020-05-15,16.209999084472656,16.579999923706055,16.059999465942383,16.510000228881836,16.067371368408203,26470
2020-05-18,16.399999618530273,16.399999618530273,15.010000228881836,15.609999656677246,15.191500663757324,71815
2020-05-19,15.819999694824219,16.3700008392334,15.619999885559082,16.139999389648438,15.707290649414062,103000
2020-05-20,16.0,16.549999237060547,15.59000015258789,16.420000076293945,15.979785919189453,33730
2020-05-21,16.0,16.950000762939453,16.0,16.5,16.05763816833496,10290
2020-05-22,16.5,16.780000686645508,15.600000381469727,15.979999542236328,15.551580429077148,31915
2020-05-26,15.979999542236328,16.3799991607666,15.449999809265137,15.829999923706055,15.40560245513916,34360
2020-05-27,16.299999237060547,17.40999984741211,15.600000381469727,16.920000076293945,16.46637725830078,76605
2020-05-28,17.940000534057617,18.3799991607666,17.270000457763672,17.969999313354492,17.48822784423828,36840
2020-05-29,18.59000015258789,18.59000015258789,16.600000381469727,17.110000610351562,16.65128517150879,51950
2020-06-01,17.110000610351562,18.59000015258789,17.110000610351562,18.139999389648438,17.65367317199707,44825
2020-06-02,18.600000381469727,19.010000228881836,17.989999771118164,18.780000686645508,18.276514053344727,68610
2020-06-03,19.600000381469727,19.940000534057617,18.530000686645508,19.75,19.220508575439453,176575
2020-06-04,20.360000610351562,21.700000762939453,20.360000610351562,21.40999984741211,20.83600425720215,282310
2020-06-05,22.989999771118164,24.690000534057617,21.709999084472656,21.84000015258789,21.25447654724121,904840
2020-06-08,22.989999771118164,22.989999771118164,20.399999618530273,20.860000610351562,20.300748825073242,256980
2020-06-09,21.200000762939453,21.59000015258789,20.219999313354492,20.68000030517578,20.12557601928711,60385
2020-06-10,20.700000762939453,21.790000915527344,20.600000381469727,21.329999923706055,20.758148193359375,57070
2020-06-11,21.600000381469727,21.600000381469727,20.469999313354492,20.75,20.193696975708008,45780
2020-06-12,20.989999771118164,20.989999771118164,18.389999389648438,20.25,19.707103729248047,42350
2020-06-15,19.719999313354492,21.100000381469727,19.719999313354492,20.40999984741211,19.86281394958496,41175
2020-06-16,20.989999771118164,21.200000762939453,19.600000381469727,19.93000030517578,19.39568328857422,120695
2020-06-17,19.850000381469727,20.700000762939453,18.799999237060547,19.389999389648438,18.87015724182129,63535
2020-06-18,19.43000030517578,20.0,19.3799991607666,19.780000686645508,19.249704360961914,87670
2020-06-19,19.610000610351562,21.149999618530273,19.600000381469727,20.600000381469727,20.047719955444336,86120
2020-06-22,20.40999984741211,22.399999618530273,20.399999618530273,21.25,20.680294036865234,234345
2020-06-23,21.979999542236328,21.979999542236328,20.6200008392334,20.850000381469727,20.291017532348633,41300
2020-06-24,21.389999389648438,21.799999237060547,19.799999237060547,20.209999084472656,19.66817283630371,109095
2020-06-25,20.350000381469727,23.360000610351562,20.34000015258789,22.43000030517578,21.828657150268555,970690
2020-06-26,22.59000015258789,24.479999542236328,22.5,23.989999771118164,23.346834182739258,1469170
2020-06-29,24.0,24.600000381469727,22.059999465942383,22.649999618530273,22.04275894165039,698235
2020-06-30,23.100000381469727,24.65999984741211,22.309999465942383,23.579999923706055,22.947826385498047,2591840
2020-07-01,23.950000762939453,24.15999984741211,23.0,23.139999389648438,22.519624710083008,233765
2020-07-02,23.18000030517578,24.270000457763672,23.0,23.81999969482422,23.181392669677734,409185
2020-07-03,24.100000381469727,24.3700008392334,23.440000534057617,23.649999618530273,23.015949249267578,268925
2020-07-06,23.899999618530273,24.200000762939453,22.459999084472656,23.329999923706055,22.704530715942383,474785
2020-07-07,23.399999618530273,23.75,23.020000457763672,23.270000457763672,22.646137237548828,113020
2020-07-08,23.639999389648438,23.639999389648438,21.600000381469727,22.09000015258789,21.497772216796875,272710
2020-07-09,22.100000381469727,22.770000457763672,22.100000381469727,22.299999237060547,21.702144622802734,125000
2020-07-10,22.299999237060547,23.3799991607666,21.450000762939453,22.969999313354492,22.35417938232422,469985
2020-07-13,23.399999618530273,23.399999618530273,22.049999237060547,22.309999465942383,21.71187400817871,140585
2020-07-14,22.0,22.5,21.219999313354492,21.3799991607666,20.806806564331055,285940
2020-07-15,21.200000762939453,22.31999969482422,21.100000381469727,21.450000762939453,20.87493324279785,116665
2020-07-16,21.200000762939453,21.959999084472656,21.020000457763672,21.18000030517578,20.61216926574707,103395
2020-07-17,21.25,21.579999923706055,20.920000076293945,21.290000915527344,20.719221115112305,149665
2020-07-20,21.600000381469727,22.1299991607666,21.049999237060547,21.690000534057617,21.108497619628906,243235
2020-07-21,21.719999313354492,21.719999313354492,21.219999313354492,21.31999969482422,20.748416900634766,85675
2020-07-22,21.56999969482422,21.56999969482422,20.799999237060547,20.93000030517578,20.368873596191406,109550
2020-07-23,21.200000762939453,21.399999618530273,20.81999969482422,21.0,20.436994552612305,136020
2020-07-24,20.81999969482422,21.049999237060547,20.459999084472656,20.799999237060547,20.24235725402832,133675
2020-07-27,20.799999237060547,21.15999984741211,20.010000228881836,20.280000686645508,19.736299514770508,74395
2020-07-28,20.06999969482422,20.579999923706055,20.040000915527344,20.219999313354492,19.67790985107422,71110
2020-07-29,20.489999771118164,20.510000228881836,20.020000457763672,20.139999389648438,19.600053787231445,147135
2020-07-30,20.1299991607666,20.520000457763672,19.93000030517578,20.15999984741211,19.619516372680664,108270
2020-07-31,19.81999969482422,20.34000015258789,19.639999389648438,19.93000030517578,19.39568328857422,122705
2020-08-03,20.399999618530273,20.399999618530273,19.510000228881836,19.56999969482422,19.04533576965332,271510
2020-08-04,20.34000015258789,20.559999465942383,19.979999542236328,20.40999984741211,19.86281394958496,117110
2020-08-05,20.75,20.75,20.40999984741211,20.549999237060547,19.99905776977539,32200
2020-08-06,20.399999618530273,20.979999542236328,20.399999618530273,20.670000076293945,20.1158447265625,119705
2020-08-07,20.600000381469727,22.8799991607666,19.639999389648438,22.209999084472656,21.61455535888672,547220
2020-08-10,22.600000381469727,23.34000015258789,22.270000457763672,22.75,22.14008140563965,231620
2020-08-11,22.770000457763672,22.799999237060547,22.229999542236328,22.6200008392334,22.013565063476562,104540
2020-08-12,22.6299991607666,23.59000015258789,22.200000762939453,23.110000610351562,22.490428924560547,183210
2020-08-13,23.299999237060547,24.100000381469727,23.020000457763672,23.969999313354492,23.327369689941406,317485
2020-08-14,23.969999313354492,23.979999542236328,23.09000015258789,23.329999923706055,22.704530715942383,87210
2020-08-17,23.510000228881836,23.799999237060547,23.0,23.229999542236328,22.607210159301758,73315
2020-08-18,23.239999771118164,23.989999771118164,23.229999542236328,23.559999465942383,22.928363800048828,73020
2020-08-19,23.59000015258789,24.190000534057617,23.31999969482422,23.860000610351562,23.220319747924805,101790
2020-08-20,23.860000610351562,26.270000457763672,23.81999969482422,25.360000610351562,24.68010902404785,507835
2020-08-21,25.59000015258789,26.68000030517578,24.700000762939453,25.610000610351562,24.92340087890625,407115
2020-08-24,25.950000762939453,26.399999618530273,25.1299991607666,26.030000686645508,25.332141876220703,163705
2020-08-25,26.479999542236328,26.979999542236328,24.829999923706055,25.09000015258789,24.417346954345703,246100
2020-08-26,25.100000381469727,27.399999618530273,25.09000015258789,25.940000534057617,25.24455451965332,589375
2020-08-27,26.170000076293945,26.170000076293945,25.059999465942383,25.399999618530273,24.71903419494629,71000
2020-08-28,25.399999618530273,25.899999618530273,24.700000762939453,24.90999984741211,24.242168426513672,59750
2020-08-31,25.020000457763672,25.65999984741211,23.799999237060547,23.809999465942383,23.171661376953125,208305
2020-09-01,24.790000915527344,24.799999237060547,23.799999237060547,23.8799991607666,23.239784240722656,69285
2020-09-02,23.90999984741211,24.559999465942383,23.799999237060547,24.229999542236328,23.580400466918945,28460
2020-09-03,24.010000228881836,24.190000534057617,23.280000686645508,23.489999771118164,22.860240936279297,80090
2020-09-04,23.200000762939453,23.979999542236328,22.6200008392334,22.889999389648438,22.276323318481445,133850
2020-09-07,22.6299991607666,24.200000762939453,22.420000076293945,23.5,22.869970321655273,132565
2020-09-08,23.799999237060547,23.799999237060547,22.649999618530273,22.780000686645508,22.169273376464844,81350
2020-09-09,22.600000381469727,24.200000762939453,22.200000762939453,23.739999771118164,23.103538513183594,68845
2020-09-10,23.739999771118164,23.989999771118164,23.260000228881836,23.440000534057617,22.811580657958984,9930
2020-09-11,23.399999618530273,26.81999969482422,23.200000762939453,23.989999771118164,23.346834182739258,191150
2020-09-14,24.420000076293945,24.790000915527344,22.440000534057617,22.739999771118164,22.130346298217773,276680
2020-09-15,23.739999771118164,23.739999771118164,22.610000610351562,22.84000015258789,22.22766876220703,80755
2020-09-16,22.93000030517578,23.399999618530273,22.600000381469727,22.760000228881836,22.149810791015625,75615
2020-09-17,22.43000030517578,23.06999969482422,22.360000610351562,22.510000228881836,22.051847457885742,93560
2020-09-18,22.729999542236328,23.0,22.600000381469727,22.739999771118164,22.277164459228516,58925
2020-09-21,22.739999771118164,24.0,21.809999465942383,22.18000030517578,21.72856330871582,68990
2020-09-22,21.260000228881836,23.559999465942383,21.260000228881836,22.6299991607666,22.169403076171875,86795
2020-09-23,22.93000030517578,23.190000534057617,22.200000762939453,22.420000076293945,21.96367645263672,21525
2020-09-24,21.809999465942383,22.360000610351562,21.6299991607666,21.940000534057617,21.49344825744629,11540
2020-09-25,22.350000381469727,23.770000457763672,22.040000915527344,22.459999084472656,22.00286293029785,26775
2020-09-28,22.489999771118164,23.15999984741211,21.989999771118164,22.25,21.797138214111328,75220
2020-09-29,22.520000457763672,22.530000686645508,22.020000457763672,22.149999618530273,21.699174880981445,27255
2020-09-30,22.329999923706055,22.850000381469727,22.1299991607666,22.600000381469727,22.1400146484375,47845
2020-10-01,22.860000610351562,22.860000610351562,22.010000228881836,22.239999771118164,21.787342071533203,11415
2020-10-05,22.010000228881836,22.920000076293945,22.010000228881836,22.309999465942383,21.85591697692871,46750
2020-10-06,22.579999923706055,23.18000030517578,22.40999984741211,22.6200008392334,22.15960693359375,18855
2020-10-07,22.6200008392334,24.0,22.309999465942383,22.780000686645508,22.316349029541016,307585
2020-10-08,23.780000686645508,23.790000915527344,22.260000228881836,22.489999771118164,22.032255172729492,119245
2020-10-09,22.809999465942383,22.809999465942383,22.280000686645508,22.530000686645508,22.071439743041992,8090
2020-10-12,22.760000228881836,23.200000762939453,22.200000762939453,22.950000762939453,22.482892990112305,227490
2020-10-13,22.600000381469727,23.0,22.280000686645508,22.780000686645508,22.316349029541016,138030
2020-10-14,22.600000381469727,22.899999618530273,22.06999969482422,22.850000381469727,22.384925842285156,170370
2020-10-15,22.610000610351562,23.010000228881836,21.610000610351562,22.040000915527344,21.591413497924805,505565
2020-10-16,22.770000457763672,22.770000457763672,21.399999618530273,21.549999237060547,21.111385345458984,44480
2020-10-19,21.690000534057617,22.75,21.600000381469727,21.639999389648438,21.199552536010742,101315
2020-10-20,21.649999618530273,22.579999923706055,21.600000381469727,21.729999542236328,21.287721633911133,39510
2020-10-21,21.75,22.399999618530273,21.690000534057617,22.209999084472656,21.757953643798828,38890
2020-10-22,22.010000228881836,22.010000228881836,21.700000762939453,21.799999237060547,21.35629653930664,39455
2020-10-23,23.100000381469727,23.100000381469727,21.700000762939453,21.979999542236328,21.532630920410156,84140
2020-10-26,21.809999465942383,21.950000762939453,21.649999618530273,21.739999771118164,21.29751968383789,29375
2020-10-27,21.690000534057617,22.020000457763672,21.690000534057617,21.709999084472656,21.268129348754883,91420
2020-10-28,21.709999084472656,22.799999237060547,21.479999542236328,21.780000686645508,21.33670425415039,162360
2020-10-29,21.600000381469727,22.100000381469727,20.469999313354492,21.049999237060547,20.621562957763672,71130
2020-10-30,21.209999084472656,21.780000686645508,20.59000015258789,20.729999542236328,20.308073043823242,125255
2020-11-02,20.989999771118164,21.600000381469727,20.309999465942383,21.40999984741211,20.97423553466797,43755
2020-11-03,21.600000381469727,21.600000381469727,20.700000762939453,20.709999084472656,20.288480758666992,21290
2020-11-04,20.989999771118164,21.399999618530273,20.799999237060547,21.079999923706055,20.650949478149414,20365
2020-11-05,21.389999389648438,22.200000762939453,20.940000534057617,22.100000381469727,21.650192260742188,107610
2020-11-06,21.979999542236328,22.010000228881836,21.670000076293945,21.8700008392334,21.424875259399414,81735
2020-11-09,22.100000381469727,23.799999237060547,21.6299991607666,21.979999542236328,21.532630920410156,104640
2020-11-10,21.829999923706055,23.399999618530273,20.579999923706055,22.0,21.55222511291504,143080
2020-11-11,24.799999237060547,25.899999618530273,22.010000228881836,22.489999771118164,22.032255172729492,1544800
2020-11-12,23.100000381469727,23.100000381469727,22.200000762939453,22.389999389648438,21.934289932250977,264030
2020-11-13,22.59000015258789,22.850000381469727,22.200000762939453,22.780000686645508,22.316349029541016,754555
2020-11-14,23.049999237060547,23.600000381469727,22.65999984741211,22.989999771118164,22.522075653076172,101930
2020-11-17,23.200000762939453,24.0,22.6200008392334,23.889999389648438,23.40375518798828,1518700
2020-11-18,24.25,25.799999237060547,23.93000030517578,25.56999969482422,25.049562454223633,801870
2020-11-19,25.940000534057617,28.280000686645508,25.030000686645508,26.190000534057617,25.656944274902344,2927575
2020-11-20,26.579999923706055,28.540000915527344,25.75,28.260000228881836,27.684814453125,6600650
2020-11-23,28.489999771118164,28.489999771118164,26.920000076293945,27.559999465942383,26.999061584472656,1204460
2020-11-24,27.780000686645508,27.780000686645508,25.780000686645508,25.989999771118164,25.461013793945312,1454405
2020-11-25,26.309999465942383,26.739999771118164,24.579999923706055,24.889999389648438,24.38340187072754,803780
2020-11-26,24.889999389648438,25.270000457763672,24.25,24.959999084472656,24.451980590820312,415005
2020-11-27,25.200000762939453,25.889999389648438,24.799999237060547,25.18000030517578,24.667503356933594,383525
2020-12-01,25.850000381469727,25.850000381469727,24.799999237060547,25.450000762939453,24.932008743286133,226580
2020-12-02,25.170000076293945,25.790000915527344,25.030000686645508,25.219999313354492,24.70668601989746,274030
2020-12-03,25.3700008392334,25.549999237060547,25.100000381469727,25.25,24.73607635498047,235075
2020-12-04,25.5,26.450000762939453,25.270000457763672,26.170000076293945,25.637353897094727,519645
2020-12-07,26.479999542236328,26.56999969482422,25.399999618530273,25.559999465942383,25.039766311645508,290200
2020-12-08,25.969999313354492,26.600000381469727,25.309999465942383,26.030000686645508,25.500200271606445,503880
2020-12-09,26.030000686645508,26.790000915527344,25.75,26.68000030517578,26.136972427368164,685505
2020-12-10,26.989999771118164,27.18000030517578,25.709999084472656,25.920000076293945,25.392440795898438,354270
2020-12-11,25.93000030517578,26.600000381469727,25.799999237060547,25.920000076293945,25.392440795898438,149210
2020-12-14,26.100000381469727,26.579999923706055,25.719999313354492,25.90999984741211,25.382644653320312,179185
2020-12-15,26.1200008392334,26.149999618530273,25.25,25.690000534057617,25.1671199798584,616290
2020-12-16,26.15999984741211,26.510000228881836,25.600000381469727,25.8700008392334,25.34345817565918,545040
2020-12-17,25.8799991607666,26.15999984741211,25.489999771118164,25.68000030517578,25.157325744628906,239710
2020-12-18,25.65999984741211,25.950000762939453,24.84000015258789,25.010000228881836,24.50096321105957,1742115
2020-12-21,25.200000762939453,26.399999618530273,24.399999618530273,24.829999923706055,24.32462501525879,1907475
2020-12-22,24.799999237060547,25.190000534057617,23.770000457763672,24.479999542236328,23.981746673583984,231765
2020-12-23,24.56999969482422,26.0,24.459999084472656,25.6200008392334,25.098546981811523,436635
2020-12-24,25.959999084472656,26.940000534057617,25.649999618530273,26.68000030517578,26.136972427368164,663375
2020-12-28,27.40999984741211,30.540000915527344,27.399999618530273,29.690000534057617,29.08570671081543,3985275
2020-12-29,30.540000915527344,31.030000686645508,29.329999923706055,30.170000076293945,29.555936813354492,2016695
2020-12-30,30.360000610351562,30.84000015258789,29.299999237060547,30.540000915527344,29.91840934753418,1029710
2020-12-31,30.030000686645508,31.5,30.030000686645508,30.489999771118164,29.86942481994629,933285
2021-01-01,30.5,30.8700008392334,30.059999465942383,30.559999465942383,29.93800163269043,332825
2021-01-04,30.700000762939453,31.0,28.860000610351562,29.350000381469727,28.752628326416016,489790
2021-01-05,29.350000381469727,29.559999465942383,27.799999237060547,28.399999618530273,27.82196617126465,687200
2021-01-06,28.079999923706055,28.809999465942383,27.399999618530273,27.889999389648438,27.322343826293945,267150
2021-01-07,28.5,29.0,28.020000457763672,28.700000762939453,28.115859985351562,251340
2021-01-08,29.079999923706055,29.959999084472656,28.739999771118164,29.329999923706055,28.733034133911133,464900
2021-01-11,29.34000015258789,29.579999923706055,28.399999618530273,28.579999923706055,27.998302459716797,354880
2021-01-12,28.940000534057617,28.940000534057617,28.010000228881836,28.31999969482422,27.743593215942383,207225
2021-01-13,29.18000030517578,29.18000030517578,27.809999465942383,28.389999389648438,27.812166213989258,199090
2021-01-14,28.200000762939453,29.049999237060547,28.040000915527344,28.31999969482422,27.743593215942383,228460
2021-01-15,28.610000610351562,28.610000610351562,27.829999923706055,28.06999969482422,27.498680114746094,134340
2021-01-18,28.06999969482422,28.489999771118164,27.639999389648438,27.8700008392334,27.302753448486328,161255
2021-01-19,27.940000534057617,29.200000762939453,27.920000076293945,29.040000915527344,28.44894027709961,232605
2021-01-20,28.860000610351562,29.030000686645508,28.31999969482422,28.440000534057617,27.861148834228516,123160
2021-01-21,28.600000381469727,28.899999618530273,28.010000228881836,28.25,27.675018310546875,110475
2021-01-22,28.25,28.799999237060547,27.450000762939453,27.700000762939453,27.136213302612305,175485
2021-01-25,28.489999771118164,28.799999237060547,26.350000381469727,27.020000457763672,26.47005271911621,252645
2021-01-27,27.600000381469727,27.600000381469727,26.020000457763672,26.510000228881836,25.97043228149414,89245
2021-01-28,26.020000457763672,26.780000686645508,25.860000610351562,25.989999771118164,25.461013793945312,218060
2021-01-29,26.579999923706055,26.799999237060547,25.700000762939453,25.989999771118164,25.461013793945312,90320
2021-02-01,26.1299991607666,26.920000076293945,25.940000534057617,26.790000915527344,26.244733810424805,140295
2021-02-02,26.979999542236328,29.030000686645508,26.600000381469727,28.510000228881836,27.929725646972656,417885
2021-02-03,28.989999771118164,29.389999389648438,28.549999237060547,29.079999923706055,28.48812484741211,362600
2021-02-04,29.600000381469727,31.799999237060547,28.440000534057617,30.389999389648438,29.771459579467773,3033330
2021-02-05,31.18000030517578,31.979999542236328,30.399999618530273,31.270000457763672,30.6335506439209,1503125
2021-02-08,31.600000381469727,32.0,30.579999923706055,30.780000686645508,30.15352439880371,641985
2021-02-09,30.479999542236328,31.010000228881836,30.209999084472656,30.479999542236328,29.859628677368164,405125
2021-02-10,31.059999465942383,32.18000030517578,30.290000915527344,31.59000015258789,30.947036743164062,1088595
2021-02-11,32.099998474121094,32.099998474121094,31.09000015258789,31.549999237060547,30.907852172851562,217575
2021-02-12,31.84000015258789,32.15999984741211,31.09000015258789,31.540000915527344,30.898056030273438,422670
2021-02-15,31.799999237060547,33.56999969482422,31.799999237060547,32.77000045776367,32.10301971435547,919330
2021-02-16,33.119998931884766,33.119998931884766,31.469999313354492,31.649999618530273,31.005817413330078,330365
2021-02-17,32.27000045776367,32.279998779296875,31.530000686645508,31.979999542236328,31.329099655151367,272910
2021-02-18,31.399999618530273,32.34000015258789,31.399999618530273,31.989999771118164,31.338895797729492,246960
2021-02-19,32.09000015258789,34.380001068115234,31.790000915527344,32.68000030517578,32.01485061645508,925430
2021-02-22,32.9900016784668,33.290000915527344,31.399999618530273,31.510000228881836,30.86866569519043,240820
2021-02-23,32.20000076293945,32.2599983215332,31.010000228881836,31.479999542236328,30.839277267456055,176775
2021-02-24,31.100000381469727,33.0,30.799999237060547,31.889999389648438,31.240930557250977,113175
2021-02-25,32.02000045776367,32.2400016784668,31.020000457763672,31.65999984741211,31.015613555908203,160960
2021-02-26,31.65999984741211,31.790000915527344,30.510000228881836,30.790000915527344,30.163318634033203,144570
2021-03-01,31.399999618530273,32.560001373291016,30.75,31.34000015258789,30.702125549316406,717400
2021-03-02,31.68000030517578,32.27000045776367,31.299999237060547,31.549999237060547,30.907852172851562,155120
2021-03-03,31.399999618530273,32.20000076293945,31.0,31.899999618530273,31.250730514526367,318265
2021-03-04,32.0,33.08000183105469,31.610000610351562,31.93000030517578,31.280118942260742,352100
2021-03-05,32.040000915527344,32.599998474121094,31.239999771118164,31.510000228881836,30.86866569519043,208350
2021-03-08,32.220001220703125,32.38999938964844,31.020000457763672,31.190000534057617,30.555179595947266,175790
2021-03-09,31.780000686645508,32.0,31.299999237060547,31.799999237060547,31.15276527404785,82370
2021-03-10,32.36000061035156,32.36000061035156,31.600000381469727,31.739999771118164,31.093984603881836,63520
2021-03-12,31.8799991607666,31.989999771118164,31.0,31.290000915527344,30.65314292907715,126350
2021-03-15,31.239999771118164,31.65999984741211,25.65999984741211,28.510000228881836,27.929725646972656,284640
2021-03-16,29.40999984741211,31.31999969482422,29.190000534057617,29.950000762939453,29.34041976928711,515905
2021-03-17,30.170000076293945,30.489999771118164,29.200000762939453,29.40999984741211,28.81140899658203,171600
2021-03-18,30.010000228881836,30.5,28.350000381469727,28.6299991607666,28.04728126525879,224890
2021-03-19,28.299999237060547,29.600000381469727,28.0,28.989999771118164,28.39995574951172,130135
2021-03-22,29.100000381469727,30.0,28.149999618530273,29.010000228881836,28.4195499420166,159235
2021-03-23,29.809999465942383,31.0,29.0,30.639999389648438,30.016372680664062,173160
2021-03-24,30.399999618530273,30.68000030517578,29.399999618530273,29.600000381469727,28.997541427612305,146530
2021-03-25,29.690000534057617,30.200000762939453,28.360000610351562,28.6299991607666,28.04728126525879,321925
2021-03-26,28.81999969482422,30.399999618530273,28.81999969482422,30.239999771118164,29.624513626098633,257570
2021-03-30,30.799999237060547,30.799999237060547,29.600000381469727,30.1200008392334,29.5069580078125,71065
2021-03-31,30.559999465942383,30.559999465942383,29.440000534057617,29.639999389648438,29.036725997924805,135225
2021-04-01,31.040000915527344,31.600000381469727,30.510000228881836,31.09000015258789,30.45721435546875,175135
2021-04-05,31.59000015258789,31.600000381469727,30.270000457763672,30.559999465942383,29.93800163269043,61730
2021-04-06,31.399999618530273,31.399999618530273,30.459999084472656,31.200000762939453,30.564977645874023,64210
2021-04-07,31.399999618530273,31.399999618530273,31.0,31.020000457763672,30.388641357421875,119230
2021-04-08,31.09000015258789,32.41999816894531,31.0,31.6200008392334,30.976428985595703,427350
2021-04-09,31.940000534057617,32.75,31.3700008392334,31.8700008392334,31.22134017944336,246480
2021-04-12,31.989999771118164,31.989999771118164,30.010000228881836,30.760000228881836,30.13393211364746,275030
2021-04-13,30.780000686645508,31.0,30.280000686645508,30.860000610351562,30.231895446777344,48925
2021-04-15,30.020000457763672,30.690000534057617,29.700000762939453,30.010000228881836,29.39919662475586,132535
2021-04-16,30.0,30.809999465942383,29.600000381469727,30.059999465942383,29.448177337646484,163675
2021-04-19,30.059999465942383,30.5,24.200000762939453,29.649999618530273,29.04652214050293,171750
2021-04-20,31.799999237060547,31.799999237060547,30.25,30.610000610351562,29.986984252929688,311505
2021-04-22,30.600000381469727,31.389999389648438,30.25,30.920000076293945,30.290674209594727,140895
2021-04-23,30.5,31.940000534057617,30.5,31.3700008392334,30.731515884399414,86805
2021-04-26,31.010000228881836,32.400001525878906,30.90999984741211,32.13999938964844,31.485843658447266,191915
2021-04-27,32.38999938964844,33.47999954223633,31.579999923706055,32.45000076293945,31.789533615112305,454535
2021-04-28,32.689998626708984,32.97999954223633,32.040000915527344,32.4900016784668,31.82872200012207,133350
2021-04-29,32.970001220703125,33.86000061035156,32.11000061035156,32.33000183105469,31.67197608947754,196890
2021-04-30,32.20000076293945,32.779998779296875,31.81999969482422,31.989999771118164,31.338895797729492,130485
2021-05-03,31.790000915527344,35.20000076293945,31.1200008392334,34.33000183105469,33.63127136230469,632315
2021-05-04,35.060001373291016,36.0,34.54999923706055,34.79999923706055,34.09170150756836,484630
2021-05-05,34.83000183105469,37.65999984741211,34.83000183105469,37.220001220703125,36.46245193481445,640100
2021-05-06,37.58000183105469,39.540000915527344,36.47999954223633,38.90999984741211,38.11804962158203,689175
2021-05-07,39.099998474121094,39.099998474121094,38.09000015258789,38.36000061035156,37.57923889160156,292135
2021-05-10,39.38999938964844,40.5,37.619998931884766,39.720001220703125,38.91156768798828,438290
2021-05-11,40.31999969482422,46.79999923706055,39.72999954223633,43.2599983215332,42.37950897216797,7056180
2021-05-12,43.7400016784668,44.16999816894531,40.529998779296875,40.88999938964844,40.0577507019043,658350
2021-05-14,40.88999938964844,43.400001525878906,40.88999938964844,43.13999938964844,42.26195526123047,394860
2021-05-17,44.08000183105469,44.900001525878906,43.20000076293945,44.11000061035156,43.21221160888672,318110
2021-05-18,44.91999816894531,46.400001525878906,42.79999923706055,45.939998626708984,45.00496292114258,1256135
2021-05-19,46.380001068115234,46.79999923706055,43.599998474121094,44.08000183105469,43.18282699584961,529685
2021-05-20,41.86000061035156,42.400001525878906,38.790000915527344,39.34000015258789,38.539302825927734,1408865
2021-05-21,39.9900016784668,40.0,37.0099983215332,37.459999084472656,36.69755935668945,886990
2021-05-24,37.79999923706055,39.20000076293945,37.0,38.0099983215332,37.236366271972656,357290
2021-05-25,39.0,39.91999816894531,38.02000045776367,39.27000045776367,38.47071838378906,432005
2021-05-26,39.7599983215332,41.79999923706055,39.27000045776367,41.290000915527344,40.44961166381836,1509855
2021-05-27,41.79999923706055,42.20000076293945,40.0,40.439998626708984,39.61690902709961,378230
2021-05-28,40.40999984741211,41.040000915527344,38.400001525878906,38.75,37.9613037109375,296465
2021-05-31,39.599998474121094,39.599998474121094,38.79999923706055,39.220001220703125,38.42174530029297,86865
2021-06-01,39.790000915527344,40.0,37.439998626708984,38.18000030517578,37.40290832519531,211135
2021-06-02,38.959999084472656,39.34000015258789,37.9900016784668,39.099998474121094,38.30418395996094,109365
2021-06-03,39.0,39.7400016784668,39.0,39.16999816894531,38.37275695800781,79235
2021-06-04,39.72999954223633,39.779998779296875,38.720001220703125,39.619998931884766,38.8135986328125,180200
2021-06-07,40.9900016784668,43.0,40.5099983215332,41.029998779296875,40.19490051269531,1121815
2021-06-08,41.20000076293945,42.599998474121094,41.189998626708984,41.599998474121094,40.7532958984375,785035
2021-06-09,41.959999084472656,41.959999084472656,39.380001068115234,40.130001068115234,39.3132209777832,632840
2021-06-10,40.97999954223633,42.27000045776367,40.209999084472656,41.4900016784668,40.64554214477539,343645
2021-06-11,41.77000045776367,42.209999084472656,40.439998626708984,40.79999923706055,39.969581604003906,660115
2021-06-14,40.810001373291016,41.599998474121094,40.20000076293945,41.0099983215332,40.17530822753906,357175
2021-06-15,41.400001525878906,41.45000076293945,40.20000076293945,40.52000045776367,39.695281982421875,182160
2021-06-16,40.810001373291016,41.36000061035156,40.20000076293945,40.810001373291016,39.9793815612793,183495
2021-06-17,40.97999954223633,41.939998626708984,40.400001525878906,40.5099983215332,39.68548583984375,302525
2021-06-18,41.0,41.61000061035156,38.88999938964844,40.150001525878906,39.33281326293945,277950
2021-06-21,39.2599983215332,40.0,39.11000061035156,39.369998931884766,38.568687438964844,182705
2021-06-22,40.599998474121094,41.0,38.79999923706055,39.91999816894531,39.10749053955078,209080
2021-06-23,40.459999084472656,40.900001525878906,38.81999969482422,39.4900016784668,38.686248779296875,191760
2021-06-24,40.08000183105469,40.20000076293945,38.58000183105469,38.7400016784668,37.95151138305664,143500
2021-06-25,38.810001373291016,39.29999923706055,38.47999954223633,38.900001525878906,38.10825729370117,155445
2021-06-28,38.900001525878906,39.4900016784668,38.400001525878906,38.560001373291016,37.77517318725586,137625
2021-06-29,38.209999084472656,39.20000076293945,37.290000915527344,38.16999816894531,37.39311218261719,417545
2021-06-30,38.79999923706055,38.79999923706055,36.31999969482422,36.90999984741211,36.158756256103516,724190
2021-07-01,37.290000915527344,37.72999954223633,36.29999923706055,36.91999816894531,36.16855239868164,277215
2021-07-02,37.58000183105469,38.0,36.220001220703125,37.470001220703125,36.70735549926758,215315
2021-07-05,37.5,39.79999923706055,36.20000076293945,39.0099983215332,38.21601486206055,485555
2021-07-06,38.79999923706055,40.0,38.20000076293945,39.0,38.20621871948242,333030
2021-07-07,39.400001525878906,43.0,39.029998779296875,42.54999923706055,41.6839599609375,1906585
2021-07-08,42.61000061035156,42.959999084472656,39.68000030517578,40.83000183105469,39.99897384643555,1335480
2021-07-09,40.2400016784668,41.349998474121094,39.70000076293945,40.529998779296875,39.705078125,397205
2021-07-12,40.939998626708984,41.0,39.20000076293945,39.86000061035156,39.04871368408203,654520
2021-07-13,40.0,43.060001373291016,39.02000045776367,39.869998931884766,39.058509826660156,2699710
2021-07-14,40.20000076293945,41.79999923706055,40.0,41.38999938964844,40.547576904296875,616445
2021-07-15,41.65999984741211,42.70000076293945,41.400001525878906,41.70000076293945,40.85126876831055,576475
2021-07-16,41.97999954223633,43.79999923706055,41.61000061035156,42.310001373291016,41.448848724365234,1384890
2021-07-19,42.20000076293945,42.27000045776367,40.279998779296875,40.63999938964844,39.81283950805664,473415
2021-07-20,40.63999938964844,40.959999084472656,38.93000030517578,39.79999923706055,38.989933013916016,358680
2021-07-22,40.20000076293945,40.58000183105469,39.79999923706055,39.959999084472656,39.14667892456055,149585
2021-07-23,39.810001373291016,41.08000183105469,39.810001373291016,40.119998931884766,39.30342483520508,211300
2021-07-26,40.91999816894531,40.91999816894531,39.0,39.27000045776367,38.47071838378906,292605
2021-07-27,39.060001373291016,40.439998626708984,39.0099983215332,39.400001525878906,38.59808349609375,219590
2021-07-28,39.970001220703125,39.970001220703125,37.88999938964844,39.36000061035156,38.55889129638672,512850
2021-07-29,39.400001525878906,40.0,38.619998931884766,39.2400016784668,38.44133377075195,128260
2021-07-30,39.9900016784668,40.38999938964844,38.380001068115234,38.59000015258789,37.804561614990234,631420
2021-08-02,39.0099983215332,39.720001220703125,39.0099983215332,39.380001068115234,38.5784912109375,179340
2021-08-03,39.68000030517578,39.68000030517578,38.61000061035156,38.7599983215332,37.971099853515625,229075
2021-08-04,39.349998474121094,39.400001525878906,38.560001373291016,38.869998931884766,38.078861236572266,155235
2021-08-05,39.13999938964844,39.9900016784668,37.93000030517578,39.59000015258789,38.784210205078125,347645
2021-08-06,39.970001220703125,40.0,38.599998474121094,38.75,37.9613037109375,128600
2021-08-09,38.880001068115234,39.540000915527344,38.0,38.060001373291016,37.28535079956055,173430
2021-08-10,39.13999938964844,39.13999938964844,36.29999923706055,37.13999938964844,36.38407516479492,265930
2021-08-11,38.5,38.5,35.209999084472656,36.68000030517578,35.933441162109375,291725
2021-08-12,38.0,39.79999923706055,36.599998474121094,37.41999816894531,36.65837860107422,733015
2021-08-13,37.2400016784668,44.900001525878906,37.2400016784668,44.900001525878906,43.98613739013672,3739145
2021-08-16,47.400001525878906,52.849998474121094,47.400001525878906,51.45000076293945,50.40282440185547,9534185
2021-08-17,50.79999923706055,51.97999954223633,48.0,50.029998779296875,49.01171875,2535705
2021-08-18,49.54999923706055,49.97999954223633,46.599998474121094,47.43000030517578,46.464637756347656,794370
2021-08-20,46.97999954223633,51.939998626708984,45.0,47.52000045776367,46.55281066894531,1168420
2021-08-23,48.20000076293945,49.0,45.16999816894531,46.560001373291016,45.61234664916992,440150
2021-08-24,47.79999923706055,55.869998931884766,46.95000076293945,55.560001373291016,54.42917251586914,3783795
2021-08-25,55.900001525878906,61.599998474121094,54.20000076293945,55.619998931884766,54.487945556640625,5997335
2021-08-26,54.63999938964844,58.970001220703125,53.810001373291016,56.97999954223633,55.82026290893555,1557730
2021-08-27,57.220001220703125,59.70000076293945,54.099998474121094,54.88999938964844,53.772804260253906,844410
2021-08-30,56.70000076293945,58.83000183105469,55.470001220703125,56.560001373291016,55.408817291259766,824355
2021-08-31,57.0,58.97999954223633,55.0,55.45000076293945,54.321407318115234,424330
2021-09-01,57.0,58.97999954223633,56.209999084472656,58.43000030517578,57.24075698852539,1276660
2021-09-02,59.70000076293945,70.11000061035156,58.65999984741211,70.11000061035156,68.68302917480469,5716270
2021-09-03,70.80000305175781,72.95999908447266,64.0,64.41999816894531,63.10883331298828,3402320
2021-09-06,65.5999984741211,69.88999938964844,63.29999923706055,64.43000030517578,63.11863708496094,1906370
2021-09-07,64.80000305175781,66.80000305175781,62.630001068115234,65.0199966430664,63.69662094116211,829795
2021-09-08,65.19999694824219,67.4000015258789,64.4000015258789,66.12999725341797,64.7840347290039,475820
2021-09-09,66.0,67.93000030517578,65.29000091552734,66.88999938964844,65.52857208251953,457150
2021-09-13,66.9000015258789,67.30000305175781,65.0,65.30000305175781,63.97092819213867,361305
2021-09-14,65.20999908447266,66.37000274658203,63.900001525878906,64.58000183105469,63.26557540893555,506835
2021-09-15,64.4000015258789,65.69999694824219,63.79999923706055,64.02999877929688,62.726776123046875,208665
2021-09-16,63.0,65.9000015258789,63.0,63.959999084472656,63.15134048461914,216020
2021-09-17,64.58000183105469,64.62000274658203,62.220001220703125,63.209999084472656,62.410823822021484,512420
2021-09-20,63.599998474121094,66.0,62.08000183105469,62.369998931884766,61.58143997192383,343440
2021-09-21,62.220001220703125,63.20000076293945,60.65999984741211,62.91999816894531,62.124488830566406,147120
2021-09-22,64.0,64.80000305175781,63.040000915527344,63.7599983215332,62.95386505126953,112445
2021-09-23,63.0,65.9000015258789,62.970001220703125,64.44000244140625,63.62527084350586,259055
2021-09-24,65.19000244140625,65.38999938964844,62.02000045776367,62.75,61.95663833618164,121485
2021-09-27,62.97999954223633,63.79999923706055,62.11000061035156,62.93000030517578,62.134361267089844,88940
2021-09-28,62.599998474121094,64.38999938964844,62.38999938964844,63.43000030517578,62.6280403137207,179730
2021-09-29,62.599998474121094,63.59000015258789,61.310001373291016,61.88999938964844,61.107513427734375,285310
2021-09-30,61.79999923706055,62.79999923706055,60.79999923706055,61.880001068115234,61.09764099121094,253445
2021-10-01,62.0,68.05999755859375,60.529998779296875,65.9800033569336,65.14579772949219,875825
2021-10-04,66.55999755859375,68.44000244140625,65.9800033569336,67.16000366210938,66.31088256835938,450165
2021-10-05,67.16000366210938,70.0,66.68000030517578,68.31999969482422,67.45621490478516,516575
2021-10-06,68.98999786376953,69.69000244140625,64.2699966430664,65.12999725341797,64.3065414428711,269675
2021-10-07,67.19000244140625,67.80000305175781,65.30000305175781,66.93000030517578,66.08379364013672,159850
2021-10-08,67.58999633789062,68.0,66.19999694824219,67.0,66.15290832519531,118865
2021-10-11,67.0,70.0,67.0,68.22000122070312,67.35748291015625,274565
2021-10-12,68.19000244140625,68.19000244140625,66.23999786376953,67.94999694824219,67.09089660644531,142600
2021-10-13,68.79000091552734,69.19999694824219,66.44000244140625,67.45999908447266,66.60708618164062,165700
2021-10-14,68.38999938964844,68.91999816894531,67.26000213623047,68.12999725341797,67.26861572265625,207225
2021-10-18,69.68000030517578,74.94000244140625,69.58999633789062,74.94000244140625,73.99251556396484,941595
2021-10-19,75.80000305175781,76.38999938964844,69.0,70.16999816894531,69.28282928466797,542405
2021-10-20,70.0,70.0,65.44999694824219,67.27999877929688,66.42936706542969,247460
2021-10-21,67.37000274658203,68.9000015258789,64.58000183105469,66.5,65.65922546386719,244605
2021-10-22,64.5999984741211,69.0,59.849998474121094,63.779998779296875,62.97361373901367,359555
2021-10-25,63.0,67.30000305175781,59.650001525878906,63.2599983215332,62.46018600463867,255970
2021-10-26,64.80000305175781,66.55000305175781,63.099998474121094,64.69999694824219,63.88197708129883,98395
2021-10-27,65.0,68.36000061035156,65.0,67.7300033569336,66.87367248535156,245665
2021-10-28,69.58999633789062,69.58999633789062,65.80999755859375,67.56999969482422,66.7156982421875,141675
2021-10-29,67.98999786376953,67.98999786376953,61.0,67.1500015258789,66.30101013183594,105075
2021-11-01,67.0,68.19000244140625,66.01000213623047,66.72000122070312,65.8764419555664,171505
2021-11-02,66.98999786376953,68.48999786376953,65.9000015258789,67.2699966430664,66.41948699951172,110695
2021-11-03,67.6500015258789,68.58000183105469,65.6500015258789,66.26000213623047,65.42225646972656,97760
2021-11-04,67.5999984741211,67.76000213623047,65.41000366210938,66.3499984741211,65.51111602783203,27030
2021-11-08,67.68000030517578,67.76000213623047,64.19999694824219,65.83999633789062,65.007568359375,95135
2021-11-09,67.5,70.81999969482422,66.4000015258789,69.04000091552734,68.1671142578125,313665
2021-11-10,69.26000213623047,70.80000305175781,66.33000183105469,70.18000030517578,69.2927017211914,309860
2021-11-11,70.86000061035156,76.19999694824219,70.20999908447266,73.22000122070312,72.29426574707031,1140815
2021-11-12,73.9000015258789,73.9000015258789,71.06999969482422,71.51000213623047,70.60588836669922,265225
2021-11-15,71.5,73.0,68.31999969482422,71.06999969482422,70.17144775390625,177500
2021-11-16,71.31999969482422,78.16999816894531,70.30000305175781,78.0,77.01382446289062,1321365
2021-11-17,77.88999938964844,80.19999694824219,76.05999755859375,78.62999725341797,77.63585662841797,967785
2021-11-18,78.62999725341797,82.80000305175781,76.2699966430664,80.6500015258789,79.63032531738281,634840
2021-11-22,81.58000183105469,82.0,73.0,74.45999908447266,73.5185775756836,515645
2021-11-23,74.16999816894531,81.0,72.19999694824219,80.08000183105469,79.0675277709961,524100
2021-11-24,79.0,83.5999984741211,78.5999984741211,80.05000305175781,79.03791046142578,602220
2021-11-25,80.69000244140625,86.9800033569336,78.91000366210938,86.0199966430664,84.93243408203125,918050
2021-11-26,84.0199966430664,85.5999984741211,79.52999877929688,80.97000122070312,79.94628143310547,478700
2021-11-29,82.80000305175781,82.80000305175781,73.76000213623047,80.06999969482422,79.05765533447266,348295
2021-11-30,79.0,87.0,78.12999725341797,79.38999938964844,78.3862533569336,732305
2021-12-01,81.58999633789062,81.95999908447266,77.04000091552734,77.47000122070312,76.49053192138672,217475
2021-12-02,76.44000244140625,79.80000305175781,75.0,77.44999694824219,76.47077178955078,362480
2021-12-03,77.0,80.0,76.0,77.02999877929688,76.05609130859375,360400
2021-12-06,79.94999694824219,79.94999694824219,77.36000061035156,78.1500015258789,77.16192626953125,161455
2021-12-07,78.4000015258789,80.0,78.19999694824219,78.62999725341797,77.63585662841797,124385
2021-12-08,78.0,81.98999786376953,78.0,79.0,78.00118255615234,159925
2021-12-09,79.91999816894531,81.20999908447266,78.16999816894531,79.66999816894531,78.66271209716797,125800
2021-12-10,79.0,85.4000015258789,78.87000274658203,82.69000244140625,81.64453125,414705
2021-12-13,82.5999984741211,84.94999694824219,81.0,81.98999786376953,80.95337677001953,188775
2021-12-14,82.0,84.19999694824219,81.69000244140625,82.44999694824219,81.40756225585938,116160
2021-12-15,81.0,83.0,80.98999786376953,81.2300033569336,80.20299530029297,857990
2021-12-16,83.0,86.6500015258789,80.9000015258789,84.72000122070312,83.64886474609375,302410
2021-12-17,84.95999908447266,85.4000015258789,82.0,83.37000274658203,82.3159408569336,170065
2021-12-20,81.0199966430664,82.19999694824219,75.80999755859375,78.48999786376953,77.49763488769531,344670
2021-12-21,79.58000183105469,81.0,76.23999786376953,78.91000366210938,77.91232299804688,219420
2021-12-22,80.5999984741211,81.5,78.0999984741211,78.51000213623047,77.51737213134766,118585
2021-12-23,79.13999938964844,80.9800033569336,78.08000183105469,80.16000366210938,79.14652252197266,103345
2021-12-24,78.5999984741211,81.0,78.5999984741211,79.98999786376953,78.9786605834961,75085
2021-12-27,79.20999908447266,83.80000305175781,79.20999908447266,80.18000030517578,79.16626739501953,67665
2021-12-28,80.80000305175781,81.19999694824219,79.69999694824219,80.7699966430664,79.7488021850586,60340
2021-12-29,81.54000091552734,81.54000091552734,80.43000030517578,80.61000061035156,79.59083557128906,90645
2021-12-30,81.5999984741211,88.5999984741211,80.0,87.5199966430664,86.41345977783203,744930
2021-12-31,89.0999984741211,91.33999633789062,86.4000015258789,89.69999694824219,88.5658950805664,1467220
2022-01-03,89.73999786376953,91.36000061035156,86.11000061035156,86.77999877929688,85.68281555175781,306760
2022-01-04,87.04000091552734,88.38999938964844,85.16999816894531,87.19999694824219,86.0975112915039,142510
2022-01-05,88.77999877929688,88.80000305175781,85.27999877929688,85.80000305175781,84.7152099609375,160010
2022-01-06,85.9800033569336,87.5999984741211,84.08000183105469,86.8499984741211,85.7519302368164,212175
2022-01-07,87.77999877929688,90.7699966430664,86.01000213623047,88.20999908447266,87.09473419189453,333925
2022-01-10,88.5999984741211,90.20999908447266,87.30999755859375,88.54000091552734,87.42057800292969,227425
2022-01-11,89.0,93.44999694824219,88.0,91.08999633789062,89.93831634521484,538635
2022-01-12,90.62000274658203,93.19999694824219,88.2699966430664,89.01000213623047,87.88462829589844,146375
2022-01-13,90.4000015258789,91.30000305175781,86.41000366210938,87.2699966430664,86.1666259765625,144035
2022-01-14,87.27999877929688,89.08999633789062,83.0,87.41999816894531,86.31472778320312,218335
2022-01-17,87.4000015258789,92.19999694824219,86.25,89.66000366210938,88.52640533447266,250810
2022-01-18,88.0,90.4800033569336,87.5999984741211,88.04000091552734,86.92688751220703,86850
2022-01-19,88.0,90.19999694824219,88.0,89.77999877929688,88.64488983154297,94960
2022-01-20,91.69999694824219,98.48999786376953,91.23999786376953,94.06999969482422,92.88065338134766,913035
2022-01-21,92.20999908447266,93.83999633789062,90.0,91.0199966430664,89.86920928955078,223800
2022-01-24,91.04000091552734,92.5999984741211,82.80000305175781,88.12000274658203,87.00587463378906,654890
2022-01-25,88.0,90.19999694824219,85.0,87.4800033569336,86.37397766113281,130400
2022-01-27,89.5999984741211,92.0,78.73999786376953,85.55000305175781,84.46837615966797,458910
2022-01-28,85.0,88.4000015258789,81.4000015258789,84.30999755859375,83.2440414428711,430470
2022-01-31,83.0,85.80000305175781,82.0199966430664,85.06999969482422,83.99443817138672,285625
2022-02-01,86.4000015258789,87.75,85.18000030517578,86.98999786376953,85.8901596069336,87155
2022-02-02,86.0,87.80000305175781,85.5999984741211,86.2300033569336,85.13977813720703,84945
2022-02-03,88.0,88.54000091552734,83.04000091552734,84.13999938964844,83.0761947631836,96340
2022-02-04,82.87000274658203,85.0,81.38999938964844,83.37000274658203,82.3159408569336,202810
2022-02-07,84.0,87.80000305175781,83.0,83.79000091552734,82.73062896728516,59180
2022-02-08,83.22000122070312,84.98999786376953,80.61000061035156,82.04000091552734,81.00276184082031,81790
2022-02-09,83.97000122070312,83.97000122070312,80.68000030517578,82.77999877929688,81.7333984375,107260
2022-02-10,83.95999908447266,83.9800033569336,78.51000213623047,79.70999908447266,78.70220947265625,97000
2022-02-11,77.41000366210938,81.52999877929688,77.41000366210938,79.08000183105469,78.0801773071289,103370
2022-02-14,75.5999984741211,79.0,74.2300033569336,77.72000122070312,76.73736572265625,354025
2022-02-15,77.5199966430664,79.80000305175781,74.55000305175781,76.61000061035156,75.64141082763672,160065
2022-02-16,77.73999786376953,79.0,76.3499984741211,77.37999725341797,76.40166473388672,55950
2022-02-17,79.0,80.56999969482422,76.44999694824219,77.9000015258789,76.91509246826172,85240
2022-02-18,77.19999694824219,79.77999877929688,76.26000213623047,77.29000091552734,76.31281280517578,66215
2022-02-21,76.94999694824219,77.81999969482422,73.01000213623047,73.37000274658203,72.44237518310547,348445
2022-02-22,71.5999984741211,79.5999984741211,68.11000061035156,70.47000122070312,69.57903289794922,242675
2022-02-23,70.19999694824219,74.19999694824219,70.19999694824219,72.44999694824219,71.53399658203125,115315
2022-02-24,67.04000091552734,74.0,67.04000091552734,69.04000091552734,68.1671142578125,206995
2022-02-25,70.4000015258789,74.0,70.4000015258789,73.13999938964844,72.21527099609375,91260
2022-02-28,70.0199966430664,75.5999984741211,70.0199966430664,72.87999725341797,71.95855712890625,185760
2022-03-02,72.19999694824219,73.80000305175781,72.0,72.58999633789062,71.67222595214844,96050
2022-03-03,73.80000305175781,74.33000183105469,71.04000091552734,72.43000030517578,71.51424407958984,74390
2022-03-04,71.81999969482422,73.0199966430664,70.51000213623047,71.80000305175781,70.8922119140625,77800
2022-03-07,70.0,72.6500015258789,68.30000305175781,69.27999877929688,68.40408325195312,134315
2022-03-08,69.98999786376953,71.3499984741211,67.12999725341797,70.02999877929688,69.14459228515625,83410
2022-03-09,70.80000305175781,72.0,66.6500015258789,67.94999694824219,67.09089660644531,312635
2022-03-10,69.0,69.0,67.01000213623047,67.0999984741211,66.25164031982422,111320
2022-03-11,67.0999984741211,73.62000274658203,67.01000213623047,71.8499984741211,70.94158935546875,176315
2022-03-14,73.80000305175781,74.19999694824219,70.80000305175781,73.06999969482422,72.14616394042969,183735
2022-03-15,73.05000305175781,73.9800033569336,70.01000213623047,70.41000366210938,69.5197982788086,63560
2022-03-16,71.9800033569336,72.33999633789062,70.58999633789062,71.66999816894531,70.76385498046875,123880
2022-03-17,73.18000030517578,76.5,70.94999694824219,72.86000061035156,71.93881225585938,594770
2022-03-21,73.5999984741211,73.79000091552734,71.0,71.86000061035156,70.95146179199219,104775
2022-03-22,72.08999633789062,73.1500015258789,70.22000122070312,71.26000213623047,70.35904693603516,86345
2022-03-23,72.0,72.5999984741211,69.41999816894531,69.94000244140625,69.05574035644531,107920
2022-03-24,70.19999694824219,71.19000244140625,68.19999694824219,70.05000305175781,69.16433715820312,88700
2022-03-25,71.0,72.4000015258789,69.83999633789062,70.70999908447266,69.81598663330078,120080
2022-03-28,70.80000305175781,71.98999786376953,68.0,68.5999984741211,67.73267364501953,109890
2022-03-29,69.9000015258789,69.9000015258789,65.62000274658203,68.5,67.6339340209961,102050
2022-03-30,69.9000015258789,71.19999694824219,68.94999694824219,69.55999755859375,68.68052673339844,80045
2022-03-31,70.08000183105469,71.0,68.0,68.93000030517578,68.05850219726562,52795
2022-04-01,68.04000091552734,73.0,67.55999755859375,69.83999633789062,68.95699310302734,149595
2022-04-04,70.0,71.80000305175781,63.22999954223633,69.51000213623047,68.63117980957031,462190
2022-04-05,70.54000091552734,73.43000030517578,69.56999969482422,71.05999755859375,70.16156768798828,323440
2022-04-06,71.0,73.3499984741211,70.16999816894531,71.30000305175781,70.39855194091797,314410
2022-04-07,71.4000015258789,72.52999877929688,70.0,70.88999938964844,69.99372100830078,172385
2022-04-08,71.98999786376953,76.3499984741211,69.51000213623047,70.8499984741211,69.95423126220703,593145
2022-04-11,70.69000244140625,72.5999984741211,70.19999694824219,70.66000366210938,69.76663208007812,98495
2022-04-12,71.16999816894531,71.55999755859375,69.02999877929688,70.25,69.36180877685547,148010
2022-04-13,71.4000015258789,73.01000213623047,70.86000061035156,71.29000091552734,70.38866424560547,114585
2022-04-18,72.4000015258789,76.36000061035156,69.8499984741211,70.48999786376953,69.59878540039062,932485
2022-04-19,70.48999786376953,71.79000091552734,69.5999984741211,70.72000122070312,69.82587432861328,112730
2022-04-20,71.5999984741211,72.4000015258789,68.41999816894531,69.29000091552734,68.41394805908203,103340
2022-04-21,69.69999694824219,70.4000015258789,66.5999984741211,67.8499984741211,66.99215698242188,357090
2022-04-22,67.80000305175781,69.80000305175781,65.0199966430664,68.70999908447266,67.84127807617188,155060
2022-04-25,67.80000305175781,69.68000030517578,66.66999816894531,66.98999786376953,66.14302825927734,107595
2022-04-26,68.19999694824219,69.63999938964844,66.77999877929688,67.62000274658203,66.76506042480469,242680
2022-04-27,67.0,69.30000305175781,67.0,68.62999725341797,67.76229095458984,158235
2022-04-28,69.0,73.2300033569336,69.0,70.7699966430664,69.87523651123047,976810
2022-04-29,71.19999694824219,73.02999877929688,69.0199966430664,69.62000274658203,68.73977661132812,246210
2022-05-02,69.0,70.01000213623047,67.22000122070312,68.95999908447266,68.08812713623047,135205
2022-05-04,71.48999786376953,71.48999786376953,68.0,68.94999694824219,68.07823944091797,307015
2022-05-05,69.04000091552734,70.38999938964844,68.70999908447266,69.5199966430664,68.64104461669922,75715
2022-05-06,69.5199966430664,71.0,67.02999877929688,68.9800033569336,68.10787200927734,116605
2022-05-09,68.0,75.5999984741211,67.22000122070312,70.86000061035156,69.96409606933594,124020
2022-05-10,70.22000122070312,75.19999694824219,67.55999755859375,69.77999877929688,68.89775848388672,1733630
2022-05-11,70.80000305175781,76.75,70.80000305175781,76.4800033569336,75.51304626464844,2929320
2022-05-12,74.80000305175781,79.5199966430664,73.47000122070312,76.8499984741211,75.87836456298828,2005710
2022-05-13,78.4000015258789,83.93000030517578,77.04000091552734,82.58999633789062,81.54579162597656,1740520
2022-05-16,83.73999786376953,90.75,83.19999694824219,89.81999969482422,88.68438720703125,1447215
2022-05-17,89.81999969482422,89.81999969482422,85.80000305175781,86.38999938964844,85.29776000976562,540985
2022-05-18,87.0,90.69999694824219,86.63999938964844,88.01000213623047,86.89727783203125,771755
2022-05-19,85.0,89.68000030517578,84.5999984741211,89.0,87.87474822998047,303270
2022-05-20,90.0,92.0,88.23999786376953,89.30999755859375,88.18083190917969,312290
2022-05-23,87.62000274658203,90.63999938964844,87.62000274658203,90.1500015258789,89.01020812988281,194465
2022-05-24,90.88999938964844,93.0,89.05999755859375,90.12999725341797,88.99046325683594,385560
2022-05-25,90.37999725341797,91.41000366210938,85.62999725341797,85.62999725341797,84.54736328125,178000
2022-05-26,81.83999633789062,85.4000015258789,81.3499984741211,84.12999725341797,83.06632232666016,270800
2022-05-27,87.0,87.98999786376953,85.4000015258789,87.30999755859375,86.20611572265625,105305
2022-05-30,90.0,90.0,84.66000366210938,87.66000366210938,86.55170440673828,189195
2022-05-31,88.0,92.04000091552734,88.0,91.47000122070312,90.31352233886719,653255
2022-06-01,91.94000244140625,96.04000091552734,91.87000274658203,96.02999877929688,94.81587219238281,496000
2022-06-02,98.5,100.80000305175781,98.05000305175781,100.08999633789062,98.82453155517578,877890
2022-06-03,100.80000305175781,103.7300033569336,95.08999633789062,95.08999633789062,93.88774871826172,668090
2022-06-06,94.69000244140625,94.69000244140625,90.33999633789062,90.3499984741211,89.20769500732422,301670
2022-06-07,87.19999694824219,91.87999725341797,86.22000122070312,89.22000122070312,88.09197998046875,310355
2022-06-08,91.08000183105469,93.68000030517578,84.76000213623047,91.0,89.8494644165039,574220
2022-06-09,89.30000305175781,93.76000213623047,89.30000305175781,91.75,90.58998107910156,222525
2022-06-10,91.5,92.80000305175781,89.22000122070312,90.26000213623047,89.11882781982422,245780
2022-06-13,88.19999694824219,88.98999786376953,85.80000305175781,86.37000274658203,85.27801513671875,278800
2022-06-14,86.19999694824219,88.19000244140625,84.22000122070312,86.98999786376953,85.8901596069336,110865
2022-06-15,85.80000305175781,91.19000244140625,85.80000305175781,88.69000244140625,87.56867980957031,188195
2022-06-16,91.5999984741211,91.5999984741211,84.26000213623047,84.26000213623047,83.19468688964844,145530
2022-06-17,85.41999816894531,86.52999877929688,80.91000366210938,84.4000015258789,83.3329086303711,259805
2022-06-20,84.0,88.62000274658203,80.18000030517578,81.95999908447266,80.92375946044922,385740
2022-06-21,85.5999984741211,85.76000213623047,82.41999816894531,85.22000122070312,84.14253997802734,76480
2022-06-22,85.38999938964844,85.4000015258789,82.05000305175781,83.05000305175781,81.99998474121094,82150
2022-06-23,84.80000305175781,86.95999908447266,83.81999969482422,86.79000091552734,85.69268798828125,97370
2022-06-24,86.83999633789062,91.12000274658203,86.83999633789062,91.12000274658203,89.96794891357422,195450
2022-06-27,92.98999786376953,95.66999816894531,91.31999969482422,95.5199966430664,94.31231689453125,351250
2022-06-28,95.88999938964844,97.4000015258789,92.30000305175781,96.08000183105469,94.86524200439453,237800
2022-06-29,96.0,98.19999694824219,91.41999816894531,92.20999908447266,91.04415893554688,212255
2022-06-30,91.0,94.9800033569336,88.44000244140625,93.33000183105469,92.15000915527344,147010
2022-07-01,93.4000015258789,94.9800033569336,90.9000015258789,91.37999725341797,90.22466278076172,76670
2022-07-04,91.0,95.94000244140625,90.41999816894531,95.7300033569336,94.51966857910156,176870
2022-07-05,96.30000305175781,98.19000244140625,92.0199966430664,92.66999816894531,91.49835205078125,208330
2022-07-06,94.79000091552734,94.80000305175781,91.0199966430664,94.05999755859375,92.87078094482422,95750
2022-07-07,96.12000274658203,98.76000213623047,95.33000183105469,98.76000213623047,97.5113525390625,425160
2022-07-08,102.55999755859375,103.69000244140625,99.0,100.31999969482422,99.0516357421875,613950
2022-07-11,100.31999969482422,105.33000183105469,99.0199966430664,102.88999938964844,101.58914184570312,603030
2022-07-12,102.5,103.48999786376953,99.19999694824219,100.31999969482422,99.0516357421875,218375
2022-07-13,101.0,105.22000122070312,99.19999694824219,103.77999877929688,102.46788024902344,449680
2022-07-14,105.19999694824219,108.95999908447266,100.76000213623047,102.06999969482422,100.77951049804688,723015
2022-07-15,103.0,103.95999908447266,100.0,101.0999984741211,99.82176971435547,224580
2022-07-18,102.0,106.1500015258789,101.98999786376953,106.1500015258789,104.80792236328125,244120
2022-07-19,107.95999908447266,111.44999694824219,106.80999755859375,111.44999694824219,110.04090881347656,367610
2022-07-20,116.9800033569336,116.9800033569336,112.01000213623047,115.43000030517578,113.97059631347656,521460
2022-07-21,116.4000015258789,117.7699966430664,112.30000305175781,113.51000213623047,112.07487487792969,312420
2022-07-22,114.0,117.1500015258789,112.41999816894531,114.33999633789062,112.89437103271484,399960
2022-07-25,114.08000183105469,114.08000183105469,111.02999877929688,111.68000030517578,110.26800537109375,182825
2022-07-26,110.4000015258789,112.4000015258789,106.0999984741211,106.31999969482422,104.97576904296875,253445
2022-07-27,106.55999755859375,106.55999755859375,104.22000122070312,104.94999694824219,103.62310028076172,166375
2022-07-28,105.4000015258789,110.19000244140625,105.4000015258789,110.19000244140625,108.79684448242188,309510
2022-07-29,111.0,115.69000244140625,110.66999816894531,113.4000015258789,111.96625518798828,619150
2022-08-01,115.38999938964844,115.5999984741211,112.0,112.75,111.32447052001953,198480
2022-08-02,112.0,115.0,111.4800033569336,113.87999725341797,112.44017791748047,161445
2022-08-03,112.0,119.56999969482422,112.0,116.86000061035156,115.38252258300781,488975
2022-08-04,117.93000030517578,122.0,112.0,116.16999816894531,114.70124053955078,691050
2022-08-05,117.4000015258789,121.47000122070312,116.01000213623047,117.87000274658203,116.3797378540039,582820
2022-08-08,117.80000305175781,118.4000015258789,114.41000366210938,114.91999816894531,113.467041015625,229205
2022-08-10,118.76000213623047,127.5999984741211,116.0,124.27999877929688,122.70869445800781,1763580
2022-08-11,125.9800033569336,126.94000244140625,116.41999816894531,118.08999633789062,116.59695434570312,821025
2022-08-12,116.0,120.55999755859375,113.47000122070312,115.16999816894531,113.71387481689453,713010
2022-08-16,115.9800033569336,118.31999969482422,114.19999694824219,114.75,113.29920196533203,280230
2022-08-17,115.19999694824219,116.95999908447266,110.80000305175781,112.43000030517578,111.00851440429688,238115
2022-08-18,111.37999725341797,111.87999725341797,104.69999694824219,105.72000122070312,104.38335418701172,575410
2022-08-19,107.0,108.37999725341797,102.11000061035156,103.81999969482422,102.50738525390625,420250
2022-08-22,104.0,110.9000015258789,102.80000305175781,110.27999877929688,108.88569641113281,714510
2022-08-23,111.0,115.5199966430664,111.0,113.43000030517578,111.99588012695312,710135
2022-08-24,114.43000030517578,116.95999908447266,113.77999877929688,116.30999755859375,114.83946228027344,849605
2022-08-25,118.01000213623047,119.4000015258789,116.0,116.83000183105469,115.35289764404297,302695
2022-08-26,117.73999786376953,120.26000213623047,113.19999694824219,114.04000091552734,112.5981674194336,414950
2022-08-29,112.0,119.4000015258789,109.5999984741211,114.83999633789062,113.38804626464844,527980
2022-08-30,118.0,125.5999984741211,116.47000122070312,117.68000030517578,116.19214630126953,2710165
2022-09-01,117.5999984741211,121.58000183105469,117.19999694824219,118.91000366210938,117.4065933227539,696540
2022-09-02,119.91999816894531,121.38999938964844,118.83000183105469,119.2699966430664,117.76203155517578,262450
2022-09-05,120.0,121.88999938964844,119.44999694824219,120.11000061035156,118.59142303466797,333490
2022-09-06,120.9000015258789,120.9000015258789,117.36000061035156,118.9000015258789,117.39672088623047,261775
2022-09-07,118.0,119.79000091552734,117.44000244140625,118.33000183105469,116.83393096923828,233750
2022-09-08,119.79000091552734,123.5,119.01000213623047,122.30999755859375,120.76361083984375,509060
2022-09-09,123.4000015258789,134.55999755859375,122.3499984741211,132.4199981689453,130.74578857421875,3385575
2022-09-12,134.0,136.9600067138672,132.8000030517578,133.4499969482422,131.76275634765625,922890
2022-09-13,135.4600067138672,136.77999877929688,130.24000549316406,135.13999938964844,133.431396484375,594635
2022-09-14,131.44000244140625,134.63999938964844,131.44000244140625,133.57000732421875,131.88125610351562,474080
2022-09-15,134.38999938964844,136.0,128.64999389648438,130.9199981689453,129.26475524902344,300735
2022-09-16,129.63999938964844,132.3800048828125,128.24000549316406,130.0800018310547,128.4353790283203,342110
2022-09-19,130.1999969482422,134.38999938964844,126.68000030517578,127.62999725341797,126.69815063476562,275465
2022-09-20,128.38999938964844,132.0,128.38999938964844,130.33999633789062,129.38833618164062,282435
2022-09-21,131.5500030517578,133.19000244140625,113.4000015258789,129.88999938964844,128.94163513183594,760225
2022-09-22,129.8000030517578,130.0,120.79000091552734,123.05000305175781,122.1515884399414,853995
2022-09-23,122.80000305175781,122.80000305175781,113.83999633789062,116.18000030517578,115.33174133300781,1349090
2022-09-26,113.05000305175781,120.54000091552734,111.22000122070312,115.0,114.16035461425781,707860
2022-09-27,115.19999694824219,118.9000015258789,113.62999725341797,117.41000366210938,116.55277252197266,2037320
2022-09-28,115.9800033569336,118.98999786376953,112.66000366210938,117.97000122070312,117.10867309570312,347360
2022-09-29,119.5999984741211,120.97000122070312,117.22000122070312,119.86000061035156,118.98487091064453,216420
2022-09-30,120.16000366210938,123.19999694824219,118.23999786376953,122.1500015258789,121.2581558227539,253645
2022-10-03,122.19999694824219,124.25,116.56999969482422,118.12000274658203,117.25758361816406,238345
2022-10-04,120.80000305175781,123.11000061035156,120.55000305175781,122.29000091552734,121.39713287353516,177685
2022-10-06,122.19999694824219,125.19999694824219,114.95999908447266,120.98999786376953,120.10662078857422,168820
2022-10-07,121.0199966430664,126.86000061035156,121.0199966430664,125.22000122070312,124.30574035644531,211430
2022-10-10,125.02999877929688,125.79000091552734,119.4000015258789,120.23999786376953,119.36209106445312,334385
2022-10-11,120.19999694824219,125.69999694824219,119.76000213623047,124.56999969482422,123.66048431396484,354920
2022-10-12,125.81999969482422,128.44000244140625,121.5999984741211,124.2300033569336,123.32296752929688,561165
2022-10-13,125.0,127.36000061035156,122.0,123.5999984741211,122.69756317138672,271535
2022-10-14,125.0,126.4000015258789,123.26000213623047,124.0999984741211,123.19391632080078,216440
2022-10-17,124.44999694824219,126.0,117.19999694824219,118.87000274658203,118.0020980834961,548760
2022-10-18,119.80000305175781,122.4000015258789,119.0,120.55000305175781,119.66983795166016,189990
2022-10-19,120.55000305175781,122.95999908447266,120.4000015258789,122.51000213623047,121.61552429199219,206725
2022-10-20,122.5999984741211,124.58999633789062,121.47000122070312,124.11000061035156,123.20384979248047,212875
2022-10-21,125.38999938964844,125.79000091552734,119.70999908447266,121.01000213623047,120.12648010253906,247870
2022-10-24,121.01000213623047,125.0,119.62999725341797,120.43000030517578,119.55071258544922,124985
2022-10-25,120.4000015258789,124.19000244140625,120.37999725341797,122.13999938964844,121.24822998046875,180245
2022-10-27,122.11000061035156,126.0,122.0,125.02999877929688,124.11712646484375,330440
2022-10-28,125.19999694824219,127.45999908447266,121.30000305175781,122.08999633789062,121.19859313964844,301935
2022-10-31,122.5999984741211,126.4000015258789,110.6500015258789,124.0999984741211,123.19391632080078,456763
2022-11-01,125.0,126.9000015258789,122.0999984741211,125.0,124.08734893798828,197132
2022-11-02,123.5,123.94999694824219,117.5999984741211,119.19999694824219,118.32969665527344,157395
2022-11-03,118.0,122.0999984741211,115.5,121.6500015258789,120.76180267333984,153088
2022-11-04,121.94999694824219,121.94999694824219,118.75,119.1500015258789,118.28005981445312,102550
2022-11-07,116.0,118.0,110.19999694824219,111.0,110.18956756591797,377622
2022-11-09,111.5999984741211,114.0,101.75,104.05000305175781,103.2903060913086,785411
2022-11-10,105.0,112.55000305175781,103.0,106.5999984741211,105.82169342041016,1110430
2022-11-11,107.5,110.55000305175781,104.4000015258789,107.69999694824219,106.91365814208984,359905
2022-11-14,108.80000305175781,109.94999694824219,102.80000305175781,103.80000305175781,103.0421371459961,350216
2022-11-15,104.0,106.0999984741211,100.94999694824219,104.94999694824219,104.18373107910156,372256
2022-11-16,104.69999694824219,106.94999694824219,99.5999984741211,101.0,100.2625732421875,380470
2022-11-17,100.05000305175781,104.1500015258789,98.5,100.05000305175781,99.31951904296875,615897
2022-11-18,99.3499984741211,102.75,99.0999984741211,99.80000305175781,99.07134246826172,179708
2022-11-21,99.05000305175781,104.69999694824219,98.0,98.3499984741211,97.63191986083984,100844
2022-11-22,98.4000015258789,99.5999984741211,95.8499984741211,97.44999694824219,96.73848724365234,129817
2022-11-23,97.5,107.0,97.5,105.0,104.2333755493164,586463
2022-11-24,105.0,113.0,104.5999984741211,110.94999694824219,110.13992309570312,994387
2022-11-25,112.44999694824219,117.80000305175781,111.6500015258789,115.8499984741211,115.004150390625,978828
2022-11-28,108.3499984741211,112.0,102.80000305175781,110.9000015258789,110.09029388427734,2220224
2022-11-29,110.0,111.9000015258789,105.5999984741211,109.0,108.20416259765625,557937
2022-11-30,109.0,111.6500015258789,108.5,110.19999694824219,109.39540100097656,343178
2022-12-01,110.19999694824219,115.0,109.0,113.8499984741211,113.01876068115234,530459
2022-12-02,114.80000305175781,125.5,114.05000305175781,116.5,115.64940643310547,1027330
2022-12-05,118.25,127.80000305175781,117.0999984741211,124.6500015258789,123.73989868164062,1216677
2022-12-06,124.44999694824219,130.8000030517578,123.25,129.5500030517578,128.6041259765625,836221
2022-12-07,129.89999389648438,132.0,124.25,125.55000305175781,124.63333129882812,791290
2022-12-08,125.6500015258789,127.80000305175781,122.55000305175781,124.05000305175781,123.144287109375,302367
2022-12-09,124.05000305175781,132.1999969482422,122.55000305175781,124.3499984741211,123.44208526611328,616688
2022-12-12,124.3499984741211,127.19999694824219,120.44999694824219,121.25,120.36473083496094,404739
2022-12-13,121.69999694824219,131.0,121.69999694824219,128.3000030517578,127.3632583618164,758157
2022-12-14,128.75,133.25,128.39999389648438,129.5,128.55450439453125,553496
2022-12-15,130.39999389648438,130.60000610351562,126.8499984741211,127.80000305175781,126.86690521240234,320348
2022-12-16,126.94999694824219,128.60000610351562,122.8499984741211,124.05000305175781,123.144287109375,295469
2022-12-19,124.05000305175781,129.9499969482422,122.80000305175781,125.75,124.83186340332031,367767
2022-12-20,126.0999984741211,132.4499969482422,125.55000305175781,127.75,126.81727600097656,457552
2022-12-21,128.4499969482422,130.5,116.3499984741211,122.8499984741211,121.95304107666016,371708
2022-12-22,124.5999984741211,126.55000305175781,108.5999984741211,117.8499984741211,116.98954772949219,673928
2022-12-23,116.05000305175781,117.05000305175781,110.0999984741211,114.69999694824219,113.862548828125,417988
2022-12-26,116.3499984741211,122.8499984741211,114.19999694824219,119.5999984741211,118.72676849365234,163043
2022-12-27,121.9000015258789,125.25,120.19999694824219,121.0,120.1165542602539,184665
2022-12-28,121.0,122.25,118.55000305175781,119.1500015258789,118.28005981445312,165742
2022-12-29,119.9000015258789,121.30000305175781,117.0,117.80000305175781,116.9399185180664,111557
2022-12-30,119.3499984741211,121.80000305175781,118.0999984741211,118.5999984741211,117.73406982421875,107715
2023-01-02,119.0,129.25,118.75,127.30000305175781,126.37055969238281,497589
2023-01-03,128.4499969482422,143.8000030517578,127.55000305175781,141.14999389648438,140.1194305419922,3206214
2023-01-04,141.89999389648438,147.6999969482422,138.60000610351562,143.35000610351562,142.30337524414062,2103692
2023-01-05,142.60000610351562,147.9499969482422,139.8000030517578,146.0500030517578,144.98365783691406,1165964
2023-01-06,146.89999389648438,149.25,141.5500030517578,148.14999389648438,147.06832885742188,948505
2023-01-09,149.39999389648438,149.4499969482422,141.1999969482422,141.9499969482422,140.91358947753906,464778
2023-01-10,142.6999969482422,144.25,130.0,136.3000030517578,135.3048553466797,1027992
2023-01-11,137.85000610351562,139.5,134.75,137.8000030517578,136.79388427734375,398243
2023-01-12,138.8000030517578,139.6999969482422,132.5500030517578,134.5,133.5179901123047,283927
2023-01-13,134.89999389648438,136.35000610351562,130.3000030517578,132.10000610351562,131.13551330566406,409325
2023-01-16,132.3000030517578,138.4499969482422,132.3000030517578,136.75,135.75155639648438,386336
2023-01-17,138.9499969482422,139.0,134.89999389648438,135.6999969482422,134.70921325683594,189116
2023-01-18,135.1999969482422,137.39999389648438,135.0,135.5500030517578,134.56033325195312,108465
2023-01-19,134.10000610351562,136.35000610351562,132.0,133.0500030517578,132.07858276367188,153986
2023-01-20,136.0,142.10000610351562,134.10000610351562,135.60000610351562,134.60995483398438,539834
2023-01-23,136.6999969482422,138.9499969482422,132.85000610351562,134.75,133.7661590576172,545530
2023-01-24,134.0,135.89999389648438,132.25,134.4499969482422,133.46835327148438,234716
2023-01-25,134.4499969482422,136.1999969482422,130.10000610351562,132.0500030517578,131.08587646484375,305749
2023-01-27,131.64999389648438,133.14999389648438,125.05000305175781,131.10000610351562,130.14280700683594,464731
2023-01-30,130.89999389648438,133.5,127.6500015258789,130.14999389648438,129.1997528076172,377212
2023-01-31,128.3000030517578,133.3000030517578,128.3000030517578,131.4499969482422,130.49024963378906,181638
2023-02-01,130.85000610351562,136.0,123.69999694824219,126.8499984741211,125.92383575439453,459590
2023-02-02,126.94999694824219,130.5500030517578,125.4000015258789,127.94999694824219,127.01580810546875,520217
2023-02-03,128.1999969482422,130.10000610351562,125.5,128.14999389648438,127.21434783935547,199430
2023-02-06,129.14999389648438,134.5,125.0999984741211,127.05000305175781,126.12239074707031,396805
2023-02-07,127.1500015258789,128.35000610351562,121.25,125.4000015258789,124.48442077636719,497400
2023-02-08,126.6500015258789,138.0,122.30000305175781,124.9000015258789,123.98807525634766,1469847
2023-02-09,126.1500015258789,132.4499969482422,124.25,127.25,126.3209228515625,488582
2023-02-10,127.8499984741211,129.39999389648438,123.55000305175781,128.5500030517578,127.6114273071289,470700
2023-02-13,129.6999969482422,135.9499969482422,126.55000305175781,129.5500030517578,128.6041259765625,748259
2023-02-14,130.8000030517578,131.9499969482422,128.4499969482422,130.6999969482422,129.7457275390625,248727
2023-02-15,129.75,131.85000610351562,129.10000610351562,130.60000610351562,129.64646911621094,265159
2023-02-16,131.8000030517578,137.39999389648438,131.0,133.0,132.02894592285156,518401
2023-02-17,132.5500030517578,140.89999389648438,132.0,138.14999389648438,137.14132690429688,807495
2023-02-20,138.8000030517578,140.0,136.0,136.60000610351562,136.09523010253906,337610
2023-02-21,137.5,139.9499969482422,132.4499969482422,134.0,133.50482177734375,343485
2023-02-22,133.5,134.75,130.5,131.89999389648438,131.41256713867188,224905
2023-02-23,131.75,136.0,130.39999389648438,132.6999969482422,132.20962524414062,299582
2023-02-24,132.6999969482422,142.0,132.6999969482422,140.75,140.22988891601562,770341
2023-02-27,143.5500030517578,147.35000610351562,142.10000610351562,144.60000610351562,144.06565856933594,1228991
2023-02-28,147.0,147.0500030517578,138.10000610351562,140.0,139.48265075683594,484795
2023-03-01,139.89999389648438,147.10000610351562,139.8000030517578,145.64999389648438,145.11175537109375,780553
2023-03-02,146.3000030517578,147.9499969482422,141.85000610351562,143.0,142.4715576171875,292983
2023-03-03,144.0,155.0,144.0,154.5,153.9290771484375,2445024
2023-03-06,156.0,156.3000030517578,150.0500030517578,152.5,151.93646240234375,949523
2023-03-08,152.0,166.60000610351562,150.8000030517578,164.75,164.1411895751953,2037310
2023-03-09,165.0,167.3000030517578,155.5,158.5,157.91427612304688,1191715
2023-03-10,154.5,166.5500030517578,154.5,162.8000030517578,162.1984100341797,1542713
2023-03-13,162.9499969482422,163.6999969482422,148.0500030517578,149.35000610351562,148.798095703125,958078
2023-03-14,148.60000610351562,150.0,138.64999389648438,142.60000610351562,142.0730438232422,1219660
2023-03-15,143.89999389648438,146.89999389648438,140.8000030517578,142.0,141.4752655029297,541325
2023-03-16,142.0,150.0,137.25,148.89999389648438,148.34974670410156,917642
2023-03-17,150.39999389648438,152.4499969482422,147.1999969482422,150.8000030517578,150.2427520751953,834866
2023-03-20,149.0,150.89999389648438,144.5500030517578,148.5500030517578,148.0010528564453,452508
2023-03-21,149.85000610351562,158.0,148.9499969482422,156.85000610351562,156.2703857421875,847453
2023-03-22,158.0,167.0,157.25,164.6999969482422,164.09136962890625,1252115
2023-03-23,162.5500030517578,172.0,159.39999389648438,170.0500030517578,169.42160034179688,1396131
2023-03-24,172.60000610351562,174.85000610351562,166.5,169.5500030517578,168.9234619140625,1350878
2023-03-27,169.25,169.3000030517578,159.25,163.0500030517578,162.4474639892578,588839
2023-03-28,163.60000610351562,165.8000030517578,154.14999389648438,155.75,155.17445373535156,642064
2023-03-29,156.89999389648438,160.35000610351562,155.0,156.6999969482422,156.12094116210938,431342
2023-03-31,158.6999969482422,161.5,157.10000610351562,158.8000030517578,158.2131805419922,461702
2023-04-03,159.0,160.8000030517578,156.64999389648438,157.6999969482422,157.1172332763672,264743
2023-04-05,160.0,164.0,156.14999389648438,157.39999389648438,156.81834411621094,331674
2023-04-06,157.9499969482422,160.6999969482422,157.14999389648438,158.0500030517578,157.4659423828125,293701
2023-04-10,158.89999389648438,160.85000610351562,156.64999389648438,157.8000030517578,157.21688842773438,236008
2023-04-11,158.8000030517578,160.0,155.60000610351562,156.89999389648438,156.32020568847656,207349
2023-04-12,157.8000030517578,163.9499969482422,155.5,158.10000610351562,157.51576232910156,406504
2023-04-13,158.85000610351562,160.39999389648438,156.39999389648438,158.25,157.6652069091797,178573
2023-04-17,158.0500030517578,160.0,155.85000610351562,157.89999389648438,157.31649780273438,346253
2023-04-18,158.5,161.1999969482422,155.89999389648438,156.35000610351562,155.77223205566406,171567
2023-04-19,156.9499969482422,158.64999389648438,156.35000610351562,157.25,156.6688995361328,143810
2023-04-20,158.39999389648438,160.60000610351562,157.0,157.4499969482422,156.8681640625,587437
2023-04-21,158.25,160.5,156.4499969482422,157.39999389648438,156.81834411621094,166743
2023-04-24,158.89999389648438,168.4499969482422,157.5500030517578,166.5500030517578,165.93453979492188,1692036
2023-04-25,167.9499969482422,170.0,162.89999389648438,168.64999389648438,168.0267791748047,576216
2023-04-26,168.64999389648438,171.0,165.0,167.89999389648438,167.279541015625,593062
2023-04-27,168.10000610351562,171.0,166.9499969482422,169.4499969482422,168.82382202148438,565986
2023-04-28,170.6999969482422,177.0,170.0,174.4499969482422,173.8053436279297,804574
2023-05-02,175.89999389648438,181.4499969482422,174.0500030517578,180.35000610351562,179.6835479736328,744978
2023-05-03,180.5,181.5,167.0500030517578,171.0500030517578,170.4179229736328,748647
2023-05-04,172.35000610351562,179.14999389648438,171.5500030517578,178.0,177.34222412109375,511147
2023-05-05,176.8000030517578,185.6999969482422,171.60000610351562,180.0500030517578,179.38465881347656,714121
2023-05-08,180.39999389648438,181.4499969482422,173.35000610351562,175.1999969482422,174.55258178710938,426699
2023-05-09,176.39999389648438,186.0,172.9499969482422,181.35000610351562,180.6798553466797,1862876
2023-05-10,180.39999389648438,181.9499969482422,176.0,177.64999389648438,176.99351501464844,554933
2023-05-11,178.8000030517578,195.0,178.10000610351562,193.75,193.03402709960938,2697092
2023-05-12,193.39999389648438,207.5,191.8000030517578,201.10000610351562,200.35687255859375,2281676
2023-05-15,201.89999389648438,206.0500030517578,192.60000610351562,194.60000610351562,193.88088989257812,916013
2023-05-16,195.5500030517578,201.8000030517578,191.5,192.60000610351562,191.88827514648438,592330
2023-05-17,193.8000030517578,197.0,189.35000610351562,193.60000610351562,192.88458251953125,439452
2023-05-18,195.5,199.8000030517578,193.0,193.89999389648438,193.1834716796875,531173
2023-05-19,194.89999389648438,197.0,188.5,195.4499969482422,194.7277374267578,434508
2023-05-22,196.8000030517578,203.9499969482422,193.39999389648438,200.0,199.26092529296875,619817
2023-05-23,200.0,208.75,198.1999969482422,199.60000610351562,198.86241149902344,744380
2023-05-24,200.3000030517578,205.89999389648438,199.39999389648438,204.35000610351562,203.59486389160156,413968
2023-05-25,204.75,209.6999969482422,202.5500030517578,207.39999389648438,206.63357543945312,602303
2023-05-26,208.1999969482422,209.39999389648438,201.39999389648438,202.6999969482422,201.95095825195312,248368
2023-05-29,204.0,204.5,198.0,200.4499969482422,199.70925903320312,331145
2023-05-30,200.10000610351562,200.4499969482422,192.39999389648438,193.75,193.03402709960938,449378
2023-05-31,194.39999389648438,208.39999389648438,193.89999389648438,207.0,206.2350616455078,842885
2023-06-01,207.9499969482422,218.89999389648438,206.0500030517578,216.25,215.4508819580078,1101464
2023-06-02,215.0500030517578,223.5,215.0500030517578,222.5,221.6777801513672,731115
2023-06-05,224.3000030517578,232.85000610351562,222.8000030517578,227.64999389648438,226.80874633789062,861286
2023-06-06,229.60000610351562,229.6999969482422,220.64999389648438,222.4499969482422,221.62796020507812,326835
2023-06-07,223.89999389648438,225.25,220.25,223.64999389648438,222.8235321044922,280745
2023-06-08,229.1999969482422,232.6999969482422,220.5,227.35000610351562,226.50987243652344,458773
2023-06-09,229.0,230.0,215.1999969482422,217.60000610351562,216.7958984375,366575
2023-06-12,219.35000610351562,223.5500030517578,216.25,217.39999389648438,216.59661865234375,322022
2023-06-13,218.8000030517578,223.0,215.1999969482422,217.5,216.69625854492188,418278
2023-06-14,218.8000030517578,223.35000610351562,216.5,217.64999389648438,216.845703125,312739
2023-06-15,218.60000610351562,221.0500030517578,216.0,216.75,215.94903564453125,257062
2023-06-16,217.4499969482422,219.5500030517578,212.0,213.85000610351562,213.0597686767578,320359
2023-06-19,215.35000610351562,221.75,215.3000030517578,216.64999389648438,215.84939575195312,458836
2023-06-20,217.39999389648438,218.4499969482422,213.60000610351562,214.4499969482422,213.65753173828125,371160
2023-06-21,215.85000610351562,216.75,207.10000610351562,210.10000610351562,209.32362365722656,568637
2023-06-22,210.10000610351562,218.5500030517578,210.10000610351562,217.5500030517578,216.74607849121094,763413
2023-06-23,218.60000610351562,240.5,217.4499969482422,232.9499969482422,232.08917236328125,2828227
2023-06-26,232.89999389648438,232.89999389648438,213.85000610351562,220.75,219.9342498779297,1153269
2023-06-27,224.4499969482422,230.0,220.10000610351562,225.9499969482422,225.1150360107422,1043228
2023-06-28,228.0,228.1999969482422,221.0,223.1999969482422,222.3751983642578,540788
2023-06-30,224.0,249.39999389648438,224.0,247.10000610351562,246.1868896484375,7493630
2023-07-03,247.8000030517578,247.8000030517578,238.10000610351562,241.8000030517578,240.90646362304688,1554590
2023-07-04,243.39999389648438,243.8000030517578,237.75,241.4499969482422,240.55775451660156,979667
2023-07-05,241.9499969482422,242.4499969482422,235.0,236.35000610351562,235.4766082763672,1057961
2023-07-06,236.35000610351562,242.6999969482422,234.5,235.4499969482422,234.57994079589844,936364
2023-07-07,235.0500030517578,237.60000610351562,232.0,235.89999389648438,235.02825927734375,716980
2023-07-10,236.85000610351562,241.1999969482422,235.0,239.85000610351562,238.9636688232422,754383
2023-07-11,241.10000610351562,245.0,238.5,243.5500030517578,242.64999389648438,914170
2023-07-12,245.9499969482422,254.8000030517578,244.3000030517578,252.3000030517578,251.36766052246094,1328980
2023-07-13,254.64999389648438,255.8000030517578,247.39999389648438,249.3000030517578,248.37875366210938,767977
2023-07-14,251.0,251.5,247.39999389648438,249.0500030517578,248.12966918945312,427547
2023-07-17,249.10000610351562,249.89999389648438,235.89999389648438,244.6999969482422,243.79574584960938,1616048
2023-07-18,245.0,249.89999389648438,238.1999969482422,245.25,244.34371948242188,834303
2023-07-19,246.5,253.1999969482422,244.3000030517578,249.1999969482422,248.2791290283203,424064
2023-07-20,250.4499969482422,252.39999389648438,247.0,248.35000610351562,247.43226623535156,310814
2023-07-21,248.0,262.0,247.9499969482422,253.6999969482422,252.76248168945312,936145
2023-07-24,254.85000610351562,260.3500061035156,249.89999389648438,253.10000610351562,252.1647186279297,782945
2023-07-25,255.8000030517578,268.20001220703125,253.25,255.39999389648438,254.45620727539062,1538155
2023-07-26,257.0,262.8999938964844,257.0,259.79998779296875,258.8399353027344,549507
2023-07-27,262.3999938964844,263.75,257.04998779296875,259.04998779296875,258.09271240234375,360702
2023-07-28,259.8999938964844,261.45001220703125,254.9499969482422,259.3999938964844,258.44140625,442732
2023-07-31,260.6499938964844,265.0,259.0,260.70001220703125,259.73663330078125,582694
2023-08-01,262.70001220703125,266.5,261.20001220703125,262.54998779296875,261.57977294921875,414496
2023-08-02,263.3500061035156,269.75,257.3999938964844,261.6000061035156,261.130615234375,954242
2023-08-03,262.75,268.95001220703125,260.6000061035156,262.3999938964844,261.9291687011719,508439
2023-08-04,262.54998779296875,265.75,260.8999938964844,261.70001220703125,261.2304382324219,278511
2023-08-07,260.5,261.95001220703125,230.89999389648438,255.6999969482422,255.24118041992188,1898011
2023-08-08,252.60000610351562,261.0,250.0,254.6999969482422,254.24298095703125,775219
2023-08-09,255.8000030517578,257.0,250.0,254.9499969482422,254.49252319335938,758543
2023-08-10,254.9499969482422,256.6000061035156,250.0,251.0500030517578,250.5995330810547,440542
2023-08-11,251.5,256.5,245.64999389648438,249.10000610351562,248.6530303955078,1066045
2023-08-14,250.14999389648438,256.3500061035156,239.1999969482422,244.85000610351562,244.41065979003906,676728
2023-08-16,243.0,246.9499969482422,240.3000030517578,243.5,243.06307983398438,556137
2023-08-17,245.0,250.35000610351562,238.1999969482422,246.6999969482422,246.25733947753906,572942
2023-08-18,248.25,256.75,247.5,254.35000610351562,253.89361572265625,1992431
2023-08-21,257.25,264.79998779296875,253.60000610351562,260.29998779296875,259.8329162597656,1049791
2023-08-22,261.3999938964844,261.3999938964844,255.10000610351562,257.29998779296875,256.83831787109375,277891
2023-08-23,255.0500030517578,258.6000061035156,253.14999389648438,254.3000030517578,253.8437042236328,380984
2023-08-24,249.75,256.20001220703125,248.0,253.60000610351562,253.14495849609375,515377
2023-08-25,254.89999389648438,268.29998779296875,254.25,261.3999938964844,260.9309387207031,1083663
2023-08-28,263.5,272.1499938964844,257.0,260.6000061035156,260.1324157714844,825334
2023-08-29,262.3500061035156,263.95001220703125,256.6499938964844,261.79998779296875,261.3302307128906,330028
2023-08-30,262.25,263.8999938964844,258.54998779296875,259.75,259.283935546875,216160
2023-08-31,261.8500061035156,274.29998779296875,260.25,265.0,264.5245056152344,2200447
2023-09-01,267.0,267.95001220703125,261.8500061035156,264.25,263.7758483886719,400105
2023-09-04,267.5,271.75,265.20001220703125,267.95001220703125,267.4692077636719,456578
2023-09-05,270.3500061035156,287.0,269.0,283.75,283.2408447265625,2591939
2023-09-06,286.29998779296875,287.79998779296875,276.3999938964844,277.79998779296875,277.301513671875,1113019
2023-09-07,278.0,279.8999938964844,275.04998779296875,276.45001220703125,275.9539794921875,253900
2023-09-08,278.8999938964844,280.0,274.3999938964844,275.6499938964844,275.1553955078125,318970
2023-09-11,276.6000061035156,282.0,272.0,273.6000061035156,273.10906982421875,424655
2023-09-12,273.6000061035156,277.25,235.0,263.5,263.0271911621094,936199
2023-09-13,262.95001220703125,265.6000061035156,247.4499969482422,257.29998779296875,256.83831787109375,337812
2023-09-14,261.1000061035156,262.3500061035156,250.10000610351562,252.64999389648438,252.1966552734375,541098
2023-09-15,254.64999389648438,257.5,250.35000610351562,253.0500030517578,252.595947265625,318973
2023-09-18,254.89999389648438,257.0,239.0,245.14999389648438,244.71011352539062,361556
2023-09-20,247.9499969482422,247.9499969482422,240.9499969482422,243.3000030517578,242.86343383789062,384135
2023-09-21,243.25,248.9499969482422,240.0,243.85000610351562,243.41246032714844,118876
2023-09-22,243.0,252.6999969482422,240.25,247.64999389648438,247.20562744140625,208553
2023-09-25,247.64999389648438,247.9499969482422,243.0,245.60000610351562,245.15931701660156,135321
2023-09-26,243.0,253.5500030517578,243.0,250.5,250.05052185058594,225480
2023-09-27,252.10000610351562,254.1999969482422,250.0,252.35000610351562,251.89720153808594,101386
2023-09-28,252.39999389648438,258.0,251.60000610351562,255.39999389648438,254.9417266845703,312258
2023-09-29,256.04998779296875,260.0,253.9499969482422,257.8999938964844,257.4372253417969,212650
2023-10-03,259.79998779296875,265.75,257.8999938964844,264.54998779296875,264.0752868652344,185428
2023-10-04,262.95001220703125,266.95001220703125,253.60000610351562,260.04998779296875,259.5833740234375,179075
2023-10-05,261.8500061035156,262.0,250.35000610351562,252.1999969482422,251.74746704101562,211893
2023-10-06,252.5,256.70001220703125,251.1999969482422,254.89999389648438,254.44261169433594,129240
2023-10-09,250.0,256.5,246.0500030517578,254.85000610351562,254.39271545410156,170614
2023-10-10,255.9499969482422,261.8999938964844,252.5500030517578,258.75,258.28570556640625,334456
2023-10-11,262.3999938964844,272.95001220703125,260.04998779296875,264.8999938964844,264.4246826171875,552872
2023-10-12,266.20001220703125,267.29998779296875,253.6999969482422,254.5500030517578,254.09326171875,405597
2023-10-13,255.25,258.75,249.0,249.85000610351562,249.4016876220703,225840
2023-10-16,251.0,252.10000610351562,245.5,250.85000610351562,250.39990234375,250473
2023-10-17,252.0,258.5,251.1999969482422,253.6999969482422,253.24476623535156,823910
2023-10-18,256.0,256.0,245.10000610351562,252.10000610351562,251.6476593017578,421571
2023-10-19,250.1999969482422,254.0,247.0500030517578,252.60000610351562,252.14675903320312,182716
2023-10-20,252.0,256.75,248.85000610351562,253.8000030517578,253.3446044921875,310349
2023-10-23,255.0,257.8500061035156,236.25,242.4499969482422,242.01495361328125,238094
2023-10-25,247.5,251.14999389648438,226.0500030517578,230.9499969482422,230.5355987548828,720996
2023-10-26,230.0,243.89999389648438,226.14999389648438,236.0,235.5765380859375,440402
2023-10-27,237.8000030517578,249.4499969482422,237.75,244.3000030517578,243.8616485595703,195884
2023-10-30,244.3000030517578,249.0,240.5,243.25,242.8135223388672,145830
2023-10-31,243.0,244.85000610351562,239.89999389648438,242.1999969482422,241.76541137695312,124109
2023-11-01,242.0,245.3000030517578,239.3000030517578,242.75,242.31442260742188,69358
2023-11-02,244.0,246.4499969482422,240.75,242.1999969482422,241.76541137695312,73313
2023-11-03,244.0,247.0,238.75,243.64999389648438,243.21279907226562,124614
2023-11-06,247.0,251.39999389648438,243.85000610351562,249.39999389648438,248.95248413085938,148137
2023-11-07,251.35000610351562,259.8999938964844,250.25,257.95001220703125,257.4871520996094,308367
2023-11-08,259.8999938964844,273.5,251.35000610351562,259.79998779296875,259.3338317871094,1080605
2023-11-09,262.0,280.0,261.95001220703125,272.25,271.7615051269531,1021463
2023-11-10,271.0,271.8500061035156,262.29998779296875,263.3500061035156,262.8774719238281,362597
2023-11-13,271.54998779296875,273.0,262.6499938964844,271.54998779296875,271.062744140625,258286
2023-11-15,275.0,279.8999938964844,268.6000061035156,279.29998779296875,278.798828125,376625
2023-11-16,280.8500061035156,283.79998779296875,273.0,275.6000061035156,275.1054992675781,370172
2023-11-17,277.0,278.8500061035156,265.25,267.6000061035156,267.1198425292969,256990
2023-11-20,270.6499938964844,278.0,269.0,276.70001220703125,276.2035217285156,327203
2023-11-21,279.0,291.0,277.1000061035156,278.6499938964844,278.1499938964844,442225
2023-11-22,281.3500061035156,284.95001220703125,273.3500061035156,280.8999938964844,280.8999938964844,234361
2023-11-23,282.0,284.6000061035156,280.95001220703125,283.04998779296875,283.04998779296875,144367
2023-11-24,286.8999938964844,286.8999938964844,276.20001220703125,278.1499938964844,278.1499938964844,257341
2023-11-28,281.04998779296875,282.5,277.5,281.04998779296875,281.04998779296875,390475
2023-11-29,281.04998779296875,285.0,278.0,283.04998779296875,283.04998779296875,349259
2023-11-30,285.0,287.75,271.95001220703125,277.04998779296875,277.04998779296875,660066
2023-12-01,279.0,282.95001220703125,275.25,276.5,276.5,149589
2023-12-04,280.6000061035156,282.6000061035156,273.75,277.5,277.5,183133
2023-12-05,279.79998779296875,280.5,266.8999938964844,271.70001220703125,271.70001220703125,351235
2023-12-06,273.79998779296875,273.95001220703125,261.8999938964844,268.5,268.5,233301
2023-12-07,265.0,268.5,261.54998779296875,265.3500061035156,265.3500061035156,231673
2023-12-08,265.5,270.3999938964844,263.0,269.5,269.5,182691
2023-12-11,270.0,273.70001220703125,265.20001220703125,267.79998779296875,267.79998779296875,257432
2023-12-12,269.8500061035156,271.0,265.0,268.79998779296875,268.79998779296875,226110
2023-12-13,269.8999938964844,280.0,264.29998779296875,278.1499938964844,278.1499938964844,496701
2023-12-14,281.0,307.8500061035156,281.0,295.1000061035156,295.1000061035156,4426361
2023-12-15,297.04998779296875,300.0,289.0,290.70001220703125,290.70001220703125,678025
2023-12-18,291.45001220703125,299.20001220703125,284.1000061035156,287.70001220703125,287.70001220703125,410753
2023-12-19,290.8999938964844,295.0,286.20001220703125,288.8999938964844,288.8999938964844,549521
2023-12-20,289.25,291.95001220703125,266.0,271.5,271.5,621026
2023-12-21,266.5,272.8999938964844,263.3500061035156,267.8500061035156,267.8500061035156,511120
2023-12-22,269.29998779296875,276.3500061035156,265.5,267.54998779296875,267.54998779296875,338964
2023-12-26,268.0,270.5,265.29998779296875,266.0,266.0,264458
2023-12-27,267.6000061035156,274.0,258.1000061035156,262.20001220703125,262.20001220703125,574575
2023-12-28,262.20001220703125,266.6499938964844,257.95001220703125,261.6499938964844,261.6499938964844,455468
2023-12-29,262.1000061035156,264.5,258.1499938964844,260.04998779296875,260.04998779296875,288411
2024-01-01,262.5,268.5,262.04998779296875,266.6000061035156,266.6000061035156,427118
2024-01-02,267.95001220703125,270.54998779296875,263.0,266.8999938964844,266.8999938964844,220952
2024-01-03,267.6000061035156,273.0,261.29998779296875,267.6499938964844,267.6499938964844,1090784
2024-01-04,270.0,277.6000061035156,268.8999938964844,275.95001220703125,275.95001220703125,478254
2024-01-05,280.0,288.8999938964844,277.5,283.3500061035156,283.3500061035156,1013838
2024-01-08,289.0,289.0,277.04998779296875,278.75,278.75,366771
2024-01-09,280.79998779296875,287.70001220703125,278.1000061035156,282.54998779296875,282.54998779296875,431860
2024-01-10,286.5,292.8999938964844,283.0,284.3999938964844,284.3999938964844,912091
2024-01-11,290.79998779296875,290.79998779296875,284.1000061035156,286.3999938964844,286.3999938964844,374938
2024-01-12,287.0,288.5,282.25,283.45001220703125,283.45001220703125,216451
2024-01-15,285.04998779296875,287.70001220703125,278.6000061035156,279.6000061035156,279.6000061035156,350154
2024-01-16,281.6000061035156,285.70001220703125,274.0,274.8999938964844,274.8999938964844,346917
2024-01-17,274.0,275.95001220703125,264.8500061035156,266.70001220703125,266.70001220703125,303025
2024-01-18,268.0,272.20001220703125,259.6000061035156,270.04998779296875,270.04998779296875,344530
2024-01-19,271.8500061035156,279.5,271.0,277.8999938964844,277.8999938964844,330804
2024-01-23,274.45001220703125,280.95001220703125,268.25,272.45001220703125,272.45001220703125,330184
2024-01-24,272.0,277.70001220703125,266.3999938964844,275.70001220703125,275.70001220703125,270018
2024-01-25,274.0,277.6000061035156,268.54998779296875,271.3999938964844,271.3999938964844,195967
2024-01-29,275.3500061035156,280.20001220703125,272.6499938964844,278.29998779296875,278.29998779296875,316542
2024-01-30,280.0,305.8500061035156,278.6000061035156,291.8500061035156,291.8500061035156,1962913
2024-01-31,294.54998779296875,304.8999938964844,294.3999938964844,302.3999938964844,302.3999938964844,835058
2024-02-01,302.6000061035156,314.0,286.1000061035156,299.8999938964844,299.8999938964844,2397273
2024-02-02,301.25,305.3500061035156,287.04998779296875,288.6499938964844,288.6499938964844,652251
2024-02-05,288.6499938964844,298.95001220703125,283.0,284.45001220703125,284.45001220703125,919769
2024-02-06,287.8500061035156,295.29998779296875,287.1499938964844,291.70001220703125,291.70001220703125,325352
2024-02-07,291.5,294.8999938964844,289.5,291.1000061035156,291.1000061035156,237320
2024-02-08,292.0,298.70001220703125,290.1000061035156,290.8500061035156,290.8500061035156,304550
2024-02-09,291.3500061035156,293.75,275.1000061035156,283.1499938964844,283.1499938964844,300204
2024-02-12,283.1499938964844,285.1499938964844,266.04998779296875,268.04998779296875,268.04998779296875,366106
2024-02-13,269.8999938964844,287.75,259.79998779296875,284.95001220703125,284.95001220703125,379867
2024-02-14,282.8999938964844,284.29998779296875,277.54998779296875,279.20001220703125,279.20001220703125,155661
2024-02-15,281.5,283.6000061035156,276.1499938964844,277.3500061035156,277.3500061035156,94783
2024-02-16,279.54998779296875,282.0,272.04998779296875,274.45001220703125,274.45001220703125,129818
2024-02-19,273.20001220703125,277.8999938964844,271.70001220703125,273.79998779296875,273.79998779296875,200400
2024-02-20,273.1000061035156,276.70001220703125,270.25,273.3999938964844,273.3999938964844,230340
2024-02-21,275.0,277.1499938964844,269.75,272.04998779296875,272.04998779296875,300989
2024-02-22,272.0,274.6000061035156,265.29998779296875,268.0,268.0,209673
2024-02-23,269.6000061035156,287.8999938964844,269.6000061035156,285.1000061035156,285.1000061035156,897291
2024-02-26,287.29998779296875,303.6000061035156,284.54998779296875,301.25,301.25,1424600
2024-02-27,302.5,303.75,288.6499938964844,293.3500061035156,293.3500061035156,594991
2024-02-28,294.95001220703125,304.8999938964844,289.95001220703125,293.70001220703125,293.70001220703125,591349
2024-02-29,292.5,300.6000061035156,288.0,298.29998779296875,298.29998779296875,452445
2024-03-01,299.8500061035156,300.6499938964844,291.6000061035156,293.3500061035156,293.3500061035156,286410
2024-03-04,301.0,334.6000061035156,296.1499938964844,329.0,329.0,5470265
2024-03-05,326.04998779296875,327.79998779296875,314.04998779296875,317.8500061035156,317.8500061035156,1426743
2024-03-06,316.70001220703125,316.70001220703125,300.54998779296875,303.8500061035156,303.8500061035156,560363
2024-03-07,306.6000061035156,314.95001220703125,303.3500061035156,304.95001220703125,304.95001220703125,386436
2024-03-11,306.45001220703125,307.75,289.1000061035156,290.8500061035156,290.8500061035156,460732
2024-03-12,290.8500061035156,290.8500061035156,277.8500061035156,282.0,282.0,687714
2024-03-13,281.8500061035156,286.95001220703125,256.95001220703125,264.75,264.75,610405
2024-03-14,262.04998779296875,278.1499938964844,261.0,270.6000061035156,270.6000061035156,271959
2024-03-15,270.1000061035156,277.6000061035156,261.1499938964844,266.1000061035156,266.1000061035156,316598
2024-03-18,262.0,271.20001220703125,262.0,268.0,268.0,214377
2024-03-19,270.0,272.0,264.5,267.1499938964844,267.1499938964844,360286
2024-03-20,266.8999938964844,269.8500061035156,261.29998779296875,267.6000061035156,267.6000061035156,180050
2024-03-21,270.0,276.20001220703125,269.54998779296875,272.3500061035156,272.3500061035156,207006
2024-03-22,274.0,277.04998779296875,271.29998779296875,272.29998779296875,272.29998779296875,182648
2024-03-26,274.6000061035156,285.29998779296875,273.20001220703125,281.20001220703125,281.20001220703125,314383
2024-03-27,284.8999938964844,315.0,281.25,304.75,304.75,3410998
2024-03-28,307.5,307.79998779296875,294.04998779296875,296.70001220703125,296.70001220703125,499928
2024-04-01,296.70001220703125,312.79998779296875,295.6000061035156,306.8999938964844,306.8999938964844,602457
2024-04-02,307.1499938964844,311.0,303.0,306.45001220703125,306.45001220703125,264863
2024-04-03,304.29998779296875,313.45001220703125,303.5,306.0,306.0,347161
2024-04-04,305.0,322.0,303.0,305.0,305.0,1164858
2024-04-05,305.29998779296875,309.3999938964844,297.95001220703125,302.75,302.75,281036
2024-04-08,305.95001220703125,308.8500061035156,293.1499938964844,295.70001220703125,295.70001220703125,281289
2024-04-09,295.70001220703125,303.79998779296875,288.8500061035156,291.5,291.5,352225
2024-04-10,293.6000061035156,294.95001220703125,290.04998779296875,293.45001220703125,293.45001220703125,212279
2024-04-12,293.45001220703125,299.8999938964844,287.0,289.6000061035156,289.6000061035156,273254
2024-04-15,286.8999938964844,299.95001220703125,276.75,289.95001220703125,289.95001220703125,690306
2024-04-16,287.8500061035156,293.20001220703125,286.5,290.25,290.25,189020
2024-04-18,293.45001220703125,301.5,291.0,292.04998779296875,292.04998779296875,302769
2024-04-19,288.0,296.70001220703125,285.0,290.95001220703125,290.95001220703125,219038
2024-04-22,300.8999938964844,332.5,296.25,326.79998779296875,326.79998779296875,4090014
2024-04-23,331.3999938964844,342.6000061035156,328.1000061035156,340.1499938964844,340.1499938964844,3403760
2024-04-24,342.79998779296875,354.70001220703125,336.25,342.8500061035156,342.8500061035156,2057157
2024-04-25,346.79998779296875,354.0,342.6499938964844,345.1000061035156,345.1000061035156,684216
2024-04-26,346.79998779296875,361.0,346.1000061035156,350.04998779296875,350.04998779296875,1186543
2024-04-29,351.79998779296875,352.8999938964844,346.20001220703125,348.20001220703125,348.20001220703125,436408
2024-04-30,348.1000061035156,357.54998779296875,326.1499938964844,335.45001220703125,335.45001220703125,702831
2024-05-02,336.8999938964844,340.6499938964844,329.95001220703125,331.6000061035156,331.6000061035156,1059045
2024-05-03,332.0,335.3500061035156,321.1000061035156,325.95001220703125,325.95001220703125,377990
2024-05-06,327.3500061035156,328.8999938964844,306.1000061035156,307.25,307.25,637646
2024-05-07,308.5,309.1000061035156,292.1000061035156,294.75,294.75,638316
2024-05-08,296.20001220703125,307.1000061035156,295.8500061035156,302.6499938964844,302.6499938964844,704865
2024-05-09,303.0,310.6000061035156,287.04998779296875,290.0,290.0,1003779
2024-05-10,291.95001220703125,297.3999938964844,285.0,291.25,291.25,543830
2024-05-13,291.45001220703125,309.0,283.1499938964844,301.79998779296875,301.79998779296875,1497439
2024-05-14,301.79998779296875,313.95001220703125,301.04998779296875,310.1499938964844,310.1499938964844,496895
2024-05-15,312.6000061035156,334.45001220703125,310.5,329.3999938964844,329.3999938964844,953323
2024-05-16,331.70001220703125,339.45001220703125,325.0,326.6000061035156,326.6000061035156,587716
2024-05-17,327.45001220703125,332.45001220703125,321.29998779296875,329.8999938964844,329.8999938964844,387651
2024-05-21,328.0,345.45001220703125,327.95001220703125,339.3999938964844,339.3999938964844,798664
2024-05-22,339.45001220703125,355.5,330.5,352.1000061035156,352.1000061035156,1341483
2024-05-23,355.0,357.95001220703125,344.1499938964844,347.20001220703125,347.20001220703125,658733
2024-05-24,331.0,345.0,316.29998779296875,340.5,340.5,2717179
2024-05-27,337.75,339.79998779296875,325.25,334.45001220703125,334.45001220703125,803867
2024-05-28,335.54998779296875,336.1000061035156,325.0,327.95001220703125,327.95001220703125,836641
2024-05-29,327.95001220703125,341.95001220703125,324.3500061035156,333.04998779296875,333.04998779296875,1016818
2024-05-30,333.04998779296875,339.0,324.8500061035156,327.8500061035156,327.8500061035156,503801
2024-05-31,330.0,335.0,323.0,334.79998779296875,334.79998779296875,413485
2024-06-03,345.0,346.70001220703125,336.25,341.54998779296875,341.54998779296875,555484
2024-06-04,341.54998779296875,346.0,281.0,293.25,293.25,1057755
2024-06-05,295.25,314.8999938964844,295.25,298.29998779296875,298.29998779296875,1692878
2024-06-06,305.0,324.8999938964844,305.0,320.5,320.5,731993
2024-06-07,321.79998779296875,337.0,319.75,334.1499938964844,334.1499938964844,461685
2024-06-10,336.95001220703125,341.8999938964844,331.6499938964844,335.8500061035156,335.8500061035156,564920
2024-06-11,338.95001220703125,343.8999938964844,336.3999938964844,342.54998779296875,342.54998779296875,211360
